ms1,b1,e1,id2,ms2,b2,e2,ch_match,matches_percent
16,1315,1543,Shamela0006944,195,1167,1343,134,72
16,1311,1543,JK001189,3,706,885,140,74
16,1311,1543,Shia001349Vols,225,1074,1255,128,67
29,975,1288,Shia002944,117,1184,1506,251,96
29,1288,1533,Shia002944,118,0,244,194,99
29,0,510,Shia003636Vols,4407,1314,1587,217,52
29,1060,1533,Shia002962,463,0,458,363,96
29,975,1162,Shia000317Vols,1771,1417,1603,143,95
29,1162,1324,Shia000317Vols,1772,0,167,133,97
29,948,1533,Shia002932VolsBK2,244,412,1007,449,94
29,975,1324,Shia000263Vols,260,824,1171,264,91
29,948,1533,Masaha005108Vols,433,622,1451,449,67
30,792,1008,Shia002938,44,810,1019,151,84
30,823,1025,Rafed0000685Vols,293,47,283,139,71
30,792,1008,Shia002992Vols,6429,305,514,153,85
31,603,899,Shia002938,50,244,435,114,42
31,259,401,Shia002944,118,310,452,115,100
31,598,1591,Shia003636Vols,4408,133,1403,793,75
31,603,899,Shia003636Vols,4410,18,219,114,41
31,259,401,Shia002962,463,524,665,110,96
31,259,401,Shia002932VolsBK2,244,1110,1249,107,92
31,259,401,Masaha005108Vols,434,92,231,107,92
32,0,209,Shia003636Vols,4408,1403,1610,172,98
32,212,577,Shia003636Vols,4409,0,370,289,98
32,1411,1557,Shia003636Vols,4409,370,517,110,94
32,732,1426,Shia003636Vols,14345,533,1215,547,96
55,1292,1472,Shia001392Vols,55,223,408,130,88
55,1318,1450,Shia003754Vols,335,16,157,88,80
55,1312,1450,JK011658,106,17,166,103,85
55,1285,1461,Zaydiyya0000288,806,71,262,132,87
63,1112,1396,Shia004015,126,1367,1610,192,80
66,671,1363,Shia004015,127,59,810,389,59
66,710,1276,Shia004015,281,891,1447,346,68
67,69,817,Shia001392Vols,95,725,1117,164,26
67,991,1529,Shia004015,128,58,587,332,71
68,0,297,Shia004015,128,587,873,225,94
90,662,1061,Masaha004743,138,1010,1445,265,73
90,658,877,Shia001432Vols,13470,201,421,159,87
90,658,970,Shia001303,48,436,869,225,64
90,677,859,Shia001303,162,0,179,145,97
90,658,859,Shia001349Vols,334,695,1005,156,61
105,1121,1473,Shia003710,30,444,759,211,73
107,1321,1466,Shia003710,30,844,993,108,91
110,74,385,Shia001303,95,233,396,126,50
110,162,385,Shia001303,152,1255,1550,173,73
110,221,385,Masaha004768Vols,1532,8,206,107,67
112,0,174,Rafed0002654Vols,10267,415,585,129,88
112,0,174,Shia004092Vols,10446,141,311,129,88
119,1030,1403,Rafed0003793Vols,449,1519,1703,131,43
119,1403,1542,Rafed0003793Vols,450,0,140,112,99
120,670,1271,Shia002748Vols,329,28,432,207,41
120,1170,1538,Shia002748Vols,332,1200,1487,208,68
120,0,1398,Rafed0003793Vols,450,140,1537,1124,99
120,1398,1538,Rafed0003793Vols,451,0,141,113,99
121,304,515,Shia002748Vols,331,920,1150,158,83
121,71,1408,Shia002748Vols,333,0,1308,814,66
121,0,1384,Rafed0003793Vols,451,141,1528,1112,99
121,1384,1527,Rafed0003793Vols,452,0,144,116,99
122,791,1557,Shia002748Vols,329,334,1130,532,78
122,58,501,Shia002748Vols,333,603,1513,236,31
122,501,823,Shia002748Vols,334,0,316,194,65
122,0,1404,Rafed0003793Vols,452,144,1551,1133,99
122,1404,1557,Rafed0003793Vols,453,0,154,125,99
123,0,583,Shia002748Vols,329,1133,1553,303,64
123,1281,1500,Shia002748Vols,330,178,390,166,93
123,597,770,Shia002748Vols,330,0,166,132,95
123,0,1360,Rafed0003793Vols,453,154,1513,1089,99
123,1360,1500,Rafed0003793Vols,454,0,144,112,97
124,0,1064,Shia002748Vols,330,390,1490,778,83
124,1064,1305,Shia002748Vols,331,0,218,172,88
124,0,1348,Rafed0003793Vols,454,144,1502,1080,99
124,1348,1515,Rafed0003793Vols,455,0,169,135,98
125,1276,1405,Shia002748Vols,331,243,435,88,55
125,0,1338,Rafed0003793Vols,455,169,1499,1058,98
125,1338,1513,Rafed0003793Vols,456,0,176,143,99
126,5,990,Shia002748Vols,331,441,1470,630,67
126,990,1478,Shia002748Vols,332,0,507,359,82
126,0,1274,Rafed0003793Vols,456,176,1476,1011,97
126,1274,1478,Rafed0003793Vols,457,0,209,165,96
127,0,795,Shia002748Vols,332,507,1185,514,78
127,0,1297,Rafed0003793Vols,457,209,1506,1037,99
128,0,971,Rafed0003793Vols,458,141,1111,769,99
128,971,1553,Rafed0003793Vols,980,764,1278,406,84
129,804,1640,Shia002748Vols,335,239,976,552,81
129,78,717,Shia002748Vols,341,0,635,500,96
129,822,1624,Rafed0003793Vols,283,823,1548,572,88
129,0,326,Rafed0003793Vols,980,1278,1603,265,99
129,326,688,Rafed0003793Vols,981,0,362,294,100
130,8,521,Shia002748Vols,335,982,1490,393,93
130,521,1482,Shia002748Vols,336,0,837,613,79
130,0,1471,Rafed0003793Vols,284,17,1487,1171,99
131,0,678,Shia002748Vols,336,837,1487,500,89
131,678,1486,Shia002748Vols,337,0,829,622,92
131,0,1479,Rafed0003793Vols,285,12,1498,1180,99
132,0,677,Shia002748Vols,337,829,1490,502,92
132,677,1502,Shia002748Vols,338,0,822,583,84
132,0,1492,Rafed0003793Vols,286,8,1500,1192,99
133,0,540,Shia002748Vols,338,925,1465,419,96
133,540,1562,Shia002748Vols,339,0,897,699,85
133,0,1562,Rafed0003793Vols,287,11,1493,1185,94
134,0,641,Shia002748Vols,339,897,1530,482,90
134,22,711,Rafed0003793Vols,288,0,690,555,99
157,845,1393,Rafed0003793Vols,398,1090,1528,305,70
157,1393,1549,Rafed0003793Vols,399,0,157,127,99
158,0,1536,Rafed0003793Vols,399,157,1554,1124,90
159,0,1519,Rafed0003793Vols,400,66,1578,1215,98
160,0,1573,Rafed0003793Vols,401,48,1538,1193,94
161,0,287,Rafed0003793Vols,402,22,309,233,100
164,798,1524,Shia004015,283,476,1318,493,69
165,0,259,Shia004015,283,1318,1601,199,85
165,259,590,Shia004015,284,0,303,243,89
172,489,1121,Shia004015,139,1137,1495,220,43
172,1336,1501,Shia004015,140,50,202,108,84
172,171,529,Shia004015,285,957,1405,241,67
173,0,1234,Shia004015,140,205,1316,673,58
175,1244,1548,Shia004015,144,63,361,240,95
175,1260,1548,Shia004015,286,1240,1526,179,73
176,0,1569,Shia004015,144,361,1484,671,46
181,1261,1460,Shia004015,145,277,468,145,87
182,0,1013,Shia004015,145,468,1545,777,88
182,1013,1591,Shia004015,146,0,399,291,61
183,0,540,Shia004015,146,399,904,386,88
186,458,787,Shia004015,146,1188,1494,199,70
186,814,1128,Shia004015,147,68,300,166,66
189,749,1393,Shia004015,147,248,670,190,33
189,539,999,Shia004015,148,533,1128,202,36
190,0,288,Shia004015,148,1221,1509,196,76
190,288,1415,Shia004015,149,0,1013,758,83
191,0,240,Shia004015,147,749,994,191,97
192,173,440,Shia004015,150,0,267,208,97
225,1050,1198,JK001304,286,823,985,104,81
225,1013,1208,Shamela0021512,442,1144,1319,113,67
225,1059,1208,JK000485,1,468,626,96,72
225,1059,1208,JK000276,183,408,552,102,82
225,1059,1198,JK000771,150,814,947,91,81
225,1059,1208,Shamela0030769,1,294,456,106,80
225,1013,1194,Zaydiyya0000142,2153,1295,1465,110,69
225,1013,1208,JK000365,1322,292,471,117,69
225,924,1198,JK000156,55,688,972,136,49
225,1054,1198,Shia002185Vols,2460,473,628,100,79
225,1059,1208,JK000532,7,303,467,105,77
225,1041,1198,JK000135,25,557,772,90,52
225,1059,1326,JK000231,506,544,818,120,47
236,819,1031,Masaha002027,27,12,235,165,92
248,0,275,Shia003695Vols,159,1129,1489,142,42
248,383,705,Shia003695Vols,162,484,970,221,55
248,869,1367,Shia003695Vols,163,0,594,279,51
248,0,283,Shia001432Vols,12897,256,624,147,43
249,183,287,Shia003695Vols,164,342,453,80,91
249,1050,1374,Shia002748Vols,47,303,619,182,62
250,142,1490,Shia002748Vols,47,658,1322,325,27
252,43,604,Shia002748Vols,48,446,1079,278,48
252,1285,1556,Masaha003448Vols,211,1257,1469,104,42
252,37,535,Masaha003448Vols,211,706,1172,232,50
256,671,1051,Shia004456Vols,607,169,467,100,29
256,645,908,Shia003695Vols,163,287,594,149,54
256,747,1064,JK001157,944,708,1008,189,65
256,752,1076,Shia004009,22,1200,1461,169,62
284,590,1119,Masaha001023,34,297,504,159,37
284,314,872,Kraken22021802055100,469,393,1034,154,21
288,901,1348,Shia004456Vols,1363,1151,1613,343,89
288,1348,1539,Shia004456Vols,1364,0,192,154,99
289,0,1384,Shia004456Vols,1364,192,1534,1066,95
289,1384,1529,Shia004456Vols,1365,0,153,108,85
290,0,962,Shia004456Vols,1365,153,1066,687,86
291,1091,1387,Rafed0003793Vols,890,4,224,140,56
292,927,1630,Shia001322Vols,4,745,1427,522,87
292,1021,1630,Masaha001023,37,0,589,454,88
292,826,1630,Shia001416,173,730,1492,514,74
292,87,621,Rafed0003793Vols,742,0,519,346,68
293,0,195,Shia001322Vols,4,1427,1613,147,93
293,199,606,Shia001322Vols,5,0,408,327,97
293,0,606,Masaha001023,37,589,1183,476,95
293,158,606,Shia001416,174,0,447,339,89
293,633,846,Shia001416,174,924,1134,161,91
293,953,1285,Rafed0003793Vols,587,129,396,212,75
294,71,454,Shia001416,174,1201,1590,291,88
297,538,637,Rafed0003793Vols,890,102,224,71,73
298,0,1015,Rafed0003793Vols,890,684,1540,689,83
298,1015,1723,Rafed0003793Vols,891,0,632,509,88
302,1487,1615,Rafed0003793Vols,742,480,613,104,96
303,0,935,Rafed0003793Vols,742,613,1559,746,98
303,935,1479,Rafed0003793Vols,743,0,557,434,97
304,0,630,Rafed0003793Vols,743,557,1039,369,71
314,1011,1552,Shia001322Vols,4,0,311,242,54
314,845,1552,Masaha001023,36,594,1020,325,56
315,0,260,Shia001322Vols,4,311,559,197,91
315,0,260,Masaha001023,36,1020,1270,201,94
317,521,874,Shia001432Vols,9170,1221,1548,255,87
317,874,1536,Shia001432Vols,9171,0,569,431,80
317,524,643,Shia001416,198,1435,1553,93,99
317,643,1536,Shia001416,199,0,802,596,82
318,0,634,Shia001432Vols,9171,569,1208,489,93
318,712,1482,Shia001432Vols,9175,0,753,575,92
318,0,434,Shia001416,199,802,1199,191,42
318,152,452,Shia001416,200,1204,1462,200,84
318,452,1482,Shia001416,201,0,1495,626,47
319,0,700,Shia001432Vols,9175,753,1448,544,97
319,700,956,Shia001432Vols,9176,0,255,190,90
319,0,864,Shia001416,202,0,841,638,91
349,48,486,Shia004456Vols,607,255,467,76,17
362,828,1620,Shia000025,154,1011,1531,232,35
362,843,1090,Shia004456Vols,4413,1198,1430,188,93
362,90,1538,Rafed0003793Vols,508,266,1545,1014,87
362,1330,1591,Masaha004568Vols,204,342,645,145,56
363,8,296,Tafsir04003,1236,1046,1317,195,75
363,513,636,Shia003695Vols,165,0,112,89,91
363,8,314,Shia001432Vols,11858,258,472,139,55
363,83,477,Masaha001023,40,824,1368,156,32
363,79,477,Tafsir04039,1195,420,887,142,29
363,8,562,Rafed0001713Vols,669,789,1225,182,36
363,0,1432,Rafed0003793Vols,509,85,1577,1158,95
363,1432,1586,Rafed0003793Vols,510,0,155,129,99
364,28,524,Shia003695Vols,165,439,729,205,50
364,1354,1593,Shia001432Vols,11858,943,1160,167,85
364,0,1406,Rafed0003793Vols,510,155,1598,998,76
364,1406,1692,Rafed0003793Vols,511,0,287,232,99
365,1015,1491,Shia004456Vols,4415,1375,1641,207,55
365,95,993,Shia003695Vols,165,743,1481,355,40
365,0,1267,Rafed0003793Vols,511,287,1555,1021,99
365,1267,1529,Rafed0003793Vols,512,0,263,208,99
366,518,920,Shia001432Vols,11859,112,439,137,35
366,0,1520,Rafed0003793Vols,512,263,1536,1029,83
366,1520,1700,Rafed0003793Vols,513,0,181,142,99
367,0,1393,Rafed0003793Vols,513,181,1573,1132,99
367,1393,1586,Rafed0003793Vols,514,0,194,155,99
368,623,924,Shia001551,102,1227,1620,236,75
368,0,1348,Rafed0003793Vols,514,194,1545,1086,99
368,1348,1552,Rafed0003793Vols,515,0,205,166,99
369,0,1331,Rafed0003793Vols,515,205,1540,1069,99
369,1331,1555,Rafed0003793Vols,516,0,225,186,99
370,339,813,Shia004456Vols,4416,161,400,193,50
370,0,1367,Rafed0003793Vols,516,225,1591,1106,99
370,1367,1586,Rafed0003793Vols,517,0,220,181,99
371,11,245,Tafsir04003,1236,1328,1538,144,78
371,139,313,Shamela0023358,841,955,1365,101,31
371,36,422,Masaha001023,42,744,1063,231,74
371,139,313,JK007140,6902,167,339,101,60
371,32,394,Tafsir04039,1197,325,664,241,82
371,113,313,Sham19Y0017667,427,232,434,103,55
371,0,1296,Rafed0003793Vols,517,220,1577,1043,95
371,1296,1551,Rafed0003793Vols,518,0,256,208,99
372,240,1015,Shia004456Vols,4416,535,1049,402,65
372,0,1214,Rafed0003793Vols,518,256,1496,966,97
372,1214,1470,Rafed0003793Vols,519,0,261,205,98
373,0,1228,Rafed0003793Vols,519,261,1497,980,99
373,1228,1479,Rafed0003793Vols,520,0,260,198,96
374,0,1234,Rafed0003793Vols,520,260,1499,988,99
374,1239,1500,Rafed0003793Vols,521,0,262,209,99
375,0,1260,Rafed0003793Vols,521,262,1527,1014,99
375,1260,1539,Rafed0003793Vols,522,0,282,224,98
376,0,1231,Rafed0003793Vols,522,282,1520,991,99
376,1231,1537,Rafed0003793Vols,523,0,307,247,99
377,0,1212,Rafed0003793Vols,523,307,1518,972,99
377,1212,1512,Rafed0003793Vols,524,0,301,241,99
378,0,419,Shia004456Vols,4416,1174,1336,131,38
378,0,1311,Rafed0003793Vols,524,301,1541,991,92
378,1311,1607,Rafed0003793Vols,525,0,297,241,99
379,178,678,Rafed0003793Vols,523,657,827,67,17
379,0,1252,Rafed0003793Vols,525,297,1549,1009,99
379,1252,1531,Rafed0003793Vols,526,0,284,223,98
380,0,1236,Rafed0003793Vols,526,284,1520,992,99
380,1236,1542,Rafed0003793Vols,527,0,307,250,99
381,461,1426,Shia002369Vols,234,811,1460,482,60
381,478,1592,Tafsir04039,1192,361,1328,721,77
381,473,1260,Shia003691,26,79,491,261,39
381,473,1188,Zaydiyya0000288,340,1225,1572,220,37
381,856,1521,Rafed0003793Vols,507,544,1441,261,29
381,0,1341,Rafed0003793Vols,527,307,1578,1017,92
381,1341,1592,Rafed0003793Vols,528,0,256,200,98
382,0,211,Tafsir04039,1192,1328,1541,168,96
382,211,1176,Tafsir04039,1193,0,791,533,67
382,0,1242,Rafed0003793Vols,528,256,1509,994,98
382,1242,1494,Rafed0003793Vols,529,0,253,201,99
383,0,1268,Rafed0003793Vols,529,253,1520,1020,99
384,1359,1578,Shia001432Vols,12075,765,1082,157,57
384,0,1510,Rafed0003793Vols,1132,92,1614,1226,98
385,5,333,Rafed0002654Vols,596,165,507,243,81
385,5,333,Shia001432Vols,12075,1082,1336,196,73
385,97,333,Shia004092Vols,1067,131,353,170,86
385,5,333,Shia003710,296,685,1022,246,85
385,0,1546,Rafed0003793Vols,1133,82,1552,1183,94
386,1052,1595,Shia004456Vols,4539,1058,1400,268,60
386,196,634,Rafed0002654Vols,595,1013,1463,231,53
386,1052,1595,Shia004266Vols,258,483,953,367,80
386,202,634,Shia003710,296,21,353,225,65
386,1036,1595,Rafed0003793Vols,392,452,929,377,82
386,0,1036,Rafed0003793Vols,1134,46,1078,829,99
387,558,1509,Shia004456Vols,4534,317,1176,646,82
387,1118,1509,Shia004456Vols,4535,0,399,276,79
387,0,124,Shia004456Vols,4539,1400,1524,98,98
387,124,555,Shia004456Vols,4540,0,441,341,97
387,1072,1455,Tafsir04003,737,80,368,193,58
387,1072,1455,Rafed0002654Vols,5010,898,1202,155,40
387,1065,1455,Shia003636Vols,1072,4,302,161,43
387,1060,1455,Shia003636Vols,1244,267,550,189,55
387,1088,1455,Shia001432Vols,6971,0,284,217,72
387,1083,1455,Shia001432Vols,11911,4,305,222,72
387,1072,1455,Shia004092Vols,5349,61,365,155,40
387,558,1509,Shia004266Vols,252,504,1363,645,82
387,695,1509,Shia004266Vols,253,21,562,392,58
387,0,555,Shia004266Vols,258,953,1518,438,97
387,0,566,Rafed0003793Vols,392,929,1501,448,98
387,566,1518,Rafed0003793Vols,393,0,970,769,97
388,824,1318,Tafsir04003,736,573,931,218,51
388,882,1318,Rafed0003257Vols,1072,0,299,173,46
388,824,1246,Shia001432Vols,6970,459,775,212,57
388,771,1318,Shia001432Vols,11910,871,1328,248,49
388,824,1318,Shia001551,191,1023,1401,238,56
388,0,608,Rafed0003793Vols,393,970,1586,491,98
388,608,1552,Rafed0003793Vols,394,0,953,761,99
389,0,564,Zaydiyya0000328,494,8,432,187,38
389,15,592,Shia004456Vols,4538,70,346,157,32
389,15,564,Tafsir04003,737,540,888,255,58
389,15,176,Shia003636Vols,1244,723,867,114,89
389,416,564,Shia001421Vols,480,640,820,104,69
389,111,251,Shia003695Vols,160,311,457,94,73
389,0,564,Shia001432Vols,6971,463,860,295,65
389,102,256,Shia001432Vols,12897,961,1114,113,89
389,1080,1300,Zaydiyya0000118,22,235,454,173,97
389,416,564,Shia001140Vols,7,947,1116,96,69
389,15,592,Shia004266Vols,256,1029,1305,157,32
389,136,564,Shia003691,11,269,794,203,43
389,0,564,Rafed0001713Vols,366,336,757,309,67
389,0,579,Rafed0003793Vols,394,953,1551,463,96
389,838,1618,Rafed0003793Vols,446,30,814,631,99
390,431,655,Shia004038,52,1322,1555,170,89
390,1115,1320,Shia001278Vols,12,281,489,158,90
390,1130,1330,Shia004664,194,955,1159,161,94
390,1105,1330,Shia004664,197,1230,1519,183,74
390,0,233,Rafed0003793Vols,446,814,1047,185,100
390,327,1513,Rafed0003793Vols,536,0,1117,880,92
391,1234,1613,Shia004664,200,714,1105,286,83
391,0,436,Rafed0003793Vols,536,1117,1482,280,80
391,436,1520,Rafed0003793Vols,537,0,1104,870,98
392,817,1629,Shia004038,53,564,1376,630,92
392,817,1103,Shia004456Vols,1240,1339,1619,228,96
392,1103,1629,Shia004456Vols,1241,0,502,404,92
392,921,1629,Rafed0002654Vols,277,456,943,384,65
392,0,594,Rafed0002654Vols,11094,606,1217,282,45
392,742,1568,Rafed0002654Vols,11095,0,893,292,32
392,0,361,Shia003695Vols,166,388,785,263,78
392,817,1629,Shia001432Vols,12627,606,1318,548,79
392,0,594,Shia004092Vols,13337,355,966,282,45
392,1037,1568,Shia004092Vols,13338,118,652,156,25
392,817,1629,Shia003764Vols,561,958,1455,368,53
392,0,594,Masaha000259,1,378,989,282,45
392,910,1568,Masaha000259,2,0,667,193,25
392,0,534,Shia004664,200,1105,1621,398,91
392,534,1629,Shia004664,201,0,1098,848,92
392,817,1629,Shia001615Vols,2453,348,846,370,54
392,0,444,Rafed0003793Vols,537,1115,1562,360,98
392,444,1629,Rafed0003793Vols,538,0,1186,970,99
392,655,1563,Masaha004568Vols,298,175,1146,337,35
393,0,282,Shia004038,53,1376,1645,217,93
393,282,848,Shia004038,54,0,590,459,94
393,0,241,Shia004456Vols,1241,502,741,189,95
393,67,764,Shia001432Vols,12627,1176,1608,227,35
393,67,422,Shia003764Vols,561,1313,1660,166,44
393,0,543,Shia004664,201,1098,1650,440,95
393,543,1578,Shia004664,202,0,1053,810,95
393,67,764,Shia001615Vols,2453,704,1136,227,35
393,0,470,Rafed0003793Vols,538,1186,1655,386,99
393,470,1578,Rafed0003793Vols,539,0,1110,893,99
394,79,1156,Shia004038,55,420,1515,832,93
394,1156,1471,Shia004038,56,8,318,245,93
394,79,204,Shia004456Vols,1371,1431,1558,93,87
394,204,816,Shia004456Vols,1372,0,633,476,92
394,156,874,Shia001432Vols,12628,5,496,362,62
394,0,441,Shia004664,202,1053,1495,341,94
394,441,1552,Shia004664,203,0,1125,849,90
394,0,408,Rafed0003793Vols,539,1110,1517,324,99
394,408,1552,Rafed0003793Vols,540,0,1145,928,99
395,3,507,Shia004038,54,773,1275,382,95
395,90,243,Rafed0002654Vols,11096,898,1037,102,84
395,82,583,Shia001432Vols,12628,616,1032,323,81
395,102,223,Masaha002872,232,662,783,95,100
395,90,243,Shia004092Vols,13339,975,1114,102,84
395,86,243,Shia004030Vols,976,711,866,108,80
395,90,243,Masaha000259,3,921,1065,109,90
395,0,411,Shia004664,203,1125,1536,313,94
395,411,1480,Shia004664,204,0,1034,809,92
395,0,392,Rafed0003793Vols,540,1145,1540,309,98
395,392,1480,Rafed0003793Vols,541,0,1096,872,98
395,90,243,Masaha004568Vols,299,1410,1538,96,79
396,0,481,Shia004664,204,1034,1502,365,95
396,481,1532,Shia004664,205,0,1033,813,94
396,0,415,Rafed0003793Vols,541,1096,1504,325,98
396,415,1532,Rafed0003793Vols,542,0,1122,903,99
397,74,752,Rafed0002654Vols,11097,79,610,202,30
397,74,752,Shia004092Vols,13340,41,725,268,37
397,74,752,Masaha000259,4,49,737,273,38
397,0,469,Shia004664,205,1033,1542,334,74
397,469,1525,Shia004664,206,0,1066,813,94
397,0,427,Rafed0003793Vols,542,1122,1556,342,97
397,427,1525,Rafed0003793Vols,543,0,1103,884,99
397,74,752,Masaha004568Vols,300,470,1087,237,33
398,1399,1694,Shia004525,175,876,1053,142,57
398,1125,1301,Shia004456Vols,1706,540,1070,101,23
398,753,1288,Shia004456Vols,1756,528,1033,138,24
398,1060,1288,Shia004456Vols,1757,773,1419,89,16
398,1125,1301,Zaydiyya0000398,82,392,592,89,56
398,922,1115,Tafsir04003,2588,447,641,147,94
398,753,983,Rafed0002654Vols,11098,279,526,177,83
398,983,1177,Sham19Y0017077,19,1035,1355,127,50
398,1125,1301,Zaydiyya0000077Vols,244,921,1117,88,55
398,1125,1301,Shia001555Vols,976,552,1072,101,23
398,753,1288,Shia001555Vols,1026,202,714,156,29
398,1060,1301,Shia001555Vols,1027,451,1270,94,13
398,156,782,Shia003727Vols,22,326,811,227,34
398,121,1694,Shia001432Vols,12629,0,1247,957,74
398,156,782,Shia001551,83,772,1242,231,33
398,917,1448,Shia001551,84,237,478,110,23
398,753,983,Shia004092Vols,13341,477,724,177,83
398,49,922,Shia003764Vols,562,404,871,286,39
398,917,1301,Shia001416,70,770,1468,146,20
398,753,976,Masaha000259,5,494,738,174,83
398,1125,1301,Shia001353,88,684,893,89,53
398,0,526,Shia004664,206,1066,1527,337,76
398,526,1694,Shia004664,207,0,1083,864,90
398,252,922,Shia001615Vols,2454,0,201,156,28
398,0,510,Rafed0003793Vols,543,1103,1532,345,83
398,510,1694,Rafed0003793Vols,544,0,1022,822,86
398,753,983,Masaha004568Vols,301,873,1170,180,71
399,103,481,Shia004456Vols,1670,366,743,303,96
399,103,481,Shia001555Vols,940,540,917,303,96
399,0,322,Shia001432Vols,12629,1247,1563,255,94
399,322,855,Shia001432Vols,12630,0,518,401,93
399,0,547,Shia004664,207,1083,1620,430,96
399,547,1542,Shia004664,208,0,1022,781,94
399,0,547,Rafed0003793Vols,544,1022,1568,447,99
399,547,1542,Rafed0003793Vols,545,0,997,795,99
400,381,850,Masaha000998Vols,646,789,1180,177,45
400,338,712,Rafed0002654Vols,11098,1155,1587,206,56
400,341,872,Shia001432Vols,12633,121,643,403,95
400,365,902,Shia004092Vols,13342,0,515,247,50
400,347,560,Shia003764Vols,562,866,1071,142,82
400,338,957,Masaha000259,6,42,595,274,49
400,0,510,Shia004664,208,1022,1520,395,95
400,510,1535,Shia004664,209,0,878,683,82
400,347,560,Shia001615Vols,2454,282,490,142,82
400,0,520,Rafed0003793Vols,545,997,1516,421,99
400,520,1535,Rafed0003793Vols,546,0,1016,815,99
400,329,902,Masaha004568Vols,302,483,1040,266,50
401,900,1546,Shia001432Vols,12633,812,1387,435,81
401,0,636,Shia004664,209,878,1506,503,98
401,636,1546,Shia004664,210,0,899,718,96
401,0,502,Rafed0003793Vols,546,1016,1517,403,99
401,502,1546,Rafed0003793Vols,547,0,1045,844,99
402,485,882,Rafed0002654Vols,11099,1023,1463,237,60
402,882,1069,Rafed0002654Vols,11100,0,191,115,66
402,0,136,Shia001432Vols,12633,1387,1500,89,83
402,136,382,Shia001432Vols,12634,0,245,195,99
402,512,1513,Shia001432Vols,12635,0,773,609,75
402,496,1069,Shia004092Vols,13343,285,887,346,64
402,496,1069,Masaha000259,7,294,892,347,65
402,0,625,Shia004664,210,899,1513,482,96
402,628,1513,Shia004664,211,0,868,664,89
402,0,485,Rafed0003793Vols,547,1045,1529,386,99
402,485,1513,Rafed0003793Vols,548,0,1032,828,99
402,496,1069,Masaha004568Vols,303,649,1243,344,65
402,555,936,Kraken22021802055100,461,442,843,256,73
403,4,1234,Shia001432Vols,12635,773,1539,599,60
403,1234,1520,Shia001432Vols,12636,0,285,218,95
403,4,729,Shia004664,211,868,1556,535,91
403,729,1520,Shia004664,212,0,781,597,94
403,0,510,Rafed0003793Vols,548,1032,1541,414,99
403,510,1520,Rafed0003793Vols,549,0,1023,806,98
404,1263,1505,Shia003695Vols,167,0,253,186,91
404,0,1172,Shia001432Vols,12636,285,1400,854,89
404,0,754,Shia004664,212,781,1503,546,87
404,754,1172,Shia004664,213,0,430,319,91
404,0,486,Rafed0003793Vols,549,1023,1508,390,99
404,486,1505,Rafed0003793Vols,550,0,1036,815,98
405,479,1534,Rafed0002654Vols,310,180,1019,640,74
405,4,1534,Shia003695Vols,167,262,1168,441,32
405,4,1520,Shia001432Vols,12631,145,1546,1086,87
405,0,493,Rafed0003793Vols,550,1036,1540,397,97
405,493,1537,Rafed0003793Vols,551,0,1057,839,98
406,0,458,Rafed0003793Vols,551,1057,1522,360,97
406,458,1501,Rafed0003793Vols,552,0,1048,840,99
407,0,487,Rafed0003793Vols,552,1048,1538,391,98
407,487,1507,Rafed0003793Vols,553,0,1033,815,98
407,898,1200,Rafed0003793Vols,558,0,132,84,34
408,346,771,Shia004038,60,9,239,183,53
408,0,739,Rafed0003793Vols,553,1033,1533,391,65
408,739,1663,Rafed0003793Vols,554,0,925,737,99
409,0,556,Rafed0003793Vols,554,925,1476,440,99
409,556,1554,Rafed0003793Vols,555,0,999,812,99
410,0,598,Rafed0003793Vols,555,999,1596,485,99
410,598,1541,Rafed0003793Vols,556,0,955,755,98
411,0,567,Rafed0003793Vols,556,955,1525,452,98
411,567,1480,Rafed0003793Vols,557,0,923,727,98
412,466,699,Rafed0003793Vols,553,342,721,137,41
412,0,567,Rafed0003793Vols,557,923,1489,454,99
412,567,1523,Rafed0003793Vols,558,0,961,769,99
413,0,589,Rafed0003793Vols,558,961,1549,477,99
413,589,1532,Rafed0003793Vols,559,0,953,756,98
414,0,555,Rafed0003793Vols,559,953,1511,443,99
414,555,1473,Rafed0003793Vols,560,0,931,730,98
415,0,555,Rafed0003793Vols,560,931,1493,443,98
415,555,1560,Rafed0003793Vols,561,0,1022,817,98
416,0,564,Rafed0003793Vols,561,1022,1585,452,99
416,564,1535,Rafed0003793Vols,562,0,976,784,99
417,0,533,Rafed0003793Vols,562,976,1516,420,97
417,533,1466,Rafed0003793Vols,563,0,934,746,99
418,0,531,Rafed0003793Vols,563,934,1464,419,99
418,531,1497,Rafed0003793Vols,564,0,971,779,99
419,0,575,Rafed0003793Vols,564,971,1550,464,99
419,580,1541,Rafed0003793Vols,565,0,974,774,98
419,901,1099,Rafed0003793Vols,566,1024,1497,93,21
420,666,893,Shia004038,56,1106,1320,168,92
420,0,547,Rafed0003793Vols,565,974,1528,433,97
420,547,1549,Rafed0003793Vols,566,0,935,736,90
421,85,622,Rafed0003793Vols,565,325,606,123,24
421,0,555,Rafed0003793Vols,566,935,1497,438,98
421,555,1492,Rafed0003793Vols,567,0,946,755,99
422,0,573,Rafed0003793Vols,567,946,1518,456,99
422,573,1486,Rafed0003793Vols,568,0,922,730,98
423,0,612,Rafed0003793Vols,568,922,1545,493,97
423,612,1545,Rafed0003793Vols,569,0,946,751,98
424,0,593,Rafed0003793Vols,569,946,1538,474,99
424,593,1515,Rafed0003793Vols,570,0,936,739,98
425,0,591,Rafed0003793Vols,570,936,1530,474,99
425,591,1525,Rafed0003793Vols,571,0,939,752,99
426,0,596,Rafed0003793Vols,571,939,1538,479,99
426,596,1495,Rafed0003793Vols,572,0,912,717,98
427,0,574,Rafed0003793Vols,572,912,1493,457,98
427,574,1514,Rafed0003793Vols,573,0,957,758,98
428,395,648,Shia004038,116,1035,1275,182,89
428,399,648,Shia004038,221,746,986,186,93
428,399,648,Shia001416,197,543,757,161,81
428,0,628,Rafed0003793Vols,573,957,1584,508,99
428,628,1585,Rafed0003793Vols,574,0,962,775,99
429,475,1535,Shia001416,197,885,1328,305,35
429,0,621,Rafed0003793Vols,574,962,1586,504,99
429,621,1535,Rafed0003793Vols,575,0,918,732,99
430,1154,1525,Shia004038,62,988,1301,203,64
430,1061,1525,Shia004456Vols,2049,185,608,319,84
430,88,340,Shia004456Vols,3239,796,1070,197,89
430,1061,1525,Shia001555Vols,1316,343,749,314,84
430,0,159,Shia001416,197,1328,1490,120,89
430,0,599,Rafed0003793Vols,575,918,1524,481,98
430,599,1521,Rafed0003793Vols,576,0,922,741,100
431,5,269,Shia004038,62,1272,1571,162,59
431,269,395,Shia004038,63,0,129,102,97
431,0,395,Shia004456Vols,2049,608,1010,309,96
431,0,395,Shia001555Vols,1316,749,1151,309,96
431,0,566,Rafed0003793Vols,576,935,1504,449,98
431,566,1488,Rafed0003793Vols,577,0,927,740,99
432,0,573,Rafed0003793Vols,577,927,1502,455,98
432,573,1455,Rafed0003793Vols,578,0,899,700,98
433,0,597,Rafed0003793Vols,578,899,1495,480,99
433,597,1604,Rafed0003793Vols,579,0,930,752,92
434,0,657,Rafed0003793Vols,579,930,1586,535,99
434,657,1561,Rafed0003793Vols,580,0,905,727,99
435,0,620,Rafed0003793Vols,580,905,1524,498,99
435,620,1530,Rafed0003793Vols,581,0,911,732,99
436,0,623,Rafed0003793Vols,581,911,1533,501,99
436,623,1558,Rafed0003793Vols,582,0,940,758,99
437,0,580,Rafed0003793Vols,582,940,1519,458,99
437,580,1494,Rafed0003793Vols,583,0,915,737,99
438,0,627,Rafed0003793Vols,583,915,1543,504,99
438,627,1542,Rafed0003793Vols,584,0,920,737,99
439,0,633,Rafed0003793Vols,584,920,1551,511,99
439,633,1528,Rafed0003793Vols,585,0,904,718,99
440,0,580,Rafed0003793Vols,585,904,1499,458,96
440,580,1447,Rafed0003793Vols,586,0,878,690,98
441,0,597,Rafed0003793Vols,586,878,1474,475,99
441,597,1270,Rafed0003793Vols,587,0,673,545,100
442,260,1589,Rafed0003793Vols,638,86,1350,983,90
443,932,1524,Shia003695Vols,168,29,626,367,65
443,798,1524,Shia001432Vols,12667,148,725,433,71
443,932,1206,Shia001416,54,252,510,177,69
443,0,177,Rafed0003793Vols,638,1350,1530,142,97
443,177,1524,Rafed0003793Vols,639,0,1368,1083,98
444,852,1517,Shia003695Vols,168,743,1291,308,50
444,827,1521,Shia001432Vols,12667,846,1416,430,75
444,0,176,Rafed0003793Vols,639,1368,1547,141,97
444,176,1564,Rafed0003793Vols,640,0,1306,1046,93
444,852,1317,Masaha004568Vols,360,63,429,201,48
445,497,1465,Shia001432Vols,12668,0,965,758,98
445,0,201,Rafed0003793Vols,640,1306,1504,159,98
445,201,1465,Rafed0003793Vols,641,0,1269,1005,99
446,1339,1517,Shia004456Vols,3935,0,179,143,99
446,0,574,Shia001432Vols,12668,965,1482,401,87
446,574,1517,Shia001432Vols,12669,0,628,476,61
446,0,195,Rafed0003793Vols,641,1269,1463,155,99
446,195,1517,Rafed0003793Vols,642,0,1329,1061,99
447,0,1241,Shia004456Vols,3935,179,1441,941,91
447,0,868,Shia001432Vols,12669,628,1469,654,94
447,868,1508,Shia001432Vols,12670,0,607,481,92
447,0,204,Rafed0003793Vols,642,1329,1532,164,99
447,204,1508,Rafed0003793Vols,643,0,1321,1045,98
448,26,1091,Shia001432Vols,12670,614,1530,593,60
448,1091,1494,Shia001432Vols,12671,0,392,307,95
448,0,192,Rafed0003793Vols,643,1321,1516,152,97
448,192,1494,Rafed0003793Vols,644,0,1287,1023,97
449,0,1178,Shia001432Vols,12671,392,1531,900,93
449,1182,1545,Shia001432Vols,12672,0,360,282,96
449,0,224,Rafed0003793Vols,644,1287,1510,180,99
449,224,1545,Rafed0003793Vols,645,0,1325,1063,99
450,0,1190,Shia001432Vols,12672,360,1498,878,91
450,1190,1498,Shia001432Vols,12673,0,304,238,96
450,0,249,Rafed0003793Vols,645,1325,1571,203,98
450,249,1498,Rafed0003793Vols,646,0,1262,994,98
450,0,365,Masaha004568Vols,357,472,722,103,33
451,1188,1513,Zaydiyya0000263,589,1040,1358,191,66
451,0,1217,Shia001432Vols,12673,304,1532,956,95
451,1222,1588,Shia001432Vols,12674,0,363,297,98
451,0,253,Rafed0003793Vols,646,1262,1514,209,99
451,253,1588,Rafed0003793Vols,647,0,1340,1080,99
452,647,855,Shia003695Vols,168,1303,1546,162,81
452,855,1478,Shia003695Vols,169,0,498,342,66
452,0,1188,Shia001432Vols,12674,363,1548,936,97
452,1188,1481,Shia001432Vols,12675,0,307,226,94
452,0,242,Rafed0003793Vols,647,1340,1581,198,99
452,242,1481,Rafed0003793Vols,648,0,1244,984,99
453,1287,1467,Shia004456Vols,3914,1494,1673,144,99
453,0,432,Shia001432Vols,12675,307,645,265,77
453,0,223,Rafed0003793Vols,648,1244,1466,179,99
453,223,1531,Rafed0003793Vols,649,0,1309,1053,99
454,0,1477,Shia004456Vols,3915,65,1451,1095,92
454,0,207,Rafed0003793Vols,649,1309,1515,163,99
454,207,1477,Rafed0003793Vols,650,0,1272,1015,99
455,16,1463,Shia004456Vols,3916,0,1382,824,64
455,0,192,Rafed0003793Vols,650,1272,1464,150,98
455,192,1463,Rafed0003793Vols,651,0,1275,1014,99
456,67,1460,Shia004456Vols,3917,0,1380,1055,93
456,0,194,Rafed0003793Vols,651,1275,1468,153,99
456,194,1460,Rafed0003793Vols,652,0,1271,1008,99
457,104,1558,Shia004456Vols,3918,0,1487,1143,94
457,0,234,Rafed0003793Vols,652,1271,1504,193,99
457,234,1558,Rafed0003793Vols,653,0,1329,1066,99
458,61,438,Shia004456Vols,3919,0,378,298,99
458,0,194,Rafed0003793Vols,653,1329,1522,153,99
458,194,1441,Rafed0003793Vols,654,0,1248,989,99
459,0,207,Rafed0003793Vols,654,1248,1454,166,99
459,207,1446,Rafed0003793Vols,655,0,1240,980,99
460,21,449,Shia001432Vols,12675,696,1114,335,96
460,0,215,Rafed0003793Vols,655,1240,1454,175,99
460,215,1555,Rafed0003793Vols,656,0,1341,1081,99
461,0,210,Rafed0003793Vols,656,1341,1554,170,97
461,210,1581,Rafed0003793Vols,657,0,1372,1112,99
462,502,719,Rafed0003793Vols,654,1022,1427,135,41
462,0,224,Rafed0003793Vols,657,1372,1595,184,99
462,224,1513,Rafed0003793Vols,658,0,1294,1030,99
463,0,205,Rafed0003793Vols,658,1294,1498,165,99
463,205,1472,Rafed0003793Vols,659,0,1268,1008,99
464,0,204,Rafed0003793Vols,659,1268,1475,164,97
464,204,1529,Rafed0003793Vols,660,0,1326,1066,99
465,0,212,Rafed0003793Vols,660,1326,1537,172,99
465,212,1569,Rafed0003793Vols,661,0,1358,1098,99
466,0,191,Rafed0003793Vols,661,1358,1548,151,99
466,191,1529,Rafed0003793Vols,662,0,1338,1078,99
467,15,487,Shia004456Vols,3920,0,465,330,82
467,0,184,Rafed0003793Vols,662,1338,1525,144,96
467,184,1470,Rafed0003793Vols,663,0,1294,1026,99
468,6,656,Shia004456Vols,3920,779,1506,511,88
468,656,1455,Shia004456Vols,3921,0,795,623,97
468,0,198,Rafed0003793Vols,663,1294,1491,158,99
468,198,1455,Rafed0003793Vols,664,0,1258,998,99
469,0,114,Shia004456Vols,3921,795,904,84,93
469,0,193,Rafed0003793Vols,664,1258,1450,153,99
469,193,1553,Rafed0003793Vols,665,0,1367,1097,98
470,0,188,Rafed0003793Vols,665,1367,1554,148,99
470,188,1435,Rafed0003793Vols,666,0,1253,988,99
471,0,190,Rafed0003793Vols,666,1253,1442,151,99
471,190,1487,Rafed0003793Vols,667,0,1298,1036,99
472,0,194,Rafed0003793Vols,667,1298,1491,155,99
472,194,1560,Rafed0003793Vols,668,0,1367,1106,99
473,0,208,Rafed0003793Vols,668,1367,1574,169,99
473,208,1508,Rafed0003793Vols,669,0,1301,1040,99
474,0,199,Rafed0003793Vols,669,1301,1499,160,99
474,199,1493,Rafed0003793Vols,670,0,1295,1034,99
475,0,181,Rafed0003793Vols,670,1295,1475,142,99
475,181,1492,Rafed0003793Vols,671,0,1315,1051,99
476,0,215,Rafed0003793Vols,671,1315,1529,175,99
476,215,1534,Rafed0003793Vols,672,0,1328,1060,99
477,0,181,Rafed0003793Vols,672,1328,1508,141,99
477,181,1417,Rafed0003793Vols,673,0,1246,977,99
478,0,177,Rafed0003793Vols,673,1246,1422,138,99
478,177,1549,Rafed0003793Vols,674,0,1373,1112,99
479,0,192,Rafed0003793Vols,674,1373,1564,153,99
479,192,1585,Rafed0003793Vols,675,0,1398,1133,99
480,0,175,Rafed0003793Vols,675,1398,1576,136,97
480,175,1521,Rafed0003793Vols,676,0,1347,1086,99
480,1036,1179,Rafed0003793Vols,678,918,1187,77,33
481,0,183,Rafed0003793Vols,676,1347,1529,144,99
481,183,1502,Rafed0003793Vols,677,0,1325,1056,99
482,1287,1498,Shia004456Vols,4048,460,679,164,95
482,26,462,Rafed0003793Vols,675,547,1488,147,16
482,0,193,Rafed0003793Vols,677,1325,1517,155,99
482,193,1498,Rafed0003793Vols,678,0,1314,1044,99
483,813,1529,Shia004456Vols,4047,922,1634,538,89
483,0,662,Shia004456Vols,4048,679,1337,446,76
483,1187,1499,Rafed0002654Vols,2329,5,304,211,79
483,0,327,Shia004092Vols,2742,994,1348,204,68
483,1217,1499,Shia003710,220,0,264,187,78
483,0,184,Rafed0003793Vols,678,1314,1501,146,97
483,184,1532,Rafed0003793Vols,679,0,1361,1084,98
484,0,484,Shia004456Vols,4048,4,493,310,72
484,0,195,Rafed0003793Vols,679,1361,1559,156,96
484,195,1489,Rafed0003793Vols,680,0,1303,1033,99
484,596,860,Rafed0003793Vols,690,772,941,113,52
485,875,1170,Shia004456Vols,4020,725,1005,215,87
485,0,200,Rafed0003793Vols,680,1303,1502,162,99
485,200,1538,Rafed0003793Vols,681,0,1347,1076,99
486,0,181,Rafed0003793Vols,681,1347,1527,143,99
486,181,1510,Rafed0003793Vols,682,0,1351,1068,98
487,0,189,Rafed0003793Vols,682,1351,1539,152,99
487,189,1546,Rafed0003793Vols,683,0,1362,1094,99
488,0,173,Rafed0003793Vols,683,1362,1534,136,99
488,173,1493,Rafed0003793Vols,684,0,1321,1058,99
489,0,198,Rafed0003793Vols,684,1321,1518,161,99
489,198,1495,Rafed0003793Vols,685,0,1322,1034,97
490,0,190,Rafed0003793Vols,685,1322,1519,153,95
490,190,1441,Rafed0003793Vols,686,0,1276,988,97
491,0,197,Rafed0003793Vols,686,1276,1472,160,99
491,197,1541,Rafed0003793Vols,687,0,1357,1082,99
492,0,186,Rafed0003793Vols,687,1357,1542,149,99
492,186,1530,Rafed0003793Vols,688,0,1357,1082,99
493,541,856,Shia004456Vols,3859,390,705,237,91
493,0,182,Rafed0003793Vols,688,1357,1538,145,99
493,182,1470,Rafed0003793Vols,689,0,1291,1024,99
494,333,1077,Shia004456Vols,3859,684,1461,557,90
494,1077,1402,Shia004456Vols,3860,0,334,252,94
494,697,807,Rafed0003793Vols,672,1298,1406,82,96
494,920,1089,Rafed0003793Vols,680,409,673,113,52
494,0,148,Rafed0003793Vols,689,1291,1438,113,99
494,148,1402,Rafed0003793Vols,690,0,1255,990,99
495,0,165,Shia004456Vols,3860,334,498,133,99
495,0,181,Rafed0003793Vols,690,1255,1435,146,99
495,181,1532,Rafed0003793Vols,691,0,1352,1087,99
496,0,176,Rafed0003793Vols,691,1352,1527,141,99
496,176,1471,Rafed0003793Vols,692,0,1304,1031,99
496,754,897,Rafed0003793Vols,695,1384,1530,89,70
497,0,183,Rafed0003793Vols,692,1304,1492,149,95
497,183,1518,Rafed0003793Vols,693,0,1348,1069,98
498,0,155,Rafed0003793Vols,693,1348,1502,122,99
498,155,1474,Rafed0003793Vols,694,0,1327,1052,99
499,0,162,Rafed0003793Vols,694,1327,1492,129,96
499,162,1553,Rafed0003793Vols,695,0,1404,1125,99
500,0,126,Rafed0003793Vols,692,588,721,80,73
500,0,154,Rafed0003793Vols,695,1404,1557,121,99
500,154,657,Rafed0003793Vols,696,0,503,404,100
509,420,805,Shia003695Vols,162,1040,1517,222,51
509,411,872,Shia001432Vols,12900,58,637,251,47
509,48,726,Shia001432Vols,13025,756,1437,493,86
509,726,1123,Shia001432Vols,13026,0,260,209,64
510,1299,1604,Zaydiyya0000328,412,285,617,231,83
510,1199,1608,Shamela0007435,435,1088,1512,266,73
510,1318,1537,Shia004456Vols,3327,433,678,156,77
510,1199,1608,Shia004456Vols,3355,339,774,275,75
510,1281,1608,Shia004456Vols,3368,176,476,217,77
510,1255,1537,Shia004456Vols,3379,299,683,172,55
510,1281,1527,Shia004456Vols,3393,307,571,183,86
510,1294,1527,Shia004456Vols,3398,957,1215,171,82
510,1285,1537,Rafed0002654Vols,891,160,412,160,73
510,1202,1608,Rafed0002654Vols,7948,0,421,267,74
510,582,1608,Shia001432Vols,13026,361,1344,768,92
510,1308,1537,JK008001,4470,533,795,160,75
510,1285,1537,Shia004092Vols,1318,1115,1367,160,73
510,1199,1608,Shia004092Vols,8245,459,885,268,74
510,1294,1527,JK009390,1425,698,934,157,75
510,1318,1527,Sham19Y0127677,1479,201,428,157,85
510,1318,1537,Shamela0001438,2438,491,739,160,79
511,995,1450,Shia004456Vols,3185,1150,1586,333,91
511,515,1101,Shia001278Vols,285,162,718,280,48
511,9,457,Shia001299,94,402,874,283,68
511,605,877,JK000916,16222,758,1108,132,45
511,9,457,Shia001334,171,361,844,283,66
511,9,411,Shia001432Vols,2281,12,426,250,67
511,9,644,Shia001432Vols,12848,309,976,315,49
511,228,457,Shia001432Vols,12866,0,275,173,78
511,0,236,Shia001432Vols,13026,1344,1555,154,79
511,236,979,Shia001432Vols,13027,0,691,538,90
511,127,457,Shia001387,135,0,362,237,79
511,9,457,Shia004030Vols,180,775,1258,288,67
511,9,457,Shia004030Vols,600,287,718,277,68
511,9,457,Shia004030Vols,1629,149,633,288,67
511,9,457,Shia003692,123,858,1308,280,70
511,9,660,Shia001366,43,495,1130,281,39
511,70,634,Masaha000146Vols,52,907,1500,306,55
511,74,457,Shia003707Vols,352,682,1092,249,68
512,1113,1512,Masaha000998Vols,629,956,1381,287,79
512,1113,1409,Masaha000998Vols,630,1318,1569,193,79
512,463,826,Shia004456Vols,3186,578,936,285,93
512,1109,1512,Rafed0002654Vols,1525,915,1320,232,61
512,1282,1512,Rafed0002654Vols,1526,1154,1412,155,70
512,1113,1512,Rafed0002654Vols,5858,111,469,204,55
512,1113,1512,Masaha002336,107,108,500,231,60
512,1260,1490,Rafed0003314Vols,466,165,404,158,77
512,1221,1512,Shia001432Vols,13065,0,307,234,92
512,1109,1512,Shia004092Vols,1948,791,1181,232,63
512,1282,1512,Shia004092Vols,1949,994,1247,155,71
512,1113,1512,Shia004092Vols,6188,949,1307,204,55
512,1272,1512,Shia004030Vols,1557,0,274,173,76
512,1129,1497,Shia004009,67,393,726,221,70
512,1327,1512,Shia001353,122,17,233,145,82
512,1272,1512,Zaydiyya0000383,14,11,249,140,61
512,1079,1512,Zaydiyya0000288,157,905,1328,234,58
512,1260,1497,Kraken22021802055100,474,685,1281,165,32
513,244,548,Shia004039,6,1017,1285,195,78
513,244,594,Shia004525,199,120,466,206,70
513,0,223,Masaha000998Vols,629,1381,1537,109,56
513,223,792,Masaha000998Vols,630,0,608,318,61
513,0,798,Masaha000998Vols,631,96,864,540,80
513,379,708,Shia004456Vols,3364,0,347,153,44
513,96,554,Shia001392Vols,305,510,886,260,69
513,244,548,Rafed0002654Vols,1526,0,311,245,97
513,133,342,Rafed0002654Vols,1527,10,202,129,71
513,0,708,Rafed0002654Vols,5858,469,1116,391,63
513,292,548,Rafed0002654Vols,10951,621,876,190,91
513,292,576,Rafed0002654Vols,12005,206,490,217,93
513,244,548,Masaha001842Vols,30,34,311,217,87
513,228,548,Masaha001842Vols,59,1159,1488,251,91
513,292,548,MMS00008,1315,107,364,183,86
513,244,708,Zaydiyya0000265,1312,180,591,221,48
513,235,554,Shia003636Vols,752,717,1058,249,89
513,235,461,Shia003636Vols,1204,1248,1496,168,83
513,235,548,Masaha002862,47,432,741,242,94
513,292,554,Masaha002862,61,281,681,191,58
513,19,495,Masaha003296Vols,341,0,598,337,67
513,100,554,Masaha002336,108,53,519,342,86
513,228,438,Shia001423Vols,82,1343,1586,156,75
513,91,725,Shia003695Vols,185,407,1149,306,45
513,292,548,JK003609,1220,482,739,183,86
513,244,548,Shia003727Vols,16,882,1163,200,80
513,244,583,Zaydiyya0000227,21,625,926,187,68
513,228,583,Shia001432Vols,6744,254,734,278,70
513,0,1190,Shia001432Vols,13065,307,1514,919,93
513,1190,1496,Shia001432Vols,13066,0,298,239,94
513,347,554,Shia001432Vols,13719,0,211,167,96
513,244,548,Shia001551,173,550,821,196,78
513,287,548,Zaydiyya0000142,439,912,1171,207,96
513,0,385,Shia004092Vols,1948,1181,1531,238,70
513,385,548,Shia004092Vols,1949,0,163,132,98
513,235,708,Shia004092Vols,6189,0,455,274,69
513,292,421,Shia004092Vols,11089,1326,1455,103,98
513,292,576,Shia004092Vols,11997,9,293,217,93
513,292,548,Shamela0012722,227,1304,1557,181,85
513,292,548,Shamela0012722,248,182,438,183,86
513,202,548,Sham19Y0013252,6035,708,1046,219,75
513,244,548,Shia001171,147,961,1269,216,87
513,0,1072,Shia004030Vols,1557,274,1201,474,48
513,618,1132,Shamela0013041,411,178,631,327,77
513,228,548,Shia003704,129,747,1088,252,89
513,292,708,Shia003704,314,458,799,231,67
513,292,548,Shia004000,88,11,123,84,40
513,0,554,Shia001353,122,233,746,377,80
513,0,562,Zaydiyya0000383,14,249,792,374,76
513,244,548,Shia001384,30,1142,1421,213,85
513,292,548,ShamAY0033599,20,135,372,192,90
513,385,548,Masaha002473,32,0,164,115,84
513,292,554,Shia001349Vols,755,180,441,211,98
513,202,548,Shamela0005756,10266,845,1180,221,75
513,292,548,Shia003707Vols,131,0,257,188,88
514,305,935,Shia001432Vols,13066,483,1024,412,82
516,882,1082,Sham19Y0132524,2469,269,448,119,71
516,879,1082,Sham19Y0145435,5380,68,231,108,64
516,866,1082,ShamAY0034005,1453,483,673,125,71
516,649,1036,Sham19Y0017903,485,1089,1475,149,40
516,879,1174,JK000330,962,584,880,149,55
516,879,1082,JK000365,2160,1198,1367,115,71
516,754,1116,ShamAY0033731,152,821,1126,123,39
516,866,1082,JK000474,350,883,1067,111,63
516,715,1349,Shamela0009770,702,882,1346,164,29
516,759,1087,Sham19Y0147597,951,148,384,118,45
516,866,1174,Sham19Y0122257,2944,231,510,146,57
516,698,1169,Sham19Y0127656,823,994,1446,147,30
517,897,1223,Shamela0001397,321,904,1270,222,69
517,947,1223,Shamela0037325,149,8,255,151,60
517,787,1228,Zaydiyya0000263,554,169,598,236,62
517,902,1223,Shamela0012742,4,456,750,202,73
517,902,1223,JK009391,330,433,758,206,71
517,947,1223,JK000764,645,634,862,138,55
517,947,1223,Sham19Y0017372,9,760,1062,189,72
517,947,1223,JK008001,4952,948,1166,152,63
517,902,1223,Shamela0012791,2,583,893,222,82
517,947,1223,Shamela0019542,21,102,389,180,68
517,902,1223,JK001324,97,515,829,200,70
517,902,1223,Shamela0006617,747,543,841,188,65
517,947,1223,Shamela0001438,6147,703,921,152,63
517,902,1223,Shamela0011997,150,272,583,203,70
517,902,1223,Shamela0012062,329,668,1040,227,72
517,1058,1223,Kraken220413030759,95,9,174,130,97
517,984,1223,Shamela0008353,809,359,617,177,82
518,453,600,Shamela0012031,105,81,234,94,70
518,453,600,Shamela0008657,364,614,755,89,71
518,1222,1507,Rafed0003793Vols,140,1277,1563,224,94
521,1151,1300,Rafed0003376Vols,1371,340,463,92,79
521,1085,1300,Rafed0000705Vols,969,43,264,115,51
521,1130,1500,Shia001392Vols,338,20,251,137,45
521,1151,1300,JK000482,143,719,862,108,90
521,1151,1294,JK000916,11471,694,831,103,90
521,1151,1300,JK000916,11472,432,576,109,91
521,1125,1300,Shamela0012791,2,1307,1450,103,72
521,1130,1300,Shamela0010906,876,717,875,112,83
521,1147,1300,JK001157,968,23,168,105,86
521,1162,1300,AOCP20251104131Vols,423,3,137,93,79
521,1158,1300,JK000935,22,26,166,109,96
521,1130,1300,Shamela0035100,1006,579,737,112,83
522,714,1223,Masaha002862,41,1051,1302,83,17
522,378,606,Shia003695Vols,160,533,825,136,51
522,645,1197,Masaha002027,9,924,1498,221,42
523,275,883,Rafed0000705Vols,1200,362,829,226,41
523,314,718,Shia001174Vols,1744,1043,1403,167,42
523,723,943,Shia001174Vols,1745,672,876,153,81
523,526,765,PV2024060601,266,21,294,143,58
523,723,943,PV2024060601,266,750,958,156,82
523,526,765,Shia001122Vols,266,21,294,143,58
523,723,943,Shia001122Vols,266,750,958,156,82
523,550,765,Masaha000001Vols,261,0,249,126,55
523,723,943,Masaha000001Vols,261,704,912,156,82
524,321,578,Rafed0003376Vols,1338,90,294,147,74
524,321,573,Kraken22021802055100,469,393,819,135,38
526,330,731,Shia001392Vols,685,577,945,131,31
526,1262,1518,Rafed0001121,544,1200,1443,195,94
526,330,566,Zaydiyya0000288,809,242,527,118,44
527,65,506,Rafed0001121,545,0,395,302,83
528,1089,1246,Shamela0003722,4984,1256,1408,114,91
528,1100,1277,Shamela0021494,362,48,282,125,65
529,1051,1275,Shia001392Vols,688,167,321,114,63
529,1177,1507,Shia001421Vols,398,960,1390,239,66
529,1177,1507,Shia001299,82,900,1347,241,63
529,1177,1507,Zaydiyya0000227,24,609,943,242,86
529,1132,1468,Shia001432Vols,9311,1154,1527,253,84
529,1177,1507,Shia001432Vols,9624,775,1224,239,64
529,1177,1507,Shia004030Vols,1814,284,699,235,68
529,1132,1507,Shia004030Vols,1920,165,684,278,67
529,1142,1405,Shia004000,120,1414,1666,154,61
529,1177,1507,Zaydiyya0000288,586,398,742,251,90
530,865,1098,Shamela0012791,2,1180,1450,101,46
531,864,1050,Rafed0003793Vols,1088,192,382,147,97
535,188,1402,Rafed0003793Vols,141,0,1340,910,80
536,802,1299,Shia001432Vols,7707,993,1496,386,95
536,1299,1540,Shia001432Vols,7708,0,207,149,78
537,0,1250,Shia001432Vols,7708,207,1452,955,93
537,1250,1448,Shia001432Vols,7709,0,222,152,84
538,0,1355,Shia001432Vols,7709,222,1479,978,89
538,1361,1488,Shia001432Vols,7710,0,128,100,98
539,0,1357,Shia001432Vols,7710,128,1507,1035,90
539,1357,1494,Shia001432Vols,7711,0,138,101,94
540,0,1438,Shia001432Vols,7711,138,1397,979,85
541,23,1528,Shia001432Vols,7712,0,1454,1135,93
542,235,641,Shia004038,76,650,1040,272,82
542,82,1446,Shia001432Vols,7713,0,1350,1050,97
543,97,1532,Shia001432Vols,7714,0,1446,1141,98
543,1369,1532,Rafed0001121,545,1077,1237,114,83
544,79,1473,Shia001432Vols,7715,0,1353,1068,94
544,0,212,Rafed0001121,545,1237,1444,159,93
544,212,421,Rafed0001121,546,0,133,97,58
545,1373,1526,JK000465,2697,1099,1261,98,73
545,1373,1526,Shamela0025794,2018,953,1119,98,71
545,1373,1526,Shamela0025794,2103,504,669,109,80
545,1373,1526,Rafed0002654Vols,3360,1095,1269,108,77
545,1373,1526,Rafed0002654Vols,6660,716,860,94,70
545,1373,1526,Rafed0002654Vols,8861,984,1147,113,86
545,1373,1526,Rafed0002654Vols,12319,338,511,107,76
545,1139,1357,Tafsir02100,156,831,1011,128,74
545,903,1449,JK000030,210,333,810,177,31
545,1373,1526,Shia004050,418,1310,1468,118,92
545,1373,1526,Shia001299,179,62,214,104,76
545,1373,1526,Shia003754Vols,425,1074,1262,118,77
545,1373,1526,Shia001334,81,276,427,103,75
545,1373,1526,Shia001432Vols,2001,624,795,119,86
545,1373,1526,Shia001432Vols,2119,102,289,118,78
545,48,224,Shia001432Vols,7715,1339,1515,142,97
545,228,1526,Shia001432Vols,7716,4,1318,1007,94
545,1373,1526,Shia001432Vols,8402,1140,1292,104,76
545,1373,1526,Shia001432Vols,9077,782,953,119,86
545,918,1175,Shia001432Vols,10124,911,1155,160,74
545,1199,1357,Sham19Y0018144,2331,634,792,121,93
545,1373,1526,Shamela0021570,443,85,251,98,71
545,1373,1526,Shia004092Vols,3744,925,1099,108,77
545,1373,1526,Shia004092Vols,6974,1078,1222,94,70
545,1373,1526,Shia004092Vols,9121,596,770,108,77
545,1373,1526,Shia004092Vols,12287,1042,1215,107,76
545,1373,1526,Masaha002880Vols,428,509,676,105,77
545,936,1526,Masaha000147,14,110,629,378,77
545,1396,1526,JK001324,244,118,256,98,87
545,1373,1526,JK001324,353,1325,1493,105,76
545,1373,1526,Sham19Y0127677,5497,24,191,106,75
545,1279,1526,Zaydiyya0000220,139,0,213,155,76
545,1373,1526,JK000698,166,104,278,108,77
545,1373,1526,Shamela0001438,7791,590,767,108,74
545,1139,1357,JK000475,2553,1181,1361,128,74
545,1373,1526,Sham19Y0022797,26,1195,1370,114,81
545,1373,1526,ShamAY0033604,5,260,431,113,80
545,1373,1526,Shamela0037458,2816,698,860,98,73
545,936,1139,Masaha004568Vols,76,308,514,153,87
545,909,1357,Shia001331,31,617,1045,267,65
545,1373,1526,JK000486,215,604,779,115,82
545,1373,1526,Shamela0021765,2796,1079,1230,98,78
546,0,161,Shamela0025794,2018,1119,1275,119,90
546,21,161,Shamela0008473,3316,701,837,102,88
546,0,161,JK000485,288,1104,1258,122,93
546,0,189,Shia001432Vols,7716,1318,1506,153,99
546,189,813,Shia001432Vols,7717,0,622,476,91
546,167,536,Shia001432Vols,10124,668,1224,173,31
546,0,161,Shamela0021570,443,251,407,122,92
546,0,161,Shamela0001440Vols,319,655,864,125,72
546,0,153,JK000166,9040,1007,1151,113,92
546,175,456,Masaha000147,13,1221,1617,198,58
546,0,161,Masaha000147,14,629,790,129,99
546,0,161,Zaydiyya0000220,139,213,373,129,98
546,0,294,JK000637,3823,80,353,146,51
546,849,1514,Rafed0003793Vols,994,23,659,485,91
546,167,536,Masaha004568Vols,76,82,611,175,33
546,175,518,Shia001331,31,479,695,140,50
546,6,161,JK000486,215,799,958,115,85
546,0,161,Shamela0021765,2796,1230,1384,122,93
547,0,833,Rafed0003793Vols,994,659,1491,666,99
547,833,1514,Rafed0003793Vols,995,0,690,549,98
547,0,449,Rafed0003793Vols,997,123,839,221,34
548,0,826,Rafed0003793Vols,995,690,1519,659,99
548,826,1516,Rafed0003793Vols,996,0,691,558,99
549,995,1398,Rafed0003793Vols,994,652,956,128,34
549,0,888,Rafed0003793Vols,996,691,1582,721,99
549,888,1529,Rafed0003793Vols,997,0,645,507,98
550,553,1539,Rafed0003793Vols,279,0,977,722,85
550,68,194,Rafed0003793Vols,994,956,1108,98,82
550,0,429,Rafed0003793Vols,997,645,1074,340,100
551,869,1483,Zaydiyya0000118,20,975,1168,135,27
551,1043,1253,Shia003710,74,984,1319,111,38
551,0,491,Rafed0003793Vols,279,977,1472,388,98
551,491,1483,Rafed0003793Vols,280,0,988,787,98
552,0,136,Zaydiyya0000118,20,1168,1304,109,99
552,0,530,Rafed0003793Vols,280,988,1517,425,99
552,530,1578,Rafed0003793Vols,281,0,1049,854,99
553,586,1108,Shia003710,75,0,568,361,73
553,0,533,Rafed0003793Vols,281,1049,1582,428,99
553,533,1510,Rafed0003793Vols,282,0,979,783,99
554,0,456,Rafed0003793Vols,282,979,1435,367,100
561,1378,1612,Rafed0003793Vols,497,0,235,187,99
578,964,1410,Shia001416,174,573,851,195,51
584,1214,1443,Shia001432Vols,9179,695,948,152,77
584,1263,1443,Shia001432Vols,10092,699,878,133,94
585,1132,1459,Sham19Y0145435,1665,1141,1464,235,87
585,1169,1475,Shia004038,43,0,303,237,95
585,1213,1475,Shamela0010283,3966,581,846,184,82
585,0,360,Shia001432Vols,9179,948,1284,266,90
585,1125,1468,Shia001432Vols,9281,803,1152,267,95
585,0,365,Shia001432Vols,10092,878,1220,272,92
585,1132,1475,Shamela0009783BK1,1167,524,841,231,81
585,1240,1468,Shamela0007472,11,122,309,117,59
586,0,1546,Sham19Y0145435,1666,19,1547,1166,90
586,0,1282,Shia004038,43,303,1558,983,92
586,1282,1546,Shia004038,44,0,269,198,93
586,55,1171,JK000911,631,692,1589,652,68
586,37,950,Hindawi029620591,8,103,1013,678,87
586,0,722,Shamela0010283,3966,846,1539,551,93
586,722,1546,Shamela0010283,3967,0,827,636,94
586,0,928,JK001030,5,77,1066,618,72
586,0,348,Shia001432Vols,9281,1160,1503,266,95
586,348,1546,Shia001432Vols,9282,0,1183,932,95
586,0,1171,Shia001432Vols,9287,237,1372,748,74
586,112,761,ShamAY0035791,11,282,736,324,59
586,664,893,JK009139,7083,1181,1379,147,78
586,5,883,Hindawi042908302,44,705,1587,639,84
586,883,1213,Hindawi042908302,45,0,659,229,40
586,1428,1546,Hindawi013538483,79,54,218,81,61
586,0,339,Zaydiyya0000039,607,1186,1538,233,78
586,71,478,Sham19Y0023644,1444,711,1075,254,71
586,93,1148,Hindawi084858130,61,287,1202,614,66
586,0,478,Shia002185Vols,1060,1082,1527,289,71
586,497,1304,Shia002185Vols,1061,0,921,529,66
586,0,869,Shia002958,333,733,1543,519,69
586,709,1213,Shia001663Vols,60,807,1194,292,69
586,659,1213,Zaydiyya0000288,718,726,1244,391,87
586,709,1213,Shia001657Vols,45,353,739,292,69
586,93,928,Rafed0000609Vols,61,550,1499,637,80
586,0,1171,Shia001749,13,368,1462,733,73
586,93,1034,Rafed0000040Vols,32,276,1091,538,63
586,55,790,Rafed0000040Vols,204,677,1128,332,54
586,0,674,Shamela0009783BK1,1167,841,1497,509,91
586,674,1546,Shamela0009783BK1,1168,0,810,623,86
586,0,1148,Shamela0007472,11,317,1601,759,64
586,1148,1468,Shamela0007472,12,0,275,122,38
587,10,1653,Sham19Y0145435,1667,0,1476,1114,80
587,0,1393,Shia004038,44,269,1498,959,84
587,1393,1675,Shia004038,45,0,289,229,93
587,1036,1368,Shia004456Vols,1151,1133,1454,245,87
587,1036,1368,Shia004456Vols,4495,655,976,245,87
587,489,1653,JK000911,632,311,1050,562,58
587,0,278,Shamela0010283,3967,827,1508,194,34
587,476,725,Shamela0010283,3968,1196,1429,183,92
587,823,1653,Shamela0010283,3969,0,760,591,83
587,469,1669,JK001030,7,139,1279,712,67
587,0,381,Shia001432Vols,9282,1183,1555,295,95
587,385,1675,Shia001432Vols,9283,3,1144,870,80
587,985,1653,Shia001432Vols,9289,823,1285,264,45
587,1374,1501,ShamAY0035791,11,1031,1150,94,91
587,494,1410,Shamela0036578,57,1202,1573,285,38
587,1410,1633,Shamela0036578,58,0,225,174,86
587,481,1660,JK009139,7084,629,1216,444,46
587,1036,1368,Shia004266Vols,184,467,788,245,87
587,1245,1439,Hindawi061585791,189,1198,1393,149,91
587,1368,1633,Hindawi061585791,192,576,839,204,88
587,0,251,Hindawi042908302,47,57,688,141,28
587,168,531,Hindawi042908302,48,1163,1473,136,47
587,1040,1633,Hindawi042908302,49,0,582,459,91
587,1005,1547,Sham19Y0026523,6241,1120,1573,349,76
587,642,1643,Hindawi084858130,62,0,830,642,76
587,985,1653,Shia002185Vols,1063,188,654,270,46
587,1005,1596,Shia002958,335,1214,1570,214,42
587,1245,1593,Shia001657Vols,46,32,240,158,55
587,985,1653,Shia001749,15,952,1416,266,46
587,1245,1416,Rafed0000040Vols,32,1383,1538,113,81
587,1245,1396,Rafed0000040Vols,204,1253,1393,99,82
587,0,712,Shamela0009783BK1,1168,810,1504,513,86
587,811,1653,Shamela0009783BK1,1169,21,789,591,82
587,345,1653,Shamela0007472,12,386,1487,791,71
588,594,1331,JK000159,2118,977,1499,233,32
588,118,1554,Sham19Y0145435,1668,0,1362,1057,89
588,0,1392,Shia004038,45,289,1592,1041,92
588,1392,1554,Shia004038,46,0,163,127,98
588,20,710,JK000911,632,1030,1581,401,69
588,756,1554,JK000911,633,0,736,544,80
588,1126,1417,Shamela0009789,187,10,356,136,39
588,318,1268,Rafed0000066,43,480,842,207,26
588,20,939,Shamela0010283,3969,740,1631,686,87
588,939,1554,Shamela0010283,3970,0,613,477,96
588,20,348,Shia003636Vols,1283,1039,1593,210,42
588,358,1031,Shia003636Vols,1284,0,501,280,49
588,973,1531,Shia003636Vols,5108,699,960,143,31
588,20,292,JK001030,7,1243,1524,194,76
588,1113,1455,JK001030,8,1071,1516,218,57
588,295,1064,JK001030,8,148,837,453,70
588,20,693,Shia001432Vols,9183,952,1558,360,59
588,20,1554,Shia001432Vols,9277,440,1453,726,56
588,266,1064,Shia001432Vols,9290,35,698,430,62
588,1224,1554,Shia001432Vols,9290,862,1090,122,45
588,1113,1554,ShamAY0035791,12,442,820,284,80
588,20,553,JK009139,7084,1237,1544,232,54
588,553,1554,JK009139,7085,0,646,488,60
588,323,693,Hindawi061585791,193,535,896,269,86
588,20,887,Hindawi042908302,50,722,1611,605,76
588,1123,1554,Hindawi042908302,51,749,1215,291,75
588,887,1108,Hindawi042908302,51,0,249,166,79
588,323,1187,Hindawi013538483,79,510,1221,397,51
588,27,1139,Sham19Y0026523,6242,101,955,563,58
588,20,634,Zaydiyya0000039,609,768,1584,377,52
588,634,1064,Zaydiyya0000039,610,0,346,249,70
588,437,688,Zaydiyya0000039,618,1091,1330,159,76
588,748,1437,Sham19Y0023644,1445,202,630,270,47
588,39,703,Hindawi084858130,62,888,1561,456,79
588,748,1554,Hindawi084858130,63,7,750,491,69
588,20,1086,Shia002185Vols,255,806,1607,565,62
588,1086,1554,Shia002185Vols,256,0,214,161,43
588,20,1012,Shia002185Vols,1063,634,1586,510,53
588,1024,1554,Shia002185Vols,1064,8,450,181,35
588,203,1554,Shia002958,331,0,839,606,54
588,20,1554,Shia002958,336,46,1439,691,47
588,20,973,Rafed0001121,81,723,1575,498,57
588,20,1554,Shia001663Vols,61,87,1425,1023,80
588,569,945,Shia001663Vols,94,31,197,126,40
588,20,442,Shia001663Vols,234,1012,1241,167,48
588,390,693,Shia001663Vols,239,147,421,218,89
588,20,1005,Zaydiyya0000194,41,904,1602,507,62
588,1005,1554,Zaydiyya0000194,42,0,323,211,45
588,20,1237,Zaydiyya0000288,719,77,1210,777,73
588,20,1417,Shia001657Vols,46,245,1557,906,72
588,1417,1554,Shia001657Vols,47,0,142,107,95
588,1224,1554,Shia001749,16,969,1217,138,50
588,266,1064,Shia001749,16,143,804,422,60
588,20,934,Shamela0009783BK1,1169,769,1635,667,86
588,934,1554,Shamela0009783BK1,1170,0,593,452,88
588,47,1554,Shamela0007472,13,0,1580,1041,73
589,61,484,Zaydiyya0000328,328,233,518,202,56
589,1115,1477,Zaydiyya0000328,328,643,886,144,47
589,0,194,Sham19Y0145435,1668,1362,1559,156,96
589,194,1483,Sham19Y0145435,1669,0,1251,960,92
589,0,1353,Shia004038,46,163,1498,1034,93
589,1353,1483,Shia004038,47,0,131,101,98
589,0,886,JK000911,633,736,1480,559,76
589,1115,1477,Zaydiyya0000037Vols,321,586,916,183,57
589,61,484,Zaydiyya0000037Vols,321,56,461,187,40
589,1115,1417,JK001325,16,458,644,104,40
589,0,902,Shamela0010283,3970,613,1498,683,91
589,927,1483,Shamela0010283,3971,33,578,411,91
589,1115,1335,Zaydiyya0000003,50,1183,1402,125,65
589,61,484,Zaydiyya0000003,50,792,1059,189,53
589,61,833,Shia003636Vols,1285,229,899,363,46
589,61,898,Shia003636Vols,5108,960,1555,447,65
589,0,546,Shamela0012222,8,485,1164,303,47
589,0,833,JK001030,9,133,1200,471,49
589,147,886,Shia001432Vols,9278,0,372,247,40
589,813,1079,Shia001432Vols,9283,1280,1552,210,95
589,1079,1483,Shia001432Vols,9284,0,405,307,95
589,0,476,Shia001432Vols,9290,1090,1494,267,62
589,580,833,Shia001432Vols,9296,19,248,161,74
589,61,476,Zaydiyya0000098,1009,121,373,142,39
589,78,323,Shamela0036578,58,358,599,160,76
589,0,382,JK009139,7085,646,982,249,76
589,157,1417,Hindawi042908302,52,594,1473,450,42
589,157,323,Hindawi013538483,80,256,395,112,83
589,66,805,Hindawi096385968,19,625,1136,341,54
589,323,742,Zaydiyya0000039,610,1065,1484,241,64
589,1154,1483,Sham19Y0023644,1445,880,1198,213,77
589,0,382,Hindawi084858130,63,750,1041,200,61
589,0,886,Shia002185Vols,256,214,681,308,41
589,0,476,Shia002185Vols,1064,450,854,261,60
589,0,489,Shia002958,331,839,1161,228,55
589,141,476,Shia002958,337,0,270,171,58
589,0,147,Shia001663Vols,61,1425,1572,117,93
589,323,1483,Shia001663Vols,62,337,1256,695,73
589,951,1063,Shia001663Vols,63,567,677,87,97
589,769,1440,Shia001663Vols,235,0,336,257,48
589,0,489,Zaydiyya0000194,42,323,644,220,53
589,1180,1299,Zaydiyya0000194,56,635,755,91,97
589,61,564,Zaydiyya0000288,719,1227,1552,233,55
589,564,1483,Zaydiyya0000288,720,0,651,470,63
589,0,1427,Shia001657Vols,47,142,1486,796,59
589,951,1063,Shia001657Vols,48,745,855,87,97
589,0,420,Shia001749,16,1217,1564,241,63
589,546,833,Rafed0000040Vols,33,682,962,218,93
589,0,938,Shamela0009783BK1,1170,593,1509,712,92
589,938,1483,Shamela0009783BK1,1171,0,532,403,93
589,1115,1440,Shamela0012320,1190,508,708,137,53
589,0,1180,Shamela0007472,14,0,1351,683,53
590,49,511,JK000159,2120,660,1045,188,49
590,0,225,Sham19Y0145435,1669,1251,1477,180,96
590,225,802,Sham19Y0145435,1670,0,570,439,94
590,0,1380,Shia004038,47,131,1515,1072,93
590,138,646,JK000911,634,0,412,282,69
590,206,418,Hindawi037942742,29,1235,1484,152,72
590,0,797,Shamela0010283,3971,578,1384,621,95
590,184,772,Zaydiyya0000185,119,164,459,180,36
590,0,802,JK001030,10,188,1239,537,59
590,0,797,Shia001432Vols,9185,18,773,375,51
590,138,646,Shia001432Vols,9278,440,808,237,59
590,0,1011,Shia001432Vols,9284,405,1473,788,90
590,1011,1470,Shia001432Vols,9285,0,452,365,98
590,130,797,Hindawi042908302,53,12,577,337,60
590,0,714,Zaydiyya0000220,204,342,997,335,51
590,101,689,Zaydiyya0000039,615,804,1495,407,69
590,0,321,Sham19Y0023644,1445,1198,1488,175,65
590,484,797,Shamela0008657,207,36,315,176,67
590,138,646,Shia002185Vols,256,749,1117,238,59
590,215,797,Rafed0001121,83,3,522,265,52
590,0,148,Shia001663Vols,62,1256,1403,118,97
590,148,785,Shia001663Vols,71,801,1435,491,95
590,459,797,Shamela0012406,859,8,367,198,62
590,0,802,Zaydiyya0000288,720,651,1443,588,88
590,0,148,Shia001657Vols,48,55,202,118,97
590,148,833,Shia001657Vols,64,25,703,504,91
590,0,802,Shamela0009783BK1,1171,532,1329,621,95
590,130,239,Shamela0007472,14,1431,1540,84,95
590,239,646,Shamela0007472,15,0,675,310,57
591,619,923,Shamela0009773,491,225,532,223,92
591,619,893,JK000239,416,451,642,147,67
591,758,893,JK000159,2119,231,350,86,78
591,510,614,JK009336,835,1048,1151,71,81
591,510,614,Shamela0037837,497,773,870,72,85
591,494,614,Shia004456Vols,736,54,168,79,80
591,510,614,Shia004456Vols,1150,476,573,72,85
591,758,893,ShamAY0002038,371,1081,1181,77,71
591,1207,1454,Shia001392Vols,565,542,924,111,32
591,619,893,Shamela0025794,40,799,1034,177,81
591,619,893,Shamela0025794,776,99,335,177,80
591,619,893,Shamela0025794,792,1219,1461,182,84
591,672,893,Sham19Y0017817,120,968,1216,152,74
591,659,893,JK000471,1620,450,702,175,86
591,619,893,Shamela0023700,1386,476,708,177,82
591,690,893,Sham19Y0039268,226,0,230,151,81
591,619,893,Sham19Y0039268,286,551,856,194,77
591,498,614,Shamela0009633,6,861,978,82,84
591,494,614,Masaha002028Vols,1754,115,229,79,80
591,619,893,JK000482,41,690,918,172,79
591,510,614,Shia001555Vols,499,823,920,72,85
591,494,614,Shia001555Vols,502,971,1085,79,80
591,619,893,JK000484,5286,253,508,181,79
591,619,893,JK000467,1410,436,698,174,74
591,662,893,JK009231,620,499,681,136,72
591,619,893,JK000916,11453,343,736,196,62
591,498,614,JK000916,11460,908,1024,77,76
591,494,614,JK000916,11464,772,902,87,79
591,662,893,ShamAY0037574,1184,1311,1537,142,67
591,619,893,JK000630,232,138,373,179,83
591,619,893,Sham19Y0148271,1716,753,986,177,81
591,647,893,Shamela0001875,324,1180,1409,165,79
591,1153,1454,Shia001432Vols,9315,762,1028,191,81
591,510,614,Sham19Y0018106,4045,863,960,72,85
591,662,893,JK008001,1920,807,1025,165,88
591,662,893,JK008001,1928,661,846,130,72
591,619,893,Shamela0026039,256,42,290,177,77
591,510,614,Sham19Y0017533,17,1231,1328,72,85
591,494,614,Sham19Y0001729,237,119,249,87,79
591,619,893,Shamela0021570,173,657,917,176,74
591,650,893,Shamela0012220,1069,380,625,171,83
591,749,893,JK000166,9656,649,777,97,86
591,510,614,JK009313,4876,794,891,72,85
591,647,893,JK009313,5017,1025,1278,175,82
591,502,614,JK009313,5567,887,993,73,78
591,510,614,Sham19Y0013605,4730,909,1006,72,85
591,510,614,Shamela0036446,716,933,1036,71,81
591,662,893,Shamela0036446,1215,687,876,141,76
591,614,893,Shamela0010906,737,423,682,179,78
591,753,893,JK000728,15,13,183,109,81
591,510,614,Sham19Y0014309,944,1309,1406,72,85
591,662,893,Shia001404,44,492,727,168,84
591,498,614,Zaydiyya0000106,13,112,225,84,88
591,510,614,Sham19Y0013252,9859,357,454,72,85
591,619,893,JK000786,683,226,462,180,83
591,619,893,JK000786,4225,624,877,192,87
591,654,893,JK009390,4046,946,1099,91,49
591,654,893,JK009390,4201,151,350,136,68
591,619,893,Shamela0009567,459,90,327,178,81
591,619,893,Sham19Y0122397,433,694,980,181,72
591,662,804,JK001324,10,1395,1546,112,91
591,662,893,Sham19Y0127677,3001,476,694,165,88
591,672,893,Sham19Y0127677,4726,518,706,134,77
591,510,614,Sham19Y0016684,1938,231,328,72,85
591,619,866,JK000698,178,1203,1441,173,85
591,510,614,Sham19Y0018103,3968,463,560,72,85
591,619,893,Sham19Y0146127,2833,869,1078,161,74
591,494,614,Shamela0006617,684,1330,1442,80,81
591,510,614,PV2024060602,1829,1078,1175,72,85
591,619,893,PV2024060602,7244,284,505,168,77
591,662,893,Shamela0001438,5575,259,477,165,88
591,650,893,JK000637,1645,211,446,178,90
591,619,893,JK000475,181,9,230,168,77
591,758,889,Shamela0004473,4156,1123,1241,87,82
591,619,876,Shamela0004445,2436,1255,1485,171,81
591,494,614,Shamela0021751,7289,142,274,83,76
591,662,893,JK000983,1466,303,493,145,78
591,662,809,Shamela0011997,54,1336,1503,116,84
591,498,614,Shamela0011997,54,580,689,79,82
591,619,893,JK000022,1368,1123,1356,163,75
591,766,893,ShamAY0035884,605,0,124,97,96
591,619,893,ShamAY0035884,882,495,728,179,81
591,510,614,JK007065,24,417,520,71,81
591,619,893,Shamela0008237,57,265,486,159,73
591,1185,1343,Shia002185Vols,2517,1019,1117,73,59
591,494,614,ShamAY0034447,1554,780,894,79,80
591,619,893,ShamAY0034447,1555,31,320,190,78
591,510,614,JK000110,1829,1078,1175,72,85
591,619,893,Shamela0021494,165,426,658,177,82
591,498,614,JK006886,157,1059,1174,80,83
591,498,614,JK007021,205,574,682,76,83
591,494,614,Shamela0012406,857,534,648,77,78
591,498,614,Shamela0029713,2,509,626,81,82
591,619,893,ShamAY0033910,160,141,362,168,77
591,494,614,Shamela0023833,921,1237,1351,79,80
591,647,893,Shamela0003118,3539,205,440,169,82
591,494,614,Shamela0003118,3544,312,442,87,79
591,510,614,Sham19Y0018176,2439,473,570,72,85
591,668,893,Shamela0012062,68,0,210,155,87
591,619,893,Shamela0010480,124,780,1043,179,77
591,699,893,Shamela0010480,125,0,209,140,78
591,650,893,MMS00024,18,372,615,173,84
591,510,614,Sham19Y0020638,1105,664,761,72,85
591,619,893,JK000130,163,141,362,168,77
591,510,614,Sham19Y0016584,4510,345,442,72,85
591,510,614,Sham19Y0127656,780,1048,1145,72,85
591,510,614,JK009324,2942,1018,1115,72,85
591,614,893,Shamela0035100,733,972,1232,180,79
591,619,893,Shamela0035100,778,455,671,161,74
591,619,893,JK000593,3,332,568,181,82
591,619,893,Shamela0021765,1441,777,1057,179,74
594,1143,1361,Hindawi026964862,4,1144,1327,122,65
594,1069,1414,Sham19Y0145435,2054,21,338,244,89
594,1121,1392,Shia004456Vols,767,4,287,155,64
594,1069,1414,JK000911,857,576,898,220,74
594,1086,1414,Hindawi029620591,141,884,1161,209,79
594,1072,1392,Shia001555Vols,533,900,1275,187,58
594,1201,1361,Sham19Y0020891,3339,1340,1473,89,67
594,1069,1369,Sham19Y0020891,5692,1399,1636,148,57
594,1029,1216,Shia001432Vols,9315,1231,1419,145,96
594,1211,1414,Shia001432Vols,9316,0,185,135,84
594,1069,1260,Shia001432Vols,10090,1296,1456,116,73
594,1101,1414,Shia001432Vols,10255,576,833,170,64
594,1187,1414,Hindawi039308515,78,8,225,129,63
594,1154,1414,ShamAY0035791,27,745,947,121,54
594,1129,1414,JK008001,4934,327,445,65,27
594,1029,1414,Zaydiyya0000142,1768,677,1018,257,84
594,1129,1414,JK000839,84,86,203,61,25
594,1160,1357,Zaydiyya0000106,43,0,168,128,82
594,1133,1414,JK009390,4320,494,604,62,26
594,1129,1414,Sham19Y0127677,3260,115,233,65,27
594,1086,1392,Shamela0007669,776,905,1268,181,56
594,1129,1414,Shamela0001438,5612,1283,1401,65,27
594,1086,1414,Hindawi068305130,626,686,977,224,86
594,1086,1414,Shia002185Vols,128,841,1150,204,70
594,1069,1183,Zaydiyya0000194,45,549,663,90,100
594,1163,1414,Zaydiyya0000288,26,0,240,169,80
594,1069,1414,Shamela0009783BK1,1695,256,573,244,89
594,1072,1352,Shamela0023789,999,1061,1374,179,65
595,267,870,Shamela0009773,2876,0,571,446,92
595,530,801,Shamela0009773,2962,598,935,141,55
595,144,801,Shia004456Vols,756,725,1467,489,82
595,160,620,Shamela0025794,39,896,1406,355,88
595,144,801,Shia001555Vols,523,195,936,489,82
595,144,670,JK000916,17533,203,773,405,90
595,0,1392,Shia001432Vols,9316,185,1441,959,86
595,0,870,Shia001432Vols,10091,139,1249,626,68
595,100,870,Shia001432Vols,10259,499,1260,581,94
595,445,762,ShamAY0035791,27,536,966,215,63
595,187,418,JK008001,1978,1210,1433,170,93
595,434,670,JK008001,1979,51,292,183,95
595,160,670,Shamela0026039,161,332,886,392,89
595,199,306,Shamela0012220,1078,674,781,84,100
595,160,670,Shamela0010906,986,303,674,246,56
595,382,850,Hindawi013538483,644,290,737,246,57
595,310,670,JK009390,4307,0,417,266,77
595,187,520,JK009390,5843,1030,1451,250,75
595,160,670,Shamela0009567,403,515,1074,394,89
595,144,378,Shamela0005978,283,422,568,77,43
595,187,458,Sham19Y0127677,3225,1157,1456,202,83
595,461,670,Sham19Y0127677,3226,0,218,163,93
595,187,670,Shamela0001438,5105,659,1175,366,88
595,187,675,JK000637,1325,236,771,374,88
595,246,378,JK000637,1808,0,202,98,60
595,144,670,ShamAY0035884,1027,766,1312,403,94
595,160,378,ShamAY0035884,1043,321,494,102,54
595,176,335,Shamela0003118,5111,1255,1418,119,92
595,335,670,Shamela0003118,5112,0,374,258,87
595,160,675,Shamela0035100,758,1075,1437,242,55
602,680,845,Shia001432Vols,10082,461,625,130,99
605,1262,1432,Shia001432Vols,10082,650,778,96,71
606,946,1499,Shia003461Vols,517,209,704,371,79
606,946,1261,Sham19Y0145435,2055,1223,1527,241,91
606,1261,1499,Sham19Y0145435,2056,0,247,182,88
606,946,1499,Shia004456Vols,765,623,1171,416,88
606,942,1499,Shia004456Vols,768,65,579,368,79
606,946,1499,Shia004456Vols,772,767,1164,303,66
606,946,1499,JK000911,859,41,454,318,70
606,1180,1499,Hindawi029620591,142,1135,1439,237,89
606,935,1499,JK009325,714,801,1087,216,46
606,1185,1499,Shia001553,188,110,301,140,54
606,946,1499,Shamela0010283,4176,649,1063,303,66
606,946,1499,Shia001555Vols,532,147,695,416,88
606,942,1389,Shia001555Vols,534,1117,1537,303,81
606,946,1499,Shia001555Vols,539,333,729,303,66
606,938,1483,Shia001432Vols,10262,459,822,162,34
606,946,1499,Hindawi039308515,79,96,417,243,53
606,1322,1499,ShamAY0035791,28,1159,1327,131,87
606,1185,1499,Zaydiyya0000142,1784,256,581,243,89
606,1093,1499,Zaydiyya0000087BK1,90,614,925,224,64
606,1299,1499,Hindawi068305130,627,340,547,143,79
606,1190,1499,Rafed0000040Vols,1524,459,645,136,54
606,1190,1499,Rafed0000040Vols,1609,966,1152,137,54
606,993,1499,JK010372,63,865,1100,182,43
606,935,1499,Shamela0012396BK1,208,1144,1602,336,69
606,1044,1499,Shamela0009783BK1,1697,0,462,361,93
606,942,1235,Shamela0023789,1000,1269,1544,206,82
606,1235,1499,Shamela0023789,1001,0,247,165,73
607,0,130,Shia003461Vols,517,704,833,102,99
607,0,130,Shia004456Vols,765,1171,1300,102,99
607,0,130,ShamAY0035791,28,1327,1456,102,99
607,0,130,Zaydiyya0000142,1784,581,710,102,99
607,0,130,Zaydiyya0000087BK1,90,925,1042,91,88
607,0,130,Hindawi082068526,135,218,347,102,99
607,0,130,Shamela0009783BK1,1697,462,592,103,100
611,24,1180,Shia001432Vols,9307,607,1516,622,65
613,506,1510,Shia001432Vols,9308,0,1007,759,90
614,1144,1275,Zaydiyya0000227,23,1357,1486,104,97
614,0,468,Shia001432Vols,9308,1007,1464,359,97
614,468,1463,Shia001432Vols,9309,0,959,721,87
615,827,1141,Shia004456Vols,3127,734,1033,196,76
615,726,1141,Shia004456Vols,3132,382,700,177,53
615,827,1141,Shia004456Vols,3154,462,733,161,64
615,768,1141,Rafed0002654Vols,1052,1099,1446,234,75
615,884,1141,Rafed0002654Vols,7286,0,236,178,87
615,827,1131,Rafed0002654Vols,7855,359,648,157,60
615,794,1141,JK000916,16387,404,700,183,68
615,0,1398,Zaydiyya0000227,27,291,1479,887,78
615,0,530,Shia001432Vols,9309,959,1471,384,89
615,530,1463,Shia001432Vols,9310,0,912,662,88
615,722,1202,Shia001432Vols,13277,502,985,266,64
615,65,750,Shia001432Vols,13689,253,657,270,50
615,726,1054,Zaydiyya0000098,827,553,938,150,48
615,788,1049,Sham19Y0020879,596,503,770,140,59
615,768,1141,Shia004092Vols,1480,1112,1448,232,77
615,779,1141,Shia004092Vols,7598,412,714,216,75
615,768,1141,Shia004030Vols,1938,890,1225,239,81
615,530,755,Shia001416,112,165,389,166,96
615,893,1131,JK005020,454,0,206,148,75
615,726,1141,Shamela0008657,466,1059,1384,188,57
615,768,1198,Shia003697,26,472,832,253,74
615,830,1141,Shamela0001001,57,542,825,97,29
615,321,750,Shia001615Vols,2093,0,404,256,74
615,96,750,Shia001349Vols,403,1049,1405,230,44
615,779,1141,Shamela0012579,988,329,652,233,81
615,827,1202,Shia003707Vols,87,97,410,226,77
616,228,587,Shia001392Vols,350,325,591,170,60
616,0,206,Rafed0002654Vols,2941,603,793,129,72
616,0,220,Shia001368,16,181,299,91,52
616,228,587,Shia003636Vols,5457,1123,1372,170,60
616,0,311,Zaydiyya0000227,28,57,397,165,54
616,0,550,Shia001432Vols,9310,912,1443,412,92
616,550,1544,Shia001432Vols,9311,0,981,755,90
616,40,567,Shia001432Vols,12717,286,844,268,51
616,0,206,Shia004092Vols,3315,1261,1450,128,71
616,211,416,Shia003710,250,1296,1491,137,77
616,416,576,Shia003710,251,0,168,119,88
616,40,576,Shia004030Vols,66,700,1263,272,51
616,1298,1537,Shia004030Vols,1919,1306,1558,170,78
616,1360,1540,Sham19Y0123581,147,1238,1377,79,53
616,0,220,Shia001416,40,157,329,120,67
616,211,500,Shia001416,101,1136,1420,219,92
616,211,591,Shia001416,175,230,615,301,96
616,726,928,Zaydiyya0000238,35,1315,1513,132,71
616,40,576,Shia001349Vols,692,356,928,271,51
617,1327,1488,Shia004456Vols,1155,901,1083,115,78
617,1355,1501,Masaha001842Vols,119,52,233,111,76
617,1355,1497,Shamela0007853,100,407,584,113,79
617,1327,1497,JK000764,686,621,826,112,67
617,251,670,Zaydiyya0000227,24,609,1013,311,89
617,0,559,Shia001432Vols,9311,981,1527,430,96
617,559,1529,Shia001432Vols,9312,0,971,758,94
617,948,1255,Shia001432Vols,9651,1300,1549,188,72
617,1327,1488,JK008001,1990,684,878,117,74
617,1355,1497,Shia003729Vols,122,1372,1547,110,76
617,1327,1488,Sham19Y0127677,4014,761,944,111,73
617,0,670,Shia004030Vols,1920,8,754,504,81
617,1327,1488,Shamela0001438,6275,377,571,117,74
617,944,1132,Shia001416,135,685,885,149,94
617,1355,1497,Sham19Y0018147,764,1261,1442,113,78
617,1355,1497,Shamela0010614,214,534,707,109,76
617,84,688,Zaydiyya0000288,586,174,830,383,63
617,1355,1497,Shamela0023789,852,759,936,113,79
618,0,167,Shamela0007853,100,206,364,107,78
618,14,167,Shia001368,318,1255,1405,110,84
618,0,608,Shia001432Vols,9312,971,1522,382,76
618,608,1499,Shia001432Vols,9313,0,855,638,86
618,55,211,Shia001432Vols,13689,0,136,92,73
618,0,167,Shia003729Vols,122,1162,1329,116,82
618,0,167,Shia001416,119,645,808,127,93
618,19,167,Shamela0010614,214,337,491,112,88
618,19,319,Shia003687,35,656,1237,186,38
618,24,211,Shia001349Vols,403,754,924,111,68
618,0,167,Shamela0023789,852,554,716,112,80
619,0,640,Shia001432Vols,9313,855,1493,501,98
619,640,1506,Shia001432Vols,9314,0,871,686,97
620,645,909,Shia001432Vols,9307,646,1011,99,28
620,0,296,Shia001432Vols,9314,871,1147,213,87
620,835,1251,Shia001432Vols,9314,1142,1528,299,89
620,1251,1515,Shia001432Vols,9315,0,267,210,98
621,665,1458,Shia001432Vols,9317,468,1246,449,64
626,967,1456,Shia001432Vols,9318,872,1348,372,94
627,5,164,Shia001432Vols,9318,1354,1491,104,83
627,164,1496,Shia001432Vols,9319,0,1365,1005,89
628,1315,1462,Shamela0009773,497,0,144,105,89
628,0,121,Shia001432Vols,9319,1365,1486,92,96
628,121,1462,Shia001432Vols,9320,0,1338,1039,96
628,1171,1462,Shia004030Vols,1862,1133,1418,219,94
628,881,1177,Shia004030Vols,1865,147,435,218,93
628,1185,1462,Zaydiyya0000039,640,285,461,110,47
628,1185,1462,Zaydiyya0000288,728,759,910,103,46
629,337,577,Shamela0009773,495,1218,1436,158,79
629,1305,1472,Shamela0009773,496,402,573,128,95
629,0,229,Shamela0009773,497,144,365,164,85
629,1052,1321,Shamela0009773,497,605,896,158,62
629,0,142,Shia001432Vols,9320,1338,1463,99,87
629,142,1472,Shia001432Vols,9321,0,1292,968,89
629,334,1047,Shia001432Vols,9338,41,523,373,65
629,321,829,Shia004030Vols,1862,325,810,357,81
629,83,499,Shia004030Vols,1863,0,389,221,61
629,1288,1472,Shia004030Vols,1863,263,464,140,89
629,473,1042,Shia003764Vols,326,0,298,224,49
629,0,234,Zaydiyya0000039,640,461,691,177,94
629,381,1088,Shia001416,100,779,1480,333,48
629,1084,1281,Shia001663Vols,70,585,776,118,74
629,0,229,Zaydiyya0000288,728,910,1122,163,89
629,392,541,Shia001657Vols,52,1321,1447,88,70
629,1084,1281,Shia001657Vols,55,1210,1450,118,60
630,0,528,Shamela0009773,496,573,1040,360,86
630,1024,1183,Shia003636Vols,5458,1036,1188,117,91
630,0,459,Shia001432Vols,9321,1292,1440,110,30
630,144,1438,Shia001432Vols,9322,0,1292,960,90
630,0,966,Shia004030Vols,1863,464,1466,660,79
630,899,1366,Shia004030Vols,1864,498,1069,298,62
630,725,1409,Shia001416,101,457,863,277,48
630,1063,1188,Shia002958,408,4,120,88,85
631,134,1456,Shia001432Vols,9323,0,1358,1023,94
631,287,538,Shia004030Vols,1862,864,1117,191,96
631,1087,1392,Shia004030Vols,1864,1179,1489,234,93
631,603,1080,Shia004030Vols,1864,0,476,356,90
631,356,821,Zaydiyya0000039,640,712,1096,249,64
631,0,366,Shia001416,101,837,1181,237,80
631,356,766,Zaydiyya0000288,728,1138,1463,223,68
632,110,1504,Shia001432Vols,9324,0,1303,887,70
633,0,215,Shia001432Vols,9324,1303,1522,169,92
633,221,1543,Shia001432Vols,9325,13,1333,1024,95
634,0,174,Shia001432Vols,9325,1333,1507,134,98
634,174,1493,Shia001432Vols,9326,0,1324,1021,94
634,811,1032,Shia001404,21,1300,1569,156,68
634,1040,1465,Shia001404,22,9,430,323,91
635,0,103,Shia001432Vols,9326,1324,1427,81,100
635,940,1574,Shia001432Vols,9327,0,1079,429,46
635,103,513,Shia001404,55,756,1186,290,78
636,343,932,Shia001432Vols,9327,593,1529,427,54
636,941,1549,Shia001432Vols,9328,18,621,453,90
637,0,312,Shia001432Vols,9328,621,933,239,93
637,1115,1317,Shia001404,57,451,671,141,78
638,468,1053,Shia001404,54,287,841,393,84
639,6,618,Shia001432Vols,9329,388,1011,466,89
639,1111,1317,Shia001404,57,695,885,157,91
640,690,885,Shia001432Vols,9329,57,224,129,80
641,6,374,Shia001432Vols,9330,140,498,237,79
643,813,1484,Shia001432Vols,9332,960,1525,383,68
644,436,657,Shia001432Vols,9335,0,232,172,91
644,1090,1258,Shia001432Vols,9592,1105,1273,135,100
644,907,1082,Shia001432Vols,9593,421,636,118,71
644,848,1042,Shia003710,280,148,707,95,22
645,850,1388,Shia004050,414,874,1529,374,67
645,559,752,Shia004050,414,0,192,138,84
645,317,752,Shia001432Vols,9330,787,1204,305,84
645,850,1529,Shia001432Vols,9331,349,1118,447,66
646,0,618,Shia004050,415,111,787,437,75
646,0,325,Shia001432Vols,9331,1118,1536,252,73
646,330,618,Shia001432Vols,9332,4,291,203,79
646,1361,1537,Shia001432Vols,9333,62,235,138,96
646,0,240,Shia001416,161,79,286,138,71
647,0,1161,Shia001432Vols,9333,235,1525,830,76
647,1161,1553,Shia001432Vols,9334,0,397,306,94
648,0,942,Shia001432Vols,9334,397,1291,657,84
648,942,1563,Shia001432Vols,9335,232,856,478,92
649,0,803,Shia001432Vols,9335,861,1575,552,85
649,808,1566,Shia001432Vols,9336,6,789,553,81
650,0,706,Shia001432Vols,9336,789,1500,505,86
650,871,1344,Shia001432Vols,9593,664,875,122,31
651,370,678,Shia001432Vols,9592,1302,1573,199,79
651,188,328,Shia003710,280,715,853,106,96
652,1078,1431,Masaha004743,138,1010,1367,224,71
652,1084,1250,Shia001392Vols,176,81,241,86,50
652,1078,1263,Shia001432Vols,13470,205,403,147,91
652,1078,1257,Shia001432Vols,13477,1008,1314,144,57
652,1078,1408,Shia001303,48,440,893,233,61
652,1094,1257,Shia001303,162,0,179,134,91
652,754,1391,Sham19Y0026523,1100,539,747,142,27
652,1043,1263,Shia001307,66,28,229,146,76
652,1078,1263,Shia001384,14,896,1092,141,88
652,1078,1257,Shia001349Vols,334,699,1005,146,58
652,1043,1275,Shia001377,45,689,893,143,70
653,1325,1574,Masaha000998Vols,503,976,1318,166,60
653,6,128,Shia001322Vols,2,1097,1220,95,95
653,1185,1336,Shia003636Vols,5231,418,543,100,81
653,542,1224,Shia001432Vols,14037,358,789,344,62
653,0,128,Shia001551,161,1362,1494,99,93
653,6,128,Masaha001023,35,314,437,95,95
653,0,128,Rafed0001121,236,1029,1160,98,93
653,559,699,Shia001615Vols,610,349,503,113,90
654,0,160,Shia003636Vols,5231,626,796,126,94
654,201,850,Shia001432Vols,14037,849,1504,506,93
655,241,434,Shia004092Vols,816,1200,1389,127,78
655,481,1376,Shia004092Vols,817,0,876,698,95
656,585,1292,Shia004092Vols,817,876,1583,555,95
656,1292,1550,Shia004092Vols,818,0,262,198,94
661,777,1468,Shia004664,74,432,635,141,21
663,1084,1357,Shia001432Vols,10177,888,1226,175,62
663,1062,1533,Rafed0003793Vols,1104,0,472,381,99
664,487,989,Shia004038,107,1056,1554,389,96
664,578,769,Shia001392Vols,739,349,545,108,62
664,269,650,Shia001432Vols,10177,1162,1550,301,97
664,650,1498,Shia001432Vols,10178,0,781,598,87
664,578,796,Shia001432Vols,13059,962,1244,127,54
664,601,832,Masaha000147,67,1301,1536,144,76
664,656,915,Shia004030Vols,431,0,283,126,45
664,578,883,Shia004009,67,401,807,144,40
664,273,1020,Tafsir04039,3231,240,765,388,65
664,0,1041,Rafed0003793Vols,1104,472,1526,832,98
664,1041,1498,Rafed0003793Vols,1105,0,459,366,99
665,793,1139,Shia001404,74,897,1350,251,65
665,1338,1506,Rafed0003793Vols,747,0,168,134,100
665,161,1163,Rafed0003793Vols,1116,0,934,746,90
666,6,262,Rafed0003793Vols,404,1255,1498,194,94
666,262,452,Rafed0003793Vols,405,0,190,147,99
666,550,753,Rafed0003793Vols,1116,941,1254,162,62
668,1368,1542,Shia004013,43,786,960,153,100
668,512,671,Shia004456Vols,1350,1235,1393,118,88
670,1079,1261,Shia001542Vols,177,861,1043,154,100
670,31,758,Rafed0003793Vols,734,946,1515,449,76
670,758,1752,Rafed0003793Vols,735,0,769,606,75
671,0,625,Rafed0003793Vols,735,769,1244,368,72
672,685,1036,Shia001278Vols,98,1193,1559,254,81
672,1013,1251,Shia001432Vols,9901,1008,1252,189,90
672,1013,1251,Shia001432Vols,11952,29,255,170,82
672,7,335,Shia001404,101,1078,1464,221,71
673,814,1525,Shia001432Vols,10175,475,1221,460,69
673,814,1518,Shia001404,99,1053,1504,312,54
675,143,660,Masaha000998Vols,480,79,535,181,29
675,805,1425,Masaha000998Vols,480,888,1297,170,29
675,143,660,JK007018,733,983,1580,187,25
675,143,660,Shamela0009789,326,764,1359,180,24
675,143,948,QuranAnalysis001,222,775,1507,307,33
675,366,948,JK000585,4140,944,1315,217,46
675,324,675,Shamela0008473,2299,453,1175,213,32
675,324,948,Shamela0008473,4400,779,1441,277,36
675,135,948,Sham19Y0023618,1602,119,871,311,33
675,143,660,Shia003636Vols,14914,218,632,183,34
675,324,660,Sham19Y0014328,649,741,1260,210,42
675,143,948,ShamAY0036821,1734,701,1427,304,33
675,366,1119,ShamIbadiyya0000129,154,752,1318,337,51
675,143,948,Shamela0023578,2893,336,1068,307,33
675,143,660,Shia001432Vols,5561,9,233,173,40
675,324,618,JK000356,6,1270,1573,175,69
675,143,964,Rafed0003943Vols,1455,807,1559,313,33
675,143,948,Shamela0029743,1026,0,732,307,33
675,143,660,ShamAY0037152,991,678,1193,190,29
675,540,948,JK009396,1476,451,1091,264,50
675,143,660,Shamela0006947,8586,259,504,178,39
675,366,1119,JK000698,174,66,657,311,46
675,143,660,Shia001416,193,965,1518,181,26
675,155,660,JK009270,4860,0,519,171,25
675,143,660,Shia002185Vols,2131,0,417,184,32
675,143,1191,Shia002185Vols,2657,802,1620,641,74
675,1191,1776,Shia002185Vols,2658,0,559,427,88
675,158,948,JK009268,4191,0,717,295,32
675,143,849,Shamela0023591,6237,1022,1654,226,27
675,135,1502,Rafed0003793Vols,1098,344,1581,911,79
675,1502,1776,Rafed0003793Vols,1099,0,275,223,99
675,366,1098,Rafed0003452,57,242,943,344,46
676,1282,1562,Shia001373,167,145,376,166,72
676,1282,1562,Tafsir04039,2625,866,1101,164,69
676,547,849,Shia002185Vols,2654,0,294,198,71
676,0,292,Shia002185Vols,2658,559,750,139,57
676,624,910,Rafed0003793Vols,506,699,985,227,100
676,997,1674,Rafed0003793Vols,938,543,1302,551,88
676,0,374,Rafed0003793Vols,1099,275,649,303,100
677,817,1079,Shia001278Vols,143,7,348,207,68
677,88,343,Rafed0003793Vols,938,1307,1564,205,97
677,343,1395,Rafed0003793Vols,939,0,904,703,82
677,1363,1674,Rafed0003793Vols,1099,649,951,234,92
678,278,560,JK000791,2152,96,378,227,100
678,460,1194,JK000791,2153,31,691,277,37
678,278,1684,Masaha000998Vols,480,79,1167,815,70
678,278,877,JK007018,733,983,1604,353,55
678,278,560,Zaydiyya0000076BK16,61,383,1108,227,38
678,732,900,Sham19Y0009800,850,755,921,136,98
678,919,1481,Shamela0021512,486,1344,1551,149,33
678,919,1642,Shamela0021512,502,376,674,208,36
678,278,900,Shamela0009789,326,764,1407,366,55
678,278,460,Shamela0007798,8370,1140,1322,146,100
678,740,1022,Shamela0007798,8374,496,720,162,69
678,278,937,QuranAnalysis001,222,775,1376,379,59
678,278,460,Shia002382Vols,2258,1042,1224,146,100
678,740,900,Shia002382Vols,2260,15,174,130,99
678,278,560,Rafed0003257Vols,4849,1041,1323,227,100
678,740,937,Rafed0003257Vols,4852,818,999,144,89
678,293,560,Shamela0008473,4399,0,267,215,100
678,740,1013,Shamela0008473,4400,38,322,155,54
678,270,937,Sham19Y0023618,1602,119,740,383,58
678,278,560,Tafsir06048,1087,186,771,159,33
678,278,460,Shamela0010283,3568,677,859,146,100
678,740,937,Shamela0010283,3569,250,432,145,89
678,278,454,Zaydiyya0000077Vols,690,793,969,141,100
678,281,560,Shamela0010273,3050,0,279,225,100
678,376,937,Shamela0010273,3052,309,733,227,44
678,278,900,Shia003636Vols,14914,218,679,363,71
678,278,560,JK000367,117,651,933,227,100
678,278,560,Meshkat0014420,4254,1146,1428,227,100
678,740,900,Meshkat0014420,4255,12,172,131,100
678,270,560,Sham19Y0023608,3681,509,811,234,96
678,732,900,Sham19Y0023608,3684,358,528,136,97
678,278,937,ShamAY0036821,1734,701,1297,377,59
678,732,937,ShamIbadiyya0000129,154,862,1097,149,74
678,278,937,Shamela0023578,2893,336,937,379,59
678,355,543,Shamela0023578,2895,0,295,148,63
678,278,560,JK009266,8270,372,654,227,100
678,740,937,JK009266,8272,43,224,144,89
678,460,865,Shamela0001466,3266,1222,1583,188,42
678,278,460,Sham19Y0020891,5919,503,685,146,100
678,740,944,Sham19Y0020891,5923,264,458,149,87
678,278,900,Shia001432Vols,5561,9,281,217,42
678,278,560,Shia001432Vols,6668,1224,1506,227,100
678,740,937,Shia001432Vols,6669,36,217,144,89
678,336,460,Shia001432Vols,22589,384,508,97,100
678,278,604,Zaydiyya0000062,1855,540,810,170,59
678,740,944,Zaydiyya0000062,1856,1164,1363,148,86
678,740,900,Shamela0029677,1239,169,329,131,100
678,278,460,Sham19Y0095660,509,1106,1288,146,100
678,278,560,Masaha000554Vols,5658,442,726,227,99
678,740,937,Masaha000554Vols,5662,1024,1206,143,89
678,336,655,Tafsir09084,2266,818,1285,181,45
678,278,460,Sham19Y0014404,1406,842,1024,146,100
678,740,1194,Sham19Y0014404,1407,1007,1486,192,40
678,278,937,Rafed0003943Vols,1455,807,1408,379,59
678,278,937,Shamela0029743,1026,0,601,379,59
678,278,900,ShamAY0037152,991,678,1241,340,63
678,740,900,Tafsir07055,4270,1357,1517,131,100
678,732,900,Sham19Y0020879,376,1175,1341,136,98
678,460,1105,Shamela0012884,4663,929,1367,148,24
678,270,460,JK006478,8299,6,197,151,98
678,732,934,JK006478,8301,1075,1275,152,91
678,278,460,Shamela0000041,2362,1060,1242,146,100
678,438,560,Shamela0000041,2363,806,928,99,100
678,740,900,Hindawi020604026,370,1014,1174,131,100
678,732,1225,Masaha000147,42,614,1056,210,42
678,278,460,Meshkat00057178,3357,199,381,146,100
678,301,560,JK000818,615,361,902,208,47
678,270,519,JK009396,1475,1392,1662,199,90
678,519,900,JK009396,1476,0,639,173,26
678,278,900,Shamela0006947,8586,259,552,216,40
678,398,560,Shia002380Vols,737,24,291,129,60
678,740,937,JK000698,174,134,342,138,78
678,301,560,Tafsir03097,1500,925,1494,208,45
678,270,460,Tafsir09068,1074,272,460,151,98
678,301,820,Tafsir04042,2077,550,1508,294,32
678,332,560,JK009257,877,910,1261,175,63
678,11,944,Shia001416,193,742,1625,586,68
678,944,1684,Shia001416,194,0,586,452,75
678,732,900,Shamela0004473,324,1038,1204,136,98
678,290,900,JK009270,4860,0,567,356,59
678,740,900,JK000365,276,781,941,131,100
678,919,1642,JK000365,2049,434,782,226,39
678,919,1427,JK000365,2122,805,1046,153,37
678,740,907,Shia004000,220,551,885,137,50
678,549,1148,Tafsir04039,3227,1158,1518,248,50
678,1148,1642,Tafsir04039,3228,0,348,263,66
678,278,900,Shia002185Vols,2131,0,465,371,73
678,278,856,Shia002185Vols,2657,802,1174,197,35
678,293,937,JK009268,4191,0,586,367,58
678,649,1329,Shia004019,83,1433,1872,256,41
678,278,560,Shamela0021821,1728,932,1214,227,100
678,533,1194,Shamela0021821,1729,741,1491,233,28
678,278,560,Rafed0001713Vols,2474,1195,1477,227,100
678,740,937,Rafed0001713Vols,2476,813,994,144,89
678,278,460,JK001496,2198,1275,1458,146,99
678,740,944,JK001496,2200,342,544,149,88
678,336,810,Shamela0000922,1148,949,1554,181,27
678,278,460,Shamela0000922,1148,440,622,146,100
678,278,560,Shia002356Vols,1150,17,300,226,98
678,740,937,Shia002356Vols,1151,766,948,143,88
678,278,472,Shamela0023628,3183,1358,1551,155,99
678,472,1017,Shamela0023628,3184,0,542,239,37
678,278,937,Shamela0023591,6237,1022,1623,379,59
678,278,560,Shamela0023591,6245,1166,1448,227,100
678,740,937,Shamela0023591,6246,33,214,144,89
678,740,1194,Shamela0005756,15452,1115,1361,172,43
678,740,944,Shamela0005756,15453,464,662,138,81
678,740,900,Shamela0005756,15512,173,333,131,100
678,278,560,JK009362,7772,1179,1461,227,100
678,771,937,JK009362,7773,0,150,117,86
678,270,856,Rafed0003793Vols,1098,344,828,198,31
678,0,780,Rafed0003793Vols,1099,951,1575,498,78
678,780,1697,Rafed0003793Vols,1100,0,854,671,89
678,270,560,Hindawi030353837,933,325,613,232,99
678,362,526,JK006476,1691,0,167,129,98
678,270,460,Meshkat00042488,1621,390,582,151,97
678,732,959,Meshkat00042488,1622,721,964,159,76
678,278,460,Sham19Y0147312,1839,473,655,146,100
678,460,900,Sham19Y0147312,1840,21,669,225,34
678,740,900,JK010001,4154,862,1022,131,100
678,278,595,Shamela0023632,3274,198,497,231,90
678,740,900,Shamela0023632,3275,697,857,131,100
678,740,937,Rafed0003452,57,357,602,144,69
679,1392,1618,Shia004038,106,524,675,107,58
679,932,1149,JK007018,283,237,573,173,62
679,932,1157,QuranAnalysis001,86,81,302,180,97
679,932,1149,Sham19Y0023608,1712,510,1072,173,37
679,932,1157,ShamAY0036821,1102,1317,1533,172,94
679,932,1157,Shamela0023578,1445,1101,1322,180,97
679,932,1149,JK009266,4651,1251,1465,174,98
679,932,1157,Shia001432Vols,6891,1246,1467,180,97
679,932,1149,Zaydiyya0000062,703,477,694,172,95
679,932,1149,Sham19Y0013550,285,1102,1381,107,38
679,932,1157,Rafed0003943Vols,570,1259,1480,180,97
679,932,1157,Shamela0029743,401,197,418,180,97
679,932,1149,Shia002380Vols,317,25,269,173,86
679,1392,1667,Shia001416,194,621,825,151,67
679,932,1149,JK009270,2036,1346,1560,174,98
679,932,1221,Shia004000,221,123,374,195,82
679,0,978,Tafsir04039,3228,367,1107,456,54
679,932,1652,Shia002185Vols,2658,910,1549,492,83
679,932,1157,JK009268,2325,422,643,180,97
679,932,1149,Shamela0021821,758,522,736,174,98
679,932,1149,Shamela0037458,1627,257,471,174,98
679,932,1149,Shamela0023628,1676,26,240,174,98
679,932,1157,Shamela0023591,3650,300,521,180,97
679,932,1149,Rafed0003793Vols,741,1160,1374,174,98
679,932,1149,Rafed0003793Vols,822,482,692,167,95
679,0,753,Rafed0003793Vols,1100,854,1525,539,89
679,753,1678,Rafed0003793Vols,1101,0,763,613,82
679,932,1149,Sham19Y0147312,880,877,1505,174,33
680,157,802,Masaha000998Vols,481,80,814,361,53
680,651,1575,Shia001404,73,261,1214,675,81
680,335,696,Shia001416,194,1132,1496,218,65
680,968,1575,Shia001416,195,18,601,437,87
680,16,1575,Shia002185Vols,2659,42,1547,1112,85
680,0,802,Rafed0003793Vols,1101,763,1571,651,98
680,802,1575,Rafed0003793Vols,1102,0,782,624,98
681,36,516,Masaha000998Vols,481,1000,1263,174,43
681,36,1503,Shia002185Vols,2660,0,1419,1104,91
681,0,765,Rafed0003793Vols,1102,782,1546,615,99
681,765,1503,Rafed0003793Vols,1103,0,739,589,99
682,480,1067,Shia001432Vols,10660,1111,1244,95,20
682,0,426,Tafsir04039,3229,533,813,187,53
682,612,1495,Shia002185Vols,2654,336,1172,597,78
682,83,488,Shia002185Vols,2661,0,409,307,93
682,574,1132,Rafed0003793Vols,506,993,1549,445,98
682,1132,1495,Rafed0003793Vols,507,0,367,288,98
682,0,470,Rafed0003793Vols,1103,739,1209,376,100
683,129,916,Shia002369Vols,234,967,1460,228,32
683,212,862,Shia001404,68,908,1566,423,71
683,862,1080,Shia001404,69,0,205,154,85
683,129,925,Tafsir04039,1192,521,1164,251,32
683,0,397,Shia002185Vols,2654,1172,1511,244,70
683,397,1369,Shia002185Vols,2655,0,971,743,90
683,0,1192,Rafed0003793Vols,507,367,1566,969,99
683,1192,1374,Rafed0003793Vols,508,0,182,143,98
684,76,1267,Shia004038,120,976,1562,411,42
684,1276,1506,Shia004038,121,0,211,142,76
684,63,1500,Shia001373,167,419,1460,490,35
684,919,1500,Shia001416,192,267,795,387,78
684,63,1067,Tafsir04039,2625,1144,1588,282,34
684,1067,1500,Tafsir04039,2626,0,357,242,65
684,0,906,Rafed0003793Vols,939,954,1525,443,60
684,906,1739,Rafed0003793Vols,940,0,842,667,98
685,747,957,Shia001416,193,371,561,150,84
685,1353,1641,Shia001416,196,535,813,224,95
685,0,742,Rafed0003793Vols,940,842,1512,530,88
685,747,1641,Rafed0003793Vols,941,0,811,655,90
686,256,1303,Shia001416,196,858,1479,439,51
686,0,692,Rafed0003793Vols,941,811,1506,548,99
686,692,1439,Rafed0003793Vols,942,0,761,590,97
687,0,781,Rafed0003793Vols,942,761,1463,557,88
687,781,1605,Rafed0003793Vols,943,0,744,601,89
688,0,1030,Rafed0003793Vols,943,754,1622,706,83
688,1030,1826,Rafed0003793Vols,944,0,632,511,79
689,120,355,Masaha000998Vols,468,446,699,160,76
689,0,914,Rafed0003793Vols,944,632,1545,734,99
689,914,1583,Rafed0003793Vols,945,0,589,474,87
690,0,947,Rafed0003793Vols,945,589,1535,762,99
690,947,1530,Rafed0003793Vols,946,0,584,469,99
691,1046,1267,Shia001432Vols,7717,4,332,160,61
691,1026,1267,Shia001432Vols,10124,676,1224,158,34
691,0,795,Rafed0003793Vols,946,584,1388,627,98
691,1026,1267,Masaha004568Vols,76,92,611,157,36
692,449,602,Shia004038,123,1312,1426,91,73
692,327,1045,Shia003757,630,300,1043,375,57
692,327,974,Shia001432Vols,9504,853,1542,387,66
692,423,1417,Shia002185Vols,3334,481,1500,770,92
692,449,664,Hindawi092963020,677,1165,1403,161,82
693,583,1488,Shia003757,625,741,1580,374,35
693,0,1655,Shia002185Vols,3335,61,1376,980,74
694,937,1443,Shia001432Vols,9366,490,1006,389,94
694,58,1443,Shia002185Vols,3336,0,1292,953,84
694,937,1443,Shia002185Vols,3353,825,1451,169,28
695,1175,1401,Shia003757,627,916,1179,188,84
695,0,506,Shia001432Vols,9366,1006,1453,327,79
695,506,707,Shia001432Vols,9367,0,205,158,96
695,0,151,Shia002185Vols,3336,1292,1448,115,92
695,151,1526,Shia002185Vols,3337,0,1303,965,83
695,1296,1526,Rafed0003793Vols,877,292,537,181,91
696,122,693,Shia003757,628,243,736,213,44
696,73,769,Tafsir04003,2590,962,1497,245,37
696,1120,1526,Tafsir04003,2591,22,467,285,76
696,1110,1337,Rafed0002654Vols,3687,829,1064,166,83
696,122,877,Shia001432Vols,9500,725,1495,331,46
696,1110,1337,Shia004092Vols,12987,1215,1450,166,83
696,0,210,Shia002185Vols,3337,1303,1497,158,91
696,210,1110,Shia002185Vols,3338,0,876,695,95
696,953,1531,Shia002185Vols,3339,180,717,340,70
696,800,1442,Rafed0001713Vols,1495,9,524,280,49
696,66,1285,Zaydiyya0000161,61,361,1490,397,30
696,1285,1526,Zaydiyya0000161,62,0,229,156,78
696,0,987,Rafed0003793Vols,877,537,1527,794,99
696,987,1531,Rafed0003793Vols,878,0,545,436,99
697,468,1164,Shia003757,629,62,787,363,53
697,278,1082,Shia001432Vols,9501,585,1510,407,50
697,0,771,Shia002185Vols,3339,717,1468,589,94
697,771,1442,Shia002185Vols,3340,0,876,476,63
697,0,958,Rafed0003793Vols,878,545,1501,765,99
697,958,1442,Rafed0003793Vols,879,0,488,384,98
698,707,850,Shia003757,637,1333,1475,111,99
698,707,915,Shia001432Vols,9514,675,883,163,100
698,0,315,Shia002185Vols,3340,888,1204,238,90
698,305,1234,Shia002185Vols,3341,304,1540,731,72
698,1234,1527,Shia002185Vols,3342,0,215,157,67
698,0,305,Rafed0003793Vols,879,500,804,245,99
699,672,903,Shia003757,630,1402,1569,117,60
699,903,1171,Shia003757,631,0,263,210,97
699,0,148,Shia003757,638,107,255,116,99
699,672,1171,Shia001432Vols,9505,410,847,314,73
699,0,148,Shia001432Vols,9514,927,1075,116,99
699,12,148,Shia002185Vols,3342,219,355,108,100
699,139,284,Shia002185Vols,3342,1345,1493,108,91
699,284,1171,Shia002185Vols,3343,0,865,665,90
699,1171,1497,Shia002185Vols,3344,406,732,229,82
700,163,1568,Shia004038,130,0,1406,1080,91
700,936,1289,Shia003757,253,128,400,191,62
700,1289,1468,Shia003757,263,563,739,130,87
700,895,1295,Shia001278Vols,486,1062,1516,190,46
700,930,1398,Zaydiyya0000037Vols,273,499,920,225,54
700,1110,1564,Zaydiyya0000037Vols,274,58,529,354,91
700,1228,1568,Rafed0002654Vols,3686,10,377,238,74
700,558,1223,Rafed0002654Vols,3690,853,1488,330,46
700,1223,1520,Rafed0002654Vols,3691,5,311,232,92
700,1064,1405,Rafed0002654Vols,6742,1314,1583,205,72
700,1042,1520,Rafed0002654Vols,9143,72,529,281,61
700,1064,1568,Rafed0002654Vols,12539,489,948,307,68
700,936,1568,Shamela0007853,528,961,1524,419,80
700,1008,1568,JK009325,1319,253,799,393,82
700,558,1543,Shia001368,196,960,1569,421,51
700,1182,1568,Hindawi037942742,25,0,398,258,72
700,1017,1568,Shia001553,236,766,1213,294,59
700,990,1341,Shia001553,238,0,262,168,57
700,131,1156,Shia003636Vols,892,568,1542,744,86
700,1036,1472,Shia003636Vols,894,990,1380,277,74
700,1036,1373,Hindawi093681649,121,827,1101,178,63
700,970,1405,Shia001432Vols,9432,762,1162,217,55
700,558,1520,Shia001432Vols,9433,278,964,494,64
700,739,1477,Shia001432Vols,9434,571,1281,353,46
700,895,1520,Shia001432Vols,9442,1000,1506,319,56
700,990,1341,Shia001432Vols,9444,620,882,168,57
700,1017,1405,Shia001432Vols,9449,826,1155,197,58
700,895,1568,JK010566,9,957,1481,342,57
700,990,1341,JK010566,11,473,735,167,57
700,1064,1495,Zaydiyya0000142,2377,678,1064,304,85
700,1060,1241,Zaydiyya0000142,3362,1454,1586,105,71
700,990,1341,Shia004092Vols,4063,834,1091,164,57
700,895,1568,Shia004092Vols,4065,690,1231,344,56
700,558,1405,Shia004092Vols,4069,699,1509,470,54
700,1008,1373,Shia004092Vols,4070,769,1114,205,62
700,1064,1341,Shia004092Vols,7056,1358,1575,165,71
700,1042,1568,Shia004092Vols,9387,812,1291,292,58
700,1064,1525,Shia004092Vols,12500,1103,1517,271,65
700,1008,1568,Shia003729Vols,43,1048,1556,399,86
700,1002,1568,Masaha003294,72,1046,1497,336,71
700,936,1373,Zaydiyya0000039,681,649,1077,220,54
700,1086,1412,Zaydiyya0000454,239,918,1200,221,81
700,1008,1405,Shia002185Vols,3311,95,458,204,56
700,0,1117,Shia002185Vols,3344,732,1528,622,68
700,774,1568,Shia002185Vols,3345,30,665,487,74
700,1017,1323,Rafed0001121,117,1255,1525,204,80
700,1008,1568,Shia001663Vols,331,776,1299,379,77
700,1069,1437,Zaydiyya0000161,63,1030,1347,243,79
700,997,1282,Zaydiyya0000194,75,173,343,120,51
700,791,1341,Zaydiyya0000288,544,362,838,241,47
700,770,1249,Shia001286,37,1049,1447,166,38
700,1002,1568,Rafed0003228Vols,77,282,733,337,71
700,1008,1282,Shia001749,46,1195,1418,167,73
700,1017,1398,Masaha002310,144,1355,1625,187,61
700,1168,1468,Shia000806Vols,159,0,317,228,87
701,0,164,Shia004038,130,1406,1569,135,99
701,164,1635,Shia004038,131,0,1487,1187,96
701,0,323,Shia003757,450,871,1215,224,75
701,485,739,Shia003757,466,8,251,175,81
701,784,1192,Shia003757,477,113,552,255,64
701,1192,1605,Shia003757,487,954,1598,313,58
701,0,1203,Shia001278Vols,487,490,1653,721,64
701,1203,1523,Shia001278Vols,488,0,386,253,79
701,0,1237,Zaydiyya0000037Vols,274,543,1677,878,84
701,1237,1635,Zaydiyya0000037Vols,275,0,395,268,73
701,0,1424,Rafed0002654Vols,3686,377,1682,905,71
701,1424,1635,Rafed0002654Vols,3687,0,221,165,93
701,0,629,Rafed0002654Vols,6741,315,1046,447,71
701,0,1021,Rafed0002654Vols,9143,547,1344,574,65
701,0,721,Rafed0002654Vols,12539,948,1592,455,73
701,765,1237,Rafed0002654Vols,12540,0,435,294,67
701,0,180,Shamela0007853,528,1524,1720,145,88
701,180,1635,Shamela0007853,529,0,1378,1083,89
701,0,806,JK009325,1319,799,1643,637,90
701,894,1635,JK009325,1320,13,781,598,94
701,0,1635,Shia001368,197,26,1235,885,61
701,0,1237,Hindawi037942742,25,398,1502,764,70
701,0,412,Shia001553,236,1213,1553,246,70
701,412,1635,Shia001553,237,0,924,680,65
701,0,485,Shia003636Vols,896,1192,1770,347,68
701,523,1631,Shia003636Vols,897,29,1491,757,60
701,513,819,Shia003636Vols,1125,171,443,178,70
701,0,577,Shia001432Vols,9436,1049,1750,410,68
701,577,1635,Shia001432Vols,9437,0,1393,718,60
701,0,1635,Shia001432Vols,9443,49,1554,1049,72
701,1182,1364,Shia001432Vols,9462,700,1274,135,28
701,83,1635,JK010566,10,0,1432,993,71
701,0,390,Shia004092Vols,4065,1231,1538,219,68
701,377,1635,Shia004092Vols,4066,0,1215,849,76
701,0,629,Shia004092Vols,7055,367,1098,447,71
701,0,377,Shia004092Vols,9387,1291,1557,202,62
701,377,1021,Shia004092Vols,9388,0,530,378,68
701,0,1237,Shia004092Vols,12501,44,1142,751,69
701,0,1021,Shia003729Vols,43,216,1042,576,64
701,96,1635,Shia003729Vols,44,0,1494,1156,88
701,44,1635,Masaha003294,73,0,962,737,55
701,894,1283,Shia004030Vols,2027,1081,1492,314,91
701,55,721,Rafed0000185Vols,65,912,1653,453,68
701,0,1270,Shia003704,375,397,1686,785,64
701,1270,1635,Shia003704,376,0,380,244,73
701,0,949,Shia002185Vols,3345,665,1604,737,92
701,949,1635,Shia002185Vols,3346,0,689,550,96
701,0,1353,Rafed0001121,120,83,1691,915,65
701,1353,1635,Rafed0001121,121,0,523,208,48
701,331,784,Zaydiyya0000194,78,1219,1668,305,75
701,902,1556,Zaydiyya0000288,546,296,984,380,58
701,4,271,Shia001286,39,1529,1790,180,78
701,271,1635,Shia001286,40,0,1369,715,52
701,0,1277,Rafed0003228Vols,77,744,1624,675,62
701,0,1635,Masaha002310,145,210,1612,959,65
701,0,638,Shia003707Vols,434,1017,1750,442,68
701,654,1631,Shia003707Vols,435,8,1151,584,55
702,351,459,Shia001174Vols,5232,1321,1429,86,99
702,0,234,Shia004038,131,1493,1645,121,64
702,234,1562,Shia004038,132,0,1296,1020,95
702,1104,1562,Shia003757,247,0,428,316,85
702,186,321,Shia003757,496,777,952,113,77
702,588,911,Shia003757,526,305,657,209,66
702,345,566,Shia003757,542,45,525,139,36
702,580,903,Shia003757,584,57,449,174,49
702,331,566,Shamela0021508,81,877,1070,117,60
702,186,321,Shia001278Vols,488,1090,1229,113,97
702,1047,1562,Zaydiyya0000037Vols,275,854,1310,322,75
702,0,566,Zaydiyya0000037Vols,275,401,849,264,48
702,0,321,Rafed0002654Vols,3687,227,498,182,63
702,321,459,Rafed0002654Vols,3689,1009,1174,99,76
702,0,459,Rafed0002654Vols,12540,485,915,279,67
702,1145,1562,Rafed0002654Vols,12540,1043,1455,264,69
702,351,459,Rafed0002654Vols,12552,742,850,86,99
702,294,459,Shamela0007853,530,0,179,125,87
702,0,459,JK009325,1320,787,1276,290,63
702,0,451,Shia001368,197,1241,1596,277,73
702,171,459,Hindawi037942742,26,25,335,222,88
702,1145,1562,Hindawi037942742,26,461,872,261,68
702,351,459,Hindawi037942742,27,372,480,86,99
702,1145,1562,Shia001553,236,21,426,293,83
702,0,459,Shia001553,237,930,1361,281,67
702,1047,1562,Shia003636Vols,893,41,498,344,82
702,588,930,Shia003636Vols,900,0,383,214,64
702,321,459,Shia003636Vols,901,359,497,99,89
702,351,459,Shia003636Vols,5234,1310,1418,87,100
702,1047,1562,Shia003636Vols,10662,24,489,351,84
702,0,321,Hindawi093681649,122,219,504,191,63
702,668,930,Shia001432Vols,9440,0,270,188,86
702,321,566,Shia001432Vols,9441,274,742,143,38
702,1116,1562,Shia001432Vols,9442,212,735,300,66
702,171,459,Shia001432Vols,9444,21,336,223,87
702,1145,1562,JK010566,9,265,677,284,80
702,0,285,JK010566,10,1438,1672,152,58
702,285,459,JK010566,11,0,213,128,74
702,351,459,Zaydiyya0000142,2276,83,191,87,100
702,0,555,Zaydiyya0000142,2377,1120,1530,312,67
702,0,321,Shia004092Vols,4066,1221,1492,183,63
702,321,459,Shia004092Vols,4068,816,976,99,78
702,0,459,Shia004092Vols,12501,1192,1621,278,67
702,1145,1562,Shia004092Vols,12502,75,484,264,70
702,351,459,Shia004092Vols,12511,537,645,86,99
702,351,570,Shia001172,199,134,299,107,62
702,180,459,Shia003729Vols,45,0,306,221,88
702,0,876,Masaha003294,73,968,1630,442,60
702,1116,1562,Zaydiyya0000039,682,268,603,241,67
702,1047,1562,Zaydiyya0000195,30,408,870,341,81
702,0,345,Shia002185Vols,3311,1156,1504,204,57
702,580,903,Shia002185Vols,3313,233,675,200,55
702,0,995,Shia002185Vols,3346,695,1594,668,80
702,995,1562,Shia002185Vols,3347,0,574,422,89
702,50,432,ShamAY0033599,209,899,1148,160,50
702,186,321,Rafed0001121,121,1255,1411,113,86
702,588,930,Rafed0001121,123,666,1066,225,66
702,321,566,Rafed0001121,125,958,1424,148,39
702,194,376,Shia001663Vols,332,0,156,123,81
702,580,903,Shia001663Vols,333,180,571,176,50
702,0,351,Zaydiyya0000288,546,1036,1363,175,50
702,194,566,Shia001286,41,454,893,194,48
702,0,1039,Rafed0003228Vols,78,141,1025,540,58
702,345,459,Shia001657Vols,58,42,156,91,99
702,0,404,Shia001749,47,820,1246,244,59
702,687,903,Shia001749,49,0,318,130,50
702,171,540,Shia003707Vols,436,77,630,233,46
703,0,191,Shia004038,132,1296,1486,145,96
703,191,709,Shia004038,133,0,530,415,96
703,0,263,Shia003757,247,428,715,207,90
703,0,248,Zaydiyya0000037Vols,275,1310,1567,159,67
703,248,601,Zaydiyya0000037Vols,276,0,342,212,63
703,0,150,Rafed0002654Vols,12540,1455,1597,99,81
703,0,234,Hindawi037942742,26,872,1086,152,82
703,0,248,Shia001553,236,426,690,171,81
703,0,648,Shia003636Vols,893,498,899,281,52
703,0,248,Shia003636Vols,10662,489,728,162,76
703,0,248,Shia001432Vols,9442,735,961,158,72
703,0,248,JK010566,9,677,905,163,83
703,0,234,Shia004092Vols,12502,484,698,152,82
703,0,234,Zaydiyya0000039,682,603,868,184,86
703,0,234,Zaydiyya0000195,30,870,1100,158,77
703,0,709,Shia002185Vols,3347,574,1280,518,85
703,709,1501,Shia002185Vols,3348,498,1278,605,94
703,263,501,Shia003707Vols,436,524,747,148,74
704,642,909,Shia003757,626,607,865,179,82
704,270,634,Shia001432Vols,9503,19,441,194,49
704,885,1026,Shia002185Vols,3336,18,232,94,51
704,0,217,Shia002185Vols,3348,1278,1494,174,99
704,217,1486,Shia002185Vols,3349,0,1263,966,93
704,213,497,Rafed0003793Vols,962,1393,1597,137,53
704,497,868,Rafed0003793Vols,963,0,371,295,100
704,0,199,Rafed0003793Vols,1008,859,1160,159,66
705,1124,1483,Shia002185Vols,3336,218,510,113,31
705,0,229,Shia002185Vols,3349,1263,1488,173,90
705,229,1077,Shia002185Vols,3350,0,837,665,96
705,1094,1440,Shia002185Vols,3351,1213,1564,270,96
706,1107,1483,Shia001432Vols,9366,487,1074,178,37
706,1211,1499,Shia001432Vols,9367,259,524,148,52
706,1110,1483,Shia002185Vols,3336,775,1358,160,33
706,37,489,Shia002185Vols,3336,456,605,110,30
706,212,434,Shia002185Vols,3352,812,1044,166,91
706,0,237,Shia002185Vols,3352,75,302,172,92
706,434,1490,Shia002185Vols,3353,185,1502,684,57
707,0,1015,Shia001432Vols,9367,524,1524,792,96
707,1015,1535,Shia001432Vols,9368,0,524,407,96
707,323,785,Shia002185Vols,3354,887,1510,350,68
707,0,351,Shia002185Vols,3354,10,317,240,85
707,780,1535,Shia002185Vols,3355,198,937,572,94
708,415,729,Shia004038,135,1199,1514,253,99
708,729,1539,Shia004038,136,0,718,576,87
708,92,1257,Shia003757,639,392,1554,913,95
708,1257,1539,Shia003757,640,0,270,213,93
708,92,1123,Shia004456Vols,1343,551,1574,812,97
708,1123,1539,Shia004456Vols,1344,0,393,308,92
708,532,1166,Hindawi047090584,278,910,1515,461,87
708,1166,1539,Hindawi047090584,279,0,350,266,88
708,92,1212,Shia001432Vols,9516,410,1535,890,97
708,1212,1539,Shia001432Vols,9517,0,306,242,92
708,562,1539,Zaydiyya0000142,2414,269,1184,707,89
708,562,1539,Shamela0010709BK5,1,29,955,715,90
708,92,1366,Shia002185Vols,3356,119,1535,965,82
708,1366,1539,Shia002185Vols,3357,0,163,126,90
709,0,914,Shia004038,136,718,1599,709,95
709,914,1560,Shia004038,137,0,639,510,97
709,0,1378,Shia003757,640,270,1569,1032,92
709,1378,1560,Shia003757,641,0,189,142,94
709,0,1210,Shia004456Vols,1344,393,1577,915,90
709,1210,1560,Shia004456Vols,1345,0,343,267,95
709,0,1256,Hindawi047090584,279,350,1577,963,94
709,1256,1560,Hindawi047090584,280,0,296,231,95
709,0,1274,Shia001432Vols,9517,306,1564,997,96
709,1274,1560,Shia001432Vols,9518,0,278,218,95
709,0,403,Zaydiyya0000142,2414,1184,1557,298,89
709,403,1560,Zaydiyya0000142,2415,0,1156,895,95
709,1083,1206,Shia000204Vols,595,400,517,94,95
709,0,654,Shamela0010709BK5,1,955,1580,486,90
709,654,1560,Shamela0010709BK5,2,0,897,707,97
709,0,1417,Shia002185Vols,3357,163,1550,1080,93
709,1417,1560,Shia002185Vols,3358,0,144,113,97
710,0,913,Shia004038,137,639,1548,726,98
710,913,1576,Shia004038,138,0,661,534,98
710,0,1387,Shia003757,641,189,1569,1099,97
710,1387,1576,Shia003757,642,0,192,153,98
710,0,1199,Shia004456Vols,1345,343,1543,955,98
710,1199,1576,Shia004456Vols,1346,0,387,303,96
710,0,1269,Hindawi047090584,280,296,1549,987,95
710,1280,1576,Hindawi047090584,281,7,305,239,98
710,0,1280,Shia001432Vols,9518,278,1555,1016,97
710,1284,1576,Shia001432Vols,9519,0,294,236,98
710,0,275,Zaydiyya0000142,2415,1156,1427,211,95
710,0,669,Shamela0010709BK5,2,897,1555,525,96
710,669,1576,Shamela0010709BK5,3,0,900,703,94
710,0,1438,Shia002185Vols,3358,144,1568,1122,95
710,1438,1576,Shia002185Vols,3359,0,139,112,99
711,0,592,Shia004038,138,661,1241,458,95
711,0,1363,Shia003757,642,192,1562,1046,91
711,0,660,Shia004456Vols,1346,394,1031,483,90
711,0,592,Hindawi047090584,281,305,902,458,94
711,0,1251,Shia001432Vols,9519,294,1558,973,93
711,1251,1363,Shia001432Vols,9520,0,112,89,98
711,0,592,Shamela0010709BK5,3,900,1497,459,94
711,0,1346,Shia002185Vols,3359,139,1470,1015,90
711,1363,1531,Rafed0003793Vols,843,912,1075,122,93
712,0,1259,Shia002185Vols,3360,277,1439,865,84
712,639,812,Shia002185Vols,3366,897,1167,108,50
712,5,547,Rafed0003793Vols,843,1084,1274,148,35
713,0,1233,Shia002185Vols,3361,178,1414,908,89
713,1233,1437,Shia002185Vols,3362,0,203,161,97
713,1312,1437,Rafed0003793Vols,991,995,1125,101,96
714,483,1496,Shia003757,643,352,1230,691,84
714,703,1470,Shia003757,647,800,1470,202,24
714,483,1496,Shia001432Vols,9529,98,1004,722,88
714,703,1181,Shia001432Vols,9532,1112,1409,140,32
714,0,522,Shia002185Vols,3362,203,708,391,94
715,87,743,Rafed0002654Vols,3683,993,1536,428,80
715,780,972,Shia003695Vols,151,1209,1523,122,49
715,869,1042,Shia001432Vols,14268,1032,1220,123,79
715,87,1297,Shia004092Vols,12987,118,1167,783,78
715,87,190,Shia002185Vols,3363,1395,1495,80,97
715,190,1480,Shia002185Vols,3364,0,1132,842,78
716,459,812,Shia003757,612,654,950,163,57
716,0,363,Shia002185Vols,3364,1132,1494,286,98
716,363,1452,Shia002185Vols,3365,0,1007,729,81
717,1101,1267,Shia004038,141,1252,1397,115,87
717,0,404,Shia002185Vols,3365,1012,1436,293,83
717,404,1465,Shia002185Vols,3366,0,997,768,88
717,890,1101,Shia002185Vols,3374,815,1058,124,62
717,890,1130,Rafed0003793Vols,843,1284,1523,188,99
717,1130,1310,Rafed0003793Vols,844,0,184,144,97
718,0,474,Shia002185Vols,3366,997,1461,360,95
718,474,1486,Shia002185Vols,3367,0,1000,741,87
719,820,962,Zaydiyya0000039,667,46,183,108,95
719,0,525,Shia002185Vols,3367,1000,1491,382,90
719,525,1517,Shia002185Vols,3368,0,972,761,94
720,471,886,Shia004038,140,1172,1563,305,93
720,886,1456,Shia004038,141,0,560,441,96
720,927,1456,Shia003757,656,86,638,415,94
720,966,1456,Zaydiyya0000037Vols,279,783,1218,289,68
720,475,1456,Shia001432Vols,9431,89,1070,750,94
720,1265,1456,Shia003764Vols,403,88,277,150,96
720,560,1397,Zaydiyya0000090BK1,61,726,1505,552,80
720,0,529,Shia002185Vols,3368,972,1486,402,95
720,529,1456,Shia002185Vols,3369,0,913,655,84
720,548,1456,Shia001663Vols,345,353,1222,571,70
720,651,1456,Zaydiyya0000194,14,0,776,537,76
721,408,1209,Shia003757,621,0,736,424,53
721,1286,1655,Shia003757,644,858,1225,277,86
721,1286,1655,Shia001432Vols,9529,1145,1508,292,97
721,0,683,Shia002185Vols,3369,913,1465,426,77
721,683,1291,Shia002185Vols,3370,0,507,390,79
721,327,952,Rafed0003793Vols,991,1154,1586,299,55
721,952,1165,Rafed0003793Vols,992,0,216,167,97
722,0,314,Shia003757,644,1230,1542,248,96
722,314,1517,Shia003757,645,0,1152,888,90
722,16,1517,Shia001432Vols,9530,0,1459,1124,91
723,0,350,Shia003757,645,1152,1501,276,97
723,350,1497,Shia003757,646,0,1150,901,97
723,49,1497,Shia001432Vols,9531,0,1447,1139,98
724,1177,1409,Shia003757,643,546,884,81,22
724,0,352,Shia003757,646,1150,1504,269,95
724,352,1472,Shia003757,647,0,1071,840,94
724,1177,1409,Shia001432Vols,9529,291,658,101,27
724,46,1472,Shia001432Vols,9532,0,1437,1092,93
725,0,388,Shia003757,647,1071,1475,301,92
725,388,1469,Shia003757,648,0,1174,835,87
725,47,1414,Shia001432Vols,9533,0,1471,1042,87
726,498,825,Shia004038,147,718,1111,181,45
726,0,238,Shia003757,648,1174,1412,188,95
726,759,1132,Shia003757,649,154,535,285,92
726,759,1077,Shia001432Vols,9523,1206,1532,244,92
726,0,238,Shia001432Vols,9534,56,294,188,95
726,408,703,Shia004030Vols,1860,193,459,206,84
726,289,1012,Shia002185Vols,3362,745,1484,530,86
726,1012,1484,Shia002185Vols,3363,0,437,325,81
727,865,1125,Shia001432Vols,9337,1101,1350,188,85
727,0,968,Shia002185Vols,3363,437,1360,685,84
728,0,1042,Shia003757,649,623,1498,669,79
728,1042,1529,Shia003757,650,0,381,263,60
728,561,1197,Shia003757,673,341,732,166,30
728,0,1399,Shia001432Vols,9524,125,1529,1087,93
728,930,1207,Shia001432Vols,14406,487,842,148,44
728,0,1117,Shia002185Vols,3370,530,1519,732,79
728,1117,1529,Shia002185Vols,3371,0,433,302,85
728,275,467,ShamAY0034447,721,1311,1443,85,49
729,0,988,Shia003757,650,381,1374,784,97
729,0,988,Shia001432Vols,9525,130,1132,793,97
729,0,1083,Shia002185Vols,3371,433,1497,779,86
730,103,810,Shia002185Vols,3372,107,585,321,55
732,982,1200,Shia001432Vols,9337,1101,1491,144,43
732,1206,1537,Shia001432Vols,9338,537,839,240,89
732,135,565,Shia002185Vols,3372,1127,1544,310,89
732,565,1434,Shia002185Vols,3373,0,708,437,56
733,0,474,Shia001432Vols,9338,839,1311,346,87
733,728,1373,Shia001432Vols,9952,843,1527,396,67
733,1373,1529,Shia001432Vols,9953,0,154,116,93
733,712,1051,Shia002185Vols,3481,1148,1483,232,78
733,1051,1529,Shia002185Vols,3482,0,445,349,90
734,0,173,Shia004038,157,714,884,134,96
734,0,1295,Shia001432Vols,9953,154,1503,1007,92
734,1295,1497,Shia001432Vols,9954,0,210,161,96
734,0,1064,Shia002185Vols,3482,445,1510,802,91
734,1064,1497,Shia002185Vols,3483,0,455,343,93
735,0,1284,Shia001432Vols,9954,210,1489,993,95
735,1284,1501,Shia001432Vols,9955,0,222,173,95
735,0,1042,Shia002185Vols,3483,455,1487,818,98
735,1042,1501,Shia002185Vols,3484,0,464,367,98
736,1333,1485,Shia004038,143,34,188,122,98
736,549,1485,Shia001432Vols,9921,137,1113,636,77
736,0,491,Shia001432Vols,9955,222,692,373,94
736,546,1157,Shia002185Vols,244,796,1467,233,33
736,1157,1485,Shia002185Vols,245,0,361,232,77
736,0,491,Shia002185Vols,3484,464,944,380,96
737,0,162,Shia004038,143,188,350,128,98
737,1026,1304,Shia004038,143,1209,1485,217,99
737,1304,1451,Shia004038,144,0,154,115,94
737,341,1400,Zaydiyya0000037Vols,366,795,1449,476,56
737,1034,1451,Masaha002862,33,695,1124,300,85
737,0,333,Shia001432Vols,9921,1113,1481,249,84
737,345,1451,Shia001432Vols,9922,161,1288,867,96
737,1034,1281,Shia004030Vols,1874,1232,1469,185,95
737,1281,1451,Shia004030Vols,1875,4,180,133,96
737,1034,1182,Shia004030Vols,1877,806,954,113,97
737,1030,1451,Shia001416,136,577,999,324,95
737,0,138,Shia002185Vols,245,361,537,104,74
737,341,1451,Shia002185Vols,246,15,1125,837,92
737,1016,1451,Shia001269,44,563,1031,329,89
737,1051,1451,Zaydiyya0000288,24,708,1078,245,56
738,0,1406,Shia004038,144,154,1342,903,81
738,1225,1376,Shia001392Vols,566,1004,1107,74,63
738,0,299,Shia001392Vols,566,874,962,53,24
738,5,1398,Zaydiyya0000037Vols,367,57,1399,1010,91
738,0,318,Masaha002862,33,1124,1444,205,77
738,329,1406,Masaha002862,34,5,1299,748,70
738,0,176,Shia001432Vols,9922,1288,1463,139,99
738,176,1406,Shia001432Vols,9923,0,1222,950,98
738,0,1211,Shia004030Vols,1875,180,1408,908,91
738,1211,1406,Shia004030Vols,1876,0,186,143,90
738,5,468,Shia001416,136,1004,1456,338,92
738,468,1406,Shia001416,137,0,932,726,96
738,5,318,Shia002185Vols,246,1130,1440,227,88
738,318,1406,Shia002185Vols,247,0,1089,834,95
738,5,296,Shia001269,44,1036,1355,192,73
738,296,1256,Shia001269,45,0,1337,734,69
738,1259,1406,Shia001269,46,6,155,114,95
738,5,755,Zaydiyya0000288,24,1083,1849,299,28
739,43,763,Shia004038,145,0,722,566,98
739,0,1408,Zaydiyya0000037Vols,368,9,1342,971,85
739,0,103,Masaha002862,34,1299,1409,81,91
739,148,813,Masaha002862,35,5,751,406,62
739,0,175,Shia001432Vols,9923,1222,1395,135,98
739,175,1414,Shia001432Vols,9924,0,1229,927,92
739,4,554,Shia004030Vols,1876,189,742,385,82
739,0,493,Shia001416,137,932,1414,347,85
739,493,1414,Shia001416,138,0,869,657,89
739,0,312,Shia002185Vols,247,1089,1407,229,88
739,312,1414,Shia002185Vols,248,7,1052,772,86
739,0,1102,Shia001269,46,155,1361,838,86
739,1102,1416,Shia001269,47,0,374,241,81
740,104,1511,Zaydiyya0000037Vols,369,0,1314,901,75
740,0,196,Shia001432Vols,9924,1229,1421,147,89
740,196,1511,Shia001432Vols,9925,0,1297,1009,94
740,0,619,Shia001416,138,869,1462,431,83
740,645,1511,Shia001416,139,0,834,610,83
740,0,425,Shia002185Vols,248,1052,1457,285,77
740,425,1511,Shia002185Vols,249,0,1028,752,83
740,0,930,Shia001269,47,374,1404,710,84
740,930,1511,Shia001269,48,0,737,424,71
741,841,1288,Shia004038,145,1029,1463,320,89
741,1288,1477,Shia004038,146,0,189,151,97
741,228,1477,Zaydiyya0000037Vols,370,0,1138,776,74
741,1093,1477,Masaha002862,35,842,1219,268,83
741,0,223,Shia001432Vols,9925,1297,1523,178,95
741,223,1477,Shia001432Vols,9926,0,1211,858,82
741,0,667,Shia001416,139,834,1512,449,79
741,763,1477,Shia001416,140,0,739,535,89
741,0,483,Shia002185Vols,249,1028,1513,346,86
741,483,1477,Shia002185Vols,250,0,944,652,78
741,0,652,Shia001269,48,737,1401,492,90
741,652,1477,Shia001269,49,0,888,617,86
742,0,809,Shia004038,146,189,992,633,98
742,4,364,Zaydiyya0000037Vols,370,1143,1475,232,76
742,364,1430,Zaydiyya0000037Vols,371,0,928,661,75
742,0,216,Masaha002862,35,1219,1438,157,86
742,236,1430,Masaha002862,36,7,1187,756,72
742,0,265,Shia001432Vols,9926,1211,1474,189,82
742,265,1430,Shia001432Vols,9927,0,1156,863,90
742,0,736,Shia001416,140,739,1456,525,86
742,736,1430,Shia001416,141,0,640,462,80
742,0,538,Shia002185Vols,250,944,1463,370,82
742,538,1430,Shia002185Vols,251,0,840,616,84
742,0,485,Shia001269,49,888,1407,347,80
742,506,1430,Shia001269,50,75,1102,639,76
743,67,587,Shia004038,146,1052,1458,271,63
743,587,770,Shia004038,147,0,184,144,97
743,11,675,Zaydiyya0000037Vols,371,941,1449,358,66
743,23,288,Masaha002862,36,1191,1439,162,72
743,288,741,Masaha002862,37,0,433,226,56
743,11,319,Shia001432Vols,9927,1169,1431,181,74
743,319,1484,Shia001432Vols,9928,0,1196,896,91
743,11,801,Shia001416,141,653,1278,434,67
743,11,751,Shia002185Vols,251,853,1445,408,67
743,235,741,Shia001269,51,0,520,280,60
744,0,344,Shia001432Vols,9928,1196,1535,269,93
744,344,1503,Shia001432Vols,9929,0,1158,895,95
744,79,1489,Shia002185Vols,252,147,1465,942,81
745,509,812,Zaydiyya0000258,108,1094,1470,132,38
745,525,939,Shia001392Vols,565,547,1474,183,23
745,540,839,Rafed0003537Vols,538,249,499,130,50
745,502,644,Shia001432Vols,9315,774,921,96,83
745,529,1420,Shia001432Vols,9734,3,899,533,65
745,0,293,Shia001432Vols,9929,1158,1450,229,98
745,293,463,Shia001432Vols,9930,0,171,134,99
745,705,995,Kraken211005012007,560,692,927,174,73
745,509,641,Zaydiyya0000106,42,1069,1191,55,54
745,697,839,Shia001416,392,373,648,97,42
745,525,839,Shia004020,110,26,434,166,45
745,0,463,Shia002185Vols,253,14,437,252,58
745,1110,1420,Shia002185Vols,3486,647,959,236,96
745,549,1001,Shia004019,81,92,404,223,61
745,525,992,JK001173,383,41,743,253,39
745,509,858,Shia004016,303,110,307,127,45
746,0,160,Shia001432Vols,9734,899,1061,125,96
746,168,1429,Shia001432Vols,9735,118,1370,962,94
746,0,562,Shia002185Vols,3486,959,1543,421,88
746,562,1429,Shia002185Vols,3487,0,873,662,94
746,881,1314,Shia002185Vols,3488,757,1113,76,15
747,51,357,Shia001432Vols,9736,0,277,200,76
747,0,380,Shia002185Vols,3487,873,1223,232,76
747,478,746,Shia002185Vols,3489,1154,1508,196,69
747,759,1439,Shia002185Vols,3490,0,533,391,71
748,96,565,Shia001432Vols,11951,1013,1492,363,93
748,0,919,Shia002185Vols,3490,533,1494,704,90
748,919,1531,Shia002185Vols,3491,0,596,460,92
749,0,939,Shia002185Vols,3491,611,1542,741,97
749,939,1542,Shia002185Vols,3492,0,578,437,87
749,375,569,Shia002185Vols,3493,1062,1527,70,17
750,1091,1363,Shia004052,27,716,953,171,79
750,1052,1356,Shia001432Vols,9918,959,1227,191,77
750,0,317,Shia002185Vols,3492,578,898,252,97
750,403,1078,Shia002185Vols,3495,753,1453,508,89
750,1078,1455,Shia002185Vols,3496,0,370,264,84
751,379,586,Shia004052,27,926,1100,122,72
751,402,756,Zaydiyya0000454,157,105,438,255,88
751,0,1157,Shia002185Vols,3496,370,1467,832,88
751,1164,1493,Shia002185Vols,3497,0,329,237,86
751,304,1206,Shia002185Vols,3510,518,1133,194,21
751,1292,1493,Shia002185Vols,3511,544,1223,136,25
752,337,527,Shia004038,152,728,919,151,98
752,341,527,Shia001432Vols,9911,171,338,122,81
752,708,1250,Shia001432Vols,9917,795,1329,373,84
752,74,527,Shia004030Vols,2017,216,561,253,70
752,0,1134,Shia002185Vols,3497,329,1486,840,88
752,1134,1495,Shia002185Vols,3498,0,356,273,92
753,731,1020,Shia004052,28,1136,1427,118,45
753,0,1168,Shia002185Vols,3498,356,1530,891,91
753,1168,1522,Shia002185Vols,3499,0,339,254,89
754,157,696,Shia004052,28,616,1111,266,58
754,0,1153,Shia002185Vols,3499,342,1483,867,93
754,1161,1449,Shia002185Vols,3500,4,317,228,91
755,5,1162,Shia002185Vols,3500,317,1452,857,91
755,1162,1449,Shia002185Vols,3501,0,308,222,89
755,250,444,Shia002185Vols,3510,1163,1362,102,54
755,475,1058,Shia002185Vols,3511,121,688,133,19
756,311,949,Shia001432Vols,9901,130,1037,287,34
756,1151,1440,Shia001432Vols,9903,265,564,218,87
756,0,241,Shia002185Vols,3501,308,555,187,94
756,427,1455,Shia002185Vols,3513,0,1001,757,91
757,1076,1465,Shia001432Vols,9901,1018,1500,241,60
757,41,346,Shia001432Vols,9906,1276,1460,132,55
757,38,135,Shia001432Vols,11950,1446,1542,73,95
757,1039,1454,Shia001432Vols,11952,0,491,240,57
757,0,460,Shia002185Vols,3513,1001,1443,324,88
757,460,1465,Shia002185Vols,3514,0,949,691,83
758,1009,1162,Shia001432Vols,9903,1313,1466,122,98
758,1374,1472,Shia001404,107,0,111,75,88
758,1005,1192,Shia001404,108,99,280,135,92
758,1166,1480,Shia004092Vols,1135,684,1148,230,62
758,0,622,Shia002185Vols,3514,949,1509,438,87
758,622,1480,Shia002185Vols,3515,0,867,664,95
759,645,1469,Rafed0002654Vols,679,594,1370,529,80
759,0,163,Rafed0002654Vols,679,548,724,120,82
759,645,922,Shia004092Vols,1135,1194,1456,123,45
759,0,163,Shia004092Vols,1135,1148,1324,120,82
759,922,1469,Shia004092Vols,1136,0,513,399,90
759,0,620,Shia002185Vols,3515,867,1446,404,77
759,620,1417,Shia002185Vols,3516,0,813,573,83
760,74,286,Rafed0002654Vols,680,0,212,168,98
760,0,231,Shia001432Vols,9906,973,1174,151,80
760,1118,1493,Shia001404,112,274,720,260,71
760,0,286,Shia004092Vols,1136,513,794,222,97
760,0,286,Shia002185Vols,3516,826,1108,221,96
760,376,766,Shia002185Vols,3519,584,900,216,68
761,0,173,Shia001404,112,720,892,137,98
762,966,1456,Shia001432Vols,9937,742,1530,260,38
762,991,1497,Shia002185Vols,3520,0,524,361,85
762,962,1133,Hindawi092963020,678,1091,1315,121,69
763,644,891,Shia001432Vols,9937,1108,1354,189,96
763,0,1425,Shia001432Vols,9938,50,1266,866,72
763,0,871,Shia002185Vols,3520,524,1419,621,84
763,871,1425,Shia002185Vols,3521,0,564,406,88
764,782,1279,JK009283,28,337,942,287,59
764,1074,1279,Zaydiyya0000077Vols,18,1065,1172,77,47
764,287,432,Shia003636Vols,1293,1414,1568,110,83
764,662,1507,Shia003636Vols,1294,4,1005,611,71
764,1096,1279,Shamela0012222,40,0,189,126,83
764,5,163,Shia001432Vols,9938,1280,1443,113,85
764,163,1509,Shia001432Vols,9939,0,1346,1044,95
764,0,955,Shia001404,71,437,1060,479,62
764,1074,1279,AOCP2023090619,118,732,839,79,48
764,0,888,Shia002185Vols,3521,564,1527,701,90
764,888,1509,Shia002185Vols,3522,0,625,488,97
764,907,1279,JK006886,170,909,1219,207,70
764,798,1279,Zaydiyya0000161,133,122,616,347,87
764,969,1279,Shamela0009770,729,192,499,231,93
765,0,278,Sham19Y0145435,1699,1193,1518,217,82
765,278,696,Sham19Y0145435,1700,0,767,254,37
765,763,932,Sham19Y0145435,1701,1085,1276,124,75
765,1286,1517,Sham19Y0145435,1702,20,283,159,77
765,378,696,Sham19Y0145435,6148,441,805,172,48
765,330,696,JK000927,3246,37,462,203,49
765,1286,1517,JK000927,3248,53,316,147,70
765,55,696,JK000911,653,0,796,379,50
765,14,938,Rafed0000066,52,880,1482,302,36
765,1286,1517,Rafed0000066,54,369,611,139,68
765,0,222,Shamela0010283,3999,1313,1551,153,71
765,222,696,Shamela0010283,4000,17,555,303,61
765,0,456,Shia003636Vols,1294,1005,1497,360,89
765,763,1517,Shia003636Vols,1295,671,1279,263,34
765,456,722,Shia003636Vols,1295,0,291,185,70
765,0,163,Shia001432Vols,9939,1346,1509,128,95
765,163,1534,Shia001432Vols,9940,0,1358,1065,95
765,470,696,Shia001432Vols,9949,488,696,162,87
765,14,330,Zaydiyya0000142,2344,1101,1388,191,68
765,278,696,Zaydiyya0000142,2345,18,500,222,47
765,763,932,Zaydiyya0000142,2345,1334,1524,123,74
765,1286,1517,Zaydiyya0000142,2346,179,443,157,76
765,1092,1534,Shia003764Vols,35,450,835,255,68
765,14,696,Shamela0001524,3281,134,961,402,51
765,0,938,Shia002185Vols,3522,625,1538,709,90
765,920,1534,Shia002185Vols,3523,0,597,458,92
765,767,960,Shia001663Vols,284,146,419,145,62
765,1286,1517,Shia001663Vols,285,980,1245,159,77
765,278,470,Shamela0012406,868,97,319,98,48
765,232,679,Kraken22021606121201,1257,1093,1532,214,45
765,763,1006,Shia001657Vols,75,992,1314,163,59
765,1286,1517,Shia001657Vols,77,906,1169,159,77
765,0,464,Shia001657Vols,79,753,1536,343,53
765,68,696,Shamela0009783BK1,1217,0,1024,417,47
765,763,932,Shamela0009783BK1,1218,1240,1431,124,75
765,1286,1517,Shamela0009783BK1,1219,178,441,159,77
765,232,696,Shamela0007472,33,189,636,256,55
765,763,932,Shamela0007472,34,898,1085,121,73
766,4,274,Hindawi080306317,78,1176,1447,109,42
766,4,336,Sham19Y0145435,1702,294,686,209,60
766,4,336,JK000927,3248,322,699,209,63
766,4,169,JK000911,653,1349,1500,107,74
766,85,274,Shamela0010283,4001,0,251,136,70
766,4,228,Shia003636Vols,1295,1291,1499,155,84
766,1259,1440,Shia003636Vols,1296,78,242,129,89
766,0,165,Shia001432Vols,9940,1358,1525,129,96
766,165,1440,Shia001432Vols,9941,0,1276,958,91
766,4,264,Shia001432Vols,9950,406,703,169,63
766,0,336,Zaydiyya0000142,2346,224,851,221,42
766,4,152,Hindawi042908302,127,326,482,92,70
766,4,274,Shamela0005816,226,717,1067,186,66
766,0,274,Shia003764Vols,35,835,1111,211,96
766,68,254,ShamAY0033734,27,46,256,105,58
766,0,274,Sham19Y0023644,1572,308,688,167,54
766,4,169,Shamela0001524,3281,1325,1475,106,74
766,4,336,Shamela0004445,3098,264,631,165,55
766,0,857,Shia002185Vols,3523,597,1453,638,89
766,857,1440,Shia002185Vols,3524,0,575,439,93
766,4,274,Shamela0009898,227,448,799,187,66
766,4,165,Shia001663Vols,285,1256,1459,115,66
766,169,290,Shia001663Vols,286,24,175,86,74
766,4,165,Shia001657Vols,77,1180,1387,117,67
766,184,336,Shia001657Vols,78,0,141,82,67
766,4,336,Shamela0009783BK1,1219,452,843,209,60
766,4,264,Shamela0007472,33,1036,1334,171,64
767,0,279,Shia003636Vols,1296,242,470,173,79
767,0,157,Shia001432Vols,9941,1276,1428,112,88
767,157,274,Shia001432Vols,9942,0,117,92,100
767,0,274,Shia002185Vols,3524,575,845,208,94
767,740,1223,Shia002185Vols,3530,247,832,269,52
767,769,1436,Rafed0003793Vols,992,244,931,525,96
768,162,1309,Shia001432Vols,10097,300,1288,718,77
768,1195,1477,Shia002185Vols,3530,585,850,191,80
768,0,490,Rafed0003793Vols,992,931,1438,384,96
768,490,1477,Rafed0003793Vols,993,0,978,786,98
769,0,524,Shia002185Vols,3530,850,1376,408,96
769,0,517,Rafed0003793Vols,993,978,1498,409,99
770,0,450,Zaydiyya0000258,112,1059,1447,218,55
770,36,347,Shia004038,168,34,348,190,72
770,479,789,Shia004038,168,1012,1289,210,86
770,12,339,Zaydiyya0000037Vols,365,746,1035,197,73
770,0,205,Rafed0003537Vols,545,1368,1549,96,52
770,205,450,Rafed0003537Vols,546,0,159,121,62
770,36,339,Shamela0021512,264,1044,1274,140,59
770,4,867,Shia001432Vols,10005,312,1406,493,54
770,867,1365,Shia001432Vols,10006,0,493,372,92
770,0,450,Shia001416,404,416,649,162,45
770,0,450,Shia004020,114,193,618,230,60
770,0,549,Shia002185Vols,257,772,1211,192,35
770,0,1065,Shia002185Vols,2459,339,1422,802,90
770,1065,1416,Shia002185Vols,2460,0,345,262,91
770,30,339,JK001173,225,848,1089,148,58
771,133,354,JK001304,286,831,1063,137,75
771,1191,1434,Shia001432Vols,10006,611,846,182,93
771,133,279,Zaydiyya0000142,2153,1315,1465,102,84
771,28,283,Masaha003448Vols,223,1117,1311,144,68
771,133,354,JK000365,1322,312,505,131,73
771,1167,1402,Shia002185Vols,258,189,409,166,90
771,0,1147,Shia002185Vols,2460,345,1458,854,90
771,1147,1434,Shia002185Vols,2461,0,303,216,89
771,609,1006,Shia002185Vols,2465,396,865,113,21
771,28,283,Rafed0003793Vols,91,323,521,142,66
772,1083,1401,Shia004038,170,654,972,244,95
772,0,584,Shia001432Vols,10006,846,1427,443,95
772,584,1452,Shia001432Vols,10007,0,904,673,91
772,28,1286,Shia002185Vols,258,367,1389,469,40
772,0,1139,Shia002185Vols,2461,303,1439,897,98
772,1130,1452,Shia002185Vols,2462,0,323,241,90
772,599,816,Shia002185Vols,2463,413,836,141,40
773,19,745,Shia002185Vols,2464,800,1468,483,79
773,745,1459,Shia002185Vols,2465,0,699,498,86
774,486,612,Shia004038,170,1154,1274,93,95
774,518,1438,Shia001432Vols,10048,0,863,601,83
774,0,838,Shia002185Vols,2465,699,1477,552,80
774,838,1438,Shia002185Vols,2466,0,528,372,78
775,0,566,Shia001432Vols,10048,863,1408,402,87
775,566,960,Shia001432Vols,10049,0,428,238,66
775,1079,1438,Shia001432Vols,10050,526,909,263,84
775,0,837,Shia002185Vols,2466,528,1366,639,94
775,0,512,Shia002185Vols,2467,128,727,155,26
775,891,1101,Shia002185Vols,2467,1246,1455,146,85
775,1101,1438,Shia002185Vols,2468,0,329,242,87
776,375,537,Shia004038,174,75,237,128,100
776,0,530,Shia001432Vols,10050,915,1439,371,88
776,530,1470,Shia001432Vols,10051,0,972,689,86
776,0,1217,Shia002185Vols,2468,335,1439,801,81
776,1217,1470,Shia002185Vols,2469,0,258,191,90
777,684,1370,Shia004038,174,974,1343,205,33
777,0,450,Shia001432Vols,10051,972,1406,333,90
777,0,450,Shia002185Vols,2469,258,692,326,89
777,380,1543,Shia002185Vols,2471,4,1247,664,54
778,1255,1432,Zaydiyya0000037Vols,365,1236,1408,124,88
778,454,904,Shia001432Vols,10040,408,846,329,89
778,909,1075,Shia001432Vols,10042,1359,1520,129,96
778,0,149,Shia001432Vols,10042,1190,1318,103,85
778,1075,1196,Shia001432Vols,10043,0,118,89,88
778,1255,1503,Shia001432Vols,10073,848,1061,130,61
778,0,220,Shia002185Vols,2471,1247,1496,176,87
778,220,1496,Shia002185Vols,2472,3,1414,908,75
779,82,1463,Shia002185Vols,2473,0,1361,1038,92
779,357,836,Shia001663Vols,273,734,961,160,40
780,872,1283,Shia001217Vols,2627,0,276,221,65
780,886,1283,Shia001237Vols,1652,17,210,130,38
780,913,1283,Shia001237Vols,1744,770,938,111,35
780,843,1283,Shia001174Vols,2450,1148,1465,253,70
780,554,1242,Shia003757,242,1020,1546,299,43
780,711,1283,Shia002382Vols,746,642,1190,263,47
780,711,1283,Shia002382Vols,1784,124,456,251,53
780,711,1283,Shia002382Vols,2372,148,490,253,54
780,919,1283,PV2024060601,522,0,246,198,67
780,919,1283,Shia001122Vols,522,0,246,198,67
780,843,1272,Masaha000001Vols,512,1224,1526,244,70
780,913,1283,Shia001265,90,955,1137,123,38
780,843,1283,Shia002389Vols,2948,946,1260,253,70
780,903,1283,Shia002380Vols,791,566,778,156,50
780,843,1283,Shia004030Vols,1089,918,1245,254,71
780,0,136,Shia002185Vols,2473,1361,1497,111,98
780,136,1672,Shia002185Vols,2474,0,1273,956,74
780,711,1283,Rafed0003793Vols,1115,682,1099,328,69
780,843,1283,Masaha000989,138,1108,1418,236,64
781,588,844,Zaydiyya0000258,114,434,770,188,65
781,588,1010,Rafed0003537Vols,547,1291,1448,118,34
781,588,838,Shia001432Vols,10031,68,304,168,77
781,921,1506,Shia001432Vols,10036,0,546,389,80
781,588,1188,Shia001432Vols,10037,316,1090,123,14
781,588,844,Shia004020,115,1165,1500,188,66
781,0,303,Shia002185Vols,2474,1273,1563,226,91
781,303,512,Shia002185Vols,2475,0,211,166,97
781,588,1506,Shia002185Vols,2487,30,967,667,85
781,960,1184,Shia002185Vols,2502,752,940,68,31
782,0,1152,Shia001432Vols,10036,546,1466,645,68
782,1152,1453,Shia001432Vols,10037,0,293,223,90
782,0,537,Shia002185Vols,2487,967,1472,399,93
782,537,1453,Shia002185Vols,2488,0,918,686,91
783,894,1144,Shia001432Vols,10036,694,951,97,36
783,0,1251,Shia001432Vols,10037,293,1479,857,83
783,1251,1454,Shia001432Vols,10038,0,203,158,95
783,887,1144,Shia002185Vols,2487,1116,1434,105,33
783,0,627,Shia002185Vols,2488,918,1480,434,85
783,627,1454,Shia002185Vols,2489,0,817,645,98
783,534,1158,Shia002185Vols,2502,5,1287,254,23
783,1209,1392,Shia002185Vols,2503,76,378,94,37
784,978,1166,Zaydiyya0000258,114,1008,1201,140,86
784,0,929,Shia001432Vols,10038,211,1095,655,86
784,978,1166,Shia004020,116,212,391,140,93
784,0,660,Shia002185Vols,2489,825,1495,518,94
784,660,938,Shia002185Vols,2490,0,281,210,93
784,978,1340,Shia002185Vols,2503,1122,1493,276,90
784,1340,1521,Shia002185Vols,2504,0,186,143,93
784,967,1438,Shia001663Vols,273,1040,1407,257,65
784,929,1058,Shia004016,5,814,969,91,75
785,0,1367,Shia002185Vols,2504,186,1517,1005,88
785,1367,1506,Shia002185Vols,2505,0,140,112,99
786,917,1204,Shia004020,116,423,644,115,49
786,0,827,Shia002185Vols,2505,140,896,588,87
786,917,1062,Shia002185Vols,2507,1436,1573,110,94
786,1062,1521,Shia002185Vols,2508,0,459,338,88
787,0,1075,Shia002185Vols,2508,459,1516,791,89
787,1075,1483,Shia002185Vols,2509,0,404,313,94
788,0,1164,Shia002185Vols,2509,404,1491,834,87
788,1164,1529,Shia002185Vols,2510,0,377,276,86
788,557,869,Shia000013,4,493,739,108,35
788,673,878,Rafed0003150Vols,541,303,530,74,33
789,356,824,Zaydiyya0000258,116,439,990,357,78
789,535,824,Shia004038,117,796,1080,227,96
789,510,824,Rafed0003537Vols,552,630,955,184,60
789,463,797,Shamela0021512,276,1043,1505,216,56
789,463,824,JK000365,1384,792,1304,234,55
789,356,571,Shia004020,117,1242,1501,154,70
789,571,824,Shia004020,118,0,278,204,90
789,0,263,Shia002185Vols,2510,377,616,183,86
789,345,1112,Shia002185Vols,2511,788,1547,559,85
789,1112,1489,Shia002185Vols,2512,0,379,274,88
789,458,824,Shia004019,44,1039,1542,243,58
789,402,761,Hindawi092963020,680,14,325,200,62
790,421,618,Shia004038,117,1064,1257,115,78
790,0,1140,Shia002185Vols,2512,379,1471,826,90
790,1140,1453,Shia002185Vols,2513,0,225,173,67
790,172,1250,Shia002185Vols,2523,237,1199,220,17
791,1322,1470,Shamela0009773,1516,0,128,102,85
791,1232,1470,Shia004038,118,683,922,186,99
791,1315,1470,Hindawi083828042,147,559,696,107,87
791,1144,1470,Shia001432Vols,10082,875,1162,200,75
791,1232,1379,Shia001432Vols,10259,1285,1433,111,96
791,1315,1470,Zaydiyya0000142,1772,1206,1343,107,87
791,1318,1470,Zaydiyya0000142,2332,718,852,105,86
791,9,1302,Shia002185Vols,2513,225,1480,947,90
791,1302,1470,Shia002185Vols,2514,0,169,131,98
791,1331,1470,Hindawi092963020,679,737,847,74,67
792,534,923,Zaydiyya0000258,116,1014,1431,264,74
792,923,1424,Zaydiyya0000258,117,44,507,261,55
792,1293,1424,Shamela0009773,1515,1263,1388,94,88
792,6,468,Shamela0009773,1516,128,588,347,92
792,1293,1424,Shamela0009773,2874,988,1135,93,75
792,0,519,Shia004038,118,922,1437,375,90
792,923,1424,Shia004038,119,0,462,365,91
792,548,1424,Shia001392Vols,583,0,713,354,43
792,6,519,Hindawi083828042,147,696,1214,351,84
792,1293,1424,Sham19Y0132618,9,254,407,90,68
792,0,312,Shia001432Vols,10082,1162,1465,235,93
792,312,1428,Shia001432Vols,10083,0,1139,830,88
792,0,476,Shia001432Vols,10260,104,581,362,94
792,1293,1424,JK008001,4933,1022,1148,93,84
792,6,209,Zaydiyya0000142,1772,1343,1527,136,79
792,209,468,Zaydiyya0000142,1773,0,253,191,93
792,6,468,Zaydiyya0000142,2332,852,1304,337,90
792,1293,1424,JK009390,4319,1135,1262,93,83
792,1293,1424,Sham19Y0127677,3259,803,929,93,84
792,1293,1424,Shamela0001438,5363,327,453,93,84
792,27,468,Sham19Y0018147,729,1009,1372,242,65
792,1008,1246,Shia004000,200,244,477,180,92
792,534,1424,Shia004020,118,302,1257,539,61
792,6,1272,Shia002185Vols,2514,169,1424,950,93
792,1272,1428,Shia002185Vols,2515,0,166,123,93
792,600,810,Rafed0003793Vols,1002,1089,1298,167,99
792,6,451,Hindawi092963020,679,847,1303,317,85
793,936,1468,Zaydiyya0000258,117,759,1195,279,62
793,203,415,Shia004038,119,482,676,122,67
793,888,1377,Shia004038,119,636,1178,372,85
793,0,276,Shia001432Vols,10083,1147,1419,210,94
793,276,1270,Shia001432Vols,10084,0,1012,736,87
793,936,1468,Shia004020,119,16,453,280,62
793,0,1270,Shia002185Vols,2515,174,1477,982,93
793,1270,1483,Shia002185Vols,2516,0,216,163,93
794,778,1086,Hindawi026964862,17,1200,1495,217,84
794,1086,1504,Hindawi026964862,18,0,449,313,85
794,711,1336,Shia003461Vols,517,895,1499,457,89
794,711,1504,Sham19Y0145435,2056,438,1202,587,91
794,578,886,Shia004038,119,1178,1479,239,97
794,886,1128,Shia004038,120,0,234,185,95
794,711,901,Shia004456Vols,765,1362,1520,120,79
794,901,1226,Shia004456Vols,766,0,363,213,73
794,711,1488,Shia004456Vols,768,719,1328,405,62
794,711,901,Shia004456Vols,772,1314,1471,116,75
794,901,1101,Shia004456Vols,773,0,152,112,69
794,913,1504,Shia004456Vols,774,175,610,250,47
794,711,1504,JK000911,859,604,1275,501,77
794,711,1504,Hindawi029620591,143,100,862,585,91
794,711,1070,Shia001553,188,450,782,215,70
794,711,1101,Shamela0010283,4176,1198,1505,230,73
794,1136,1504,Shamela0010283,4177,0,363,276,91
794,711,1128,Shia003636Vols,1314,1074,1371,222,67
794,1143,1352,Shia003636Vols,1315,81,285,150,85
794,711,1226,Shia001555Vols,532,886,1408,330,75
794,711,1488,Shia001555Vols,535,234,843,405,62
794,711,1101,Shia001555Vols,539,879,1189,227,72
794,1221,1504,Shia001555Vols,541,0,167,119,51
794,799,1482,Shia001432Vols,10261,827,1475,408,68
794,1136,1488,Zaydiyya0000142,1751,884,1260,250,79
794,913,1504,Zaydiyya0000087BK1,90,1003,1358,205,38
794,664,1093,Hindawi013538483,659,1246,1507,162,47
794,1136,1504,Hindawi013538483,660,0,369,277,91
794,920,1504,Shamela0012715,223,538,1011,278,52
794,711,1178,Shia002185Vols,129,1108,1481,249,65
794,0,1304,Shia002185Vols,2516,216,1499,1017,97
794,1304,1504,Shia002185Vols,2517,0,199,154,94
794,778,1078,Rafed0000609Vols,99,36,293,154,61
794,804,1018,Rafed0000040Vols,1611,293,537,149,71
794,716,1504,Shamela0012396BK1,209,202,962,551,84
794,711,1504,Shamela0009783BK1,1697,654,1401,574,88
794,711,1488,Shamela0023789,1001,387,1069,445,67
795,1230,1453,Shamela0009773,1518,1280,1458,127,68
795,0,347,Shia003461Vols,518,159,465,223,80
795,0,343,Sham19Y0145435,2056,1202,1501,220,80
795,0,293,JK000911,859,1275,1534,193,81
795,0,347,Hindawi029620591,143,862,1168,223,80
795,873,967,Shia001432Vols,9315,774,921,73,63
795,0,347,Shia001432Vols,10262,10,393,227,69
795,0,347,Shia002185Vols,130,345,725,225,68
795,0,1361,Shia002185Vols,2517,199,1461,917,82
795,0,158,Shamela0009783BK1,1697,1401,1523,87,69
795,158,347,Shamela0009783BK1,1698,0,183,136,88
796,1001,1387,Hindawi026964862,24,0,273,197,61
796,78,296,Shamela0009773,1519,0,230,160,86
796,338,546,Shia003461Vols,521,121,282,107,63
796,853,1370,Shia003461Vols,521,258,588,225,52
796,338,546,Sham19Y0145435,2059,1137,1298,107,63
796,1244,1370,Sham19Y0145435,2060,0,117,91,88
796,974,1370,Sham19Y0127698,140,1217,1444,168,53
796,27,497,Shia004456Vols,766,56,591,160,27
796,974,1370,Shia004456Vols,773,466,689,163,50
796,974,1370,Shia004456Vols,774,1011,1237,168,53
796,974,1370,Shia004456Vols,3927,795,1018,166,52
796,974,1370,JK000911,862,766,989,163,50
796,974,1370,Shamela0010283,4180,442,671,165,51
796,526,823,Masaha002862,65,105,306,120,52
796,978,1370,Shia001555Vols,540,0,219,162,50
796,974,1370,Shia001555Vols,541,568,795,168,53
796,1201,1463,Shia001432Vols,10084,1112,1387,202,89
796,526,813,Shia001432Vols,10244,41,313,188,80
796,338,1370,Shia001432Vols,10265,780,1397,342,39
796,338,546,ShamAY0035791,37,115,276,107,63
796,970,1370,Shamela0000552,136,6,293,204,62
796,526,813,Shia003991,82,344,593,169,72
796,890,1370,Zaydiyya0000142,3095,85,362,183,46
796,970,1387,Hindawi013538483,664,200,509,216,62
796,1036,1370,Shamela0012715,224,0,163,122,46
796,316,637,Shia001416,145,100,292,97,32
796,562,1463,Shia004000,201,673,1499,376,41
796,0,1463,Shia002185Vols,2518,93,1466,1054,89
796,22,212,Shia002185Vols,2524,88,272,127,82
796,0,201,Shia001663Vols,77,1258,1465,144,86
796,853,1370,Zaydiyya0000288,35,229,586,249,57
796,0,296,Shia001657Vols,120,281,590,219,89
796,316,1001,Shia001749,37,845,1475,124,15
796,338,546,Shamela0009783BK1,1700,1222,1383,107,63
796,1049,1370,Shamela0009783BK1,1701,0,196,151,58
796,890,1370,Shamela0023789,1004,253,530,183,46
797,210,425,Shamela0009773,1522,7,233,151,78
797,0,231,Shamela0010283,4180,294,442,100,53
797,990,1354,Shia003636Vols,12667,606,1005,267,80
797,112,494,Shia001432Vols,10085,24,390,266,83
797,175,425,Zaydiyya0000142,1783,1053,1314,167,73
797,808,1173,Zaydiyya0000142,3095,638,993,161,43
797,121,801,Shia004030Vols,1891,632,1413,481,69
797,1365,1540,Shia004030Vols,1907,799,995,138,87
797,961,1173,Shia002932VolsBK2,74,1151,1338,125,75
797,242,394,Shia004000,201,935,1088,97,75
797,990,1354,Shia002185Vols,1822,744,1145,266,80
797,0,1540,Shia002185Vols,2519,0,1508,1112,86
797,990,1540,Shia002958,263,9,559,351,73
797,210,425,Shia001663Vols,79,613,837,148,75
797,210,429,Shia001657Vols,122,614,839,149,76
797,990,1354,Shia001749,42,616,1021,269,81
797,961,1173,Masaha005108Vols,95,163,350,125,75
798,105,815,Masaha001842Vols,119,906,1566,404,63
798,815,1361,Masaha001842Vols,120,0,530,291,57
798,102,691,Shia001334,209,833,1422,398,79
798,738,1361,Shia001334,210,46,641,326,55
798,102,691,Shia001432Vols,9550,850,1467,400,76
798,738,1361,Shia001432Vols,9551,55,650,328,56
798,1361,1520,Shia001432Vols,10085,865,1025,130,99
798,105,1361,Sham19Y0026523,6301,216,1447,687,58
798,93,571,Shia004030Vols,1906,976,1450,351,87
798,590,1361,Shia004030Vols,1907,7,784,605,96
798,341,1361,Shia001416,149,0,1074,472,44
798,214,1015,Shia002185Vols,1821,647,1468,346,41
798,1015,1236,Shia002185Vols,1822,0,269,139,59
798,30,1520,Shia002185Vols,2520,0,1499,1132,90
798,119,480,Shia001615Vols,2918,456,631,130,44
798,214,1076,Shia001749,41,576,1461,398,44
799,497,989,Shamela0009773,1521,39,471,277,68
799,0,484,Shia001432Vols,10085,1025,1530,380,93
799,484,1281,Shia001432Vols,10086,0,800,613,95
799,21,1398,Shia002185Vols,2521,0,1391,1061,93
799,497,989,Shia001663Vols,78,629,1060,276,67
799,497,989,Shia001657Vols,121,637,1068,276,67
800,0,1508,Shia002185Vols,2522,0,1510,1179,97
801,240,948,Shia002185Vols,2512,548,1392,155,15
801,0,1468,Shia002185Vols,2523,0,1471,1149,96
802,63,267,Shia002185Vols,2518,56,307,152,75
802,0,649,Shia002185Vols,2524,5,661,507,96
802,716,1022,Shia002185Vols,2533,1194,1502,244,96
802,1022,1484,Shia002185Vols,2534,0,433,327,87
802,41,243,Shia001663Vols,77,1242,1450,128,75
802,41,267,Shia001657Vols,120,265,499,138,72
803,1333,1474,Shia004056,21,397,536,110,97
803,1333,1474,Shia000403,69,711,850,110,97
803,0,738,Shia002185Vols,2534,433,1096,491,79
803,1318,1479,Shia002185Vols,2534,1114,1271,121,92
804,6,955,Zaydiyya0000258,118,211,947,525,67
804,0,114,Shia001149Vols,342,364,573,83,50
804,0,170,Shia001392Vols,586,402,560,116,85
804,162,1031,Shia004056,21,536,1307,566,79
804,383,663,Shia004056,29,82,368,231,97
804,1024,1239,Shia004056,29,1306,1502,155,89
804,27,327,Shamela0021512,476,287,571,203,83
804,0,114,PV2024060601,4070,1119,1328,83,50
804,0,162,PV2024060601,6860,530,671,97,73
804,0,658,Shia001432Vols,10058,673,1251,461,86
804,0,114,Shia000107Vols,613,589,778,83,55
804,0,114,Shia000107Vols,1126,916,1108,83,54
804,162,934,Shia000403,69,850,1518,505,79
804,383,663,Shia000403,77,261,547,231,97
804,1027,1275,Shia000403,78,0,230,171,84
804,0,194,Shia000182VolsBK2,585,883,1129,100,44
804,0,233,Shia000317Vols,4442,1030,1302,111,47
804,27,327,JK000365,2017,1181,1465,203,83
804,379,650,Zaydiyya0000454,267,240,515,206,85
804,0,166,Shia004000,198,209,359,116,89
804,6,635,Shia004020,119,988,1561,433,83
804,0,216,Shia002185Vols,2534,1271,1486,170,99
804,216,1511,Shia002185Vols,2535,0,1288,1019,96
804,0,294,Shia004019,81,1221,1503,217,92
804,0,162,Zaydiyya0000302,734,362,503,97,73
804,0,114,Shia000121Vols,898,58,247,83,55
804,0,162,Masaha001130Vols,1858,1175,1316,97,73
805,0,241,Shia002185Vols,2535,1288,1527,182,92
805,241,533,Shia002185Vols,2536,3,296,227,96
806,358,940,Shia001432Vols,7241,959,1485,420,90
806,940,1187,Shia001432Vols,7242,0,251,194,97
807,194,499,Shia002185Vols,456,1240,1551,232,93
807,499,1494,Shia002185Vols,457,0,882,652,80
808,557,995,Zaydiyya0000258,118,1233,1456,166,47
808,1077,1366,Zaydiyya0000258,119,507,706,123,53
808,1005,1293,Shia003684Vols,47,142,452,180,70
808,1156,1366,Rafed0003537Vols,558,987,1167,107,62
808,581,995,Rafed0003537Vols,558,210,374,123,38
808,581,714,Shia001432Vols,10125,1393,1523,105,97
808,714,1435,Shia001432Vols,10126,0,709,528,90
808,557,995,Shia004020,120,505,728,166,47
808,1077,1366,Shia004020,120,1315,1514,123,53
808,5,540,Shia002185Vols,457,882,1345,344,80
808,399,537,Shia002185Vols,464,118,431,90,35
808,674,1435,Shia002185Vols,471,5,749,569,92
808,557,1330,Shia004016,308,128,608,230,36
809,318,480,Zaydiyya0000258,120,1224,1366,107,79
809,326,480,Rafed0003537Vols,560,429,563,104,82
809,326,514,Shia001432Vols,10162,127,310,135,88
809,318,480,Shia004020,122,714,855,107,79
809,75,293,Shia002185Vols,485,698,899,159,91
809,326,609,Shia002185Vols,489,258,542,227,98
810,0,712,Shia001432Vols,10132,614,1284,476,79
810,842,1467,Shia002185Vols,458,83,745,467,86
810,1315,1467,Shia002185Vols,465,1169,1310,108,88
810,37,608,Shia002185Vols,514,897,1437,328,65
811,0,749,Shia002185Vols,458,745,1497,549,87
811,749,1495,Shia002185Vols,459,4,743,553,91
812,0,672,Shia002185Vols,459,743,1377,498,91
812,717,1479,Shia002185Vols,460,132,880,582,95
813,0,641,Shia002185Vols,460,880,1527,512,97
813,641,1513,Shia002185Vols,461,0,849,658,92
814,16,640,Shia002185Vols,461,752,1490,486,81
814,640,1496,Shia002185Vols,462,0,859,678,97
815,4,681,Shia002185Vols,462,866,1511,500,93
815,681,1467,Shia002185Vols,463,0,790,605,95
816,0,694,Shia002185Vols,463,790,1479,540,96
816,694,1272,Shia002185Vols,464,0,580,438,94
817,608,979,Shia002185Vols,458,391,827,207,54
817,0,1145,Shia002185Vols,465,393,1555,893,93
817,1151,1570,Shia002185Vols,466,7,434,335,96
818,5,915,Shia002185Vols,466,438,1368,700,92
818,910,1515,Shia002185Vols,467,645,1258,474,94
819,0,337,Shia002185Vols,467,1258,1572,236,84
819,337,1507,Shia002185Vols,468,0,1163,875,90
820,0,340,Shia002185Vols,468,1163,1508,266,94
820,340,1517,Shia002185Vols,469,0,1157,884,91
821,0,380,Shia002185Vols,469,1157,1536,303,96
821,380,1019,Shia002185Vols,470,0,635,496,97
822,86,672,Shia002185Vols,471,861,1452,452,95
822,672,1465,Shia002185Vols,472,0,797,589,89
823,0,686,Shia002185Vols,472,797,1484,534,94
823,686,1444,Shia002185Vols,473,0,734,546,90
824,0,621,Shia002185Vols,473,734,1388,467,89
824,628,1390,Shia002185Vols,474,0,792,555,85
824,229,933,Shia002185Vols,481,280,893,194,28
825,4,725,Shia002185Vols,474,792,1483,480,79
825,729,1519,Shia002185Vols,475,0,787,594,89
825,597,811,Shia002185Vols,482,1212,1539,100,37
826,753,962,Shamela0009773,1529,27,226,130,75
826,649,1293,Shia001432Vols,10126,872,1474,469,90
826,428,1327,Shia001416,430,27,664,452,61
826,753,1308,Sham19Y0018147,736,980,1301,151,32
826,0,808,Shia002185Vols,475,787,1560,509,70
826,808,1521,Shia002185Vols,476,0,705,548,94
827,653,799,Shamela0009773,1532,0,141,113,96
827,1206,1519,Shamela0009773,1533,609,932,233,88
827,551,948,Shia003461Vols,547,206,504,216,67
827,35,424,Shia003684Vols,46,1288,1534,195,61
827,494,794,Shia003702,52,1040,1312,149,55
827,551,858,JK000927,989,1230,1491,194,76
827,555,724,JK000927,990,942,1289,117,42
827,555,813,Rafed0002654Vols,4110,574,830,172,83
827,574,794,JK010344,547,0,180,133,74
827,555,948,Shamela0026484,25,631,970,263,83
827,570,794,JK007531,16,771,911,98,55
827,521,948,Shamela0010283,4208,381,725,240,67
827,555,813,Shia003636Vols,1750,203,460,173,83
827,555,799,Hindawi083828042,92,246,495,187,93
827,570,953,Hindawi083828042,92,876,1318,185,41
827,555,948,JK003609,6290,1064,1404,260,82
827,1210,1442,Zaydiyya0000142,2708,1300,1540,168,84
827,555,948,Zaydiyya0000142,2710,312,792,304,78
827,555,813,Shia004092Vols,4482,1012,1268,172,83
827,555,794,JK000803,30,613,859,171,88
827,555,794,Sham19Y0026523,791,237,431,140,73
827,555,948,Shamela0003722,7451,321,1071,262,41
827,570,948,Shamela0000740,93,662,1059,247,70
827,555,789,Sham19Y0023644,1934,576,816,170,89
827,962,1334,Shia001416,430,758,1089,234,72
827,555,948,Shamela0001524,2957,800,1147,264,84
827,551,833,Sham19Y0018147,737,445,720,198,87
827,23,823,Shia002185Vols,476,725,1528,633,96
827,823,1519,Shia002185Vols,477,0,717,527,88
827,551,948,Shia002185Vols,3540,962,1325,254,78
827,555,813,ShamAY0033599,112,364,619,169,81
827,808,948,Rafed0002209Vols,2173,36,176,112,99
827,555,794,JK009225,365,1143,1339,137,72
827,570,948,Kraken22021606121201,495,1008,1421,249,67
827,555,948,Rafed0000609Vols,128,268,681,305,91
827,551,948,Shia001749,64,1069,1433,254,78
827,555,948,JK000778,1011,241,580,261,82
827,555,794,Shamela0023789,1755,171,386,139,67
827,808,948,Zaydiyya0000017,158,1221,1359,113,98
828,149,384,Shamela0009773,1534,117,347,159,77
828,149,384,Shia001626Vols,78,79,310,156,76
828,149,384,Zaydiyya0000142,2709,603,833,159,77
828,52,393,Shia001416,430,1098,1428,260,93
828,0,804,Shia002185Vols,477,717,1516,620,94
828,825,1498,Shia002185Vols,478,10,669,505,91
829,957,1289,Zaydiyya0000258,119,190,474,189,62
829,957,1289,Rafed0003537Vols,558,666,942,181,60
829,957,1289,Shia004020,120,998,1282,189,62
829,0,867,Shia002185Vols,478,669,1485,626,89
829,867,1540,Shia002185Vols,479,0,679,542,97
830,590,735,Shamela0009773,1562,1159,1290,93,79
830,177,571,Shamela0009773,1564,679,1501,243,35
830,171,563,Shia003461Vols,666,471,1313,236,33
830,427,1447,Shia003684Vols,46,95,1075,767,92
830,147,485,Rafed0000066,70,250,964,187,31
830,171,571,JK000916,15135,297,1088,243,36
830,590,735,Shia001626Vols,101,781,912,93,79
830,590,735,Zaydiyya0000142,3152,982,1113,93,79
830,177,571,Zaydiyya0000142,3155,282,1104,243,35
830,206,571,Shamela0005816,276,203,591,206,64
830,253,485,Masaha001961Vols,1568,5,566,142,30
830,157,571,Shamela0011997,133,348,1167,235,32
830,0,888,Shia002185Vols,479,679,1571,687,92
830,921,1566,Shia002185Vols,480,3,604,458,84
830,206,571,Shamela0009898,277,65,453,206,64
830,171,571,Shamela0003118,4433,530,1318,250,36
831,0,919,Shia002185Vols,480,604,1503,679,91
831,919,1453,Shia002185Vols,481,0,550,398,89
832,382,701,Shia004014Vols,26,311,485,100,39
832,161,358,Shia002185Vols,474,3,305,101,42
832,0,942,Shia002185Vols,481,550,1475,707,91
832,942,1528,Shia002185Vols,482,0,592,464,95
833,0,991,Shia002185Vols,482,592,1539,719,89
833,991,1515,Shia002185Vols,483,0,493,393,93
834,1198,1580,Shamela0009773,1591,572,1002,297,81
834,1213,1580,JK000916,15084,406,873,265,66
834,1206,1580,Shamela0010906,846,454,829,208,57
834,1209,1580,JK000803,91,93,569,262,65
834,1266,1580,Sham19Y0023644,2065,0,404,223,64
834,1279,1580,ShamAY0035884,795,0,396,217,64
834,0,962,Shia002185Vols,483,493,1523,758,90
834,962,1580,Shia002185Vols,484,0,591,466,90
834,1206,1580,Shamela0035100,912,554,928,208,57
835,657,847,Shamela0009773,1554,624,1094,137,36
835,657,847,Zaydiyya0000142,3066,53,418,137,47
835,4,975,Shia002185Vols,484,594,1557,737,91
835,975,1520,Shia002185Vols,485,0,536,425,95
836,178,333,Shia004038,214,353,639,101,43
836,1102,1394,Shia001416,432,0,274,216,92
836,0,756,Shia002185Vols,485,536,1502,515,64
836,745,1394,Shia002185Vols,486,10,664,460,85
837,0,841,Shia002185Vols,489,612,1493,606,84
837,841,1283,Shia002185Vols,490,0,461,323,84
837,1304,1442,Shia002185Vols,494,222,447,106,58
838,726,988,Shia004038,209,371,580,162,78
838,1271,1444,Shia004038,212,220,393,138,98
838,550,731,Shia004038,212,38,211,136,95
838,69,429,Shia002185Vols,494,1118,1531,197,55
838,526,988,Shia002185Vols,495,620,1042,311,80
838,988,1440,Shia002185Vols,500,120,550,292,78
839,847,1416,Zaydiyya0000258,120,436,885,293,63
839,69,362,Shia004038,209,5,323,224,89
839,407,1316,Shia004038,214,524,1469,618,73
839,580,726,Shia004456Vols,1323,342,492,116,96
839,847,1185,Rafed0003537Vols,559,1184,1434,183,67
839,1185,1418,Rafed0003537Vols,560,6,186,125,68
839,576,1249,Shia001432Vols,10136,847,1517,525,96
839,1249,1416,Shia001432Vols,10137,0,168,130,98
839,407,726,Shia004020,121,281,644,190,64
839,1000,1416,Shia004020,122,0,374,250,74
839,921,1408,EShia0086596,125,229,815,200,37
839,407,1185,Shia002185Vols,486,717,1456,540,85
839,1188,1416,Shia002185Vols,487,0,231,160,82
839,14,357,Shia002185Vols,495,1048,1411,248,83
840,0,289,Zaydiyya0000258,120,885,1157,201,86
840,8,702,Shia004038,215,91,789,364,52
840,461,909,Shia004456Vols,1323,760,1125,188,50
840,515,909,Rafed0003537Vols,559,830,1127,153,44
840,0,289,Rafed0003537Vols,560,186,380,149,65
840,0,1225,Shia001432Vols,10137,168,1429,865,80
840,1225,1387,Shia001432Vols,10138,0,132,103,79
840,511,951,Shia001432Vols,11653,758,1204,268,70
840,461,951,Shia000317Vols,10825,374,833,231,52
840,461,909,Shia004020,121,902,1296,229,62
840,0,289,Shia004020,122,374,647,202,87
840,0,1247,Shia002185Vols,487,231,1435,898,88
840,1247,1462,Shia002185Vols,488,0,204,158,90
841,1126,1319,Shia001432Vols,10138,986,1197,94,51
841,1118,1440,Shia001416,432,286,607,246,94
841,0,1275,Shia002185Vols,488,204,1451,955,93
841,1275,1440,Shia002185Vols,489,0,163,126,94
842,873,1147,Zaydiyya0000258,121,205,398,143,65
842,894,1072,Shamela0009773,1527,1213,1489,127,55
842,1072,1385,Shamela0009773,1528,0,315,219,81
842,873,1147,Shia004456Vols,1324,495,703,158,72
842,873,1147,Rafed0003537Vols,560,847,1045,144,66
842,878,1491,Shia001432Vols,10162,337,956,481,96
842,985,1385,Zaydiyya0000142,2854,727,1086,248,74
842,873,1147,Shia004020,122,1142,1337,139,64
842,167,1212,Shia002185Vols,490,521,1508,750,87
842,1212,1491,Shia002185Vols,491,0,283,195,79
843,9,577,Shamela0009773,1555,817,1393,353,69
843,9,527,Shia001432Vols,10162,966,1496,410,96
843,527,909,Shia001432Vols,10163,0,376,292,97
843,9,243,Zaydiyya0000142,2861,1256,1474,136,70
843,243,909,Zaydiyya0000142,2862,0,682,338,49
843,9,909,Shia001416,433,227,1128,682,92
843,9,1167,Shia002185Vols,491,293,1442,884,94
843,1167,1435,Shia002185Vols,492,0,273,209,96
844,235,869,Shamela0009773,1527,192,1093,463,63
844,235,1010,Shia001432Vols,10163,381,1098,569,90
844,486,679,Zaydiyya0000142,2844,1370,1542,134,86
844,679,869,Zaydiyya0000142,2845,0,192,154,97
844,0,1247,Shia002185Vols,492,273,1510,959,93
844,1247,1519,Shia002185Vols,493,0,278,205,88
844,279,869,Shia001663Vols,337,1008,1493,372,76
845,0,1373,Shia002185Vols,493,278,1516,956,85
845,1373,1525,Shia002185Vols,494,0,160,123,95
846,1286,1529,Shia004038,207,1067,1311,187,97
846,87,473,Shia001432Vols,10166,264,675,173,42
846,179,436,Zaydiyya0000142,2822,7,262,195,89
846,0,887,Shia002185Vols,494,160,1425,583,54
846,900,1481,Shia002185Vols,495,106,888,413,65
847,394,531,Shamela0009773,1535,283,415,106,96
847,0,195,Shia004038,207,1311,1504,154,97
847,869,1458,Shia004038,208,36,617,452,96
847,394,864,Rafed0000066,73,1019,1321,150,37
847,88,226,Shia001432Vols,10145,1341,1480,108,96
847,226,941,Shia001432Vols,10146,0,523,395,68
847,394,864,Zaydiyya0000142,2982,930,1248,164,40
847,1081,1386,Zaydiyya0000142,2985,143,437,222,89
847,0,1391,Shia002185Vols,496,79,1469,1040,90
848,92,401,Zaydiyya0000258,121,882,1216,211,78
848,79,401,Shamela0009773,1536,315,635,252,98
848,79,276,Shamela0009773,3063,1138,1442,138,55
848,92,319,Shia001237Vols,892,185,403,153,79
848,0,786,Shia004038,208,617,1411,625,98
848,786,1488,Shia004038,209,596,1292,555,98
848,92,366,Rafed0003537Vols,561,1195,1487,192,82
848,79,401,Rafed0000066,74,853,1167,245,94
848,122,401,Zaydiyya0000265,1266,1105,1391,202,87
848,134,260,JK000021,795,629,756,97,95
848,1169,1488,Shia001432Vols,10146,650,969,254,97
848,79,401,Shia001626Vols,71,271,610,251,92
848,1143,1488,Zaydiyya0000142,2983,659,962,215,76
848,79,401,Zaydiyya0000142,2984,34,354,252,98
848,88,252,ShamAY0033729,151,966,1136,113,76
848,92,401,Shia004020,123,316,650,211,78
848,0,1377,Shia002185Vols,497,67,1468,1061,94
848,92,319,Rafed0001713Vols,2597,1186,1404,153,79
849,1055,1400,Zaydiyya0000258,122,0,303,222,80
849,647,1092,Sham19Y0145435,358,1010,1411,188,41
849,1092,1400,Sham19Y0145435,359,7,286,183,68
849,4,191,Shia004038,209,1295,1461,133,88
849,191,1474,Shia004038,210,0,1263,995,96
849,849,1400,Sham19Y0018272,1487,936,1479,362,77
849,487,1413,Zaydiyya0000037Vols,410,521,1259,437,52
849,786,1400,Rafed0003537Vols,562,368,883,365,71
849,4,291,Rafed0000066,74,341,561,177,76
849,889,1145,Sham19Y0145166,407,1195,1450,180,83
849,849,1400,Shia003636Vols,6515,275,853,367,74
849,758,1400,Masaha002028Vols,1602,0,638,386,64
849,652,1400,Shamela0010488,438,65,834,348,46
849,749,1400,JK000916,26009,769,1388,372,64
849,0,553,Shia001432Vols,10146,969,1499,402,86
849,553,1413,Shia001432Vols,10147,0,846,638,92
849,4,291,Zaydiyya0000142,2983,965,1186,177,76
849,846,1375,JK009313,4293,517,1016,259,53
849,746,1400,Shamela0010906,1221,916,1396,286,52
849,849,1400,Shamela0001043,468,623,1230,369,71
849,902,1400,Shamela0023680,743,244,660,273,65
849,647,1326,Shamela0023653,577,820,1475,360,55
849,758,1239,Sham19Y0023644,1957,1042,1524,269,59
849,755,1400,Shamela0001524,3125,195,887,396,63
849,846,1400,Masaha001961Vols,1289,454,1042,370,75
849,902,1400,Shamela0012935,358,53,523,308,70
849,786,1400,Shia004020,123,686,1250,408,80
849,741,1400,ShamAY0035884,1449,590,1263,395,63
849,4,1385,Shia002185Vols,498,115,1480,1037,92
849,647,1115,JK000105,892,994,1459,217,43
849,1118,1400,JK000105,893,0,278,196,85
849,846,1400,Shia002958,255,847,1397,362,76
849,902,1400,Shamela0023833,814,34,572,352,79
849,872,1400,Shamela0003118,7721,596,1165,351,74
849,902,1400,Shamela0009770,538,55,511,329,80
849,647,1400,Shamela0009783BK1,1077,599,1291,361,49
849,935,1375,Shamela0021765,2530,382,772,235,61
850,0,225,Shia004038,210,1263,1487,181,99
850,267,981,Shia004038,212,112,840,236,27
850,648,1121,Zaydiyya0000265,1266,38,491,280,66
850,0,1126,Shia002185Vols,499,98,1066,698,76
850,1126,1486,Shia002185Vols,500,599,942,267,92
851,1316,1505,Shia002185Vols,499,1061,1266,139,85
851,0,614,Shia002185Vols,500,942,1510,439,88
851,614,1316,Shia002185Vols,501,0,711,531,89
852,1021,1450,Shia004038,193,192,622,342,98
852,120,301,Shia004038,193,0,192,141,94
852,1099,1319,Shamela0006617,851,1244,1462,156,79
852,120,717,Shia002185Vols,501,863,1481,431,83
852,717,1368,Shia002185Vols,502,0,659,491,88
853,0,1140,Shia004038,193,622,1458,655,71
853,1147,1419,Shia004038,194,6,269,213,96
853,59,328,Zaydiyya0000263,546,1167,1460,184,77
853,0,328,Shia003636Vols,6507,125,454,248,91
853,1006,1490,Shia003636Vols,6507,454,962,366,87
853,0,145,Shia002185Vols,505,1321,1463,108,89
853,145,1490,Shia002185Vols,506,0,1316,975,87
853,1014,1419,Shia002185Vols,1753,862,1209,261,78
853,14,328,Shia002185Vols,1753,510,838,236,87
853,1101,1406,JK009185,49,0,300,202,71
854,550,1043,Zaydiyya0000258,122,473,913,311,78
854,504,1503,Shamela0009773,1546,385,1404,741,89
854,105,1311,Shia004038,194,299,1511,929,94
854,1311,1503,Shia004038,195,0,196,152,94
854,550,929,Rafed0003537Vols,562,1109,1449,244,78
854,550,955,Rafed0000066,55,1041,1436,288,87
854,955,1503,Rafed0000066,56,3,553,420,92
854,550,1098,Hindawi083828042,155,18,516,317,69
854,448,711,Shia001432Vols,10147,1266,1529,198,92
854,711,1503,Shia001432Vols,10148,0,791,610,94
854,550,1439,Shia001626Vols,83,547,1514,661,83
854,550,819,Zaydiyya0000142,2870,93,415,187,69
854,554,1503,Zaydiyya0000142,2994,0,970,711,89
854,1160,1279,Zaydiyya0000142,3126,1400,1528,95,91
854,704,853,Zaydiyya0000142,3256,1199,1403,103,61
854,1106,1403,Sham19Y0023644,2015,719,1074,181,55
854,599,1048,Shia004020,124,0,394,275,76
854,267,1093,Shia002185Vols,502,705,1502,602,90
854,1093,1503,Shia002185Vols,503,6,469,323,86
854,499,1320,Shia002958,263,659,1465,607,91
854,1320,1503,Shia002958,264,0,193,140,88
854,539,848,Rafed0000609Vols,119,939,1295,136,39
855,327,753,Zaydiyya0000258,122,933,1218,212,60
855,324,743,Shamela0009773,1547,491,935,320,86
855,0,1278,Shia004038,195,196,1482,1007,96
855,1278,1511,Shia004038,196,371,614,181,92
855,0,727,Shia001432Vols,10148,791,1501,562,94
855,1384,1511,Shia001432Vols,10149,33,162,103,98
855,324,743,Shia001626Vols,83,33,474,322,87
855,5,743,Zaydiyya0000142,2995,431,1106,394,57
855,140,313,Zaydiyya0000142,2998,1068,1243,132,91
855,327,753,Shia004020,124,394,697,227,64
855,0,1024,Shia002185Vols,503,469,1507,793,93
855,1024,1511,Shia002185Vols,504,0,505,376,90
855,0,743,Shia002958,264,193,1073,467,60
856,0,305,Zaydiyya0000258,122,1281,1493,163,65
856,991,1428,Shia004038,196,1030,1469,336,95
856,0,434,Shia004038,196,614,1043,335,97
856,0,418,Rafed0003537Vols,563,440,772,239,69
856,0,272,Shia001432Vols,10149,162,435,212,95
856,0,418,Shia004020,124,760,1102,253,74
856,0,1008,Shia002185Vols,504,505,1462,649,76
856,1008,1445,Shia002185Vols,505,0,457,341,93
857,961,1520,Shamela0009773,1550,58,608,391,81
857,0,656,Shia004038,197,17,663,509,96
857,656,1520,Shia004038,198,151,1003,673,95
857,955,1520,Shamela0010283,4211,588,1110,361,74
857,821,1520,Shia003636Vols,6497,604,1423,423,59
857,637,1070,Shia003636Vols,6507,1095,1496,271,69
857,1070,1353,Shia003636Vols,6508,0,282,208,91
857,965,1437,Hindawi083828042,151,808,1288,273,64
857,821,1321,Shia001432Vols,7463,966,1487,277,59
857,1321,1520,Shia001432Vols,7464,0,240,149,73
857,952,1520,Shia001432Vols,10139,143,711,445,96
857,0,407,Shia001432Vols,10149,1096,1447,268,80
857,407,669,Shia001432Vols,10150,0,264,191,88
857,955,1236,Shia001626Vols,193,551,771,158,67
857,961,1520,Zaydiyya0000142,2876,815,1396,426,88
857,821,1520,Zaydiyya0000142,2888,651,1414,420,63
857,821,1520,Shia001416,450,613,1449,417,57
857,0,718,Shia002185Vols,505,457,1171,510,85
857,666,1520,Shia002185Vols,507,0,796,598,82
857,821,1236,Shia002185Vols,1748,1053,1465,221,59
857,1259,1520,Shia002185Vols,1749,3,317,196,74
857,952,1520,Shia002958,243,50,656,340,60
857,1119,1511,Rafed0000609Vols,143,178,765,221,40
858,0,906,Zaydiyya0000258,123,812,1501,523,70
858,934,1454,Zaydiyya0000258,124,0,482,348,82
858,0,539,Shamela0009773,1550,608,1499,386,51
858,539,1087,Shamela0009773,1551,0,516,357,73
858,0,524,Shia004038,198,1003,1520,411,97
858,524,1472,Shia004038,199,0,946,729,94
858,1061,1454,Shia001392Vols,591,456,712,164,51
858,0,1137,Rafed0003537Vols,564,637,1485,636,69
858,1137,1454,Rafed0003537Vols,565,0,299,223,86
858,315,740,Zaydiyya0000265,1267,485,855,246,66
858,123,1092,Shamela0010283,4212,25,866,553,65
858,1092,1433,Shia003636Vols,1316,1123,1348,130,44
858,70,725,Shia003636Vols,6498,0,680,490,87
858,708,1190,Shia003636Vols,6502,907,1409,335,79
858,1151,1472,Shia003636Vols,6503,37,394,247,86
858,0,725,Shia001432Vols,7464,240,948,539,90
858,703,1385,Shia001432Vols,7465,663,1464,494,74
858,0,804,Shia001432Vols,10139,711,1517,638,98
858,804,1472,Shia001432Vols,10140,0,671,508,93
858,116,613,Shia001626Vols,193,801,1269,345,82
858,729,1087,Shia001626Vols,194,217,657,153,39
858,123,1235,Zaydiyya0000142,2877,244,1441,679,63
858,81,725,Zaydiyya0000142,2889,0,666,479,87
858,703,1472,Zaydiyya0000142,2890,404,1295,562,76
858,315,608,Zaydiyya0000142,2923,627,914,196,78
858,1129,1472,Shia003675Vols,330,148,492,208,67
858,1061,1472,Shia001416,435,31,306,180,53
858,96,725,Shia001416,451,0,635,471,90
858,715,1472,Shia001416,452,389,1260,553,76
858,1133,1472,Shia004000,140,208,602,265,84
858,0,1444,Shia004020,125,302,1485,879,74
858,0,719,Shia002185Vols,507,796,1518,570,97
858,719,1468,Shia002185Vols,508,0,734,572,95
858,0,725,Shia002185Vols,1749,317,1059,541,88
858,703,1265,Shia002185Vols,1750,771,1426,397,71
858,1265,1468,Shia002185Vols,1751,0,206,154,92
858,0,725,Shia002958,243,656,1393,546,88
858,703,1079,Shia002958,244,1113,1482,262,83
858,1079,1472,Shia002958,245,0,506,288,68
858,39,511,Rafed0000609Vols,143,931,1542,199,37
859,0,559,Shia004038,199,941,1453,363,77
859,559,1445,Shia004038,200,0,883,693,98
859,0,1142,Shia003636Vols,6503,394,1433,734,78
859,1142,1445,Shia003636Vols,6504,0,302,220,88
859,0,1445,Shia001432Vols,7466,87,1441,988,83
859,0,752,Shia001432Vols,10140,671,1415,544,86
859,752,1445,Shia001432Vols,10141,0,698,546,98
859,848,1032,Shia001432Vols,10189,705,938,120,61
859,0,710,Zaydiyya0000543,1134,150,714,327,55
859,848,1445,Zaydiyya0000142,2882,271,857,432,89
859,229,1445,Zaydiyya0000142,2891,0,1169,841,85
859,1251,1439,Zaydiyya0000142,2908,986,1316,88,31
859,1262,1369,Zaydiyya0000142,2966,160,265,83,98
859,0,815,Shia003675Vols,330,487,1393,521,71
859,1088,1445,Shia003675Vols,331,0,330,184,60
859,0,249,Shia001416,452,1255,1437,135,68
859,268,1439,Shia001416,453,0,1150,839,86
859,0,268,Masaha001961Vols,1583,887,1171,173,75
859,0,785,Shia004000,140,597,1415,580,87
859,785,1445,Shia004000,141,0,717,490,83
859,0,263,Shamela0008657,437,1188,1466,173,75
859,5,752,Shia002185Vols,508,734,1411,490,79
859,752,1445,Shia002185Vols,509,0,682,520,92
859,5,1369,Shia002185Vols,1751,206,1441,894,81
859,0,1142,Shia002958,245,501,1420,644,68
859,1142,1445,Shia002958,246,0,293,216,87
860,823,1428,Zaydiyya0000258,124,716,1250,398,79
860,0,572,Shia004038,200,883,1439,434,95
860,572,1428,Shia004038,201,0,887,662,93
860,823,1424,Rafed0003537Vols,565,533,1072,388,77
860,0,896,Shia003636Vols,6504,302,1271,545,63
860,830,1129,Shia003636Vols,6506,995,1301,211,81
860,6,1325,Shia001432Vols,7467,0,1369,870,73
860,0,710,Shia001432Vols,10141,698,1419,548,95
860,710,1428,Shia001432Vols,10142,0,867,566,81
860,0,605,Zaydiyya0000142,2882,857,1453,450,91
860,429,830,Zaydiyya0000142,2883,39,190,115,36
860,0,264,Zaydiyya0000142,2891,1169,1441,179,72
860,264,1428,Zaydiyya0000142,2892,0,1198,759,73
860,885,1119,Zaydiyya0000142,2903,1176,1424,162,76
860,1119,1428,Zaydiyya0000142,2904,0,284,216,87
860,264,388,Zaydiyya0000142,2907,414,541,90,92
860,0,235,Shia001416,453,1235,1500,167,72
860,251,1428,Shia001416,454,0,1213,771,73
860,201,558,Shia004000,141,1078,1449,256,83
860,558,858,Shia004000,142,0,292,210,87
860,823,1428,Shia004020,126,266,817,412,82
860,0,753,Shia002185Vols,509,682,1427,563,92
860,753,1428,Shia002185Vols,510,0,659,456,77
860,0,1305,Shia002185Vols,1752,85,1455,867,73
860,0,1110,Shia002958,246,293,1443,721,72
860,1115,1428,Shia002958,247,8,322,212,79
861,15,219,Zaydiyya0000258,124,1121,1435,135,49
861,0,572,Shia004038,201,887,1454,451,98
861,572,1270,Shia004038,202,0,698,531,94
861,4,163,Shia001392Vols,591,1109,1308,92,50
861,15,229,Rafed0003537Vols,565,944,1233,146,58
861,11,145,Shia001432Vols,7467,1336,1443,82,75
861,0,362,Shia001432Vols,10142,867,1252,285,92
861,0,219,Zaydiyya0000142,2892,1198,1391,151,85
861,15,219,Zaydiyya0000142,2904,153,497,153,54
861,4,163,Shia001416,435,726,925,92,50
861,0,219,Shia001416,454,1213,1406,151,85
861,15,229,Shia004020,126,688,1030,153,54
861,15,832,Shia002185Vols,510,528,1487,626,80
861,832,1453,Shia002185Vols,511,0,612,469,93
861,0,219,Shia002185Vols,1753,101,294,151,85
861,0,219,Shia002958,247,322,523,140,73
862,276,613,Shia004038,202,685,1000,251,93
862,1068,1224,Zaydiyya0000142,2725,717,876,120,94
862,0,979,Shia002185Vols,511,607,1435,489,54
862,979,1431,Shia002185Vols,512,0,489,354,90
863,0,258,Shia002185Vols,512,489,745,196,95
863,285,1491,Shia002185Vols,515,137,1310,832,81
863,279,385,Shia002185Vols,516,413,865,58,15
864,0,208,Shia002185Vols,515,1310,1511,150,87
864,208,547,Shia002185Vols,516,0,348,265,93
865,674,1082,Zaydiyya0000258,125,425,731,190,56
865,674,1082,Rafed0003537Vols,566,544,863,179,51
865,439,1086,Shia002185Vols,512,806,1473,472,87
865,1086,1460,Shia002185Vols,513,0,380,283,92
866,715,863,Zaydiyya0000265,1268,506,642,98,84
866,0,1089,Shia001432Vols,10164,424,1496,843,97
866,1089,1209,Shia001432Vols,10165,0,124,90,92
866,872,1106,Zaydiyya0000142,2724,1103,1315,144,73
866,0,1117,Shia002185Vols,513,380,1455,821,90
866,1117,1438,Shia002185Vols,514,0,329,238,92
867,517,770,Zaydiyya0000258,125,1293,1517,177,84
867,517,775,Rafed0003537Vols,567,883,1114,180,85
867,517,775,Shia004020,127,810,1040,181,85
867,0,369,Shia002185Vols,514,329,701,287,96
867,374,1527,Shia002185Vols,516,398,1536,863,90
868,595,943,Shamela0009773,1594,1103,1427,166,56
868,648,1436,Shia001432Vols,10133,0,826,610,93
868,14,1436,Shia002185Vols,517,0,1414,1026,87
869,1283,1402,Shamela0009773,1578,434,571,92,86
869,0,558,Shia001432Vols,10133,826,1392,422,95
869,558,904,Shia001432Vols,10134,0,347,273,98
869,20,1386,Shia002185Vols,518,0,1399,1032,91
870,0,1356,Shia002185Vols,519,8,1349,990,88
871,1240,1503,Shia003687,29,328,617,192,81
872,0,137,Shia003687,29,617,745,91,80
879,358,452,JK000911,971,85,181,56,77
879,966,1398,Shia001432Vols,10591,803,1402,229,43
879,1182,1426,Zaydiyya0000543,472,12,237,173,86
879,331,667,Shia002185Vols,349,745,1134,201,63
879,246,508,Rafed0000609Vols,224,390,1073,148,27
879,317,508,Rafed0000609Vols,613,535,926,109,34
879,966,1398,Shia003707Vols,212,837,1453,228,42
880,406,649,Shia004038,217,1360,1602,191,99
880,649,846,Shia004038,218,0,198,157,98
880,511,748,Rafed0002654Vols,11468,1263,1483,139,73
880,511,837,Shia001900,23,574,1081,197,45
880,5,273,Zaydiyya0000543,472,267,539,189,82
880,511,842,Zaydiyya0000543,501,23,657,208,39
880,511,846,Shia004092Vols,13390,85,595,200,45
880,511,837,Shia004092Vols,13504,450,957,197,45
883,689,1468,Hindawi029620591,193,750,1483,507,73
883,1309,1537,Rafed0002654Vols,11468,209,455,185,91
883,693,970,Masaha001842Vols,127,1222,1493,208,93
883,970,1537,Masaha001842Vols,128,0,566,425,86
883,693,1515,Shia003636Vols,1395,676,1503,611,86
883,734,1537,Shia001432Vols,10624,0,805,593,86
883,641,885,Shia001432Vols,10691,1281,1537,185,86
883,885,1537,Shia001432Vols,10692,0,660,520,96
883,1309,1537,Shia004092Vols,13389,455,724,179,81
883,761,1537,Sham19Y0026523,6414,0,717,509,75
883,693,1044,Shia003687,157,1054,1456,234,69
883,693,1197,Shia003687,158,1076,1530,347,85
883,1197,1537,Shia003687,159,11,374,226,67
884,1028,1144,Shia001237Vols,2658,470,586,88,97
884,18,332,Masaha001842Vols,128,696,996,208,79
884,39,314,Shia003636Vols,1396,123,374,192,84
884,39,314,Shia001432Vols,10624,963,1226,197,84
884,618,1242,Shia001432Vols,10639,579,1233,493,90
884,0,961,Shia001432Vols,10692,660,1609,720,86
884,961,1624,Shia001432Vols,10693,0,728,525,87
884,45,422,Shia003687,158,481,742,155,46
884,0,436,Shia003687,159,357,806,307,81
884,618,1224,Shia003687,161,58,718,398,68
884,618,801,Masaha004761,8,1367,1554,148,92
884,801,1242,Masaha004761,9,0,455,345,92
885,702,1335,Shia000025,178,85,466,299,58
885,947,1162,Shamela0009773,625,313,532,159,90
885,289,853,Zaydiyya0000037Vols,445,70,684,139,21
885,920,1316,Rafed0002654Vols,11466,987,1211,170,53
885,491,761,Rafed0002654Vols,11468,687,940,179,78
885,0,770,Shia001432Vols,10693,728,1535,592,90
885,770,1515,Shia001432Vols,10694,0,749,565,90
885,920,1316,Shia004092Vols,13387,1073,1467,304,95
885,491,859,Shia004092Vols,13389,959,1329,257,79
885,90,349,JK009390,5404,261,393,62,30
885,90,349,JK009390,5691,69,188,51,25
885,90,386,Shamela0001438,5777,1063,1205,73,32
886,0,285,Shia001432Vols,10694,749,983,146,64
888,317,845,Sham19Y0145435,2275,0,557,403,90
888,172,845,JK000927,3798,160,835,491,88
888,165,737,JK000911,987,105,716,395,76
888,447,599,Hindawi029620591,191,1407,1611,106,65
888,294,1124,Rafed0002654Vols,11466,17,685,473,70
888,447,630,Rafed0002654Vols,12043,1346,1594,123,62
888,172,699,Rafed0002654Vols,12078,615,1490,379,53
888,699,876,Rafed0002654Vols,12079,0,170,126,89
888,172,845,Shamela0026484,594,837,1414,422,76
888,172,765,Shamela0010283,4284,69,800,238,37
888,172,724,Shia003636Vols,1374,898,1471,381,78
888,724,845,Shia003636Vols,1375,0,121,98,100
888,310,606,JK000916,6870,85,388,206,83
888,310,637,Hindawi083168619,69,150,632,173,40
888,172,845,Shia001626Vols,149,162,848,494,86
888,305,529,Shamela0001043,1017,297,518,148,80
888,447,637,Shia004092Vols,12025,1241,1497,128,63
888,172,452,Shia004092Vols,12059,954,1212,196,88
888,447,876,Shia004092Vols,12060,59,526,312,82
888,229,1124,Shia004092Vols,13387,21,748,486,63
888,256,559,Shia004092Vols,13518,608,917,132,52
888,310,765,Sham19Y0023644,2133,171,932,276,45
888,172,586,Hindawi092527518,141,401,852,222,54
888,401,760,ShamAY0033599,34,571,993,219,61
888,172,866,Kraken22021606121201,1451,530,1227,479,82
888,693,845,Rafed0000609Vols,225,605,737,104,85
888,172,710,Shamela0012396BK1,253,953,1440,326,70
888,172,845,Shamela0009783BK1,1939,369,1050,502,89
888,165,656,Shamela0012320,1322,623,1018,225,53
890,789,947,Rafed0002654Vols,11466,777,953,107,67
891,224,521,Shia004038,218,29,565,201,46
891,825,1063,Zaydiyya0000543,605,239,440,142,68
891,492,758,JK000803,158,160,553,116,34
892,674,877,Zaydiyya0000543,473,0,198,147,85
892,622,882,Shia002185Vols,1988,140,407,196,87
893,0,109,Shia001432Vols,10694,996,1105,88,100
893,185,470,Shia001432Vols,10696,37,325,218,93
894,778,1127,Rafed0002654Vols,11467,1159,1507,273,99
894,491,828,Shia001432Vols,10696,330,638,224,81
894,778,882,Shia004092Vols,13388,1430,1533,83,99
894,882,1167,Shia004092Vols,13389,0,286,221,99
896,1023,1457,Shia001432Vols,10696,1120,1493,298,83
896,213,489,Shia001432Vols,10696,863,1120,181,82
897,1223,1508,Shia001432Vols,10694,1121,1387,197,82
897,1223,1498,Shia001615Vols,2448,761,960,143,63
898,108,211,JK007143,2921,1080,1183,82,100
898,17,211,JK000919BK2,89,471,598,99,64
898,89,211,Shamela0021508,84,67,208,92,82
898,11,211,JK009325,549,387,551,118,73
898,108,211,Shamela0010283,4034,425,528,81,99
898,11,211,Shamela0010283,4298,814,967,105,67
898,89,211,Shamela0023700,2922,684,826,92,81
898,108,211,ShamAY0021514,30,585,688,82,100
898,108,211,JK003609,4109,67,170,82,100
898,28,211,Shamela0006687,175,0,168,102,61
898,0,104,Shia001432Vols,10694,1387,1490,80,99
898,104,1386,Shia001432Vols,10695,0,1341,998,91
898,11,211,Shamela0001349,319,736,927,107,67
898,82,211,Shamela0006945,81,344,474,84,83
898,11,211,Sham19Y0013252,5346,325,488,120,74
898,108,211,Shamela0009229,33,357,460,79,97
898,108,211,Shamela0009229,466,499,602,82,100
898,108,211,JK000803,158,757,860,82,100
898,11,211,Shamela0004445,3493,253,562,136,55
898,11,211,ShamAY0035884,827,460,792,139,53
898,89,211,Shamela0008657,634,1054,1183,90,83
898,108,211,Sham19Y0017916,143,1122,1225,79,97
898,11,211,Shamela0003118,2350,874,1028,115,73
898,108,211,Hindawi080268240,20,644,747,82,100
898,108,211,Sham19Y0016714,436,28,133,82,98
898,82,211,Shamela0023789,644,1096,1226,84,83
898,89,211,Shamela0023789,1038,1202,1318,85,88
899,23,212,Shamela0009773,126,862,1086,126,65
899,0,212,Zaydiyya0000543,473,203,432,148,78
899,1077,1333,Zaydiyya0000543,474,1386,1618,160,71
899,627,1030,Zaydiyya0000543,534,859,1212,232,67
899,524,968,ShamAY0035884,3563,320,766,118,24
900,856,1467,JK009325,1544,796,1224,179,34
900,392,957,Shia001432Vols,10697,157,600,238,45
901,70,310,Shia001432Vols,10651,25,356,125,48
901,490,1519,Shia001432Vols,10697,646,1384,543,64
901,37,310,Shia002958,108,1042,1473,146,43
901,37,310,Masaha005108Vols,209,515,947,144,42
901,37,310,Shia002932VolsBK1,39,4,436,144,42
902,225,1365,Shia000025,178,902,1543,452,49
902,781,1052,Sham19Y0145435,2456,1252,1496,168,72
902,817,1060,JK000911,1103,410,648,161,77
902,777,1060,Shia003636Vols,1629,1167,1425,174,74
902,791,1060,Shia003636Vols,10721,963,1403,136,31
902,257,614,Shia001334,124,1036,1447,248,74
902,24,555,Shia001432Vols,10647,1202,1504,207,47
902,750,1527,Shia001432Vols,10698,79,832,553,82
902,832,1060,Shia001626Vols,174,605,821,155,82
902,247,500,Shia003692,323,1174,1464,168,70
902,247,821,Shia002958,269,399,1031,358,65
902,889,1060,Rafed0001515,116,16,122,82,60
902,225,551,Rafed0001121,200,1125,1421,197,68
902,817,1060,Shia001663Vols,140,1223,1452,155,75
902,817,1060,Rafed0000040Vols,1626,1029,1273,161,75
902,817,1060,Shamela0009783BK1,2127,849,1094,169,80
903,1268,1548,Shamela0009773,603,347,651,216,86
903,0,216,Shia001432Vols,9163,1362,1577,172,95
903,0,724,Shia001432Vols,10698,832,1460,465,76
903,0,335,Shia001615Vols,2429,941,1281,264,94
904,0,571,Shamela0009773,603,658,1232,421,88
904,163,571,Zaydiyya0000087BK1,101,6,372,211,57
904,14,543,Shia003687,172,288,748,232,49
905,1303,1450,Shia000025,180,607,776,105,78