ms1,b1,e1,id2,ms2,b2,e2,ch_match,matches_percent
2,225,1221,Shia001255Vols,735,878,1429,434,53
2,978,1106,Shia002984Vols,63,1413,1541,100,98
2,225,1238,Shia003636Vols,6247,566,1116,419,50
2,1076,1221,Shia002992Vols,38,0,145,121,100
2,811,1221,Shia003026VolsBK2,81,9,416,329,99
2,911,1221,Shia003026VolsBK2,804,0,370,249,83
2,822,1039,Shia001432Vols,66,1351,1548,154,88
2,1039,1221,Shia001432Vols,67,0,169,135,91
3,897,1176,Shia001349Vols,1026,823,1026,149,68
3,897,1171,Shia000298Vols,2946,667,937,206,93
3,857,1171,Shia004012,24,460,797,230,84
3,865,1065,Shia001171,189,1287,1482,144,88
3,1065,1176,Shia001171,190,0,111,84,96
3,726,1209,Shia001305,6,0,474,336,87
3,726,1171,Shia001305,62,0,397,296,86
3,938,1176,Shia000070Vols,353,211,467,164,80
3,974,1171,Masaha000989,227,0,193,150,97
3,948,1152,Shia000317Vols,6914,1308,1477,121,75
3,723,1099,Shia001357,4,88,435,264,89
3,970,1338,Shia001432Vols,14713,0,353,145,34
3,827,1171,Shia001432Vols,31336,0,339,264,98
3,808,1176,Shia001217Vols,4031,2,361,264,89
3,718,1173,Zaydiyya0000302,1537,259,677,313,88
3,726,1165,Zaydiyya0000302,1554,635,1018,289,84
3,845,1171,Shia000107Vols,2778,832,1137,226,88
3,718,1173,PV2024060601,7663,441,859,313,88
3,726,1165,PV2024060601,7680,809,1192,289,84
4,378,548,Kraken220413203004,92,799,970,130,97
4,22,385,Shia000196Vols,2049,36,482,213,55
4,54,554,Shia000298Vols,2946,89,549,303,70
4,38,240,Shia000004,51,1122,1386,141,67
4,0,273,Shia001138BK1,79,435,737,157,60
4,33,240,Shia001149Vols,539,280,544,148,70
4,349,554,Shia001149Vols,539,1227,1452,157,89
4,0,341,Shia001134,50,448,862,185,56
4,22,397,Shia000234Vols,6808,694,1449,207,31
4,397,554,Shia000234Vols,6809,0,158,122,96
4,359,554,Zaydiyya0000037Vols,486,716,925,145,89
4,38,240,Shia000117Vols,240,654,811,107,64
4,3,250,Shia001544Vols,1016,251,497,152,70
4,83,385,Shia001122Vols,1979,28,321,159,62
4,29,556,Shia001122Vols,2005,129,503,247,57
4,10,240,Shia002992Vols,6051,829,1090,171,84
4,349,554,Shia001554,2,389,624,161,87
4,359,563,Shia000317Vols,6914,919,1146,152,85
4,0,385,Shia003692,285,469,918,186,50
4,0,290,Shia001357,2,53,407,161,53
4,0,378,Shia001140Vols,466,554,1048,215,52
4,38,240,Shia001432Vols,31208,277,527,138,69
4,1088,1364,Shia001432Vols,31320,804,1072,214,97
4,279,556,Shia001432Vols,31320,506,780,202,93
4,0,196,Shia001432Vols,31334,1235,1468,144,76
4,0,388,Shia001432Vols,31335,435,852,156,41
4,38,554,Shia001432Vols,31336,54,643,302,64
4,0,128,Shia001432Vols,31444,1362,1484,89,84
4,33,332,Shia001237Vols,2472,9,362,150,48
4,0,332,Shia001217Vols,4029,1064,1359,161,58
4,279,554,Shia001217Vols,4030,935,1206,202,94
4,1064,1238,Shia001217Vols,4032,1280,1430,115,83
4,0,388,Zaydiyya0000302,1525,120,402,178,59
4,83,385,PV2024060601,1979,28,321,159,62
4,29,556,PV2024060601,2005,129,503,247,57
4,33,240,PV2024060601,4267,1058,1322,148,70
4,349,554,PV2024060601,4268,438,663,157,89
4,0,388,PV2024060601,7651,261,543,178,59
4,359,554,Zaydiyya0000288,467,1018,1231,143,79
5,37,503,Shia000196Vols,2049,36,475,236,54
5,69,334,Shia000298Vols,2946,89,356,185,83
5,53,334,Shia000004,51,1122,1437,190,77
5,6,484,Shia003690,13,36,539,180,38
5,48,288,Shia001149Vols,539,280,544,176,84
5,0,474,Shia001134,50,434,914,206,44
5,37,503,Shia000234Vols,6808,694,1165,237,53
5,305,730,Shia001305,58,1075,1437,181,49
5,155,396,Shia000117Vols,240,678,897,121,57
5,17,334,Shia001544Vols,1016,251,577,197,67
5,134,503,Shia001122Vols,1979,0,314,174,52
5,0,503,Shia002992Vols,6051,802,1389,246,48
5,727,1154,Shia002945Vols,1213,0,467,213,47
5,0,503,Shia003692,285,455,906,215,49
5,353,628,Shia001357,2,1232,1416,129,57
5,0,393,Shia001357,2,39,412,197,57
5,0,505,Shia001140Vols,466,540,1050,256,56
5,53,470,Shia001432Vols,31208,277,726,213,53
5,0,247,Shia001432Vols,31334,1221,1468,181,89
5,0,516,Shia001432Vols,31335,421,856,195,39
5,160,964,Shia001432Vols,31336,448,1381,371,41
5,964,1237,Shia001432Vols,31337,0,258,187,84
5,169,484,Shia001432Vols,31445,0,240,121,47
5,696,1050,Shia001432Vols,31964,277,411,87,31
5,48,466,Shia001237Vols,2472,9,459,217,56
5,0,413,Shia001217Vols,4029,1050,1359,198,61
5,894,1050,Shia001217Vols,4159,205,335,94,77
5,624,1198,Zaydiyya0000302,1524,564,900,153,33
5,0,334,Zaydiyya0000302,1525,106,398,187,66
5,727,1198,Shia000107Vols,2770,398,580,102,28
5,134,503,PV2024060601,1979,0,314,174,52
5,48,288,PV2024060601,4267,1058,1322,176,84
5,624,1198,PV2024060601,7650,718,1054,153,33
5,0,334,PV2024060601,7651,247,539,187,66
6,203,422,Shia001432Vols,31213,725,924,156,90
6,337,993,Shia001432Vols,31374,0,878,395,52
6,178,785,Shia001217Vols,4036,554,1158,462,97
7,13,465,Shia000196Vols,2049,180,841,254,49
7,195,465,Shia000298Vols,2946,947,1223,198,88
7,221,357,Zaydiyya0000054,221,33,193,96,71
7,944,1417,Shia004012,21,527,864,93,18
7,240,357,Shia000277Vols,1620,245,365,90,94
7,18,380,Shia001149Vols,532,1122,1441,188,56
7,176,490,Shia000234Vols,6806,555,898,208,72
7,537,1253,Shia000234Vols,6808,675,1006,127,19
7,477,1000,Shia001305,58,1197,1373,129,31
7,926,1414,Shia001305,59,80,724,223,40
7,151,372,Shia001305,59,0,242,156,78
7,221,357,Shia000147Vols,224,151,294,105,92
7,221,357,Shia000117Vols,240,399,538,105,94
7,116,465,Shia002394Vols,887,425,826,258,80
7,490,1194,Shia001122Vols,1978,1094,1392,144,25
7,0,584,Shia001122Vols,1979,13,662,319,61
7,116,465,Shia002389Vols,570,950,1346,262,82
7,221,357,Shia000317Vols,5990,96,239,105,92
7,176,465,Shia000317Vols,6892,30,357,207,79
7,477,992,Shia001357,2,1252,1416,120,29
7,104,584,Shia001357,3,28,517,229,46
7,195,465,Shia000182VolsBK2,1838,5,283,197,88
7,8,361,Shia001140Vols,466,1019,1368,186,59
7,91,584,Shia001432Vols,31218,867,1213,204,48
7,137,584,Shia001432Vols,31334,624,1281,280,52
7,506,1044,Shia001432Vols,31336,680,935,130,27
7,889,1436,Shia001432Vols,31337,151,646,284,65
7,8,414,Shia001217Vols,4033,642,1454,289,44
7,0,357,Zaydiyya0000302,1524,863,1216,216,74
7,221,357,Zaydiyya0000361,573,636,821,94,61
7,490,1194,PV2024060601,1978,1094,1392,144,25
7,0,584,PV2024060601,1979,13,662,319,61
7,18,465,PV2024060601,4261,390,799,248,61
7,0,357,PV2024060601,7650,1017,1369,216,73
8,977,1383,Shia002984Vols,2811,539,855,147,42
8,1003,1124,Shia000234Vols,6808,675,796,96,100
8,729,1185,Shia001305,58,959,1428,219,54
8,788,1383,Shia001122Vols,1978,767,1392,238,36
8,578,1383,Shia001432Vols,31337,567,1212,366,57
8,788,1383,Shia001217Vols,4033,552,1280,239,33
8,788,1383,PV2024060601,1978,767,1392,238,36
9,393,882,Shia000196Vols,2049,36,475,194,41
9,425,612,Shia000298Vols,2946,89,306,136,75
9,409,612,Shia000004,51,1122,1386,145,69
9,283,781,Shia001138BK1,79,340,1413,235,27
9,404,612,Shia001149Vols,539,280,544,154,73
9,283,840,Shia001134,50,331,1116,272,41
9,393,882,Shia000234Vols,6808,694,1165,217,47
9,1127,1384,Shia001305,58,999,1246,139,59
9,168,612,Shia000117Vols,240,573,811,148,39
9,1143,1302,Shia001544Vols,1017,484,673,106,69
9,1132,1302,Shia000806Vols,199,829,1014,93,62
9,1124,1302,Shia001122Vols,2011,170,378,120,71
9,180,596,Shia000317Vols,6914,678,1303,148,25
9,357,638,Shia003692,285,455,753,153,58
9,323,824,Shia001357,2,0,632,213,34
9,824,1257,Shia001357,3,504,907,134,27
9,283,882,Shia001140Vols,466,474,1048,277,53
9,409,840,Shia001432Vols,31208,277,726,162,34
9,1124,1354,Shia001432Vols,31316,805,1042,94,40
9,336,563,Shia001432Vols,31334,1208,1433,162,87
9,289,882,Shia001432Vols,31335,249,845,216,36
9,829,1302,Shia001432Vols,31338,0,431,209,44
9,404,1302,Shia001237Vols,2472,9,650,283,33
9,312,749,Shia001217Vols,4029,1023,1441,198,48
9,1124,1257,Shia001217Vols,4034,754,884,99,95
9,293,638,Zaydiyya0000302,1525,62,344,165,57
9,1124,1302,PV2024060601,2011,170,378,120,71
9,404,612,PV2024060601,4267,1058,1322,154,73
9,293,638,PV2024060601,7651,203,485,165,57
10,865,1223,ShamIbadiyya0000771,97,636,944,197,62
10,961,1175,JK005202,985,184,389,115,59
10,95,301,Shia001149Vols,533,103,349,139,67
10,865,1570,Shia001149Vols,533,349,1098,575,92
10,45,296,Shia000234Vols,6827,30,275,192,95
10,865,1570,Shia000234Vols,6827,296,1023,573,95
10,951,1516,Shia001372,13,973,1549,394,73
10,1050,1300,Shia001362Vols,696,621,932,143,54
10,951,1570,Zaydiyya0000236,44,854,1497,435,72
10,865,1570,Zaydiyya0000236,301,805,1520,560,93
10,1092,1300,Zaydiyya0000236,306,11,278,136,59
10,1050,1300,Shia001386,2,410,721,143,54
10,16,296,Shia001122Vols,1980,715,989,210,91
10,865,1344,Shia001122Vols,1980,1010,1508,383,94
10,1344,1570,Shia001122Vols,1981,0,228,191,99
10,309,522,Masaha000989,224,55,275,149,80
10,897,1570,Masaha000722Vols,203,490,1231,427,67
10,865,1223,ShamIbadiyya0000129,510,715,1007,164,55
10,865,1570,Shia002945Vols,1218,183,898,564,94
10,148,296,Shia002945Vols,1218,4,162,118,93
10,982,1570,Masaha001075,413,121,722,467,91
10,48,296,Shia000317Vols,6917,86,329,180,87
10,865,982,Shia000317Vols,6917,350,471,91,92
10,79,231,Shia000317Vols,6934,570,722,110,86
10,1344,1570,Shia001357,20,11,241,164,74
10,976,1570,Shia001357,21,0,590,392,73
10,55,581,Shia001432Vols,31338,166,718,237,45
10,684,1283,Shia001432Vols,31343,798,1500,370,58
10,8,301,Shia001432Vols,31343,782,1072,230,98
10,1283,1570,Shia001432Vols,31344,0,291,242,98
10,865,1570,Shia001432Vols,31354,520,1236,485,77
10,930,1329,Shia001432Vols,31361,715,1256,275,62
10,1344,1570,Shia001432Vols,31371,270,486,153,70
10,1054,1300,Shia001432Vols,31376,3,278,125,48
10,1205,1570,Shia001432Vols,32135,0,421,281,74
10,865,1256,Shia000042,460,1101,1503,306,94
10,1256,1570,Shia000042,461,0,325,248,86
10,16,296,Shia001217Vols,4037,828,1095,210,93
10,865,1154,Shia001217Vols,4037,1116,1436,227,87
10,1154,1570,Shia001217Vols,4038,0,419,348,99
10,865,1300,Zaydiyya0000302,1525,1026,1463,345,96
10,16,301,Zaydiyya0000302,1525,780,1026,196,86
10,1300,1570,Zaydiyya0000302,1526,0,272,219,92
10,45,296,Shia000107Vols,2770,1129,1362,179,90
10,926,1570,Shia000107Vols,2771,0,633,505,94
10,865,1344,PV2024060601,1980,1010,1508,383,94
10,16,296,PV2024060601,1980,715,989,210,91
10,1344,1570,PV2024060601,1981,0,228,191,99
10,95,301,PV2024060601,4261,813,1059,139,67
10,865,1291,PV2024060601,4261,1059,1516,339,90
10,1291,1570,PV2024060601,4262,0,291,236,95
10,865,1115,PV2024060601,7651,1167,1420,195,95
10,16,301,PV2024060601,7651,921,1167,196,86
10,1115,1570,PV2024060601,7652,0,456,369,95
11,694,1505,Shia000277Vols,1622,572,1086,326,46
11,0,570,Shia001149Vols,533,1098,1518,314,66
11,1138,1505,Shia001149Vols,534,527,846,226,75
11,650,1505,Shia000234Vols,6819,58,609,373,51
11,0,570,Shia000234Vols,6827,1023,1424,307,64
11,650,1346,Shia001615Vols,3325,168,602,280,45
11,210,1505,Zaydiyya0000236,302,0,898,454,36
11,0,570,Shia001122Vols,1981,228,628,317,68
11,470,1505,Shia001122Vols,1983,592,1254,405,45
11,0,597,Shia002945Vols,1218,898,1338,322,64
11,680,1505,Shia002945Vols,1219,0,536,337,47
11,0,570,Masaha001075,413,722,1089,279,58
11,192,443,Shia002389Vols,537,1198,1383,149,72
11,1138,1401,Shia000317Vols,6917,1243,1480,175,81
11,0,573,Shia001432Vols,31344,291,753,368,79
11,581,1505,Shia001432Vols,31345,8,588,438,59
11,470,1401,Shia001237Vols,2478,513,1113,405,52
11,0,1505,Shia000042,461,325,1117,573,46
11,0,668,Shia001217Vols,4038,419,906,319,57
11,634,1401,Shia001217Vols,4040,21,486,311,47
11,0,701,Zaydiyya0000302,1526,272,777,335,55
11,1138,1505,Zaydiyya0000302,1527,568,932,252,81
11,0,765,Shia000107Vols,2771,633,1305,378,49
11,0,570,PV2024060601,1981,228,628,317,68
11,470,1505,PV2024060601,1983,592,1254,405,45
11,0,570,PV2024060601,4262,291,711,314,66
11,1138,1401,PV2024060601,4262,1317,1585,192,88
11,0,701,PV2024060601,7652,456,961,335,55
11,1138,1505,PV2024060601,7653,732,1096,252,81
12,728,1435,Shia001114,78,494,1100,458,78
12,728,1119,Masaha001007BK2,40,1256,1522,201,63
12,1119,1435,Masaha001007BK2,41,0,273,216,84
12,153,330,Sham19Y0018272,2128,1171,1343,126,88
12,1148,1435,Shia001149Vols,534,17,293,201,83
12,864,1306,Shia000234Vols,6828,1085,1522,313,83
12,1306,1435,Shia000234Vols,6829,0,124,96,95
12,934,1396,Shia001305,60,710,1047,188,47
12,186,330,Sham19Y0122096,3949,0,136,110,93
12,170,330,JK008001,4665,530,689,128,98
12,728,1435,Shia001122Vols,1981,696,1300,458,79
12,1148,1356,Masaha000722Vols,204,1521,1691,103,57
12,177,330,Shia003961Vols,202,368,573,107,63
12,864,1282,Shia000317Vols,6917,488,888,236,59
12,1148,1387,Shia001357,22,747,941,113,56
12,163,466,Shia001432Vols,31345,630,905,187,76
12,728,1435,Shia001432Vols,31346,510,1173,444,72
12,1148,1387,Shia001432Vols,31356,299,492,113,56
12,1130,1435,Shia001432Vols,31363,1385,1635,154,60
12,728,1216,Shia001237Vols,2475,1051,1511,266,57
12,1216,1435,Shia001237Vols,2476,0,218,174,99
12,466,1345,Shia001217Vols,4038,810,1586,440,56
12,861,1435,Shia001111,290,551,1126,442,93
12,163,330,Shamela0023691,159,208,373,132,97
12,728,1435,PV2024060601,1981,696,1300,458,79
12,978,1435,PV2024060601,4262,608,1083,277,66
13,457,849,Shia001114,78,1100,1517,174,42
13,457,627,Masaha001007BK2,41,273,449,134,94
13,457,615,Shia001149Vols,534,293,454,124,94
13,742,1009,Shia000234Vols,6828,268,529,198,93
13,1299,1464,Shia001305,59,1085,1255,124,92
13,755,1009,Zaydiyya0000236,302,245,493,185,89
13,457,680,Shia001122Vols,1981,1300,1527,154,84
13,739,1057,Shia001122Vols,1982,402,719,215,83
13,652,1057,Shia002945Vols,1215,330,681,233,73
13,739,1012,Shia002389Vols,2331,219,489,209,96
13,758,1038,Shia000317Vols,6917,801,1082,201,89
13,457,688,Shia001432Vols,31346,1173,1389,141,72
13,638,1467,Shia001432Vols,31347,69,627,406,61
13,457,1467,Shia001237Vols,2476,218,1058,508,56
13,739,1009,Shia001217Vols,4039,1032,1298,207,96
13,457,627,Shia001111,290,1126,1301,138,97
13,457,680,PV2024060601,1981,1300,1527,154,84
13,739,1057,PV2024060601,1982,402,719,215,83
13,457,615,PV2024060601,4262,1083,1244,124,94
14,66,605,ShamIbadiyya0000771,97,687,1391,330,52
14,899,1225,Shia000275Vols,728,784,1199,233,70
14,66,306,Shia001149Vols,533,441,743,146,54
14,887,1225,Shia000234Vols,3341,903,1387,225,54
14,66,301,Shia000234Vols,6827,392,668,142,56
14,953,1467,Shia000234Vols,6828,0,652,322,60
14,903,1225,Shia000784,88,434,749,219,76
14,786,1327,Shia001305,59,568,1190,368,72
14,129,950,Shia001305,60,10,817,511,69
14,409,614,Shia001362Vols,136,1301,1480,124,75
14,887,1225,Zaydiyya0000236,45,950,1382,222,59
14,409,775,Zaydiyya0000236,195,14,639,139,21
14,903,1225,Shia000741,88,1090,1400,219,77
14,887,1139,Shia001119,182,1224,1567,162,51
14,66,306,Shia001122Vols,1980,1106,1387,146,57
14,892,1327,Shia001122Vols,1982,0,508,299,72
14,1345,1467,Shia001122Vols,1983,5,127,96,97
14,903,1156,Zaydiyya0000142,1554,1007,1437,107,25
14,409,614,Masaha000989,163,1172,1351,122,73
14,945,1225,Masaha000989,224,406,684,218,98
14,89,605,ShamIbadiyya0000129,510,775,1361,294,53
14,57,306,Zaydiyya0000055,276,1066,1398,119,43
14,66,301,Shia002945Vols,1218,279,553,143,57
14,80,301,Masaha001075,413,106,367,129,54
14,938,1156,Masaha001075,413,1395,1635,173,89
14,409,614,Masaha001075,545,1232,1411,122,73
14,1338,1467,Shia001432Vols,16035,55,173,94,90
14,833,1225,Shia001432Vols,26721,0,572,275,59
14,446,638,Shia001432Vols,27968,58,243,80,41
14,409,713,Shia001432Vols,30603,626,1222,124,20
14,0,829,Shia001432Vols,31347,627,1456,632,93
14,857,1467,Shia001432Vols,31348,4,549,388,75
14,938,1412,Shia001432Vols,31349,25,543,266,57
14,887,1327,Shia001432Vols,31373,599,1249,264,46
14,0,446,Shia001237Vols,2476,1058,1498,332,89
14,841,1225,Shia001237Vols,2477,706,1285,290,61
14,446,963,Shia001237Vols,2477,0,552,299,60
14,466,638,Shia000042,284,1346,1495,71,45
14,409,713,Shia000042,399,252,754,116,23
14,887,1230,Shia001217Vols,1717,349,786,230,60
14,811,1412,Shia001217Vols,4039,277,784,364,73
14,808,1467,Zaydiyya0000302,1526,685,1274,406,70
14,66,306,PV2024060601,1980,1106,1387,146,57
14,892,1327,PV2024060601,1982,0,508,299,72
14,1345,1467,PV2024060601,1983,5,127,96,97
14,66,306,PV2024060601,4261,1151,1453,146,54
14,409,775,PV2024060601,6904,26,593,131,22
14,808,1467,PV2024060601,7652,869,1458,406,70
15,559,1472,Shia001114,78,444,1232,552,70
15,962,1472,Masaha001007BK2,41,0,405,314,75
15,991,1472,Shia001149Vols,534,17,420,298,74
15,216,543,Shia000234Vols,4979,0,319,254,96
15,0,1218,Shia000234Vols,6828,652,1522,642,63
15,1218,1472,Shia000234Vols,6829,0,256,192,93
15,0,543,Shia000234Vols,8729,456,852,278,60
15,869,1472,Shia001305,60,746,1113,210,40
15,559,1472,Shia001122Vols,1981,646,1432,552,70
15,0,813,Shia001122Vols,1983,127,807,399,52
15,883,1268,Masaha000722Vols,204,1421,1691,131,35
15,0,384,Shia000317Vols,5559,1278,1538,194,62
15,696,1059,Shia000317Vols,6917,488,883,221,61
15,883,1299,Shia001357,22,647,941,141,36
15,0,543,Shia001432Vols,16035,173,541,288,65
15,554,1472,Shia001432Vols,31346,478,1302,583,74
15,0,813,Shia001432Vols,31348,549,1119,336,46
15,883,1299,Shia001432Vols,31356,198,492,140,36
15,991,1359,Shia001432Vols,31363,1389,1645,169,54
15,559,1059,Shia001237Vols,2475,1042,1507,333,80
15,1128,1472,Shia001237Vols,2476,0,345,271,97
15,559,1257,Shia001217Vols,4038,1000,1586,417,71
15,1257,1472,Shia001217Vols,4039,0,226,164,89
15,0,416,Zaydiyya0000302,1526,1274,1542,208,62
15,416,813,Zaydiyya0000302,1527,0,284,136,34
15,672,1472,Shia001111,290,532,1257,544,82
15,559,1472,PV2024060601,1981,646,1432,552,70
15,0,813,PV2024060601,1983,127,807,399,52
15,788,1472,PV2024060601,4262,608,1210,374,62
15,211,813,PV2024060601,7653,0,448,264,47
16,660,1057,JK001226,124,714,1020,167,44
16,660,1057,JK000350,114,644,930,167,46
16,635,1135,Shia000275Vols,728,718,1199,345,83
16,516,1135,Shia000234Vols,3341,747,1387,372,61
16,827,1189,Shia000234Vols,6828,5,369,218,66
16,655,1135,Shia000784,88,434,749,240,62
16,528,1135,Shia001305,59,568,1051,326,62
16,580,1135,Zaydiyya0000236,45,837,1382,354,72
16,719,1021,Zaydiyya0000236,301,485,1122,140,23
16,660,1057,Shamela0012027,239,1119,1428,164,44
16,750,1057,Shamela0001391,216,703,1225,135,27
16,655,1135,Shia000741,88,1090,1400,241,62
16,635,1049,Shia001119,182,1143,1567,286,76
16,639,1057,ShamIbadiyya0000185,1842,788,1270,125,21
16,620,1135,Shia001122Vols,1982,0,344,273,66
16,719,1066,Zaydiyya0000142,1554,1007,1437,124,25
16,698,1057,Zaydiyya0000142,1556,895,1628,168,26
16,650,1057,Shamela0023644,735,779,955,123,37
16,814,1135,Masaha000989,224,406,684,209,81
16,750,1066,Shamela0026764,13,339,791,141,31
16,639,1066,Masaha001075,413,1106,1635,227,44
16,562,1145,Shia001432Vols,26721,0,582,385,76
16,130,782,Shia001432Vols,31348,936,1491,396,73
16,782,1189,Shia001432Vols,31349,0,490,309,79
16,719,998,Shia001432Vols,31354,196,828,121,20
16,907,1101,Shia001432Vols,31361,840,1380,122,28
16,588,1381,Shia001432Vols,31373,479,1191,389,52
16,698,907,Shia001432Vols,31868,957,1176,89,37
16,86,1145,Shia001237Vols,2477,316,1295,724,84
16,660,1057,Shamela0012034,182,652,939,167,46
16,519,1135,Shia001217Vols,1717,178,781,423,79
16,569,1189,Shia001217Vols,4039,307,837,330,59
16,569,1135,Zaydiyya0000302,1526,718,1121,301,66
16,620,1135,PV2024060601,1982,0,344,273,66
16,569,1135,PV2024060601,7652,902,1305,301,66
16,693,1135,Shamela0009943,466,593,1112,176,31
17,417,1188,Shia000234Vols,6821,243,1131,230,25
17,380,1420,Shia001432Vols,31101,0,750,516,59
17,0,469,Shia001432Vols,31213,1043,1451,268,69
17,469,1424,Shia001432Vols,31214,0,797,564,73
17,417,942,Shia001217Vols,1326,1001,1427,166,30
17,47,537,Shia001217Vols,1328,146,657,295,63
18,453,1208,Shia001432Vols,31214,809,1401,274,38
18,469,1084,Shia001217Vols,1328,695,1161,287,60
19,269,954,Zaydiyya0000236,316,902,1524,455,80
19,954,1171,Zaydiyya0000236,317,0,214,167,93
19,217,960,Masaha000722Vols,208,836,1543,485,79
19,244,862,Shia001357,33,949,1518,420,84
19,862,1171,Shia001357,34,9,312,237,93
19,0,712,Shia001432Vols,31401,803,1519,569,98
19,712,1459,Shia001432Vols,31402,0,712,517,85
19,464,1171,Shia001432Vols,31409,5,698,515,88
19,0,338,Shia001237Vols,2480,366,737,267,90
20,803,1414,Shia000196Vols,2053,524,988,360,71
20,1183,1414,Shia000298Vols,2952,59,318,148,63
20,825,1171,Shia001171,454,1330,1549,172,60
20,1171,1414,Shia001171,455,0,223,166,82
20,854,1414,Shia000277Vols,1623,1099,1529,319,67
20,842,1171,Shia001149Vols,111,0,293,139,40
20,1063,1414,Shia001149Vols,537,740,1080,225,76
20,806,1350,Shia000234Vols,6821,1073,1511,322,69
20,0,212,Shia000234Vols,6822,1326,1539,168,97
20,212,619,Shia000234Vols,6823,0,371,275,81
20,428,619,Shia001615Vols,502,749,950,145,87
20,0,354,Shia000715,266,1255,1570,231,78
20,366,619,Shia000715,267,0,277,198,89
20,1254,1400,Zaydiyya0000236,319,371,530,106,78
20,0,690,Shia001122Vols,1989,848,1486,459,80
20,1063,1238,Shia000075Vols,1726,970,1220,112,50
20,25,619,Shia000075Vols,1727,0,553,424,87
20,825,1249,Shia000220Vols,1569,1265,1575,226,62
20,0,619,Shia000220Vols,1570,529,1113,444,88
20,704,1473,Shia002945Vols,1219,546,1208,401,60
20,857,1414,Shia000317Vols,6937,0,408,319,70
20,112,619,Shia000317Vols,6938,0,474,348,83
20,0,347,Shia000182VolsBK2,1842,1200,1503,232,82
20,347,619,Shia000182VolsBK2,1843,0,301,213,89
20,428,854,Shia001432Vols,6633,931,1230,181,50
20,0,433,Shia001432Vols,31402,1088,1472,302,87
20,433,857,Shia001432Vols,31403,0,302,174,47
20,673,1473,Shia001432Vols,31403,634,1285,493,76
20,861,1470,Shia000042,463,286,768,270,51
20,643,1136,Shia001217Vols,1330,441,790,213,54
20,612,1414,Shia001217Vols,4044,855,1526,429,63
20,0,619,Shia001217Vols,4045,727,1311,444,88
20,0,377,Zaydiyya0000302,1535,1169,1496,256,83
20,377,619,Zaydiyya0000302,1536,0,253,173,82
20,803,1216,Shia000107Vols,2775,1189,1465,213,63
20,0,619,Shia000107Vols,2776,548,1127,436,86
20,0,690,PV2024060601,1989,848,1486,459,80
20,842,1171,PV2024060601,3839,726,1019,139,40
20,1179,1414,PV2024060601,4266,42,272,165,83
20,452,1483,PV2024060601,7661,251,923,449,54
20,168,619,PV2024060601,7662,0,412,294,78
21,1037,1260,Shia000196Vols,2053,524,727,157,87
21,224,527,Shia000298Vols,2951,1072,1361,163,66
21,1060,1260,Shia001171,454,1330,1511,139,85
21,1108,1260,Shia000277Vols,1623,1102,1264,115,84
21,1077,1260,Shia001149Vols,111,0,202,116,69
21,1040,1260,Shia000234Vols,6821,1073,1296,155,78
21,158,527,Shia000234Vols,6822,321,905,243,51
21,1140,1260,Shia001122Vols,1989,5,127,98,98
21,224,352,ShamAY0038405,204,152,601,103,28
21,811,1260,Shia000220Vols,1569,1013,1458,166,30
21,967,1260,Shia002945Vols,1219,590,842,185,78
21,1108,1260,Shia000317Vols,6937,0,149,115,92
21,1040,1260,Shia000182VolsBK2,1842,282,498,155,81
21,934,1260,Shia001432Vols,31403,657,952,222,85
21,599,1187,Shia001432Vols,31404,141,474,233,51
21,599,1187,Shia001217Vols,4046,512,1197,236,32
21,934,1260,Zaydiyya0000302,1535,175,450,183,63
21,1140,1260,PV2024060601,1989,5,127,98,98
21,801,1260,PV2024060601,3839,644,928,172,44
21,934,1260,PV2024060601,7661,325,600,183,63
22,121,579,Shia000196Vols,1448,1072,1523,325,82
22,579,916,Shia000196Vols,1449,0,532,243,54
22,127,747,Shia000196Vols,2052,941,1572,447,82
22,127,887,Shia000298Vols,2950,1001,1641,436,68
22,121,605,Shia000277Vols,1622,1115,1592,343,81
22,605,916,Shia000277Vols,1623,0,312,220,82
22,184,916,Shia001149Vols,535,0,676,479,76
22,121,672,Shia000234Vols,5221,988,1534,389,82
22,672,916,Shia000234Vols,5222,0,259,174,76
22,1134,1459,Shia000234Vols,6822,915,1249,247,91
22,1118,1450,Shia001615Vols,1269,1085,1428,247,89
22,289,901,Shia000715,265,1015,1520,241,44
22,264,916,Shia004049,308,244,918,269,40
22,1090,1459,Shia001122Vols,1989,410,771,272,92
22,301,656,Shia000075Vols,1126,0,337,258,90
22,1134,1459,Shia000075Vols,1726,1225,1531,228,86
22,121,916,Shia000220Vols,1568,241,1047,569,81
22,1169,1459,Shia000220Vols,1570,149,452,223,90
22,1134,1391,Shia000233,601,535,809,153,65
22,121,455,Shia002945Vols,1220,1222,1560,225,72
22,351,916,Shia002945Vols,1221,4,476,323,65
22,188,916,Shia000317Vols,5767,0,715,536,89
22,121,916,Shia000317Vols,6935,679,1486,584,84
22,1134,1459,Shia000317Vols,6937,996,1323,252,94
22,121,579,Shia000182VolsBK2,1210,1087,1538,327,82
22,579,916,Shia000182VolsBK2,1211,0,338,232,77
22,1134,1459,Shia000182VolsBK2,1842,784,1115,252,93
22,1090,1450,Shia001432Vols,6247,701,1051,265,92
22,1090,1319,Shia001432Vols,6949,858,1030,129,72
22,1240,1398,Shia001432Vols,7234,0,149,115,91
22,117,351,Shia001432Vols,31349,1238,1475,189,97
22,351,916,Shia001432Vols,31350,0,598,435,90
22,1086,1459,Shia001432Vols,31402,588,1011,281,81
22,121,656,Shia001217Vols,2758,214,743,384,83
22,136,916,Shia001217Vols,4043,3,791,571,85
22,1090,1459,Shia001217Vols,4045,287,649,278,93
22,121,723,Zaydiyya0000302,1120,861,1470,439,83
22,723,916,Zaydiyya0000302,1121,0,188,139,84
22,157,916,Zaydiyya0000302,1534,0,769,533,78
22,1090,1459,Zaydiyya0000302,1535,744,1092,263,88
22,264,916,Shia000107Vols,1847,40,707,465,82
22,121,819,Shia000107Vols,2774,891,1505,415,68
22,1134,1459,Shia000107Vols,2776,174,477,226,87
22,1090,1459,PV2024060601,1989,410,771,272,92
22,121,916,PV2024060601,4263,651,1394,530,77
22,121,579,PV2024060601,7246,1026,1476,327,82
22,579,916,PV2024060601,7247,0,347,243,81
22,121,916,PV2024060601,7660,115,931,561,78
22,1090,1459,PV2024060601,7661,894,1242,263,88
22,121,916,Shia000218Vols,1151,577,1376,590,89
22,121,916,Shia000291Vols,1331,658,1433,559,82
23,318,886,Shia000298Vols,2952,668,1095,308,66
23,671,1303,Shia001142Vols,15,750,1120,283,56
23,1004,1294,Shia001149Vols,537,1156,1475,148,51
23,496,707,Shia001149Vols,538,118,345,124,66
23,900,1280,Shia000234Vols,2689,477,845,284,91
23,267,886,Shia000234Vols,6829,399,908,376,74
23,496,886,Zaydiyya0000236,309,614,1081,146,28
23,301,886,Zaydiyya0000236,319,767,1304,259,50
23,301,644,Shia001386,6,859,1149,194,66
23,113,1042,Shia001122Vols,1991,411,1233,480,62
23,496,618,Masaha000989,224,1408,1549,93,82
23,101,524,Shia002945Vols,1221,1071,1458,221,58
23,524,955,Shia002945Vols,1222,0,588,250,52
23,502,644,Masaha001075,414,270,408,107,95
23,900,1294,Shia000317Vols,2730,297,657,265,82
23,802,1294,Shia001432Vols,26065,1049,1484,298,75
23,1032,1303,Shia001432Vols,31343,0,252,202,92
23,655,1303,Shia001432Vols,31350,829,1472,452,80
23,162,821,Shia001432Vols,31351,163,789,340,53
23,364,644,Shia001432Vols,31360,282,540,166,69
23,496,886,Shia001432Vols,31379,642,1101,146,29
23,912,1303,Shia001237Vols,714,1033,1424,310,98
23,306,644,Shia000042,463,12,279,180,66
23,912,1188,Shia001217Vols,1260,1192,1445,193,87
23,113,578,Shia001217Vols,4047,1072,1438,245,68
23,578,1303,Shia001217Vols,4048,0,835,505,73
23,113,644,Zaydiyya0000302,1530,1053,1462,304,72
23,267,821,Shia000107Vols,2772,554,1113,294,58
23,113,1042,PV2024060601,1991,411,1233,480,62
23,496,707,PV2024060601,4266,848,1075,124,66
23,113,555,PV2024060601,7656,1224,1543,235,67
24,148,646,Shia001356,1,959,1400,255,60
24,967,1396,Shia001356,5,390,850,262,69
24,1086,1420,Shia000121Vols,537,0,272,127,38
24,1086,1420,Shia004012,78,236,527,135,40
24,973,1396,Shia001305,2,725,1228,265,66
24,148,581,Shia001305,2,310,774,237,56
24,138,332,Shia002992Vols,3821,1151,1312,95,61
24,360,480,Shia003633,5,140,259,95,97
24,138,572,Shia003633,22,791,1504,250,44
24,973,1270,Shia003633,25,1141,1470,216,82
24,613,1443,Shia003633,27,0,312,222,32
24,1098,1239,Shia000152,454,284,415,101,89
24,148,646,Shia001357,41,62,514,275,69
24,1034,1396,Shia001357,45,0,456,220,60
24,236,646,Shia001432Vols,15314,880,1231,201,62
24,1086,1420,Shia001432Vols,26118,279,567,135,40
24,0,138,Shia001432Vols,31351,17,147,103,93
24,204,385,Shia001432Vols,31579,1309,1458,109,78
24,981,1286,Shia001432Vols,31580,843,1146,207,83
24,385,1122,Shia001432Vols,31580,0,502,264,42
24,1286,1443,Shia001432Vols,31581,0,159,117,91
24,204,545,Shia001237Vols,745,763,1100,222,78
24,204,596,Shia001217Vols,1311,624,979,179,49
24,994,1420,Shia001217Vols,1313,0,495,245,63
24,266,1443,Shia001217Vols,1314,312,925,355,38
24,0,163,Shia001217Vols,4048,856,1015,116,90
24,266,646,Zaydiyya0000302,881,270,584,193,65
24,973,1420,Zaydiyya0000302,1547,730,1234,259,64
24,204,589,Zaydiyya0000302,1547,449,813,198,56
24,266,646,PV2024060601,7007,460,774,193,65
24,204,589,PV2024060601,7673,621,985,198,56
24,973,1420,PV2024060601,7673,902,1406,259,64
25,557,1386,Shia001356,5,682,1299,334,43
25,1002,1425,Shia001356,6,38,320,146,38
25,584,920,Shia001356,9,544,842,150,48
25,674,1035,Shia000121Vols,537,145,421,178,57
25,697,1425,Shia004012,78,428,1018,316,45
25,697,1326,Shia001171,456,1160,1566,271,51
25,954,1376,Shia000234Vols,2776,349,964,251,48
25,951,1416,Shamela0010517,50,562,1123,224,45
25,563,1152,Shia001305,2,1031,1411,255,52
25,1152,1425,Shia001305,3,0,442,194,53
25,804,1258,Zaydiyya0000236,365,765,1548,200,28
25,880,1425,Shia001122Vols,1467,142,875,323,52
25,197,528,Shia002992Vols,3076,327,777,182,43
25,954,1156,Shia000075Vols,384,1366,1577,104,52
25,1156,1425,Shia000075Vols,385,0,377,176,53
25,951,1340,Shia003633,2,1050,1487,235,60
25,951,1421,Shia003633,3,769,1400,241,42
25,671,1035,Shia003633,7,213,448,154,54
25,1035,1425,Shia003633,24,0,488,242,57
25,584,852,Shia003633,26,0,241,176,79
25,754,1310,Shia002389Vols,1524,872,1471,294,54
25,1121,1326,Shia000317Vols,4779,1196,1438,146,73
25,690,852,Shia000152,454,427,571,109,83
25,563,1416,Shia001357,45,257,1416,418,39
25,584,920,Shia001357,49,376,731,206,69
25,925,1340,Shia001115Vols,89,783,1258,242,58
25,697,1425,Shia001432Vols,26118,468,1042,331,50
25,928,1421,Shia001432Vols,31579,324,973,264,45
25,91,1039,Shia001432Vols,31581,17,649,284,33
25,951,1421,Shia001432Vols,31586,199,815,223,40
25,954,1174,Shia001237Vols,743,1097,1427,118,42
25,697,1425,Shia001237Vols,746,404,1002,317,45
25,880,1425,Shia001217Vols,1310,194,900,315,54
25,563,888,Shia001217Vols,1313,267,570,214,85
25,917,1425,Zaydiyya0000302,878,261,970,302,50
25,563,1232,Zaydiyya0000302,1547,1011,1416,291,56
25,880,1425,PV2024060601,1467,142,875,323,52
25,917,1425,PV2024060601,7004,422,1131,302,50
25,563,835,PV2024060601,7673,1183,1445,194,91
25,1121,1425,PV2024060601,7674,32,423,205,61
26,1047,1523,Shia001356,1,577,952,205,50
26,1272,1523,Zaydiyya0000245,208,274,558,191,81
26,1272,1509,Shia000121Vols,536,1218,1482,184,85
26,1272,1509,Shia001171,456,818,1089,191,84
26,1272,1518,Shia001149Vols,110,335,620,187,79
26,1272,1527,Shia000234Vols,2775,1187,1503,201,76
26,14,333,Shamela0010517,50,980,1205,124,41
26,0,522,Shia001305,3,261,736,286,57
26,1272,1509,Shia001122Vols,2011,462,725,184,84
26,1272,1509,Shia003633,7,757,990,176,87
26,1047,1527,Shia003633,25,520,910,94,17
26,342,571,Shia003633,25,520,757,167,87
26,1305,1523,Shia000152,454,21,244,157,83
26,1272,1509,Shia000182VolsBK2,306,733,981,175,82
26,1272,1509,Shia001432Vols,31101,830,1065,184,91
26,1272,1509,Shia001432Vols,31581,811,1047,184,90
26,1047,1509,Shia001217Vols,1312,703,1168,191,34
26,342,542,Shia001217Vols,1312,703,899,143,87
26,347,555,Shia001217Vols,1315,258,595,121,41
26,1272,1509,Zaydiyya0000302,1547,112,372,176,79
26,14,522,Zaydiyya0000302,1548,143,531,237,51
26,1272,1518,Shia000107Vols,1217,988,1257,176,76
26,1272,1509,PV2024060601,2011,462,725,184,84
26,1272,1518,PV2024060601,3838,1054,1339,187,79
26,1272,1509,PV2024060601,7673,284,544,176,79
26,14,522,PV2024060601,7674,286,674,237,51
27,1221,1346,Shia004012,79,0,119,95,93
27,1000,1356,Shia000275Vols,617,1130,1508,225,65
27,198,797,Shia001305,3,1186,1477,180,35
27,797,1356,Shia001305,4,0,561,445,99
27,350,448,Shia002992Vols,4401,782,881,76,98
27,781,1455,Shia003633,69,127,837,536,92
27,928,1356,Shia000317Vols,4781,657,1044,257,67
27,470,965,Shia003026VolsBK2,663,233,486,197,50
27,356,1028,Shia001432Vols,31616,988,1396,312,58
27,1028,1455,Shia001432Vols,31617,0,423,343,97
27,71,344,Shia001432Vols,31620,616,835,137,64
27,356,1100,Shia001237Vols,751,940,1420,341,55
27,1100,1455,Shia001237Vols,752,0,356,288,97
27,193,1316,Shia001217Vols,1318,700,1491,518,53
27,350,1356,Zaydiyya0000302,1552,185,867,519,63
27,350,1356,PV2024060601,7678,353,1035,519,63
28,559,1194,Shia001356,1,118,742,372,67
28,565,904,Shia001418Vols,536,564,835,209,76
28,886,1049,Shia000275Vols,617,10,179,128,89
28,794,1049,Shia001171,456,551,795,191,89
28,681,996,Shamela0010517,50,1210,1503,208,78
28,559,1103,Shia001305,1,925,1523,422,88
28,681,1159,Shia003633,31,614,1160,326,67
28,0,443,Shia003633,69,837,1445,306,61
28,559,1194,Shia001357,40,708,1388,402,69
28,632,1049,Shia001432Vols,17545,0,251,176,50
28,0,443,Shia001432Vols,31617,423,1036,324,65
28,762,1435,Shia001432Vols,31620,0,600,466,83
28,7,1159,Shia001237Vols,752,356,1164,532,53
28,565,1103,Shia001217Vols,1312,265,752,352,78
28,565,1143,Shia001217Vols,4049,346,903,384,78
28,559,1069,Zaydiyya0000302,1546,1133,1618,351,82
28,559,910,PV2024060601,7672,1304,1623,230,78
28,910,1103,PV2024060601,7673,0,200,147,92
28,565,1069,Shia001172,185,832,1336,363,83
29,863,1190,Shia000234Vols,4245,88,436,188,56
29,1201,1368,Shia001305,3,562,736,115,77
29,1139,1368,Shia003633,7,0,458,122,30
29,14,1151,Shia003633,23,483,1296,495,53
29,1136,1368,Shia003633,25,419,704,140,59
29,798,1190,Shia000317Vols,4789,17,287,144,41
29,14,380,Shia003026VolsBK2,1000,1152,1494,232,79
29,31,542,Shia001432Vols,31582,38,663,385,77
29,31,846,Shia001432Vols,31639,681,1201,263,35
29,31,690,Shia001237Vols,494,658,916,174,34
29,1193,1368,Shia001217Vols,1312,692,883,112,67
29,14,644,Shia001217Vols,1314,975,1331,249,52
29,644,1368,Shia001217Vols,1315,0,565,360,61
29,1196,1368,Zaydiyya0000302,1548,355,531,113,70
29,1196,1368,PV2024060601,7674,498,674,113,70
30,1088,1351,Shia001356,11,3,270,171,71
30,9,165,Shia003633,25,34,191,121,99
30,590,1034,Shia003633,25,186,669,193,42
30,1051,1351,Shia001357,51,0,285,198,79
30,9,1022,Shia001432Vols,31583,737,1531,606,75
30,1022,1479,Shia001432Vols,31584,0,658,335,62
30,886,1159,Shia001237Vols,769,1210,1477,191,86
30,1159,1479,Shia001237Vols,770,0,537,244,54
30,9,165,Shia001217Vols,1315,572,729,121,99
31,308,1131,Shia001356,6,412,1173,549,82
31,35,250,Shia001356,11,255,491,166,87
31,414,796,Shia000196Vols,1030,0,132,98,32
31,343,463,Shia002953Vols,1833,91,246,94,77
31,1265,1465,Masaha000001Vols,425,1068,1270,137,80
31,1265,1465,Shia001174Vols,2271,1249,1453,142,83
31,796,1122,Shia000275Vols,616,1249,1459,159,61
31,826,1179,Shia000234Vols,2780,516,786,153,50
31,851,1041,Shia001615Vols,1273,692,857,91,61
31,435,1131,Shamela0010517,49,307,999,478,79
31,308,887,Shia001270Vols,417,967,1527,434,93
31,887,1137,Shia001270Vols,418,0,226,171,85
31,1265,1465,Shia001122Vols,433,1187,1391,142,83
31,308,726,Shia001122Vols,1467,1044,1447,299,88
31,726,1126,Shia001122Vols,1468,0,375,295,92
31,289,463,Shia002992Vols,943,133,574,102,29
31,343,463,Shia002992Vols,3512,976,1124,93,80
31,451,1179,Shia000075Vols,385,577,1296,534,88
31,435,1126,Shia003633,4,43,713,532,95
31,308,523,Shia002389Vols,1199,609,808,136,77
31,856,1126,Shia000317Vols,4780,0,134,97,45
31,308,1131,Shia001357,46,120,913,579,86
31,35,463,Shia001357,51,270,660,199,51
31,303,930,Shia001432Vols,17409,1199,1428,162,32
31,1190,1465,Shia001432Vols,31426,573,770,147,66
31,35,1126,Shia001432Vols,31584,321,1476,784,80
31,35,266,Shia001237Vols,770,192,417,181,97
31,289,568,Shia001217Vols,1315,1194,1427,170,77
31,568,1300,Shia001217Vols,1316,0,731,458,68
31,311,740,Zaydiyya0000302,878,1045,1479,313,85
31,740,1126,Zaydiyya0000302,879,0,377,284,87
31,1265,1465,PV2024060601,433,1187,1391,142,83
31,308,726,PV2024060601,1467,1044,1447,299,88
31,726,1126,PV2024060601,1468,0,375,295,92
31,311,576,PV2024060601,7004,1206,1479,192,81
31,576,1126,PV2024060601,7005,0,538,406,89
31,1265,1445,Shia001380,26,1270,1453,123,81
32,0,700,Masaha000001Vols,425,1270,1534,200,35
32,996,1352,Masaha000001Vols,426,0,344,262,91
32,661,944,Zaydiyya0000229,53,973,1286,154,50
32,0,135,Shia001174Vols,2271,1453,1588,105,96
32,987,1209,Shia001174Vols,2272,1392,1615,172,96
32,1215,1352,Shia001174Vols,2273,0,127,98,89
32,765,944,Shia001270Vols,457,633,804,112,73
32,0,154,Shia001122Vols,433,1391,1546,117,94
32,590,1352,Shia001122Vols,434,0,446,339,56
32,1027,1350,Rafed0000685Vols,87,149,425,185,72
32,774,944,Masaha002473,262,968,1136,107,71
32,394,794,Shia001432Vols,31424,0,467,174,34
32,0,944,Shia001432Vols,31426,770,1436,341,38
32,955,1350,Shia001432Vols,31427,0,388,298,94
32,692,944,Shia001432Vols,31431,252,595,173,64
32,813,1059,Shia001384,11,210,666,106,24
32,0,154,PV2024060601,433,1391,1546,117,94
32,590,1352,PV2024060601,434,0,446,339,56
32,686,987,Shia001380,13,945,1276,198,76
32,0,1350,Shia001380,27,21,613,431,39
33,16,701,Shia001552,377,724,1393,430,69
33,649,1105,Shia001270Vols,460,1284,1530,173,44
33,52,501,Shia001270Vols,461,1146,1562,318,87
33,0,767,Shia001122Vols,1997,854,1546,521,83
33,767,1254,Shia001122Vols,1998,0,371,183,41
33,59,1349,Sham19Y0036540,3397,0,1164,607,47
33,41,1241,Rafed0000685Vols,86,280,991,433,43
33,1140,1474,Masaha002871,65,1177,1493,151,46
33,16,701,Shia001432Vols,15061,608,1273,421,67
33,16,1197,Shia001432Vols,31427,494,1463,655,65
33,1140,1494,Shia001432Vols,31428,84,381,196,65
33,0,481,Shia001217Vols,4071,1041,1507,361,90
33,481,1197,Shia001217Vols,4072,0,469,312,54
33,365,793,Rafed0000230Vols,452,114,631,167,31
33,365,793,Rafed0000230Vols,1230,1013,1445,171,40
33,0,767,PV2024060601,1997,854,1546,521,83
33,767,1254,PV2024060601,1998,0,371,183,41
33,548,1197,Shia001380,23,924,1398,265,48
33,988,1480,Shia001380,24,417,1039,254,44
33,0,669,Shia001380,27,653,1333,401,62
34,3,689,Shia001149Vols,544,836,1439,411,70
34,767,1388,Shia002928,162,879,1499,483,94
34,16,252,Shia001270Vols,465,1300,1499,149,76
34,403,1480,Shia001270Vols,466,44,812,430,42
34,16,706,Rafed0000685Vols,86,979,1332,221,38
34,3,193,Shia002389Vols,1201,1233,1393,121,81
34,0,1181,Shia001432Vols,31428,381,1470,766,77
34,1181,1484,Shia001432Vols,31429,0,302,243,99
34,16,904,Shia001432Vols,31466,348,1097,433,53
34,16,732,Shia001217Vols,4059,718,1307,395,64
34,3,696,PV2024060601,4273,65,676,417,70
34,16,696,Shia001380,47,356,934,387,66
34,684,1316,Shia001380,48,874,1531,463,86
35,0,231,Shia002928,163,97,313,167,92
35,0,1339,Shia001432Vols,31429,302,1436,802,72
35,0,234,Shia001380,49,155,357,149,81
36,47,333,Shia001615Vols,963,161,399,161,61
36,106,294,Shia001552,377,1365,1569,144,87
36,751,1045,Shia001270Vols,462,566,884,184,65
36,751,907,Shia003636Vols,1634,700,854,114,83
36,1059,1204,Shia003636Vols,1635,0,131,104,89
36,13,333,Shia000317Vols,6925,567,871,219,78
36,0,1377,Shia001432Vols,31430,52,1531,835,61
36,13,333,Shia001217Vols,4073,439,684,181,67
36,345,929,Shia001380,31,1022,1311,224,48
36,183,1041,Shia001380,48,427,1114,237,26
36,1210,1463,Shia001380,50,1000,1243,179,86
37,821,1489,Shia004012,22,0,584,412,75
37,997,1479,Shia001270Vols,462,752,1230,347,84
37,348,769,Shia001270Vols,463,492,827,243,70
37,1078,1489,Shia004039,170,0,423,299,83
37,219,1328,Shia001305,6,423,1424,696,75
37,1328,1489,Shia001305,7,0,156,120,91
37,444,693,Hindawi092963020,729,1419,1635,162,81
37,183,429,Shia003704,335,1021,1532,142,33
37,429,733,Shia003704,336,0,310,234,93
37,249,886,Shia001122Vols,2005,503,1087,379,71
37,345,733,Shia001387,89,723,1106,302,96
37,348,599,Shia000317Vols,6922,1324,1563,186,91
37,599,733,Shia000317Vols,6923,0,140,104,88
37,246,1391,Shia001357,4,448,1445,730,78
37,227,599,Shia003026VolsBK2,935,291,558,192,63
37,246,494,Shia001432Vols,8490,1293,1520,178,89
37,494,905,Shia001432Vols,8491,0,406,184,43
37,201,733,Shia001432Vols,13121,41,340,192,44
37,0,137,Shia001432Vols,31430,1252,1407,108,87
37,227,1425,Shia001432Vols,31443,422,1487,798,83
37,237,842,Shia001217Vols,4057,916,1489,385,76
37,809,1489,Shia001217Vols,4062,746,1353,412,71
37,249,871,Zaydiyya0000302,1537,677,1254,386,74
37,1169,1489,Zaydiyya0000302,1540,7,284,207,79
37,249,886,PV2024060601,2005,503,1087,379,71
37,249,871,PV2024060601,7663,859,1436,386,74
37,997,1489,PV2024060601,7666,4,443,314,77
37,744,1489,Shia001380,32,537,1198,455,75
37,249,871,Shia001380,33,538,1085,391,74
38,321,780,Masaha000146Vols,256,1138,1277,101,26
38,0,1021,Shia004012,22,584,1457,579,64
38,0,295,Shia002382Vols,873,1030,1308,206,84
38,321,642,Shia002382Vols,1244,288,532,170,59
38,321,790,Shia001615Vols,3336,410,564,108,28
38,15,284,Shia001270Vols,462,1230,1491,181,77
38,284,991,Shia001270Vols,463,0,557,385,66
38,0,987,Shia004039,170,423,1205,588,72
38,442,717,Shia001305,6,1174,1387,94,41
38,0,1021,Shia001305,7,156,1206,628,66
38,15,364,Shia003749,72,1167,1457,184,60
38,0,295,Shia002389Vols,1203,318,614,204,78
38,327,630,Shia002389Vols,1934,1341,1556,158,63
38,336,642,Shia000317Vols,6922,708,929,162,65
38,0,1067,Shia001357,5,91,1078,608,62
38,30,327,Shia001432Vols,3433,0,304,233,93
38,0,327,Shia001432Vols,25582,414,749,256,93
38,912,1131,Shia001432Vols,31334,1208,1468,163,79
38,321,780,Shia001432Vols,31419,684,828,103,27
38,0,1076,Shia001432Vols,31444,72,1502,754,61
38,0,327,Shia001237Vols,381,624,1038,256,76
38,975,1184,Shia001237Vols,2472,66,246,118,64
38,904,1280,Shia001217Vols,4029,1023,1364,197,59
38,97,987,Shia001217Vols,4063,0,912,513,59
38,886,1184,Zaydiyya0000302,1525,62,324,158,63
38,0,975,Zaydiyya0000302,1540,284,1156,568,66
38,886,1184,PV2024060601,7651,203,465,158,63
38,0,975,PV2024060601,7666,443,1315,568,66
38,0,246,Shia001380,32,1198,1437,170,80
38,262,987,Shia001380,33,9,708,410,61
39,187,921,Shia001270Vols,457,948,1597,490,78
39,921,1489,Shia001270Vols,458,0,530,426,90
39,319,1397,Shia001362Vols,524,54,1120,777,80
39,192,566,Zaydiyya0000236,333,1297,1620,221,66
39,589,1489,Zaydiyya0000236,334,0,870,687,88
39,428,620,Zaydiyya0000236,347,854,1034,113,61
39,428,620,Shia001386,22,237,416,113,60
39,187,1489,Shia001386,38,234,1451,901,80
39,262,632,Masaha001075,418,1208,1574,216,61
39,632,1489,Masaha001075,419,0,786,617,83
39,45,381,Shia001334,524,763,1161,130,37
39,428,620,Shia001357,121,1401,1581,113,61
39,455,1489,Shia001357,129,0,989,782,88
39,59,1416,Shia001432Vols,31449,345,1613,970,84
39,326,1397,Shia001432Vols,31452,121,1179,785,82
39,292,729,Shia001432Vols,31512,1086,1517,294,76
39,733,1489,Shia001432Vols,31513,0,693,557,87
39,428,620,Shia001432Vols,31544,1442,1621,113,60
39,216,1188,Shia001432Vols,32108,699,1629,636,74
39,1188,1489,Shia001432Vols,32109,0,293,229,88
39,663,921,Shia001432Vols,32115,0,199,165,76
39,187,1489,Shia000042,482,65,1262,871,76
39,187,924,Shia001217Vols,4068,957,1556,428,66
39,924,1489,Shia001217Vols,4069,0,589,424,81
39,126,322,Shia001111,290,1382,1553,129,81
39,322,1489,Shia001111,291,0,1131,898,90
39,120,1489,Shia001380,15,0,1342,938,76
39,165,777,Shia001380,16,811,1549,406,62
39,45,282,Shia001380,16,146,364,110,47
39,777,1397,Shia001380,17,0,539,397,73
40,1161,1551,Shia001149Vols,545,115,516,283,81
40,1187,1551,Shia001305,24,873,1197,220,69
40,3,352,Zaydiyya0000236,334,870,1258,271,81
40,1104,1332,Zaydiyya0000236,336,1345,1599,162,75
40,1332,1551,Zaydiyya0000236,337,0,211,166,93
40,1148,1309,Shia001122Vols,1995,1136,1393,117,54
40,1309,1551,Shia001122Vols,1996,0,240,184,91
40,1153,1551,Masaha001075,418,640,1013,233,66
40,1439,1551,Shia002389Vols,1813,962,1073,79,91
40,1187,1551,Shia001357,81,1039,1380,220,70
40,1187,1551,Shia001357,101,660,990,243,79
40,1083,1551,Shia001432Vols,31450,496,969,366,95
40,3,406,Shia001432Vols,31450,67,493,315,89
40,808,1206,Shia001432Vols,31453,410,776,128,32
40,1187,1551,Shia001432Vols,31505,240,568,218,68
40,3,225,Shia001432Vols,31513,693,924,171,89
40,1187,1551,Shia001432Vols,31521,218,547,239,78
40,1161,1524,Shia000042,487,0,295,207,69
40,1118,1551,Shia001217Vols,4068,269,656,287,82
40,1122,1551,Zaydiyya0000302,1544,932,1331,297,85
40,3,352,Shia001111,291,1131,1498,281,92
40,1148,1309,PV2024060601,1995,1136,1393,117,54
40,1309,1551,PV2024060601,1996,0,240,184,91
40,1161,1551,PV2024060601,4273,784,1185,283,81
40,1122,1551,PV2024060601,7670,1107,1506,297,85
40,1115,1551,Shia001380,53,25,415,292,82
41,0,1086,Shia001149Vols,545,516,1477,728,82
41,1080,1511,Shia001149Vols,546,0,405,320,90
41,94,638,Zaydiyya0000236,326,288,616,241,53
41,638,1036,Zaydiyya0000236,364,389,805,274,80
41,638,1036,Shia001386,36,465,883,269,78
41,638,945,Masaha000989,209,492,777,157,60
41,751,945,Masaha000722Vols,193,647,791,83,58
41,638,945,Shia000317Vols,6724,154,528,160,48
41,63,644,Shia001357,77,1015,1622,293,48
41,644,1293,Shia001357,78,4,705,391,62
41,155,1511,Shia001357,100,0,1185,847,73
41,59,638,Masaha002871,67,1006,1508,355,70
41,1317,1511,Masaha002871,68,14,212,156,95
41,59,813,Shia001432Vols,31456,793,1490,502,78
41,819,1511,Shia001432Vols,31457,0,671,539,95
41,94,638,Shia001432Vols,31468,749,1078,241,53
41,1334,1511,Shia001432Vols,31478,372,545,136,90
41,103,754,Shia001432Vols,31482,989,1551,313,51
41,855,1511,Shia001432Vols,31483,45,823,455,67
41,94,704,Shia001432Vols,31519,1088,1536,340,68
41,704,1511,Shia001432Vols,31520,0,778,540,76
41,638,830,Shia001432Vols,31563,1399,1591,135,84
41,830,1036,Shia001432Vols,31564,0,227,142,77
41,701,945,Zaydiyya0000302,1276,0,312,137,51
41,1317,1511,Zaydiyya0000302,1542,395,591,153,93
41,174,632,Zaydiyya0000302,1542,0,388,289,74
41,59,638,Shia000107Vols,2780,244,747,331,68
41,1317,1511,Shia000107Vols,2780,749,936,147,91
41,0,325,PV2024060601,4273,1185,1490,228,83
41,396,1511,PV2024060601,4274,6,1098,815,86
41,638,945,PV2024060601,7402,136,492,162,50
41,1317,1511,PV2024060601,7668,573,769,153,93
41,59,632,PV2024060601,7668,55,566,352,70
41,1317,1511,Shia001380,36,1139,1337,156,95
41,59,638,Shia001380,36,623,1125,355,70
42,0,1583,Shia001149Vols,546,405,1667,954,69
42,999,1583,Shia001149Vols,549,123,861,445,71
42,1173,1583,Shia001305,22,17,656,295,53
42,0,974,Zaydiyya0000236,327,728,1653,504,52
42,981,1583,Zaydiyya0000236,361,454,1186,341,50
42,0,1173,Shia001386,11,201,1420,635,53
42,981,1583,Shia001386,33,444,1171,342,50
42,1234,1583,Masaha001075,416,83,425,236,76
42,1021,1583,Shia001357,79,224,1357,397,41
42,0,364,Shia001357,100,1185,1555,278,87
42,367,1243,Shia001357,101,4,660,350,38
42,1115,1583,Shia001357,102,0,542,290,55
42,0,1557,Masaha002871,68,212,1537,830,54
42,0,396,Masaha002880Vols,368,455,971,221,48
42,0,1331,Shia001432Vols,31457,671,1650,781,70
42,1331,1583,Shia001432Vols,31458,0,294,204,85
42,496,795,Shia001432Vols,31460,1226,1598,223,71
42,8,447,Shia001432Vols,31469,1181,1590,318,87
42,0,1252,Shia001432Vols,31478,545,1376,555,49
42,0,488,Shia001432Vols,31483,823,1314,303,64
42,981,1379,Shia001432Vols,31502,995,1641,210,33
42,1051,1583,Shia001432Vols,31506,0,496,294,58
42,0,1173,Shia001432Vols,31520,778,1584,575,56
42,1021,1457,Shia001432Vols,31521,986,1565,240,43
42,1243,1583,Shia001432Vols,31561,113,542,261,70
42,1021,1583,Shia000042,484,723,1597,326,40
42,0,1453,Zaydiyya0000302,1542,591,1654,835,68
42,1453,1583,Zaydiyya0000302,1543,0,129,105,99
42,0,1037,Shia000107Vols,2780,936,1582,482,55
42,1037,1583,Shia000107Vols,2781,0,555,436,94
42,0,488,PV2024060601,4274,1098,1564,366,88
42,844,1583,PV2024060601,4275,0,781,578,87
42,999,1571,PV2024060601,4277,904,1622,435,72
42,0,1280,PV2024060601,7668,769,1647,699,65
42,1280,1583,PV2024060601,7669,0,314,243,92
42,0,229,Shia001380,36,1337,1547,169,87
42,829,1557,Shia001380,37,260,1049,544,80
43,167,1661,Shia001149Vols,547,0,1106,812,62
43,167,660,Shia001305,22,660,1187,354,74
43,1182,1661,Zaydiyya0000236,329,19,539,363,84
43,145,404,Zaydiyya0000236,362,871,1125,184,81
43,145,404,Zaydiyya0000236,381,289,511,97,39
43,1086,1602,Shia001386,12,1034,1585,372,78
43,145,404,Shia001386,34,872,1141,186,79
43,167,660,Masaha001075,416,429,955,363,79
43,149,388,Shia001357,79,1309,1596,164,72
43,149,1661,Shia001357,103,360,1413,712,52
43,149,258,Masaha002871,68,1519,1650,80,75
43,258,668,Masaha002871,69,0,403,304,83
43,930,1661,Masaha002871,69,240,946,468,65
43,145,1661,Shia001432Vols,31458,294,1379,834,64
43,668,1076,Shia001432Vols,31463,101,781,283,49
43,1086,1661,Shia001432Vols,31471,383,993,421,80
43,413,598,Shia001432Vols,31484,419,652,145,75
43,167,660,Shia001432Vols,31503,237,765,362,79
43,149,1661,Shia001432Vols,31523,0,1006,695,52
43,145,404,Shia001432Vols,31562,278,532,184,81
43,145,276,Shia001432Vols,31772,911,1008,65,64
43,149,660,Shia000042,485,25,489,346,78
43,149,668,Zaydiyya0000302,1543,134,664,363,76
43,930,1659,Zaydiyya0000302,1543,509,1142,444,70
43,149,668,Shia000107Vols,2781,560,1070,356,76
43,930,1659,Shia000107Vols,2781,915,1543,428,69
43,149,1448,PV2024060601,4275,786,1687,654,57
43,1448,1661,PV2024060601,4276,0,222,172,93
43,149,668,PV2024060601,7669,319,849,363,76
43,930,1659,PV2024060601,7669,694,1327,444,70
43,149,1226,Shia001380,37,1031,1673,473,50
43,1226,1661,Shia001380,38,0,434,334,90
44,0,820,Shia001149Vols,547,1106,1638,412,61
44,820,1554,Shia001149Vols,548,0,437,330,54
44,18,562,Shia001305,22,1290,1563,204,44
44,571,1554,Shia001305,23,0,725,514,61
44,1403,1554,Zaydiyya0000236,316,645,791,110,87
44,441,900,Zaydiyya0000236,339,21,486,267,61
44,638,900,Zaydiyya0000236,362,1138,1458,171,60
44,638,900,Shia001386,34,1154,1495,184,66
44,18,850,Masaha001075,416,1048,1625,399,55
44,850,1554,Masaha001075,417,0,413,307,52
44,1417,1554,Shia001357,33,686,827,106,92
44,6,1554,Shia001357,80,311,1279,676,51
44,380,900,Shia001357,95,530,995,270,57
44,0,420,Shia001357,103,1413,1551,109,32
44,412,685,Shia001357,104,1312,1567,206,92
44,685,1554,Shia001357,105,0,1103,407,35
44,0,1322,Masaha002871,69,946,1675,568,52
44,1322,1554,Masaha002871,70,0,231,177,90
44,1403,1554,Shia001432Vols,31408,1083,1229,110,87
44,0,553,Shia001432Vols,31458,1379,1643,211,46
44,553,1554,Shia001432Vols,31459,0,693,544,66
44,79,333,Shia001432Vols,31463,862,1162,201,83
44,12,769,Shia001432Vols,31484,949,1376,229,34
44,380,900,Shia001432Vols,31490,1083,1592,289,60
44,18,985,Shia001432Vols,31503,877,1565,485,58
44,1306,1554,Shia001432Vols,31504,0,252,189,88
44,0,420,Shia001432Vols,31523,1006,1145,109,32
44,412,928,Shia001432Vols,31524,925,1471,374,81
44,928,1554,Shia001432Vols,31525,142,700,239,33
44,638,900,Shia001432Vols,31562,545,865,181,66
44,18,1554,Shia000042,485,582,1550,690,53
44,6,854,Zaydiyya0000302,1543,1149,1659,400,57
44,854,1554,Zaydiyya0000302,1544,0,398,307,53
44,387,1554,Shia000107Vols,2782,0,783,612,63
44,0,1554,PV2024060601,4276,222,1198,741,57
44,6,672,PV2024060601,7669,1334,1669,265,48
44,672,1554,PV2024060601,7670,0,573,442,61
44,0,1554,Shia001380,38,434,1395,745,58
45,759,1097,Shia001149Vols,545,115,446,238,80
45,0,405,Shia001149Vols,548,437,871,307,86
45,0,393,Shia001305,23,725,1202,292,75
45,785,1097,Shia001305,24,873,1149,187,68
45,713,920,Zaydiyya0000236,336,1368,1599,164,87
45,920,1097,Zaydiyya0000236,337,0,154,122,85
45,607,898,Shia001122Vols,1995,1192,1393,155,67
45,898,1211,Shia001122Vols,1996,0,370,168,48
45,0,393,Masaha001075,417,432,845,296,87
45,746,1097,Masaha001075,418,631,959,207,64
45,0,316,Shia001357,80,1279,1620,248,87
45,785,1097,Shia001357,81,1039,1338,192,66
45,785,1089,Shia001357,101,660,924,201,79
45,0,326,Shia001357,105,1122,1520,239,74
45,0,405,Masaha002871,70,231,644,310,92
45,713,1100,Shia001432Vols,31450,531,905,271,82
45,0,405,Shia001432Vols,31459,693,1106,321,96
45,0,377,Shia001432Vols,31504,252,676,282,81
45,785,1089,Shia001432Vols,31521,218,481,197,77
45,0,405,Shia001432Vols,31525,719,1288,269,55
45,425,785,Shia001237Vols,378,939,1286,153,49
45,40,377,Shia000042,486,4,367,247,82
45,584,1264,Shia001217Vols,4068,186,835,357,55
45,0,1097,Zaydiyya0000302,1544,398,1268,615,66
45,0,393,Shia000107Vols,2782,783,1205,295,86
45,607,898,PV2024060601,1995,1192,1393,155,67
45,898,1211,PV2024060601,1996,0,370,168,48
45,759,1097,PV2024060601,4273,784,1115,238,80
45,0,354,PV2024060601,4276,1198,1570,274,89
45,0,1097,PV2024060601,7670,573,1443,615,66
45,0,202,Shia001380,38,1395,1602,160,95
45,202,405,Shia001380,39,0,205,150,89
45,677,1313,Shia001380,53,0,623,294,44
46,919,1497,Shia001149Vols,548,809,1235,279,56
46,1071,1520,Shia001305,25,245,640,295,77
46,1032,1329,Shia001362Vols,703,1035,1328,177,65
46,1071,1319,Zaydiyya0000236,319,901,1110,150,73
46,1002,1396,Zaydiyya0000236,344,1060,1641,263,53
46,1409,1520,Zaydiyya0000236,345,3,118,87,94
46,1102,1249,Zaydiyya0000236,416,934,1086,98,78
46,57,313,Shia001122Vols,1996,176,418,176,83
46,1071,1242,Masaha000989,226,758,942,130,81
46,1071,1520,Masaha001075,419,1027,1577,269,52
46,1071,1520,Shia001357,82,704,1113,286,70
46,1009,1242,Shia001357,119,742,971,141,66
46,985,1520,Masaha002871,70,616,1139,348,72
46,1071,1324,Shia001432Vols,31372,568,782,154,73
46,57,401,Shia001432Vols,31450,911,1170,127,39
46,978,1520,Shia001432Vols,31451,178,732,384,83
46,1060,1329,Shia001432Vols,31485,311,589,171,68
46,1009,1242,Shia001432Vols,31531,156,385,141,66
46,1102,1249,Shia001432Vols,31877,0,152,98,78
46,992,1239,Shia001432Vols,31880,182,425,137,54
46,1071,1293,Shia001432Vols,31981,113,414,150,59
46,1071,1520,Shia000042,487,868,1261,289,75
46,57,452,Shia001217Vols,4068,599,1032,224,59
46,1078,1520,Zaydiyya0000302,1546,192,614,309,83
46,1071,1405,Shia000107Vols,2782,1233,1569,231,78
46,57,313,PV2024060601,1996,176,418,176,83
46,985,1497,PV2024060601,4277,29,421,280,67
46,1078,1520,PV2024060601,7672,363,785,309,83
46,985,1520,Shia001380,39,177,706,341,70
47,1282,1501,Shia001356,2,1070,1291,173,99
47,51,306,Shia001149Vols,548,1235,1495,173,76
47,1241,1501,Shia001305,5,1050,1313,204,98
47,0,255,Shia001305,25,640,894,197,89
47,0,306,Zaydiyya0000236,345,118,488,210,69
47,1282,1501,Shia001357,42,323,544,173,99
47,0,255,Shia001357,82,1113,1351,173,78
47,10,255,Masaha002871,70,1154,1376,176,84
47,1272,1501,Shia001432Vols,31415,1113,1307,152,82
47,430,1482,Shia001432Vols,31415,177,730,378,45
47,0,542,Shia001432Vols,31451,732,1229,266,52
47,727,964,Shia001432Vols,32581,756,1031,132,62
47,0,255,Shia000042,487,1261,1518,201,91
47,1303,1501,Shia001217Vols,4074,629,829,156,99
47,425,1012,Shia001217Vols,4075,476,1005,384,82
47,10,255,Zaydiyya0000302,1546,629,888,200,93
47,1282,1501,Zaydiyya0000302,1553,693,902,163,93
47,10,255,Shia000107Vols,2783,104,345,196,96
47,51,306,PV2024060601,4277,421,681,173,76
47,10,255,PV2024060601,7672,800,1059,200,93
47,1282,1501,PV2024060601,7679,861,1070,163,93
47,10,255,Shia001380,39,721,943,176,84
48,75,432,Shia001356,2,281,665,183,51
48,75,413,Shia001305,5,84,490,196,55
48,668,1076,Shia001122Vols,2839,291,683,194,53
48,75,432,Shia001357,41,938,1336,198,53
48,75,432,Shia001432Vols,4483,1143,1471,183,55
48,741,1076,Shia001432Vols,20705,820,1144,157,58
48,3,150,Shia001432Vols,31415,1307,1440,96,80
48,150,1225,Shia001432Vols,31416,0,681,477,56
48,75,1225,Shia001237Vols,4289,502,1283,535,57
48,3,432,Shia001217Vols,4074,829,1257,214,51
48,668,1076,Shia001217Vols,6806,12,497,181,38
48,75,303,Zaydiyya0000302,1552,1296,1472,125,67
48,668,1076,PV2024060601,2839,291,683,194,53
48,131,413,PV2024060601,7679,5,197,128,57
49,548,798,Shia001356,1,1296,1498,152,75
49,82,696,Shia001356,2,594,1217,387,73
49,340,541,Shamela0009631,328,82,220,99,61
49,782,1163,Shia001615Vols,1552,95,330,177,56
49,94,537,Shia001615Vols,3300,809,1253,348,99
49,548,817,Shia001305,4,885,1163,212,96
49,82,696,Shia001305,5,548,1239,387,67
49,82,221,Shia001357,41,1265,1411,106,92
49,228,696,Shia001357,42,0,470,279,68
49,655,798,Shia001432Vols,3939,721,857,109,94
49,554,843,Shia001432Vols,4021,1001,1262,193,84
49,82,817,Shia001432Vols,31416,684,1401,549,93
49,961,1432,Shia001432Vols,31417,0,359,264,69
49,1227,1432,Shia001237Vols,3802,446,583,105,66
49,82,209,Shia001237Vols,4289,1286,1413,100,98
49,209,817,Shia001237Vols,4290,0,542,410,84
49,559,853,Shia001217Vols,4074,1117,1419,183,71
49,132,701,Shia001217Vols,4075,0,570,324,61
49,82,658,Zaydiyya0000302,1553,243,774,339,68
49,82,658,PV2024060601,7679,411,942,356,76
49,323,541,Shamela0023735,2360,883,1046,113,64
50,220,525,Shia001356,2,0,336,212,76
50,732,886,Shia001356,2,1091,1271,116,82
50,163,419,Shia001305,4,1170,1450,200,89
50,732,886,Shia001305,5,1112,1293,115,81
50,183,508,Shia001357,41,615,963,237,82
50,0,1352,Shia001432Vols,31417,364,1433,631,55
50,1104,1365,Shia001432Vols,32582,0,229,142,65
50,899,1365,Shia001237Vols,4290,554,962,135,26
50,169,361,Shia001237Vols,4290,554,756,151,95
50,169,1104,Shia001217Vols,4074,321,1020,366,42
50,732,1171,Shia001217Vols,4075,1019,1370,208,56
50,186,527,Zaydiyya0000302,1552,990,1347,228,76
50,186,500,PV2024060601,7678,1158,1480,219,79
51,955,1165,Sham19Y0016782,34,326,510,135,73
51,631,812,Shia003752Vols,777,403,576,129,86
51,955,1159,Shamela0001687,8058,225,429,167,98
51,556,812,Shia003026VolsBK2,539,669,924,202,99
51,1202,1436,Shia003026VolsBK2,611,978,1213,182,99
51,467,887,Shia001432Vols,14487,1109,1494,278,83
51,887,1458,Shia001432Vols,14488,0,308,216,47
51,79,309,Shia001432Vols,18688,507,695,150,81
51,955,1159,Shia001432Vols,18688,810,1012,165,97
51,926,1159,Shia001432Vols,31418,296,527,188,97
51,0,309,Shia001432Vols,31418,14,291,210,81
51,0,309,Shia001432Vols,32582,229,492,187,72
51,79,347,Shia001237Vols,4291,190,515,174,59
51,955,1165,Shamela0023691,59,1139,1356,167,93
52,413,836,Shia001615Vols,516,389,591,159,47
52,273,836,Shia001552,28,0,364,271,58
52,416,836,Shia003752Vols,777,592,781,144,42
52,12,1424,Shia001432Vols,14488,301,1389,772,69
52,0,1424,Shia001432Vols,33406,32,985,683,58
53,820,1466,Shia001255Vols,738,802,1421,464,84
53,1040,1311,Shia003691,44,74,296,117,47
53,1066,1311,Zaydiyya0000043,20,98,281,113,51
53,995,1466,Shia002984Vols,1099,822,1199,199,47
53,988,1268,Shia002984Vols,1281,979,1193,152,67
53,995,1466,Shia001121,45,234,623,200,48
53,995,1466,Shia001134,187,155,546,201,48
53,995,1466,Shia001134,581,223,619,200,47
53,1052,1311,Zaydiyya0000098,133,585,880,127,46
53,1066,1311,Zaydiyya0000098,148,1315,1501,112,50
53,1056,1311,Zaydiyya0000098,844,1146,1354,122,51
53,1066,1311,Zaydiyya0000398,110,459,648,112,51
53,820,1231,Shia003636Vols,6246,1158,1521,275,82
53,1040,1311,Zaydiyya0000039,567,314,513,125,52
53,1066,1311,Zaydiyya0000046,7,1107,1292,112,51
53,995,1466,Shia004030Vols,2200,294,698,204,47
53,1040,1466,Shia003692,244,753,1075,195,51
53,1128,1311,Zaydiyya0000042,79,1136,1295,98,57
53,991,1466,Shia001432Vols,7689,0,402,196,44
53,995,1466,Shia001432Vols,12240,65,455,201,48
53,838,1306,Shia001432Vols,12265,1108,1471,281,74
53,1306,1466,Shia001432Vols,12266,0,161,132,98
53,12,1085,Shia001432Vols,14489,0,894,574,64
53,0,354,Shia001432Vols,33406,985,1304,243,83
53,1066,1311,Zaydiyya0000328,243,1283,1484,113,51
53,995,1466,Masaha001945,43,630,981,188,44
54,460,1053,Shamela0021765,2480,181,817,297,49
54,330,1053,JK000707,520,628,1240,318,52
54,46,773,Shia001552,24,828,1434,419,69
54,498,914,Shia001552,28,1104,1440,211,58
54,1002,1397,Shia001305,62,155,644,186,40
54,175,914,Rafed0002654Vols,4137,279,922,301,46
54,477,859,Rafed0002654Vols,9612,1254,1551,151,45
54,445,884,JK009313,4812,1037,1447,237,62
54,213,850,Sham19Y0122096,1821,787,1146,173,30
54,175,914,Shia004092Vols,4509,700,1343,294,45
54,330,864,Shia004092Vols,9816,976,1428,263,55
54,473,859,Shia004092Vols,9821,183,928,194,29
54,498,1053,Shia003704,414,390,820,199,39
54,179,1053,JK000786,3461,333,1254,372,45
54,561,1053,JK007049,186,6,480,231,49
54,279,859,Rafed0003228Vols,147,214,618,211,44
54,406,1053,Shamela0030305,3,350,833,261,47
54,86,914,Masaha002473,175,173,593,241,35
54,110,948,Shamela0001524,456,977,1387,221,33
54,938,1347,Shia003692,37,848,1262,164,38
54,82,1076,Masaha002880Vols,317,270,780,228,25
54,52,876,Shia001432Vols,14489,750,1430,480,71
54,498,914,Shia001432Vols,14513,985,1288,183,51
54,285,1076,Shia001432Vols,14524,189,837,244,34
54,1224,1397,Shia001432Vols,31394,905,1066,114,80
54,285,1071,Shia001237Vols,3822,3,550,383,62
54,1218,1391,Zaydiyya0000302,1554,1074,1249,121,82
54,460,1071,Shia003707Vols,572,857,1347,260,47
54,498,914,Masaha003390Vols,151,1085,1447,206,55
54,1218,1391,PV2024060601,7680,1248,1423,121,82
55,470,1528,Shia001149Vols,538,377,1195,602,66
55,45,375,Shia000234Vols,6833,930,1265,230,81
55,488,1528,Shia000234Vols,6834,19,829,600,66
55,45,375,Shia001305,62,644,991,253,90
55,533,1369,Shia001305,63,981,1633,486,66
55,1369,1528,Shia001305,64,0,154,123,96
55,569,1384,Zaydiyya0000236,311,1138,1731,481,71
55,1384,1528,Zaydiyya0000236,312,0,140,113,97
55,527,1528,Shia001386,7,120,908,582,67
55,488,1528,Shia001122Vols,1988,68,820,596,69
55,552,1528,Masaha000722Vols,207,19,737,541,66
55,600,1528,Shia001357,29,0,677,530,68
55,527,1528,Shia001357,30,394,1016,480,57
55,386,1075,Shia001432Vols,31392,1175,1623,328,56
55,1075,1528,Shia001432Vols,31393,0,450,361,97
55,45,375,Shia001432Vols,31394,1066,1378,244,90
55,386,582,Shia001237Vols,2578,299,512,131,73
55,460,1528,Shia000042,463,774,1554,555,61
55,52,249,Zaydiyya0000302,1554,1249,1443,154,95
55,470,1528,Zaydiyya0000302,1587,0,775,609,69
55,488,1528,Shia000107Vols,2789,671,1428,571,65
55,488,1528,PV2024060601,1988,68,820,596,69
55,470,1168,PV2024060601,4266,1107,1557,322,53
55,1168,1528,PV2024060601,4267,0,367,281,91
55,74,375,PV2024060601,7681,0,285,203,83
55,470,1528,PV2024060601,7713,159,934,609,69
56,359,765,Shia001149Vols,538,1195,1605,314,92
56,765,940,Shia001149Vols,539,0,126,101,72
56,359,940,Shia000234Vols,6834,889,1425,416,87
56,353,940,Shia001305,64,154,684,408,83
56,353,934,Zaydiyya0000236,312,140,760,453,87
56,353,940,Shia001386,7,908,1530,427,80
56,353,940,Shia001122Vols,1988,820,1370,427,88
56,389,881,Masaha000722Vols,207,744,1215,347,83
56,389,940,Shia001357,29,683,1214,366,75
56,353,583,Shia001357,30,1016,1254,188,96
56,353,940,Shia001432Vols,31393,450,1056,461,91
56,990,1212,Shia001432Vols,31394,0,227,180,96
56,1289,1526,Shia001432Vols,31395,1115,1339,142,71
56,1289,1491,Shia001237Vols,2578,526,707,138,86
56,359,940,Shia000042,464,0,558,417,86
56,353,940,Zaydiyya0000302,1587,775,1327,420,86
56,353,511,Shia000107Vols,2789,1428,1598,129,90
56,511,940,Shia000107Vols,2790,0,384,280,79
56,353,940,PV2024060601,1988,820,1370,427,88
56,359,940,PV2024060601,4267,367,904,415,86
56,353,940,PV2024060601,7713,934,1486,420,86
57,869,1441,Masaha000001Vols,433,609,1201,361,71
57,978,1377,Shia001174Vols,2291,0,408,293,85
57,973,1296,Shia002382Vols,1663,466,790,218,77
57,973,1296,Shia002382Vols,2229,885,1252,235,76
57,973,1377,Shia000234Vols,10161,0,385,270,77
57,846,1377,Shia001552,82,16,533,382,84
57,50,591,Shia001552,99,671,1108,326,73
57,850,1441,Shia003744Vols,414,422,1037,372,70
57,989,1296,Tafsir04042,2049,911,1166,188,75
57,869,1433,Shia001122Vols,441,881,1460,357,72
57,869,1377,Shia003752Vols,659,370,684,230,54
57,957,1161,Shia003752Vols,783,1307,1528,154,81
57,1161,1372,Shia003752Vols,784,0,291,171,71
57,869,1441,Shia002389Vols,2686,353,948,362,72
57,50,591,Shia001432Vols,14768,967,1401,325,75
57,797,1377,Shia001432Vols,14769,0,506,379,79
57,973,1266,Shia001432Vols,21690,1269,1554,212,86
57,869,1433,PV2024060601,441,881,1460,357,72
58,719,1384,Masaha000001Vols,433,1052,1478,229,37
58,1275,1459,Masaha000001Vols,434,0,195,144,91
58,256,640,Rafed0002565Vols,41,1250,1464,90,26
58,916,1459,Shia001174Vols,2292,0,489,346,75
58,989,1361,Shia001552,18,282,550,105,36
58,846,1342,Shia001552,82,1084,1514,314,78
58,0,492,Shia001552,83,996,1421,309,77
58,492,833,Shia001552,84,0,327,253,89
58,876,1459,Shia003744Vols,414,980,1473,347,72
58,936,1459,Shia001122Vols,442,12,489,337,76
58,1056,1459,Shia003752Vols,658,0,280,200,61
58,256,625,Shia002389Vols,2685,232,447,92,27
58,719,1459,Shia002389Vols,2686,798,1301,249,34
58,256,640,Shia001140Vols,213,5,227,92,26
58,989,1361,Shia001432Vols,8408,352,620,131,45
58,989,1361,Shia001432Vols,14465,96,352,119,42
58,846,1396,Shia001432Vols,14769,1038,1514,353,79
58,0,711,Shia001432Vols,14770,883,1457,428,74
58,936,1459,PV2024060601,442,12,489,337,76
59,598,806,Shia001423Vols,782,0,149,120,71
59,0,806,Masaha000001Vols,434,195,911,538,79
59,282,481,Rafed0002565Vols,42,398,587,149,93
59,0,806,Shia001174Vols,2292,489,1220,536,78
59,195,806,Shia002382Vols,1663,864,1263,272,54
59,560,806,Shia002382Vols,2230,0,174,140,70
59,481,684,Shia001615Vols,519,1385,1559,127,77
59,485,806,Shia001552,19,414,670,180,65
59,0,1140,Shia001552,83,118,1133,706,75
59,30,806,Shia003744Vols,415,0,768,540,81
59,195,620,Tafsir04042,2049,1244,1498,167,48
59,0,806,Shia001122Vols,442,489,1205,538,79
59,0,806,Shia003752Vols,658,280,1160,572,74
59,485,792,Shia003752Vols,783,265,478,154,62
59,282,481,Shia002389Vols,2685,994,1183,149,93
59,0,190,Shia002389Vols,2686,1301,1467,129,82
59,190,831,Shia002389Vols,2687,0,594,438,82
59,282,481,Shia001140Vols,213,680,869,149,93
59,200,806,Shia002380Vols,726,600,759,115,23
59,282,481,Shia001432Vols,14465,1048,1237,149,93
59,485,806,Shia001432Vols,14741,1060,1324,189,68
59,0,1107,Shia001432Vols,14770,64,1012,648,70
59,930,1462,Shia001432Vols,14771,143,572,306,72
59,195,806,Shia001432Vols,21691,116,329,122,25
59,0,806,PV2024060601,442,489,1205,538,79
60,506,981,Shia003690,14,212,715,172,34
60,911,1240,Shia001615Vols,2479,1099,1337,184,71
60,771,1467,Shia001552,90,460,1054,455,82
60,0,1001,Shia001552,91,116,914,525,61
60,0,763,Shia001334,613,828,1460,460,72
60,0,981,Shia001432Vols,9119,628,1427,489,56
60,0,989,Shia001432Vols,14771,572,1480,614,69
60,989,1467,Shia001432Vols,14772,0,353,273,72
60,746,1430,Shia001432Vols,20622,410,865,323,60
60,0,942,Shia001432Vols,31315,712,1445,556,73
60,746,1240,Shia001237Vols,4166,540,924,293,75
60,514,946,Shia001217Vols,4032,691,1129,213,48
61,120,360,Shia003690,12,1046,1304,185,85
61,0,360,Shia001552,90,1054,1417,287,97
61,543,1108,Shia001552,96,625,1350,278,47
61,543,1458,Shia001552,97,25,903,592,78
61,605,1027,Shia001334,284,938,1420,217,53
61,740,1117,Shia003692,249,23,494,184,46
61,563,1324,Shia001432Vols,4395,613,952,243,40
61,0,1452,Shia001432Vols,14772,353,1466,804,68
62,1095,1439,Shia001552,96,744,1061,237,85
62,0,653,Shia001552,97,903,1458,416,78
62,653,1270,Shia001552,98,0,542,345,69
62,993,1439,Shia001334,284,889,1317,266,66
62,1165,1439,Shia003692,249,0,239,185,82
62,1095,1439,Shia001432Vols,14765,990,1264,212,77
62,0,1224,Shia001432Vols,14773,7,968,652,66
63,782,1318,Shia001552,91,984,1455,329,75
63,1258,1475,Shia001552,92,18,235,165,92
63,9,326,Shia001552,96,1093,1417,211,78
63,4,258,Shia001552,97,410,601,97,44
63,139,734,Shia001552,98,224,711,248,44
63,1258,1475,Shia001552,504,1229,1443,165,93
63,4,553,Shia003692,249,239,712,247,55
63,4,258,Shia001432Vols,14772,1022,1175,82,40
63,1258,1475,Shia001432Vols,14773,1125,1307,140,80
63,193,648,Shia001432Vols,14773,727,1093,220,56
63,782,1322,Shia001432Vols,14774,305,820,308,63
63,1337,1475,Shia001432Vols,15165,0,110,86,75
64,0,847,Shia001552,92,235,939,367,45
64,344,672,Shia001552,505,34,362,260,100
64,0,425,Shia001432Vols,14773,1307,1453,119,34
64,425,847,Shia001432Vols,14774,0,477,209,45
64,0,847,Shia001432Vols,15165,110,801,370,48
65,278,711,Rafed0002565Vols,741,250,624,275,78
65,263,711,Tafsir04056,4732,633,1028,306,83
65,182,711,Shia004029,163,428,904,330,76
65,255,533,Shia001615Vols,3033,1347,1578,179,80
65,533,711,Shia001615Vols,3034,0,157,123,85
65,738,1288,Shia001552,495,968,1386,175,37
65,145,853,Shia001552,496,783,1439,454,78
65,182,711,Shia001122Vols,3583,29,518,335,76
65,263,711,Masaha004648Vols,495,27,347,245,67
65,89,604,Shia001432Vols,15154,1055,1500,328,79
65,604,1180,Shia001432Vols,15155,0,485,316,70
65,255,711,Shia001432Vols,16774,34,377,259,70
65,278,711,Shia001389,52,17,417,297,83
65,182,711,PV2024060601,3583,29,518,335,76
66,447,753,Rafed0002565Vols,63,931,1274,178,55
66,29,306,Shia004029,174,356,618,206,94
66,890,1098,Shia001552,70,1242,1463,161,93
66,49,306,Shia001552,495,1129,1350,171,83
66,352,496,Shia001552,496,1349,1490,107,91
66,496,753,Shia001552,497,0,206,139,64
66,68,287,Shia003744Vols,242,230,634,135,40
66,92,400,Shia002992Vols,2957,1334,1531,60,19
66,92,403,Shia002992Vols,7157,608,887,62,16
66,890,1309,Shia001432Vols,14759,14,364,202,57
66,49,447,Shia001432Vols,15154,836,1229,209,58
66,123,1370,Shia001432Vols,15155,128,894,400,38
67,161,382,Tafsir04056,4732,611,847,146,74
67,791,1161,Tafsir04056,5127,256,613,258,83
67,824,1141,Shia002382Vols,1144,1254,1504,187,71
67,808,1298,Shia001615Vols,1401,0,452,283,68
67,741,1136,Shia001552,78,1211,1585,256,75
67,85,382,Shia001552,496,435,1120,209,37
67,880,1149,Tafsir04042,1359,480,827,147,50
67,808,1188,Shia003749,348,475,862,251,74
67,191,370,Masaha004648Vols,495,27,168,112,78
67,769,1207,Shia002389Vols,1734,9,433,278,73
67,708,1141,Shia001140Vols,78,956,1398,263,64
67,741,1011,Shia001432Vols,4240,1286,1548,176,79
67,1011,1298,Shia001432Vols,4241,0,347,170,58
67,886,1298,Shia001432Vols,14765,0,466,261,65
67,85,382,Shia001432Vols,15154,1083,1402,206,76
67,183,370,Shia001432Vols,16774,34,196,125,83
67,719,1302,Shia001217Vols,748,932,1371,261,53
68,226,398,Shia004029,129,61,243,125,84
68,226,1039,Shia004029,174,894,1522,467,69
68,1039,1470,Shia004029,175,0,433,333,92
68,26,1070,Shia001552,79,248,1474,729,68
68,1070,1470,Shia001552,80,0,435,316,88
68,357,1470,Shia003749,349,342,1311,719,76
68,26,523,Shia002389Vols,1734,456,941,206,43
68,26,413,Shia001140Vols,79,162,586,197,48
68,26,284,Shia001432Vols,4241,358,618,158,61
68,232,974,Shia001432Vols,4242,844,1497,498,80
68,982,1470,Shia001432Vols,4243,0,486,358,84
68,26,398,Shia001432Vols,14765,477,875,206,59
68,232,1039,Shia001432Vols,14774,789,1508,541,80
68,1039,1470,Shia001432Vols,14775,0,440,324,86
68,232,480,Shia001432Vols,17509,1327,1564,170,79
68,480,1506,Shia001432Vols,17510,0,993,722,82
68,34,325,Shia001217Vols,749,0,378,174,58
68,277,1520,Shia001172,184,0,1251,887,81
69,675,1483,Shia001349Vols,1052,0,543,384,58
69,7,376,Tafsir04056,5127,234,717,179,37
69,527,1483,Shia001341,168,202,1045,573,70
69,576,1483,Shia001171,175,522,1272,507,67
69,554,1483,Shia001134,119,0,814,558,71
69,62,248,Shia002382Vols,1144,1254,1495,121,61
69,46,278,Shia001615Vols,1401,0,348,163,57
69,476,1006,Shia001552,12,1006,1545,360,77
69,1012,1483,Shia001552,13,7,376,266,69
69,24,248,Shia001552,78,1258,1582,162,60
69,388,593,Shia001552,496,783,933,100,59
69,46,278,Shia003749,348,475,839,159,54
69,29,278,Shia002389Vols,1734,43,391,165,57
69,24,248,Shia001140Vols,78,1066,1390,155,58
69,476,1245,Shia001432Vols,14463,731,1446,487,75
69,364,667,Shia001432Vols,15154,1055,1402,124,35
69,1141,1483,Shia001237Vols,2618,412,646,162,58
69,21,278,Shia001217Vols,748,1027,1250,131,59
70,5,218,Shia001349Vols,1052,539,751,122,67
70,5,157,Shia001341,168,1041,1188,112,89
70,5,394,Shia001134,119,810,1182,149,38
70,5,157,Shia001552,13,372,516,110,89
70,218,1034,Shia001552,98,1097,1468,263,40
70,1034,1316,Shia001552,99,0,288,228,96
70,1352,1530,Shia001552,481,969,1121,114,80
70,5,157,Shia001432Vols,14464,126,270,110,89
70,204,1316,Shia001432Vols,14775,412,1041,483,54
70,5,390,Shia001432Vols,31953,674,994,127,31
70,5,157,Shia001237Vols,2618,642,789,110,87
71,721,977,Masaha001978Vols,376,224,456,129,55
71,159,312,Shia001552,99,498,657,118,88
71,627,1095,Shia001552,417,339,795,358,94
71,0,615,Shia001552,481,1121,1500,303,60
71,159,310,Shia001432Vols,14775,1246,1397,123,100
71,1244,1360,Shia001432Vols,14826,471,587,93,100
71,0,615,Shia001432Vols,14826,79,449,296,59
71,695,1095,Shia001432Vols,15100,0,365,288,89
71,627,953,Shia001237Vols,706,637,847,150,57
72,105,560,Shia001349Vols,1095,683,1052,284,79
72,572,788,Shia001423Vols,911,229,483,150,76
72,572,788,Shia001423Vols,914,857,1114,146,67
72,733,1193,Tafsir05045,87,1077,1529,310,76
72,1193,1446,Tafsir05045,88,2,288,198,86
72,566,761,Shia004029,163,126,334,129,79
72,45,1189,Shia001552,103,390,1505,740,75
72,1189,1446,Shia001552,104,0,264,198,93
72,597,761,Shia001552,105,458,622,127,100
72,572,788,Shia001552,385,967,1208,134,61
72,572,850,Shia001552,387,271,526,133,52
72,597,788,Shia001552,417,1030,1243,119,67
72,536,857,Shia003744Vols,621,186,454,178,71
72,45,765,Shia001334,613,3,699,426,74
72,584,761,Shia004030Vols,1451,0,172,123,90
72,566,761,Shia004030Vols,1479,250,441,137,91
72,45,515,Shia001432Vols,14793,973,1429,358,96
72,733,1065,Shia001432Vols,14796,1248,1519,202,75
72,1065,1446,Shia001432Vols,14797,0,380,300,97
72,597,761,Shia001432Vols,14798,484,649,127,99
72,597,769,Shia001432Vols,15087,33,231,111,65
72,597,788,Shia001432Vols,15102,281,521,119,60
72,597,761,Shia001432Vols,17510,967,1143,110,71
72,577,836,Shia001432Vols,31635,562,907,149,52
72,597,788,Shia001432Vols,31650,315,559,132,67
72,45,776,Shia001432Vols,31663,629,1384,443,69
72,597,761,Shia001432Vols,31756,737,895,112,89
72,572,776,Shia001237Vols,168,634,861,120,61
72,0,761,Shia001237Vols,2523,402,1113,454,71
72,572,788,Shia001237Vols,2552,787,1037,141,64
72,572,867,Shia001237Vols,2553,864,1178,146,49
72,572,761,Shia001237Vols,2573,52,242,124,84
72,620,761,Shia001237Vols,2578,0,136,97,90
72,45,761,Shia001217Vols,4102,825,1431,400,65
72,572,788,Shia001217Vols,4136,394,612,133,69
72,572,749,Shia001172,184,1210,1427,122,73
72,566,791,Shia001431,121,1086,1313,136,72
73,0,377,Tafsir05045,88,288,691,290,88
73,831,1519,Shia001552,102,463,1119,467,81
73,0,377,Shia001552,104,268,658,299,93
73,362,876,Shia001552,105,636,1135,199,32
73,656,1356,Shia001552,485,761,1480,422,63
73,690,1356,Shia001432Vols,7694,420,1055,359,58
73,656,1236,Shia001432Vols,14792,841,1496,318,50
73,831,1519,Shia001432Vols,14794,313,968,462,79
73,0,377,Shia001432Vols,14797,380,757,295,95
73,362,573,Shia001432Vols,14798,663,903,170,87
73,656,1383,Shia001432Vols,14826,861,1515,394,65
73,1176,1519,Shia001432Vols,31316,128,435,236,86
73,1319,1519,Rafed0003537Vols,131,219,395,135,84
73,690,1332,Masaha001945,39,62,598,306,53
74,612,955,Shia001552,98,1130,1468,246,88
74,959,1476,Shia001552,99,5,489,390,91
74,115,509,Shia001552,102,1119,1440,166,45
74,318,766,Shia001552,485,463,939,229,48
74,612,1476,Shia001432Vols,14775,460,1238,610,87
74,115,354,Shia001432Vols,14794,968,1205,154,78
74,318,766,Shia001432Vols,14826,608,1036,228,52
74,115,281,Shia001432Vols,31316,435,601,129,98
74,115,524,Rafed0003537Vols,131,395,684,165,51
74,318,586,Rafed0003537Vols,132,79,308,172,79
75,102,766,Shia001121,16,439,1007,267,40
75,31,494,Shia001552,102,351,785,333,88
75,626,1271,Shia001552,112,501,1041,345,67
75,653,954,Shia002932VolsBK1,61,15,568,135,28
75,540,975,Shia002992Vols,3636,1135,1509,196,55
75,580,954,Shia002992Vols,3637,0,662,151,24
75,742,975,Shia002992Vols,6861,1201,1437,183,97
75,6,488,Shia004030Vols,564,0,470,225,51
75,183,585,Shia003692,222,1087,1468,188,52
75,620,954,Masaha005108Vols,232,907,1518,144,26
75,50,488,Shia001432Vols,14792,357,824,194,41
75,31,488,Shia001432Vols,14794,197,633,345,93
75,626,975,Shia001432Vols,14794,1151,1458,221,77
75,161,488,Shia001432Vols,14826,978,1312,220,74
76,502,736,Shia001552,112,501,1160,162,31
76,14,392,Shia001552,115,659,1083,259,73
76,1010,1381,Shia001552,259,842,1214,281,93
76,14,927,Shia001432Vols,14795,434,964,335,43
76,1010,1412,Shia001432Vols,14978,516,919,288,88
77,79,904,Shia001552,117,493,1223,323,40
77,280,904,Shia001552,262,281,748,284,53
77,0,516,Shia001552,263,710,1071,269,64
77,759,1414,Shia001552,264,447,913,326,60
77,0,562,Shia001432Vols,14978,919,1451,302,54
77,562,1414,Shia001432Vols,14979,0,745,524,76
77,754,1369,Shia001237Vols,2504,818,1120,111,22
78,491,641,Shia001552,119,0,150,119,100
78,384,641,Shia001552,264,934,1165,177,86
78,726,1440,Shia001552,380,0,610,466,79
78,1213,1374,Shia001552,416,450,620,111,81
78,40,641,Shia001432Vols,14979,753,1290,356,69
78,505,1440,Shia001432Vols,15098,297,1068,535,70
79,1102,1447,Rafed0000558,74,443,768,224,75
79,930,1176,Shia001423Vols,397,1222,1515,117,40
79,1179,1447,Shia001423Vols,398,3,274,208,95
79,314,479,Tafsir04056,6615,1400,1563,132,98
79,479,639,Tafsir04056,6616,0,162,127,98
79,930,1447,Shia001134,115,183,751,325,64
79,992,1447,Shia001552,107,191,657,313,83
79,0,114,Shia001552,380,610,724,88,98
79,341,639,Rafed0002654Vols,4263,579,911,223,84
79,341,639,Shia004092Vols,4635,979,1313,222,84
79,346,639,JK006474,2611,1055,1361,234,95
79,930,1308,Shia004030Vols,1757,1069,1492,214,57
79,1308,1447,Shia004030Vols,1758,0,138,110,99
79,1116,1412,Shia001432Vols,13915,661,962,144,52
79,992,1447,Shia001432Vols,14070,360,809,315,86
79,992,1316,Shia001432Vols,14790,1145,1463,209,82
79,1316,1447,Shia001432Vols,14791,0,130,103,98
79,341,725,Shamela0008473,4304,710,1159,270,72
79,333,458,Shamela0012884,4561,1304,1441,100,89
79,458,725,Shamela0012884,4562,0,276,211,96
80,954,1449,Shia001552,118,272,711,331,85
80,656,902,Shia001553,119,633,1083,94,24
80,954,1449,Shia001432Vols,14980,872,1321,335,86
81,950,1210,Shia001615Vols,3003,1369,1541,120,56
81,732,1147,Shia001552,117,1059,1436,272,80
81,185,807,Shia001552,118,727,1425,385,62
81,732,1147,Shia001552,262,584,964,274,81
81,35,927,Shia001552,264,48,554,352,49
81,845,1039,Shia003704,419,304,690,79,23
81,495,704,Rafed0001915,70,1086,1289,139,75
81,950,1112,Shia001663Vols,546,0,145,106,83
81,1035,1298,Shia001432Vols,14014,0,275,144,65
81,35,920,Shia001432Vols,14980,484,1034,343,48
81,244,530,Shia001432Vols,14981,0,272,129,46
81,768,905,Shia001389,82,676,854,91,67
81,768,884,Shia001172,79,1175,1313,79,76
82,278,1032,Shia001423Vols,922,643,1418,549,86
82,1032,1438,Shia001423Vols,923,0,408,318,94
82,1076,1392,Shia001615Vols,873,1243,1522,212,82
82,26,228,Shia001552,117,1163,1335,120,71
82,19,429,Shia001552,118,0,390,212,62
82,4,269,Shia001552,262,964,1202,187,89
82,295,1438,Shia001552,394,133,1206,794,87
82,380,972,Shia003700,87,906,1466,335,64
82,850,1392,Shia003700,88,60,354,219,50
82,850,1231,Shia003749,452,781,907,98,33
82,850,1304,Shia001432Vols,4224,709,850,111,31
82,850,1392,Shia001432Vols,4584,1080,1318,174,39
82,850,1392,Shia001432Vols,14203,99,392,205,46
82,4,509,Shia001432Vols,14980,244,661,233,52
82,444,1438,Shia001432Vols,15084,0,962,729,90
82,539,1392,Shia001432Vols,15516,7,740,516,73
83,0,1359,Shia001423Vols,923,408,1527,868,78
83,668,1430,Shia001552,380,729,1376,496,79
83,0,257,Shia001552,394,1206,1464,205,98
83,257,645,Shia001552,395,0,264,201,65
83,0,393,Shia003700,88,292,752,266,66
83,0,627,Shia001432Vols,15084,962,1460,394,78
83,410,1483,Shia001432Vols,15085,23,793,576,66
83,21,393,Shia001432Vols,15516,603,1137,254,54
84,374,1305,Shia001423Vols,903,45,1051,179,15
84,195,572,Shia001423Vols,904,408,975,229,50
84,16,497,Shia001423Vols,906,234,709,182,37
84,0,135,Shia001423Vols,924,139,272,104,97
84,553,982,Shia001138BK2,13,959,1442,175,41
84,0,135,Shia001552,393,906,1044,101,88
84,163,895,Shia001552,488,409,1101,299,45
84,809,1140,Shia001552,491,1067,1424,185,59
84,255,677,Shia002992Vols,4697,580,1061,114,23
84,809,1081,Shia001432Vols,14825,1086,1372,176,73
84,241,467,Shia001432Vols,14826,1332,1518,144,79
84,467,895,Shia001432Vols,14827,0,431,154,35
84,0,403,Shia001432Vols,15085,793,1144,119,29
84,195,659,Shia001432Vols,15092,380,950,185,37
85,587,996,Shia001552,488,1060,1405,150,45
85,47,267,Shia001432Vols,8987,155,359,135,75
85,587,996,Shia001432Vols,14827,390,752,138,41
86,903,1424,Shia001423Vols,913,36,561,390,90
86,883,1421,Shia001552,383,644,1107,249,53
86,909,1287,Shia001552,407,810,1086,204,68
86,463,725,Shia001432Vols,4456,444,691,166,72
86,260,624,Shia001432Vols,8987,0,286,186,65
86,909,1424,Shia001432Vols,15085,1011,1390,250,60
87,0,1123,Shia001423Vols,913,561,1472,685,74
87,1123,1450,Shia001423Vols,914,0,305,216,79
87,719,902,Shia001418Vols,552,607,794,110,71
87,759,875,Shia001149Vols,551,363,472,82,88
87,673,902,Shia001615Vols,251,423,623,130,72
87,19,434,Shia001615Vols,3548,1000,1202,160,46
87,454,843,Shia001552,384,1186,1500,243,77
87,847,1450,Shia001552,385,0,435,298,61
87,0,603,Shia001552,407,447,922,220,36
87,673,902,Zaydiyya0000236,401,717,942,132,66
87,759,875,Zaydiyya0000236,402,216,325,82,88
87,67,1450,Shia001432Vols,15086,0,978,687,60
87,995,1305,Shia001432Vols,18837,1090,1408,226,85
87,0,434,Shia001432Vols,31638,1136,1346,163,46
87,0,441,Shia001237Vols,2517,170,395,173,47
87,481,902,Shia001237Vols,2552,241,653,185,45
87,759,875,Shia001217Vols,4126,278,388,84,90
87,481,1072,Shia001217Vols,4135,571,1117,202,34
87,759,875,PV2024060601,4279,1114,1223,82,88
88,514,734,Shia001423Vols,911,222,445,137,75
88,8,643,Shia001423Vols,913,938,1458,186,27
88,3,1124,Shia001423Vols,914,309,1463,858,90
88,1124,1490,Shia001423Vols,915,0,369,285,92
88,237,577,Shia001418Vols,552,650,931,204,76
88,225,381,Shia001149Vols,551,345,490,92,75
88,521,734,Shia004029,163,132,334,122,63
88,197,490,Shia001615Vols,251,438,752,227,91
88,546,734,Shia001552,105,458,622,110,67
88,8,1031,Shia001552,385,435,1454,769,89
88,1031,1490,Shia001552,386,0,475,354,90
88,521,734,Shia001552,387,271,465,123,74
88,546,737,Shia001552,417,1030,1243,100,53
88,0,237,Shia001305,72,254,548,153,63
88,8,490,Zaydiyya0000236,401,286,1066,344,53
88,225,381,Zaydiyya0000236,402,198,343,92,75
88,521,734,Shia003744Vols,621,206,393,138,83
88,963,1156,Shia003636Vols,1787,823,1019,138,81
88,3,490,Shia001122Vols,2001,436,1203,344,54
88,533,734,Shia004030Vols,1451,0,172,128,82
88,521,734,Shia004030Vols,1479,256,441,137,83
88,546,734,Shia001432Vols,14798,484,649,110,69
88,8,498,Shia001432Vols,15086,978,1466,369,90
88,498,1490,Shia001432Vols,15087,0,970,741,90
88,498,737,Shia001432Vols,15102,248,521,110,45
88,546,734,Shia001432Vols,17510,967,1143,116,80
88,526,734,Shia001432Vols,31635,562,791,121,57
88,546,734,Shia001432Vols,31650,315,484,118,82
88,546,734,Shia001432Vols,31756,737,895,109,69
88,0,155,Shia001432Vols,31761,1280,1447,122,91
88,184,490,Shia001432Vols,31762,190,557,230,79
88,8,237,Shia001432Vols,31956,22,316,138,59
88,521,1059,Shia001237Vols,168,634,972,240,55
88,8,1205,Shia001237Vols,2552,296,1482,902,90
88,521,734,Shia001237Vols,2553,864,1058,123,74
88,521,734,Shia001237Vols,2573,52,242,134,79
88,569,734,Shia001237Vols,2578,0,136,92,65
88,225,381,Shia001217Vols,4126,258,406,92,75
88,197,734,Shia001217Vols,4135,646,1150,264,52
88,0,237,Zaydiyya0000302,1605,189,477,132,55
88,3,490,PV2024060601,2001,436,1203,344,54
88,225,381,PV2024060601,4279,1096,1241,92,75
88,0,237,PV2024060601,7731,348,636,132,55
88,521,722,Shia001172,184,1210,1427,129,72
88,521,722,Shia001431,121,1092,1283,114,62
89,0,1194,Shia001423Vols,915,369,1616,950,92
89,1194,1581,Shia001423Vols,916,0,402,300,92
89,1354,1531,Shia001552,105,466,622,111,78
89,1337,1531,Shia001552,385,967,1162,115,75
89,0,1071,Shia001552,386,475,1577,848,92
89,1071,1581,Shia001552,387,0,517,402,96
89,1331,1531,Shia003744Vols,621,200,393,125,75
89,1354,1531,Shia001432Vols,14798,492,649,111,77
89,0,586,Shia001432Vols,15087,970,1533,439,89
89,586,1581,Shia001432Vols,15088,0,1003,789,96
89,1354,1531,Shia001432Vols,31635,636,791,109,80
89,1354,1531,Shia001432Vols,31650,323,484,119,88
89,1337,1531,Shia001237Vols,2552,787,991,122,77
89,1337,1581,Shia001237Vols,2553,864,1109,190,99
89,60,761,Shia001237Vols,2553,84,852,551,85
89,1337,1531,Shia001237Vols,2573,52,242,118,74
89,1369,1557,Shia001237Vols,2578,0,167,99,67
90,0,1254,Shia001423Vols,916,402,1537,859,81
90,1254,1516,Shia001423Vols,917,0,261,168,79
90,0,1023,Shia001552,387,517,1523,787,92
90,1160,1464,Shia001552,388,0,293,227,93
90,295,667,Shia001552,416,1238,1596,289,95
90,667,970,Shia001552,417,0,304,246,98
90,295,738,Shia001552,423,1045,1477,341,94
90,216,337,Shia003636Vols,1786,194,302,84,87
90,0,626,Shia001432Vols,15088,1003,1586,470,92
90,626,1464,Shia001432Vols,15089,0,687,544,80
90,0,427,Shia001237Vols,2553,1109,1524,320,88
90,734,1292,Shia001237Vols,2554,7,266,200,45
91,0,970,Shia001423Vols,908,512,1472,703,88
91,970,1362,Shia001423Vols,909,0,394,290,91
91,932,1325,Shia001423Vols,913,42,630,208,43
91,474,676,Rafed0002565Vols,690,521,667,115,70
91,796,1104,Shia001138BK1,84,931,1376,193,53
91,119,911,Shia004012,26,830,1345,159,19
91,278,676,Shia001134,552,426,790,268,82
91,405,873,Shia001146,597,939,1400,182,39
91,883,1331,Shia001552,396,0,523,202,42
91,278,873,Shia001552,397,537,1144,330,61
91,598,1339,Shia001552,398,0,715,302,43
91,532,676,Shia001552,400,4,188,114,75
91,932,1325,Shia001552,585,592,1066,188,45
91,119,676,Shia001122Vols,2007,145,616,246,46
91,119,676,Shia001357,150,735,1193,242,48
91,255,417,Shia001300,273,241,437,115,76
91,278,861,Shia001432Vols,15099,75,659,323,62
91,582,1367,Shia001432Vols,15100,535,1215,452,71
91,743,1313,Shia001432Vols,15101,507,1241,217,30
91,116,676,Shia001432Vols,15104,639,1237,293,52
91,405,649,Shia001432Vols,17369,455,725,142,61
91,474,676,Shia001432Vols,17372,466,614,117,71
91,932,1367,Shia001432Vols,31679,703,1193,219,53
91,850,1120,Shia001432Vols,31680,1041,1337,144,59
91,275,676,Shia001432Vols,31687,1223,1450,152,46
91,850,1120,Shia001237Vols,2506,1033,1315,152,65
91,123,676,Shia001237Vols,2508,230,853,308,54
91,255,676,Shia001217Vols,4077,164,412,168,48
91,731,1325,Shia001217Vols,4083,462,1147,246,43
91,260,676,Shia001217Vols,4088,41,399,238,65
91,119,676,PV2024060601,2007,145,616,246,46
92,28,462,Shia001423Vols,909,398,877,224,47
92,238,720,Shia001423Vols,910,61,709,232,43
92,144,720,Shia001138BK1,83,403,1140,209,28
92,455,791,Shia001552,396,144,588,155,37
92,1024,1357,Shia001552,398,279,552,198,74
92,28,720,Shia001552,401,5,668,361,60
92,175,750,Shia001357,150,375,1152,221,28
92,28,219,Shia001432Vols,15100,1215,1424,143,88
92,226,1384,Shia001432Vols,15101,5,799,531,57
92,175,545,Shia001432Vols,31661,329,770,174,44
92,1024,1350,Shia001432Vols,31688,650,921,185,69
92,186,545,Shia001237Vols,2522,928,1353,153,38
92,317,690,Shia001217Vols,4101,80,554,162,34
93,883,1313,Masaha001978Vols,612,264,688,172,36
93,0,624,Shia001423Vols,909,831,1421,435,84
93,624,1415,Shia001423Vols,910,0,813,614,95
93,873,1350,Shia001138BK1,83,665,1151,241,51
93,4,234,Shia001138BK1,84,1227,1469,156,74
93,900,1350,Shia004012,26,553,896,180,49
93,742,1313,Shia001134,123,595,1184,186,30
93,0,624,Shia001552,396,76,555,273,53
93,123,1273,Shia001552,398,449,1305,593,61
93,518,1283,Shia001552,401,166,678,218,33
93,0,401,Shia001552,585,619,1006,215,59
93,873,1313,Shia001357,150,676,1137,202,41
93,4,175,Shia001432Vols,15100,856,1013,117,87
93,0,837,Shia001432Vols,15101,806,1466,468,70
93,837,1313,Shia001432Vols,15102,0,521,261,55
93,1158,1415,Shia001432Vols,31635,170,398,177,87
93,873,1301,Shia001432Vols,31661,553,1027,208,48
93,340,957,Shia001432Vols,31667,23,539,190,32
93,1165,1415,Shia001432Vols,31674,1084,1323,167,77
93,11,248,Shia001432Vols,31680,1158,1441,182,81
93,373,1033,Shia001432Vols,31681,914,1427,251,41
93,11,248,Shia001237Vols,2506,1129,1418,188,81
93,298,1119,Shia001237Vols,2507,592,1216,284,34
93,764,1119,Shia001237Vols,2522,1045,1353,185,64
93,4,401,Shia001217Vols,4083,722,1081,206,56
93,873,1288,Shia001217Vols,4101,134,565,202,50
94,277,768,Shia001423Vols,909,168,1003,227,30
94,24,626,Shia001423Vols,910,813,1455,447,87
94,626,1476,Shia001423Vols,911,0,797,618,88
94,844,1129,Shia001423Vols,912,349,550,131,59
94,29,483,Shia001552,398,664,1204,136,23
94,869,1476,Shia001552,417,1030,1556,419,84
94,60,936,Shia001432Vols,15101,5,566,173,21
94,295,1476,Shia001432Vols,15102,12,834,475,43
94,24,399,Shia001432Vols,31635,398,791,159,37
94,323,436,Shia001432Vols,31681,1298,1427,84,80
94,436,869,Shia001432Vols,31682,0,400,281,79
94,29,692,Shia001237Vols,2507,746,1405,351,53
94,692,936,Shia001237Vols,2508,0,239,153,79
94,844,1129,Shia001237Vols,2530,519,703,132,61
95,845,1127,Masaha001978Vols,17,1150,1400,195,85
95,0,910,Shia001423Vols,911,797,1606,645,84
95,910,1554,Shia001423Vols,912,0,639,479,91
95,1244,1454,Shia001423Vols,914,850,1068,132,69
95,1251,1454,Shia004029,163,132,334,149,91
95,1276,1454,Shia001552,105,458,622,109,79
95,1251,1454,Shia001552,385,967,1162,114,61
95,1276,1458,Shia001552,417,1030,1209,109,73
95,28,1237,Shia001552,418,0,1100,885,88
95,807,1237,Shia001552,424,189,607,334,96
95,1251,1458,Shia003744Vols,621,206,397,134,80
95,1263,1454,Shia004030Vols,1451,0,172,122,79
95,1251,1454,Shia004030Vols,1479,256,441,131,80
95,1276,1454,Shia001432Vols,14798,484,649,110,79
95,1276,1454,Shia001432Vols,15087,33,219,107,64
95,0,869,Shia001432Vols,15102,834,1591,617,86
95,869,1554,Shia001432Vols,15103,0,543,389,69
95,1276,1554,Shia001432Vols,17510,967,1232,194,87
95,1256,1478,Shia001432Vols,31635,562,821,134,64
95,1276,1454,Shia001432Vols,31650,315,484,108,70
95,1276,1465,Shia001432Vols,31756,737,906,110,76
95,1251,1447,Shia001237Vols,168,634,830,112,63
95,1251,1465,Shia001237Vols,2530,519,714,133,81
95,1251,1454,Shia001237Vols,2552,787,991,121,65
95,1251,1465,Shia001237Vols,2573,52,281,130,69
95,1251,1426,Shia001172,184,1210,1482,135,63
95,1251,1465,Shia001431,121,1092,1296,125,72
96,825,1525,Shia001423Vols,901,192,928,501,78
96,61,871,Shia001423Vols,912,639,1458,624,92
96,61,871,Shia001423Vols,945,226,961,538,80
96,61,880,Masaha000001Vols,245,119,885,560,83
96,37,216,Shia001418Vols,154,982,1144,113,83
96,61,393,Shia001174Vols,1692,1203,1526,247,94
96,393,819,Shia001174Vols,1693,0,380,291,81
96,37,760,Shia004029,162,817,1504,509,85
96,757,1525,Shia001552,382,325,1068,478,71
96,110,819,Shia001552,399,0,707,530,91
96,61,216,Shia001122Vols,249,1374,1528,119,98
96,216,880,Shia001122Vols,250,0,611,442,80
96,1177,1525,Shia004030Vols,1486,1014,1382,196,63
96,757,1492,Shia004030Vols,1487,702,1470,389,52
96,61,206,Shia003026VolsBK2,980,772,917,107,96
96,926,1525,Shia001432Vols,15089,770,1345,401,79
96,61,819,Shia001432Vols,15103,543,1281,571,92
96,61,349,Shia001432Vols,17510,1232,1505,203,88
96,349,819,Shia001432Vols,17511,0,453,337,86
96,61,216,PV2024060601,249,1374,1528,119,98
96,216,880,PV2024060601,250,0,611,442,80
96,61,819,Shia001172,185,110,824,534,86
97,0,549,Shia001423Vols,901,928,1545,387,75
97,555,1401,Shia001423Vols,902,0,779,524,71
97,555,981,Shia001423Vols,904,920,1398,250,57
97,0,445,Shia001552,382,1068,1489,216,52
97,326,607,Shia001552,388,376,648,183,82
97,1027,1376,Shia001552,391,4,239,145,48
97,640,1051,Shia001552,392,14,390,249,76
97,0,274,Rafed0002654Vols,771,109,362,184,81
97,0,542,Rafed0002654Vols,2584,300,520,111,25
97,0,542,Shia004092Vols,3002,1124,1342,112,25
97,0,117,Shia004030Vols,1486,1382,1498,90,96
97,0,528,Shia003754Vols,500,989,1182,104,25
97,0,179,Shia001432Vols,15089,1345,1522,138,94
97,185,1401,Shia001432Vols,15090,0,1038,613,56
98,464,724,Shia001423Vols,779,1169,1445,195,92
98,0,553,Shia001423Vols,902,779,1418,410,79
98,553,1389,Shia001423Vols,903,0,785,551,79
98,931,1179,Shia001552,391,881,1109,166,81
98,5,1389,Shia001552,392,367,1378,645,55
98,5,376,Shia003700,150,0,422,196,55
98,393,971,Shia003744Vols,216,209,1033,225,28
98,5,435,Shia001432Vols,4456,196,628,194,41
98,5,389,Shia001432Vols,15090,1035,1440,244,69
98,372,1389,Shia001432Vols,15091,29,860,556,68
98,601,1116,Tafsir04003,2593,1112,1428,118,24
99,0,701,Shia001423Vols,903,803,1397,428,75
99,701,1371,Shia001423Vols,904,0,376,270,48
99,152,802,Shia001423Vols,920,668,1405,166,24
99,320,1371,Shia001552,388,389,970,341,38
99,0,647,Shia001552,391,213,743,341,62
99,707,979,Shia001119,52,1067,1351,188,78
99,411,981,Shia001432Vols,4442,799,1140,178,35
99,411,979,Shia001432Vols,15082,81,420,179,35
99,0,669,Shia001432Vols,15091,884,1390,348,66
99,693,1371,Shia001432Vols,15092,0,348,252,45
99,5,190,Shia001432Vols,15113,240,567,75,31
99,637,979,Shia001432Vols,31638,728,1080,150,38
100,552,1092,Shia001423Vols,902,40,545,272,58
100,0,1024,Shia001423Vols,904,376,1407,712,83
100,1031,1411,Shia001423Vols,905,0,379,276,87
100,1245,1411,Shia001423Vols,906,0,161,125,92
100,1231,1411,Shia001552,383,0,164,130,88
100,622,1115,Shia001552,392,18,431,233,54
100,261,709,Shia001552,393,4,393,248,66
100,242,464,Shia001552,488,505,716,128,67
100,613,1411,Shia004030Vols,1488,131,533,277,40
100,242,427,Shia001432Vols,14826,1353,1518,105,70
100,586,1176,Shia001432Vols,15090,344,858,232,40
100,895,1411,Shia001432Vols,15092,675,1217,285,57
100,0,781,Shia001432Vols,15092,348,1054,365,54
101,0,1125,Shia001423Vols,905,379,1471,814,88
101,1125,1468,Shia001423Vols,906,0,345,250,86
101,321,834,Shia001423Vols,1313,666,1190,401,93
101,497,834,Shia001367,20,0,316,237,85
101,1111,1436,Shia001552,383,0,275,182,67
101,59,241,Shia001552,393,322,506,122,80
101,59,846,Shia001552,401,324,1007,410,55
101,1033,1334,Shia004092Vols,3002,728,945,161,64
101,853,1334,Shia004030Vols,1488,590,1045,354,89
101,1033,1334,Shia003754Vols,500,1191,1385,149,60
101,897,1334,Shia001432Vols,15092,887,1248,275,77
101,327,501,Shia001432Vols,15103,1361,1509,111,80
101,501,929,Shia001432Vols,15104,0,426,291,79
101,455,834,Shia001432Vols,30270,315,695,216,59
101,348,518,Shia001432Vols,31645,1004,1127,88,65
101,474,834,Shia001432Vols,31646,103,484,249,77
101,348,518,Shia001432Vols,31703,328,462,98,72
101,343,518,Shia001237Vols,2520,336,482,101,72
101,348,518,Shia001237Vols,2531,954,1094,103,76
101,66,522,Shia001217Vols,4152,172,513,168,44
102,592,1024,Kraken220413203004,203,555,711,103,30
102,727,1090,Shamela0003722,1390,487,851,171,52
102,727,1020,JK000916,5236,21,327,152,54
102,119,472,Shia001423Vols,902,1067,1306,140,44
102,0,633,Shia001423Vols,906,345,1109,370,54
102,592,1413,Shia001423Vols,917,227,972,506,72
102,737,1024,Sham19Y0149213,347,814,1119,153,56
102,754,1024,Shamela0003118,1865,694,988,137,51
102,639,1050,Shia001134,120,1003,1419,280,84
102,727,1036,JK000940,155,0,255,144,58
102,132,420,Shia001552,388,1143,1418,199,83
102,156,474,Shia001552,392,621,888,128,41
102,0,193,Shia001552,393,926,1106,105,68
102,680,1024,Shia001552,402,928,1261,240,88
102,1050,1413,Shia001552,403,1229,1432,150,52
102,683,1024,Rafed0002654Vols,4314,898,1251,165,50
102,658,1024,Rafed0002654Vols,9874,62,446,169,47
102,754,1024,Rafed0002654Vols,9875,219,510,137,51
102,727,1036,Rafed0002654Vols,9896,764,1091,162,55
102,754,1020,JK009313,4818,288,599,142,53
102,793,1024,Shia001359,63,314,548,104,52
102,727,1069,JK000474,625,590,923,152,47
102,683,1024,Shia004092Vols,4686,980,1335,165,50
102,727,1036,Shia004092Vols,10093,270,597,161,54
102,592,1024,Masaha001956,6,1140,1294,104,30
102,754,1024,JK001303,643,39,325,143,54
102,727,1036,JK000050,46,283,558,157,63
102,727,1024,Shia003699,133,0,345,157,50
102,737,1045,Shamela0023644,1701,1025,1343,150,51
102,658,1024,Shamela0010798,2060,105,490,169,47
102,774,1024,JK000637,3128,862,1137,128,50
102,727,988,Rafed0003228Vols,337,1194,1500,138,51
102,727,1024,Masaha002473,242,5,338,153,51
102,119,472,Shia004030Vols,1488,1067,1382,232,82
102,683,1024,Shamela0021477,176,28,335,137,47
102,774,1020,Sham19Y0023644,2847,274,475,116,57
102,125,472,Shia001432Vols,15093,74,402,241,84
102,680,1024,Shia001432Vols,15114,452,785,237,86
102,1050,1413,Shia001432Vols,15115,740,951,162,56
102,777,1133,Shia001432Vols,19619,0,390,195,63
102,658,1024,Masaha001955,95,699,1083,168,46
103,0,468,Shia001423Vols,917,972,1442,365,96
103,719,1539,Shia001423Vols,918,0,591,418,60
103,298,468,Masaha002872,379,615,785,116,84
103,435,679,Shia001552,403,1044,1186,93,46
103,82,1520,Shia001552,404,0,764,531,45
103,303,735,Rafed0002654Vols,4318,893,1052,125,35
103,298,735,Shia001299,175,1201,1474,177,45
103,303,735,Shia004092Vols,4690,985,1144,125,35
103,1394,1520,Shia003704,451,948,1313,86,29
103,1365,1520,Masaha003296Vols,258,1101,1218,86,69
103,298,783,Shia001334,79,44,414,208,43
103,298,468,ShamAY0033599,173,203,372,119,86
103,298,979,Sham19Y0023644,2850,811,1167,211,38
103,303,735,Shia003754Vols,495,312,471,125,35
103,0,979,Shia001432Vols,15115,951,1547,427,54
103,991,1520,Shia001432Vols,15116,13,259,186,43
103,298,753,Rafed0000230Vols,17,1163,1457,176,42
104,0,899,Shia001423Vols,918,591,1492,660,88
104,899,1452,Shia001423Vols,919,0,516,405,91
104,586,737,Shia001552,401,1325,1467,108,89
104,741,1019,Shia001552,402,16,293,127,47
104,39,555,Shia001552,404,1024,1472,331,78
104,883,1452,Shia001552,405,192,679,370,81
104,1240,1369,Shia001359,25,576,706,99,96
104,1240,1389,Masaha003027,42,1389,1542,112,92
104,586,1452,Shia001432Vols,15113,233,1024,586,83
104,39,755,Shia001432Vols,15116,527,1265,392,58
105,0,136,Masaha001978Vols,455,998,1189,97,64
105,0,129,Kraken220413203004,173,554,687,92,88
105,936,1508,Shia001349Vols,1042,157,444,130,29
105,0,851,Shia001423Vols,919,516,1474,630,78
105,851,1508,Shia001423Vols,920,0,610,463,84
105,0,217,Zaydiyya0000229,64,918,1167,81,36
105,443,851,Rafed0000609Vols,746,1168,1530,217,62
105,0,136,Masaha001842Vols,219,1255,1390,99,92
105,0,136,Shia001552,184,1062,1199,99,92
105,162,872,Shia001552,261,832,1489,507,87
105,872,1347,Shia001552,262,0,748,260,38
105,1198,1508,Shia001552,402,155,462,241,92
105,0,136,Shia001552,405,679,815,106,98
105,1319,1508,Shia003729Vols,296,306,449,116,73
105,395,743,Rafed0001574,95,787,1088,225,78
105,0,136,Rafed0001574,132,294,430,103,95
105,0,136,Shia001359,24,140,276,103,94
105,0,129,Rafed0001915,78,954,1084,96,93
105,0,136,Rafed0000040Vols,2053,565,700,103,94
105,0,136,Shia003636Vols,1768,1089,1226,61,59
105,395,726,Shia003636Vols,1792,1052,1395,234,75
105,0,136,Shia003636Vols,1822,1054,1243,99,66
105,0,136,Shia003636Vols,7533,31,225,99,64
105,0,217,Zaydiyya0000086,26,909,1127,111,61
105,0,110,Zaydiyya0000144,264,1446,1555,85,96
105,936,1508,EShia0086596,189,64,289,153,33
105,162,1186,Shia001432Vols,14981,143,1024,693,83
105,0,230,Shia001432Vols,15113,1024,1224,143,78
105,1198,1508,Shia001432Vols,15113,1175,1465,232,91
105,157,573,Shia001237Vols,458,1072,1433,277,82
105,0,136,Shamela0004445,3915,354,568,94,55
105,0,136,Rafed0000230Vols,45,1137,1327,97,65
106,1074,1329,Shia000298Vols,3960,322,547,174,86
106,214,781,Shia001423Vols,903,965,1390,119,22
106,0,1038,Shia001423Vols,920,610,1539,625,70
106,1038,1429,Shia001423Vols,921,0,397,302,95
106,0,830,Shia001552,402,462,1058,358,50
106,703,1435,Shia001552,409,523,1118,422,71
106,865,1405,Shia001552,489,909,1358,275,58
106,1024,1310,Shia001122Vols,2984,610,1277,209,38
106,983,1405,Shia001432Vols,14828,1042,1395,241,69
106,703,1429,Shia001432Vols,15093,422,1025,425,72
106,220,830,Shia001432Vols,15114,38,582,327,60
106,718,1329,Shia001432Vols,20095,0,560,402,77
106,698,1405,Shia001237Vols,2049,786,1436,440,75
106,983,1310,Shia001217Vols,3252,27,785,223,35
106,1024,1310,PV2024060601,2984,610,1277,209,38
107,313,820,Shia001423Vols,920,300,713,114,23
107,227,1341,Shia001423Vols,921,412,1496,778,81
107,306,724,Shia001552,409,1122,1506,294,85
107,748,1374,Shia001552,410,847,1403,408,78
107,306,789,Shia001432Vols,15093,1045,1504,331,82
107,789,1447,Shia001432Vols,15094,0,548,408,75
107,281,673,Shia001432Vols,20082,1144,1501,274,88
107,673,1447,Shia001432Vols,20083,0,677,501,77
107,281,606,Shia001217Vols,2910,533,943,119,32
108,1010,1429,Masaha001978Vols,18,302,708,301,88
108,897,1206,Shia001423Vols,906,1205,1468,194,75
108,1206,1429,Shia001423Vols,907,0,226,160,84
108,0,451,Shia001423Vols,922,134,615,332,85
108,1007,1429,Shia001138BK1,80,0,409,302,86
108,159,317,Shia002984Vols,927,453,595,99,76
108,0,1088,Shia001552,410,99,1015,430,40
108,1062,1429,Shia001552,434,0,375,278,88
108,890,1206,Shia001552,438,741,1010,173,62
108,1088,1429,Rafed0002654Vols,9995,926,1226,216,77
108,897,1326,Tafsir04038,609,1178,1554,278,79
108,1326,1429,Tafsir04038,610,0,110,82,93
108,1083,1429,Shia001359,3,115,368,161,56
108,1088,1360,Shia004092Vols,13251,1437,1667,166,73
108,1237,1429,Masaha001108Vols,458,0,179,126,79
108,967,1206,Shia002389Vols,2186,1067,1292,177,93
108,890,1429,Shia002389Vols,2668,587,1091,364,81
108,967,1429,Shia004030Vols,1489,577,989,306,81
108,1047,1429,Shia003754Vols,501,270,595,232,73
108,956,1284,Shia001432Vols,14810,1137,1428,217,80
108,0,851,Shia001432Vols,15094,552,1209,367,45
108,0,451,Shia001432Vols,20083,681,1461,294,44
108,943,1429,Shia001217Vols,4132,177,629,342,86
108,948,1206,Shia001217Vols,4137,295,509,140,62
108,1035,1429,Shia003705,3,587,905,224,67
109,123,857,Masaha001978Vols,18,786,1269,214,34
109,338,865,Shia001423Vols,903,504,1136,180,30
109,398,857,Shia001138BK1,80,507,1380,218,28
109,52,219,Shia001418Vols,552,187,327,102,80
109,685,1123,Shia001552,433,1121,1503,230,56
109,783,1421,Shia001552,438,781,1261,243,41
109,398,865,Shia001552,439,96,487,251,65
109,525,724,Shia001552,447,908,1123,116,67
109,1227,1345,Sham19Y0145212,1301,919,1079,91,66
109,739,1388,Shia001432Vols,14809,392,1068,297,48
109,441,724,Shia001432Vols,14816,710,1383,156,27
109,52,881,Shia001432Vols,14819,575,1458,496,60
109,33,516,Shia001217Vols,4135,1035,1393,270,71
109,516,1108,Shia001217Vols,4136,0,560,309,54
109,434,673,Rafed0000230Vols,123,0,584,156,33
110,433,795,Masaha001978Vols,18,1128,1509,259,83
110,795,1449,Masaha001978Vols,19,0,532,379,66
110,380,1131,Shia001255Vols,1252,807,1492,490,77
110,29,561,Shia001423Vols,911,0,483,199,39
110,293,561,Shia001423Vols,914,857,1114,154,73
110,454,820,Shia002984Vols,2731,1051,1399,260,88
110,820,1248,Shia002984Vols,2732,0,366,265,73
110,287,503,Shia004029,163,126,334,127,65
110,318,503,Shia001552,105,458,622,120,84
110,293,561,Shia001552,385,967,1208,142,68
110,271,503,Shia001552,387,251,465,135,74
110,318,561,Shia001552,417,1030,1243,123,62
110,341,1449,Shia001552,436,0,1024,765,83
110,26,407,Shia001552,443,207,548,162,45
110,287,511,Shia003744Vols,621,200,401,134,76
110,433,1392,Shia003636Vols,1785,137,817,525,68
110,436,1243,Shia002992Vols,5994,264,1371,569,59
110,305,561,Shia004030Vols,1451,0,239,131,66
110,287,503,Shia004030Vols,1479,250,441,130,77
110,318,503,Shia001432Vols,14798,484,649,120,84
110,26,380,Shia001432Vols,14810,63,366,145,43
110,26,1144,Shia001432Vols,14817,450,1434,591,60
110,1157,1449,Shia001432Vols,14818,32,313,224,94
110,318,549,Shia001432Vols,15087,33,253,125,69
110,318,561,Shia001432Vols,15102,281,521,123,56
110,318,503,Shia001432Vols,17510,967,1143,115,80
110,298,503,Shia001432Vols,31635,562,791,122,63
110,318,561,Shia001432Vols,31650,315,559,146,73
110,121,503,Shia001432Vols,31756,453,895,142,31
110,293,549,Shia001237Vols,168,634,861,130,65
110,26,380,Shia001237Vols,2551,487,827,168,48
110,293,561,Shia001237Vols,2552,787,1037,149,71
110,239,503,Shia001237Vols,2553,821,1058,144,70
110,293,533,Shia001237Vols,2573,52,285,135,69
110,341,503,Shia001237Vols,2578,0,136,89,72
110,26,1216,Shia001217Vols,4136,141,964,462,44
110,146,491,Shia001172,184,940,1427,149,36
110,26,491,Shia001431,121,859,1283,177,46
111,0,1376,Masaha001978Vols,19,532,1491,719,64
111,0,644,Masaha001978Vols,559,599,1158,305,55
111,255,467,Shia001615Vols,3016,1331,1541,166,98
111,467,749,Shia001615Vols,3017,0,252,194,86
111,0,373,Shia001552,436,1024,1437,285,86
111,373,1461,Shia001552,437,0,1074,827,92
111,162,1046,Shia004664,262,651,1481,660,93
111,1046,1461,Shia004664,263,0,408,316,92
111,162,806,Shia001432Vols,2121,837,1445,483,93
111,806,1461,Shia001432Vols,2122,0,637,495,92
111,0,1215,Shia001432Vols,14818,313,1485,926,95
111,1215,1461,Shia001432Vols,14819,0,242,183,89
111,0,158,Shia001217Vols,4136,978,1134,121,98
112,0,1422,Masaha001978Vols,20,74,959,657,57
112,593,1172,Shia001423Vols,942,520,1107,436,92
112,1286,1422,Shia001552,434,1081,1214,96,87
112,1253,1422,Shia001552,435,642,801,116,87
112,0,317,Shia001552,437,1074,1324,196,76
112,563,1178,Shia001552,440,0,630,477,95
112,0,317,Shia004664,263,408,650,188,72
112,1274,1422,Shia001115Vols,94,16,171,112,93
112,0,317,Shia001432Vols,2122,637,878,188,72
112,734,1155,Shia001432Vols,8502,542,1084,270,58
112,494,1161,Shia001432Vols,9030,777,1412,485,91
112,1253,1422,Shia001432Vols,14813,740,897,118,90
112,1286,1422,Shia001432Vols,14817,565,698,96,87
112,0,317,Shia001432Vols,14819,242,477,185,71
112,494,1172,Shia001432Vols,14820,75,751,522,95
112,489,1019,Shia001237Vols,2499,296,829,397,92
112,1253,1422,Shia001237Vols,2551,934,1096,123,93
112,1274,1422,Shia001217Vols,4131,1004,1159,112,93
112,1019,1396,Shia001217Vols,4137,128,627,200,43
113,730,1447,Shia001138BK1,80,424,1179,514,82
113,0,542,Shia001552,435,804,1098,205,49
113,47,333,Shia001552,438,1096,1435,137,42
113,740,1447,Shia001552,439,61,337,155,26
113,730,1103,Shia001552,446,703,1419,210,35
113,679,1447,Shia001552,447,209,1044,519,73
113,781,1153,Shia003636Vols,14642,980,1310,239,79
113,872,1153,Zaydiyya0000142,613,449,787,209,72
113,137,504,Shia002389Vols,2668,601,1187,189,36
113,198,516,Shia004030Vols,1489,581,1121,171,38
113,0,553,Shia001432Vols,14813,897,1403,330,73
113,813,1390,Shia001432Vols,14815,525,1122,269,49
113,791,1447,Shia001432Vols,14816,680,1305,476,89
113,42,516,Shia001237Vols,2551,807,1069,100,22
113,167,540,Shia001217Vols,4137,290,651,276,93
113,805,1447,Shia001217Vols,4185,585,1180,459,87
113,267,516,Shia003705,3,624,980,131,44
113,798,1367,Rafed0000230Vols,122,919,1418,253,49
113,816,1447,Rafed0000230Vols,123,0,556,444,87
114,0,315,Shia001138BK1,80,1179,1457,169,59
114,1277,1459,Shia001138BK1,81,574,789,141,83
114,333,1003,Shia001138BK1,81,0,694,403,66
114,149,765,Shia001134,122,961,1475,386,75
114,407,812,Shia001615Vols,1592,491,841,269,80
114,149,812,Shia001552,445,816,1460,465,80
114,729,1365,Shia001552,446,717,1246,298,52
114,197,399,Zaydiyya0000142,664,181,381,146,87
114,39,423,Shia002992Vols,2600,315,578,153,50
114,149,812,Shia001432Vols,14811,858,1413,424,79
114,824,1365,Shia001432Vols,14815,213,655,268,55
114,1277,1459,Shia001432Vols,14817,88,263,131,91
114,824,1266,Shia001237Vols,2601,773,1057,216,60
114,0,233,Shia001217Vols,4185,1180,1403,96,43
114,233,986,Shia001217Vols,4186,0,826,482,64
114,1277,1459,Shia001217Vols,4186,723,900,131,91
114,848,1392,Rafed0000230Vols,122,0,350,208,45
115,42,827,Shia001138BK1,80,424,1066,299,42
115,626,1205,Shia001138BK1,81,312,818,244,44
115,603,788,Shia001615Vols,1592,1044,1227,144,97
115,761,1288,Shia001552,435,1042,1343,111,21
115,136,443,Shia001552,446,1109,1419,234,94
115,512,1038,Shia001552,447,0,524,330,71
115,105,443,Shia003636Vols,14642,980,1264,160,56
115,202,586,Zaydiyya0000142,613,449,774,169,50
115,136,1301,Shia001432Vols,14815,518,1332,542,53
115,0,768,Shia001432Vols,14816,601,1236,271,38
115,911,1205,Shia001432Vols,14817,50,364,216,88
115,111,768,Shia001217Vols,4185,532,1110,251,39
115,721,1205,Shia001217Vols,4186,473,999,244,48
115,105,799,Rafed0000230Vols,122,882,1443,445,80
115,160,1132,Rafed0000230Vols,123,14,482,255,31
116,1181,1430,Masaha001978Vols,21,283,523,160,73
116,1206,1430,Shia001349Vols,1132,936,1093,122,68
116,270,462,Shia000298Vols,3328,655,857,153,95
116,1210,1430,Shia003757,661,36,240,146,77
116,167,455,Shia004012,201,0,362,218,73
116,1210,1430,Shia001134,122,513,718,148,78
116,41,521,Shia001134,123,94,674,318,66
116,1210,1430,Shia000234Vols,1296,405,570,115,61
116,277,462,Shia001615Vols,3302,575,834,136,62
116,6,566,Shia001552,490,149,666,391,88
116,277,422,Shia000117Vols,466,937,1066,102,88
116,1202,1430,Shia003636Vols,1784,513,679,126,69
116,247,422,Shia000210,60,196,415,127,70
116,33,462,Shia001122Vols,2841,463,919,328,91
116,1210,1430,Shia003749,202,333,516,131,70
116,113,462,Shia000736Vols,530,0,436,263,72
116,247,462,Shia000233,958,608,838,149,79
116,1210,1430,Shia001432Vols,3784,186,391,144,76
116,1210,1430,Shia001432Vols,14381,775,978,145,76
116,6,564,Shia001432Vols,14827,768,1273,377,85
116,1190,1430,Shia001432Vols,15345,1247,1432,144,74
116,1210,1412,Shia001432Vols,15346,1290,1476,133,76
116,1074,1283,Shia001432Vols,15347,118,288,125,72
116,277,433,Shia001432Vols,19515,922,1074,108,85
116,6,740,Shia001432Vols,20720,638,1190,419,73
116,1190,1430,Shia001432Vols,25600,205,381,116,54
116,1069,1283,Shia001237Vols,466,127,330,144,80
116,1190,1430,Shia001217Vols,759,564,748,141,74
116,6,564,Shia001217Vols,6808,611,1421,388,59
116,1210,1430,Shia003707Vols,443,338,529,136,72
116,33,462,PV2024060601,2841,463,919,328,91
116,1210,1430,Shia001137,210,503,707,145,76
116,1210,1430,Shia001340,266,473,670,137,70
117,0,1039,Masaha001978Vols,21,523,1184,455,55
117,741,1076,Shia001552,442,1187,1449,167,60
117,879,1404,Shia001552,443,55,434,242,58
117,0,544,Shia003636Vols,1943,87,865,271,36
117,586,722,Shia003636Vols,1944,0,122,93,88
117,669,1047,Shia001432Vols,14809,1160,1472,164,48
117,1047,1404,Shia001432Vols,14810,0,278,196,69
117,0,722,Shia001432Vols,15347,19,860,464,65
117,93,981,Shia001237Vols,466,342,1074,456,60
117,956,1404,Shia001237Vols,2551,329,736,231,59
117,93,753,Shia001217Vols,2566,611,1204,167,24
118,1172,1433,Shia001138BK1,94,1052,1308,185,85
118,396,1433,Shia001552,442,162,986,466,48
118,471,1433,Shia001432Vols,14808,502,1265,422,46
118,84,507,Shia001432Vols,14813,384,629,128,36
118,612,1341,Shia001237Vols,2551,79,641,295,42
119,13,636,Shia001138BK1,93,934,1511,288,49
119,636,1455,Shia001138BK1,94,0,742,468,64
119,243,842,Shia001552,398,150,660,255,49
119,442,842,Shia001432Vols,15101,488,910,218,57
119,189,575,Shia001432Vols,31635,0,268,154,46
119,732,1065,Shia001432Vols,31664,280,604,227,80
119,442,842,Shia001432Vols,31688,650,1078,192,44
119,1042,1455,Shia001432Vols,31694,424,683,199,59
119,90,541,Shia001237Vols,2515,1110,1506,199,47
119,714,1455,Shia001217Vols,4093,139,708,430,71
120,0,429,Shia001138BK1,94,742,1166,234,54
120,44,1117,Shia001432Vols,31664,436,1280,505,53
120,964,1393,Shia001432Vols,31694,1083,1455,267,74
120,0,567,Shia001432Vols,31694,683,1278,309,54
120,221,981,Shia001237Vols,2517,845,1474,448,73
120,981,1465,Shia001237Vols,2518,0,485,350,87
120,0,507,Shia001217Vols,4093,708,1172,259,56
121,700,973,Masaha001978Vols,617,877,1495,161,30
121,694,909,Shia001423Vols,933,914,1174,135,61
121,524,1329,Shia001423Vols,935,751,1510,432,58
121,1329,1432,Shia001423Vols,936,0,104,81,98
121,726,898,Shia001138BK1,93,5,189,119,77
121,354,952,Shia001552,287,1301,1515,157,33
121,1072,1432,Shia001552,587,714,1087,286,96
121,348,973,Shia001305,8,103,757,187,23
121,348,898,Shia001305,47,755,1361,173,23
121,645,1405,Shia003026VolsBK2,322,86,481,283,44
121,354,976,Shia001432Vols,14823,1097,1330,174,36
121,1072,1432,Shia001432Vols,15260,950,1312,281,95
121,709,1432,Shia001432Vols,31684,0,615,427,70
121,0,618,Shia001432Vols,31695,72,633,257,45
121,536,898,Shia001237Vols,2508,12,377,180,54
121,0,618,Shia001237Vols,2518,485,956,261,51
121,1075,1432,Shia001237Vols,2614,0,360,278,95
121,459,909,Shia001217Vols,4080,5,440,197,47
122,714,1271,Shia001423Vols,934,615,1046,240,51
122,0,1334,Shia001423Vols,936,104,1470,999,89
122,0,371,Shia001552,587,1087,1469,291,95
122,371,708,Shia001552,588,0,335,260,93
122,0,197,Shia001432Vols,15260,1312,1518,153,93
122,197,708,Shia001432Vols,15261,0,483,381,92
122,0,828,Shia001432Vols,31684,615,1405,585,86
122,1083,1433,Shia001432Vols,31685,108,441,260,91
122,796,1271,Shia001432Vols,31723,30,518,207,40
122,745,964,Shia001432Vols,31727,450,666,160,89
122,753,964,Shia001237Vols,2557,1231,1440,158,90
122,0,828,Shia001237Vols,2614,360,1161,577,84
122,1083,1433,Shia001217Vols,4119,45,370,255,90
123,1223,1464,Masaha001978Vols,616,836,1353,187,44
123,849,1204,Masaha001978Vols,617,840,1443,152,28
123,849,1464,Shia001423Vols,933,914,1424,390,78
123,849,1244,Shia001423Vols,935,992,1276,174,50
123,202,843,Shia001423Vols,937,99,685,431,83
123,884,1464,Shia001138BK1,93,0,746,334,47
123,915,1464,Shia004012,28,784,1178,301,67
123,849,1204,Shia001305,8,103,703,139,25
123,583,1294,Shia001305,47,521,1434,215,22
123,1215,1464,Rafed0002654Vols,9834,742,977,154,66
123,1215,1464,Shia001382,1,344,595,154,63
123,1215,1464,Shia004092Vols,10032,683,918,154,66
123,873,1289,Shia001122Vols,2013,280,832,157,32
123,1215,1464,Shia001371,91,379,620,154,65
123,1272,1464,Shia001371,172,862,1057,141,86
123,1223,1464,Shia001357,155,1074,1310,188,96
123,579,1194,Shia001357,166,714,1493,189,24
123,384,769,Shia003026VolsBK2,322,562,889,249,80
123,1215,1464,Shia001432Vols,31314,1127,1369,186,91
123,391,538,Shia001432Vols,31684,1316,1447,103,89
123,855,1297,Shia001432Vols,31686,485,928,210,47
123,1306,1464,Shia001432Vols,31687,6,159,123,94
123,855,1289,Shia001237Vols,2508,146,612,181,36
123,1215,1464,Shia001237Vols,2514,1150,1391,154,65
123,391,697,Shia001237Vols,2614,1072,1305,175,72
123,815,1204,Shia001217Vols,4080,136,434,145,40
123,1215,1464,Shia001217Vols,4084,346,896,188,42
123,900,1272,Zaydiyya0000302,1559,157,417,114,34
123,873,1289,PV2024060601,2013,280,832,157,32
123,900,1272,PV2024060601,7685,313,573,114,34
123,1272,1457,Shia001360,82,86,273,125,81
124,0,411,Masaha001978Vols,616,1075,1487,334,99
124,60,1487,Shia001423Vols,934,0,1237,911,77
124,0,1010,Shia001138BK1,93,442,1246,501,57
124,0,309,Shia004012,28,1178,1541,238,80
124,0,417,Rafed0002654Vols,9834,977,1379,317,92
124,0,417,Shia001382,1,595,1074,339,86
124,0,417,Shia004092Vols,10032,918,1320,317,92
124,0,417,Shia001371,91,620,1147,338,78
124,0,417,Shia001371,172,1057,1493,338,94
124,102,489,Shia001357,156,0,440,280,73
124,57,521,Shia001432Vols,31315,0,468,301,69
124,858,1487,Shia001432Vols,31685,759,1380,402,73
124,0,417,Shia001432Vols,31687,159,679,333,78
124,869,1184,Shia001432Vols,31723,0,299,227,88
124,755,1286,Shia001432Vols,31727,301,781,203,42
124,0,417,Shia001237Vols,2515,48,528,326,83
124,795,1281,Shia001237Vols,2557,453,989,301,68
124,0,498,Shia001217Vols,4084,588,1166,330,62
125,0,346,Shia001423Vols,934,1244,1479,184,66
125,346,1195,Shia001423Vols,935,0,875,587,77
125,564,1069,Shia001552,399,790,1293,385,92
125,478,902,Shia001552,585,1091,1468,277,79
125,902,1170,Shia001552,586,0,255,139,59
125,1086,1361,Shia002992Vols,1352,33,384,132,38
125,564,1067,Shia001432Vols,15104,367,848,375,92
125,564,1067,Shia001432Vols,15260,406,900,382,92
125,1221,1485,Shia001432Vols,31642,281,512,181,86
125,1221,1400,Shia001432Vols,31677,721,882,111,74
125,1244,1485,Shia001432Vols,31678,778,1039,142,63
125,180,640,Shia001432Vols,31686,0,433,328,87
125,1108,1400,Shia001237Vols,2500,1257,1478,145,61
125,1149,1485,Shia001237Vols,2529,972,1302,213,78
126,586,1407,Masaha001978Vols,615,537,1384,589,78
126,586,983,Shia001138BK1,91,1076,1500,258,66
126,988,1407,Shia001138BK1,92,0,447,338,90
126,616,1029,Shia001615Vols,1186,1095,1539,285,71
126,700,1407,Zaydiyya0000236,389,9,745,511,75
126,758,1006,Rafed0001574,73,1397,1635,188,92
126,1006,1407,Rafed0001574,74,0,400,321,95
126,586,1407,Shia001122Vols,2008,13,923,629,81
126,616,885,Shia002389Vols,1391,870,1035,118,54
126,586,1407,Shia001357,154,603,1471,596,78
126,0,130,Shia001357,155,703,833,102,98
126,586,885,Shia001432Vols,8604,711,920,132,54
126,616,1098,Shia001432Vols,31640,931,1467,342,71
126,1098,1407,Shia001432Vols,31641,0,307,249,96
126,1421,1575,Shia001432Vols,31642,1170,1325,126,99
126,0,130,Shia001432Vols,31642,512,642,104,100
126,578,1354,Shia001432Vols,31677,778,1540,605,94
126,0,130,Shia001432Vols,31678,1039,1169,104,100
126,616,1120,Shia001237Vols,2499,898,1464,365,73
126,1120,1407,Shia001237Vols,2500,0,286,231,96
126,0,130,Shia001237Vols,2529,1302,1432,104,100
126,586,1407,Shia001217Vols,4078,254,1166,619,78
126,0,130,Shia001217Vols,4079,325,455,104,100
126,586,1407,PV2024060601,2008,13,923,629,81
127,1173,1420,Masaha001978Vols,616,539,741,118,61
127,218,745,Masaha001978Vols,616,0,531,371,81
127,1173,1420,Shia001138BK1,92,1151,1394,122,51
127,49,745,Shia001138BK1,92,462,1143,479,81
127,61,745,Shia001615Vols,1187,7,417,285,50
127,1173,1304,Shia001615Vols,1187,425,565,97,89
127,783,1000,Shia001552,105,458,627,103,57
127,758,990,Shia001552,385,967,1162,103,45
127,49,745,Zaydiyya0000236,389,760,1433,481,81
127,42,745,Rafed0001574,74,400,850,293,50
127,758,990,Shia003744Vols,621,206,393,118,61
127,42,694,Shia001122Vols,2008,923,1546,468,87
127,102,745,Shia001357,155,0,642,453,81
127,1128,1420,Shia001357,155,642,920,198,84
127,783,1000,Shia001432Vols,14798,484,654,104,57
127,763,990,Shia001432Vols,31635,562,791,111,50
127,1173,1420,Shia001432Vols,31641,1004,1200,124,62
127,49,745,Shia001432Vols,31641,322,996,481,81
127,1045,1337,Shia001432Vols,31642,346,642,230,98
127,42,1423,Shia001432Vols,31678,57,1256,894,81
127,882,1238,Shia001432Vols,31679,623,953,189,62
127,1173,1420,Shia001237Vols,2500,983,1188,124,60
127,49,745,Shia001237Vols,2500,301,975,481,81
127,1033,1337,Shia001237Vols,2529,1108,1432,238,93
127,758,990,Shia001237Vols,2552,787,991,110,48
127,758,990,Shia001237Vols,2573,52,242,117,60
127,42,435,Shia001217Vols,4078,1166,1556,290,84
127,445,745,Shia001217Vols,4079,4,281,214,91
127,1128,1423,Shia001217Vols,4079,281,550,200,83
127,1026,1289,Zaydiyya0000302,1559,1152,1395,170,80
127,42,694,PV2024060601,2008,923,1546,468,87
127,1128,1423,PV2024060601,7686,0,276,205,85
128,688,976,Shia001423Vols,905,550,852,142,50
128,1005,1442,Shia001423Vols,908,531,928,175,42
128,758,976,Shia001423Vols,1313,666,861,107,53
128,1290,1442,Shia001134,552,426,553,98,82
128,1255,1442,Shia001300,273,241,425,106,65
128,546,928,Shia001432Vols,31642,894,1160,194,63
128,123,1176,Shia001432Vols,31679,12,893,563,62
128,733,1348,Shia001432Vols,31680,289,834,190,33
128,15,408,Shia001237Vols,2500,1202,1415,111,37
128,137,1176,Shia001237Vols,2501,57,789,295,29
128,733,1348,Shia001237Vols,2506,336,845,204,41
128,118,1095,Shia001237Vols,2530,89,691,287,33
129,0,534,Masaha001978Vols,612,355,763,268,57
129,18,233,Rafed0002565Vols,690,516,799,166,73
129,0,534,Shia001138BK1,84,259,769,367,82
129,0,565,Shia004012,26,996,1419,325,70
129,31,437,Shia001552,400,56,615,217,47
129,101,233,Rafed0002654Vols,9835,0,138,104,94
129,42,233,Shia001382,1,1192,1411,132,75
129,31,233,Masaha002070,185,603,805,143,86
129,0,402,Shia001122Vols,2007,196,856,206,33
129,42,273,Shia001371,91,1263,1522,141,68
129,42,233,Shia001371,173,52,279,129,71
129,0,339,Shia001357,150,1080,1426,244,86
129,27,233,Shia001432Vols,15104,1172,1360,150,90
129,18,377,Shia001432Vols,17372,461,1019,185,39
129,246,677,Shia001432Vols,31679,974,1426,286,75
129,981,1436,Shia001432Vols,31680,0,375,274,76
129,0,200,Shia001432Vols,31687,1335,1539,161,97
129,246,539,Shia001237Vols,2505,1090,1400,228,93
129,1056,1373,Shia001237Vols,2506,68,370,236,95
129,31,502,Shia001237Vols,2508,721,1297,260,52
129,42,469,Shia001237Vols,2515,644,1083,200,45
129,0,444,Shia001217Vols,4077,293,765,221,47
129,31,233,Shia001217Vols,4088,307,516,156,90
129,0,402,PV2024060601,2007,196,856,206,33
130,915,1376,Masaha002219,15,710,1183,237,49
130,1258,1402,Shia001423Vols,908,949,1156,116,69
130,101,775,Rafed0002565Vols,689,1270,1617,267,49
130,775,1510,Rafed0002565Vols,690,0,777,587,92
130,16,820,Shia001286,257,748,1447,275,35
130,829,1376,Shia001286,258,0,610,337,62
130,101,656,Zaydiyya0000191,214,594,898,165,35
130,1258,1402,Shia001134,552,581,790,106,63
130,663,1325,Shia001615Vols,1126,52,840,302,42
130,748,920,Shia001615Vols,3597,868,1043,117,77
130,1258,1402,Shia001552,397,686,892,114,68
130,1309,1510,Shia001552,400,0,299,148,62
130,915,1376,Masaha003293,109,1014,1454,237,52
130,523,1376,Masaha002070,184,269,906,338,44
130,740,1501,Masaha002070,185,12,778,524,76
130,915,1376,Shia003633,67,705,1135,226,48
130,915,1322,Shia001432Vols,6383,972,1322,209,55
130,1258,1402,Shia001432Vols,15099,224,431,116,69
130,1258,1510,Shia001432Vols,15104,1015,1338,175,62
130,748,920,Shia001432Vols,16754,1057,1232,117,77
130,0,815,Shia001432Vols,17371,903,1444,425,65
130,815,1510,Shia001432Vols,17372,0,724,557,94
130,1258,1510,Shia001237Vols,2508,622,954,185,66
130,1251,1501,Shia001217Vols,4088,208,489,175,69
131,272,1075,Shia001423Vols,910,986,1408,303,46
131,1395,1525,Shia004012,25,378,516,102,88
131,665,1469,Shia001134,12,386,985,164,20
131,1090,1525,Shia001305,8,738,1169,232,58
131,1068,1379,Shia002992Vols,172,51,284,77,29
131,1184,1525,Shia001432Vols,31636,214,478,189,67
131,205,882,Shia001432Vols,31680,628,1337,365,52
131,835,1063,Shia001432Vols,31682,0,149,121,65
131,1178,1525,Shia001432Vols,33405,1168,1548,149,41
131,205,882,Shia001237Vols,2506,636,1315,353,51
131,372,1063,Shia001237Vols,2507,725,1327,260,34
131,111,882,Shia001237Vols,2508,947,1288,163,24
131,1081,1525,Shia001217Vols,4098,37,402,238,63
132,306,474,Masaha001978Vols,354,473,642,135,97
132,833,1495,Masaha001978Vols,619,73,384,218,42
132,306,474,Shia001349Vols,1173,1013,1183,133,95
132,306,723,Shia001142Vols,251,29,445,191,45
132,306,474,AOCP20250214687,183,714,881,119,82
132,294,682,Shia001418Vols,536,3,339,146,36
132,306,474,Shia004012,36,671,802,95,70
132,306,474,Shia001171,229,478,649,137,98
132,306,491,Shia001171,283,51,230,134,88
132,306,682,Shia001149Vols,539,609,839,162,52
132,306,474,Shia000234Vols,6836,68,237,136,98
132,590,1418,Shia001305,8,945,1492,254,32
132,306,723,Shia001305,63,0,396,179,42
132,306,474,Shia000147Vols,224,800,971,133,95
132,306,474,Shia000117Vols,242,324,495,137,98
132,306,474,Shia001544Vols,1017,298,480,130,84
132,833,956,Shia002992Vols,3102,1102,1481,76,24
132,884,1463,Shia002992Vols,3103,596,1346,209,26
132,306,474,Masaha000989,230,1228,1393,121,83
132,306,474,Masaha000989,235,1089,1223,98,72
132,306,474,Rafed0000685Vols,249,1175,1332,126,91
132,306,474,Shia000233,596,984,1142,126,91
132,294,474,Shia000317Vols,6920,501,676,140,95
132,306,723,Shia001357,6,112,466,190,55
132,870,1495,Shia001357,158,0,247,188,38
132,306,486,Shia001140Vols,466,29,208,140,94
132,116,682,Shia001432Vols,31314,17,591,241,41
132,555,1495,Shia001432Vols,31636,508,1069,398,52
132,1327,1495,Shia004042Vols,849,998,1139,109,83
132,306,682,Shia001217Vols,4027,980,1316,151,38
132,1125,1495,Shia001217Vols,4088,806,1037,152,52
132,808,1495,Shia001217Vols,4098,672,970,204,37
132,0,682,Shia001217Vols,4098,402,803,237,42
132,1327,1477,Zaydiyya0000302,1555,1375,1500,96,82
132,306,519,Zaydiyya0000302,1586,743,965,145,72
132,306,626,Zaydiyya0000302,1597,384,662,175,64
132,306,474,Shia004624,14,897,1069,134,95
132,1327,1495,Shia000107Vols,2784,709,848,104,80
132,306,474,PV2024060601,4267,1387,1544,126,91
132,1327,1495,PV2024060601,7682,28,178,110,81
132,306,519,PV2024060601,7712,924,1146,145,72
132,306,626,PV2024060601,7723,542,820,175,64
133,61,248,Shia001423Vols,911,229,449,132,77
133,61,244,Shia001423Vols,914,857,1068,128,73
133,349,442,Shia000277Vols,548,175,274,72,93
133,201,442,Shia000234Vols,2689,895,1067,114,58
133,55,244,Shia004029,163,126,334,128,79
133,86,257,Shia001552,105,458,631,114,84
133,61,244,Shia001552,385,967,1162,116,66
133,61,244,Shia001552,387,271,465,119,73
133,86,248,Shia001552,417,1030,1209,101,67
133,39,305,Shia003744Vols,621,186,442,148,63
133,349,442,Shia000317Vols,2722,1425,1524,72,93
133,73,244,Shia004030Vols,1451,0,172,121,91
133,55,244,Shia004030Vols,1479,250,441,135,91
133,86,257,Shia001432Vols,14798,484,658,115,83
133,86,244,Shia001432Vols,15087,33,219,109,69
133,86,248,Shia001432Vols,15102,281,487,106,62
133,86,244,Shia001432Vols,17510,967,1143,110,73
133,61,442,Shia001432Vols,26070,244,558,241,81
133,913,1090,Shia001432Vols,26070,582,750,109,70
133,66,244,Shia001432Vols,31635,562,791,122,69
133,86,244,Shia001432Vols,31650,315,484,113,85
133,86,331,Shia001432Vols,31700,1180,1393,165,86
133,331,1437,Shia001432Vols,31701,0,1034,796,88
133,945,1107,Shia001432Vols,31705,744,923,111,74
133,7,262,Shia001432Vols,31705,547,790,119,46
133,86,310,Shia001432Vols,31756,737,940,121,66
133,61,237,Shia001237Vols,168,634,830,114,67
133,916,1098,Shia001237Vols,2530,646,807,114,78
133,61,244,Shia001237Vols,2552,787,991,123,70
133,14,244,Shia001237Vols,2553,821,1058,133,67
133,61,442,Shia001237Vols,2563,479,735,179,58
133,61,244,Shia001237Vols,2573,52,242,131,90
133,109,244,Shia001237Vols,2578,0,136,95,91
133,61,442,Shia001217Vols,1261,589,874,193,63
133,913,1370,Shia001217Vols,4097,49,475,320,88
133,3,232,Shia001172,184,1120,1427,138,58
133,55,248,Shia001431,121,1086,1289,124,75
134,157,560,Shia001432Vols,31676,858,1231,273,81
134,0,447,Shia001432Vols,31701,1034,1447,327,92
134,447,1500,Shia001432Vols,31702,0,1048,818,94
134,157,560,Shia001237Vols,2520,499,774,187,55
134,560,1187,Shia001237Vols,2530,791,1417,496,97
134,1187,1500,Shia001237Vols,2531,0,314,230,85
134,97,492,Shia001217Vols,4097,455,797,232,70
134,157,560,Shia001217Vols,4120,904,1205,225,69
135,573,1048,Shia001432Vols,31690,1182,1484,225,56
135,1048,1543,Shia001432Vols,31691,0,495,393,95
135,0,462,Shia001432Vols,31702,1048,1504,352,95
135,470,894,Shia001432Vols,31703,0,252,113,26
135,573,801,Shia001237Vols,2509,1316,1546,174,89
135,801,1543,Shia001237Vols,2510,0,561,440,72
135,0,549,Shia001237Vols,2531,314,855,418,96
136,983,1160,Masaha001978Vols,616,469,673,101,55
136,983,1160,Shia001138BK1,92,1080,1289,104,57
136,979,1160,Shia001615Vols,1187,350,565,109,58
136,89,260,Shia001552,105,466,622,98,75
136,64,263,Shia001552,385,967,1165,113,72
136,64,260,Shia001552,387,271,465,115,75
136,1101,1426,Zaydiyya0000236,390,0,196,66,18
136,58,305,Shia003744Vols,621,200,447,136,69
136,983,1448,Shia001357,155,642,880,162,43
136,89,260,Shia001432Vols,14798,492,649,94,73
136,89,294,Shia001432Vols,31635,636,863,117,64
136,983,1160,Shia001432Vols,31641,933,1144,106,58
136,900,1193,Shia001432Vols,31642,346,642,231,98
136,89,1029,Shia001432Vols,31643,188,1047,562,71
136,900,1448,Shia001432Vols,31678,888,1212,246,56
136,859,1094,Shia001432Vols,31679,716,953,148,73
136,983,1160,Shia001237Vols,2500,912,1132,106,56
136,900,1193,Shia001237Vols,2529,1136,1432,231,98
136,64,263,Shia001237Vols,2552,787,994,122,77
136,30,260,Shia001237Vols,2553,821,1058,126,68
136,64,260,Shia001237Vols,2573,52,242,118,75
136,104,260,Shia001237Vols,2578,0,136,88,75
136,983,1448,Shia001217Vols,4079,281,502,164,43
136,64,468,Shia001217Vols,4105,1071,1420,251,74
136,468,1029,Shia001217Vols,4106,0,537,347,70
136,859,1145,Zaydiyya0000302,1559,1136,1395,175,76
136,983,1448,PV2024060601,7686,3,228,170,45
137,0,311,Shia001357,155,880,1140,118,45
137,698,1356,Shia001432Vols,31643,928,1477,349,62
137,0,141,Shia001432Vols,31678,1212,1353,109,99
137,780,1183,Shia001432Vols,31735,1019,1328,229,69
137,0,294,Shia001217Vols,4079,502,864,119,35
137,153,1390,Shia001217Vols,4106,374,1350,576,53
137,0,294,Zaydiyya0000302,1560,79,379,118,36
137,157,743,Zaydiyya0000302,1614,726,1148,178,34
137,0,294,PV2024060601,7686,228,528,118,36
137,157,743,PV2024060601,7740,894,1316,178,34
138,509,828,Shia001423Vols,911,0,445,179,52
138,633,828,Shia001423Vols,914,850,1068,134,72
138,972,1386,Shia001171,221,286,698,302,90
138,640,828,Shia004029,163,132,334,128,82
138,665,828,Shia001552,105,458,622,112,88
138,586,828,Shia001552,385,923,1162,127,58
138,665,828,Shia001552,417,1030,1205,101,65
138,845,1386,Shia001552,419,806,1348,408,93
138,605,828,Shia003744Vols,621,186,393,146,81
138,73,425,Shia000317Vols,6921,1094,1402,214,76
138,652,841,Shia004030Vols,1451,0,185,133,88
138,640,841,Shia004030Vols,1479,256,454,142,88
138,665,828,Shia001432Vols,14798,484,649,111,87
138,845,1386,Shia001432Vols,15057,645,1159,394,92
138,665,828,Shia001432Vols,15087,33,219,116,79
138,665,828,Shia001432Vols,15102,281,483,101,57
138,665,862,Shia001432Vols,17510,967,1156,120,67
138,645,1386,Shia001432Vols,31635,562,1344,564,91
138,665,828,Shia001432Vols,31650,315,484,113,86
138,665,862,Shia001432Vols,31730,96,256,105,70
138,665,845,Shia001432Vols,31756,737,915,123,87
138,640,821,Shia001237Vols,168,634,830,121,76
138,735,1289,Shia001237Vols,2516,0,547,424,96
138,640,828,Shia001237Vols,2552,787,991,130,78
138,640,948,Shia001237Vols,2573,52,469,176,54
138,485,1054,Shia001217Vols,4088,1070,1406,242,52
138,1054,1386,Shia001217Vols,4089,0,333,249,94
138,0,1079,Shia001217Vols,4119,786,1430,449,50
138,1079,1386,Shia001217Vols,4120,0,185,132,55
138,793,1386,Zaydiyya0000302,1558,0,569,426,89
138,640,1386,PV2024060601,7684,21,722,493,79
138,640,816,Shia001172,184,1210,1427,122,73
138,490,849,Shia001431,121,859,1293,187,51
139,809,986,Shia001423Vols,905,661,852,133,87
139,803,986,Shia001423Vols,1313,666,861,139,89
139,809,986,Shia001552,401,502,668,121,87
139,823,969,Shia001432Vols,15103,1374,1509,104,89
139,85,242,Shia001432Vols,26070,582,750,104,73
139,88,328,Shia001432Vols,31339,76,281,124,65
139,85,328,Shia001432Vols,31638,273,483,123,64
139,823,986,Shia001432Vols,31645,1004,1127,87,67
139,466,1409,Shia001432Vols,31676,364,1136,571,74
139,85,433,Shia001432Vols,31701,502,874,256,88
139,1128,1404,Shia001432Vols,31701,1191,1447,191,84
139,823,1161,Shia001432Vols,31703,328,512,128,48
139,85,644,Shia001432Vols,31730,171,584,162,32
139,1108,1345,Shia001432Vols,31756,895,1061,96,52
139,818,1409,Shia001237Vols,2520,336,679,250,52
139,744,986,Shia001237Vols,2531,855,1094,119,56
139,88,328,Shia001237Vols,2578,86,280,128,66
139,88,328,Shia001217Vols,4091,1091,1284,128,66
139,1128,1409,Shia001217Vols,4097,499,758,184,81
139,85,433,Shia001217Vols,4097,49,389,243,88
139,0,1409,Shia001217Vols,4120,185,1111,650,57
139,818,986,Shia001217Vols,4152,355,509,116,88
140,277,879,Shia001138BK1,85,731,1325,290,49
140,312,751,Shia001138BK1,86,0,349,200,53
140,704,1069,Shia000275Vols,1260,927,1299,194,57
140,345,542,Shia001149Vols,419,130,272,107,66
140,324,542,Shia000234Vols,5517,1009,1178,114,61
140,345,879,Shia000317Vols,6278,632,968,227,52
140,602,1185,Shia001432Vols,31752,755,1393,393,75
140,563,1185,Shia001237Vols,2577,0,669,407,70
140,324,577,Shia001365,28,671,847,103,46
140,280,716,Shia001217Vols,3203,379,735,180,50
140,555,1185,Shia001217Vols,4156,542,748,113,21
140,345,542,PV2024060601,4147,845,987,107,66
141,569,783,Shia001423Vols,911,229,453,142,79
141,569,768,Shia001423Vols,912,349,550,130,79
141,569,768,Shia001423Vols,914,857,1068,126,67
141,32,334,Shia001138BK1,86,33,309,144,58
141,32,161,Shia001149Vols,419,130,263,97,85
141,32,161,Shia000234Vols,5517,1036,1169,97,85
141,563,768,Shia004029,163,126,334,134,80
141,594,768,Shia001552,105,458,622,111,81
141,536,768,Shia001552,385,923,1162,118,50
141,543,783,Shia001552,417,996,1213,123,62
141,32,508,Shia001305,29,1023,1403,210,53
141,99,502,Zaydiyya0000236,391,0,278,190,58
141,798,1490,Zaydiyya0000236,393,0,624,449,75
141,563,772,Shia003744Vols,621,200,397,138,85
141,581,768,Shia004030Vols,1451,0,172,119,83
141,563,768,Shia004030Vols,1479,250,441,133,84
141,32,393,Shia001357,171,1247,1485,153,48
141,594,768,Shia001432Vols,14798,484,649,111,82
141,177,756,Shia001432Vols,14817,445,881,162,29
141,594,768,Shia001432Vols,15087,33,219,107,63
141,297,783,Shia001432Vols,15102,73,491,161,38
141,529,768,Shia001432Vols,17510,922,1143,132,64
141,574,776,Shia001432Vols,31635,562,808,124,63
141,594,783,Shia001432Vols,31650,315,504,112,72
141,82,1490,Shia001432Vols,31753,0,1358,920,74
141,594,779,Shia001432Vols,31756,737,906,114,82
141,569,761,Shia001237Vols,168,634,830,112,62
141,569,779,Shia001237Vols,2530,519,714,138,86
141,569,768,Shia001237Vols,2552,787,991,121,64
141,569,779,Shia001237Vols,2573,52,281,130,70
141,32,502,Shia001217Vols,3203,416,1055,335,63
141,719,1490,Shia001217Vols,4148,0,691,534,82
141,32,502,Shia001217Vols,4156,748,1266,320,73
141,32,161,PV2024060601,4147,845,978,97,85
141,569,756,Shia001172,184,1210,1427,130,76
141,563,779,Shia001431,121,1086,1296,125,73
141,32,465,Shia000405Vols,1510,1352,1555,142,39
142,1311,1454,Masaha001978Vols,618,1101,1246,112,98
142,474,919,Shia001138BK1,85,731,1190,241,61
142,1256,1454,Shia001138BK1,87,1109,1277,114,74
142,767,1454,Shia001305,9,201,734,293,51
142,509,740,Zaydiyya0000236,390,1162,1393,130,59
142,97,312,Zaydiyya0000236,391,83,278,143,84
142,463,919,Shia001122Vols,2012,733,1066,209,56
142,1250,1454,Shia001357,157,519,718,154,94
142,1250,1454,Shia001432Vols,31695,383,561,137,83
142,474,919,Shia001432Vols,31752,331,912,251,51
142,0,573,Shia001432Vols,31753,240,720,289,63
142,402,852,Shia001432Vols,31753,1374,1491,83,23
142,852,1143,Shia001432Vols,31754,0,249,134,55
142,760,1009,Shia001237Vols,2577,564,816,187,94
142,0,312,Shia001217Vols,3203,751,1055,238,97
142,1250,1454,Shia001217Vols,4095,206,420,152,87
142,402,919,Shia001217Vols,4148,697,1049,220,48
142,416,790,Shia001217Vols,4155,1006,1295,175,61
142,3,312,Shia001217Vols,4156,979,1266,219,90
142,416,852,Zaydiyya0000302,1585,71,422,167,46
142,463,919,PV2024060601,2012,733,1066,209,56
142,416,852,PV2024060601,7711,247,598,167,46
143,939,1494,Masaha001978Vols,612,788,1327,413,88
143,0,260,Masaha001978Vols,618,1246,1492,188,89
143,260,1045,Masaha001978Vols,619,0,859,385,47
143,447,912,AOCP20250214687,98,735,1036,198,51
143,81,1494,Shia001138BK1,88,0,1224,912,78
143,0,1033,Shia004012,27,538,1442,560,59
143,1033,1494,Shia004012,28,0,449,343,86
143,0,603,Shia001305,9,734,1410,441,80
143,603,919,Shia001305,10,0,165,125,49
143,939,1494,Shia001357,151,915,1446,415,89
143,0,537,Shia001357,157,718,1385,328,56
143,391,1053,Shia001357,158,527,1109,313,50
143,354,1033,Shia001432Vols,31654,337,953,343,54
143,0,420,Shia001432Vols,31657,985,1424,275,71
143,939,1494,Shia001432Vols,31689,26,579,440,95
143,939,1318,Shia001432Vols,31690,859,1074,148,46
143,0,533,Shia001432Vols,31695,561,1118,324,69
143,365,1321,Shia001432Vols,31757,699,1436,254,28
143,1328,1494,Shia001432Vols,31758,0,184,134,88
143,939,1237,Shia001237Vols,2509,19,329,241,96
143,480,1007,Shia001217Vols,4084,0,432,247,52
143,0,699,Shia001217Vols,4095,420,1370,472,60
143,383,975,Shia001217Vols,4121,628,1398,119,14
143,975,1494,Shia001217Vols,4122,0,380,260,56
143,7,548,Zaydiyya0000302,1556,473,971,271,60
143,939,1494,Zaydiyya0000302,1564,870,1236,257,54
143,447,676,Shia002980Vols,239,910,1080,103,54
143,1237,1411,Shia002980Vols,239,1168,1338,138,96
143,7,548,PV2024060601,7682,627,1125,271,60
143,939,1494,PV2024060601,7690,1042,1408,257,54
144,676,1128,Shia001138BK1,87,543,959,240,64
144,364,554,Zaydiyya0000236,392,436,632,140,84
144,1023,1404,Shia001432Vols,31654,812,1078,177,54
144,702,939,Shia001432Vols,31673,1188,1395,145,77
144,682,1128,Shia001432Vols,31700,897,1307,235,60
144,369,883,Shia001432Vols,31711,0,436,115,19
144,297,872,Shia001432Vols,31754,242,825,358,71
144,294,811,Shia001432Vols,31781,83,521,278,64
144,648,1128,Shia001237Vols,2505,750,1260,262,59
144,682,1115,Shia001237Vols,2514,581,1081,247,56
144,702,1115,Shia001217Vols,4083,997,1370,217,60
144,286,1391,Shia001217Vols,4096,44,666,459,53
145,626,898,Shia001552,105,458,622,116,53
145,601,928,Shia001552,385,967,1208,135,47
145,601,921,Shia001552,387,271,482,133,51
145,595,902,Shia003744Vols,621,200,397,142,60
145,626,898,Shia001432Vols,14798,484,649,116,53
145,606,898,Shia001432Vols,31635,562,791,125,47
145,626,928,Shia001432Vols,31650,315,559,140,51
145,0,356,Shia001432Vols,31654,1078,1382,216,77
145,377,1210,Shia001432Vols,31655,0,728,423,59
145,1066,1391,Shia001432Vols,31664,1181,1461,218,84
145,368,931,Shia001432Vols,31690,859,1295,157,30
145,601,928,Shia001237Vols,2509,1216,1445,123,45
145,601,928,Shia001237Vols,2552,787,1037,142,50
145,601,898,Shia001237Vols,2553,864,1058,132,54
145,601,898,Shia001237Vols,2573,52,242,123,53
145,282,688,Shia001217Vols,4096,709,1039,195,58
145,870,1364,Shia001217Vols,4096,846,1204,205,50
145,1071,1300,Shia001217Vols,4106,1244,1410,115,64
146,75,447,Shia001432Vols,31655,542,830,214,70
146,1023,1465,Shia001432Vols,31689,778,1060,218,61
146,548,1069,Shia001432Vols,31695,915,1421,320,72
146,1023,1465,Shia001237Vols,2509,342,622,217,60
146,537,1151,Shia001217Vols,4086,445,1064,377,72
146,21,699,Shia001217Vols,4107,0,585,273,45
146,1324,1465,Shia001172,201,0,141,109,91
147,187,581,Rafed0002565Vols,747,690,1069,302,93
147,821,1064,Shia002984Vols,2941,87,263,139,71
147,183,505,Shia004029,208,1170,1491,260,97
147,183,447,Shia001615Vols,516,1449,1713,214,97
147,587,888,Shia002992Vols,1884,485,645,122,51
147,183,546,Shia001432Vols,17520,32,396,294,98
147,0,538,Shia001432Vols,31689,1060,1589,422,94
147,689,1536,Shia001432Vols,31690,31,442,295,43
147,0,683,Shia001237Vols,2509,622,1249,488,86
147,1154,1515,Shia001217Vols,4086,892,1148,175,62
147,0,554,Shia001172,201,141,708,432,91
148,577,849,Masaha001978Vols,612,788,1215,179,49
148,577,849,Shia001138BK1,88,685,1112,170,47
148,1072,1216,Shia002928,78,190,334,114,100
148,577,849,Shia001357,151,915,1329,169,47
148,884,1300,Shia001432Vols,31656,199,486,227,68
148,0,815,Shia001432Vols,31690,442,1086,459,67
148,447,803,Shia001432Vols,31757,1126,1436,213,70
148,558,1276,Shia001217Vols,4086,977,1417,260,45
148,620,849,Shia001217Vols,4122,0,221,138,68
148,202,653,Shia001217Vols,4129,153,504,218,57
148,447,803,Zaydiyya0000302,1564,750,1068,224,75
148,447,803,PV2024060601,7690,922,1240,224,75
149,941,1135,Shia001255Vols,989,130,318,109,66
149,526,1250,Shia001138BK1,82,280,945,402,60
149,605,719,Shia004012,25,1351,1469,89,94
149,725,1250,Shia004012,26,0,326,187,44
149,994,1257,Shia001149Vols,541,469,750,147,60
149,671,1250,Shia001122Vols,2007,821,1294,260,51
149,792,1259,Shia001357,149,789,1175,154,38
149,933,1257,Shia001357,150,0,446,211,57
149,526,922,Shia001432Vols,31653,1037,1386,201,56
149,904,1257,Shia001432Vols,31654,42,495,236,64
149,840,1257,Shia001237Vols,2501,893,1196,64,13
149,498,1214,Shia001237Vols,2502,675,1332,433,74
149,725,1257,Shia001237Vols,2511,777,1358,206,37
149,645,1280,Shia001217Vols,4077,712,1256,261,43
149,0,779,Shia001217Vols,4082,583,1313,230,25
149,671,1250,PV2024060601,2007,821,1294,260,51
149,994,1257,PV2024060601,4269,1162,1443,147,60
150,157,472,Shia002992Vols,2673,472,628,89,35
150,111,677,Shia001432Vols,31652,1042,1413,183,38
150,909,1226,Shia001432Vols,31655,934,1265,189,68
151,662,1070,Shia001122Vols,2007,740,1165,210,54
151,0,863,Shia001432Vols,31653,176,786,271,36
151,972,1295,Shia001432Vols,31655,997,1350,205,66
151,0,872,Shia001237Vols,2502,316,950,330,42
151,1195,1295,Shia001237Vols,2503,0,100,79,100
151,662,1065,Shia001217Vols,4077,612,1048,217,56
151,662,1070,PV2024060601,2007,740,1165,210,54
152,190,699,Shia001138BK1,81,1015,1456,110,18
152,525,908,Shia001138BK1,83,1000,1376,159,47
152,525,856,Shia001138BK1,89,817,1190,170,51
152,610,913,Shia004012,28,453,654,133,57
152,633,1394,Shia001305,12,0,943,234,25
152,284,699,Shia001122Vols,2006,937,1359,146,37
152,277,589,Shia001122Vols,2007,740,1413,165,29
152,69,440,Shia001432Vols,31656,0,375,187,52
152,493,751,Shia001432Vols,31665,52,264,157,77
152,417,908,Shia001432Vols,31670,115,547,179,38
152,860,1390,Shia001432Vols,31696,0,320,179,43
152,0,428,Shia001237Vols,2503,103,497,263,77
152,318,1390,Shia001237Vols,2512,7,1032,324,27
152,417,1013,Shia001237Vols,2527,295,693,220,43
152,541,699,Shia001237Vols,2529,636,794,111,86
152,277,688,Shia001217Vols,4077,612,979,195,51
152,554,908,Shia001217Vols,4101,925,1240,157,52
152,493,908,Shia001217Vols,4103,773,1195,222,61
152,554,699,Shia001217Vols,4105,157,312,104,82
152,284,699,PV2024060601,2006,937,1359,146,37
152,277,589,PV2024060601,2007,740,1413,165,29
153,0,332,Shia001432Vols,31651,1098,1439,237,81
153,1286,1506,Shia001432Vols,31656,526,727,149,80
153,480,1004,Shia001432Vols,31690,426,1001,294,62
153,839,1055,Shia001432Vols,31699,49,259,160,94
153,284,1506,Shia001217Vols,4129,0,858,577,57
154,337,617,Shia001432Vols,31648,1135,1396,198,87
154,617,1473,Shia001432Vols,31649,0,790,586,82
154,51,488,Shia001432Vols,31690,435,979,232,51
154,215,1018,Shia001237Vols,2549,761,1535,522,77
154,1023,1448,Shia001237Vols,2550,0,488,265,58
154,337,764,Shia001217Vols,4103,1028,1415,286,80
154,51,488,Shia001217Vols,4129,109,604,238,52
155,1340,1514,Shia004012,25,516,706,113,69
155,1130,1514,Shia001305,11,372,793,278,79
155,1123,1514,Shia001357,159,970,1387,281,84
155,1166,1394,Shia001432Vols,31639,42,236,114,58
155,1123,1514,Shia001432Vols,31649,826,1213,254,76
155,83,1024,Shia001432Vols,31698,655,1535,679,87
155,905,1024,Shia001237Vols,2513,1133,1253,93,97
155,1123,1514,Shia001237Vols,2519,541,952,268,79
155,1116,1394,Shia001237Vols,2533,959,1256,142,58
155,1166,1514,Shia001217Vols,4099,467,793,218,75
155,1123,1394,Shia001217Vols,4104,230,580,125,39
155,0,615,Shia001217Vols,4129,1056,1404,238,47
155,1202,1514,Shia001217Vols,4130,0,287,213,86
155,1202,1514,Zaydiyya0000302,1557,463,762,214,81
155,1265,1514,Shia000107Vols,2784,996,1263,142,64
155,1202,1514,PV2024060601,7683,637,936,214,81
155,1205,1376,Shia001380,33,538,708,101,61
156,758,1191,Shia001615Vols,1188,213,613,191,42
156,812,1191,Shia001432Vols,31443,246,653,149,41
156,0,240,Shia001432Vols,31649,1213,1451,147,71
156,240,786,Shia001432Vols,31650,0,484,218,39
156,607,1246,Shia001432Vols,31650,877,1422,410,80
156,674,999,Shia001432Vols,31670,1094,1375,191,72
156,607,1355,Shia001237Vols,2550,304,971,480,78
156,644,972,Shia001217Vols,4104,982,1303,189,63
156,0,423,Shia001217Vols,4130,287,620,249,76
157,618,906,Shia003690,20,897,1213,175,64
157,0,745,Shia001432Vols,31650,251,1040,439,66
157,588,1422,Shia001432Vols,31651,29,705,437,63
157,588,1259,Shia001237Vols,2550,902,1366,256,43
157,113,1330,Shia001217Vols,4130,692,1379,433,43
158,196,951,Shia001432Vols,31675,740,1434,348,49
158,951,1063,Shia001432Vols,31676,0,121,88,91
158,289,1249,Shia001217Vols,4131,0,777,507,63
159,510,780,Masaha001978Vols,611,0,243,159,70
159,236,654,Shia001142Vols,252,426,806,136,32
159,352,1212,Shia001138BK1,81,643,1462,397,48
159,303,543,Shia001149Vols,539,1093,1246,103,55
159,319,766,Shia000234Vols,6809,162,577,183,46
159,211,497,Shia001305,62,1157,1367,145,64
159,319,497,Shia001544Vols,1017,484,673,121,81
159,308,497,Shia000806Vols,199,829,1014,139,94
159,244,579,Shia001122Vols,2005,27,279,160,62
159,249,658,Shia001122Vols,2011,125,462,200,60
159,211,654,Shia001357,3,682,1296,180,32
159,343,1209,Shia001357,149,612,1389,383,50
159,236,630,Shia001140Vols,466,826,1180,188,55
159,249,658,Shia001432Vols,31314,482,772,145,40
159,241,579,Shia001432Vols,31316,744,1035,192,70
159,241,780,Shia001432Vols,31338,121,457,146,31
159,338,775,Shia001432Vols,31693,232,660,170,40
159,1030,1402,Shia001432Vols,31693,506,793,160,50
159,0,938,Shia001432Vols,31699,116,1064,375,38
159,177,497,Shia001237Vols,2472,276,592,237,92
159,330,1223,Shia001237Vols,2511,875,1405,308,40
159,1059,1272,Shia001237Vols,2512,0,463,132,34
159,222,579,Shia001217Vols,4030,471,729,159,58
159,249,780,Shia001217Vols,4034,708,884,123,29
159,352,877,Shia001217Vols,4077,712,1343,175,26
159,832,1176,Shia001217Vols,4082,724,1014,186,63
159,0,398,Shia001217Vols,4104,910,1177,88,22
159,182,658,Shia001217Vols,4157,243,707,201,43
159,241,654,Shia001217Vols,4172,1029,1411,173,41
159,543,877,Zaydiyya0000302,1558,1100,1384,137,42
159,241,497,Zaydiyya0000302,1586,1267,1434,123,61
159,241,658,Zaydiyya0000302,1597,50,357,151,41
159,244,579,PV2024060601,2005,27,279,160,62
159,249,658,PV2024060601,2011,125,462,200,60
159,303,543,PV2024060601,4268,304,457,103,55
159,266,497,PV2024060601,7713,0,140,109,60
159,241,658,PV2024060601,7723,208,515,150,39
160,797,951,Shia002984Vols,1059,1063,1217,121,100
160,838,1045,Shia001171,252,1030,1215,119,64
160,759,1090,Shia001357,149,813,1038,129,46
160,565,1166,Shia001432Vols,31699,322,955,310,56
160,759,1020,Shia001432Vols,31963,1069,1341,174,73
160,759,1058,Shia001237Vols,2579,479,1006,216,50
160,527,1153,Shia001217Vols,4077,572,1311,205,27
161,421,1218,Shia001432Vols,31699,819,1395,356,56
161,1218,1372,Shia001432Vols,31700,0,136,86,72
161,995,1268,Shia001237Vols,2538,33,371,103,35
162,181,717,Shia001423Vols,910,652,1453,134,18
162,810,1309,Shia001142Vols,252,257,697,201,44
162,1110,1233,Shia001149Vols,539,1093,1217,96,99
162,826,1233,Shia001305,62,1059,1367,171,48
162,1043,1400,Shia001122Vols,2011,118,458,161,47
162,925,1388,Shia001140Vols,466,826,1189,188,49
162,966,1400,Shia001432Vols,31314,355,768,164,40
162,1062,1400,Shia001432Vols,31316,768,1239,163,38
162,810,1402,Shia001432Vols,31699,68,678,208,37
162,346,1171,Shia001432Vols,31700,157,762,395,61
162,998,1233,Shia001237Vols,2472,286,592,150,60
162,346,1171,Shia001237Vols,2514,94,695,448,69
162,817,1366,Shia001217Vols,4030,405,826,204,41
162,952,1402,Shia001217Vols,4157,297,610,181,50
162,892,1400,Shia001217Vols,4172,984,1411,188,41
162,952,1233,Zaydiyya0000302,1586,1253,1434,140,64
162,892,1338,Zaydiyya0000302,1597,20,287,164,47
162,1043,1400,PV2024060601,2011,118,458,161,47
162,1110,1233,PV2024060601,4268,304,428,96,99
162,1073,1233,PV2024060601,7713,0,140,109,86
162,892,1338,PV2024060601,7723,178,445,167,48
163,816,1448,Masaha001978Vols,619,689,1184,294,54
163,594,1031,Shia001615Vols,1186,255,718,150,32
163,880,1206,Shia001615Vols,1188,662,880,171,65
163,587,1376,Shia001305,10,321,983,397,57
163,602,796,Shia000070Vols,354,40,221,141,90
163,0,219,Shia000806Vols,199,888,1014,95,54
163,627,796,Shia000075Vols,1728,713,874,128,93
163,772,1253,Shia002389Vols,2384,6,409,279,70
163,972,1369,Shia000317Vols,6927,1052,1433,243,68
163,536,1109,Shia001357,158,969,1403,199,35
163,1109,1448,Shia001357,159,0,322,184,63
163,0,366,Shia001432Vols,31316,872,1136,137,46
163,673,1031,Shia001432Vols,31637,0,283,155,52
163,547,1424,Shia001432Vols,31674,164,830,386,53
163,318,796,Shia001432Vols,31675,263,734,217,43
163,0,346,Shia001432Vols,31699,429,675,127,41
163,430,796,Shia001432Vols,33405,1168,1556,284,89
163,489,796,Shia001217Vols,4079,880,1171,183,70
163,808,1369,Shia001217Vols,4089,880,1381,335,68
163,251,836,Shia001217Vols,4098,701,1348,326,58
163,808,1369,Zaydiyya0000302,1556,988,1430,324,70
163,808,1195,PV2024060601,7682,1142,1414,203,66
164,35,901,Shia001423Vols,910,319,1241,402,45
164,808,1307,Shia001138BK1,87,637,1112,208,38
164,808,1317,Shia001305,11,609,1182,245,52
164,1152,1264,Shia001357,160,0,130,89,86
164,0,258,Shia003026VolsBK2,1101,1010,1221,130,64
164,35,649,Shia001432Vols,31635,50,608,238,39
164,811,1264,Shia001432Vols,31656,565,975,166,37
164,9,649,Shia001432Vols,31674,852,1413,292,51
164,0,298,Shia001432Vols,31675,43,327,159,60
164,1018,1307,Shia001237Vols,2503,294,635,187,67
164,713,1192,Shia001217Vols,4090,652,1050,236,64
164,0,298,Shia001217Vols,4090,507,797,157,58
165,365,900,Masaha001978Vols,612,788,1327,420,93
165,0,479,Masaha001978Vols,619,405,859,304,80
165,27,334,AOCP20250214687,98,735,1036,196,74
165,0,900,Shia001138BK1,88,334,1224,687,92
165,24,467,Shia004012,27,882,1442,303,66
165,467,906,Shia004012,28,0,456,344,88
165,0,186,Shia001305,9,1223,1410,135,90
165,186,487,Shia001305,10,0,419,160,46
165,365,900,Shia001357,151,915,1446,420,94
165,0,487,Shia001357,158,556,1109,294,64
165,1221,1400,Shia001357,207,53,236,127,86
165,0,467,Shia001432Vols,31654,395,953,304,67
165,365,864,Shia001432Vols,31689,26,698,387,69
165,365,748,Shia001432Vols,31690,851,1074,156,49
165,1045,1418,Shia001432Vols,31691,508,860,259,86
165,24,751,Shia001432Vols,31757,765,1436,222,26
165,758,900,Shia001432Vols,31758,0,184,116,76
165,1045,1263,Shia001432Vols,31772,992,1201,122,63
165,1221,1400,Shia001432Vols,31773,1042,1221,143,100
165,365,667,Shia001237Vols,2509,19,329,236,92
165,1026,1418,Shia001237Vols,2510,573,947,285,92
165,1041,1263,Shia001237Vols,2543,0,207,139,77
165,1221,1400,Shia001237Vols,2544,20,194,139,97
165,1026,1263,Shia001237Vols,2561,1141,1352,147,75
165,1031,1216,Shia001237Vols,2562,1248,1428,126,85
165,60,441,Shia001217Vols,4084,0,432,246,69
165,0,244,Shia001217Vols,4095,1100,1340,189,97
165,24,409,Shia001217Vols,4121,693,1398,84,11
165,409,1168,Shia001217Vols,4122,0,625,303,39
165,365,906,Zaydiyya0000302,1564,862,1243,251,53
165,27,841,Shia002980Vols,239,910,1338,283,42
165,365,906,PV2024060601,7690,1034,1415,251,53
166,16,202,Shia001255Vols,989,130,318,106,67
166,0,256,Shia001138BK1,82,588,841,167,78
166,27,231,Shia004012,26,63,274,141,80
166,69,248,Shia001149Vols,541,469,650,107,68
166,0,256,Shia001122Vols,2007,965,1195,156,76
166,8,256,Shia001357,150,0,267,163,77
166,0,256,Shia001432Vols,31654,63,309,162,79
166,402,855,Shia001432Vols,31656,1014,1450,304,80
166,805,1184,Shia001432Vols,31691,876,1205,236,77
166,0,256,Shia001237Vols,2502,1048,1343,165,71
166,0,962,Shia001237Vols,2503,392,1154,406,46
166,805,1184,Shia001237Vols,2510,954,1314,263,86
166,0,240,Shia001217Vols,4077,853,1115,159,76
166,0,256,PV2024060601,2007,965,1195,156,76
166,69,248,PV2024060601,4269,1162,1343,107,68
167,615,1033,Shia001138BK1,82,1035,1374,226,62
167,1033,1449,Shia001138BK1,83,0,425,262,70
167,900,1243,Shia001138BK1,89,0,346,224,80
167,0,138,Shia001552,387,314,465,99,84
167,885,1309,Shia001122Vols,2006,922,1348,263,70
167,869,1314,Shia001357,150,259,809,293,65
167,0,756,Shia001432Vols,31650,349,994,430,65
167,505,1449,Shia001432Vols,31658,33,1159,526,52
167,814,1243,Shia001432Vols,31669,383,951,241,53
167,869,1177,Shia001432Vols,31776,26,323,209,80
167,561,1449,Shia001237Vols,2521,59,823,540,73
167,514,1243,Shia001237Vols,2526,658,1133,265,45
167,882,1309,Shia001237Vols,2529,239,753,232,50
167,0,138,Shia001237Vols,2553,907,1058,99,84
167,612,1069,Shia001217Vols,4083,149,603,169,36
167,814,1243,Shia001217Vols,4100,790,1266,236,53
167,814,1449,Shia001217Vols,4105,519,1146,263,50
167,5,752,Shia001217Vols,4130,673,1100,245,39
167,885,1309,PV2024060601,2006,922,1348,263,70
168,852,1050,Shia001423Vols,910,143,398,127,63
168,0,211,Shia001138BK1,83,425,638,153,88
168,0,167,Shia004012,26,394,549,115,84
168,0,233,Shia001432Vols,31658,1159,1382,140,71
168,447,875,Shia001432Vols,31659,0,361,254,74
168,15,147,Shia001432Vols,31774,1167,1302,105,97
168,0,211,Shia001237Vols,2521,823,1047,147,78
168,15,152,Shia001237Vols,2545,279,411,103,92
168,0,205,Shia001217Vols,4083,511,740,142,79
168,418,1439,Shia001217Vols,4087,50,786,503,60
169,0,1046,Shia001432Vols,31659,523,1442,482,46
169,1046,1407,Shia001432Vols,31660,0,368,233,73
169,11,829,Shia001237Vols,2521,668,1312,252,33
169,79,891,Shia001217Vols,4046,543,1156,218,26
169,768,1407,Shia001217Vols,4087,854,1338,344,68
169,76,460,Shia001217Vols,4090,948,1279,222,74
170,594,1407,Shia001432Vols,31660,604,1197,360,56
170,0,574,Shia001432Vols,31660,368,877,269,52
170,586,1060,Shia001237Vols,2521,789,1427,193,35
170,0,564,Shia001237Vols,2522,269,761,277,56
170,510,956,Shia001237Vols,2522,328,838,214,51
170,607,1012,Shia001217Vols,4046,592,1075,199,48
171,1256,1417,Masaha001978Vols,612,296,454,116,84
171,1125,1417,Shia001423Vols,910,143,504,180,61
171,892,1424,Shia001138BK1,83,464,895,261,55
171,1230,1424,Shia004012,26,556,740,145,93
171,1129,1417,Shia001134,12,386,649,154,65
171,1117,1417,Shia001134,123,599,869,150,56
171,1139,1417,Shia001552,398,870,1204,187,69
171,1090,1424,Shia001357,150,541,885,223,78
171,1199,1417,Shia001432Vols,15102,26,248,154,79
171,703,1347,Shia001432Vols,31660,184,834,267,40
171,207,1424,Shia001432Vols,31661,0,778,514,49
171,664,907,Shia001432Vols,31704,660,1120,85,22
171,1134,1417,Shia001237Vols,2508,1034,1288,173,74
171,289,887,Shia001237Vols,2517,595,958,209,41
171,910,1424,Shia001237Vols,2522,922,1361,262,55
171,22,386,Shia001237Vols,2522,685,1038,211,68
171,664,907,Shia001237Vols,2562,808,1054,79,32
171,1096,1424,Shia001217Vols,4101,38,359,234,86
172,460,618,Masaha000001Vols,397,84,213,91,73
172,460,618,Shia001174Vols,2162,756,887,92,74
172,460,618,Shia001122Vols,404,1167,1298,92,74
172,460,618,Shia002389Vols,831,695,826,92,74
172,460,618,Shia001432Vols,8209,577,708,92,74
172,447,761,Shia001432Vols,31650,1162,1368,110,41
172,0,651,Shia001432Vols,31661,778,1272,250,45
172,1202,1425,Shia001432Vols,31661,1116,1327,156,88
172,309,780,Shia001432Vols,31667,996,1420,259,63
172,780,1365,Shia001432Vols,31668,0,510,321,68
172,222,669,Shia001432Vols,31669,0,312,124,33
172,1197,1425,Shia001237Vols,2518,772,1010,177,94
172,100,669,Shia001237Vols,2526,235,717,158,32
172,339,773,Shia001237Vols,2533,793,1341,154,28
172,447,773,Shia001237Vols,2550,610,827,127,44
172,231,651,Shia001217Vols,4099,217,1034,149,19
172,90,1372,Shia001217Vols,4104,96,959,550,54
172,460,618,PV2024060601,404,1167,1298,92,74
173,1021,1437,Shia001138BK1,83,375,996,170,32
173,1075,1425,Shia001357,150,388,952,180,39
173,1075,1425,Shia001432Vols,31661,339,850,172,44
173,352,1425,Shia001432Vols,31667,27,630,431,50
173,54,708,Shia001432Vols,31668,345,744,299,56
173,46,452,Shia001432Vols,31688,49,499,176,43
173,366,983,Shia001432Vols,31780,757,968,149,30
173,179,1079,Shia001237Vols,2524,1041,1444,239,32
173,1079,1425,Shia001237Vols,2525,0,335,253,94
173,1134,1425,Shia001217Vols,4101,38,425,140,44
174,1211,1326,Masaha001978Vols,615,0,111,83,89
174,823,1304,Shia001305,45,457,977,189,40
174,927,1331,Shia001122Vols,2006,306,566,154,47
174,1142,1331,Shia001357,154,55,219,118,81
174,856,1129,Shia001432Vols,31316,1147,1419,214,99
174,766,1288,Shia001432Vols,31317,22,471,205,46
174,622,1026,Shia001432Vols,31661,228,722,163,42
174,0,809,Shia001432Vols,31667,646,1310,425,60
174,678,997,Shia001432Vols,31669,0,278,155,59
174,73,997,Shia001432Vols,31692,414,1245,265,28
174,76,341,Shia001237Vols,2511,543,953,141,40
174,0,789,Shia001237Vols,2525,342,1018,446,68
174,505,997,Shia001237Vols,2526,166,940,257,38
174,760,1331,Shia001217Vols,4100,73,439,146,25
174,927,1331,PV2024060601,2006,306,566,154,47
175,0,522,Masaha001978Vols,615,134,612,291,64
175,421,606,Shia001138BK1,88,1275,1471,125,79
175,907,1430,Shia001138BK1,89,0,407,285,68
175,0,551,Shia001138BK1,91,77,605,326,65
175,0,551,Shia001122Vols,2006,581,1076,301,60
175,902,1269,Shia001122Vols,2006,922,1265,251,85
175,853,1301,Shia001357,150,259,697,230,59
175,0,522,Shia001357,154,235,678,284,66
175,853,1377,Shia001432Vols,31658,336,781,262,59
175,0,471,Shia001432Vols,31668,927,1374,274,64
175,251,1430,Shia001432Vols,31669,38,1134,559,51
175,853,1184,Shia001432Vols,31776,26,323,212,73
175,853,1301,Shia001237Vols,2521,248,625,254,73
175,0,113,Shia001237Vols,2525,1291,1408,90,93
175,113,1430,Shia001237Vols,2526,0,1291,735,57
175,867,1394,Shia001237Vols,2529,191,700,286,63
175,421,907,Shia001217Vols,4099,906,1247,190,45
175,853,1423,Shia001217Vols,4100,824,1392,264,44
175,0,505,Shia001217Vols,4100,454,890,249,54
175,867,1211,Shia001217Vols,4105,550,879,218,75
175,902,1269,PV2024060601,2006,922,1265,251,85
175,0,551,PV2024060601,2006,581,1076,301,60
176,965,1113,Masaha001978Vols,613,1346,1502,116,92
176,1113,1336,Masaha001978Vols,614,0,218,171,96
176,541,905,Shia001138BK1,83,979,1413,204,58
176,0,1162,Shia001138BK1,89,407,1400,642,65
176,1162,1336,Shia001138BK1,90,0,169,131,95
176,638,905,Shia004012,28,453,682,154,72
176,401,517,Shia002984Vols,810,300,416,88,97
176,574,1043,Shia001305,11,866,1409,197,40
176,661,1075,Shia001305,12,0,653,176,34
176,401,727,Shia001122Vols,2006,993,1359,134,38
176,1002,1336,Shia001357,153,0,334,263,99
176,555,1072,Shia001432Vols,31662,809,1301,285,70
176,797,1336,Shia001432Vols,31665,572,1175,341,70
176,582,875,Shia001432Vols,31665,56,399,172,65
176,0,192,Shia001432Vols,31669,1134,1316,120,80
176,395,1072,Shia001432Vols,31670,4,704,409,67
176,686,905,Shia001432Vols,31711,602,954,86,29
176,947,1336,Shia001237Vols,2523,988,1370,297,96
176,102,1072,Shia001237Vols,2527,0,852,488,55
176,555,727,Shia001237Vols,2529,555,794,117,60
176,0,1002,Shia001217Vols,4101,533,1361,469,52
176,510,1016,Shia001217Vols,4105,96,598,152,28
176,401,727,PV2024060601,2006,993,1359,134,38
177,49,1317,Masaha001978Vols,614,218,1462,885,83
177,49,1370,Shia001138BK1,90,169,1443,912,82
177,1282,1445,Shia001122Vols,2006,408,581,110,73
177,49,1197,Shia001357,153,334,1459,851,89
177,1197,1445,Shia001357,154,0,235,143,64
177,49,297,Shia001432Vols,31665,1175,1426,187,93
177,297,1398,Shia001432Vols,31666,0,1164,720,69
177,1277,1445,Shia001432Vols,31668,752,927,120,87
177,95,1398,Shia001237Vols,2524,0,1299,906,84
177,1256,1445,Shia001217Vols,4100,207,454,105,45
177,542,1398,Shia001217Vols,4102,40,887,454,55
177,1282,1445,PV2024060601,2006,408,581,110,73
178,0,474,Masaha001978Vols,615,134,578,273,65
178,0,474,Shia001138BK1,91,77,538,268,66
178,1167,1381,Shia001615Vols,1188,213,452,166,88
178,349,783,Shia001305,45,430,773,110,26
178,0,420,Shia001122Vols,2006,581,979,260,71
178,0,474,Shia001357,154,235,644,265,66
178,1044,1406,Shia001432Vols,31650,877,1206,195,60
178,0,416,Shia001432Vols,31668,927,1308,255,73
178,275,1387,Shia001432Vols,31670,517,1367,582,66
178,121,465,Shia001237Vols,2526,0,299,208,76
178,275,1044,Shia001237Vols,2527,663,1232,386,63
178,1044,1365,Shia001237Vols,2550,304,620,199,68
178,0,465,Shia001217Vols,4100,454,886,244,58
178,1063,1365,Shia001217Vols,4104,1012,1303,210,86
178,389,730,Shia001217Vols,4104,855,1230,74,16
178,0,420,PV2024060601,2006,581,979,260,71
179,1254,1396,Shia001255Vols,1080,200,330,102,90
179,22,609,Shia001138BK1,83,1012,1424,295,63
179,1163,1460,Shia001138BK1,87,217,518,204,76
179,22,489,Shia001138BK1,89,829,1252,172,35
179,79,328,Shia004012,26,807,996,136,70
179,94,302,Shia001171,221,130,286,117,69
179,102,602,Shia001305,12,0,390,164,33
179,1301,1455,Shia001362Vols,369,730,883,122,97
179,25,273,Shia001122Vols,2006,1223,1408,145,74
179,22,920,Shia001357,150,272,760,211,29
179,193,609,Shia001432Vols,31443,246,664,130,37
179,441,920,Shia001432Vols,31658,349,813,196,38
179,22,687,Shia001432Vols,31662,816,1407,265,37
179,1169,1460,Shia001432Vols,31665,280,538,195,82
179,346,849,Shia001432Vols,31669,448,959,237,52
179,30,411,Shia001432Vols,31671,0,336,207,62
179,1206,1460,Shia001432Vols,31707,720,968,181,86
179,441,710,Shia001432Vols,31776,39,323,189,81
179,441,913,Shia001237Vols,2521,261,862,264,53
179,346,920,Shia001237Vols,2526,724,1308,247,43
179,22,506,Shia001237Vols,2527,349,646,164,41
179,0,302,Shia001237Vols,2529,633,873,188,79
179,1239,1460,Shia001237Vols,2533,163,377,171,95
179,1275,1455,Shia000042,465,485,656,132,88
179,22,872,Shia001217Vols,4100,821,1364,259,36
179,22,743,Shia001217Vols,4105,173,884,396,58
179,1169,1460,Shia001217Vols,4110,1108,1385,192,79
179,0,377,Zaydiyya0000302,1557,798,1070,168,54
179,1326,1460,Shia002980Vols,239,1351,1496,108,87
179,25,273,PV2024060601,2006,1223,1408,145,74
179,0,377,PV2024060601,7683,972,1244,168,54
180,79,650,Shia001423Vols,905,452,852,171,38
180,353,650,Shia001423Vols,1313,615,861,147,54
180,49,650,Shia001552,401,296,668,190,39
180,389,633,Shia001432Vols,15103,1374,1509,104,52
180,389,674,Shia001432Vols,31645,1004,1148,103,46
180,40,376,Shia001432Vols,31700,649,939,200,72
180,666,1481,Shia001432Vols,31702,116,911,623,92
180,339,687,Shia001432Vols,31703,277,500,161,58
180,35,217,Shia001237Vols,2513,1278,1443,128,89
180,389,712,Shia001237Vols,2520,341,540,135,51
180,345,1308,Shia001237Vols,2530,366,1417,604,61
180,325,687,Shia001237Vols,2531,880,1135,173,57
180,389,674,Shia001217Vols,4152,360,521,119,53
181,178,361,Shia001615Vols,3124,1029,1215,142,97
181,1119,1356,Shia001305,11,60,300,177,90
181,1121,1356,Shia001357,159,744,961,166,89
181,586,1000,Shia001432Vols,31657,4,411,322,98
181,1091,1428,Shia001432Vols,31672,335,692,194,60
181,93,945,Shia001237Vols,2503,592,1449,415,50
181,93,651,Shia001237Vols,2504,62,621,322,61
181,1138,1356,Shia001237Vols,2504,471,684,132,74
182,22,355,Shia001134,123,754,1113,142,40
182,739,1170,Shia001432Vols,31445,128,664,223,42
182,0,967,Shia001432Vols,31672,692,1385,437,54
182,1087,1399,Shia001432Vols,31673,4,314,226,85
182,0,355,Shia001432Vols,31681,331,678,210,68
182,0,967,Shia001237Vols,2504,560,1292,459,53
182,1114,1399,Shia001237Vols,2505,0,314,220,87
183,1264,1402,Masaha001978Vols,619,1137,1275,103,96
183,413,956,Shia001138BK1,85,387,835,252,51
183,504,719,Shia003690,23,0,586,135,27
183,1146,1402,Shia001305,10,881,1222,145,55
183,1146,1402,Shia001357,159,149,450,155,59
183,1251,1402,Shia001432Vols,30968,714,856,108,92
183,1251,1402,Shia001432Vols,31210,766,908,108,92
183,1251,1402,Shia001432Vols,31585,477,619,108,92
183,101,416,Shia001432Vols,31672,1189,1486,199,78
183,32,1378,Shia001432Vols,31673,314,1275,616,55
183,416,801,Shia001432Vols,31752,0,357,240,74
183,84,416,Shia001237Vols,2504,1055,1386,225,79
183,731,1378,Shia001237Vols,2505,367,906,363,69
183,1251,1402,Shia001217Vols,4097,963,1117,111,93
183,413,956,Shia001217Vols,4143,4,545,276,53
183,1251,1402,Zaydiyya0000302,1557,27,169,101,85
183,1146,1402,PV2024060601,7683,87,343,121,52
184,0,184,Masaha001978Vols,619,1275,1457,141,96
184,890,1442,AOCP20250214687,97,730,1171,336,76
184,710,1442,Shia001138BK1,86,211,1113,546,74
184,774,1442,Shia004012,27,0,495,376,70
184,628,1299,Shia001171,220,1002,1536,335,62
184,1299,1442,Shia001171,221,0,140,109,95
184,761,1442,Shia001149Vols,540,375,972,439,78
184,710,1442,Shia001134,124,234,963,547,92
184,0,647,Shia001615Vols,3102,73,516,319,62
184,1304,1418,Shamela0010517,2670,575,677,79,87
184,0,218,Shia001305,10,1222,1439,173,99
184,1035,1442,Shia001362Vols,369,288,702,267,79
184,622,1442,Zaydiyya0000236,428,180,974,437,54
184,0,278,Rafed0001915,141,13,312,186,73
184,617,1128,Shia001122Vols,2005,954,1426,340,81
184,1242,1444,Shia001122Vols,2006,4,208,155,96
184,0,278,Shia003633,4,833,1110,215,98
184,710,1442,Shia001334,178,3,744,502,79
184,774,1442,Shia001357,151,250,902,504,95
184,0,280,Shia001357,159,450,730,220,99
184,0,278,Shia001432Vols,30968,856,1133,215,98
184,0,285,Shia001432Vols,31210,908,1194,216,95
184,0,823,Shia001432Vols,31585,619,1236,367,53
184,688,1040,Shia001432Vols,31663,195,463,183,64
184,635,1444,Shia001432Vols,31706,401,1089,479,74
184,728,1220,Shia001432Vols,31709,407,603,87,20
184,1253,1442,Shia001432Vols,31710,1053,1385,105,34
184,668,1049,Shia001237Vols,2523,58,322,181,59
184,622,1444,Shia001237Vols,2532,135,1008,606,85
184,710,1220,Shia001237Vols,2534,1020,1233,103,22
184,1258,1442,Shia000042,464,902,1094,121,81
184,10,274,Shia001217Vols,4097,1129,1391,208,99
184,622,1442,Shia001217Vols,4107,363,1144,557,84
184,1253,1409,Shia001217Vols,4108,1239,1400,97,77
184,0,395,Zaydiyya0000302,1557,172,564,235,64
184,622,1442,Zaydiyya0000302,1559,270,901,440,68
184,1296,1442,Zaydiyya0000302,1562,979,1115,105,90
184,774,1442,Shia000107Vols,2785,45,542,362,69
184,617,1128,PV2024060601,2005,954,1426,340,81
184,1242,1444,PV2024060601,2006,4,208,155,96
184,761,1269,PV2024060601,4268,1062,1469,308,75
184,1269,1442,PV2024060601,4269,0,189,131,86
184,0,395,PV2024060601,7683,346,738,235,64
184,622,1442,PV2024060601,7685,426,1057,440,68
184,1296,1442,PV2024060601,7688,1129,1265,105,90
185,1387,1529,Shia001255Vols,1080,200,330,102,90
185,265,553,Shia001138BK1,86,1143,1445,179,72
185,571,775,Shia001138BK1,87,4,217,147,85
185,1353,1529,Shia001138BK1,87,270,443,129,93
185,507,775,Shia001148,329,606,865,184,83
185,342,775,Shia001149Vols,540,982,1392,224,55
185,113,488,Shia003026VolsBK2,1066,987,1262,208,69
185,1372,1534,Shia001432Vols,31665,320,479,114,86
185,434,775,Shia001432Vols,31706,958,1467,216,50
185,896,1534,Shia001432Vols,31707,512,906,274,52
185,434,775,Shia001237Vols,2532,877,1293,222,65
185,1349,1534,Shia001237Vols,2533,151,318,130,87
185,342,665,Shia001237Vols,2533,0,298,174,61
185,1408,1534,Shia000042,465,485,599,91,88
185,540,775,Shia000042,465,228,480,169,84
185,507,771,Shia001217Vols,4109,175,414,178,81
185,1353,1529,Shia001217Vols,4110,1145,1306,119,87
185,314,556,Shia001217Vols,4110,730,1030,112,48
185,507,760,Zaydiyya0000302,1562,1194,1410,149,73
185,342,775,PV2024060601,4269,199,609,224,55
185,600,775,PV2024060601,7689,7,161,113,79
186,91,350,Shia001423Vols,936,1208,1455,131,60
186,843,1023,Shia001171,221,1132,1316,141,93
186,843,1023,Shia001615Vols,1584,1234,1397,130,90
186,91,350,Shia001305,11,420,676,141,57
186,805,1264,Shia001305,15,5,480,213,45
186,843,1023,Zaydiyya0000236,424,935,1128,144,92
186,71,353,Shia001357,159,985,1275,154,56
186,486,1186,Shia001357,162,907,1407,278,44
186,111,338,Shia001432Vols,31685,117,326,107,57
186,111,573,Shia001432Vols,31708,297,704,279,75
186,830,1443,Shia001432Vols,31708,442,1077,289,45
186,774,1023,Shia001432Vols,31710,251,510,187,88
186,774,1118,Shia001432Vols,31713,1042,1404,204,62
186,125,565,Shia001237Vols,2519,643,1042,140,29
186,106,537,Shia001237Vols,2533,1038,1461,292,82
186,1115,1443,Shia001237Vols,2534,0,311,223,83
186,750,1198,Shia001237Vols,2537,844,1429,235,49
186,830,1443,Shia000042,465,694,1055,154,28
186,1083,1443,Shia001217Vols,4109,565,1006,174,44
186,862,1264,Shia001217Vols,4117,8,442,202,49
186,758,1219,Zaydiyya0000302,1563,460,929,231,52
186,758,1219,PV2024060601,7689,611,1080,231,52
186,128,350,Shia001380,33,538,763,109,53
187,1245,1468,Shia001305,13,908,1113,157,90
187,1245,1468,Shia001357,161,615,821,159,91
187,399,850,Shia001432Vols,31707,1077,1496,330,90
187,850,1325,Shia001432Vols,31708,0,425,235,52
187,1251,1434,Shia001432Vols,31708,1281,1468,139,94
187,499,1095,Shia001237Vols,2532,243,913,176,25
187,394,1126,Shia001237Vols,2533,504,1038,391,65
187,0,588,Shia001237Vols,2534,311,691,184,36
187,1251,1468,Shia001237Vols,2534,482,698,160,91
187,394,1010,Shia001237Vols,2542,35,422,272,52
187,0,373,Shia000042,465,1055,1224,116,37
187,11,588,Shia001217Vols,4109,1006,1315,139,25
187,523,1001,Shia001217Vols,4122,1222,1460,177,45
188,0,522,Shia001171,221,862,1267,248,56
188,374,487,Shia001149Vols,540,375,879,66,16
188,0,267,Shamela0010517,50,220,461,180,81
188,0,267,Shamela0010517,2668,871,1112,180,81
188,4,1108,Shia001305,12,32,684,259,28
188,0,310,Shia001305,13,1113,1416,224,90
188,944,1429,Shia001305,14,0,483,355,90
188,8,206,Shia001362Vols,369,952,1159,150,88
188,925,1279,Shia002389Vols,1385,1141,1491,254,89
188,295,1108,Shia001357,160,243,673,187,27
188,0,471,Shia001357,161,821,1280,275,68
188,922,1250,Shia001357,161,1106,1420,227,85
188,1250,1429,Shia001357,162,0,176,127,88
188,0,1429,Shia001432Vols,31709,35,1147,742,61
188,300,905,Shia001432Vols,31715,810,963,110,23
188,344,539,Shia001237Vols,2532,287,775,99,23
188,0,1067,Shia001237Vols,2534,698,1380,506,60
188,1067,1429,Shia001237Vols,2535,0,367,265,89
188,56,476,Shia000042,465,0,361,206,52
188,319,539,Shia001217Vols,4107,425,933,103,23
188,0,467,Shia001217Vols,4108,242,711,286,70
188,922,1429,Shia001217Vols,4108,531,1018,364,90
188,295,880,Shia001217Vols,4111,1109,1352,183,39
188,303,899,Zaydiyya0000302,1560,1207,1371,118,25
188,925,1429,Zaydiyya0000302,1562,266,735,329,82
188,0,374,Zaydiyya0000302,1562,0,346,247,79
188,331,1025,PV2024060601,7687,3,222,127,24
188,0,374,PV2024060601,7688,150,496,247,79
188,925,1429,PV2024060601,7688,416,885,329,82
189,1311,1462,Shia003690,30,637,818,92,62
189,404,1298,Shia001305,15,441,1147,425,53
189,1189,1455,Shia001357,162,998,1417,156,44
189,447,1298,Shia001357,163,84,671,405,59
189,0,126,Shia001432Vols,31709,1147,1262,89,91
189,418,969,Shia001432Vols,31721,902,1393,341,78
189,411,653,Shia001237Vols,2537,1181,1464,163,70
189,653,1468,Shia001237Vols,2538,0,578,406,62
189,597,867,Shia000042,503,700,999,157,62
189,1195,1462,Shia001217Vols,4113,20,430,140,41
189,404,867,Shia001217Vols,4117,695,1054,200,50
190,688,1012,Shia003690,31,270,585,195,69
190,688,842,Shia001357,159,744,1272,105,25
190,610,830,Shia001357,163,258,645,84,25
190,610,816,Shia001432Vols,31704,902,1116,93,49
190,610,1177,Shia001432Vols,31712,75,700,267,44
190,0,1177,Shia001432Vols,31722,337,1268,542,52
190,1199,1420,Shia001432Vols,31886,596,807,166,95
190,1048,1420,Shia001237Vols,1918,837,1146,133,37
190,1048,1346,Shia001237Vols,2466,1167,1472,133,47
190,0,235,Shia001237Vols,2538,578,824,161,79
190,625,1420,Shia001237Vols,2538,724,1369,392,54
190,1199,1420,Shia001237Vols,2554,285,496,166,95
190,610,816,Shia001237Vols,2562,906,1050,84,52
190,1226,1346,Shia001237Vols,2889,219,360,89,80
190,1226,1346,Shia001237Vols,2989,71,218,94,80
190,1081,1416,Shia001237Vols,4446,546,804,113,40
190,1048,1346,Shia001237Vols,4644,720,1003,107,35
190,718,1177,Shia001217Vols,4113,0,408,286,74
190,1199,1416,Shia002980Vols,233,975,1183,163,94
191,60,465,Zaydiyya0000236,432,1227,1599,268,77
191,465,1502,Zaydiyya0000236,433,0,932,629,71
191,421,1019,Masaha001075,420,379,781,249,47
191,60,820,Shia001432Vols,31886,807,1576,607,96
191,820,1502,Shia001432Vols,31887,0,674,522,95
191,101,300,Shia001237Vols,2539,0,210,158,94
191,74,417,Shia001237Vols,2548,974,1384,231,66
191,60,1353,Shia001237Vols,2554,496,1469,659,57
191,60,294,Shia000042,503,1246,1487,162,77
191,307,1502,Shia000042,504,0,1188,792,76
191,60,274,Shia001217Vols,4117,983,1394,155,46
191,67,1202,Shia001217Vols,4137,769,1448,448,46
191,1202,1447,Shia001217Vols,4138,0,236,167,83
191,294,553,Shia002980Vols,235,128,394,206,95
192,1145,1422,Shia001362Vols,656,471,624,77,30
192,1145,1542,Shia001362Vols,851,659,1376,199,29
192,1100,1486,Zaydiyya0000236,47,9,326,124,30
192,1145,1550,Zaydiyya0000236,276,297,628,168,42
192,1145,1542,Zaydiyya0000236,418,818,1205,181,43
192,0,284,Zaydiyya0000236,433,932,1253,196,74
192,847,1157,Zaydiyya0000236,433,1253,1504,172,64
192,1140,1542,Zaydiyya0000236,434,14,422,315,90
192,1121,1550,Zaydiyya0000236,442,184,602,201,45
192,1114,1542,Shia001386,48,488,885,184,41
192,1145,1511,Shia001386,61,1264,1609,270,87
192,1140,1502,Shia001386,63,798,939,107,36
192,1145,1542,Masaha001075,420,862,1225,281,83
192,1145,1366,Masaha001075,427,966,1536,103,19
192,1366,1542,Masaha001075,428,0,150,98,64
192,1145,1550,Shia001357,220,269,1066,129,16
192,1114,1542,Shia001357,229,911,1330,299,78
192,1140,1502,Shia001357,231,419,546,97,33
192,1152,1386,Shia001432Vols,31789,455,646,77,34
192,1145,1550,Shia001432Vols,31828,14,353,175,43
192,822,1296,Shia001432Vols,31887,943,1447,357,88
192,0,284,Shia001432Vols,31887,674,964,224,97
192,1301,1550,Shia001432Vols,31888,7,238,185,90
192,1093,1542,Shia001432Vols,31890,159,623,319,77
192,388,843,Shia001432Vols,31896,929,1377,357,94
192,1236,1542,Shia001432Vols,31927,36,284,161,64
192,1121,1550,Shia001237Vols,2619,685,1103,201,45
192,0,272,Shia000042,504,1188,1472,196,82
192,847,1542,Shia000042,505,12,680,459,73
192,847,988,Shia002980Vols,238,645,780,104,94
192,1145,1542,Shia003705,117,954,1324,283,83
193,0,1535,Zaydiyya0000236,434,482,1632,796,58
193,0,1583,Shia001386,62,91,1298,810,55
193,0,628,Masaha001075,420,1285,1634,235,42
193,628,1583,Masaha001075,421,0,889,606,67
193,0,516,Shia001357,229,1390,1570,148,34
193,523,1583,Shia001357,230,64,959,661,72
193,0,1583,Shia001432Vols,31888,238,1381,903,68
193,0,1221,Shia001432Vols,31890,683,1533,596,56
193,1159,1583,Shia001432Vols,31891,0,319,254,69
193,109,314,Shia001432Vols,31896,1377,1565,148,85
193,0,1194,Shia000042,505,740,1569,585,56
193,1194,1583,Shia000042,506,0,281,228,68
193,0,500,Shia003705,117,1384,1548,135,32
193,500,1583,Shia003705,118,0,993,688,70
194,0,1497,Zaydiyya0000236,435,49,1201,780,59
194,0,435,Zaydiyya0000236,442,1183,1557,217,56
194,0,349,Shia001386,62,1298,1623,242,81
194,349,1275,Shia001386,63,0,815,494,59
194,0,854,Masaha001075,421,889,1585,498,68
194,854,1497,Masaha001075,422,36,413,261,48
194,0,834,Shia001357,230,959,1615,480,67
194,834,1275,Shia001357,231,10,436,256,66
194,0,248,Shia001432Vols,31888,1381,1587,166,80
194,248,1233,Shia001432Vols,31889,0,852,652,79
194,0,1275,Shia001432Vols,31891,319,1438,737,65
194,1259,1389,Shia001432Vols,31897,1469,1621,98,77
194,0,435,Shia001237Vols,2620,59,433,214,55
194,0,1275,Shia000042,506,281,1407,743,65
194,0,770,Shia003705,118,993,1606,449,68
194,770,1497,Shia003705,119,0,527,335,51
195,0,197,Rafed002622,1,195,393,156,95
195,0,372,Zaydiyya0000236,435,1201,1540,216,64
195,394,767,Zaydiyya0000236,436,0,328,254,83
195,0,712,Shia001386,63,818,1536,432,65
195,904,1285,Shia001122Vols,2014,527,916,187,47
195,0,625,Masaha001075,422,413,1075,369,60
195,801,1112,Shia001357,160,1004,1364,200,63
195,0,625,Shia001357,231,439,1052,386,67
195,801,1112,Shia001432Vols,31712,837,1460,198,37
195,0,717,Shia001432Vols,31889,882,1561,545,93
195,0,184,Shia001432Vols,31891,1441,1606,132,86
195,184,767,Shia001432Vols,31892,0,569,325,61
195,801,1296,Shia001237Vols,2536,400,1058,255,45
195,515,820,Shia001237Vols,2622,8,636,171,32
195,0,197,Shia000042,506,1410,1594,144,88
195,221,767,Shia000042,507,0,536,319,64
195,801,1296,Shia001217Vols,4112,299,853,231,49
195,801,1112,Zaydiyya0000302,1561,458,773,178,67
195,0,667,Shia003705,119,527,1186,410,66
195,970,1112,Shia001324,16,984,1191,115,68
195,904,1285,PV2024060601,2014,527,916,187,47
195,801,1112,PV2024060601,7687,600,915,178,67
196,212,624,Shia001423Vols,937,897,1319,262,67
196,735,946,Shia001149Vols,541,897,1119,139,76
196,250,486,Shia001615Vols,1584,992,1205,167,85
196,212,750,Shia001305,12,890,1397,340,76
196,750,1528,Shia001305,13,0,569,282,36
196,212,844,Shia001362Vols,849,390,1042,330,54
196,243,624,Zaydiyya0000236,421,1202,1622,292,83
196,236,624,Shia003749,4,993,1338,226,65
196,212,935,Shia001357,160,889,1425,322,54
196,1155,1524,Shia001357,161,141,302,125,42
196,896,1458,Shia003026VolsBK2,1063,484,770,226,50
196,193,624,Shia001432Vols,3215,957,1380,336,96
196,212,526,Shia001432Vols,3236,1196,1489,191,68
196,193,890,Shia001432Vols,31712,688,1460,456,68
196,650,1528,Shia001432Vols,31713,17,687,427,55
196,193,1249,Shia001237Vols,2536,250,1249,583,56
196,306,953,Shia000042,541,0,368,214,36
196,212,1520,Shia001217Vols,4112,190,1233,529,46
196,212,844,Shia001217Vols,4113,1040,1424,219,43
196,212,925,Zaydiyya0000302,1561,362,801,259,42
196,735,946,PV2024060601,4270,144,366,139,76
196,212,925,PV2024060601,7687,504,943,259,42
197,716,907,Shia001171,221,1132,1327,143,89
197,716,896,Shia001615Vols,1584,1234,1397,131,90
197,0,283,Shia001305,13,569,848,196,83
197,673,1001,Shia001305,15,0,448,209,59
197,903,1219,Shia001362Vols,848,812,1178,226,77
197,716,1033,Zaydiyya0000236,424,935,1184,174,66
197,0,176,Shia001357,161,307,869,110,24
197,579,1001,Shia001357,162,907,1414,279,70
197,907,1219,Shia001432Vols,30232,131,470,227,83
197,109,1026,Shia001432Vols,31710,0,593,391,52
197,0,896,Shia001432Vols,31713,687,1303,448,61
197,942,1219,Shia001432Vols,31932,222,491,210,97
197,0,896,Shia001237Vols,2537,498,1155,490,68
197,942,1219,Shia000042,557,476,748,206,94
197,716,1219,Shia001217Vols,4114,562,1045,283,65
197,9,731,Shia001217Vols,4116,1043,1425,279,50
197,735,1001,Shia001217Vols,4117,8,413,166,52
197,579,896,Zaydiyya0000302,1563,441,730,221,86
197,579,896,PV2024060601,7689,592,881,221,86
198,819,1169,Shia003690,31,270,602,199,60
198,819,1245,Shia001305,12,178,529,142,34
198,830,1245,Shia001305,15,617,959,105,25
198,157,715,Shia001362Vols,849,948,1509,289,52
198,825,1245,Shia001357,160,217,518,141,40
198,819,1032,Shia003026VolsBK2,929,929,1177,123,62
198,825,1232,Shia001432Vols,31712,244,639,245,74
198,98,418,Shia001432Vols,31713,1028,1421,142,42
198,418,706,Shia001432Vols,31714,0,275,218,94
198,825,1144,Shia001432Vols,31722,824,1120,230,92
198,833,1144,Shia001237Vols,2538,812,1152,224,83
198,65,979,Shia001217Vols,4113,288,1184,506,56
199,1289,1442,Shia004012,27,0,151,114,92
199,574,847,Shia003690,31,906,1244,155,54
199,260,726,Shia001305,12,526,932,205,51
199,698,889,Shia001362Vols,763,213,366,50,23
199,255,593,Shia001362Vols,775,196,604,216,64
199,1154,1442,Shia001122Vols,2005,981,1290,169,59
199,255,726,Shia001357,160,518,931,195,43
199,1222,1442,Shia001432Vols,31663,214,420,147,79
199,652,896,Shia001432Vols,31709,411,653,171,87
199,0,225,Shia001432Vols,31714,534,774,176,90
199,244,581,Shia001432Vols,31714,1235,1526,197,75
199,605,889,Shia001432Vols,31715,806,963,118,54
199,1209,1442,Shia001237Vols,2523,58,278,157,80
199,1154,1442,Shia001237Vols,2532,141,552,173,51
199,698,889,Shia000042,521,874,988,82,52
199,255,446,Shia000042,525,1076,1262,127,85
199,1209,1442,Shia001217Vols,4107,428,699,149,63
199,255,864,Shia001217Vols,4111,404,1352,411,54
199,1209,1442,Zaydiyya0000302,1559,323,585,132,55
199,255,593,Zaydiyya0000302,1561,88,480,172,49
199,695,889,Shia000107Vols,2785,589,679,65,43
199,1154,1442,PV2024060601,2005,981,1290,169,59
199,1209,1442,PV2024060601,7685,479,741,132,55
199,255,593,PV2024060601,7687,230,622,172,49
200,55,380,Shia001138BK1,87,565,880,202,72
200,817,1195,Shia001305,16,70,406,174,49
200,1148,1337,Shia002389Vols,2665,781,979,146,93
200,1148,1337,Shia002389Vols,3278,969,1164,146,94
200,1126,1337,Shia001357,163,997,1207,156,90
200,937,1323,Shia001432Vols,31316,768,1288,97,17
200,681,1195,Shia001432Vols,31648,772,1107,193,47
200,937,1195,Shia001432Vols,31665,572,916,166,61
200,55,258,Shia001432Vols,31673,1188,1395,144,87
200,50,490,Shia001432Vols,31700,905,1295,218,57
200,593,1337,Shia001432Vols,31715,34,560,383,66
200,1034,1323,Shia001432Vols,31718,439,782,156,56
200,50,396,Shia001237Vols,2505,788,1195,235,74
200,50,501,Shia001237Vols,2514,589,1092,236,52
200,937,1195,Shia001237Vols,2573,1138,1370,146,70
200,55,420,Shia001217Vols,4083,997,1331,221,75
200,681,1122,Shia001217Vols,4094,767,1066,176,51
200,585,882,Shia001217Vols,4118,1208,1461,183,77
200,973,1122,Shia000107Vols,2786,539,669,96,84
200,937,1122,PV2024060601,7690,106,258,115,80
201,706,933,Shia001423Vols,936,1208,1455,143,70
201,371,633,Shia001138BK1,86,489,739,192,92
201,339,633,Shia004012,27,0,216,159,68
201,342,633,Shia001171,220,1132,1407,211,91
201,326,633,Shia001149Vols,540,375,671,227,92
201,267,633,Shia001134,124,234,576,263,91
201,704,937,Shia001305,6,423,699,131,57
201,339,629,Zaydiyya0000236,428,380,665,191,80
201,267,633,Shia001122Vols,2005,1018,1359,260,88
201,730,937,Shia001357,4,448,684,126,63
201,339,633,Shia001357,151,250,534,215,91
201,730,937,Shia003026VolsBK2,935,311,509,127,77
201,681,921,Shia001432Vols,31685,80,326,133,64
201,272,629,Shia001432Vols,31706,468,780,237,84
201,469,1035,Shia001432Vols,31708,24,588,191,33
201,712,1468,Shia001432Vols,31754,630,1250,461,76
201,285,633,Shia001237Vols,2532,276,616,269,97
201,1153,1468,Shia001237Vols,2541,335,617,217,87
201,414,1035,Shia001237Vols,2550,413,827,203,36
201,267,633,Shia001217Vols,4107,444,769,246,83
201,638,1372,Shia001217Vols,4122,670,1367,394,58
201,267,633,Zaydiyya0000302,1559,339,649,233,80
201,339,633,Shia000107Vols,2785,45,307,191,82
201,267,633,PV2024060601,2005,1018,1359,260,88
201,326,633,PV2024060601,4268,1062,1358,227,92
201,267,633,PV2024060601,7685,495,805,233,80
202,689,887,Shia001423Vols,911,222,445,148,86
202,689,887,Shia001423Vols,912,342,550,137,81
202,671,887,Shia001423Vols,914,820,1068,142,67
202,696,887,Shia004029,163,132,334,130,79
202,721,887,Shia001552,105,458,622,109,85
202,671,887,Shia001552,385,947,1162,126,63
202,721,887,Shia001552,417,1030,1205,111,76
202,696,887,Shia003744Vols,621,206,393,130,88
202,708,903,Shia004030Vols,1451,0,185,129,85
202,696,903,Shia004030Vols,1479,256,454,138,86
202,721,887,Shia001432Vols,14798,484,649,110,85
202,671,887,Shia001432Vols,15087,0,219,118,58
202,671,887,Shia001432Vols,15102,248,483,122,59
202,721,887,Shia001432Vols,17510,967,1143,109,72
202,755,1069,Shia001432Vols,31339,0,299,167,67
202,701,903,Shia001432Vols,31635,562,804,130,68
202,721,887,Shia001432Vols,31650,315,484,109,75
202,305,887,Shia001432Vols,31655,104,366,116,22
202,721,947,Shia001432Vols,31705,648,856,118,54
202,22,447,Shia001432Vols,31707,1091,1496,310,89
202,447,887,Shia001432Vols,31708,0,467,171,36
202,747,1313,Shia001432Vols,31754,993,1458,212,48
202,721,1280,Shia001432Vols,31756,737,1218,299,65
202,696,880,Shia001237Vols,168,634,830,112,64
202,696,924,Shia001237Vols,2516,1198,1380,136,78
202,696,959,Shia001237Vols,2530,519,807,192,84
202,22,494,Shia001237Vols,2533,523,985,309,74
202,22,887,Shia001237Vols,2542,54,636,304,42
202,696,887,Shia001237Vols,2552,787,991,121,66
202,696,887,Shia001237Vols,2573,52,242,133,83
202,744,959,Shia001237Vols,2578,0,202,150,90
202,696,947,Shia001217Vols,1261,589,1032,164,46
202,127,603,Shia001217Vols,4122,1222,1460,177,46
202,696,1401,Shia001217Vols,4123,0,613,423,74
202,696,875,Shia001172,184,1210,1427,119,66
202,696,875,Shia001431,121,1092,1283,118,79
203,805,959,Zaydiyya0000236,393,1197,1349,113,89
203,199,448,Shia001432Vols,31755,109,386,127,57
203,345,680,Shia001432Vols,31756,1102,1440,267,97
203,699,1486,Shia001432Vols,31757,140,836,430,62
203,699,1486,Shia001237Vols,2541,623,1263,458,72
203,345,870,Shia001237Vols,2542,533,1120,296,55
203,729,1486,Shia001217Vols,4121,620,1026,265,43
203,199,328,Shia001217Vols,4123,613,744,103,98
203,345,845,Shia001217Vols,4125,398,1022,237,42
203,732,1466,Zaydiyya0000302,1564,184,518,229,39
203,345,773,Zaydiyya0000302,1565,769,1262,219,46
203,732,1466,PV2024060601,7690,356,690,229,39
203,345,773,PV2024060601,7691,930,1423,220,49
204,758,942,Shia001432Vols,15798,800,1071,91,43
204,916,1166,Shia001432Vols,26071,96,319,121,55
204,916,1169,Shia001432Vols,31704,47,730,124,22
204,267,1366,Shia001432Vols,31755,257,1178,433,41
204,0,203,Shia001432Vols,31757,836,1033,146,89
204,0,174,Shia001237Vols,2541,1263,1430,123,86
204,0,203,Shia001217Vols,4121,1037,1257,138,77
204,831,1169,Shia001217Vols,4123,861,1317,204,58
204,715,1366,Shia001217Vols,4124,52,656,349,61
205,803,1309,Zaydiyya0000236,393,883,1274,193,37
205,494,1275,Shia001432Vols,31756,0,716,525,83
205,64,1021,Shia001217Vols,4124,387,1356,540,59
205,828,1275,Shia001217Vols,4125,9,240,185,51
206,131,488,Shia001349Vols,1095,206,395,150,51
206,500,1046,Shia001423Vols,909,776,1345,329,66
206,0,774,Shia001138BK1,84,860,1469,421,64
206,104,691,Shia001171,220,644,1025,193,34
206,0,643,Shia001134,12,425,985,272,43
206,5,691,Shia001134,123,671,1184,297,47
206,472,1046,Shia001552,396,24,517,255,48
206,500,1046,Shia001552,585,592,1018,237,52
206,1021,1427,Shia001305,11,43,300,129,36
206,5,774,Shia001122Vols,2007,62,677,327,45
206,1021,1427,Shia001357,159,711,961,131,37
206,472,707,Shia001432Vols,15100,794,1013,149,77
206,500,1046,Shia001432Vols,15101,779,1213,256,59
206,0,212,Shia001432Vols,31661,530,770,141,71
206,1063,1454,Shia001432Vols,31672,370,845,180,35
206,8,811,Shia001432Vols,31680,748,1441,312,37
206,838,1454,Shia001432Vols,31681,4,483,300,57
206,5,639,Shia001432Vols,31688,124,625,259,42
206,265,388,Shia001432Vols,31755,1228,1379,98,81
206,1063,1454,Shia001237Vols,2504,471,713,184,57
206,8,811,Shia001237Vols,2506,754,1418,325,40
206,0,531,Shia001237Vols,2508,1089,1472,248,53
206,0,212,Shia001237Vols,2522,1101,1353,130,58
206,5,488,Shia001217Vols,4076,1163,1460,229,58
206,505,1029,Shia001217Vols,4083,703,1076,243,57
206,0,212,Shia001217Vols,4101,111,351,141,71
206,5,774,PV2024060601,2007,62,677,327,45
207,883,1254,Shia001423Vols,909,939,1421,189,49
207,98,292,Shia001423Vols,936,1208,1412,123,69
207,769,1360,Shia001552,398,349,844,263,52
207,98,295,Shia001305,11,420,644,137,77
207,98,295,Shia001357,159,1015,1240,138,78
207,883,1360,Shia001432Vols,15101,898,1385,234,47
207,122,652,Shia001432Vols,31639,78,258,110,26
207,0,295,Shia001432Vols,31681,483,745,152,59
207,679,1471,Shia001432Vols,31681,641,1298,471,73
207,108,292,Shia001432Vols,31685,117,295,111,70
207,104,301,Shia001432Vols,31691,1321,1489,132,84
207,301,954,Shia001432Vols,31692,0,636,377,67
207,104,462,Shia001432Vols,31708,293,588,126,32
207,122,648,Shia001432Vols,31951,972,1190,114,25
207,674,1471,Shia001237Vols,2507,280,1023,500,72
207,122,954,Shia001237Vols,2511,0,782,499,69
207,122,295,Shia001237Vols,2519,643,808,117,85
207,104,462,Shia001237Vols,2533,1038,1341,146,49
207,125,288,Shia001380,33,538,708,103,64
208,826,1126,Masaha001978Vols,612,296,593,155,55
208,826,1142,Shia001349Vols,1095,70,395,167,55
208,851,1407,Shia001423Vols,908,643,988,212,46
208,645,1229,Shia001423Vols,910,143,657,322,64
208,484,1024,Shia001138BK1,83,387,887,253,52
208,518,1384,Shia001138BK1,84,590,1362,272,29
208,797,1024,Shia004012,26,553,732,139,77
208,919,1186,Shia001171,220,637,895,165,70
208,477,1232,Shia001134,12,166,878,249,30
208,639,1211,Shia001134,123,601,1131,258,47
208,1149,1407,Shia001134,552,396,620,143,61
208,645,1024,Shia001552,398,866,1204,255,82
208,1126,1407,Shia001552,399,1272,1476,144,64
208,770,1384,Shia001122Vols,2007,80,533,322,64
208,770,1384,Shia001357,150,676,1110,272,53
208,1155,1365,Shia001300,273,241,437,114,59
208,734,1024,Shia001432Vols,15102,0,248,195,85
208,1155,1407,Shia001432Vols,15104,864,1048,143,71
208,484,1024,Shia001432Vols,31661,259,770,239,47
208,734,1365,Shia001432Vols,31688,112,732,275,45
208,9,581,Shia001432Vols,31691,880,1484,275,50
208,608,1186,Shia001237Vols,2508,1008,1472,245,50
208,0,508,Shia001237Vols,2510,969,1428,301,70
208,533,1024,Shia001237Vols,2522,941,1353,206,47
208,562,863,Shia001237Vols,2525,9,241,141,58
208,463,1142,Shia001217Vols,4076,883,1460,254,40
208,770,1024,Shia001217Vols,4101,134,351,171,84
208,770,1384,PV2024060601,2007,80,533,322,64
209,70,531,Masaha001978Vols,612,375,907,220,44
209,0,158,Shia001423Vols,908,995,1156,127,97
209,0,325,Rafed0002565Vols,690,562,838,217,81
209,0,555,Shia001138BK1,84,259,689,218,43
209,0,337,Shia004012,26,996,1276,187,70
209,0,531,Shia001552,397,732,1220,200,38
209,12,325,Shia001552,400,0,360,247,85
209,1015,1380,Shia001305,16,240,914,216,39
209,149,286,Rafed0002654Vols,9835,0,138,104,90
209,66,286,Shia001382,1,1175,1411,139,72
209,5,325,Masaha002070,185,552,835,218,82
209,0,286,Shia001122Vols,2007,503,738,167,73
209,77,286,Shia001371,91,1263,1481,131,73
209,77,286,Shia001371,173,52,279,129,69
209,0,422,Shia001357,150,1080,1373,194,56
209,1196,1415,Shia001357,164,0,453,149,40
209,0,531,Shia001432Vols,15099,271,637,185,41
209,5,337,Shia001432Vols,15104,1041,1411,251,83
209,0,455,Shia001432Vols,17372,507,866,246,64
209,361,699,Shia001432Vols,31667,672,920,99,33
209,0,253,Shia001432Vols,31687,1335,1539,138,67
209,253,608,Shia001432Vols,31688,0,339,114,27
209,396,1306,Shia001432Vols,31692,435,1185,388,46
209,0,608,Shia001237Vols,2508,655,1308,361,58
209,313,1306,Shia001237Vols,2511,487,1171,428,53
209,77,531,Shia001237Vols,2515,644,1046,187,44
209,77,645,Shia001217Vols,4077,293,813,235,42
209,16,286,Shia001217Vols,4088,257,516,207,95
209,1011,1462,Shia001217Vols,4090,1005,1384,215,54
209,0,286,PV2024060601,2007,503,738,167,73
210,0,373,Shia001305,16,745,914,118,39
210,0,516,Shia001357,164,249,645,164,32
210,266,1403,Shia001432Vols,31637,451,1445,697,75
210,0,537,Shia001217Vols,4090,58,363,159,36
210,445,1415,Shia001217Vols,4091,0,775,541,69
211,127,390,Shia001423Vols,911,109,449,171,63
211,191,382,Shia001423Vols,912,349,550,131,80
211,191,382,Shia001423Vols,914,857,1068,126,69
211,185,382,Shia004029,163,126,334,135,80
211,216,382,Shia001552,105,458,622,109,85
211,191,382,Shia001552,385,967,1162,114,62
211,216,390,Shia001552,417,1030,1209,114,75
211,185,390,Shia003744Vols,621,200,397,138,86
211,718,884,Shia001122Vols,2003,1271,1476,98,59
211,203,406,Shia004030Vols,1451,0,185,129,82
211,185,406,Shia004030Vols,1479,250,454,143,83
211,216,382,Shia001432Vols,14798,484,649,110,85
211,216,382,Shia001432Vols,15087,33,219,107,66
211,216,390,Shia001432Vols,15102,281,487,114,66
211,216,382,Shia001432Vols,17510,967,1143,109,72
211,250,706,Shia001432Vols,31339,0,427,256,71
211,196,406,Shia001432Vols,31635,562,804,130,66
211,0,558,Shia001432Vols,31638,13,501,353,81
211,216,382,Shia001432Vols,31650,315,484,109,75
211,325,540,Shia001432Vols,31701,505,771,149,69
211,5,558,Shia001432Vols,31756,448,1079,256,50
211,718,1003,Shia001432Vols,31758,1253,1495,184,81
211,1003,1295,Shia001432Vols,31759,0,290,231,95
211,1224,1444,Shia001432Vols,31761,343,488,108,59
211,805,1286,Shia001432Vols,31777,459,900,205,42
211,958,1247,Shia001432Vols,31789,0,299,180,64
211,191,375,Shia001237Vols,168,634,830,112,64
211,142,462,Shia001237Vols,2530,463,807,205,75
211,191,382,Shia001237Vols,2552,787,991,121,66
211,191,398,Shia001237Vols,2573,52,255,137,86
211,239,875,Shia001237Vols,2578,0,655,288,42
211,0,540,Shia001217Vols,4091,775,1284,369,86
211,242,540,Shia001217Vols,4097,0,283,174,66
211,191,500,Shia001217Vols,4123,0,252,163,65
211,718,884,PV2024060601,2003,1271,1476,98,59
211,130,370,Shia001172,184,1109,1427,131,52
211,185,370,Shia001431,121,1086,1283,123,80
212,14,1439,Shia001432Vols,31759,290,1575,1030,88
212,676,858,Shia001432Vols,31761,661,856,111,59
212,979,1558,Shia001432Vols,31779,0,559,310,59
213,0,1514,Shia001432Vols,31760,120,1390,1007,82
213,39,637,Shia001432Vols,31777,942,1407,287,59
213,707,1432,Shia001432Vols,31778,7,570,389,65
213,944,1100,Shia001432Vols,31779,919,1076,124,96
214,570,814,Shia001423Vols,913,1034,1262,122,51
214,66,932,Shia001423Vols,914,225,801,398,55
214,670,932,Shia001418Vols,552,650,897,189,90
214,60,416,Shia002984Vols,3035,1157,1470,204,69
214,992,1333,Shia001149Vols,550,1218,1559,209,70
214,555,814,Shia001149Vols,551,196,490,85,25
214,642,932,Shia001615Vols,251,450,752,226,94
214,102,923,Shia001552,384,409,1150,400,56
214,83,932,Shia001552,385,385,923,363,51
214,32,674,Shia001305,72,141,662,305,55
214,161,1423,Zaydiyya0000236,401,286,1472,849,78
214,524,814,Zaydiyya0000236,402,17,343,85,22
214,102,1245,Shia001122Vols,2001,385,1500,794,82
214,484,642,Masaha000989,237,1199,1349,99,79
214,26,923,Shia001334,47,436,1269,433,54
214,44,484,Shia003026VolsBK2,711,978,1389,168,43
214,102,923,Shia001432Vols,15082,522,1258,395,56
214,555,932,Shia001432Vols,15086,1037,1458,253,76
214,102,536,Shia001432Vols,21286,891,1287,174,49
214,988,1115,Shia001432Vols,27600,1345,1478,99,91
214,32,382,Shia001432Vols,31761,1197,1491,215,75
214,382,1423,Shia001432Vols,31762,0,1013,795,95
214,113,658,Shia001432Vols,31956,0,365,235,53
214,32,192,Shia001237Vols,2519,602,1095,110,29
214,988,1277,Shia001237Vols,2519,1127,1400,182,69
214,32,932,Shia001237Vols,2552,182,773,411,55
214,898,1423,Shia001217Vols,4125,1010,1484,293,65
214,524,814,Shia001217Vols,4126,77,406,85,22
214,83,870,Shia001217Vols,4127,642,1191,226,29
214,638,932,Shia001217Vols,4135,658,971,223,87
214,57,359,Zaydiyya0000302,1565,1175,1430,155,63
214,1001,1423,Zaydiyya0000302,1566,0,355,261,75
214,83,635,Zaydiyya0000302,1605,124,508,266,59
214,161,359,Shia000107Vols,2786,701,867,109,66
214,936,1423,Shia000107Vols,2786,850,1272,261,64
214,102,1245,PV2024060601,2001,385,1500,794,82
214,992,1423,PV2024060601,4279,409,847,272,72
214,936,1423,PV2024060601,7692,101,528,283,69
214,83,635,PV2024060601,7731,283,667,266,59
215,296,405,Shia001423Vols,913,1107,1223,82,88
215,296,405,Shia001418Vols,552,662,773,87,98
215,0,1473,Shia001149Vols,551,96,1168,821,67
215,278,410,Shia001615Vols,251,466,606,91,82
215,278,410,Zaydiyya0000236,401,786,926,91,82
215,80,1480,Zaydiyya0000236,402,0,985,773,68
215,223,405,Shia000806Vols,200,727,903,140,96
215,50,1480,Shia001122Vols,2002,9,1243,801,60
215,0,806,Shia001432Vols,31762,1013,1461,354,54
215,806,1480,Shia001432Vols,31763,0,654,526,96
215,407,759,Shia001432Vols,31764,376,1251,270,39
215,822,1138,Shia001432Vols,31765,0,646,104,17
215,138,1111,Shia001432Vols,31867,4,513,378,47
215,278,405,Shia001237Vols,2552,501,636,88,82
215,18,1480,Shia001217Vols,4126,0,1062,824,69
215,296,405,Shia001217Vols,4135,717,830,87,96
215,0,1480,Zaydiyya0000302,1566,355,1414,821,68
215,0,187,Shia000107Vols,2786,1272,1456,145,96
215,187,1480,Shia000107Vols,2787,0,835,636,61
215,50,1480,PV2024060601,2002,9,1243,801,60
215,60,1119,PV2024060601,4279,693,1554,461,42
215,1119,1473,PV2024060601,4280,0,364,281,96
215,0,1451,PV2024060601,7692,528,1556,793,66
216,180,619,Shia001149Vols,551,1168,1478,246,69
216,615,1386,Shia001149Vols,552,0,725,315,41
216,1249,1409,Shia004029,125,413,573,114,91
216,1249,1409,Shia004029,161,982,1142,114,91
216,180,770,Zaydiyya0000236,402,985,1570,455,91
216,770,1183,Zaydiyya0000236,403,0,409,225,54
216,648,831,Shia001386,59,311,943,105,21
216,1249,1573,Shia001122Vols,1998,234,562,241,91
216,185,495,Shia001122Vols,2002,1247,1550,243,95
216,495,1409,Shia001122Vols,2003,0,719,479,64
216,180,867,Shia001432Vols,31763,654,1508,546,79
216,873,1183,Shia001432Vols,31764,4,262,155,55
216,20,216,Shia001432Vols,31765,947,1347,138,41
216,1230,1573,Shia001432Vols,31767,476,789,237,85
216,562,834,Shia001432Vols,31775,604,1026,140,40
216,562,867,Shia001432Vols,31777,9,428,117,29
216,1085,1439,Shia001237Vols,2541,736,1076,171,59
216,1240,1428,Shia001217Vols,790,349,543,132,87
216,1319,1508,Shia001217Vols,4121,0,189,149,95
216,180,687,Shia001217Vols,4126,1062,1563,385,89
216,687,1183,Shia001217Vols,4127,0,417,274,63
216,180,341,Zaydiyya0000302,1566,1414,1568,126,95
216,341,1183,Zaydiyya0000302,1567,0,761,500,65
216,180,909,Shia000107Vols,2787,835,1528,487,79
216,1024,1183,Shia000107Vols,2788,0,127,92,74
216,1249,1573,PV2024060601,1998,234,562,241,91
216,185,495,PV2024060601,2002,1247,1550,243,95
216,495,1409,PV2024060601,2003,0,719,479,64
216,180,1386,PV2024060601,4280,364,1449,555,47
216,180,1183,PV2024060601,7693,30,946,626,69
217,63,786,Shia001122Vols,1998,245,1066,466,60
217,488,786,Masaha001075,439,0,504,233,55
217,410,786,Shia001432Vols,31483,551,1171,251,47
217,1437,1655,Shia001432Vols,31767,1301,1519,177,99
217,151,786,Shia001432Vols,31767,734,1301,430,82
217,39,1433,Shia001432Vols,31770,232,1607,654,41
217,417,786,Shia001432Vols,31788,8,466,265,66
217,406,786,Shia001432Vols,31864,207,568,276,87
217,375,622,Shia001432Vols,32095,701,1170,168,42
217,63,786,PV2024060601,1998,245,1066,466,60
218,755,1151,Shia001362Vols,656,1129,1486,170,44
218,322,862,Zaydiyya0000236,483,12,348,136,24
218,0,317,Shia001122Vols,1998,1280,1588,199,67
218,317,1357,Shia001122Vols,1999,0,811,620,72
218,322,928,Shia001357,176,463,693,120,23
218,39,534,Masaha002880Vols,368,960,1538,280,51
218,101,1357,Shia001432Vols,31768,0,1015,809,80
218,539,751,Shia001432Vols,31771,51,293,169,85
218,1359,1524,Shia001432Vols,31771,551,717,131,98
218,157,920,Shia001432Vols,31789,392,1149,315,37
218,107,1352,Shia001432Vols,31866,534,1297,558,54
218,900,1151,Shia001432Vols,31908,599,899,145,53
218,39,862,Shia001432Vols,32015,644,1241,151,16
218,322,928,Zaydiyya0000302,1570,1251,1479,122,23
218,0,317,PV2024060601,1998,1280,1588,199,67
218,317,1357,PV2024060601,1999,0,811,620,72
218,322,855,PV2024060601,7696,1439,1636,112,24
219,1327,1553,Shia001305,39,38,284,184,89
219,494,900,Shia001122Vols,1996,1048,1488,280,74
219,877,1134,Shia001122Vols,1997,4,174,101,47
219,172,1140,Shia001122Vols,1999,811,1557,590,74
219,1147,1590,Shia001122Vols,2000,7,442,344,93
219,490,622,Masaha000989,227,467,559,68,67
219,1327,1553,Shia001357,181,553,798,184,89
219,238,727,Masaha002880Vols,369,351,755,244,54
219,490,1134,Shia001432Vols,31479,29,740,373,56
219,83,683,Shia001432Vols,31768,524,1535,435,50
219,683,1590,Shia001432Vols,31769,0,832,650,86
219,0,149,Shia001432Vols,31771,717,872,119,96
219,469,1120,Shia001432Vols,31790,1098,1513,268,51
219,1361,1553,Shia001432Vols,31794,214,441,156,80
219,1327,1553,Shia001432Vols,31822,680,923,182,89
219,172,460,Shia001432Vols,31866,1289,1531,178,72
219,474,1237,Shia001432Vols,31867,581,1093,360,56
219,796,1156,Shia001432Vols,32096,5,196,140,48
219,494,1134,Zaydiyya0000302,1545,540,1201,368,58
219,494,900,PV2024060601,1996,1048,1488,280,74
219,877,1134,PV2024060601,1997,4,174,101,47
219,172,1140,PV2024060601,1999,811,1557,590,74
219,1147,1590,PV2024060601,2000,7,442,344,93
219,494,1134,PV2024060601,7671,693,1354,368,58
220,416,841,Shia001615Vols,1761,756,1112,245,65
220,0,798,Shia001305,39,425,1000,292,38
220,820,1084,Shia001362Vols,696,1223,1491,133,53
220,416,798,Shia001362Vols,853,774,1194,239,63
220,820,1084,Zaydiyya0000236,306,567,834,134,53
220,820,1084,Shia001386,2,1002,1269,134,53
220,89,798,Shia001386,51,29,594,324,50
220,0,1147,Shia001122Vols,2000,442,1481,715,68
220,0,798,Shia001357,181,951,1515,293,39
220,820,1084,Shia001432Vols,31376,558,826,134,53
220,0,917,Shia001432Vols,31769,832,1574,589,77
220,917,1228,Shia001432Vols,31770,0,264,212,84
220,224,380,Shia001432Vols,31772,208,365,127,99
220,1270,1526,Shia001432Vols,31772,615,850,176,87
220,0,618,Shia001432Vols,31796,419,835,240,45
220,0,757,Shia001432Vols,31822,1045,1497,259,39
220,806,1147,Shia001432Vols,31867,1093,1451,224,65
220,89,798,Shia001432Vols,31929,644,1209,321,49
220,1217,1526,Shia001237Vols,2542,984,1274,200,82
220,7,801,Zaydiyya0000302,1576,65,601,288,39
220,0,1147,PV2024060601,2000,442,1481,715,68
220,7,801,PV2024060601,7702,255,791,288,39
221,1111,1320,Shia001142Vols,259,311,559,160,81
221,570,971,Shia003690,24,782,1133,227,66
221,1111,1320,Shia001149Vols,557,124,370,162,82
221,1111,1320,Shia001305,32,281,490,157,95
221,959,1320,Shia001305,66,452,792,177,46
221,1111,1320,Shia001362Vols,370,939,1148,167,100
221,1111,1320,Shia001362Vols,656,13,223,161,96
221,1111,1236,Zaydiyya0000236,275,1416,1540,100,99
221,952,1320,Zaydiyya0000236,394,71,453,241,75
221,570,725,Zaydiyya0000236,403,1403,1549,108,88
221,720,1320,Zaydiyya0000236,404,0,599,466,97
221,35,162,Zaydiyya0000236,405,0,128,96,96
221,1111,1320,Zaydiyya0000236,407,569,778,167,100
221,1111,1320,Zaydiyya0000236,420,952,1199,167,84
221,1111,1320,Zaydiyya0000236,425,686,895,162,97
221,1111,1320,Zaydiyya0000236,429,1077,1286,167,100
221,1193,1325,Shia001386,33,0,131,98,93
221,1111,1320,Shia001386,41,126,335,167,100
221,1111,1320,Shia001386,53,919,1129,165,98
221,1111,1320,Shia001386,55,923,1152,128,62
221,1111,1320,Shia001386,58,999,1208,137,71
221,1111,1320,Shia001386,59,580,789,167,100
221,1111,1320,Shia001386,67,1314,1522,162,97
221,1111,1320,Masaha001075,434,369,580,133,68
221,1111,1320,Masaha001075,435,1114,1323,167,100
221,1106,1320,Shia001357,101,1319,1567,165,83
221,1111,1320,Shia001357,110,266,465,159,95
221,1111,1305,Shia001357,114,982,1208,137,77
221,1111,1320,Shia001357,116,170,379,167,100
221,197,661,Shia001357,164,839,1085,144,37
221,1111,1320,Shia001357,174,1049,1258,167,100
221,1111,1320,Shia001357,198,1075,1284,167,100
221,1111,1320,Shia001357,203,425,634,167,100
221,553,1320,Shia001357,206,190,912,481,73
221,1111,1320,Shia001357,220,164,373,167,100
221,1111,1263,Shia001357,258,1345,1496,122,99
221,1111,1320,Shia001357,306,77,286,167,100
221,1111,1320,Shia001432Vols,31508,705,914,167,100
221,0,156,Shia001432Vols,31511,536,698,91,76
221,1106,1320,Shia001432Vols,31512,766,980,167,98
221,1111,1310,Shia001432Vols,31515,1183,1422,153,80
221,1106,1320,Shia001432Vols,31521,876,1124,165,83
221,1135,1320,Shia001432Vols,31527,0,182,140,91
221,1111,1320,Shia001432Vols,31560,932,1074,103,61
221,0,942,Shia001432Vols,31772,850,1486,479,63
221,942,1320,Shia001432Vols,31773,0,374,295,98
221,5,242,Shia001432Vols,31775,604,816,103,45
221,1111,1320,Shia001432Vols,31786,1206,1415,167,100
221,1111,1320,Shia001432Vols,31806,1245,1454,167,100
221,1111,1320,Shia001432Vols,31815,1105,1314,167,100
221,1111,1320,Shia001432Vols,31827,1170,1379,167,100
221,948,1320,Shia001432Vols,31833,1126,1495,258,83
221,1111,1320,Shia001432Vols,31834,1270,1480,141,72
221,1152,1320,Shia001432Vols,31861,0,168,134,100
221,1111,1320,Shia001432Vols,31907,973,1183,161,96
221,45,132,Shia001432Vols,31908,686,795,59,71
221,1111,1297,Shia001432Vols,31920,1350,1573,149,82
221,1111,1320,Shia001432Vols,31934,730,959,128,62
221,1111,1320,Shia001432Vols,31940,1082,1291,162,97
221,1111,1320,Shia001432Vols,31946,1341,1550,167,100
221,1111,1320,Shia001432Vols,32000,155,403,161,81
221,1111,1320,Shia001432Vols,32005,356,532,137,82
221,203,661,Shia001237Vols,2510,573,792,136,37
221,0,156,Shia001237Vols,2542,1274,1430,119,100
221,217,1320,Shia001237Vols,2543,0,860,671,76
221,5,242,Shia001237Vols,2545,1182,1382,95,44
221,0,156,Shia001237Vols,2546,908,1339,85,23
221,203,661,Shia001237Vols,2561,1141,1352,137,38
221,207,625,Shia001237Vols,2562,1248,1421,125,38
221,1111,1320,Shia000042,469,277,486,167,100
221,1118,1320,Zaydiyya0000302,1569,189,391,155,97
221,1111,1320,Zaydiyya0000302,1593,837,1046,166,99
221,40,475,Zaydiyya0000302,1614,602,1188,105,16
221,1111,1320,Shia000107Vols,2794,70,279,167,100
221,1111,1320,Shia003705,119,1179,1388,167,100
221,1111,1320,PV2024060601,4285,882,1128,162,82
221,1118,1320,PV2024060601,7695,390,592,155,97
221,1111,1320,PV2024060601,7719,1003,1212,166,99
221,40,475,PV2024060601,7740,770,1356,105,16
222,126,517,Shia001142Vols,259,661,1194,175,30
222,126,517,Shia001149Vols,557,335,922,206,35
222,126,493,Shia001372,15,993,1445,119,22
222,126,486,Shia001305,32,315,924,243,44
222,662,797,Shia001305,45,270,421,102,86
222,126,517,Shia001305,66,792,1313,180,31
222,126,891,Zaydiyya0000236,394,453,1247,522,77
222,126,898,Zaydiyya0000236,404,599,1472,459,55
222,126,520,Zaydiyya0000236,485,474,1231,152,20
222,126,517,Shia001386,68,23,410,197,47
222,126,647,Masaha001075,434,580,1052,291,59
222,662,827,Shia001357,164,1085,1284,108,63
222,126,486,Shia001357,174,1258,1646,253,70
222,126,486,Shia001357,203,634,948,192,60
222,126,743,Shia001357,206,912,1520,393,70
222,733,1530,Shia001357,207,5,732,469,68
222,126,517,Shia001357,259,57,611,200,35
222,126,529,Shia001357,306,374,829,207,45
222,792,972,Shia001432Vols,31691,663,842,143,99
222,662,898,Shia001432Vols,31705,52,363,101,30
222,126,1263,Shia001432Vols,31773,374,1511,909,98
222,1263,1546,Shia001432Vols,31774,0,282,229,98
222,126,459,Shia001432Vols,31815,1314,1608,231,83
222,290,840,Shia001432Vols,31834,0,615,377,72
222,350,674,Shia001432Vols,31835,24,269,166,59
222,126,486,Shia001432Vols,31861,168,481,196,61
222,126,517,Shia001432Vols,32000,366,1080,217,32
222,792,972,Shia001237Vols,2510,750,929,143,99
222,126,772,Shia001237Vols,2543,860,1505,523,99
222,772,1546,Shia001237Vols,2544,0,751,586,92
222,662,822,Shia001237Vols,2561,1352,1494,107,85
222,662,898,Shia001237Vols,2563,37,337,101,31
222,126,486,Zaydiyya0000302,1569,391,777,247,68
222,126,517,Zaydiyya0000302,1593,1133,1522,197,47
222,126,486,PV2024060601,7695,592,978,247,68
223,2,500,Shia001423Vols,921,1011,1168,59,13
223,381,557,Shia001138BK1,83,375,577,123,74
223,368,557,Shia001432Vols,31658,1125,1312,127,82
223,368,713,Shia001432Vols,31774,1114,1457,264,94
223,713,1043,Shia001432Vols,31775,0,335,247,88
223,1358,1511,Shia001432Vols,31781,1031,1165,91,74
223,368,557,Shia001237Vols,2521,789,975,126,81
223,368,1043,Shia001237Vols,2545,226,896,508,92
223,1358,1500,Shia001237Vols,2578,286,696,85,27
223,368,557,Shia001217Vols,4083,485,664,125,84
224,583,1468,Shia001122Vols,2003,606,1468,535,71
224,570,975,Shia001432Vols,31781,1031,1430,317,96
224,975,1465,Shia001432Vols,31782,0,486,249,52
224,866,1453,Zaydiyya0000302,1614,0,551,350,73
224,583,1468,PV2024060601,2003,606,1468,535,71
224,747,1453,PV2024060601,7740,46,719,446,77
225,1158,1458,Zaydiyya0000236,405,561,802,175,73
225,1293,1458,Masaha001075,434,1106,1269,127,96
225,900,1458,Shia001432Vols,31775,596,1030,308,68
225,0,813,Shia001432Vols,31775,499,848,215,32
225,671,945,Shia001432Vols,31776,1271,1532,185,81
225,0,813,Shia001237Vols,2545,1077,1414,211,32
225,1286,1458,Shia001237Vols,2546,0,171,136,98
226,769,1013,Shia001138BK1,89,0,272,182,83
226,814,1182,Zaydiyya0000236,394,1160,1556,183,45
226,1223,1532,Zaydiyya0000236,395,0,324,243,91
226,0,444,Zaydiyya0000236,405,802,1247,358,98
226,0,332,Masaha001075,434,1269,1598,263,96
226,457,631,Shia001432Vols,31395,1115,1296,115,75
226,748,1013,Shia001432Vols,31658,336,629,179,74
226,539,990,Shia001432Vols,31662,1048,1407,207,57
226,769,1013,Shia001432Vols,31669,576,851,168,77
226,0,444,Shia001432Vols,31775,1030,1474,358,99
226,748,1532,Shia001432Vols,31776,26,845,617,92
226,457,629,Shia001432Vols,31882,606,779,128,90
226,572,1013,Shia001237Vols,2521,185,551,204,50
226,522,1013,Shia001237Vols,2526,575,1076,246,49
226,761,1013,Shia001237Vols,2529,239,495,173,81
226,0,620,Shia001237Vols,2546,171,774,418,78
226,457,642,Shia001237Vols,2578,526,714,131,84
226,457,629,Shia001237Vols,2617,1090,1263,128,90
226,748,1013,Shia001217Vols,4100,824,1153,176,61
226,761,1013,Shia001217Vols,4105,595,852,175,82
227,0,191,Shia001372,55,13,188,127,75
227,24,191,Shia001372,126,767,982,130,73
227,24,191,Zaydiyya0000236,30,820,1029,130,75
227,0,191,Zaydiyya0000236,395,324,511,153,97
227,24,191,Masaha001075,361,1051,1260,130,75
227,24,191,Shia001432Vols,27772,907,1116,130,75
227,24,191,Shia001432Vols,28285,962,1171,130,75
227,397,514,Shia001432Vols,29160,5,561,79,18
227,0,191,Shia001432Vols,31459,1376,1563,153,97
227,1099,1477,Shia001432Vols,31760,158,596,252,69
227,236,674,Shia001432Vols,31772,625,1158,195,39
227,0,184,Shia001432Vols,31776,845,1025,147,97
227,215,1477,Shia001432Vols,31777,131,1324,886,84
227,24,426,Shia001432Vols,31793,879,1253,170,41
227,24,191,Shia001237Vols,1451,89,299,130,74
227,232,514,Shia001237Vols,2542,1044,1430,158,51
227,215,514,Shia001237Vols,2546,1025,1339,229,92
227,24,191,Shia000042,191,49,258,130,75
227,0,454,PV2024060601,4277,691,1053,195,43
228,1116,1440,Shia004029,175,759,982,171,65
228,562,890,Shia001357,99,771,1111,173,60
228,373,1081,Shia001432Vols,31760,596,1350,450,73
228,2,503,Shia001432Vols,31777,1219,1453,132,33
228,503,1559,Shia001432Vols,31778,0,1035,830,96
228,2,362,Shia001432Vols,31779,895,1255,294,100
228,1226,1559,Shia001432Vols,31787,984,1333,225,71
229,0,191,Shia004029,175,973,1152,133,84
229,1092,1259,Shia001432Vols,27594,496,661,127,97
229,212,1005,Shia001432Vols,31759,424,1575,444,43
229,0,509,Shia001432Vols,31778,1035,1536,394,95
229,553,1423,Shia001432Vols,31779,6,873,686,97
229,0,218,Shia001432Vols,31787,1333,1550,118,55
229,918,1356,Zaydiyya0000302,1576,37,735,167,23
229,918,1356,PV2024060601,7702,227,925,167,23
230,671,1244,Shia001122Vols,2003,671,1125,180,33
230,808,1244,Masaha001075,433,788,1187,153,36
230,459,755,Shia001432Vols,31667,23,222,129,56
230,0,1234,Shia001432Vols,31780,130,1445,855,74
230,473,858,Shia001432Vols,31781,48,667,159,29
230,687,1110,Shia001432Vols,31781,1121,1405,141,36
230,829,1110,Shia001432Vols,31923,722,1078,86,19
230,671,1244,PV2024060601,2003,671,1125,180,33
230,801,1244,PV2024060601,7740,0,412,158,36
231,1069,1374,Shia004029,167,371,653,163,62
231,1147,1374,Shia004029,175,1222,1458,174,91
231,116,292,Zaydiyya0000236,392,441,632,128,81
231,1131,1374,Shia001432Vols,17504,35,239,150,78
231,1139,1374,Shia001432Vols,31741,889,1088,140,74
231,127,607,Shia001432Vols,31754,330,829,251,54
231,127,1374,Shia001432Vols,31781,174,1188,647,62
231,943,1439,Shia001432Vols,31782,366,862,245,51
231,1139,1362,Shia001432Vols,31875,1258,1440,126,71
231,780,1083,Shia001237Vols,2542,1088,1430,151,46
231,1147,1374,Shia001237Vols,2562,160,367,154,82
231,1147,1439,Shia001237Vols,2576,1074,1344,207,84
231,1147,1374,Shia001237Vols,2617,487,677,134,73
231,545,1083,Shia000042,258,851,1532,114,15
231,127,521,Shia001217Vols,4096,143,538,212,60
231,375,860,Zaydiyya0000302,1614,413,819,167,42
231,375,860,PV2024060601,7740,581,987,167,42
232,1109,1488,Shia001288,8,704,1079,297,95
232,1114,1488,Shia001288,18,1071,1444,302,98
232,47,197,Shia001149Vols,512,327,484,117,91
232,1120,1488,Shamela0021821,1852,539,906,297,98
232,507,1134,Shia001305,30,886,1383,254,40
232,1120,1488,Shia001362Vols,418,869,1237,298,98
232,1120,1488,Shia001362Vols,442,401,761,292,96
232,1120,1488,Shia001362Vols,591,64,367,247,81
232,47,197,Shia000741,73,1204,1355,113,90
232,1114,1488,Shia000210,26,243,616,302,98
232,1114,1488,Shia000210,84,448,822,303,98
232,1120,1488,Shia002356Vols,1238,946,1306,287,95
232,47,699,Masaha001075,8,741,1147,130,21
232,1109,1488,Masaha001075,55,1118,1496,306,98
232,1114,1488,Shia002389Vols,2965,385,758,302,98
232,831,1488,Shia001357,173,4,546,421,77
232,47,330,Shia001432Vols,31448,988,1443,89,19
232,0,659,Shia001432Vols,31782,862,1502,500,91
232,659,1558,Shia001432Vols,31783,0,896,726,98
232,10,361,Shia001432Vols,31784,627,987,221,66
232,745,1488,Shia001432Vols,31814,89,741,490,77
232,47,229,Shia001432Vols,31853,1451,1611,123,81
232,16,277,Shia001432Vols,31998,799,1019,160,70
232,511,1120,Zaydiyya0000302,1567,1105,1559,218,34
232,47,197,Shia000107Vols,2112,427,582,115,89
232,47,197,PV2024060601,4240,1093,1250,117,91
232,16,277,PV2024060601,4284,6,230,161,70
232,511,902,PV2024060601,7693,1290,1631,149,34
232,47,162,Shia000405Vols,1750,1260,1378,89,94
233,791,1405,Shia001305,31,204,797,326,56
233,757,1110,Shia001386,39,674,1107,209,55
233,791,1405,Shia001357,173,976,1573,299,49
233,812,1228,Shia001357,197,17,387,233,62
233,791,1087,Shia001357,201,1255,1514,170,67
233,791,1263,Shia001432Vols,24047,1093,1506,253,59
233,791,1263,Shia001432Vols,31311,659,1070,256,60
233,0,913,Shia001432Vols,31783,896,1547,515,70
233,913,1482,Shia001432Vols,31784,0,514,412,90
233,237,474,Shia001432Vols,31798,53,461,183,54
233,757,1110,Shia001432Vols,31805,252,687,209,54
233,791,1228,Shia001432Vols,31814,1081,1523,234,58
233,791,1228,Shia001432Vols,31859,835,1208,223,58
233,791,1001,Shia001432Vols,31944,1480,1657,110,57
233,757,1110,Shia000042,467,755,1199,209,53
233,791,1405,Zaydiyya0000302,1568,221,824,321,53
233,791,1405,PV2024060601,7694,397,1000,321,53
234,377,576,Shia000275Vols,1255,713,909,127,74
234,153,293,Shia001149Vols,512,327,465,105,89
234,153,289,Shia000784,73,539,672,101,90
234,153,293,Shia000741,73,1204,1336,101,88
234,1159,1447,Shia001357,173,658,950,156,54
234,112,470,Shia001432Vols,31782,873,1205,220,69
234,0,1063,Shia001432Vols,31784,514,1537,821,95
234,1063,1546,Shia001432Vols,31785,0,445,346,86
234,153,349,Shia001432Vols,31853,1451,1634,146,89
234,138,394,Shia001432Vols,31998,806,1019,139,59
234,1228,1447,Zaydiyya0000302,1568,0,195,118,57
234,159,389,Zaydiyya0000302,1592,0,198,121,54
234,153,293,Shia000107Vols,2112,427,564,105,89
234,153,293,PV2024060601,4240,1093,1231,105,89
234,138,394,PV2024060601,4284,13,230,140,59
234,1150,1447,PV2024060601,7694,112,371,161,60
234,138,389,PV2024060601,7718,141,358,133,55
234,153,278,Shia000405Vols,1750,1260,1378,93,92
235,6,1189,Masaha001075,242,88,1230,378,26
235,1055,1189,Shia001432Vols,28285,4,154,95,77
235,6,205,Shia001432Vols,29775,1243,1437,0,0
235,125,1189,Shia001432Vols,29776,0,868,544,58
235,0,1031,Shia001432Vols,31785,445,1487,572,54
235,1031,1455,Shia001432Vols,31786,0,427,340,98
235,939,1189,Shia000042,190,487,839,156,52
236,787,1538,Shia001142Vols,259,311,1186,362,39
236,787,1538,Shia001149Vols,557,124,914,386,46
236,783,1500,Shia001305,32,277,924,333,44
236,268,866,Shia001305,33,61,679,342,58
236,787,1538,Shia001305,66,583,1305,390,51
236,787,1133,Shia001362Vols,370,939,1292,224,70
236,787,1399,Shia001362Vols,656,13,564,281,44
236,787,912,Zaydiyya0000236,275,1416,1540,100,99
236,912,1375,Zaydiyya0000236,276,0,443,137,23
236,783,887,Zaydiyya0000236,360,1491,1596,77,91
236,787,1538,Zaydiyya0000236,394,244,836,387,56
236,787,1538,Zaydiyya0000236,404,387,962,350,50
236,783,1133,Zaydiyya0000236,407,565,900,232,78
236,787,1133,Zaydiyya0000236,420,952,1338,212,59
236,783,1133,Zaydiyya0000236,425,682,997,219,76
236,783,1133,Zaydiyya0000236,429,1073,1430,227,70
236,787,1133,Zaydiyya0000236,507,670,1037,202,59
236,787,1133,Zaydiyya0000236,510,635,1002,202,59
236,869,1133,Shia001386,33,0,230,153,69
236,783,1133,Shia001386,41,122,454,232,78
236,783,1133,Shia001386,53,915,1230,229,82
236,787,1500,Shia001386,55,923,1518,273,38
236,783,1133,Shia001386,58,995,1296,210,68
236,787,1133,Shia001386,59,580,902,233,82
236,787,1133,Shia001386,67,1314,1635,231,80
236,961,1538,Shia001386,68,23,402,202,38
236,787,1538,Masaha001075,434,369,963,343,48
236,787,1133,Masaha001075,435,1114,1444,230,78
236,761,996,Shia001357,101,1307,1567,167,77
236,1327,1512,Shia001357,107,855,1403,98,21
236,787,1133,Shia001357,110,266,592,214,74
236,787,1133,Shia001357,114,982,1389,171,47
236,787,1125,Shia001357,116,170,532,162,40
236,783,1099,Shia001357,174,1045,1312,210,83
236,268,866,Shia001357,175,747,1358,342,58
236,783,1133,Shia001357,198,1071,1366,215,77
236,783,1528,Shia001357,203,421,1023,377,56
236,787,1538,Shia001357,206,700,1293,367,53
236,787,1133,Shia001357,220,164,492,225,77
236,787,939,Shia001357,258,1345,1496,122,99
236,939,1538,Shia001357,259,0,603,232,32
236,787,1538,Shia001357,306,77,809,396,53
236,783,1370,Shia001432Vols,31508,701,1319,249,37
236,787,1133,Shia001432Vols,31512,771,1101,233,82
236,787,1133,Shia001432Vols,31515,1183,1554,187,55
236,761,1473,Shia001432Vols,31521,864,1343,273,41
236,811,1133,Shia001432Vols,31527,0,305,179,60
236,783,1133,Shia001432Vols,31560,928,1173,161,56
236,787,1538,Shia001432Vols,31773,165,758,387,56
236,0,1133,Shia001432Vols,31786,427,1552,903,98
236,1313,1538,Shia001432Vols,31787,0,226,186,99
236,1118,1304,Shia001432Vols,31798,1255,1483,140,71
236,783,1133,Shia001432Vols,31806,1241,1575,233,78
236,783,1099,Shia001432Vols,31815,1101,1368,210,83
236,268,866,Shia001432Vols,31816,794,1406,342,58
236,787,1133,Shia001432Vols,31827,1170,1479,222,78
236,787,1130,Shia001432Vols,31833,1283,1607,228,80
236,783,1125,Shia001432Vols,31834,1266,1553,172,52
236,828,1528,Shia001432Vols,31861,0,557,341,54
236,787,1399,Shia001432Vols,31907,973,1524,281,44
236,787,973,Shia001432Vols,31920,1350,1573,149,82
236,787,1133,Shia001432Vols,31934,730,1101,173,47
236,783,1133,Shia001432Vols,31940,1078,1393,219,76
236,783,1030,Shia001432Vols,31946,1337,1564,179,90
236,787,1133,Shia001432Vols,32000,155,571,233,68
236,1049,1538,Shia001432Vols,32000,651,1072,210,45
236,787,1515,Shia001432Vols,32005,356,1014,357,49
236,787,1133,Shia001432Vols,32180,402,769,202,59
236,787,1538,Shia001237Vols,2543,654,1243,384,56
236,783,1133,Shia000042,469,271,619,237,79
236,783,1457,Zaydiyya0000302,1569,179,667,302,48
236,426,866,Zaydiyya0000302,1570,0,472,249,56
236,787,1538,Zaydiyya0000302,1593,837,1514,391,55
236,787,1538,Shia000107Vols,2794,70,755,392,56
236,787,1133,Shia003705,119,1179,1474,227,81
236,787,1442,PV2024060601,4285,882,1577,314,41
236,783,1457,PV2024060601,7695,380,868,302,48
236,268,866,PV2024060601,7696,65,660,335,58
236,787,1429,PV2024060601,7719,1003,1572,300,46
237,1171,1336,Rafed0002565Vols,742,1260,1424,127,94
237,991,1318,Shia004029,159,98,404,150,45
237,883,1323,Shia004029,175,854,1111,190,52
237,1093,1336,Shia004029,176,105,341,181,90
237,991,1318,Zaydiyya0000236,310,25,332,147,45
237,991,1277,Zaydiyya0000236,381,86,683,120,21
237,991,1297,Shia001386,43,961,1495,151,29
237,143,336,Shia001357,99,1302,1537,127,59
237,991,1297,Shia001357,182,244,753,147,30
237,1470,1611,Masaha002871,68,37,236,111,68
237,1171,1333,Shia001432Vols,17503,1406,1525,86,63
237,1171,1336,Shia001432Vols,17504,239,406,126,91
237,1171,1318,Shia001432Vols,31381,5,121,71,54
237,1470,1611,Shia001432Vols,31457,497,695,111,68
237,143,336,Shia001432Vols,31519,853,1088,127,59
237,151,380,Shia001432Vols,31767,713,976,149,65
237,799,1367,Shia001432Vols,31778,700,1249,341,64
237,0,1413,Shia001432Vols,31787,226,1596,1103,95
237,1485,1611,Shia001432Vols,31788,0,128,104,98
237,991,1297,Shia001432Vols,31823,313,832,143,28
237,991,1297,Shia001432Vols,31876,145,677,143,27
237,991,1318,Shia000042,182,184,507,150,45
237,991,1297,Shia000042,472,536,1044,142,29
237,979,1297,Zaydiyya0000302,1576,892,1409,139,27
237,1171,1323,Rafed0003537Vols,436,824,935,82,64
237,979,1297,PV2024060601,7702,1082,1599,139,27
237,1470,1611,Shia001380,36,1162,1361,111,68
238,128,456,Rafed0002565Vols,742,1428,1596,127,47
238,8,927,Shia001142Vols,258,105,888,381,41
238,128,582,Shia001171,368,173,342,57,15
238,128,927,Shia001149Vols,556,25,707,363,44
238,1196,1564,Shia004029,176,351,630,219,70
238,497,1032,Masaha001075,439,480,1018,264,54
238,0,345,Masaha001075,439,59,510,199,43
238,128,944,Shia001357,305,22,592,365,51
238,0,345,Masaha002871,68,236,656,153,32
238,0,339,Masaha002880Vols,368,479,936,191,49
238,128,517,Shia001432Vols,17504,410,638,180,56
238,0,345,Shia001432Vols,31483,847,1177,166,43
238,0,1568,Shia001432Vols,31788,128,1595,1193,92
238,8,155,Shia001432Vols,31854,1432,1587,110,81
238,497,1245,Shia001432Vols,31864,544,1276,417,63
238,128,927,Shia001432Vols,31999,37,724,367,44
238,8,1012,Zaydiyya0000302,1592,667,1442,380,39
238,137,944,Shia000107Vols,2793,0,557,342,49
238,8,927,PV2024060601,4284,676,1441,377,41
238,8,944,PV2024060601,7718,827,1481,374,46
239,528,782,Shia001362Vols,851,598,1246,121,22
239,528,782,Shia001386,48,37,755,121,20
239,591,782,Shia001386,61,1271,1484,81,39
239,936,1288,Shia001122Vols,1999,0,352,233,73
239,561,782,Masaha001075,420,832,1074,37,12
239,154,770,Masaha001075,427,480,1530,147,14
239,591,782,Shia001357,229,966,1161,79,41
239,657,1111,Masaha002880Vols,368,1054,1538,165,32
239,1117,1288,Masaha002880Vols,369,13,145,85,63
239,198,503,Shia001432Vols,31759,0,378,193,55
239,528,1288,Shia001432Vols,31768,58,582,313,47
239,126,1573,Shia001432Vols,31789,0,1489,1150,94
239,528,785,Shia001432Vols,31839,1043,1529,91,20
239,561,1266,Shia001432Vols,31866,521,1044,278,45
239,591,782,Shia001432Vols,31890,263,468,81,40
239,591,782,Shia000042,505,310,519,81,40
239,551,782,Shia003705,117,935,1163,37,12
239,936,1288,PV2024060601,1999,0,352,233,73
240,0,529,Shia001357,103,360,973,110,14
240,61,1526,Shia001432Vols,31790,0,1213,965,81
240,65,463,Shia001432Vols,31866,1064,1421,136,30
241,907,1487,Shia001544Vols,2164,1352,1669,220,45
241,910,1176,Shia001544Vols,2166,0,247,171,72
241,0,187,Shia001122Vols,1996,1128,1488,101,34
241,0,315,Shia001122Vols,1999,1199,1553,163,54
241,910,1051,Masaha001075,325,780,936,97,68
241,910,1051,Shia001432Vols,29181,1012,1168,97,68
241,0,306,Shia001432Vols,31479,143,735,187,38
241,66,315,Shia001432Vols,31769,87,355,181,84
241,0,301,Shia001432Vols,31790,1213,1513,234,99
241,301,1501,Shia001432Vols,31791,0,1102,887,90
241,0,762,Shia001432Vols,31867,680,1496,185,19
241,70,394,Shia001432Vols,32096,0,304,169,58
241,0,306,Zaydiyya0000302,1545,619,1196,183,40
241,907,1487,Shia001111,191,88,406,220,45
241,0,187,PV2024060601,1996,1128,1488,101,34
241,0,315,PV2024060601,1999,1199,1553,163,54
241,0,306,PV2024060601,7671,772,1349,183,40
241,910,1051,LAL2013020401BK1,56,227,383,97,68
242,33,288,Shia001305,37,266,513,148,64
242,33,288,Shia001357,179,904,1151,148,64
242,0,452,Shia001432Vols,31791,1102,1557,363,98
242,648,1472,Shia001432Vols,31792,0,805,633,96
242,461,644,Shia001432Vols,31800,354,659,129,50
242,33,288,Shia001432Vols,31820,1062,1309,148,64
242,0,288,Zaydiyya0000302,1574,0,289,166,62
242,0,288,PV2024060601,7700,193,482,166,62
243,353,680,Shia001372,119,488,835,160,60
243,353,638,Zaydiyya0000236,28,1179,1493,133,54
243,498,678,Masaha001075,361,732,921,96,51
243,498,678,Shia000116,109,1269,1457,120,84
243,527,678,Shia001432Vols,27989,830,957,84,67
243,353,678,Shia001432Vols,28277,750,1098,136,43
243,0,663,Shia001432Vols,31792,805,1467,529,99
243,808,1503,Shia001432Vols,31793,15,711,558,98
243,830,1218,Shia001432Vols,31794,657,820,72,24
243,353,678,Shia000042,184,179,531,160,58
243,527,678,Shia000042,298,350,477,84,67
244,331,471,Shia003757,222,1004,1157,104,86
244,236,474,Shia001372,55,0,222,158,78
244,171,471,Shia001372,126,728,1013,191,74
244,215,471,Zaydiyya0000236,30,820,1059,172,79
244,106,471,Zaydiyya0000236,238,123,416,156,45
244,165,594,Zaydiyya0000236,395,296,622,152,39
244,723,1057,Rafed0001574,188,12,235,172,65
244,202,474,Masaha001075,361,1031,1293,180,77
244,1187,1326,Shia001357,80,495,656,82,58
244,1161,1531,Shia001357,246,862,1172,86,24
244,215,474,Shia001432Vols,27772,907,1150,175,80
244,159,471,Shia001432Vols,28285,927,1201,192,73
244,159,434,Shia001432Vols,31459,1333,1556,134,58
244,1187,1326,Shia001432Vols,31503,1011,1185,78,54
244,165,446,Shia001432Vols,31776,820,1037,139,55
244,0,983,Shia001432Vols,31793,711,1542,660,82
244,983,1578,Shia001432Vols,31794,0,595,484,98
244,1161,1539,Shia001432Vols,31858,92,405,88,24
244,209,471,Shia001237Vols,1451,85,329,174,78
244,159,471,Shia000042,191,10,288,193,74
244,106,540,Shia000042,433,700,1129,187,40
244,159,574,PV2024060601,4277,648,941,158,45
245,387,1014,Shia001305,37,1052,1673,356,56
245,1014,1541,Shia001305,38,0,525,386,84
245,368,584,Zaydiyya0000236,395,1118,1328,160,93
245,610,1541,Shia001357,180,199,1112,699,89
245,375,584,Shia001432Vols,31330,42,230,150,89
245,0,1044,Shia001432Vols,31794,595,1573,742,84
245,1044,1541,Shia001432Vols,31795,0,493,395,97
245,387,1541,Shia001432Vols,31821,126,1261,744,69
245,353,584,Shia001237Vols,2562,442,675,175,88
245,387,1225,Zaydiyya0000302,1574,770,1579,494,61
245,1225,1541,Zaydiyya0000302,1575,0,308,225,80
245,387,1064,PV2024060601,7700,963,1614,372,55
245,1064,1541,PV2024060601,7701,0,466,347,85
246,0,1517,Shia001432Vols,31795,493,1575,867,70
246,164,494,Shia001432Vols,31801,562,1260,231,40
247,371,1076,Shia001615Vols,1761,1044,1345,237,40
247,252,813,Shia001362Vols,853,406,977,226,36
247,265,861,Shia001432Vols,31769,677,1263,243,37
247,0,1533,Shia001432Vols,31796,16,1383,1095,87
247,252,813,Shia001432Vols,31929,408,990,233,37
248,0,208,Shia001432Vols,31796,1388,1596,169,99
248,208,1588,Shia001432Vols,31797,0,1251,1010,89
248,29,613,Shia001432Vols,31809,640,1216,453,94
248,29,480,Shia000042,471,1054,1506,344,90
249,1065,1363,Shia000277Vols,548,152,408,104,31
249,1021,1363,Shia000263Vols,1357,14,324,104,27
249,988,1123,Shia000220Vols,753,441,576,107,100
249,667,1464,Shia001432Vols,26070,591,1345,437,62
249,875,1123,Shia001432Vols,26071,96,362,144,59
249,420,1464,Shia001432Vols,31703,522,1368,547,65
249,875,1123,Shia001432Vols,31704,47,320,144,58
249,1177,1430,Shia001432Vols,31761,1020,1274,129,61
249,60,424,Shia001432Vols,31797,1251,1613,297,99
249,660,1052,Shia001237Vols,2564,987,1384,120,26
249,449,1464,Shia001217Vols,4143,510,1068,381,48
250,491,909,Shia001423Vols,911,80,471,190,54
250,690,873,Shia001423Vols,912,349,550,124,80
250,1145,1440,Shia000234Vols,4602,647,903,171,65
250,469,609,Shia000220Vols,753,444,576,101,90
250,426,873,Shia001432Vols,26070,845,1205,169,44
250,17,678,Shia001432Vols,26071,0,431,320,61
250,1042,1278,Shia001432Vols,27592,1231,1447,163,87
250,0,150,Shia001432Vols,31647,207,462,113,55
250,539,882,Shia001432Vols,31650,62,493,132,38
250,816,968,Shia001432Vols,31701,505,676,116,86
250,67,678,Shia001432Vols,31704,0,389,280,58
250,1087,1429,Shia001432Vols,31704,584,860,190,66
250,491,968,Shia001432Vols,31705,297,893,207,41
250,690,952,Shia001237Vols,2530,519,795,185,84
250,690,968,Shia001217Vols,1261,589,1068,178,47
250,982,1440,Shia001217Vols,2348,198,566,247,66
250,426,570,Shia001217Vols,4123,1177,1314,103,90
250,0,208,Shia001217Vols,4143,1068,1271,152,92
250,0,162,Shia001217Vols,4152,848,1119,123,56
251,24,293,Shia000298Vols,1889,51,247,114,46
251,0,371,Shia000234Vols,4602,903,1325,246,69
251,780,983,Shia000296,528,329,458,104,63
251,1004,1440,Shia001432Vols,27593,717,1128,315,90
251,0,839,Shia001432Vols,27593,87,882,468,64
251,688,1129,Shia001432Vols,27594,676,976,180,51
251,0,194,Shia001432Vols,31704,860,1116,132,63
251,1016,1276,Shia001237Vols,1592,865,1126,142,58
251,13,194,Shia001237Vols,2562,877,1050,121,82
251,0,983,Shia001217Vols,2348,566,1397,577,70
251,1039,1440,Shia001217Vols,2349,0,344,261,81
252,495,705,Shia000298Vols,1883,508,712,160,93
252,716,1080,Shia001157Vols,672,162,485,236,80
252,495,712,Shia000277Vols,961,112,323,158,90
252,490,705,Shia000234Vols,4578,246,461,169,97
252,716,921,Shia001305,46,1259,1487,141,78
252,921,1060,Shia001305,47,0,134,107,95
252,490,699,Shia000263Vols,2755,396,528,96,57
252,720,1060,Shia001122Vols,2012,265,516,178,66
252,490,699,Shia000296,519,966,1167,160,95
252,587,1060,Shia000296,524,294,692,174,38
252,490,739,Shia000317Vols,4946,306,570,172,79
252,874,1060,Shia000317Vols,4947,108,288,118,69
252,716,1099,Shia001357,166,148,557,271,83
252,490,974,Shia001432Vols,27590,1105,1507,296,76
252,974,1486,Shia001432Vols,27591,0,250,171,42
252,0,354,Shia001432Vols,27593,1128,1452,235,81
252,871,1060,Shia001432Vols,31706,193,372,141,93
252,490,916,Shia001237Vols,1591,266,662,209,55
252,114,385,Shia001237Vols,1592,854,1126,207,93
252,775,1140,Shia001217Vols,2343,102,379,190,66
252,34,387,Shia001217Vols,2348,538,716,118,41
252,161,385,Shia001217Vols,2349,5,231,129,59
252,720,1060,PV2024060601,2012,265,516,178,66
252,716,1080,PV2024060601,5559,162,485,236,80
253,1097,1438,Shia001157Vols,672,0,339,156,43
253,0,177,Shia000234Vols,4582,1249,1426,138,96
253,183,697,Shia001305,46,172,710,296,67
253,813,1478,Shia001305,46,259,1263,381,45
253,253,509,Shia002394Vols,890,253,494,177,82
253,0,158,Shia001122Vols,2011,1326,1483,124,96
253,158,694,Shia001122Vols,2012,0,454,232,45
253,1126,1459,Shia000296,524,991,1277,148,51
253,0,177,Shia000296,524,345,517,136,96
253,1040,1478,Shia003633,19,1322,1504,125,36
253,234,648,Shia003633,20,149,575,216,53
253,521,1028,Shia003633,21,20,243,178,43
253,253,660,Shia002389Vols,573,233,771,233,51
253,29,660,Shia001357,165,462,1036,305,55
253,813,1326,Shia001357,165,654,1467,263,35
253,1326,1478,Shia001357,166,0,152,121,98
253,352,538,Shia000182VolsBK2,855,75,291,133,77
253,0,1020,Shia001432Vols,27591,250,998,512,60
253,1040,1478,Shia001432Vols,27592,8,447,272,66
253,0,667,Shia001237Vols,1591,592,1166,199,27
253,1129,1331,Shia000042,476,738,933,118,64
253,333,509,Shia000042,476,525,733,135,80
253,149,601,Shia001217Vols,2343,572,1140,249,53
253,123,694,Shia001217Vols,2345,678,1114,178,34
253,521,1478,Shia001217Vols,2346,605,989,292,38
253,352,1223,Shia000107Vols,1244,872,1593,281,28
253,149,538,Shia000094Vols,328,1255,1506,146,43
253,1129,1266,Shia000094Vols,331,76,204,102,93
253,352,509,Shia000055Vols,695,732,893,111,77
253,0,158,PV2024060601,2011,1326,1483,124,96
253,158,694,PV2024060601,2012,0,454,232,45
253,1097,1438,PV2024060601,5559,0,339,156,43
254,267,531,Shia000196Vols,1070,14,266,186,86
254,285,531,Shia001157Vols,671,1010,1296,180,78
254,390,950,Shia000121Vols,903,650,922,176,36
254,1003,1205,Shia002928,152,552,866,106,38
254,705,1093,Shia001305,46,778,1235,254,70
254,773,1107,Shia001122Vols,2011,1046,1443,176,49
254,819,1107,Shia000296,524,0,457,132,30
254,238,531,Shia002945Vols,553,436,710,197,83
254,238,575,Shia003633,19,806,1152,206,68
254,390,950,Shia000152,787,506,771,183,38
254,705,998,Shia001357,165,1154,1464,199,80
254,95,548,Shia001432Vols,27591,1020,1463,333,91
254,725,1205,Shia001432Vols,27592,502,1254,295,44
254,725,1195,Shia001237Vols,1591,775,1278,319,76
254,784,950,Shia000042,476,863,1028,120,89
254,238,575,Shia001217Vols,2341,96,443,205,68
254,390,913,Shia000094Vols,328,959,1562,195,28
254,390,950,Shia000055Vols,695,560,893,197,38
254,773,1107,PV2024060601,2011,1046,1443,176,49
254,285,531,PV2024060601,5558,1010,1296,180,78
254,275,542,Shia001137,193,126,442,176,66
255,1234,1329,Shia001615Vols,1189,0,96,74,98
255,312,514,Shia001615Vols,1884,340,533,154,95
255,230,514,Shia001305,44,1207,1484,205,90
255,520,1473,Shia001305,45,21,589,400,50
255,1191,1334,Zaydiyya0000236,394,988,1145,108,87
255,1191,1329,Zaydiyya0000236,404,1131,1269,108,100
255,579,970,Shia002992Vols,1529,887,1365,147,29
255,597,916,Shia002992Vols,1900,1011,1360,113,29
255,230,1473,Shia001357,164,543,1396,605,59
255,236,729,Shia001432Vols,31704,1020,1454,312,78
255,729,1383,Shia001432Vols,31705,0,254,164,31
255,558,781,Shia001432Vols,31772,992,1201,131,76
255,1191,1367,Shia001432Vols,31773,912,1072,109,71
255,544,781,Shia001237Vols,2510,578,792,145,76
255,1191,1309,Shia001237Vols,2543,1396,1505,87,92
255,554,781,Shia001237Vols,2543,0,207,153,87
255,1191,1401,Shia001237Vols,2561,1352,1512,120,73
255,391,781,Shia001237Vols,2561,1030,1352,175,46
255,32,744,Shia001237Vols,2562,831,1428,380,64
255,744,1435,Shia001237Vols,2563,0,234,164,30
255,236,514,Shia001217Vols,4142,1020,1291,211,95
255,544,1378,Zaydiyya0000302,1582,412,771,259,39
255,544,1378,PV2024060601,7708,594,953,259,39
256,24,433,Shia001423Vols,910,307,1034,147,23
256,0,1139,Shia001305,45,589,1342,520,56
256,0,257,Shia001305,63,304,590,176,74
256,16,257,Shia000317Vols,6920,681,933,168,77
256,0,369,Shia001357,6,374,742,201,60
256,24,420,Shia001357,163,1260,1452,65,17
256,37,1381,Shia001357,165,0,726,475,43
256,24,251,Shia001432Vols,31316,835,1419,152,31
256,0,357,Shia001432Vols,31317,132,471,208,70
256,710,1302,Shia001432Vols,31705,254,747,315,64
256,710,967,Shia001237Vols,2563,222,460,187,92
256,0,257,Shia001217Vols,4032,95,372,181,78
256,0,379,Shia001217Vols,4144,120,439,230,76
256,710,1065,Shia001217Vols,4154,1116,1382,195,68
256,16,352,Zaydiyya0000302,1586,1015,1363,174,54
256,16,257,PV2024060601,7712,1196,1432,155,72
257,21,970,Shia001149Vols,552,671,1504,636,80
257,158,598,Shia004029,162,10,331,243,67
257,450,726,Shia001305,39,779,1000,123,55
257,731,1007,Shia001305,43,28,282,152,65
257,465,773,Shia001362Vols,853,969,1227,164,57
257,158,323,Zaydiyya0000236,344,1164,1332,122,80
257,731,1007,Shia001386,46,160,414,148,63
257,465,773,Shia001386,51,368,627,164,57
257,245,615,Shia001122Vols,2001,0,368,287,95
257,158,323,Masaha000989,226,758,939,123,78
257,158,323,Masaha000722Vols,211,1037,1223,122,75
257,70,323,Shia001357,115,1206,1444,137,61
257,97,323,Shia001357,119,742,971,134,65
257,450,726,Shia001357,181,1301,1515,122,55
257,731,1007,Shia001357,185,432,686,154,64
257,34,327,Masaha002871,70,620,837,143,58
257,11,323,Shia001432Vols,31451,162,436,158,56
257,70,323,Shia001432Vols,31518,757,995,137,61
257,158,323,Shia001432Vols,31531,204,385,123,78
257,512,726,Shia001432Vols,31769,1323,1456,97,57
257,165,317,Shia001432Vols,31856,1425,1591,125,89
257,332,745,Shia001432Vols,31857,61,500,293,78
257,1095,1556,Shia001432Vols,31878,233,679,346,92
257,731,1007,Shia001432Vols,31879,731,988,150,62
257,0,1075,Shia001432Vols,31880,145,1194,815,90
257,465,773,Shia001432Vols,31929,982,1242,161,56
257,1103,1465,Shia001237Vols,2617,487,971,259,63
257,731,1007,Shia000042,474,1045,1297,148,62
257,245,615,PV2024060601,2001,0,368,287,95
257,213,970,PV2024060601,4281,0,710,543,85
257,34,327,Shia001380,39,181,397,142,58
258,1229,1444,Shia001356,33,726,938,135,66
258,0,877,Shia001142Vols,260,1021,1597,389,50
258,1229,1606,Shia001149Vols,548,930,1338,140,29
258,0,1269,Shia001149Vols,558,573,1600,577,47
258,1229,1606,Shia001305,25,293,779,140,26
258,1229,1444,Shia001305,41,804,1023,150,72
258,0,1606,Shia001305,42,12,1478,1073,76
258,361,1064,Shia001305,67,948,1418,263,40
258,1229,1403,Zaydiyya0000236,344,1195,1342,95,62
258,1229,1444,Zaydiyya0000236,416,934,1154,150,72
258,1050,1403,Shia001386,36,1109,1507,152,41
258,1229,1444,Shia001386,44,1290,1499,143,73
258,0,1606,Shia001386,45,307,1602,942,69
258,361,1064,Shia001386,69,9,443,252,39
258,1229,1584,Shia001386,99,378,691,164,44
258,701,1087,Masaha000989,198,141,418,129,37
258,1229,1444,Masaha001075,438,74,312,144,64
258,1229,1444,Shia001357,183,1266,1477,150,75
258,0,1303,Shia001357,184,506,1648,872,78
258,0,730,Shia001357,222,743,1019,199,33
258,0,1064,Shia001357,260,124,818,413,42
258,0,1444,Shia001357,307,438,1490,595,47
258,20,1606,Shia001432Vols,31810,0,1282,918,67
258,1229,1444,Shia001432Vols,31824,1304,1522,148,72
258,1229,1444,Shia001432Vols,31877,0,201,150,78
258,0,1075,Shia001432Vols,31878,679,1580,727,82
258,1075,1606,Shia001432Vols,31879,0,533,430,97
258,0,656,Shia001432Vols,31949,1395,1588,145,27
258,0,893,Shia001432Vols,32001,979,1562,402,51
258,886,1444,Shia001432Vols,32002,38,503,199,39
258,0,793,Shia000042,473,1034,1595,437,67
258,793,1606,Shia000042,474,0,877,622,84
258,1172,1606,Shia000042,487,375,1404,175,18
258,1237,1606,Zaydiyya0000302,1546,225,773,171,32
258,0,897,Zaydiyya0000302,1577,946,1649,554,75
258,877,1606,Zaydiyya0000302,1578,7,796,537,78
258,1237,1444,Zaydiyya0000302,1580,266,433,122,66
258,656,1522,Zaydiyya0000302,1595,0,461,249,30
258,0,1087,Shia000107Vols,2788,217,1099,637,68
258,1229,1606,PV2024060601,4277,116,524,140,29
258,393,1444,PV2024060601,4287,0,888,496,53
258,1237,1606,PV2024060601,7672,396,944,171,32
258,0,686,PV2024060601,7703,1159,1663,401,72
258,686,1606,PV2024060601,7704,0,995,691,80
258,1237,1444,PV2024060601,7706,439,606,122,66
258,417,1522,PV2024060601,7721,0,626,355,35
259,810,1587,Shia001356,32,391,972,415,61
259,573,855,Shia004029,167,385,653,173,70
259,639,855,Shia004029,175,1222,1458,148,78
259,829,1516,Shia001305,39,1061,1668,446,72
259,0,153,Shia001305,42,1478,1620,116,92
259,153,562,Shia001305,43,0,774,295,46
259,1059,1544,Zaydiyya0000236,381,69,572,281,54
259,763,1587,Zaydiyya0000236,414,801,1543,576,81
259,549,1587,Shia001386,43,691,1381,505,56
259,10,562,Shia001386,46,0,910,393,52
259,819,1587,Shia001386,56,855,1564,487,68
259,885,1587,Shia001386,98,129,661,390,63
259,885,1268,Shia001357,74,1252,1630,283,82
259,1380,1587,Shia001357,75,13,149,95,57
259,456,976,Shia001357,181,122,652,114,15
259,829,1587,Shia001357,182,5,636,487,75
259,0,562,Shia001357,185,261,1175,411,54
259,623,855,Shia001432Vols,17504,35,239,131,68
259,909,1447,Shia001432Vols,31606,801,1575,334,44
259,593,855,Shia001432Vols,31741,860,1088,141,66
259,597,855,Shia001432Vols,31782,555,795,134,61
259,0,351,Shia001432Vols,31810,1282,1603,257,89
259,351,562,Shia001432Vols,31811,0,562,153,34
259,456,976,Shia001432Vols,31822,284,777,111,16
259,829,1587,Shia001432Vols,31823,57,715,505,76
259,573,960,Shia001432Vols,31875,1207,1548,235,74
259,960,1587,Shia001432Vols,31876,0,554,437,80
259,0,611,Shia001432Vols,31879,533,1142,468,94
259,198,562,Shia001432Vols,31880,868,1459,176,31
259,590,909,Shia001237Vols,2617,420,732,202,76
259,829,1587,Shia000042,472,270,923,482,73
259,0,526,Shia000042,474,877,1376,385,88
259,456,976,Zaydiyya0000302,1575,953,1417,99,14
259,829,1587,Zaydiyya0000302,1576,619,1281,493,72
259,0,526,Zaydiyya0000302,1578,796,1315,386,85
259,456,976,PV2024060601,7701,1111,1575,99,16
259,829,1587,PV2024060601,7702,809,1471,493,72
259,0,526,PV2024060601,7704,995,1514,386,85
260,0,699,Shia001356,32,972,1658,541,90
260,699,1561,Shia001356,33,0,1005,460,44
260,936,1334,Rafed0000558,119,333,632,98,21
260,932,1285,Shia004029,167,246,653,174,42
260,0,151,Shia004029,167,82,239,115,90
260,1081,1285,Shia004029,175,1222,1458,125,61
260,4,1010,Shia001305,40,82,1079,791,92
260,1261,1561,Shia001305,41,751,1091,225,81
260,1236,1493,Shia001305,42,1061,1359,154,60
260,1278,1445,Zaydiyya0000236,344,1164,1342,105,70
260,9,973,Zaydiyya0000236,381,596,1689,671,68
260,76,1010,Zaydiyya0000236,415,0,940,750,94
260,1208,1561,Zaydiyya0000236,416,898,1222,230,75
260,1246,1445,Shia001386,36,1301,1507,124,69
260,4,220,Shia001386,43,1381,1596,174,97
260,220,1010,Shia001386,44,0,787,634,95
260,1241,1561,Shia001386,44,1232,1567,226,73
260,1294,1445,Shia001386,45,1401,1611,111,61
260,4,116,Shia001386,56,1564,1675,89,96
260,116,847,Shia001386,57,0,733,554,86
260,0,1010,Shia001386,98,661,1638,771,90
260,1273,1561,Shia001386,99,346,663,222,85
260,1294,1509,Masaha000989,226,806,1017,136,71
260,220,601,Masaha001075,437,1132,1461,258,79
260,1290,1561,Masaha001075,438,70,380,207,79
260,4,1345,Shia001357,75,149,1612,832,58
260,1345,1561,Shia001357,76,0,229,168,87
260,1241,1509,Shia001357,119,742,1047,148,50
260,0,1010,Shia001357,182,636,1627,789,92
260,1261,1561,Shia001357,183,1192,1539,224,76
260,193,405,Shia001357,221,937,1573,147,26
260,1290,1525,Shia001357,222,291,523,182,92
260,410,607,Shia001357,222,0,155,124,74
260,1225,1445,Masaha002871,70,620,845,113,52
260,1065,1285,Shia001432Vols,17504,35,239,124,68
260,1241,1509,Shia001432Vols,31531,156,461,148,50
260,9,1339,Shia001432Vols,31607,197,1630,738,50
260,1294,1515,Shia001432Vols,31810,1081,1335,128,54
260,0,1001,Shia001432Vols,31823,715,1684,770,91
260,1290,1561,Shia001432Vols,31824,1300,1590,215,90
260,0,1294,Shia001432Vols,31876,554,1685,871,79
260,1294,1561,Shia001432Vols,31877,0,269,216,98
260,1073,1273,Shia001432Vols,31878,233,407,124,80
260,1294,1493,Shia001432Vols,31879,154,370,145,78
260,1290,1525,Shia001432Vols,31949,943,1170,179,90
260,209,607,Shia001432Vols,31949,499,817,261,78
260,1294,1541,Shia001432Vols,31981,169,468,165,63
260,0,116,Shia001389,39,290,407,94,99
260,0,802,Shia000042,472,923,1697,619,91
260,802,1561,Shia000042,473,0,629,406,57
260,1294,1493,Shia000042,474,488,734,145,68
260,1261,1445,Zaydiyya0000302,1546,170,365,113,66
260,0,369,Zaydiyya0000302,1576,1281,1721,286,76
260,374,1001,Zaydiyya0000302,1577,0,611,491,93
260,1294,1493,Zaydiyya0000302,1578,389,622,138,67
260,1261,1561,Zaydiyya0000302,1580,204,501,205,78
260,1261,1445,PV2024060601,7672,341,536,113,66
260,0,213,PV2024060601,7702,1471,1694,171,93
260,203,1001,PV2024060601,7703,7,824,613,85
260,1294,1493,PV2024060601,7704,588,821,138,67
260,1261,1561,PV2024060601,7706,377,674,205,78
260,1225,1445,Shia001380,39,181,405,113,52
261,776,1257,Shia001255Vols,733,1135,1537,319,81
261,1257,1594,Shia001255Vols,734,0,372,260,86
261,272,565,Shia001305,43,466,740,221,91
261,32,182,Shia001362Vols,142,361,540,110,77
261,45,182,Shia001362Vols,458,0,161,92,69
261,32,232,Zaydiyya0000236,416,1222,1463,146,72
261,272,565,Shia001386,46,602,876,219,90
261,272,571,Masaha001075,437,305,567,206,83
261,272,565,Shia001357,185,867,1141,221,91
261,272,565,Shia001357,222,1163,1424,212,87
261,32,182,Shia001432Vols,30781,686,864,96,63
261,272,565,Shia001432Vols,31811,254,528,221,91
261,32,232,Shia001432Vols,31877,269,469,157,91
261,244,794,Shia001432Vols,31879,1111,1568,326,69
261,272,565,Shia001432Vols,31950,182,443,212,87
261,272,523,Zaydiyya0000302,1578,1444,1672,186,88
261,300,556,PV2024060601,7705,0,234,191,89
262,0,849,Shia001255Vols,734,372,1212,663,96
262,483,1501,Shia001552,298,224,1155,702,84
262,378,575,Shia003026VolsBK2,809,607,823,143,85
262,585,1501,Shia001432Vols,9102,3,840,647,87
262,483,1501,Shia001432Vols,15062,414,1313,695,85
263,0,341,Shia001552,298,1162,1496,267,96
263,341,1528,Shia001552,299,0,1184,929,95
263,6,664,Rafed0001574,219,1119,1513,296,54
263,346,594,Shia003636Vols,1914,1185,1427,187,88
263,724,1107,Shia003752Vols,488,682,1059,286,90
263,0,676,Shia001432Vols,9102,847,1537,543,96
263,676,1528,Shia001432Vols,9103,0,855,644,90
263,0,177,Shia001432Vols,15062,1320,1496,142,97
263,177,1525,Shia001432Vols,15063,0,1260,992,90
263,743,1402,Shia001237Vols,1128,93,423,237,44
263,735,1201,Shia001237Vols,4166,1184,1372,119,31
263,6,676,Rafed0000230Vols,126,966,1367,298,53
264,150,272,Shia001255Vols,734,1227,1351,73,71
264,1130,1325,Shia001615Vols,1758,1391,1596,157,93
264,0,315,Shia001552,299,1184,1497,241,95
264,315,1526,Shia001552,300,0,1152,884,87
264,0,794,Shia001432Vols,9103,855,1500,508,79
264,794,1526,Shia001432Vols,9104,0,720,571,95
264,20,265,Shia001432Vols,15063,1260,1503,189,98
264,265,1526,Shia001432Vols,15064,0,1173,932,90
264,1143,1412,Shia001432Vols,31730,550,824,199,86
264,1130,1412,Shia001237Vols,2561,137,413,211,92
265,598,876,Shia001615Vols,1759,115,394,226,98
265,0,420,Shia001552,300,1152,1578,345,98
265,420,1601,Shia001552,301,0,1182,942,96
265,0,889,Shia001432Vols,9104,720,1605,719,98
265,889,1601,Shia001432Vols,9105,0,701,567,97
265,0,431,Shia001432Vols,15064,1173,1606,350,96
265,431,1601,Shia001432Vols,15065,0,1160,930,97
265,876,1068,Shia001237Vols,2490,1111,1304,156,99
265,1068,1441,Shia001237Vols,2498,1144,1514,299,98
265,1441,1601,Shia001237Vols,2499,0,171,127,92
266,108,500,Shia001552,301,1177,1552,289,90
266,500,1503,Shia001552,302,0,1004,754,87
266,436,1406,Shia003752Vols,743,16,972,701,86
266,108,1004,Shia001432Vols,9105,696,1542,664,91
266,1004,1503,Shia001432Vols,9106,0,844,380,54
266,108,510,Shia001432Vols,15065,1155,1543,296,90
266,510,1503,Shia001432Vols,15066,0,947,720,85
266,108,231,Shia001237Vols,2499,166,286,91,95
267,1227,1445,Shia001255Vols,89,1173,1364,150,85
267,1032,1445,Shia004050,165,715,1079,271,82
267,997,1445,Shia001615Vols,3029,934,1321,302,85
267,1136,1445,Shamela0010517,2670,65,352,221,90
267,156,1092,Shia001432Vols,31662,22,914,650,88
267,952,1445,Shia001432Vols,31723,613,1030,325,83
267,156,331,Shia001237Vols,2518,1260,1431,134,96
267,331,445,Shia001237Vols,2519,0,112,83,95
267,952,1258,Shia001237Vols,2558,1176,1464,139,51
267,430,1445,Shia001217Vols,4140,81,954,652,81
268,756,1425,Masaha001978Vols,617,256,901,471,83
268,0,870,Shia004050,165,1079,1524,322,45
268,870,1377,Shia004050,166,0,476,350,82
268,403,696,Shia001615Vols,3030,0,226,181,77
268,750,1311,Shia001305,7,1057,1582,423,93
268,750,1425,Shia001357,156,637,1346,506,87
268,395,738,Shia001432Vols,17854,1290,1548,203,72
268,0,414,Shia001432Vols,31723,1030,1430,259,72
268,756,1422,Shia001432Vols,31724,803,1495,501,85
268,414,847,Shia001432Vols,31724,0,380,235,62
268,0,1481,Shia001237Vols,2559,168,1295,728,55
268,6,487,Shia001217Vols,4140,954,1318,202,47
268,198,891,Shia001217Vols,4141,661,1157,244,39
268,157,808,Zaydiyya0000302,1581,832,1304,241,45
268,157,808,PV2024060601,7707,1016,1488,228,38
269,810,919,Shia001357,162,298,410,84,94
269,803,919,Shia001432Vols,31710,526,643,89,95
269,158,1460,Shia001432Vols,31725,38,960,675,63
269,1199,1460,Shia001237Vols,2519,251,510,207,98
269,806,960,Shia001237Vols,2535,490,639,92,71
269,158,851,Shia001237Vols,2560,97,838,450,71
270,907,1396,Shia004050,165,1217,1483,197,49
270,915,1125,Shia001615Vols,3030,0,226,164,89
270,12,307,Shia001156,7,425,729,204,80
270,314,959,Shia001357,166,208,861,135,16
270,93,963,Shia001432Vols,13888,255,769,296,41
270,907,1390,Shia001432Vols,17854,1290,1548,192,48
270,926,1311,Shia001432Vols,31724,0,625,255,50
270,352,959,Shia001432Vols,31731,481,1117,328,53
270,910,1125,Shia001237Vols,2559,306,527,162,89
270,349,809,Shia001217Vols,4141,1005,1440,306,79
270,853,1262,Zaydiyya0000302,1581,944,1304,205,55
270,93,963,Shia001344Vols,106,965,1468,305,43
270,853,1262,PV2024060601,7707,1128,1488,205,55
270,454,938,PV2024060601,7708,0,418,258,62
271,1173,1460,Shia001138BK1,91,424,1054,142,25
271,1237,1417,Shia004012,28,598,780,131,84
271,750,1008,Shia001615Vols,1760,1219,1509,197,84
271,356,1069,Shia001615Vols,3030,238,990,536,85
271,257,847,Shia001432Vols,31725,968,1501,401,83
271,847,1281,Shia001432Vols,31726,0,502,220,45
271,1152,1417,Shia001237Vols,2560,909,1156,185,84
271,299,1288,Shia001217Vols,4141,0,828,523,62
272,479,1075,Masaha001978Vols,617,840,1443,458,92
272,479,1270,Shia001423Vols,933,914,1253,185,29
272,1032,1445,Shia001423Vols,934,540,842,142,37
272,1123,1445,Shia001423Vols,936,843,1083,158,57
272,479,1180,Shia001138BK1,91,452,1100,311,49
272,537,1075,Shia001138BK1,93,5,194,131,29
272,888,1135,Shia004012,28,682,995,114,42
272,883,1445,Shia001171,457,1308,1569,167,35
272,479,1075,Shia001305,8,103,703,461,94
272,156,1426,Shia001305,47,325,1489,663,53
272,589,1075,Shia000806Vols,199,0,487,368,89
272,537,1075,Shia001122Vols,2013,288,768,330,68
272,479,740,Shia001357,156,1285,1546,204,98
272,740,1075,Shia001357,157,0,330,221,73
272,0,1065,Shia001357,166,756,1493,535,61
272,1130,1445,Shia001432Vols,31685,745,955,159,62
272,1177,1445,Shia001432Vols,31723,30,201,110,46
272,485,1075,Shia001432Vols,31726,413,979,426,86
272,1006,1494,Shia001432Vols,31727,309,724,229,54
272,29,652,Shia001432Vols,31727,67,614,241,39
272,240,1255,Shia001237Vols,2508,15,612,204,21
272,1006,1457,Shia001237Vols,2557,1119,1451,214,59
272,0,330,Shia001237Vols,2557,896,1201,221,81
272,490,919,Shia001237Vols,2560,915,1093,128,38
272,214,764,Shia000042,476,1112,1529,254,54
272,757,1445,Shia000042,477,27,438,284,50
272,498,1255,Shia001217Vols,4080,201,724,201,28
272,5,1011,Shia001217Vols,4138,572,1415,434,42
272,718,863,Shia001217Vols,4139,378,518,87,60
272,540,1075,Zaydiyya0000302,1559,157,303,108,25
272,5,872,Zaydiyya0000302,1580,1080,1543,339,48
272,850,1439,Zaydiyya0000302,1581,0,290,201,42
272,537,1075,PV2024060601,2013,288,768,330,68
272,540,1075,PV2024060601,7685,313,459,108,25
272,5,624,PV2024060601,7706,1253,1530,203,41
272,657,1439,PV2024060601,7707,0,474,306,44
273,162,1157,Shia001122Vols,1995,156,1017,532,59
273,162,1167,Shia001432Vols,16641,506,1245,554,69
273,544,747,Shia001432Vols,16642,36,325,93,41
273,126,736,Shia001432Vols,31727,1138,1495,258,51
273,736,1190,Shia001432Vols,31728,0,454,356,99
273,1202,1398,Shia001432Vols,31728,1226,1409,142,92
273,126,1398,Shia001237Vols,2575,42,1105,770,73
273,136,1167,Shia001217Vols,4154,45,756,502,60
273,162,1157,PV2024060601,1995,156,1017,532,59
274,0,516,Shia001432Vols,31728,695,1210,408,99
274,613,1467,Shia001432Vols,31729,0,634,497,72
274,572,1104,Shia001237Vols,2575,1105,1427,257,60
274,1112,1467,Shia001237Vols,2576,0,348,273,96
275,601,1032,Shia001418Vols,427,495,803,229,66
275,0,135,Shia002984Vols,1906,537,704,103,76
275,581,927,Shia000234Vols,6770,1108,1438,252,89
275,332,541,Zaydiyya0000236,449,183,365,140,84
275,565,1022,Shia001122Vols,1733,1011,1459,329,86
275,328,594,Shia001122Vols,2012,975,1249,183,80
275,533,1095,Shia001140Vols,416,759,1381,370,72
275,686,1032,Shia001115Vols,431,0,308,220,78
275,578,896,Shia001432Vols,20568,1184,1460,194,75
275,570,1056,Shia001432Vols,30957,510,998,335,80
275,0,419,Shia001432Vols,31729,634,1171,277,61
275,328,1464,Shia001432Vols,31737,317,1398,718,71
275,328,1464,Shia001237Vols,2564,211,1034,633,69
275,0,376,Shia001237Vols,2576,348,786,253,68
275,558,1149,Shia001217Vols,3701,646,1265,365,68
275,328,533,Shia001217Vols,4144,986,1172,146,90
275,601,1032,Shia001217Vols,6714,642,970,248,71
275,565,1022,PV2024060601,1733,1011,1459,329,86
275,328,594,PV2024060601,2012,975,1249,183,80
275,699,1032,Shia001340,130,0,275,199,71
275,364,594,Shia001340,131,112,303,134,72
276,243,636,Shia001423Vols,911,77,445,190,57
276,379,529,Shia001423Vols,912,349,491,110,94
276,246,519,Shia001423Vols,914,668,996,135,43
276,373,650,Shia001423Vols,1120,1467,1689,169,77
276,650,1449,Shia001423Vols,1121,0,672,526,81
276,373,529,Shia004029,163,126,275,114,94
276,404,545,Shia001552,105,458,584,91,85
276,246,519,Shia001552,385,790,1090,132,50
276,404,636,Shia001552,417,1030,1205,97,54
276,0,505,Shia001305,48,497,1054,211,39
276,373,519,Shia003744Vols,621,200,347,113,99
276,662,1449,Shia002932VolsBK1,112,0,721,503,72
276,371,1449,Shia002992Vols,5747,382,1392,661,70
276,588,1202,Shia000220Vols,2753,985,1489,379,74
276,588,1276,Shia000317Vols,12889,32,605,428,74
276,391,545,Shia004030Vols,1451,0,138,99,85
276,373,545,Shia004030Vols,1479,250,407,113,86
276,373,1022,Masaha005108Vols,303,732,1235,330,63
276,1033,1449,Masaha005108Vols,304,0,492,324,80
276,0,505,Shia001357,167,803,1339,224,43
276,427,1449,Shia001300,39,221,1215,655,71
276,404,519,Shia001432Vols,14798,484,599,89,100
276,404,519,Shia001432Vols,15087,33,147,88,99
276,246,636,Shia001432Vols,15102,85,483,138,38
276,1146,1449,Shia001432Vols,15464,0,382,212,65
276,611,1449,Shia001432Vols,15532,0,795,541,71
276,404,519,Shia001432Vols,17510,967,1081,88,99
276,379,692,Shia001432Vols,20991,1155,1451,193,76
276,692,1449,Shia001432Vols,20992,0,722,477,68
276,126,367,Shia001432Vols,29478,209,529,136,48
276,384,519,Shia001432Vols,31635,562,743,100,72
276,404,559,Shia001432Vols,31650,315,459,97,81
276,474,1449,Shia001432Vols,31735,0,835,659,83
276,74,446,Shia001432Vols,31738,70,490,228,62
276,404,636,Shia001432Vols,31753,573,705,93,53
276,161,550,Shia001432Vols,31756,448,867,170,46
276,379,519,Shia001237Vols,168,634,765,101,93
276,379,545,Shia001237Vols,2530,519,678,112,89
276,152,519,Shia001237Vols,2552,492,919,157,39
276,0,271,Shia001237Vols,2564,1034,1370,186,69
276,379,519,Shia001237Vols,2573,52,192,108,100
276,0,216,Shia000042,478,65,261,78,42
276,0,636,Shia001217Vols,4147,155,859,315,48
276,126,367,Shia001340,333,1001,1314,136,48
276,303,545,Shia001172,184,1124,1375,144,73
276,373,519,Shia001431,121,1086,1239,108,89
277,0,188,Shia001349Vols,1146,514,611,74,50
277,0,229,Shia001423Vols,1121,672,919,165,82
277,18,188,Shia002932VolsBK1,112,559,825,116,52
277,924,1449,Shia000220Vols,2754,89,642,405,92
277,737,1449,Shia000317Vols,12889,242,1127,444,61
277,10,198,Masaha005108Vols,304,322,609,126,53
277,10,188,Shia001300,39,1020,1319,132,55
277,0,188,Shia001432Vols,15464,382,479,74,50
277,10,217,Shia001432Vols,15532,600,932,142,53
277,10,188,Shia001432Vols,20992,526,826,132,55
277,183,499,Shia001432Vols,31643,1004,1312,237,92
277,0,658,Shia001432Vols,31735,835,1477,505,95
277,658,1449,Shia001432Vols,31736,0,786,606,95
277,191,499,Shia001217Vols,4106,821,1114,230,92
278,672,810,Shia000298Vols,3272,1001,1169,99,73
278,569,1263,Shia001305,48,946,1454,257,41
278,1106,1263,Zaydiyya0000236,449,5,160,118,93
278,0,525,Shia000220Vols,2754,642,1159,403,98
278,0,335,Shia000317Vols,12889,1127,1454,249,93
278,340,525,Shia000317Vols,12890,4,184,139,96
278,574,854,Shia001357,167,692,1078,166,50
278,1078,1390,Shia001357,167,1105,1346,135,55
278,1018,1380,Shia001357,168,7,375,215,65
278,1022,1263,Shia001432Vols,24044,674,910,183,96
278,0,638,Shia001432Vols,31736,786,1420,459,88
278,638,810,Shia001432Vols,31737,0,193,126,83
278,733,1384,Shia001432Vols,31738,290,865,306,51
278,566,810,Shia001432Vols,31739,86,350,164,75
278,1018,1263,Shia001237Vols,2013,871,1119,187,95
278,566,810,Shia001237Vols,2565,357,625,177,84
278,537,810,Shia001217Vols,4149,692,973,212,96
278,1022,1263,Shia001340,208,821,1058,184,96
279,1113,1238,Shia000298Vols,3273,224,343,88,88
279,656,923,Shia001423Vols,905,391,870,125,31
279,711,923,Shia001423Vols,1313,672,879,123,66
279,593,923,Shia001552,401,405,686,127,50
279,896,1287,Shia000220Vols,2751,495,802,157,48
279,883,1287,Shia000317Vols,12891,979,1313,169,51
279,725,852,Shia001432Vols,15103,1374,1502,79,74
279,115,265,Shia001432Vols,26070,814,956,90,75
279,9,265,Shia001432Vols,31703,723,965,124,61
279,1061,1234,Shia001432Vols,31737,0,193,118,78
279,0,748,Shia001432Vols,31738,871,1429,353,58
279,748,1238,Shia001432Vols,31739,0,355,255,66
279,9,297,Shia001237Vols,2564,1179,1432,151,66
279,297,1238,Shia001237Vols,2565,0,630,465,63
279,939,1234,Shia001217Vols,4149,615,973,187,60
279,593,908,Shia001217Vols,4152,261,509,148,58
280,173,422,Shia000298Vols,3273,1103,1322,162,81
280,532,942,Shia002984Vols,1213,1007,1181,130,40
280,485,1137,Shia001305,49,21,565,222,33
280,1061,1267,Masaha001028,72,703,868,120,72
280,1061,1267,Masaha001028,144,442,607,120,72
280,41,383,Shia001122Vols,2012,1039,1436,202,60
280,387,978,Shia001122Vols,2013,0,269,194,41
280,160,476,Shia000220Vols,2751,944,1234,211,80
280,485,1144,Shia001357,168,258,746,231,37
280,104,758,Shia001432Vols,31739,381,855,321,61
280,954,1423,Shia001432Vols,31740,935,1483,331,73
280,491,942,Shia001432Vols,31743,976,1186,154,43
280,571,1315,Shia001432Vols,31744,0,196,113,18
280,99,651,Shia001237Vols,2565,642,1208,354,73
280,491,942,Shia001237Vols,2566,988,1436,169,31
280,954,1423,Shia001237Vols,2571,283,724,333,88
280,1049,1267,Shia000042,478,1221,1445,145,78
280,510,1144,Shia001217Vols,4138,709,1127,207,37
280,41,383,PV2024060601,2012,1039,1436,202,60
280,387,978,PV2024060601,2013,0,269,194,41
280,1046,1267,Shia000047,80,1025,1242,146,77
281,821,958,Shia000298Vols,3274,654,797,107,95
281,626,1059,Shia001615Vols,2060,1114,1489,267,73
281,614,1368,Zaydiyya0000236,449,373,1115,528,83
281,626,909,Shia000220Vols,2754,1173,1435,178,73
281,909,1368,Shia000220Vols,2755,0,464,367,98
281,626,1368,Shia000317Vols,12890,198,937,530,84
281,474,841,Shia001432Vols,18789,1170,1430,174,59
281,841,1069,Shia001432Vols,18790,0,236,181,96
281,474,1077,Shia001432Vols,31739,871,1442,435,89
281,1077,1490,Shia001432Vols,31740,0,836,299,44
281,50,404,Shia001432Vols,31741,0,348,182,47
281,474,847,Shia001237Vols,2565,1031,1401,274,89
281,847,1368,Shia001237Vols,2566,4,538,407,94
281,20,146,Shia001237Vols,2571,700,849,101,84
281,614,958,Shia001237Vols,4126,1067,1392,204,67
281,474,1059,Shia001217Vols,6552,915,1401,341,71
281,614,958,JK009365,142,395,687,202,73
282,261,674,Shia001418Vols,414,846,1164,139,39
282,565,750,Shia002984Vols,1213,997,1181,134,86
282,1166,1394,Shia004029,173,1023,1276,168,77
282,261,453,Shia001615Vols,2061,21,169,112,72
282,528,863,Shia001305,49,21,581,218,50
282,72,469,Zaydiyya0000236,449,1100,1499,298,92
282,469,863,Zaydiyya0000236,450,0,440,78,13
282,699,1477,Shia001122Vols,2013,724,1178,332,52
282,658,1214,Shia002972Vols,1165,617,851,139,31
282,83,522,Shia000220Vols,2755,460,904,341,96
282,87,522,Shia000317Vols,12890,937,1373,333,95
282,528,863,Shia001357,168,258,755,206,53
282,250,722,Shia001432Vols,18790,241,713,168,36
282,39,522,Shia001432Vols,31740,235,736,342,85
282,776,1477,Shia001432Vols,31741,391,844,341,59
282,556,750,Shia001432Vols,31743,997,1186,134,87
282,611,855,Shia001432Vols,31744,0,281,129,50
282,83,764,Shia001237Vols,2566,534,1450,460,59
282,776,1472,Shia001237Vols,2571,962,1416,337,58
282,572,855,Shia001217Vols,4138,729,1127,169,55
282,572,1307,Shia001217Vols,4144,947,1437,256,38
282,1307,1477,Shia001217Vols,4145,0,157,121,90
282,250,855,Shia001217Vols,6553,15,571,218,37
282,699,1477,PV2024060601,2013,724,1178,332,52
283,6,228,Shia001423Vols,911,229,483,130,59
283,6,228,Shia001423Vols,914,857,1114,152,76
283,615,902,Shia001418Vols,411,550,818,174,78
283,0,303,Shia004029,163,126,402,146,56
283,31,200,Shia001552,105,458,622,114,88
283,6,228,Shia001552,385,967,1208,140,70
283,6,200,Shia001552,387,271,465,120,75
283,31,228,Shia001552,417,1030,1243,99,50
283,0,200,Shia003744Vols,621,200,393,129,84
283,645,947,Shia001334,288,1145,1532,194,62
283,947,1419,Shia001334,289,0,479,315,76
283,18,200,Shia004030Vols,1451,0,172,114,80
283,0,200,Shia004030Vols,1479,250,441,128,82
283,681,1419,Shia003692,249,500,1211,466,73
283,658,902,Shia003026VolsBK2,300,690,919,166,86
283,31,200,Shia001432Vols,14798,484,649,114,87
283,31,200,Shia001432Vols,15087,33,219,117,81
283,31,228,Shia001432Vols,15102,281,521,99,45
283,31,200,Shia001432Vols,17510,967,1143,113,83
283,11,200,Shia001432Vols,31635,562,791,124,70
283,31,228,Shia001432Vols,31650,315,559,114,56
283,6,571,Shia001432Vols,31729,965,1302,257,58
283,615,1419,Shia001432Vols,31733,11,855,542,76
283,31,200,Shia001432Vols,31756,737,895,112,86
283,6,216,Shia001237Vols,168,634,861,128,71
283,6,228,Shia001237Vols,2552,787,1037,147,74
283,6,200,Shia001237Vols,2553,864,1058,120,75
283,6,422,Shia001237Vols,2558,99,508,224,58
283,6,200,Shia001237Vols,2573,52,242,134,87
283,54,200,Shia001237Vols,2578,0,136,95,85
283,615,1422,Shia001217Vols,4146,207,969,564,87
283,615,1422,Zaydiyya0000302,1583,437,1166,534,81
283,615,1422,PV2024060601,7709,598,1327,534,81
283,6,146,Shia001172,184,1210,1350,107,98
283,0,188,Shia001431,121,1086,1283,123,80
284,704,1125,Shia001418Vols,411,285,664,125,25
284,1293,1417,Shia004029,175,1287,1428,96,87
284,0,460,Shia001334,289,485,898,198,48
284,0,334,Shia003692,249,1217,1447,117,41
284,769,936,Shia001432Vols,31733,0,169,113,81
284,1229,1434,Shia001432Vols,31741,864,1069,126,71
284,420,688,Shia001432Vols,31744,164,426,183,84
284,1267,1417,Shia001432Vols,31875,1289,1420,100,85
284,441,667,Shia001237Vols,2567,0,220,172,96
284,1267,1417,Shia001237Vols,2617,510,641,100,85
284,0,857,Shia001217Vols,4146,969,1395,291,43
284,1293,1434,Shia001217Vols,4150,3,139,106,95
284,981,1125,Zaydiyya0000302,1583,407,550,110,99
284,981,1125,PV2024060601,7709,568,711,110,99
284,208,460,PV2024060601,7710,0,238,143,69
285,872,1203,Shia003690,36,252,668,174,50
285,867,1203,Shia001305,50,0,344,243,86
285,1048,1203,Shia001432Vols,29478,254,413,120,95
285,0,437,Shia001432Vols,31741,1069,1504,356,99
285,437,1203,Shia001432Vols,31742,0,625,458,73
285,1032,1170,Shia001432Vols,31746,1317,1460,109,95
285,443,1181,Shia001432Vols,31747,75,556,117,14
285,938,1203,Shia001237Vols,2572,11,273,198,94
285,1032,1203,Shia000042,478,194,368,132,96
285,0,1091,Shia001217Vols,4150,139,1200,669,70
285,894,1203,Shia001340,130,692,966,144,46
285,1048,1203,Shia001340,333,1031,1191,121,95
286,1052,1419,Shia001418Vols,380,896,1224,168,44
286,1068,1206,Shia000277Vols,3318,1085,1204,86,79
286,1009,1206,Shia000234Vols,3957,1219,1380,105,65
286,878,1206,Shia001615Vols,2060,625,875,100,31
286,985,1419,Shia001122Vols,2830,0,568,155,29
286,1078,1419,Shia000317Vols,12886,0,256,184,67
286,1012,1206,Shia000182VolsBK2,3105,172,354,120,74
286,958,1247,Shia001140Vols,540,254,483,133,57
286,878,1119,Shia001432Vols,18786,931,1452,135,33
286,1222,1419,Shia001432Vols,18788,576,797,156,89
286,10,1184,Shia001432Vols,31742,628,1443,595,63
286,1184,1419,Shia001432Vols,31743,0,286,159,67
286,10,687,Shia001237Vols,2572,273,929,463,82
286,988,1419,Shia001217Vols,6552,0,519,254,58
286,985,1419,PV2024060601,2830,0,568,155,29
286,988,1419,PV2024060601,8654,698,1075,153,36
287,259,588,Shia000298Vols,3269,903,1197,135,51
287,1068,1272,Shia004050,166,58,249,99,50
287,317,748,Shia000234Vols,3957,537,1087,244,49
287,473,781,Shia001615Vols,2060,540,711,75,29
287,28,566,Shia001305,49,354,742,262,62
287,458,789,Shia002972Vols,99,971,1266,225,85
287,28,566,Shia001357,168,519,925,275,64
287,259,447,Shia000182VolsBK2,3106,864,1055,139,85
287,0,729,Shia001432Vols,18788,797,1350,348,61
287,0,789,Shia001432Vols,31743,286,960,456,69
287,47,317,Shia001237Vols,2569,362,516,120,56
287,458,588,Shia001237Vols,4126,140,270,95,95
287,47,447,Shia001237Vols,4127,0,277,217,68
287,262,563,Shia000042,478,0,253,188,79
287,47,447,Shia001217Vols,4148,1127,1408,213,65
287,346,789,Shia001217Vols,6553,208,600,260,73
287,34,447,Zaydiyya0000302,1583,137,404,199,60
287,34,447,PV2024060601,7709,298,565,199,60
288,1138,1413,AOCP20250214687,99,259,530,181,78
288,1127,1413,Shia004012,29,83,365,212,92
288,1130,1413,Shia001149Vols,553,790,1090,217,91
288,82,238,Shia001149Vols,553,620,769,112,87
288,82,551,Shia001305,11,161,676,209,42
288,21,238,Shia001305,72,552,760,138,81
288,82,1002,Zaydiyya0000236,447,592,1496,430,43
288,58,503,Shia003704,335,1213,1520,192,52
288,47,286,Shia001122Vols,2012,545,763,148,79
288,1019,1290,Shia001122Vols,2013,1185,1452,190,89
288,511,1080,Shia001122Vols,2014,174,598,265,53
288,82,286,Shia002972Vols,605,1256,1438,120,73
288,71,244,Shia002972Vols,1251,72,238,123,89
288,47,551,Shia001357,159,794,1272,213,45
288,562,1002,Shia001357,207,1025,1341,216,57
288,1127,1413,Shia000182VolsBK2,315,1071,1412,219,81
288,575,1002,Shia000182VolsBK2,316,6,290,204,58
288,1027,1406,Shia001432Vols,31639,78,453,237,72
288,26,1002,Shia001432Vols,31951,731,1493,558,71
288,863,1413,Shia001432Vols,31952,28,445,287,63
288,66,551,Shia001432Vols,31953,263,640,174,43
288,50,244,Shia001432Vols,31955,990,1178,140,91
288,260,551,Shia001237Vols,2519,612,831,149,65
288,311,551,Shia001237Vols,2533,1057,1277,126,61
288,256,1355,Shia001237Vols,2547,361,1397,673,69
288,21,286,Shia001237Vols,2590,807,1085,180,79
288,1019,1406,Shia001217Vols,4127,968,1392,272,80
288,520,1230,Shia001217Vols,4128,0,543,274,43
288,50,244,Zaydiyya0000302,1604,1244,1419,130,84
288,1019,1390,Zaydiyya0000302,1614,1077,1393,215,72
288,511,1002,Zaydiyya0000302,1615,33,366,235,59
288,71,244,Shia000107Vols,2799,116,273,109,79
288,47,286,PV2024060601,2012,545,763,148,79
288,1019,1290,PV2024060601,2013,1185,1452,190,89
288,511,1080,PV2024060601,2014,174,598,265,53
288,82,244,PV2024060601,4281,1361,1516,117,88
288,1146,1413,PV2024060601,4282,0,284,205,90
288,1244,1413,PV2024060601,7741,0,159,119,89
288,314,551,Shia001380,33,538,763,124,61
289,531,966,Shia002984Vols,1392,167,543,200,52
289,516,796,Shia001615Vols,1189,937,1217,219,99
289,471,716,Shia002972Vols,925,441,664,162,84
289,516,629,Shia000317Vols,1451,1474,1587,85,96
289,629,796,Shia000317Vols,1452,0,167,132,99
289,0,1309,Shia001432Vols,31952,445,1193,446,41
289,1020,1188,Shia001432Vols,31953,0,160,126,94
289,808,1211,Shia001237Vols,2547,26,368,242,73
289,0,102,Shia001237Vols,2548,59,161,79,99
289,511,796,Shia001217Vols,4176,629,913,219,96
290,148,1199,Shia001432Vols,31953,239,1445,637,57
290,1199,1475,Shia001432Vols,31954,0,272,221,97
290,383,1163,Shia001237Vols,2548,165,850,461,67
290,1151,1475,Shia000042,182,824,1153,245,86
290,400,1255,Shia001217Vols,4177,582,1224,458,63
291,1150,1490,Shia001432Vols,31638,535,988,247,68
291,0,1017,Shia001432Vols,31954,272,1288,757,89
291,0,490,Shia000042,182,1153,1627,366,89
291,490,964,Shia000042,183,0,470,320,76
291,1185,1435,Shia001217Vols,4092,816,1078,129,51
291,516,776,Shia001217Vols,4177,1262,1512,186,88
291,776,1250,Shia001217Vols,4178,0,342,166,43
292,109,1089,Shia001423Vols,913,488,1095,312,35
292,994,1315,AOCP20250214687,99,221,540,179,60
292,991,1333,Shia004012,29,83,419,221,74
292,994,1333,Shia001149Vols,553,790,1137,215,70
292,214,811,Shia001615Vols,3548,1008,1202,158,32
292,126,1053,Shia001552,407,403,939,225,25
292,824,1089,Shia001305,11,420,676,170,75
292,991,1333,Zaydiyya0000236,447,759,1164,233,70
292,872,1153,Shia001122Vols,2013,1180,1452,170,72
292,1153,1333,Shia001122Vols,2014,0,210,125,75
292,1053,1326,Masaha001075,427,122,353,144,61
292,824,1089,Shia001357,159,1015,1272,171,76
292,991,1333,Shia001357,207,744,1015,182,64
292,991,1333,Shia000182VolsBK2,315,1071,1459,220,66
292,255,1089,Shia001432Vols,15086,0,417,193,27
292,0,375,Shia001432Vols,31638,988,1408,236,62
292,830,1411,Shia001432Vols,31639,33,621,390,78
292,839,1077,Shia001432Vols,31649,900,1101,137,71
292,844,1095,Shia001432Vols,31951,953,1190,158,74
292,922,1411,Shia001432Vols,31952,152,578,239,57
292,869,1099,Shia001237Vols,2511,0,520,105,23
292,129,854,Shia001237Vols,2517,122,430,214,36
292,830,1089,Shia001237Vols,2519,602,831,156,74
292,869,1089,Shia001237Vols,2533,1057,1277,126,63
292,922,1249,Shia001237Vols,2547,1140,1397,188,72
292,844,1095,Shia001237Vols,2547,365,630,172,77
292,872,1315,Shia001217Vols,4127,963,1411,287,76
292,844,1280,Zaydiyya0000302,1614,1044,1390,212,62
292,872,1153,PV2024060601,2013,1180,1452,170,72
292,1153,1333,PV2024060601,2014,0,210,125,75
292,1010,1333,PV2024060601,4282,0,331,203,68
292,1103,1333,PV2024060601,7741,0,206,128,66
292,872,1089,Shia001380,33,538,763,123,60
293,0,208,Shia003026VolsBK2,1000,1185,1383,146,86
293,241,608,Shia001432Vols,31415,46,272,116,41
293,0,608,Shia001432Vols,31582,51,770,265,37
293,784,1188,Shia001432Vols,31638,556,980,169,40
293,0,1042,Shia001432Vols,31639,694,1377,476,57
293,1042,1393,Shia001432Vols,31640,0,285,222,79
293,215,715,Shia001432Vols,31692,336,627,104,22
293,140,442,Shia001237Vols,494,691,916,108,39
293,196,401,Shia001237Vols,2548,73,431,69,20
293,0,1393,Shia001217Vols,4092,352,1293,690,63
294,210,440,AOCP20250214687,99,276,462,140,77
294,512,835,Shia001138BK1,85,56,379,226,84
294,194,452,Shia004012,29,83,315,168,79
294,194,452,Shia001149Vols,553,795,1026,171,85
294,1196,1378,Shia001305,9,171,352,141,98
294,194,452,Zaydiyya0000236,447,759,1021,190,91
294,77,349,Shia001122Vols,2013,1185,1452,195,91
294,1034,1378,Shia001357,158,14,459,169,46
294,194,440,Shia001357,207,744,922,131,69
294,194,452,Shia000182VolsBK2,315,1071,1349,176,73
294,85,452,Shia001432Vols,31639,78,413,237,82
294,616,1328,Shia001432Vols,31643,983,1488,136,18
294,512,1149,Shia001432Vols,31648,112,818,274,38
294,85,303,Shia001432Vols,31951,972,1233,144,68
294,64,440,Shia001432Vols,31952,131,393,199,69
294,85,289,Shia001237Vols,2511,0,520,65,14
294,64,445,Shia001237Vols,2547,1097,1397,232,78
294,125,759,Shia001217Vols,4094,856,1347,233,44
294,72,440,Shia001217Vols,4127,963,1339,263,87
294,1114,1378,Shia001217Vols,4150,934,1203,175,72
294,69,440,Zaydiyya0000302,1614,1069,1364,201,68
294,77,349,PV2024060601,2013,1185,1452,195,91
294,205,452,PV2024060601,4282,0,220,168,86
294,303,440,PV2024060601,7741,0,107,81,77
295,0,224,Shia001432Vols,31644,917,1383,150,40
295,1016,1375,Shia001432Vols,31645,283,797,238,55
295,224,753,Shia001432Vols,31645,0,463,215,43
295,354,787,Shia001237Vols,2517,582,1038,147,35
295,0,306,Shia001217Vols,4150,1203,1462,187,79
295,306,1336,Shia001217Vols,4151,0,594,419,51
296,799,1243,Shia001367,19,749,1113,270,74
296,877,1399,Shia001432Vols,31644,0,455,346,81
296,565,877,Shia001432Vols,31645,821,1127,161,59
296,160,1359,Shia001217Vols,4151,600,1371,549,57
297,319,813,Shia001423Vols,905,456,852,195,44
297,510,813,Shia001423Vols,1313,666,861,141,57
297,734,925,Shia001367,19,1200,1377,125,84
297,826,1088,Shia001367,20,316,577,159,75
297,342,813,Shia001552,401,338,668,161,41
297,760,1240,Shia002945Vols,648,820,1387,109,17
297,530,796,Shia001432Vols,15103,1374,1509,100,47
297,0,487,Shia001432Vols,31644,455,923,297,74
297,387,1043,Shia001432Vols,31645,846,1355,291,51
297,826,1088,Shia001432Vols,31646,484,733,152,74
297,1056,1393,Shia001432Vols,31647,119,426,230,85
297,1056,1237,Shia001432Vols,31703,1270,1425,117,82
297,530,826,Shia001432Vols,31703,328,475,107,45
297,94,833,Shia001237Vols,2520,122,506,280,47
297,530,833,Shia001237Vols,2531,954,1118,109,45
297,760,1070,Shia001237Vols,2573,192,513,182,68
297,1060,1393,Shia001217Vols,4143,945,1183,145,52
297,0,1393,Shia001217Vols,4152,40,1071,714,63
298,686,1061,Shia001423Vols,905,808,1169,257,81
298,377,736,Shia001423Vols,911,46,445,188,55
298,409,736,Shia001423Vols,914,668,1068,168,54
298,686,1061,Shia001423Vols,1313,817,1190,268,84
298,715,1323,Shia001367,20,0,563,440,90
298,540,736,Shia004029,163,126,334,134,83
298,571,736,Shia001552,105,458,622,105,81
298,409,736,Shia001552,385,790,1162,146,51
298,537,736,Shia001552,387,263,465,121,73
298,686,1061,Shia001552,401,624,995,258,77
298,571,736,Shia001552,417,1030,1243,98,55
298,540,736,Shia003744Vols,621,200,393,138,90
298,558,736,Shia004030Vols,1451,0,172,113,82
298,540,736,Shia004030Vols,1479,250,441,127,83
298,571,736,Shia001432Vols,14798,484,649,110,87
298,571,736,Shia001432Vols,15087,33,219,114,77
298,377,736,Shia001432Vols,15102,36,483,148,42
298,719,1061,Shia001432Vols,15104,0,335,242,83
298,571,736,Shia001432Vols,17510,967,1143,114,83
298,689,1329,Shia001432Vols,30270,351,940,386,69
298,551,736,Shia001432Vols,31635,562,791,125,69
298,1061,1282,Shia001432Vols,31645,1140,1355,146,82
298,582,1323,Shia001432Vols,31646,0,719,540,88
298,0,533,Shia001432Vols,31647,426,887,355,83
298,571,736,Shia001432Vols,31650,315,484,114,87
298,422,736,Shia001432Vols,31756,559,895,128,36
298,546,729,Shia001237Vols,168,634,830,119,74
298,409,736,Shia001237Vols,2552,640,991,162,57
298,546,736,Shia001237Vols,2553,864,1058,118,74
298,546,1323,Shia001237Vols,2573,52,533,364,59
298,594,749,Shia001237Vols,2578,0,149,98,82
298,0,511,Shia001217Vols,4152,1071,1376,196,47
298,457,686,Shia001172,184,1124,1350,135,76
298,540,724,Shia001431,121,1086,1283,122,79
299,569,788,Shia001423Vols,905,661,878,165,91
299,563,788,Shia001423Vols,1313,666,887,171,93
299,20,556,Shia001367,20,563,1118,415,94
299,569,788,Shia001552,401,502,694,142,82
299,583,745,Shia001432Vols,15103,1374,1509,106,82
299,29,556,Shia001432Vols,30270,950,1466,329,74
299,20,898,Shia001432Vols,31646,719,1417,483,65
299,583,800,Shia001432Vols,31703,328,512,104,58
299,954,1259,Shia001432Vols,31962,1247,1520,138,50
299,578,855,Shia001237Vols,2520,336,547,122,53
299,583,762,Shia001237Vols,2531,954,1094,103,72
299,20,762,Shia001237Vols,2573,533,1247,453,68
299,578,766,Shia001217Vols,4152,355,513,119,80
300,1080,1287,Shia001255Vols,988,1225,1416,134,82
300,812,1067,AOCP20250214687,192,82,324,157,74
300,383,885,Shia001305,64,1362,1506,93,23
300,383,1287,Shia001357,6,724,1156,234,30
300,0,1331,Shia001432Vols,31963,175,1233,624,53
300,715,1348,Shia001237Vols,2579,128,1025,424,57
300,510,901,Shia001237Vols,2580,282,634,182,49
300,546,1248,Shia001217Vols,4158,266,903,283,45
300,546,996,Zaydiyya0000302,1588,1069,1442,143,30
301,634,1180,Shia002984Vols,300,956,1130,100,22
301,28,150,Shia001171,252,1066,1192,98,96
301,163,1437,Shia001432Vols,31964,185,1275,685,65
301,28,431,Shia001237Vols,2579,614,1018,205,61
301,236,1203,Shia001217Vols,4159,193,933,502,61
302,74,902,Shia001142Vols,251,202,845,236,26
302,128,590,Shia004012,35,1249,1469,129,34
302,240,630,Shia002984Vols,149,0,145,107,33
302,16,902,Shia001305,64,968,1486,283,36
302,182,759,Shia000070Vols,355,1269,1534,152,29
302,819,1190,Shia001122Vols,2004,27,388,154,43
302,6,902,Shia001122Vols,2009,448,1042,271,32
302,6,869,Shia000075Vols,1729,0,598,189,20
302,193,630,Shia000317Vols,6929,1332,1546,142,37
302,827,1525,Shia001432Vols,31962,335,1021,394,62
302,94,845,Shia001432Vols,31962,165,713,226,29
302,0,430,Shia001432Vols,31964,1275,1457,141,41
302,45,630,Shia001237Vols,2585,1132,1497,247,49
302,657,1058,Shia001217Vols,4159,198,628,171,38
302,51,630,Shia001217Vols,4172,404,759,234,47
302,56,701,Zaydiyya0000302,1595,1249,1596,215,41
302,179,708,Shia000107Vols,2795,678,908,130,31
302,819,1190,PV2024060601,2004,27,388,154,43
302,6,902,PV2024060601,2009,448,1042,271,32
302,56,259,PV2024060601,7721,1414,1589,131,81
303,410,1455,Shia001149Vols,554,593,1505,618,72
303,995,1455,Zaydiyya0000236,459,839,1277,333,86
303,90,441,Shia001357,255,947,1278,179,51
303,182,588,Shia001432Vols,31965,1183,1481,228,70
303,510,1503,Shia001432Vols,31966,12,963,694,82
303,182,441,Shia001237Vols,2580,38,296,203,98
303,182,441,Shia000107Vols,2791,34,287,171,78
303,410,689,PV2024060601,4282,1259,1482,136,59
303,221,1455,PV2024060601,4283,0,688,484,46
304,382,888,Shia001356,23,15,533,283,54
304,104,540,AOCP20251117023,20,1189,1430,154,40
304,557,872,AOCP20251117023,21,4,300,176,64
304,10,867,Shia001142Vols,261,943,1606,494,69
304,867,1082,Shia001142Vols,262,0,254,153,69
304,24,1082,Shia001149Vols,560,0,882,634,70
304,73,785,Shia000784,88,1084,1575,385,66
304,785,932,Shia000784,89,0,146,115,97
304,24,898,Shia001305,69,819,1644,471,53
304,581,932,Hindawi092963020,726,696,1072,265,89
304,24,1082,Zaydiyya0000236,489,370,1330,616,63
304,73,932,Shia000741,89,148,790,504,72
304,73,898,Shia001386,74,753,1493,428,52
304,14,1082,Shia001122Vols,2004,629,1511,656,73
304,49,851,Masaha000989,236,926,1592,370,46
304,24,918,Masaha000722Vols,216,266,929,335,39
304,73,1082,Shia000233,599,313,1147,595,68
304,43,932,Masaha001075,438,629,1457,465,52
304,68,888,Shia001357,35,481,1154,402,51
304,18,888,Shia001357,63,661,1378,436,53
304,43,773,Shia001357,267,1093,1695,376,54
304,1324,1525,Shia003026VolsBK2,1109,416,614,146,93
304,68,898,Shia001432Vols,31411,108,730,355,44
304,73,898,Shia001432Vols,31588,695,1435,434,53
304,0,855,Shia001432Vols,31966,927,1564,507,73
304,855,1142,Shia001432Vols,31967,0,257,188,78
304,1324,1521,Shia001432Vols,31994,511,675,115,74
304,14,1047,Shia001432Vols,32068,696,1556,623,71
304,10,1082,Shia001237Vols,2580,420,1509,646,60
304,10,1082,Shia001217Vols,4160,35,936,667,73
304,10,1082,Zaydiyya0000302,1604,345,1196,645,73
304,14,1082,PV2024060601,2004,629,1511,656,73
304,10,1021,PV2024060601,4288,748,1588,609,71
304,10,1082,PV2024060601,7730,567,1418,645,73
305,1326,1487,Shia002984Vols,105,438,600,131,99
305,806,1224,Shia001171,269,938,1121,121,36
305,899,1259,Shia001134,104,585,896,159,48
305,735,1214,Shia001615Vols,1190,419,705,145,32
305,930,1490,Shia001382,15,479,925,138,27
305,183,564,Shia001122Vols,2004,499,893,117,25
305,1252,1455,Shia003026VolsBK2,172,491,658,125,76
305,806,1214,Shia003026VolsBK2,529,923,1375,318,89
305,99,289,Shia003026VolsBK2,529,818,993,116,74
305,899,1214,Shia001432Vols,2051,1268,1472,148,58
305,183,503,Shia001432Vols,31967,313,760,182,50
305,838,1490,Shia001432Vols,31989,114,638,237,40
305,0,301,Shia001432Vols,31994,551,868,170,59
305,801,1393,Shia001432Vols,31994,836,1434,390,77
305,806,1490,Shia001237Vols,2581,373,1107,465,75
305,0,246,Shia001237Vols,2581,138,419,160,69
305,271,564,Shia001217Vols,4160,0,302,90,23
305,183,564,PV2024060601,2004,499,893,117,25
306,463,590,Shia001423Vols,1506,0,128,100,99
306,670,1084,Shia002959,162,0,221,148,46
306,612,837,Shia001122Vols,2010,380,612,170,94
306,1027,1435,Shia002992Vols,2018,574,1073,281,67
306,612,759,Shia001357,257,1303,1454,108,90
306,0,837,Shia001432Vols,31995,99,800,457,64
306,0,537,Shia001237Vols,2581,1107,1398,203,47
306,537,837,Shia001237Vols,2582,0,294,210,90
306,687,837,Shia001217Vols,4161,0,138,105,92
306,612,837,PV2024060601,2010,380,612,170,94
307,432,1330,Shia001255Vols,1197,409,1024,467,64
307,363,605,Shia001142Vols,247,1123,1425,168,68
307,624,1440,Shia001142Vols,248,23,582,392,58
307,28,222,Rafed0002654Vols,12960,630,839,113,64
307,28,222,Shia004092Vols,12885,423,632,113,64
307,367,759,Shia001122Vols,2009,1110,1459,256,82
307,749,1423,Shia001122Vols,2010,0,383,287,53
307,367,1423,Shia001357,257,587,1306,538,64
307,0,503,Shia001357,258,78,470,224,55
307,22,285,Shia003026VolsBK2,531,886,1119,162,75
307,28,222,Masaha002880Vols,380,1027,1236,113,64
307,398,1432,Shia001432Vols,31992,309,1101,488,53
307,0,390,Shia001432Vols,31995,800,1159,230,67
307,36,506,Shia001237Vols,2581,665,1039,183,45
307,0,285,Shia001237Vols,2582,294,561,184,79
307,297,648,Shia001237Vols,2583,1117,1465,252,87
307,648,1403,Shia001237Vols,2584,0,473,367,60
307,458,1403,Shia000042,536,135,912,500,58
307,0,506,Shia001217Vols,4161,138,598,234,54
307,359,1381,Shia001217Vols,4169,758,1467,522,63
307,356,1447,Zaydiyya0000302,1590,160,871,507,58
307,367,759,PV2024060601,2009,1110,1459,256,82
307,749,1423,PV2024060601,2010,0,383,287,53
307,356,1447,PV2024060601,7716,319,1030,507,58
308,1174,1384,Shia001255Vols,102,184,358,131,80
308,469,649,Shia001255Vols,1197,1110,1285,137,96
308,881,1320,Shia001142Vols,246,465,981,256,55
308,526,729,Shia001142Vols,248,0,208,118,70
308,787,1327,Shia001138BK1,95,286,907,285,51
308,881,1323,Shia004012,32,199,650,210,48
308,881,1320,Shia004012,35,26,485,251,60
308,952,1157,Shia001171,268,122,311,145,85
308,949,1374,Shia001149Vols,542,272,611,213,59
308,879,1222,Shia001134,54,1045,1427,229,76
308,881,1323,Shia001134,103,20,472,218,50
308,976,1157,Shia000234Vols,6839,1139,1344,137,82
308,976,1157,Shia001615Vols,1190,1253,1437,141,94
308,976,1157,Shia000117Vols,245,1308,1501,128,77
308,0,649,Shia001122Vols,2009,817,1437,196,26
308,32,729,Shia001357,257,352,1000,167,21
308,6,729,Shia001432Vols,31992,162,741,210,28
308,1174,1463,Shia001432Vols,31995,1089,1358,158,64
308,887,1316,Shia001237Vols,2583,832,1313,267,69
308,307,823,Shia001237Vols,2584,521,1043,400,92
308,469,811,Shia000042,536,271,551,161,55
308,1179,1405,Shia001217Vols,4167,0,180,134,76
308,469,729,Shia001217Vols,4169,966,1170,105,52
308,901,1257,Shia001217Vols,4170,144,577,200,55
308,469,649,Zaydiyya0000302,1590,351,493,109,76
308,887,1222,Zaydiyya0000302,1591,15,379,168,51
308,960,1157,Shia000107Vols,2792,27,206,112,67
308,0,649,PV2024060601,2009,817,1437,196,26
308,949,1374,PV2024060601,4270,1004,1343,213,59
308,469,649,PV2024060601,7716,510,652,109,76
308,887,1222,PV2024060601,7717,208,572,168,51
309,10,389,Shia001142Vols,251,726,945,154,49
309,5,517,Shia001149Vols,542,7,438,174,31
309,0,493,Shia001122Vols,2009,887,1228,197,46
309,413,769,Shia001122Vols,2010,388,1021,221,41
309,5,389,Shia000075Vols,1729,487,674,146,47
309,10,389,Shia000317Vols,6929,492,679,146,48
309,0,493,Shia001357,257,377,705,176,41
309,413,529,Shia001357,257,1311,1435,90,93
309,602,769,Shia001357,258,324,474,118,88
309,0,389,Shia001432Vols,31993,496,718,151,47
309,858,1359,Shia001432Vols,31993,804,1283,385,94
309,413,529,Shia001432Vols,31995,584,703,90,97
309,413,751,Shia001432Vols,31995,1110,1434,148,48
309,413,529,Shia001237Vols,2582,78,197,90,97
309,585,769,Shia001237Vols,2582,1186,1395,142,85
309,599,769,Shia001237Vols,2583,402,659,85,40
309,0,389,Shia001217Vols,4168,99,304,163,52
309,585,765,Shia001217Vols,4168,1057,1219,128,89
309,585,738,Zaydiyya0000302,1590,838,982,112,90
309,0,493,PV2024060601,2009,887,1228,197,46
309,413,769,PV2024060601,2010,388,1021,221,41
309,5,517,PV2024060601,4270,739,1170,174,31
309,585,738,PV2024060601,7716,997,1141,112,90
310,15,409,Shia001142Vols,249,1086,1431,240,73
310,236,416,Tafsir04056,2996,830,985,124,81
310,241,416,Tafsir04056,7200,539,687,123,83
310,126,565,Shia004012,33,0,390,257,69
310,0,565,Shia001171,269,227,699,298,61
310,236,409,Shia002382Vols,1836,1167,1328,125,85
310,236,409,Shia002382Vols,2435,246,407,125,85
310,90,526,Rafed0002654Vols,10352,484,883,294,82
310,1174,1417,Zaydiyya0000236,474,365,606,178,85
310,236,416,Tafsir04038,695,445,595,119,78
310,208,565,Shia001135,9,952,1563,163,27
310,90,526,Shia004092Vols,10526,687,1086,294,82
310,241,474,Shia003744Vols,509,1240,1455,144,73
310,241,403,Shia001544Vols,332,1562,1710,123,90
310,0,431,Shia001122Vols,2010,1068,1440,281,79
310,7,171,Shia000233,596,1296,1430,96,71
310,1227,1417,Masaha001075,429,691,894,145,84
310,236,416,Shia002389Vols,3076,509,653,112,73
310,191,538,Shia000317Vols,6929,691,1030,256,90
310,0,538,Shia001357,258,521,1049,416,95
310,241,416,Shia002380Vols,823,1304,1441,112,76
310,208,474,Shia001432Vols,18001,93,365,173,70
310,236,403,Shia001432Vols,18018,93,249,124,87
310,196,538,Shia001432Vols,31320,62,376,242,86
310,1016,1462,Shia001432Vols,31392,1109,1298,116,32
310,183,538,Shia001432Vols,31990,0,289,214,73
310,0,909,Shia001432Vols,31996,54,942,620,78
310,1066,1417,Shia001432Vols,32003,242,572,252,87
310,1066,1498,Shia001237Vols,2578,286,460,115,34
310,146,619,Shia001237Vols,2583,0,449,342,89
310,1026,1299,Shia001237Vols,2617,1222,1501,183,78
310,123,340,Shia001217Vols,4168,1231,1463,170,91
310,0,171,Shia001217Vols,4169,581,718,102,74
310,0,506,Zaydiyya0000302,1590,1039,1488,347,83
310,0,501,Shia000107Vols,2791,1112,1468,262,64
310,0,431,PV2024060601,2010,1068,1440,281,79
310,0,288,PV2024060601,7716,1198,1458,195,82
310,288,526,PV2024060601,7717,0,206,165,84
310,241,474,Shia001173,53,1254,1463,133,67
311,0,1057,Shia001142Vols,257,384,1492,782,84
311,1061,1511,Shia001142Vols,258,0,455,355,93
311,0,1231,Shia001149Vols,555,313,1526,917,88
311,1231,1511,Shia001149Vols,556,0,281,228,99
311,322,469,Zaydiyya0000236,289,73,225,110,89
311,1173,1503,Zaydiyya0000236,327,760,1077,166,56
311,1173,1503,Shia001386,11,233,551,165,56
311,1256,1503,Shia001122Vols,1998,854,1085,184,91
311,1173,1490,Shia001357,100,1217,1555,188,65
311,0,1234,Shia001357,304,307,1521,920,89
311,1234,1511,Shia001357,305,0,278,226,99
311,1173,1503,Masaha002871,68,344,670,173,62
311,228,469,Shia001432Vols,24033,855,1242,150,49
311,322,469,Shia001432Vols,31305,468,620,110,89
311,1173,1503,Shia001432Vols,31457,703,1038,176,61
311,1173,1503,Shia001432Vols,31469,1205,1523,167,48
311,1173,1503,Shia001432Vols,31478,577,910,180,64
311,1173,1503,Shia001432Vols,31483,932,1191,176,65
311,1173,1503,Shia001432Vols,31520,810,1179,200,68
311,1265,1503,Shia001432Vols,31767,1099,1320,176,90
311,524,744,Shia001432Vols,31782,879,1118,162,78
311,524,744,Shia001432Vols,31784,633,909,145,58
311,1219,1503,Shia001432Vols,31788,758,1242,118,23
311,0,1219,Shia001432Vols,31998,313,1524,917,89
311,1219,1511,Shia001432Vols,31999,0,292,237,99
311,1256,1497,Shia001432Vols,32095,873,1132,164,70
311,326,469,Shia001237Vols,1966,0,153,111,92
311,228,469,Shia001365,66,880,1244,137,47
311,23,551,Zaydiyya0000302,1591,958,1462,373,83
311,551,1511,Zaydiyya0000302,1592,0,1002,745,88
311,1173,1503,Shia000107Vols,2780,969,1305,173,61
311,23,1265,Shia000107Vols,2792,519,1491,694,66
311,1265,1511,Shia000107Vols,2793,0,247,199,98
311,1256,1503,PV2024060601,1998,854,1085,184,91
311,0,507,PV2024060601,4283,1073,1552,377,92
311,524,1511,PV2024060601,4284,6,1015,767,91
311,23,380,PV2024060601,7717,1151,1495,252,80
311,380,1511,PV2024060601,7718,0,1162,864,88
311,1334,1503,Shia001380,37,0,147,113,82
311,545,661,Shia000405Vols,1750,1260,1378,85,86
312,0,1498,Shia001142Vols,258,455,1605,819,62
312,166,1115,Shia001171,368,315,1151,197,22
312,0,1590,Shia001149Vols,556,281,1504,946,71
312,166,879,Shia001362Vols,137,918,1452,155,25
312,727,1115,Zaydiyya0000236,196,72,479,118,30
312,166,1074,Masaha000989,164,787,1487,176,22
312,848,1115,Masaha001075,547,81,395,96,35
312,0,1590,Shia001357,305,278,1459,868,63
312,166,1115,Shia001432Vols,30604,222,1144,215,22
312,0,476,Shia001432Vols,31788,670,1157,243,51
312,459,1115,Shia001432Vols,31865,0,1260,195,18
312,0,1590,Shia001432Vols,31999,292,1541,885,63
312,644,1115,Shia000042,400,49,553,125,28
312,0,795,Zaydiyya0000302,1592,1002,1584,445,68
312,783,1590,Zaydiyya0000302,1593,0,601,405,59
312,0,1590,Shia000107Vols,2793,247,1415,658,43
312,0,714,PV2024060601,4284,1015,1586,438,73
312,714,1590,PV2024060601,4285,0,651,507,70
312,0,500,PV2024060601,7718,1162,1580,327,79
312,500,1590,PV2024060601,7719,0,767,440,43
313,0,1377,Shia001142Vols,259,81,1594,964,72
313,108,1515,Shia001149Vols,557,0,1316,970,80
313,233,1037,Shia001305,32,281,924,321,39
313,69,1303,Shia001305,66,392,1577,841,77
313,233,787,Shia001362Vols,370,939,1323,264,59
313,233,936,Shia001362Vols,656,13,564,266,36
313,227,358,Zaydiyya0000236,275,1408,1540,103,96
313,358,913,Zaydiyya0000236,276,0,337,142,25
313,119,248,Zaydiyya0000236,328,199,419,87,47
313,333,918,Zaydiyya0000236,361,0,502,216,35
313,233,1113,Zaydiyya0000236,394,244,862,392,50
313,233,1113,Zaydiyya0000236,404,387,988,358,44
313,233,727,Zaydiyya0000236,407,569,963,255,64
313,119,727,Zaydiyya0000236,420,810,1434,229,33
313,233,1025,Zaydiyya0000236,425,686,1127,280,40
313,233,727,Zaydiyya0000236,429,1077,1494,254,57
313,233,1062,Zaydiyya0000236,507,670,1411,374,48
313,233,1062,Zaydiyya0000236,510,635,1372,376,48
313,119,248,Shia001386,11,1355,1577,87,46
313,315,918,Shia001386,33,0,524,231,36
313,233,727,Shia001386,41,126,517,257,64
313,233,1025,Shia001386,53,919,1360,290,42
313,119,727,Shia001386,55,793,1390,248,39
313,233,724,Shia001386,58,999,1356,212,48
313,233,692,Shia001386,59,580,948,225,53
313,69,689,Shia001386,67,1137,1643,373,73
313,689,1515,Shia001386,68,0,841,586,80
313,233,1130,Masaha001075,434,369,1012,366,43
313,119,692,Masaha001075,435,893,1523,241,35
313,167,449,Shia001357,101,1034,1573,196,45
313,740,1049,Shia001357,107,748,1403,131,22
313,207,1062,Shia001357,110,241,1146,375,40
313,119,680,Shia001357,114,840,1427,195,29
313,233,727,Shia001357,116,170,609,222,45
313,233,979,Shia001357,174,1049,1521,283,42
313,233,571,Shia001357,198,1075,1375,226,84
313,233,1073,Shia001357,203,425,1023,343,43
313,233,1081,Shia001357,206,700,1301,374,48
313,233,727,Shia001357,220,164,555,243,55
313,69,385,Shia001357,258,1166,1496,239,89
313,385,1515,Shia001357,259,0,1131,744,71
313,0,155,Shia001357,305,1459,1612,124,97
313,155,1515,Shia001357,306,0,1208,924,80
313,119,248,Shia001432Vols,31470,713,932,87,47
313,119,727,Shia001432Vols,31508,520,1198,180,21
313,207,680,Shia001432Vols,31512,759,1164,173,33
313,119,677,Shia001432Vols,31515,1043,1599,208,32
313,167,1010,Shia001432Vols,31521,591,1343,304,32
313,257,1062,Shia001432Vols,31527,0,865,338,38
313,233,918,Shia001432Vols,31560,932,1464,235,33
313,233,1081,Shia001432Vols,31773,165,766,382,50
313,233,685,Shia001432Vols,31786,1206,1556,236,60
313,870,1081,Shia001432Vols,31787,14,234,169,93
313,233,548,Shia001432Vols,31806,1245,1575,225,79
313,119,979,Shia001432Vols,31815,905,1577,273,29
313,233,787,Shia001432Vols,31827,1170,1558,232,45
313,233,724,Shia001432Vols,31833,1283,1638,249,62
313,233,540,Shia001432Vols,31834,1270,1553,170,62
313,274,1073,Shia001432Vols,31861,0,557,312,41
313,233,936,Shia001432Vols,31907,973,1524,266,36
313,119,419,Shia001432Vols,31920,1228,1573,179,55
313,119,727,Shia001432Vols,31934,600,1195,198,27
313,233,1025,Shia001432Vols,31940,1082,1523,280,40
313,233,457,Shia001432Vols,31946,1341,1564,179,99
313,77,1495,Shia001432Vols,32000,0,1567,938,65
313,119,1052,Shia001432Vols,32005,243,1014,596,78
313,233,1062,Shia001432Vols,32180,402,1143,374,48
313,233,1081,Shia001237Vols,2543,654,1251,379,50
313,233,727,Shia000042,469,277,684,263,65
313,119,979,Zaydiyya0000302,1569,0,652,268,29
313,0,1149,Zaydiyya0000302,1593,601,1588,787,84
313,1156,1515,Zaydiyya0000302,1594,6,311,233,77
313,0,162,Shia000107Vols,2793,1415,1581,128,92
313,162,1515,Shia000107Vols,2794,0,1135,861,77
313,162,727,Shia003705,119,1133,1567,257,53
313,0,979,PV2024060601,4285,651,1577,671,79
313,979,1515,PV2024060601,4286,0,496,385,87
313,119,979,PV2024060601,7695,169,853,268,28
313,0,966,PV2024060601,7719,767,1572,638,81
313,966,1515,PV2024060601,7720,0,493,381,83
314,0,642,Shia001142Vols,260,106,839,466,73
314,0,274,Shia001149Vols,557,1316,1578,211,93
314,274,642,Shia001149Vols,558,0,398,282,85
314,862,1433,Shia001149Vols,559,273,657,259,54
314,862,1166,Shia000234Vols,1320,755,994,169,66
314,0,399,Shia001305,67,177,567,275,82
314,872,1390,Shia001305,68,951,1361,214,45
314,1137,1433,Zaydiyya0000236,480,241,474,170,68
314,0,399,Shia001386,68,841,1206,269,82
314,868,1390,Shia001386,69,598,919,209,49
314,1166,1302,Masaha000989,235,1388,1522,100,90
314,862,1390,Masaha000722Vols,215,703,1035,190,43
314,1178,1390,Masaha001075,429,1372,1528,115,63
314,862,1110,Shia000317Vols,1452,920,1156,139,62
314,0,399,Shia001357,259,1131,1477,259,80
314,856,1390,Shia001357,261,407,757,208,45
314,0,370,Shia001357,306,1208,1590,284,86
314,370,642,Shia001357,307,0,286,211,87
314,0,642,Shia001432Vols,32001,21,676,494,88
314,862,1433,Shia001432Vols,32012,55,420,290,61
314,1178,1363,Shia001432Vols,32022,455,658,95,43
314,396,911,Shia001237Vols,2585,693,1068,239,53
314,0,642,Zaydiyya0000302,1594,311,937,470,85
314,0,596,Shia000107Vols,2794,1135,1565,315,64
314,0,642,PV2024060601,4286,496,1157,491,88
314,862,1433,PV2024060601,4287,1067,1451,259,54
314,0,642,PV2024060601,7720,493,1119,470,85
315,1402,1619,AOCP20251117023,20,1189,1430,158,78
315,1106,1627,Shia001142Vols,261,757,1289,353,77
315,233,1304,Shia001149Vols,559,657,1617,638,68
315,1304,1627,Shia001149Vols,560,0,327,260,96
315,1371,1627,Shia000784,88,1084,1345,210,97
315,233,466,Shia001305,68,1367,1599,191,99
315,1304,1627,Shia001305,69,819,1236,230,63
315,466,958,Shia001305,69,0,650,354,64
315,233,1100,Zaydiyya0000236,480,474,1385,687,90
315,1259,1627,Zaydiyya0000236,489,168,664,293,71
315,1371,1627,Shia000741,89,148,408,210,97
315,233,913,Shia001386,69,925,1595,407,61
315,1371,1627,Shia001386,74,753,1110,201,68
315,1161,1627,Shia001122Vols,2004,526,968,334,85
315,1347,1627,Masaha000989,236,926,1312,215,68
315,233,882,Masaha000989,236,38,449,252,43
315,233,865,Masaha000722Vols,215,1041,1436,229,40
315,1371,1627,Shia000233,599,313,572,206,96
315,335,882,Masaha001075,430,0,493,311,58
315,1371,1627,Masaha001075,438,657,1016,205,69
315,1366,1627,Shia001357,35,481,784,177,63
315,1298,1627,Shia001357,63,661,1007,211,67
315,233,958,Shia001357,261,763,1494,426,59
315,233,865,Shia001357,262,369,781,235,41
315,1341,1627,Shia001357,267,1093,1501,223,66
315,1366,1627,Shia001432Vols,31411,108,415,179,64
315,1371,1627,Shia001432Vols,31588,695,1053,206,69
315,1166,1341,Shia001432Vols,31963,369,558,96,54
315,1290,1627,Shia001432Vols,31966,937,1259,255,91
315,233,1100,Shia001432Vols,32012,420,1277,688,95
315,302,882,Shia001432Vols,32023,29,551,295,51
315,1240,1627,Shia001432Vols,32068,646,1038,310,95
315,1161,1627,Shia001237Vols,2580,477,944,368,95
315,1263,1627,Shia001217Vols,4160,0,377,298,96
315,233,1100,Zaydiyya0000302,1598,262,989,534,73
315,1161,1627,Zaydiyya0000302,1604,234,676,334,88
315,233,958,Shia000107Vols,2796,918,1559,440,72
315,1161,1627,PV2024060601,2004,526,968,334,85
315,233,426,PV2024060601,4287,1451,1648,156,95
315,426,1627,PV2024060601,4288,0,1094,745,71
315,233,1100,PV2024060601,7724,438,1165,534,73
315,1161,1627,PV2024060601,7730,456,898,334,88
316,254,525,Shia001356,23,216,533,165,59
316,8,509,AOCP20251117023,21,32,300,157,37
316,0,504,Shia001142Vols,261,1289,1606,225,53
316,504,709,Shia001142Vols,262,0,254,155,72
316,0,709,Shia001149Vols,560,327,882,381,61
316,0,422,Shia000784,88,1345,1575,155,43
316,422,569,Shia000784,89,0,146,115,97
316,0,535,Shia001305,69,1236,1644,237,47
316,13,569,Hindawi092963020,726,705,1072,258,56
316,0,709,Zaydiyya0000236,489,664,1330,381,53
316,0,569,Shia000741,89,408,790,274,57
316,0,535,Shia001386,74,1110,1493,223,45
316,0,709,Shia001122Vols,2004,968,1511,383,62
316,0,488,Masaha000989,236,1312,1592,151,32
316,8,555,Masaha000722Vols,216,567,929,178,34
316,0,709,Shia000233,599,572,1147,373,58
316,0,569,Masaha001075,438,1016,1457,246,45
316,0,525,Shia001357,35,784,1154,221,45
316,0,525,Shia001357,63,1007,1378,221,45
316,0,410,Shia001357,267,1501,1695,150,46
316,0,535,Shia001432Vols,31411,415,730,172,34
316,0,535,Shia001432Vols,31588,1053,1435,224,45
316,0,492,Shia001432Vols,31966,1259,1564,216,52
316,492,1235,Shia001432Vols,31967,0,760,345,44
316,0,675,Shia001432Vols,32068,1038,1556,359,61
316,0,709,Shia001237Vols,2580,944,1509,379,60
316,0,760,Shia001217Vols,4160,390,967,399,60
316,0,709,Zaydiyya0000302,1604,676,1196,386,64
316,0,709,PV2024060601,2004,968,1511,383,62
316,0,658,PV2024060601,4288,1094,1588,344,60
316,0,709,PV2024060601,7730,898,1418,386,64
317,272,530,Shia001142Vols,258,188,440,160,66
317,158,476,Shia001149Vols,546,233,740,174,36
317,272,530,Shia001149Vols,556,25,266,163,70
317,736,962,Shia001372,231,334,493,84,38
317,1360,1518,Shia001305,32,9,168,101,64
317,158,530,Zaydiyya0000236,327,547,1070,199,39
317,736,962,Zaydiyya0000236,502,1302,1461,84,38
317,158,560,Shia001386,11,19,398,147,31
317,1097,1215,Shia001122Vols,1999,1431,1553,87,86
317,245,564,Masaha001075,439,0,334,209,68
317,158,476,Shia001357,100,958,1550,226,46
317,272,530,Shia001357,305,22,263,163,70
317,109,530,Masaha002871,68,0,663,223,35
317,45,535,Masaha002880Vols,368,112,1010,226,28
317,0,151,Shia001432Vols,17504,770,903,97,79
317,736,962,Shia001432Vols,29160,600,759,87,43
317,158,530,Shia001432Vols,31457,497,1031,219,43
317,158,530,Shia001432Vols,31469,993,1516,199,39
317,109,786,Shia001432Vols,31478,340,1342,268,27
317,158,530,Shia001432Vols,31483,551,1184,213,37
317,158,544,Shia001432Vols,31520,551,1223,244,44
317,1033,1215,Shia001432Vols,31769,113,355,136,69
317,178,564,Shia001432Vols,31788,0,304,140,33
317,1028,1201,Shia001432Vols,31790,1283,1513,114,58
317,186,564,Shia001432Vols,31864,218,397,130,42
317,415,962,Shia001432Vols,31866,481,981,197,34
317,272,530,Shia001432Vols,31999,37,277,161,69
317,0,1028,Shia001432Vols,32095,623,1588,746,87
317,1028,1526,Shia001432Vols,32096,0,496,400,99
317,165,530,Zaydiyya0000302,1542,424,950,212,43
317,272,530,Zaydiyya0000302,1592,747,987,161,69
317,158,530,Shia000107Vols,2780,772,1298,211,42
317,272,440,Shia000107Vols,2793,9,557,121,27
317,1097,1215,PV2024060601,1999,1431,1553,87,86
317,158,476,PV2024060601,4274,926,1433,174,36
317,272,530,PV2024060601,4284,759,1000,163,70
317,165,530,PV2024060601,7668,602,1128,212,43
317,272,530,PV2024060601,7718,907,1147,161,69
317,109,560,Shia001380,36,1125,1531,158,30
317,321,530,Shia001380,37,0,140,109,64
318,690,832,Rafed0002565Vols,743,159,297,111,97
318,1231,1632,Shia001357,111,174,390,141,43
318,690,875,Shia001432Vols,17504,912,1093,146,97
318,907,1507,Shia001432Vols,31527,1147,1589,184,32
318,292,421,Shia001432Vols,31770,714,917,106,63
318,0,283,Shia001432Vols,31771,583,872,225,97
318,921,1274,Shia001432Vols,31956,986,1535,256,54
318,1324,1667,Shia001432Vols,31957,0,397,265,79
318,921,1667,Shia001432Vols,31974,502,1543,498,52
318,910,1654,Shia001432Vols,31976,767,1532,464,63
318,425,1667,Shia001432Vols,32096,496,1683,972,93
318,921,1640,Masaha003299,61,590,1243,349,50
319,1069,1461,Shia000207,142,1289,1541,179,55
319,852,994,Shia001149Vols,307,812,948,106,92
319,1066,1491,Shia000234Vols,1303,669,988,191,51
319,1090,1461,Shia001615Vols,2770,1058,1300,178,59
319,416,1140,Shia001305,72,985,1431,218,35
319,1299,1461,Shia001305,73,16,190,125,90
319,541,1467,Zaydiyya0000236,512,180,710,246,27
319,1053,1461,Shia002959,333,1139,1399,185,56
319,1074,1461,Shia002959,334,0,252,173,54
319,1058,1481,Shia001122Vols,1247,0,281,191,55
319,1053,1481,Shia002992Vols,5002,399,814,168,36
319,1069,1461,Shia000075Vols,1730,93,330,160,50
319,1053,1461,Shia002945Vols,239,819,1099,197,58
319,1016,1461,Shia002389Vols,3278,1172,1457,194,54
319,1069,1461,Shia000317Vols,1367,1056,1297,173,55
319,1053,1481,Masaha005108Vols,652,754,1168,167,36
319,1303,1461,Shia000209,123,19,184,117,87
319,1112,1461,Shia000182VolsBK2,561,0,206,150,52
319,852,994,Shia000182VolsBK2,971,1336,1484,111,89
319,1345,1461,Shia001432Vols,2062,391,514,86,83
319,0,375,Shia001432Vols,31957,397,940,219,46
319,20,375,Shia001432Vols,32097,7,360,288,99
319,420,1493,Shia001432Vols,32191,76,830,496,57
319,1016,1461,Shia001217Vols,724,219,487,191,54
319,852,994,Shia001217Vols,2608,1330,1467,111,96
319,512,837,Shia001217Vols,4180,528,1090,203,46
319,416,1461,Zaydiyya0000302,1605,520,1162,301,33
319,864,994,Shia004624,12,874,1003,99,93
319,128,339,Shia000107Vols,2794,927,1204,114,49
319,530,1461,Shia000107Vols,2798,624,1054,189,22
319,1058,1481,PV2024060601,1247,0,281,191,55
319,852,994,PV2024060601,4036,37,173,106,92
319,416,1461,PV2024060601,7731,679,1321,301,33
319,1066,1461,Shia000291Vols,928,344,588,179,56
320,11,321,Shia000207,142,1289,1541,157,64
320,1228,1438,Shia001171,541,1078,1263,88,48
320,1228,1438,Shia001149Vols,84,511,707,85,45
320,1108,1438,Shia001134,93,140,475,131,45
320,624,881,Shia000234Vols,1303,353,560,159,77
320,631,881,Shia001615Vols,2770,636,833,154,77
320,334,686,Shia001305,73,791,1242,220,61
320,8,704,Zaydiyya0000236,512,405,1182,284,39
320,11,383,Shia002959,333,1139,1457,171,61
320,16,321,Shia002959,334,0,252,155,64
320,631,881,Shia001625,194,931,1139,164,81
320,74,444,Shia002932VolsBK1,363,0,466,166,41
320,11,321,Shia002931,213,19,357,179,62
320,204,568,Masaha001028,108,382,809,160,35
320,204,568,Masaha001028,180,139,566,160,35
320,8,517,Shia001122Vols,1247,8,480,216,49
320,11,487,Shia002992Vols,5000,808,1320,193,39
320,8,342,Shia002992Vols,5002,419,814,203,62
320,686,881,Shia000233,1098,128,273,114,73
320,11,487,Shia002945Vols,240,173,682,196,44
320,8,321,Shia002389Vols,3278,1197,1457,161,65
320,8,444,Masaha005108Vols,652,774,1300,208,46
320,67,321,Shia000182VolsBK2,561,0,206,137,69
320,16,686,Shia001432Vols,32191,512,1246,354,55
320,595,1447,Shia001432Vols,32192,203,1001,597,85
320,0,342,Shia001237Vols,414,765,1122,260,92
320,590,881,Shia001217Vols,723,0,248,184,77
320,8,453,Shia001217Vols,724,228,649,156,35
320,380,590,Zaydiyya0000302,370,1235,1430,144,87
320,8,321,Zaydiyya0000302,1605,912,1162,149,60
320,266,568,Zaydiyya0000302,1606,98,328,166,67
320,8,517,PV2024060601,1247,8,480,216,49
320,1228,1438,PV2024060601,3812,1267,1463,85,45
320,8,321,PV2024060601,7731,1071,1321,149,60
320,266,568,PV2024060601,7732,250,480,166,67
320,8,321,Shia000291Vols,928,344,927,182,36
321,334,641,Shia000234Vols,1302,576,846,160,67
321,579,904,Shia001615Vols,2770,850,1191,179,67
321,927,1428,Shia001305,73,482,734,198,49
321,587,799,Zaydiyya0000236,512,1122,1303,137,80
321,331,904,Shia001122Vols,1246,286,827,325,70
321,974,1431,Shia000075Vols,1730,483,705,165,43
321,962,1431,Shia002389Vols,3279,0,222,174,46
321,0,629,Shia001432Vols,32192,1001,1492,245,41
321,629,1431,Shia001432Vols,32193,0,482,339,53
321,971,1431,Shia001237Vols,398,0,207,162,43
321,515,904,Shia001237Vols,411,592,1399,262,40
321,318,641,Shia001217Vols,722,0,368,191,62
321,927,1431,Shia001217Vols,4183,1020,1207,138,34
321,956,1431,Zaydiyya0000302,1605,1207,1416,161,42
321,1241,1431,Shia000107Vols,2798,1109,1281,123,80
321,331,904,PV2024060601,1246,286,827,325,70
321,1264,1431,PV2024060601,7732,0,152,116,84
322,994,1297,Shia000298Vols,649,902,1185,144,47
322,0,403,Shia000121Vols,249,588,871,193,58
322,1009,1225,Shia001372,87,1027,1231,137,73
322,1005,1297,Zaydiyya0000236,513,904,1176,198,81
322,0,403,Shia001122Vols,1246,873,1442,270,56
322,0,403,Shia000075Vols,239,951,1241,200,61
322,0,1464,Shia001432Vols,32193,482,1414,610,49
322,0,302,Shia001237Vols,398,207,460,122,51
322,121,863,Shia001237Vols,411,945,1250,242,40
322,960,1297,Shia001237Vols,414,1096,1425,240,86
322,0,403,Shia000055Vols,247,974,1299,222,67
322,0,403,PV2024060601,1246,873,1442,270,56
323,292,676,Shia000298Vols,649,1114,1581,114,20
323,489,1080,Shia000234Vols,1304,1038,1436,171,31
323,489,1067,Shia001122Vols,1246,605,1442,261,38
323,660,1067,Shia000075Vols,239,889,1241,170,41
323,292,469,Shia001432Vols,32193,1155,1473,124,48
323,489,1448,Shia001432Vols,32194,0,593,386,50
323,573,764,Shia001237Vols,398,338,533,147,94
323,489,1067,Shia001237Vols,412,0,302,231,49
323,489,1319,Shia001217Vols,723,689,1317,248,30
323,583,1132,Shia000055Vols,247,813,1360,216,38
323,489,1067,PV2024060601,1246,605,1442,261,38
324,964,1414,Shia001615Vols,2693,132,380,119,32
324,1034,1414,Zaydiyya0000236,507,121,273,87,28
324,1034,1355,Shia001432Vols,32179,1342,1538,100,32
324,0,1018,Shia001432Vols,32194,554,1426,623,75
324,0,1018,Shia001237Vols,412,377,1289,665,82
324,997,1414,Shia001217Vols,4175,589,890,159,43
325,337,504,Shia001255Vols,1065,437,594,108,77
325,608,1271,Shia001255Vols,1072,0,411,321,61
325,174,516,Shia001138BK1,95,887,1262,197,60
325,1271,1468,Zaydiyya0000236,400,372,572,155,98
325,1256,1468,Rafed0001574,229,127,334,161,93
325,273,566,Shia001414,42,474,843,168,56
325,314,959,Shia002992Vols,3262,323,937,255,36
325,350,1468,Shia001432Vols,31696,11,866,564,58
325,174,686,Shia001432Vols,32181,957,1389,181,40
325,311,1280,Shia001237Vols,2512,648,1385,442,52
325,279,638,Shia001217Vols,4175,54,357,148,51
326,255,388,Shia001255Vols,1072,450,582,103,94
326,1065,1457,Shia001423Vols,1355,363,768,306,95
326,1065,1452,Shia001138BK2,15,437,820,269,84
326,1065,1457,Shia001418Vols,124,707,949,159,53
326,1086,1457,Shia002984Vols,1652,509,758,166,53
326,1057,1210,Shia001552,493,1307,1465,112,87
326,1210,1452,Shia001552,494,0,234,161,82
326,722,1045,Zaydiyya0000236,400,21,340,234,85
326,0,1045,Rafed0001574,229,334,1246,495,48
326,1057,1346,Shia003744Vols,623,1267,1557,222,96
326,1083,1452,Shia001387,67,388,747,255,86
326,1068,1452,Shia001300,297,467,855,272,86
326,1065,1457,Shia001432Vols,1726,681,1071,304,97
326,1065,1393,Shia001432Vols,8499,1105,1429,252,98
326,1057,1452,Shia001432Vols,9760,903,1297,265,82
326,1083,1457,Shia001432Vols,10414,315,687,291,98
326,1083,1457,Shia001432Vols,10434,683,1055,290,97
326,0,600,Shia001432Vols,31696,866,1466,478,98
326,600,1146,Shia001432Vols,31697,0,525,362,83
326,147,715,Shia001237Vols,2513,112,713,442,92
326,689,1045,Shia001217Vols,4188,221,552,255,89
327,274,941,Shia001423Vols,1355,781,1484,535,94
327,941,1507,Shia001423Vols,1356,0,399,312,68
327,274,759,Shia001138BK2,15,838,1193,264,66
327,274,759,Shia001552,494,252,710,328,78
327,274,1507,Shia003744Vols,624,129,1204,817,80
327,282,759,Shia001387,67,771,1125,266,66
327,274,839,Shia001300,297,873,1456,410,81
327,839,1507,Shia001300,298,0,479,345,63
327,274,537,Shia001432Vols,1726,1084,1429,196,69
327,537,759,Shia001432Vols,1727,0,228,182,96
327,274,1507,Shia001432Vols,8500,78,1190,845,81
327,461,1507,Shia001432Vols,9761,0,1028,679,69
327,274,1004,Shia001432Vols,10414,700,1487,583,91
327,1004,1507,Shia001432Vols,10415,0,336,261,64
327,274,545,Shia001432Vols,10434,1068,1421,203,70
327,545,759,Shia001432Vols,10435,0,220,175,96
328,354,912,Shia001423Vols,1326,277,629,196,41
328,0,1125,Shia001423Vols,1356,399,1501,832,88
328,1125,1502,Shia001423Vols,1357,0,392,301,95
328,30,209,Shia002984Vols,1652,877,1033,120,82
328,354,912,Shia001615Vols,3261,158,509,200,42
328,0,315,Shia003744Vols,624,1204,1510,222,81
328,315,1502,Shia003744Vols,625,0,1160,877,89
328,0,222,Shia001300,298,479,721,168,81
328,980,1183,Shia001432Vols,1727,228,435,158,95
328,0,337,Shia001432Vols,8500,1190,1506,252,92
328,337,1502,Shia001432Vols,8501,0,1092,850,90
328,354,912,Shia001432Vols,8799,1143,1494,200,42
328,0,350,Shia001432Vols,9761,1028,1365,265,93
328,0,205,Shia001432Vols,10415,336,515,144,85
328,980,1183,Shia001432Vols,10435,220,426,160,97
328,354,912,Masaha001945,75,305,653,201,43
328,354,912,Shia001431,51,1011,1366,199,42
328,248,1490,Shia001431,52,210,1430,902,87
329,973,1492,Masaha001978Vols,20,384,721,197,45
329,973,1492,Shia001423Vols,942,622,972,194,44
329,0,719,Shia001423Vols,1357,392,1092,554,96
329,565,719,Shia001615Vols,165,851,1063,104,61
329,1203,1492,Shia001615Vols,2221,0,181,127,52
329,973,1492,Shia001552,440,132,489,202,46
329,0,327,Shia003744Vols,625,1160,1481,255,97
329,345,719,Shia003744Vols,626,0,444,273,72
329,0,457,Shia001432Vols,8501,1092,1481,307,84
329,457,1492,Shia001432Vols,8502,0,967,759,90
329,973,1492,Shia001432Vols,9030,964,1289,182,42
329,973,1492,Shia001432Vols,14820,265,616,203,46
329,973,1468,Shia001237Vols,2499,505,829,195,47
329,88,719,Shia001431,122,0,611,457,87
330,893,1065,Shia001418Vols,310,220,377,117,84
330,258,499,Shia001149Vols,539,776,1015,185,95
330,829,1253,Shia000234Vols,2767,1060,1360,203,60
330,0,187,Shia001615Vols,2221,181,389,146,86
330,304,579,Shia001305,74,0,280,157,60
330,791,1010,Shia001305,75,1191,1401,154,83
330,242,499,Shia003704,335,712,964,190,92
330,1077,1426,Shia003744Vols,275,1100,1441,244,87
330,812,1069,Shia001122Vols,1977,1158,1397,179,87
330,216,499,Shia001122Vols,1994,1046,1322,212,93
330,286,499,Rafed0000705Vols,1243,979,1193,160,90
330,199,572,Shia002945Vols,246,501,862,246,85
330,274,499,Shia002389Vols,2793,335,564,164,86
330,216,600,Shia001432Vols,3244,799,1191,240,72
330,233,499,Shia001432Vols,7588,360,609,187,87
330,0,187,Shia001432Vols,8502,967,1164,148,94
330,233,609,Shia001432Vols,9030,436,822,236,74
330,791,1112,Shia001432Vols,26099,947,1269,216,83
330,796,1065,Shia001432Vols,31325,833,1080,185,87
330,199,569,Shia001432Vols,31326,361,717,232,75
330,1088,1410,Shia001432Vols,31697,663,961,233,91
330,796,1216,Shia001432Vols,32700,78,425,209,63
330,933,1109,Shia001237Vols,758,12,187,112,78
330,199,600,Shia001237Vols,2474,351,766,222,64
330,1088,1426,Shia001237Vols,2513,720,1034,248,92
330,905,1216,Shia001217Vols,1326,0,262,151,56
330,262,585,Shia001217Vols,4028,0,303,200,77
330,199,579,Zaydiyya0000302,1606,1002,1328,205,67
330,812,1069,PV2024060601,1977,1158,1397,179,87
330,216,499,PV2024060601,1994,1046,1322,212,93
330,271,499,PV2024060601,4268,0,226,175,95
330,199,484,PV2024060601,7732,1154,1410,172,74
331,668,1070,Shia003690,31,738,1161,158,38
331,458,1070,Shia001305,11,121,644,142,27
331,981,1091,Shia003026VolsBK2,133,1423,1543,85,88
331,97,333,Shia001432Vols,31325,1154,1390,186,100
331,463,654,Shia001432Vols,31419,45,214,130,84
331,824,1442,Shia001432Vols,31640,318,868,353,69
331,668,1063,Shia001432Vols,31715,610,930,174,55
331,861,1442,Shia001237Vols,2516,630,1184,375,77
332,840,1434,Shia001417,204,462,945,370,77
332,654,827,Shia001418Vols,310,220,377,122,87
332,242,377,Shia002928,164,416,551,107,100
332,590,857,Shia000234Vols,2767,1060,1314,179,83
332,949,1093,Shia001552,105,474,622,103,91
332,949,1093,Shia001552,385,991,1162,106,80
332,949,1093,Shia001552,387,296,465,102,78
332,543,772,Shia001305,75,1172,1401,179,97
332,258,577,Zaydiyya0000236,300,346,732,194,61
332,834,1434,Shia003744Vols,621,200,717,391,81
332,506,827,Shia001122Vols,1977,1062,1394,199,70
332,47,530,Shia000317Vols,6916,517,994,328,81
332,97,666,Shia000317Vols,6933,981,1422,187,39
332,852,1093,Shia004030Vols,1451,0,172,133,71
332,834,1093,Shia004030Vols,1479,250,441,147,73
332,949,1106,Shia001432Vols,9106,1461,1595,103,85
332,1106,1434,Shia001432Vols,9107,0,304,239,90
332,949,1093,Shia001432Vols,14798,500,649,104,91
332,543,860,Shia001432Vols,26099,947,1261,220,88
332,566,827,Shia001432Vols,31325,833,1080,186,89
332,39,530,Shia001432Vols,31338,696,1189,367,90
332,949,1093,Shia001432Vols,31635,644,791,101,85
332,566,827,Shia001432Vols,32700,78,325,186,89
332,684,860,Shia001237Vols,758,0,174,126,90
332,840,1093,Shia001237Vols,2552,787,991,132,61
332,949,1093,Shia001237Vols,2553,889,1058,102,78
332,840,1093,Shia001237Vols,2573,52,242,123,62
332,956,1093,Shia001237Vols,2578,0,136,98,94
332,666,1051,Shia001217Vols,1326,0,276,155,50
332,28,666,Shia001217Vols,4041,485,1077,234,44
332,21,696,Shia001217Vols,4042,705,1453,422,65
332,566,1093,Shia001217Vols,4184,111,505,215,48
332,609,1034,Zaydiyya0000302,1610,0,336,176,48
332,506,827,PV2024060601,1977,1062,1394,199,70
332,569,1034,PV2024060601,7736,157,506,190,47
333,0,582,Shia001417,204,945,1499,413,86
333,582,1487,Shia001417,205,0,1004,682,81
333,738,1307,Shia001615Vols,3720,1009,1425,306,65
333,0,814,Shia003744Vols,621,717,1535,616,90
333,814,1487,Shia003744Vols,622,0,692,519,91
333,0,1160,Shia001432Vols,9107,304,1527,882,87
333,1177,1487,Shia001432Vols,9108,3,312,237,95
334,35,579,Shia001417,205,1004,1538,402,87
334,579,1532,Shia001417,206,0,946,749,96
334,1272,1485,Shia001615Vols,2949,743,954,168,99
334,1335,1542,Shia003744Vols,383,55,270,168,96
334,35,849,Shia003744Vols,622,692,1525,622,91
334,858,1542,Shia003744Vols,623,7,691,543,97
334,1335,1532,Shia004030Vols,1479,491,696,159,96
334,35,1277,Shia001432Vols,9108,312,1533,955,93
334,1277,1542,Shia001432Vols,9109,0,268,203,94
334,1272,1542,Shia001432Vols,10426,807,1080,207,94
335,0,536,Shia001417,206,949,1445,398,90
335,0,695,Shia003744Vols,623,691,1357,462,76
335,0,237,Shia004030Vols,1479,699,936,189,98
335,0,536,Shia001432Vols,9109,268,805,433,97
335,0,458,Shia001432Vols,10426,1080,1555,372,95
335,567,1412,Shia001432Vols,30908,113,870,548,80
335,1289,1567,Shia001432Vols,31318,919,1213,187,72
335,715,992,Shia001217Vols,3028,0,279,214,94
336,534,930,Shia001552,418,1237,1603,285,86
336,938,1498,Shia001552,419,0,557,424,92
336,534,1040,Shia001432Vols,15056,1103,1561,349,82
336,1040,1498,Shia001432Vols,15057,0,410,319,85
336,0,273,Shia001432Vols,31318,1213,1466,202,91
336,273,683,Shia001432Vols,31319,0,421,199,50
337,367,1023,Shia001171,221,286,725,317,60
337,0,1055,Shia001552,419,557,1421,627,73
337,0,1023,Shia001432Vols,15057,410,1199,600,73
337,244,1023,Shia001432Vols,31635,804,1371,420,67
337,244,888,Shia001237Vols,2516,106,541,331,64
337,258,440,Shia001217Vols,4088,1205,1397,136,89
337,658,1023,Shia001217Vols,4089,0,360,265,90
337,258,683,Shia001217Vols,4119,1199,1430,167,47
337,683,1023,Shia001217Vols,4120,0,212,142,54
337,244,1023,Zaydiyya0000302,1558,27,596,420,67
337,244,1023,PV2024060601,7684,180,749,420,67