ms1,b1,e1,id2,ms2,b2,e2,ch_match,matches_percent
1,1310,1597,Shamela0008505,346,250,664,191,54
1,995,1233,Shamela0010614,127,1286,1524,185,95
1,990,1233,JK010637,131,937,1150,147,73
1,1310,1597,JK009230,102,944,1217,193,78
1,990,1233,ShamAY0034556,8,99,361,193,90
2,129,468,Zaydiyya0000142,1122,632,886,178,66
2,129,468,JK007626,7,235,499,175,64
2,85,398,JK010473,183,1388,1558,121,49
2,3,117,JK010473,184,111,225,85,94
2,3,424,AOCP20251104084,31,1127,1458,209,56
2,3,361,JK009230,102,1217,1589,252,83
3,495,669,Sham19Y0021505,254,990,1199,129,75
3,495,718,JK000778,837,813,996,135,76
3,256,669,Shamela0010428BK1,147,770,1299,211,48
3,480,718,Hindawi017160604,810,171,367,131,68
3,495,718,Shamela0000558,155,417,602,136,75
3,495,669,JK000927,2958,443,616,106,77
3,486,718,JK009325,1012,1258,1453,136,73
3,495,718,Shamela0026484,196,1322,1503,132,74
3,477,669,Sham19Y0013665,50,980,1215,142,75
3,495,718,Shamela0023700,1993,604,787,135,76
3,480,718,Masaha002028Vols,1590,360,554,142,75
3,477,691,Sham19Y0020762,1855,1375,1546,123,72
3,495,627,Masaha001946Vols,703,928,1061,102,96
3,495,669,JK007143,2461,328,544,135,78
3,495,669,Shamela0005433,62,872,1045,106,77
3,495,718,JK009230,318,905,1084,132,75
3,495,669,Shamela0000618,46,1355,1527,133,95
3,480,718,JK010738,277,587,782,139,74
3,486,606,JK010738,322,1416,1535,88,94
3,495,710,JK007628,10,660,838,133,77
3,495,718,Shamela0023775,7,462,644,136,76
3,256,718,Shamela0010428BK11,10,386,881,202,43
3,491,669,Kraken22021606121201,1185,399,576,104,73
4,0,221,ShamAY0034556,62,145,366,176,99
5,755,934,Hindawi030536269,188,437,617,139,95
5,591,764,Shamela0023789,1552,382,567,115,78
5,599,874,Shamela0023785,262,1102,1477,166,56
5,496,1352,Shamela0023790,266,58,565,285,38
5,604,739,JK001138,7,1348,1481,103,95
5,615,739,Shamela0023775,19,6,135,95,92
6,1249,1518,Shamela0010614,314,0,296,170,68
6,1204,1518,Shamela0007853,1203,993,1349,192,62
7,633,968,Sham19Y0009937,104,640,919,189,68
8,1285,1528,ShamAY0035859,419,843,1136,193,81
8,164,663,AOCP20251104084,30,1087,1570,348,84
8,115,449,JK009230,104,1175,1501,247,90
8,449,1018,JK009230,105,0,580,403,83
8,1257,1528,JK009230,658,332,616,171,64
9,156,872,Shamela0012541,150,100,900,515,78
9,0,425,ShamAY0035859,419,1136,1577,339,93
9,425,878,ShamAY0035859,420,6,404,300,81
9,0,878,JK009230,658,616,1546,668,87
11,1119,1223,Shamela0010614,115,543,648,82,98
11,1119,1223,Shamela0010614,301,853,958,79,95
11,1119,1223,Shamela0010614,507,1198,1303,79,95
11,1119,1223,Sham19Y0022797,303,1062,1168,82,97
11,1349,1482,JK009225,376,1101,1403,70,30
11,1119,1223,Sham19Y0020986,58,1146,1251,76,92
11,1119,1223,Shamela0009788,173,390,495,83,99
11,1119,1223,Shamela0009788,1745,489,594,83,99
11,1119,1223,Shia003636Vols,3666,104,208,82,99
11,1119,1223,Rafed0002267,55,1148,1253,80,96
11,1119,1223,Shamela0010428BK1,298,914,1019,82,98
11,1119,1223,Shamela0000558,209,932,1038,82,97
11,404,708,JK010637,125,932,1291,165,50
11,1119,1223,Sham19Y0036072,100,526,632,82,97
11,1119,1223,Shamela0011790,1970,536,640,81,98
11,1349,1482,Shamela0023785,248,646,864,104,60
11,214,326,Sham19Y0145334,3089,485,698,90,52
11,1119,1223,Shamela0010428BK19,8,897,1002,82,98
11,1119,1223,Shia002185Vols,3622,181,286,76,92
11,1119,1223,Shamela0023790,512,537,642,82,98
11,262,720,Shamela0003118,7178,732,982,134,34
11,1119,1223,Shamela0037538,87,1252,1360,83,96
11,265,374,Hindawi014948082,19,870,982,76,85
11,214,326,Sham19Y0013235,57,678,878,90,55
11,856,1223,ShamAY0034556,64,84,452,300,99
11,1314,1482,JK010738,50,896,1016,85,64
11,1337,1492,Shamela0023775,751,613,786,107,78
11,1119,1223,JK010625,20,1198,1304,82,97
11,1119,1238,Shamela0005416,139,402,521,88,93
12,298,567,JK009230,165,38,314,209,95
12,168,576,Hindawi038697931,49,528,925,284,84
12,168,515,Hindawi038697931,76,796,1459,236,45
12,306,567,JK007589,677,447,717,204,95
13,55,785,JK010768,127,45,423,228,36
13,119,559,Shamela0023789,786,0,404,253,65
13,24,536,Sham19Y0073348,3246,1145,1537,245,55
14,681,1361,Sham19Y0023644,3966,967,1499,283,48
14,638,1361,JK000916,5869,38,825,263,34
15,589,788,ShamAY0033734,75,1265,1508,125,62
20,1005,1133,Shamela0010614,81,1420,1547,103,98
20,998,1133,Sham19Y0020762,2037,403,551,108,89
20,807,954,Sham19Y0017904,37,679,1013,107,40
20,0,321,Shamela0005369,1,85,401,234,88
20,0,345,JK009230,107,620,983,252,86
21,209,984,JK010473,235,774,1445,339,50
21,209,846,AOCP20251104084,91,1103,1615,342,62
21,187,1038,JK009230,693,185,1021,589,82
22,0,128,JK010672,145,818,943,95,92
22,128,528,JK000916,5835,992,1414,254,70
22,684,874,JK009230,290,289,479,136,84
23,921,1452,JK009288,271,472,1195,337,56
23,921,1224,JK010672,120,1082,1507,198,57
23,1229,1452,JK010672,121,25,298,160,70
23,150,823,Shamela0023789,454,200,1125,382,49
23,35,838,Shamela0022623,57,402,1280,344,42
23,251,759,JK010344,722,584,1206,235,41
23,257,828,Sham19Y0000760,1175,599,1289,242,39
24,8,215,JK009288,271,1311,1526,155,89
24,279,1113,JK009288,272,115,929,379,48
24,15,931,JK010672,121,395,1444,543,61
24,850,1072,Shamela0023790,136,158,304,59,34
24,15,480,JK010344,711,995,1485,282,68
24,506,1113,JK010344,712,19,746,324,54
25,207,544,Hindawi047090584,156,605,985,169,57
25,1230,1411,JK000159,42,342,553,72,30
25,395,544,Shamela0009788,446,9,163,112,91
25,207,544,Shamela0010428BK1,174,716,1091,167,56
25,1095,1276,Shamela0000135,22,321,603,115,50
25,410,544,JK000927,1158,738,874,104,96
25,389,630,Shamela0006909,403,205,452,133,60
25,381,544,ShamAY0035858,141,823,1002,114,79
25,389,544,Shamela0010428BK14,8,0,164,112,86
25,897,1281,JK010646,64,204,440,147,47
25,400,544,Kraken22021606121201,535,1046,1189,109,95
26,17,146,Shamela0010614,281,846,986,99,90
26,345,519,Shamela0000558,222,832,1051,131,74
26,345,528,Shamela0026102,9,147,371,133,72
26,911,1093,AOCP20251104084,32,663,789,85,51
26,13,146,Sham19Y0000259,215,777,927,95,82
26,241,519,Sham19Y0000259,447,192,498,191,73
26,345,524,JK007054,556,611,833,135,75
26,331,519,JK009230,305,8,229,145,81
26,1162,1351,JK009146,169,872,1307,109,32
26,0,146,Shamela0007853,233,663,820,112,91
26,535,681,JK007589,770,614,1107,112,28
27,1010,1483,JK000778,420,642,1183,304,68
27,942,1483,Shamela0036446,1114,64,654,327,66
27,1010,1483,Shamela0012403,144,105,616,290,66
27,1078,1494,Shia001432Vols,5320,678,981,162,49
27,1052,1483,Rafed0002209Vols,1363,394,813,249,64
27,1010,1494,Shamela0023790,243,660,1090,259,62
27,1010,1483,ShamAY0034447,1061,643,1189,293,64
27,1018,1399,JK000415,427,1106,1531,250,70
27,942,1322,Shamela0012129,155,1182,1491,176,55
28,1278,1442,Shamela0009091,11,478,644,130,96
28,1253,1517,Tafsir01005,1609,1213,1432,149,65
28,741,1087,Sham19Y0017724,171,151,502,161,46
28,1247,1537,Sham19Y0017724,171,989,1218,148,62
28,899,1334,Sham19Y0017724,172,0,339,218,60
28,947,1389,Kraken220413194022,293,66,332,164,41
28,935,1087,Shia001626Vols,354,204,357,115,92
28,904,1081,JK001045,7,753,956,122,70
28,1278,1442,Shamela0096283,120,746,912,131,97
28,737,1091,JK000154,5803,16,314,169,54
28,927,1081,Shamela0013075,96,953,1150,121,75
28,1240,1494,Shamela0009788,1006,19,341,150,50
28,1273,1442,JK000481,478,113,599,126,32
28,932,1091,JK007004,235,21,194,121,86
28,737,1091,Shia000075Vols,97,361,654,148,46
28,947,1081,Shamela0002386,397,1239,1373,107,97
28,1273,1442,Shamela0000956,1493,1123,1294,130,94
28,947,1081,JK000146,188,1116,1250,107,97
28,1278,1442,Shamela0005756,4544,154,322,131,96
28,942,1087,JK006962,217,755,904,112,91
28,1278,1442,Shamela0021766,3450,993,1159,127,95
28,947,1477,JK000385,90,165,501,245,57
28,947,1389,JK001414,280,954,1219,164,41
28,942,1087,Shamela0001687,4377,724,873,112,91
28,1278,1442,Shamela0037837,199,450,616,131,97
28,935,1087,JK000778,553,821,972,116,94
28,1278,1442,ShamAY0034059,4913,524,690,127,95
28,741,1087,JK010748,47,564,845,155,51
28,904,1102,JK011153,5472,65,250,139,86
28,1278,1442,Shamela0008473,3747,122,288,128,95
28,1247,1442,Shamela0000558,316,1123,1317,141,87
28,916,1087,Zaydiyya0000015,1102,987,1156,125,89
28,1247,1537,Sham19Y0023644,1255,1120,1373,147,57
28,947,1081,JK000116,544,209,343,107,97
28,1273,1442,JK000672,7,781,952,131,95
28,1278,1448,Sham19Y0013252,2150,538,710,132,95
28,1278,1442,JK000235,443,885,1051,131,97
28,935,1087,JK000337,28,1176,1328,114,91
28,1278,1442,Shamela0000347,1023,806,972,128,95
28,932,1087,Shamela0035100,280,305,459,119,94
28,1258,1517,Shamela0023700,3105,1115,1345,142,66
28,1278,1448,Sham19Y0018106,945,1006,1178,132,95
28,1278,1448,Sham19Y0018106,3749,734,906,128,93
28,1278,1448,JK000110,284,1138,1310,132,95
28,1278,1442,JK000110,1661,1304,1469,127,94
28,1278,1442,JK000906,10771,1301,1462,111,85
28,1273,1448,Sham19Y0016584,1081,238,415,134,93
28,1247,1517,Shamela0006947,9477,559,761,140,64
28,1266,1442,Shamela0006947,21472,437,616,135,93
28,942,1087,JK000090,53,0,145,116,97
28,1278,1442,JK009141,601,821,986,130,96
28,1278,1477,Shamela0036446,1122,495,699,138,83
28,737,1087,JK001435,20,872,1166,151,44
28,947,1102,Shamela0012034,506,179,335,110,87
28,947,1081,Shamela0009943,321,598,733,107,97
28,1278,1442,Shamela0000041,2004,964,1130,127,95
28,1278,1477,Sham19Y0018318,84,846,1038,136,84
28,921,1408,ShamIbadiyya0000773,163,1066,1517,151,29
28,1253,1517,JK000298,5348,65,292,143,62
28,1247,1537,Sham19Y0127677,5893,1018,1250,144,59
28,947,1389,JK000381,3869,167,435,163,41
28,1278,1442,AOCP2023090613,21,730,894,126,94
28,1278,1442,Sham19Y0023618,1338,1157,1323,127,95
28,942,1073,JK009139,119,1351,1481,106,99
28,947,1389,JK000378,170,853,1121,163,41
28,1278,1442,JK000916,10718,635,801,127,95
28,921,1087,JK000916,10724,793,1008,130,74
28,921,1067,JK000916,10725,1374,1552,117,79
28,737,1494,JK000916,10726,252,1100,457,62
28,1247,1537,JK000916,10727,506,732,142,60
28,1253,1537,JK000916,10728,1220,1443,147,64
28,737,1091,Masaha001120,87,849,1155,145,47
28,921,1087,JK000094,914,557,721,121,89
28,1081,1494,Shamela0003118,3324,173,644,266,62
28,1278,1442,Sham19Y0013605,1476,1065,1231,131,97
28,1278,1448,Sham19Y0013605,4361,627,799,128,93
28,1278,1442,JK000484,6811,608,774,127,95
28,1278,1442,Sham19Y0014404,1157,839,1005,127,95
28,737,1087,JK000087,325,871,1180,172,59
28,1253,1517,ShamAY0034447,1137,1261,1490,149,64
28,935,1087,JK001254,22,731,883,122,98
28,921,1081,JK001039,46,806,1006,126,77
28,1263,1442,JK000415,129,693,868,131,90
28,1278,1442,Sham19Y0146127,3711,1305,1471,126,94
28,737,1457,Sham19Y0018264,4,775,1522,383,55
28,1278,1442,Shamela0007473,18,326,492,127,95
28,1278,1442,Shamela0023628,2793,191,358,124,92
28,947,1087,Shamela0021721,141,1252,1392,112,97
28,1278,1448,Sham19Y0018176,517,1139,1311,132,95
28,1278,1448,Sham19Y0018176,2245,1281,1453,128,93
28,737,1091,Shia000317Vols,803,356,671,147,43
28,1278,1448,PV2024060602,284,1138,1310,132,95
28,1278,1442,PV2024060602,1661,1304,1469,127,94
28,1247,1537,JK008001,5222,464,690,143,60
28,1278,1442,JK009137,3168,80,250,124,91
28,921,1442,Sham19Y0017879,122,178,775,213,35
28,1278,1442,Shia003060Vols,28,358,524,124,93
28,1278,1472,Sham19Y0127656,719,217,402,131,83
28,1253,1434,Sham19Y0131336,78,1270,1467,123,75
28,947,1081,JK000365,426,887,1021,107,97
28,1278,1442,Sham19Y0020638,315,1094,1260,131,97
28,1253,1517,Shamela0006739,184,459,688,149,64
28,935,1081,JK000325,7,804,959,114,90
28,1253,1517,Sham19Y0014592,1183,1265,1473,143,63
28,1273,1537,Shamela0021315,43,801,1031,143,63
28,1278,1442,ShamAY0034005,989,1142,1311,126,92
28,1247,1537,JK009390,7171,950,1176,143,60
28,1247,1537,JK009390,7736,482,709,144,60
29,103,292,Shamela0012581,343,926,1121,126,78
29,388,1063,JK010767,32,635,1136,215,34
29,308,448,JK010473,184,395,623,94,51
29,644,1063,JK000916,20940,466,928,233,55
29,644,1063,Shamela0003118,6025,342,818,231,53
29,644,1063,JK001039,84,395,858,229,54
31,51,209,Sham19Y0017724,199,433,862,123,35
31,51,209,Sham19Y0016714,86,170,621,126,34
31,51,209,Hindawi079072819,77,172,600,126,36
31,51,209,JK001477,221,517,947,121,34
31,51,209,Shia002378,233,598,969,124,41
33,437,549,Hindawi030536269,7,211,325,89,98
33,1051,1311,AOCP20251104084,34,972,1247,133,54
33,412,669,AOCP20251104084,50,390,615,154,69
33,687,945,JK009230,105,1220,1477,206,96
33,1172,1386,JK009230,110,0,193,139,75
34,480,1459,JK000927,204,604,1518,654,80
34,463,1081,JK009325,1301,995,1530,364,70
34,1081,1511,JK009325,1302,0,367,261,74
34,1136,1511,Kraken22021606121201,113,5,364,248,80
35,282,701,Shamela0009429,517,731,907,134,39
35,282,1373,Hindawi048252913,4,540,1225,437,46
35,336,685,JK007613,237,615,767,116,41
35,336,701,Shamela0023788,414,314,476,124,42
35,262,991,JK010766,209,469,1129,450,73
35,336,685,JK001099,398,0,152,118,41
35,252,1353,Masaha003390Vols,281,244,1324,597,57
35,0,296,JK000927,205,56,438,165,52
35,252,826,JK000927,3959,859,1516,402,73
35,839,1380,JK000927,3960,74,445,199,44
35,336,685,Sham19Y0016435,261,824,1278,112,20
35,282,701,JK009325,1217,32,218,134,40
35,0,220,JK009325,1302,367,590,144,75
35,336,701,Hindawi092480708,151,184,346,123,41
35,262,1380,Shamela0000580,100,208,1033,601,63
35,255,701,JK006907,150,168,473,204,55
35,336,685,Shamela0023785,191,681,984,161,46
35,336,733,JK007554,12,216,678,297,77
35,282,541,Sham19Y0020762,763,1169,1405,105,45
35,247,1380,Kraken21050704,149,632,1225,355,35
35,336,701,JK000919BK1,129,93,255,120,41
35,282,733,JK009365,63,604,965,244,67
35,265,1353,JK009365,425,847,1555,474,52
35,374,733,Sham19Y0073348,133,0,354,283,96
35,336,701,Sham19Y0073348,2988,334,495,120,40
35,252,751,JK000916,15407,990,1502,360,85
35,760,1380,JK000916,15408,0,583,235,37
35,282,589,Shamela0023790,677,1205,1376,128,49
35,252,1380,Shamela0003118,4519,372,1429,580,56
35,262,1412,AOCP20251104084,34,0,988,672,66
35,336,733,JK006908,149,2,204,160,49
35,242,1417,JK009230,109,457,1478,708,67
35,336,685,JK010749,59,193,341,121,42
35,282,701,Shamela0010551,119,442,620,134,39
35,336,701,Shamela0010551,187,758,920,123,41
35,282,708,ShamAY0032251,22,1120,1543,259,66
35,740,1247,Shamela0009427,157,359,849,214,40
35,950,1135,JK010731,81,1189,1373,142,95
36,282,901,Hindawi052849381,85,871,1533,413,72
36,650,844,Hindawi092480708,123,643,837,155,98
36,358,1371,JK009304,226,0,1129,681,70
36,351,1302,JK000916,24482,721,1513,374,43
36,351,1302,Shamela0003118,7051,171,936,370,43
36,286,1308,AOCP20251104084,39,58,1043,679,75
36,183,1234,JK009230,113,498,1555,763,83
37,184,456,Shamela0008505,334,1194,1466,212,97
37,456,936,Shamela0008505,335,0,494,379,94
37,965,1544,Shamela0008505,336,0,303,182,40
37,1291,1544,Shamela0008505,336,944,1249,199,80
37,184,752,JK009325,1983,222,787,436,94
38,703,1002,Shamela0008505,319,1204,1500,225,94
38,1002,1301,Shamela0008505,320,0,262,193,77
38,1291,1484,Shamela0008505,322,1192,1583,148,47
38,1301,1484,Sham19Y0017724,23,57,385,139,52
38,1291,1484,JK010732,236,184,526,148,54
38,742,1260,Hindawi017160604,475,546,1168,235,41
38,1301,1446,JK000927,120,94,339,110,56
38,1301,1446,JK007556,15,1177,1375,111,70
38,1283,1399,ShamAY0034478,18,41,157,87,96
38,742,1205,Hindawi073070404,4,566,803,136,35
38,761,1301,Sham19Y0018147,979,0,596,220,40
38,1301,1484,JK009230,158,144,329,146,98
38,1265,1484,Hindawi050704646,95,736,1008,111,52
38,631,1301,Hindawi050704646,142,670,1174,206,30
39,625,1489,Shamela0008505,320,333,1230,375,40
39,111,625,JK000927,112,792,1305,223,49
39,6,625,JK009325,1283,510,1111,246,44
39,1187,1489,JK009325,1821,465,791,210,74
39,625,1489,Shamela0026484,453,516,1078,353,47
39,1187,1489,Shia001349Vols,1003,21,291,176,68
39,1172,1442,Rafed0003228Vols,132,1274,1524,155,68
39,1187,1489,Shia001432Vols,14558,1126,1410,173,64
39,1187,1489,Shamela0001000,358,834,1128,204,77
39,1187,1489,Rafed0002654Vols,9452,599,888,193,74
39,1166,1489,Rafed0002654Vols,12629,702,1056,210,68
39,864,1122,JK000916,11823,695,992,191,81
39,864,1097,Shamela0003118,3621,213,444,172,93
39,0,771,AOCP20251104084,49,185,1140,502,62
39,840,1163,AOCP20251104084,53,619,1001,226,74
39,1187,1489,Rafed0000609Vols,169,313,708,159,51
39,0,853,JK009230,158,329,1199,642,89
39,840,1163,JK009230,356,1075,1414,231,83
39,0,474,Hindawi050704646,95,1008,1488,230,51
39,1175,1489,Shia004092Vols,4439,210,538,200,71
39,1247,1489,Shia004092Vols,9675,3,222,153,76
39,1166,1489,Shia004092Vols,12584,371,727,210,67
39,1179,1489,Shamela0007853,1207,37,382,234,83
40,0,260,Shamela0008505,320,1230,1482,199,93
40,260,1488,Shamela0008505,321,0,1309,924,87
40,193,1483,Hindawi030807493,120,22,1417,977,86
40,212,738,Sham19Y0026523,6443,1043,1527,343,76
40,738,1483,Sham19Y0026523,6444,0,683,459,72
40,0,202,JK009325,1821,791,984,134,78
40,0,218,Shamela0026484,453,1078,1285,146,78
40,193,622,Shamela0023789,1532,1094,1490,292,80
40,622,1497,Shamela0023789,1533,0,821,548,74
40,0,193,Shia001349Vols,1003,291,473,135,87
40,0,181,Rafed0003228Vols,133,49,244,129,82
40,0,260,Shamela0001000,358,1128,1368,141,68
40,0,193,Rafed0002654Vols,4067,56,242,146,92
40,0,193,Rafed0002654Vols,9452,888,1073,137,85
40,0,193,Rafed0002654Vols,12629,1056,1232,131,84
40,0,193,Shia004092Vols,4439,538,724,146,92
40,0,193,Shia004092Vols,9675,222,407,137,85
40,0,193,Shia004092Vols,12584,727,902,128,83
40,0,1120,Shamela0007853,1207,382,1495,790,82
40,1126,1497,Shamela0007853,1208,5,332,242,81
41,370,663,Shamela0001003,316,0,267,177,71
41,273,663,Shamela0001001,221,0,384,265,80
41,316,1044,JK001336,691,0,809,345,43
41,251,663,JK000778,539,312,723,285,79
41,670,1425,Sham19Y0026523,5635,630,1246,268,38
41,269,1425,Shamela0023789,1510,25,1132,519,45
41,286,663,JK003609,4213,100,424,219,69
41,251,663,Rafed0002209Vols,1426,1005,1417,279,77
41,670,1044,Hindawi084739682,222,937,1372,215,60
42,1279,1482,JK009178,9,629,812,140,80
42,1279,1482,JK010651,22,962,1156,156,93
42,1256,1482,Shamela0096233,119,298,597,166,66
42,1289,1482,Hindawi081316951,54,350,542,154,97
42,1279,1482,JK000063,141,1217,1410,155,92
42,1279,1482,Shamela0010283,858,1037,1234,154,91
42,1256,1482,Shamela0009076,336,777,1075,168,67
43,0,686,JK009178,9,812,1557,445,68
43,0,354,JK010651,22,1156,1542,244,76
43,354,851,JK010651,23,0,538,327,68
43,0,851,Shamela0001304,88,474,1394,565,70
43,287,851,Shamela0006947,5942,0,614,375,69
43,0,845,Kraken220413030927,478,551,1441,495,65
43,6,851,Shamela0096233,119,604,1499,556,70
43,0,851,Hindawi081316951,54,542,1469,570,71
43,0,528,JK000916,3041,939,1499,356,75
43,0,627,JK000916,3042,932,1543,390,71
43,904,1526,JK010552,407,48,699,458,85
43,141,851,JK000063,142,5,796,472,69
43,0,216,Shamela0010283,858,1234,1464,148,81
43,222,851,Shamela0010283,859,0,680,422,71
43,0,540,ShamAY0035035,5064,920,1545,380,72
43,602,851,ShamAY0035035,5065,0,314,174,69
43,0,851,Shamela0010798,3366,41,955,574,72
43,10,446,Shamela0009076,336,1083,1534,302,81
43,450,851,Shamela0009076,337,0,433,259,65
44,0,883,JK010552,407,704,1485,521,69
44,883,1507,JK010552,408,0,640,447,83
46,1073,1179,ShamAY0005375,13,1493,1598,79,96
46,736,876,JK007056,16,1341,1465,96,83
46,736,1043,Shamela0005428,2,666,991,203,70
46,755,1037,JK007001,99,0,266,182,75
46,736,986,Shamela0030623Vols,485,1181,1447,181,82
46,731,880,AOCP20251104084,31,1458,1636,116,79
46,731,1051,JK009230,105,710,1054,252,90
46,1051,1453,JK009230,108,662,1078,312,95
46,769,1037,JK001039,7,0,254,171,74
46,1081,1444,Shamela0095860,39,963,1372,162,38
46,1081,1179,Sham19Y0000760,682,1256,1354,75,97
48,235,384,JK007584,77,1253,1406,117,97
48,230,384,Shia003636Vols,6781,348,502,121,100
48,631,947,Hindawi092480708,107,1254,1483,149,58
48,230,384,Hindawi070593971,42,340,494,118,98
48,658,947,Shamela0005351,47,0,186,128,55
48,631,834,JK009230,8,53,389,143,54
48,230,384,Shamela0006743,27,816,970,121,100
49,745,1038,JK000927,4078,536,983,182,51
49,1080,1228,Shamela0000623BK1,23,266,415,102,86
49,1080,1228,Sham19Y0020762,814,936,1085,96,81
49,534,1038,JK009230,107,92,518,202,45
49,767,1316,Shamela0005406,103,719,1155,157,32
50,868,1161,Shamela0005428,41,114,430,191,70
50,868,1161,Shamela0010275BK2,327,343,646,186,71
50,863,1161,Sham19Y0145334,714,514,818,194,74
50,868,1161,Shamela0003118,1161,379,676,194,75
50,215,710,JK009230,106,956,1449,321,75
50,868,1161,Shamela0005644,351,893,1187,195,75
51,963,1457,JK007143,344,671,1158,339,83
51,105,505,JK009230,106,167,485,233,72
52,899,1255,Sham19Y0020891,3416,1268,1498,127,43
52,912,1255,JK001336,356,235,547,155,49
52,918,1276,JK000927,2097,823,1089,123,42
52,912,1255,JK010561,527,1124,1352,134,50
52,912,1255,JK009325,1885,1012,1250,133,50
52,923,1255,JK000906,5794,69,270,117,42
52,987,1255,Shamela0006896,187,231,724,99,20
52,899,1255,Shamela0005448,210,725,1008,157,55
52,395,1368,Shamela0001000,508,708,1551,326,36
52,918,1255,ShamAY0034503,80,1322,1542,123,43
52,899,1255,Shamela0011056BK1,87,784,1111,134,41
52,899,1255,Shamela0005446,624,170,458,149,52
52,1002,1255,JK007143,341,330,813,84,17
52,378,1533,JK007143,342,471,1559,646,62
52,0,346,JK007143,344,1158,1508,253,90
52,1002,1276,Shamela0003118,7615,586,934,87,21
52,857,1420,JK009230,130,85,564,214,48
53,1324,1477,JK010732,447,670,837,122,89
53,0,1078,JK000927,2091,114,1301,774,80
53,1137,1433,JK000927,2092,21,543,219,53
53,262,493,JK000927,2093,980,1170,83,46
53,5,1226,JK000927,4465,9,1493,844,68
53,1229,1433,JK000927,4466,0,409,141,44
53,262,493,JK000927,4467,841,1032,83,46
53,162,688,JK009325,1270,45,439,247,53
53,162,644,Sham19Y0017904,20,11,524,167,35
53,0,1477,JK000916,25870,151,1274,684,54
53,0,1383,JK007143,343,23,1412,1004,87
53,0,560,Shamela0003118,7614,997,1446,325,72
53,560,1477,Shamela0003118,7615,0,680,370,45
53,0,1477,JK010552,668,365,1478,682,54
53,152,353,JK010738,34,545,696,108,69
53,0,1078,Shamela0005416,168,257,1305,620,61
53,1144,1433,Shamela0005416,169,0,415,206,63
54,0,198,JK010732,447,837,1193,141,50
54,320,471,JK010732,448,413,561,117,96
54,0,198,JK000927,2092,438,840,142,44
54,217,471,JK000927,2093,66,264,157,75
54,0,198,JK000927,4466,304,706,142,44
54,0,198,Sham19Y0150966,1510,85,389,137,57
54,217,471,JK007543,22,1270,1477,158,75
54,266,501,JK000916,25870,1315,1496,143,74
54,6,524,JK007143,341,563,813,118,24
54,277,901,JK007143,344,0,542,415,81
54,266,567,Shamela0003118,7615,721,971,189,77
54,647,901,AOCP20251104084,114,218,491,161,66
54,647,890,JK009230,508,1259,1540,167,69
54,266,567,JK010552,669,0,251,192,78
54,55,575,Shamela0005416,169,415,969,182,34
55,101,490,JK010672,130,151,542,180,52
55,914,1253,Shamela0001601,32,1109,1536,191,51
55,1335,1460,Shamela0001601,33,40,209,99,73
55,930,1416,Shamela0006896,61,746,871,64,15
55,138,632,Shamela0005351,59,482,1187,368,65
55,134,637,AOCP20251104084,93,823,1328,332,77
55,972,1498,JK006900,1203,1055,1277,164,39
55,972,1460,Sham19Y0000259,665,734,934,156,40
55,1335,1468,JK006908,196,1252,1392,97,89
55,972,1464,JK009230,276,271,474,157,40
55,101,311,JK009230,286,1214,1524,139,53
55,311,632,JK009230,287,0,414,247,73
57,461,867,Shamela0009091,580,1015,1506,244,55
57,453,984,Shamela0001003,69,978,1512,272,52
57,453,867,Shamela0009788,826,468,883,209,57
57,491,1029,Shamela0000558,220,9,357,225,51
57,453,1029,JK010651,11,368,975,305,52
57,453,867,Sham19Y0023644,5393,1130,1563,214,53
57,461,867,Tafsir07076,7720,193,743,232,47
57,443,1029,JK003609,1835,262,851,316,55
57,414,867,Hindawi092963020,121,291,617,177,50
57,438,1029,Sham19Y0145334,590,364,958,308,54
57,461,1029,Shamela0005448,38,246,855,302,53
57,453,1009,Shamela0001000,318,567,1180,281,47
57,95,1053,Shamela0001000,1974,212,703,294,37
57,579,1029,JK000916,1688,124,455,232,63
57,453,1029,JK000916,5107,889,1373,259,52
57,418,1029,JK000916,5108,90,702,316,54
57,468,1029,Shamela0003118,773,102,667,294,53
57,510,1029,Shamela0003118,1829,15,610,317,60
57,430,934,Sham19Y0000259,669,839,1448,350,70
57,453,1029,JK009230,315,746,1411,351,59
57,397,1029,Hindawi084752642,33,522,1051,280,50
57,579,867,Shamela0005406,204,118,401,226,95
57,599,1029,Sham19Y0000760,41,0,441,325,90
57,95,867,Shia003764Vols,340,1137,1376,181,28
58,1236,1407,JK010638,167,1154,1327,138,97
58,72,302,Shamela0009788,1368,1258,1484,170,94
58,43,519,Shia003636Vols,4727,839,1334,341,85
58,72,515,Shia003636Vols,8643,5,388,284,80
58,801,1037,Shia003636Vols,8662,1111,1304,98,50
58,72,542,Kraken2107130858031,86,169,690,312,72
58,39,519,Shamela0021475,71,568,1055,354,92
58,72,732,Shamela0000558,242,174,786,391,75
58,787,1019,Shamela0023789,1643,202,398,142,71
58,43,446,Shamela0006896,59,1035,1457,299,88
58,446,602,Shamela0006896,60,0,160,113,84
58,801,1019,Shamela0006896,349,813,979,130,72
58,1252,1407,Shamela0023785,162,23,181,128,98
58,801,1019,Shamela0023785,272,481,701,131,58
58,43,246,Sham19Y0020762,2141,541,742,143,88
58,302,666,JK006910,116,1208,1386,109,38
58,787,1019,Shamela0006909,132,709,888,141,73
58,72,526,Shamela0006909,144,704,1155,294,72
58,580,732,Shamela0006909,368,1368,1493,84,71
58,1236,1407,Shamela0023790,635,661,840,130,88
58,787,1024,Shamela0023790,649,378,724,151,54
58,72,408,JK006908,222,22,362,207,65
58,354,674,JK006919,58,970,1083,65,26
58,792,913,JK006919,566,804,979,74,52
58,1050,1205,JK010747,207,823,979,109,89
58,43,246,JK010734,95,911,1056,94,58
58,1050,1205,Shamela0010501,160,1276,1431,118,95
58,1145,1407,Shamela0010501,161,89,602,169,41
58,825,1019,Shamela0010501,163,0,355,132,45
58,72,519,Shamela0010283,643,1000,1444,291,72
58,72,519,Shamela0023775,369,569,1014,329,94
58,72,515,JK007604,155,825,1278,312,86
58,796,1055,Sham19Y0000760,1150,1114,1325,141,66
59,995,1388,Shamela0007853,1192,975,1424,275,76
60,329,445,Shamela0009788,2039,652,772,84,85
60,0,266,Shamela0001349,201,1025,1324,178,70
60,810,945,Sham19Y0020762,1806,1186,1393,105,63
60,797,963,Shamela0006909,186,1191,1388,118,76
60,292,493,Shamela0023790,193,400,595,125,78
60,797,945,JK006900,1243,0,162,110,86
60,797,941,Sham19Y0013666,340,209,352,105,93
60,792,920,JK009230,684,1427,1581,101,81
60,271,486,JK010738,321,570,773,140,82
60,810,945,JK010776,67,955,1086,99,91
60,329,445,JK010776,140,494,610,86,94
60,984,1142,Shamela0007853,470,317,467,109,80
61,249,611,Sham19Y0014786,69,129,505,232,74
61,826,1470,Sham19Y0014786,192,337,648,173,33
61,258,720,Sham19Y0017724,63,1075,1414,186,46
61,1268,1384,Shamela0006624,201,279,394,89,96
61,278,672,JK009288,809,1101,1458,238,72
61,282,720,Shamela0023691,1163,192,404,127,36
61,295,720,Sham19Y0013631,1671,645,815,86,25
61,0,153,JK009209,31,1349,1501,122,98
61,153,773,JK009209,32,0,572,356,68
61,307,432,Shamela0000563,112,380,510,83,81
61,1268,1384,Hindawi060208373,174,107,222,89,96
61,278,720,JK001336,103,683,1088,233,59
61,282,720,Shamela0001687,5033,160,372,127,36
61,278,720,JK000778,1158,67,479,246,64
61,499,720,Hindawi059616186Vols,28,981,1149,103,60
61,325,440,Hindawi094962085,121,1327,1440,84,93
61,282,440,Tafsir07055,234,691,819,86,67
61,273,440,Tafsir07055,3283,907,1045,88,67
61,273,720,JK010672,55,388,837,290,78
61,816,1192,JK010672,88,1222,1572,262,88
61,1203,1470,JK010672,89,6,336,194,73
61,325,432,Tafsir04039,523,1215,1322,84,99
61,291,666,Sham19Y0023644,1695,530,1173,236,46
61,278,753,JK007001,547,397,983,291,57
61,1029,1470,JK000927,297,0,398,247,67
61,325,432,JK000927,3986,303,408,80,94
61,278,720,JK000927,3992,601,1005,267,72
61,278,720,JK010561,213,773,1219,226,53
61,499,666,JK010743,18,0,115,86,64
61,278,720,JK009325,510,337,804,228,53
61,268,672,Sham19Y0036072,234,1054,1490,271,75
61,325,432,Shamela0035100,855,259,364,83,97
61,1268,1384,Shamela0023789,1509,1188,1303,89,96
61,325,432,Tafsir02079,447,1082,1190,78,91
61,278,720,Shamela0001304,174,958,1379,255,66
61,278,672,Shamela0023700,2640,821,1274,265,70
61,1268,1389,JK006907,232,590,712,84,86
61,325,432,Shamela0010906,814,829,934,83,97
61,325,432,Shamela0012024,342,198,306,78,91
61,816,1250,ShamAY0001528,58,1038,1492,271,71
61,1268,1470,ShamAY0001528,59,5,226,127,70
61,258,720,Shamela0023785,133,292,718,257,65
61,0,550,JK010770,29,943,1504,388,82
61,282,432,Sham19Y0020762,421,639,780,89,72
61,499,733,Sham19Y0020762,2253,443,678,128,55
61,499,725,Shamela0006897,229,457,740,157,68
61,278,720,JK007082,117,1022,1394,195,50
61,278,720,JK009365,239,968,1355,223,61
61,268,725,Sham19Y0018147,682,375,789,234,57
61,278,720,JK000916,26511,856,1229,196,50
61,278,720,JK000916,26512,42,457,265,68
61,315,432,Sham19Y0013257,881,1260,1378,80,87
61,295,725,JK007143,2289,3,314,157,43
61,278,720,Shamela0023790,37,485,965,284,72
61,837,1470,Shamela0023790,295,0,557,337,60
61,278,666,Shamela0003118,7860,178,581,214,55
61,325,432,Sham19Y0018115,291,583,690,77,90
61,499,694,Shamela0036082,43,1388,1530,110,69
61,499,729,Shamela0037538,66,801,930,66,35
61,1268,1384,Shamela0012715,256,784,899,89,96
61,841,1470,Shamela0007853,1226,0,576,327,58
61,499,720,Shamela0009773,2521,667,783,87,49
61,315,432,Shamela0009773,3681,562,679,90,97
61,278,720,Kraken22021606121201,1500,620,954,193,50
61,278,687,Sham19Y0014592,2438,982,1502,284,65
61,325,432,Hindawi080268240,33,1064,1173,78,90
61,282,440,JK010001,228,713,841,86,67
61,273,440,JK010001,3195,408,546,88,67
61,278,720,Shamela0011056BK3,16,36,425,234,61
62,922,1018,JK009225,280,322,426,74,91
62,898,1018,JK010568,170,805,929,84,87
62,1061,1172,Shamela0001002,2588,907,1017,88,98
62,898,1018,Shamela0023788,501,255,380,84,87
62,1065,1290,Masaha003390Vols,515,812,1036,174,95
62,898,1018,JK001001,242,11,122,83,89
62,898,1018,JK006907,57,427,538,83,89
62,922,1172,JK000919BK1,189,394,601,127,64
62,885,1018,JK006910,222,508,623,82,79
62,894,1018,Shamela0005351,79,785,927,90,81
62,894,1119,Shamela0006909,236,703,1236,125,27
62,898,1290,JK006908,177,608,996,259,77
62,1061,1552,JK009230,385,935,1425,264,52
62,1438,1552,JK009208,35,378,493,89,95
62,898,1172,JK010734,37,223,535,177,70
62,894,1018,JK010749,28,1092,1207,87,90
62,1438,1552,Shamela0010283,242,292,406,89,95
62,1056,1181,Shamela0010283,243,48,173,98,97
62,1061,1290,JK010776,175,33,546,147,35
63,0,279,JK009225,279,1401,1517,83,37
63,1382,1549,JK009230,378,530,695,131,97
63,0,195,JK009230,385,1425,1611,149,95
63,0,150,JK007589,471,382,540,118,93
64,742,1161,JK009288,319,287,671,237,68
64,248,432,Shamela0005433,25,226,405,128,86
64,0,599,JK009230,378,695,1205,342,72
64,890,1161,JK000004,50,0,273,161,67
65,465,995,Shamela0001349,229,40,570,288,60
65,555,970,JK000004,49,1034,1340,199,57
65,330,900,JK009306,165,1034,1529,250,50
66,120,244,Shia003636Vols,4280,626,750,96,97
66,120,244,Kraken220603212436,59,670,795,95,95
67,178,711,Shia003636Vols,4276,566,1057,352,78
67,184,1024,Shamela0001585,323,744,1530,551,79
67,141,678,Kraken220603212436,66,991,1487,341,76
68,0,427,Shia003636Vols,4276,1208,1570,243,67
68,531,1510,Shia003636Vols,4277,21,958,549,58
68,0,1098,Shamela0001585,324,234,976,463,51
68,21,887,Kraken220603212436,67,754,1377,373,49
68,887,1430,Kraken220603212436,68,4,467,262,52
69,0,1079,Shia003636Vols,4277,958,1507,313,35
69,1112,1474,Shia003636Vols,4278,9,507,198,48
69,0,1137,Kraken220603212436,68,746,1428,344,34
69,1153,1474,Kraken220603212436,69,130,432,184,71
70,1003,1165,Shamela0008505,100,1314,1478,126,96
70,1040,1169,Tafsir01005,1343,1234,1370,90,85
70,1057,1169,Sham19Y0147597,794,611,724,82,93
70,1057,1165,Sham19Y0020986,109,1178,1288,71,82
70,1169,1442,JK009209,17,754,1045,180,74
70,154,329,Shia003636Vols,4278,527,675,105,76
70,374,632,Shia003636Vols,4280,745,995,180,81
70,1024,1165,Sham19Y0016714,227,924,1241,105,42
70,1057,1165,ShamAY0036039,24,987,1096,84,98
70,1057,1165,Shamela0001349,324,874,983,79,93
70,1057,1173,JK010766,185,757,874,85,92
70,1024,1165,Sham19Y0017916,52,876,1185,110,44
70,1057,1165,JK009362,1748,63,172,81,95
70,1048,1165,Shamela0000558,177,1006,1124,87,94
70,1057,1165,Sham19Y0016435,9,485,594,81,95
70,374,604,Shamela0001585,314,1279,1516,188,95
70,1048,1173,JK010743,5,841,962,88,89
70,1057,1173,JK009325,490,1056,1170,83,90
70,1024,1165,Shamela0023789,472,414,557,106,94
70,1024,1165,JK003609,5493,62,205,109,96
70,374,597,ShamIbadiyya0000198Vols,1568,1054,1298,160,72
70,1057,1173,JK000974,95,556,773,80,47
70,1048,1165,Shamela0006947,5304,197,315,89,95
70,1057,1165,Shamela0023785,228,1213,1322,84,98
70,1048,1165,Sham19Y0020762,1231,917,1035,85,92
70,374,604,JK010473,203,298,533,184,94
70,1048,1173,JK000919BK1,373,419,541,89,90
70,1057,1173,Shamela0023591,1953,63,177,86,93
70,1048,1165,JK009365,311,666,784,85,91
70,1057,1173,JK007143,2140,502,615,84,92
70,1024,1165,Shia002185Vols,658,786,1094,105,43
70,1057,1165,Shamela0023790,149,136,245,84,98
70,1057,1169,AOCP20251104084,186,976,1134,80,65
70,360,604,Shamela0010262,236,404,562,108,51
70,1048,1173,JK006908,91,880,1007,89,90
70,379,604,JK006919,1162,1206,1405,153,77
70,927,1165,JK009230,138,217,445,166,86
70,374,604,Kraken220603212436,59,790,1022,178,89
70,342,597,AOCP202411031215,13,747,1008,189,85
70,374,604,ShamAY0032781,65,503,735,181,94
70,979,1165,Sham19Y0000760,1244,118,251,99,67
71,1336,1517,Shamela0009091,458,625,805,137,93
71,1352,1517,JK009225,543,1207,1373,124,92
71,212,519,Shia003636Vols,4280,276,500,160,64
71,1336,1517,Shia003636Vols,12861,36,220,137,93
71,1336,1504,Shamela0001349,358,1213,1464,134,64
71,111,525,Shamela0001585,321,952,1451,306,74
71,1368,1504,JK006907,220,0,136,112,100
71,206,519,ShamIbadiyya0000198Vols,1568,547,812,160,59
71,1336,1522,JK009291,387,103,292,140,91
71,1336,1487,JK010473,190,1303,1454,113,91
71,1336,1517,Shamela0001000,1048,419,601,137,94
71,1352,1517,Shamela0001000,1638,339,506,126,93
71,1336,1522,JK009230,670,879,1064,151,98
71,568,717,JK009230,722,1058,1559,110,27
71,1336,1517,Sham19Y0029560,648,287,469,137,94
71,1336,1522,Shamela0012406,2596,704,894,140,90
71,1336,1522,JK010552,797,257,448,138,90
71,212,514,Kraken220603212436,59,316,532,160,64
71,1336,1522,JK010749,28,623,811,130,85
71,324,514,Shamela0000788,74,696,956,150,70
72,152,876,Shamela0001349,352,467,1069,354,55
72,881,1033,Shamela0001349,362,0,264,109,51
72,1138,1291,Hindawi017160604,640,1109,1265,106,82
72,864,1028,JK010561,659,236,438,94,55
72,403,591,JK010637,319,445,584,105,71
72,152,573,Sham19Y0036072,336,1000,1239,155,45
72,1138,1419,JK001477,337,326,601,141,55
72,330,584,Shamela0006909,138,642,781,97,48
72,337,591,AOCP20251104084,138,1128,1518,153,45
72,403,573,JK006908,221,507,641,100,74
72,721,842,JK009230,446,1384,1505,96,97
72,403,591,Hindawi038697931,50,418,560,107,72
72,157,573,Shamela0095860,50,180,491,203,62
72,152,444,Shamela0010283,670,1278,1549,171,68
72,1138,1419,Shamela0010283,723,671,953,160,63
72,342,580,Shamela0007830,79,534,656,94,50
72,403,584,JK007589,727,130,317,134,91
72,613,842,JK007589,1056,536,771,179,92
73,448,729,Shamela0001349,265,456,756,183,75
73,439,735,Shamela0010428BK1,260,1141,1453,189,71
73,432,648,JK000927,443,775,1005,121,67
73,427,735,Shamela0030623Vols,161,917,1256,205,74
73,448,740,Hindawi092480708,52,218,524,206,84
73,353,740,Shamela0023789,153,862,1300,188,48
73,448,740,Shamela0023789,962,128,495,208,71
73,373,693,Hindawi038246146,106,1232,1558,140,45
73,448,729,Shamela0023790,575,332,629,182,75
73,391,735,Shamela0003118,1912,143,513,201,66
73,373,740,Sham19Y0000259,273,219,597,164,47
73,439,735,Shamela0010428BK18,21,1108,1420,189,71
73,349,740,Shamela0005406,205,52,414,190,53
73,454,772,Shamela0009773,1663,39,431,175,56
73,336,740,Sham19Y0000760,170,427,800,195,54
73,813,1144,JK000919BK2,38,78,362,121,44
74,873,1159,Shamela0001349,295,589,927,198,72
74,873,1474,JK010672,53,858,1338,229,40
74,290,748,JK009291,462,447,862,229,58
74,147,631,Shamela0009783BK1,3677,856,1436,311,68
74,1164,1474,Shamela0023785,246,39,338,157,57
74,793,1474,Sham19Y0073348,1909,342,905,258,41
74,1164,1474,AOCP20251104084,86,32,304,156,62
74,1211,1474,JK009230,59,0,253,148,63
74,822,979,JK009230,355,28,296,101,46
74,147,779,Sham19Y0145435,3746,206,903,381,65
74,851,1159,Shamela0010283,640,648,981,204,71
74,793,1319,Shamela0010283,762,930,1265,137,29
74,1164,1387,Shamela0005406,116,1051,1300,130,63
75,1061,1306,JK010550,233,0,238,162,74
75,201,1335,Shamela0001003,811,822,1551,441,44
75,1335,1525,Shamela0001003,812,0,190,137,91
75,29,1420,Shamela0009788,1985,212,1581,812,63
75,1007,1289,Shamela0001349,295,1021,1253,184,81
75,276,1007,Shamela0001349,296,0,724,257,36
75,1007,1349,Masaha003390Vols,70,974,1318,255,85
75,834,1525,JK010522,38,803,1433,464,80
75,29,316,Hindawi017160604,90,1231,1545,194,71
75,325,1525,Hindawi017160604,91,0,1200,797,77
75,71,1306,ShamAY0035866,130,304,977,411,39
75,29,944,JK000927,4761,443,1452,614,71
75,924,1525,JK000927,4762,0,615,431,82
75,44,316,Hindawi026382506Vols,318,1084,1283,119,52
75,838,1052,Hindawi026382506Vols,318,1372,1541,108,56
75,877,1525,JK009291,213,352,923,419,76
75,819,1525,Shamela0000736,5475,742,1460,470,72
75,24,1501,Shamela0009783BK1,3674,12,1521,963,72
75,29,400,Hindawi038246146,70,1301,1553,162,50
75,400,1525,Hindawi038246146,71,0,1161,756,74
75,1328,1525,Shamela0005448,205,562,761,140,88
75,815,1217,JK000916,21137,1099,1517,240,58
75,1217,1525,JK000916,21138,0,309,232,93
75,44,1368,JK007143,2247,111,1532,863,67
75,1368,1525,JK007143,2248,0,159,115,92
75,815,1525,Shamela0003118,6082,557,1295,466,70
75,29,731,Shamela0012406,1885,771,1443,419,64
75,740,1525,Shamela0012406,1886,0,823,529,72
75,29,653,Sham19Y0145435,3742,741,1464,408,66
75,677,1525,Sham19Y0145435,3743,0,854,591,79
75,1007,1289,Shamela0010283,640,1080,1312,182,80
75,44,1432,Kraken22021606121201,1721,38,1521,802,59
76,978,1521,Shamela0009429,200,463,900,224,48
76,0,356,Shamela0001003,812,190,547,235,79
76,595,721,Shamela0009788,759,804,931,94,95
76,0,361,Shamela0009788,1986,107,450,181,51
76,732,910,Shia003636Vols,2597,326,505,143,97
76,568,721,JK001336,458,1172,1333,99,79
76,0,226,Hindawi017160604,91,1200,1441,157,81
76,226,559,Hindawi017160604,92,0,363,246,82
76,0,542,JK000927,4762,615,1249,378,72
76,974,1497,JK003609,3965,951,1360,200,44
76,978,1449,JK010676,53,1021,1503,249,56
76,0,559,Shamela0009783BK1,3675,17,697,409,75
76,595,721,MMS00024,107,231,359,84,75
76,0,542,JK007143,2248,159,799,377,72
76,974,1521,Sham19Y0029560,492,357,836,220,44
76,4,542,Shamela0012406,1886,827,1451,368,73
76,962,1497,JK010552,292,0,458,211,43
76,0,537,Sham19Y0145435,3743,854,1502,394,75
76,595,721,Shamela0010283,248,891,1018,82,74
76,0,542,Kraken22021606121201,1722,113,752,364,68
76,595,721,JK010731,35,146,273,82,74
77,9,343,Shamela0009429,200,924,1319,216,64
77,9,343,Shamela0009091,302,779,1056,148,46
77,798,1105,Tafsir01005,425,293,625,138,48
77,0,164,Shamela0010614,165,378,596,126,72
77,9,343,Kraken220413030940,7,1030,1415,214,64
77,1161,1420,Shamela0007867,20,1230,1475,130,56
77,1161,1420,Hindawi017160604,641,1116,1407,172,73
77,494,623,JK010561,798,1431,1535,78,76
77,0,192,JK009325,804,748,956,121,74
77,102,347,Shamela0005355,104,8,304,165,69
77,18,160,Shamela0023789,258,434,577,109,96
77,640,798,Shamela0011790,1632,511,1071,117,25
77,0,164,Shamela0007326,6,194,364,124,92
77,102,343,JK003609,3966,0,240,157,76
77,652,798,JK003609,6148,175,373,112,69
77,494,647,Shamela0000736,5477,27,141,86,71
77,9,298,JK010676,54,96,355,176,75
77,0,285,Sham19Y0020762,2214,218,485,167,66
77,1161,1420,JK001477,338,560,850,169,72
77,9,343,Shamela0001000,508,152,429,150,47
77,860,1089,Sham19Y0018147,1096,764,1044,137,56
77,0,355,AOCP20251104084,176,25,323,161,49
77,0,355,JK009230,458,615,919,161,49
77,9,343,Sham19Y0029560,492,860,1147,149,46
77,494,640,Shamela0012406,2103,939,1064,88,75
77,9,343,JK010552,292,482,885,223,66
77,1217,1420,Shamela0010283,723,1095,1297,152,93
77,652,798,Shamela0010283,928,517,718,110,68
77,0,160,Shamela0007853,888,1079,1237,115,89
77,475,623,Shamela0026552,166,1331,1476,112,95
77,652,798,Shamela0026552,167,175,322,110,93
78,137,1510,Shamela0007867,21,0,1251,661,52
78,400,1491,Hindawi017160604,642,29,1209,610,57
78,678,1330,JK009291,384,1073,1480,263,48
78,8,899,JK001477,338,844,1526,434,56
78,909,1491,JK001477,339,32,673,280,47
78,540,1510,Shamela0010283,724,0,1015,486,52
78,400,1298,Kraken22021606121201,927,32,1099,531,54
79,365,801,JK010766,518,1081,1426,164,49
79,163,1489,Shamela0007867,22,87,1302,637,55
79,330,667,JK010672,49,1230,1565,221,76
79,667,1008,JK010672,50,0,253,177,65
79,0,918,JK009291,287,544,1473,503,56
79,274,1098,JK001477,341,17,629,290,42
79,274,959,Shamela0005406,207,795,1307,251,45
79,274,950,Kraken22021606121201,929,806,1418,243,39
79,600,959,Sham19Y0000760,336,75,378,169,60
80,1100,1383,Shamela0007867,24,783,1106,187,73
80,0,179,Hindawi017160604,648,1097,1312,113,60
80,1113,1301,Hindawi017160604,648,1305,1513,92,49
80,1163,1358,JK010561,991,517,706,124,75
80,1100,1358,Shamela0023789,1811,1179,1413,165,79
80,1113,1358,Shamela0000736,3408,441,701,165,77
80,1095,1358,Shamela0023785,253,1094,1352,190,88
80,0,126,JK009365,582,1029,1203,96,69
80,1113,1393,JK001477,343,821,1171,146,48
80,1113,1339,Shamela0001000,527,1342,1579,154,77
80,1113,1358,JK009283,157,24,282,176,82
80,1113,1358,Shamela0023790,145,321,597,165,75
80,1113,1358,Shamela0003118,4721,1118,1388,165,77
80,0,179,Shamela0010283,727,452,672,115,60
80,1088,1393,Shamela0010283,727,656,1001,155,50
80,480,987,Kraken22021606121201,925,589,1218,183,31
80,0,126,Sham19Y0000760,1012,280,445,84,60
80,1113,1358,Shia003764Vols,59,1033,1289,168,78
80,644,994,ShamAY0032247,148,770,1000,136,48
81,1051,1420,JK009288,925,61,426,169,41
81,152,754,Shamela0007867,25,838,1530,340,52
81,1000,1553,Shamela0007867,31,0,573,359,72
81,1051,1546,Hindawi017160604,646,763,1251,168,28
81,1051,1425,Sham19Y0023644,4358,82,354,174,59
81,1051,1425,Shamela0023789,146,1209,1482,175,59
81,1264,1546,Shamela0006896,15,444,783,144,50
81,1051,1430,Shamela0000736,3407,1156,1434,177,59
81,1051,1513,Hindawi038246146,68,1082,1505,198,46
81,1051,1401,Sham19Y0020762,1378,126,329,120,38
81,1098,1546,JK001477,342,190,588,197,45
81,407,681,Shamela0001000,524,573,801,178,80
81,1041,1513,Sham19Y0000259,307,478,926,202,45
81,402,681,JK006919,927,449,613,93,41
81,402,681,JK006919,961,106,322,139,60
81,1041,1553,JK010746,104,738,1040,181,43
81,434,681,ShamAY0035858,70,732,980,188,93
81,1051,1546,Shamela0010283,726,794,1380,242,41
81,407,681,Shamela0005406,210,1126,1524,166,53
81,1098,1513,Shamela0005406,212,277,484,133,40
81,407,736,Kraken22021606121201,930,277,668,143,36
81,1107,1546,Kraken22021606121201,931,0,391,174,39
81,407,736,Sham19Y0000760,851,750,1200,172,47
81,1098,1513,Sham19Y0000760,1011,687,894,133,40
81,407,658,Shia003764Vols,58,1322,1524,159,77
82,868,991,AOCP20251104084,185,436,561,96,97
83,853,1217,JK010672,88,851,1218,218,59
83,895,1243,Sham19Y0000259,1175,507,886,272,82
83,895,1397,JK009230,107,974,1524,387,81
83,723,865,JK009230,108,0,149,108,87
84,822,1274,JK000927,4837,844,1318,349,91
85,0,300,Shamela0001349,117,1111,1366,179,69
85,1327,1519,JK010565,145,112,564,132,37
85,488,592,JK010565,212,1008,1112,78,97
85,1010,1519,JK000927,2513,425,1239,222,31
85,1254,1381,Shamela0006896,43,1255,1491,90,49
85,1027,1389,JK009291,209,455,874,177,50
85,954,1519,Kraken221108001223,66,789,1423,326,60
85,491,592,JK009230,280,590,710,77,82
85,592,753,JK010734,99,1292,1450,117,90
86,1266,1392,Tafsir07055,131,1283,1414,88,84
86,920,1122,JK009230,545,58,244,132,84
86,1266,1392,JK010001,128,196,327,88,84
87,242,540,Kraken220413030940,108,334,472,95,40
87,1010,1227,JK010672,157,458,689,151,77
87,1035,1227,Sham19Y0023644,4892,230,569,118,45
87,1239,1471,Hindawi038246146,73,493,733,157,77
87,1239,1471,JK000916,21132,517,738,141,75
87,1239,1471,Shamela0003118,6079,969,1190,141,75
87,1239,1471,JK000004,9,524,742,143,75
88,0,732,Shamela0000736,838,103,900,518,77
88,0,696,Hindawi038246146,73,737,1496,478,75
88,0,707,JK000916,21132,742,1509,493,76
88,0,260,Shamela0003118,6079,1194,1493,179,72
88,260,732,Shamela0003118,6080,0,492,339,80
88,0,543,Shamela0012406,2069,954,1511,370,75
88,543,732,Shamela0012406,2070,6,198,141,92
88,0,690,JK000004,9,746,1473,469,75
89,821,1016,Sham19Y0023644,3553,135,364,116,63
89,835,1016,JK000927,1339,340,496,108,75
89,1190,1565,Shamela0011790,1574,0,211,145,46
89,623,1035,Shamela0028453,67,314,704,172,51
89,1203,1565,Hindawi038246146,75,993,1176,124,40
89,632,1054,Sham19Y0016934,8325,496,894,167,48
89,821,1011,ShamAY0033586,217,774,1011,109,57
89,844,1054,Shamela0023790,705,34,274,126,65
89,1203,1565,Shamela0012406,2309,309,497,128,41
89,844,1016,Shamela0009773,2687,1332,1500,104,72
90,70,186,Shamela0005390,181,1157,1333,90,60
90,0,327,Sham19Y0023644,4590,1243,1507,184,68
90,0,1542,JK000927,1349,190,1549,765,53
90,70,186,JK010768,37,689,866,95,65
90,0,1542,Shamela0011790,1574,269,1510,676,47
90,0,413,JK003609,2131,663,985,213,64
90,0,372,Hindawi038246146,75,1234,1538,201,66
90,21,732,JK009304,344,928,1577,349,50
90,70,1542,Shamela0012828,292,95,1506,756,53
90,70,186,Shamela0011056BK1,142,151,328,95,65
90,70,186,Sham19Y0000259,708,184,300,95,100
90,0,780,Shamela0012406,2309,555,1076,360,56
90,233,1542,JK010552,641,0,1333,612,43
90,70,186,JK009306,197,685,862,95,65
91,0,948,JK000927,1350,0,1015,480,52
91,1005,1474,JK000927,1352,112,753,275,48
91,146,948,Shamela0011790,1575,98,961,409,52
91,998,1474,Shamela0011790,1576,25,556,256,56
91,263,953,Shamela0012828,293,178,820,309,48
91,254,948,JK010552,642,99,986,404,53
91,1005,1478,JK010552,644,471,1211,325,53
92,0,539,JK000927,1352,770,1539,321,48
92,0,637,Shamela0011790,1576,573,1300,357,54
92,0,644,Shamela0012828,295,626,1418,335,46
92,522,898,Shamela0012828,296,36,402,196,55
92,14,297,JK010552,644,1248,1449,146,60
92,263,952,JK010552,645,0,1394,483,43
92,952,1436,JK010552,646,66,670,308,62
93,22,372,JK007613,110,537,1337,223,35
93,377,797,JK007613,227,420,846,321,91
93,22,377,JK010727,55,591,995,239,66
93,22,790,Masaha003390Vols,521,340,1340,561,65
93,22,372,Sham19Y0026523,5637,1079,1473,230,64
93,1220,1394,Sham19Y0026523,6445,459,635,134,94
93,1220,1484,Hindawi049525031,73,815,1079,198,93
93,1220,1438,JK007626,9,1062,1291,167,90
93,879,1096,JK007626,15,796,1015,158,84
93,1220,1494,Shamela0011790,2331,732,1006,205,93
93,1220,1332,Shamela0000589,110,1436,1547,90,99
93,1332,1488,Shamela0000589,111,0,157,113,90
93,4,172,Shamela0005351,96,1328,1494,131,98
93,172,790,Shamela0005351,97,39,603,446,89
93,4,377,AOCP20251104084,94,972,1386,246,66
93,879,1559,JK009230,395,657,1314,306,41
93,1220,1484,Shamela0010283,1031,914,1179,199,93
93,89,372,Hindawi084739682,225,0,282,186,70
94,112,294,Hindawi049525031,16,406,633,149,80
94,1352,1516,Hindawi049525031,17,1409,1576,119,81
94,591,889,JK007626,4,507,760,196,78
94,112,294,JK007626,21,677,911,148,77
94,1379,1582,Sham19Y0145334,2709,1119,1270,121,71
94,112,294,Hindawi025183963,61,751,976,148,79
94,1367,1582,Shamela0005351,24,970,1191,174,95
94,112,298,Shamela0006909,222,389,618,149,79
94,1342,1587,AOCP20251104084,94,242,519,167,64
94,1342,1516,JK009230,395,1445,1606,129,90
94,547,894,JK009230,395,319,650,246,87
94,112,294,Shamela0010283,1028,1211,1438,148,79
94,1352,1587,Shamela0010283,1030,304,543,182,93
94,1342,1582,Shamela0006743,244,1345,1600,186,89
94,112,298,JK010724,133,650,787,79,52
95,140,485,Hindawi049525031,21,949,1212,189,64
95,960,1152,JK009325,939,1316,1507,132,83
95,177,969,JK009325,1950,0,315,220,34
95,0,577,Shamela0000589,37,490,786,215,46
95,0,485,Shamela0005351,52,1122,1604,309,66
95,485,1197,Shamela0005351,53,0,1029,473,53
95,1371,1535,Shamela0005351,97,608,774,129,97
95,965,1105,Shamela0006909,366,1329,1464,77,68
95,292,1346,JK010734,43,678,1598,491,46
95,577,885,JK010734,44,175,678,226,56
95,140,485,Shamela0010283,1029,887,1146,189,65
95,388,901,JK010724,132,1205,1409,144,35
96,932,1074,JK010522,40,1044,1243,111,68
96,1107,1232,Rafed0002341Vols,2924,1113,1228,88,88
96,1112,1232,JK006900,1583,450,596,88,76
96,1116,1232,JK006919,581,674,790,87,94
97,1044,1229,Shamela0001304,87,966,1187,113,57
97,111,375,Shamela0005351,65,127,485,175,61
97,692,1033,Shamela0000722,87,903,1325,233,67
97,1269,1545,ShamAY0034556,38,757,1023,213,95
97,318,497,JK010734,144,1237,1442,140,83
97,111,318,Sham19Y0000760,1201,795,1011,154,90
98,438,831,Shamela0001349,154,349,921,253,54
98,7,350,JK010672,145,1138,1467,221,74
98,0,428,ShamAY0034556,38,1023,1476,339,93
98,667,831,ShamAY0034556,39,53,226,131,93
99,660,887,Shamela0000623BK2,38,1027,1267,156,82
99,786,887,Sham19Y0000760,1236,0,101,72,95
100,848,1544,Hindawi047090584,242,709,1460,403,66
100,1007,1541,Sham19Y0036540,4416,39,615,310,64
100,493,754,Shamela0001349,157,996,1278,133,56
100,848,1541,Shamela0010428BK1,156,101,846,402,65
100,482,622,JK000761,120,1426,1551,98,87
100,504,726,Sham19Y0020762,1107,533,718,123,63
100,482,754,Shamela0006909,302,243,456,148,64
100,482,754,JK009230,328,1155,1428,184,78
100,848,1541,Shamela0010428BK12,2,68,813,402,65
100,498,726,Shamela0007830,44,336,526,142,79
101,61,1442,Hindawi047090584,243,9,1391,727,58
101,7,796,Sham19Y0036540,4416,620,1515,530,74
101,796,1451,Sham19Y0036540,4417,0,632,299,47
101,7,591,Shamela0010428BK1,156,851,1508,387,73
101,591,1451,Shamela0010428BK1,157,0,811,457,59
101,339,1122,JK010561,700,1066,1447,214,36
101,7,475,JK006919,1181,717,977,143,38
101,7,630,Shamela0010428BK12,2,818,1514,411,74
101,630,1451,Shamela0010428BK12,3,0,772,433,58
102,84,1410,Hindawi047090584,244,0,1453,762,62
102,51,742,Sham19Y0036540,4417,674,1477,430,67
102,829,1410,Sham19Y0036540,4418,30,829,372,59
102,51,653,Shamela0010428BK1,157,853,1482,384,76
102,679,1468,Shamela0010428BK1,158,84,1013,445,56
102,51,679,Shamela0010428BK12,3,814,1471,399,76
102,679,1468,Shamela0010428BK12,4,52,981,445,56
103,0,1005,Hindawi047090584,245,162,1133,538,61
103,0,582,Sham19Y0036540,4418,905,1496,277,51
103,582,1475,Sham19Y0036540,4419,0,981,489,57
103,0,466,Shamela0010428BK1,158,1013,1472,215,47
103,478,1475,Shamela0010428BK1,159,13,1081,543,60
103,0,502,Shamela0010428BK12,4,981,1480,230,47
103,531,1475,Shamela0010428BK12,5,23,1045,526,61
104,278,841,JK009209,52,650,1285,410,78
104,1000,1280,Hindawi017160604,369,779,1071,181,70
104,1022,1280,JK009269,19,30,281,171,76
104,1022,1280,Sham19Y0073350,99,1376,1624,181,81
104,352,841,JK010770,49,0,508,361,85
104,1377,1573,JK009230,75,669,922,153,73
104,1022,1280,JK009230,320,682,933,171,76
105,146,1335,Sham19Y0036540,4422,202,1701,825,61
105,1329,1687,Sham19Y0036540,4423,0,360,278,95
105,977,1687,Shamela0023788,69,115,711,451,76
105,0,1687,AOCP20251104084,22,407,1217,485,32
105,0,715,JK009230,75,922,1637,578,97
105,715,1687,JK009230,76,0,975,712,80
105,1483,1627,Zaydiyya0000543,784,205,349,115,98
105,0,687,JK010081,199,772,1379,237,31
106,0,576,Sham19Y0036540,4423,364,964,433,84
106,0,546,Shamela0023788,69,711,1376,425,77
106,1117,1524,Shamela0021475,47,825,1303,166,36
106,0,576,JK009230,76,975,1559,467,97
106,63,520,Zaydiyya0000543,784,10,508,251,49
107,1113,1382,Shamela0001003,93,609,877,207,96
107,23,217,Shamela0001003,94,667,863,147,95
107,1113,1474,JK003609,2118,1022,1380,256,83
107,23,217,JK003609,2120,136,331,144,94
107,1113,1438,Shamela0006896,343,224,469,177,69
107,23,240,Sham19Y0018147,1339,705,926,144,84
107,18,225,JK010665,31,458,663,148,90
107,217,495,Sham19Y0000259,878,751,993,152,60
107,1109,1471,Sham19Y0000259,878,1129,1470,258,87
107,1113,1474,JK009230,352,559,904,256,86
107,202,495,JK009230,352,153,407,168,65
107,23,217,JK009230,353,813,1009,146,95
108,453,723,Shamela0001003,93,983,1253,209,97
108,1079,1204,Shia003636Vols,8583,437,563,88,87
108,755,1204,Shia003636Vols,8654,917,1368,335,94
108,755,1204,AOCP20251104150,45,228,615,277,77
108,755,1204,Hindawi017160604,935,384,835,333,93
108,755,1204,JK010672,252,746,1111,273,76
108,760,945,JK009325,1919,1340,1523,139,95
108,945,1125,JK009325,1920,0,180,132,92
108,0,112,JK003609,2118,1380,1492,88,99
108,114,723,JK003609,2119,0,397,240,48
108,139,418,JK003609,2120,350,633,204,91
108,462,723,Shamela0006896,343,449,713,197,94
108,1079,1204,JK009291,322,1086,1213,94,92
108,1079,1204,Shamela0000736,725,63,190,93,91
108,1079,1204,Hindawi038246146,81,573,700,94,92
108,760,988,Shamela0023785,259,1197,1424,177,97
108,988,1338,Shamela0023785,260,0,326,200,68
108,1079,1204,Sham19Y0145334,1790,599,726,93,91
108,760,1213,Shamela0005369,28,302,765,338,91
108,801,1183,JK006910,165,150,396,167,54
108,148,418,Shamela0001000,2003,673,986,193,77
108,0,139,Shamela0001000,2004,347,486,108,97
108,1079,1204,JK000916,12635,1375,1503,93,90
108,0,723,Sham19Y0000259,879,4,408,306,53
108,760,1226,JK010764,30,666,1066,245,64
108,760,1355,JK001138,122,442,1167,362,63
108,0,910,JK009230,352,904,1499,445,61
108,129,418,JK009230,353,999,1303,209,86
108,755,1117,JK010738,350,0,167,124,43
108,933,1117,Shamela0005880,145,692,825,91,62
108,760,1160,JK007604,158,1017,1440,300,89
108,760,1204,JK010724,107,132,962,338,51
109,166,435,Shamela0001003,92,734,866,93,43
109,0,252,Shamela0001003,94,377,580,147,71
109,228,412,Shamela0005429,31,763,952,122,81
109,233,412,Shamela0007867,191,1348,1527,128,90
109,166,465,JK003609,2117,915,1100,99,39
109,244,417,Shamela0006896,247,0,135,97,67
109,417,552,JK001477,131,40,181,97,87
109,233,439,Sham19Y0000259,878,989,1152,110,61
109,0,412,JK006908,211,398,742,228,65
109,233,417,JK009230,352,403,543,105,72
109,0,171,JK009230,353,624,795,131,97
109,547,746,JK009230,693,1021,1299,157,68
109,742,1019,JK009230,694,119,734,217,44
110,1138,1492,JK009325,1922,749,970,124,39
110,69,216,JK009230,507,113,272,93,75
111,610,1281,JK009230,180,15,739,441,71
111,327,465,JK009230,181,1360,1478,90,76
111,548,1295,Shamela0000678,62,632,1237,198,24
111,544,706,Shamela0005406,118,722,892,101,72
112,983,1228,ShamAY0034556,39,833,1079,195,98
113,139,300,JK009288,91,976,1119,107,83
113,167,300,Kraken2107130858031,136,419,557,96,87
113,173,300,JK009325,1919,426,553,102,100
113,173,300,Hindawi019139738,119,761,888,102,100
113,139,300,Shamela0011661,10,1029,1175,108,84
113,322,474,Shamela0000589,29,731,884,114,93
113,173,396,AOCP20251104084,84,994,1459,172,46
113,173,300,JK009230,264,932,1059,102,100
113,217,497,JK009230,265,206,513,169,63
114,308,1062,Shamela0012860,214,428,945,234,39
114,134,1062,Shia003636Vols,5638,204,922,445,55
114,129,1039,Shamela0001349,235,89,990,616,79
114,453,1086,JK000001,1407,48,688,368,66
114,627,1081,ShamAY0033560,50,0,466,283,70
114,448,1086,ShamAY0034059,1772,0,757,342,50
114,308,1062,Shamela0006741,19,1023,1548,237,39
114,236,974,Shamela0006947,6294,787,1517,405,62
114,469,1062,Hindawi015792571,107,0,392,267,54
114,134,1062,JK009365,437,670,1411,446,55
114,257,1133,ShamAY0034556,42,0,865,689,98
114,453,910,ShamAY0035035,5433,1107,1520,255,67
114,236,1081,Kraken220208041038,57,541,1471,413,49
114,134,1062,ShamAY0035000,265,122,795,426,54
115,1304,1491,Shia003636Vols,8690,618,864,147,73
115,1304,1491,Hindawi017160604,930,922,1168,141,71
115,590,1210,JK010672,89,593,1190,421,80
115,0,318,JK010672,160,9,325,231,89
115,1304,1491,JK001138,28,4,250,145,72
115,595,1270,JK001138,153,613,1325,319,47
115,770,1086,Hindawi095297381,108,0,355,182,61
115,1304,1491,JK007604,102,1087,1341,145,70
116,427,665,Shia003636Vols,8634,523,919,138,41
116,21,195,Shia003636Vols,8690,775,943,80,60
116,530,665,Kraken2107130858031,69,43,185,82,62
116,929,1061,Shamela0001349,378,446,602,75,58
116,530,670,Hindawi017160604,924,238,385,86,62
116,21,195,Hindawi017160604,930,1079,1246,94,69
116,411,695,JK010672,89,1177,1410,141,55
116,21,195,Sham19Y0023644,4732,282,607,130,51
116,21,214,JK010743,65,1098,1279,87,58
116,13,300,Shamela0009783BK1,4038,223,675,185,52
116,250,674,Shamela0009783BK1,4038,625,1369,217,37
116,979,1117,Shamela0005369,35,790,926,95,92
116,21,195,JK001138,28,161,328,94,69
116,164,665,JK001138,29,257,1086,211,31
116,979,1104,JK001138,75,496,625,87,89
116,13,300,Sham19Y0145435,4091,497,953,186,52
116,21,659,ShamAY0035858,200,353,1412,288,30
116,979,1104,JK007604,59,927,1057,93,93
116,427,582,JK007604,202,958,1275,104,40
117,94,218,JK010370,150,1124,1248,96,99
117,87,218,Shamela0007669,842,1406,1538,103,99
117,94,218,Hindawi071490515,113,1248,1427,96,68
117,94,683,Shia003636Vols,8635,1037,1165,98,20
117,1106,1448,Shia003636Vols,8658,4,343,251,90
117,94,683,Kraken2107130858031,98,251,383,100,21
117,951,1529,Shamela0001349,45,612,1180,346,65
117,94,218,JK010766,562,774,899,96,98
117,983,1448,JK010767,31,654,1181,352,81
117,37,738,JK010672,90,102,435,216,36
117,110,218,JK010672,224,0,167,82,63
117,87,218,Sham19Y0023644,4732,0,189,99,67
117,37,218,Shamela0001585,189,960,1139,138,95
117,83,222,JK010743,102,1105,1302,93,61
117,988,1402,JK009325,2219,991,1395,260,78
117,87,683,Shamela0006617,1288,402,833,108,17
117,46,218,AOCP2023092678,31,1225,1414,123,80
117,75,218,JK000906,6163,1020,1163,106,95
117,983,1407,Shamela0009783BK1,4044,683,1005,197,57
117,951,1469,Shamela0023785,263,606,1140,348,75
117,94,218,Shia002378,139,197,321,96,99
117,1046,1448,Sham19Y0073348,348,0,348,253,77
117,75,222,Sham19Y0018147,1183,734,887,101,85
117,37,218,Shamela0005351,94,1043,1224,135,92
117,94,218,Shamela0005446,300,526,650,96,99
117,94,218,Kraken22020817055001,130,1076,1199,93,96
117,83,218,AOCP20251104084,83,456,593,80,62
117,1001,1448,Hindawi095297381,116,984,1382,273,75
117,0,136,JK009230,263,1398,1541,98,79
117,136,624,JK009230,264,0,173,123,31
117,94,230,Rafed0003943Vols,699,1495,1633,97,89
117,94,486,JK010749,18,1207,1499,107,25
117,983,1402,Sham19Y0145435,4097,1005,1323,201,60
117,94,218,JK007604,68,283,529,95,49
117,94,688,Shamela0005406,18,744,1107,111,18
117,87,218,Sham19Y0000760,326,391,522,98,96
117,951,1402,Sham19Y0000760,852,22,403,274,74
117,94,688,JK009306,166,276,750,102,14
117,94,222,JK010724,101,1141,1328,95,65
117,1025,1448,JK010724,130,4,429,283,84
118,188,426,Shamela0008505,417,807,1096,187,80
118,540,858,Hindawi048252913,5,677,950,218,84
118,170,426,Hindawi030536269,881,195,471,160,65
118,1218,1333,Shia003636Vols,8672,50,165,87,97
118,1218,1333,Kraken2107130858031,44,130,337,87,54
118,188,426,Kraken2107130858031,79,1094,1404,184,73
118,182,426,JK010477,88,759,1006,154,64
118,1056,1225,JK010522,65,1393,1561,131,94
118,1230,1439,JK010522,66,5,212,153,92
118,1218,1333,Hindawi017160604,918,435,621,88,60
118,188,426,Hindawi017160604,925,185,476,190,80
118,0,166,Hindawi017160604,926,755,920,127,96
118,540,821,Hindawi017160604,931,1296,1574,179,67
118,821,1046,Hindawi017160604,932,0,181,142,79
118,188,426,JK010672,200,1097,1383,191,81
118,1051,1439,JK010672,204,752,1140,287,92
118,516,1051,JK010672,259,957,1479,413,95
118,188,426,JK009234,31,864,1154,171,71
118,188,335,Sham19Y0023644,4731,1216,1362,118,98
118,188,470,JK010637,367,398,725,215,78
118,182,426,JK007042,500,125,371,150,63
118,1218,1439,Hindawi040505807,281,717,937,165,94
118,188,426,Shamela0009783BK1,4037,1100,1386,188,80
118,0,166,Shamela0009783BK1,4044,149,314,124,93
118,0,166,Shamela0023785,263,1172,1337,129,97
118,1218,1333,Shamela0023785,266,1034,1150,88,97
118,188,426,Hindawi019139738,119,374,663,192,82
118,178,374,Hindawi014758020,7,1316,1514,116,56
118,1056,1439,Shamela0005369,5,116,445,253,81
118,188,426,Shamela0005369,30,1096,1387,187,79
118,188,350,Shamela0005351,94,1355,1566,132,75
118,350,1046,Shamela0005351,95,0,683,541,96
118,675,877,Shamela0006909,212,1281,1482,157,95
118,0,166,Shamela0023790,596,1334,1498,129,96
118,1051,1181,AOCP20251104084,84,1473,1602,108,99
118,188,540,AOCP20251104084,84,653,994,214,64
118,1181,1531,AOCP20251104084,85,0,342,245,82
118,1218,1333,JK001138,18,348,549,88,56
118,188,426,JK001138,37,349,636,192,81
118,0,166,JK001138,77,638,803,129,97
118,1038,1558,JK001138,96,916,1515,369,76
118,540,1046,JK001138,98,557,1148,359,69
118,0,528,JK009230,264,349,925,411,87
118,540,1360,JK009230,265,715,1536,644,97
118,1046,1267,JK001020,130,936,1157,167,94
118,666,1283,JK010734,63,39,615,236,35
118,188,310,Sham19Y0145435,4090,1353,1474,98,97
118,310,426,Sham19Y0145435,4091,0,165,90,68
118,0,166,Sham19Y0145435,4097,471,636,124,93
118,0,175,ShamAY0035858,201,492,666,126,92
118,1218,1439,Shamela0010283,774,343,562,162,93
118,523,908,Shamela0010283,775,564,946,292,94
118,1056,1432,JK007604,9,566,953,286,91
118,540,1046,JK007604,179,382,910,397,93
118,1218,1333,JK010344,1232,15,130,88,98
118,1218,1439,Sham19Y0000760,327,826,1044,160,92
118,188,426,JK010731,234,460,602,109,57
118,1046,1439,JK010724,100,560,1042,213,44
118,540,1051,JK010724,122,1012,1480,350,85
119,1305,1464,JK007613,84,134,540,110,34
119,875,1267,JK007613,222,998,1406,305,92
119,1314,1464,Hindawi030536269,82,308,496,112,76
119,0,294,Shia003636Vols,9128,397,640,124,48
119,164,481,JK010522,66,5,401,171,48
119,1273,1487,Hindawi017160604,614,438,723,146,62
119,875,1267,JK000927,550,78,342,203,64
119,1314,1487,JK000927,590,741,987,132,67
119,0,274,JK000927,1470,1144,1376,125,51
119,0,207,JK010637,323,1351,1564,149,86
119,207,481,JK010637,324,0,286,129,44
119,0,274,JK003609,3104,885,1110,126,52
119,1314,1487,Hindawi019139738,118,1212,1423,135,80
119,875,1267,Shamela0005372,283,957,1223,207,65
119,1314,1487,Sham19Y0018147,1141,988,1232,66,30
119,576,1353,Shamela0005351,95,713,1499,579,90
119,1353,1464,Shamela0005351,96,10,198,85,57
119,610,1426,AOCP20251104084,64,1003,1648,384,52
119,0,481,AOCP20251104084,85,356,838,308,73
119,875,1267,JK006908,158,282,697,300,90
119,164,516,JK001138,97,5,228,123,41
119,9,256,JK006919,586,1179,1340,106,51
119,0,1040,JK009230,266,187,1506,769,71
119,1040,1487,JK009230,267,0,498,350,87
119,9,481,Hindawi038697931,214,543,885,237,62
119,9,274,JK001020,130,853,1231,121,33
119,175,481,JK001020,131,113,486,168,50
119,290,481,Shamela0005502,2,1174,1348,124,81
119,606,1487,Hindawi050704646,124,260,1186,683,91
119,9,207,JK010749,84,1274,1396,79,52
119,147,481,Shamela0010283,774,338,778,138,34
119,274,481,JK010776,19,9,207,136,81
119,9,266,Kraken22021606121201,663,611,1037,113,29
119,152,481,Sham19Y0000760,327,826,1236,194,58
119,9,207,JK010724,40,1156,1271,74,48
120,890,1179,Hindawi092529537,12,1194,1432,184,79
120,461,860,JK007613,50,361,817,281,73
120,15,213,JK007613,84,540,879,143,52
120,1036,1179,JK007613,131,425,667,79,41
120,218,364,JK007613,246,236,638,112,34
120,15,213,Hindawi017160604,614,663,900,152,79
120,218,364,Hindawi017160604,615,767,1158,111,35
120,885,1179,Hindawi017160604,616,1088,1338,187,77
120,890,1179,JK000927,559,1116,1353,184,79
120,15,213,JK000927,590,929,1159,143,74
120,218,364,JK000927,591,807,1223,113,33
120,890,1179,Hindawi092480708,109,943,1181,190,81
120,890,1230,Hindawi019139738,118,204,542,227,73
120,890,1179,Sham19Y0018147,1137,802,1041,185,79
120,860,1531,Shamela0005351,96,478,1151,517,95
120,5,364,Shamela0005351,96,114,478,244,75
120,869,1179,Shamela0005446,512,847,1092,189,76
120,0,575,AOCP20251104084,65,91,394,243,51
120,890,1230,JK006908,158,1003,1355,266,94
120,0,1101,JK009230,267,498,1538,787,86
120,1101,1230,JK009230,268,0,129,101,100
121,1230,1352,Shamela0012398,1519,1196,1320,91,92
121,1218,1366,JK006907,171,231,380,103,88
121,1218,1355,Sham19Y0150966,665,1071,1192,90,82
121,138,417,Shamela0005372,283,957,1510,196,45
121,417,961,Shamela0005372,284,0,665,345,65
121,23,128,Sham19Y0020762,1005,1434,1544,83,95
121,540,675,Sham19Y0020762,1910,260,397,96,87
121,1237,1352,JK000919BK1,179,883,998,91,100
121,803,966,Shamela0007822,102,1034,1201,125,91
121,0,160,JK006908,158,67,304,120,64
121,1237,1352,Hindawi093028137,2,194,309,89,98
121,526,966,Sham19Y0000760,1213,1125,1454,225,62
122,1173,1510,JK000927,60,756,1386,234,46
122,1181,1510,JK000919BK1,246,170,518,215,74
122,1154,1510,JK009230,152,720,1092,266,86
122,686,1109,JK009230,153,345,784,241,65
122,1202,1435,Hindawi050704646,51,323,476,69,39
122,1173,1510,Shamela0009427,143,49,508,217,56
123,72,258,JK001099,415,199,389,143,91
123,72,207,Sham19Y0023644,2879,155,293,105,93
123,435,680,JK000927,59,710,941,151,77
123,86,540,JK000927,61,0,477,327,78
123,489,680,JK000927,68,790,1007,141,78
123,72,262,JK000927,631,337,825,120,27
123,67,253,JK000927,632,272,417,112,72
123,72,207,Sham19Y0026183,218,878,1055,110,75
123,1202,1359,Sham19Y0011565,586,892,1052,97,76
123,72,262,Shamela0010437,22,785,975,144,93
123,72,253,JK009304,70,218,354,107,72
123,0,680,JK000919BK1,246,518,1190,498,88
123,739,1090,JK009283,103,763,1076,220,72
123,1047,1577,JK009283,104,12,456,295,62
123,1012,1577,AOCP20251104084,66,1189,1488,155,32
123,0,418,JK009230,152,1092,1518,329,92
123,690,1196,JK009230,153,789,1272,343,78
123,418,680,JK009230,153,0,273,207,92
123,1248,1359,JK009230,154,277,389,85,96
123,72,262,JK009230,155,327,449,68,43
123,72,253,Hindawi050704646,137,1086,1271,149,97
123,72,258,Shamela0005416,18,1172,1356,144,95
123,72,258,Shamela0005416,46,1165,1351,152,99
123,39,680,Shamela0009427,143,207,1233,463,54
123,0,540,Kraken22021606121201,43,941,1451,342,73
124,386,770,Shamela0009788,1153,413,761,194,56
124,375,645,Shamela0023789,463,1128,1377,156,65
124,0,364,JK009283,104,456,814,272,93
124,386,645,Shamela0023790,362,296,558,166,72
124,0,223,JK009230,153,1378,1563,142,79
124,223,364,JK009230,154,0,153,110,89
124,381,770,ShamAY0034556,55,651,1152,304,75
124,1379,1524,ShamAY0034556,57,623,796,114,83
125,248,434,Shamela0005683,61,533,764,140,74
125,248,372,Zaydiyya0000168,11,297,418,78,80
125,248,372,Sham19Y0013226,84,892,1017,90,90
125,248,372,Zaydiyya0000142,1152,1020,1141,78,80
125,248,363,Shamela0011790,2371,297,412,84,93
125,248,363,Shamela0006896,92,1034,1148,75,82
125,248,434,AOCP20251104084,147,1001,1182,136,89
125,235,363,Shamela0023741,71,730,853,69,68
125,248,434,JK009230,470,814,1001,140,91
125,248,368,Shamela0007830,43,455,573,78,82
126,1023,1202,Hindawi030536269,187,513,688,129,91
126,421,711,Shamela0001349,304,828,1094,176,74
126,1038,1380,ShamAY0001760,263,469,837,248,83
126,413,1380,Shamela0023790,203,276,877,394,48
126,397,711,ShamAY0034556,37,264,630,253,85
127,1236,1406,EShia0086596,232,914,1503,133,28
127,776,928,Shamela0008505,281,735,888,118,98
127,1174,1292,Hindawi052849381,26,433,551,89,97
127,776,881,Shamela0009229,86,1172,1331,81,66
127,1174,1292,Shamela0009229,232,801,918,89,96
127,776,881,Masaha003390Vols,472,917,1022,81,98
127,1174,1292,Hindawi090306293,18,934,1052,91,99
127,776,928,JK010522,72,1044,1197,119,99
127,776,881,JK000927,815,1060,1165,81,100
127,776,881,JK000927,1317,1102,1264,81,64
127,776,881,JK000927,1852,1208,1313,81,100
127,776,928,JK000927,2533,83,236,119,99
127,506,1292,JK000927,2538,594,1132,359,56
127,776,881,JK009325,1278,148,310,81,64
127,776,881,JK009325,1596,598,703,81,100
127,776,881,Shamela0023789,1423,1167,1272,78,97
127,1174,1292,Shamela0023789,1542,360,475,88,95
127,1174,1292,Shamela0011790,1629,98,216,88,96
127,776,881,JK003609,4364,0,105,81,100
127,1174,1292,Shamela0026102,36,1161,1278,89,97
127,737,928,JK010666,99,940,1119,123,81
127,1174,1401,JK009233,178,483,981,173,43
127,1236,1406,Sham19Y0020762,253,77,275,128,81
127,1174,1292,Shamela0005369,31,883,997,88,95
127,35,334,JK009365,290,590,942,138,40
127,0,355,JK009365,459,559,891,157,52
127,1174,1401,JK007543,5,647,1166,174,42
127,657,763,JK007543,13,641,749,80,94
127,776,881,JK007543,14,610,776,81,63
127,1163,1406,Sham19Y0018147,1079,1239,1440,137,67
127,841,1168,Sham19Y0018147,1080,0,281,204,77
127,1174,1292,JK010752,21,367,485,89,93
127,776,1178,JK010665,22,898,1247,257,82
127,1174,1292,JK010665,92,972,1089,90,98
127,776,928,JK007143,2276,1236,1389,119,99
127,506,1168,AOCP20251104084,55,985,1418,282,50
127,482,687,JK009230,223,1354,1559,150,85
127,687,1484,JK009230,224,0,807,614,94
127,0,506,JK009230,225,199,740,282,57
127,1174,1292,Shamela0010497,52,536,654,91,99
127,1168,1292,JK010738,35,831,954,91,91
127,1174,1292,Shamela0010283,986,617,735,91,99
127,776,881,Shamela0005416,169,1083,1188,81,100
127,776,881,Kraken22021606121201,605,838,942,42,53
127,1120,1292,Kraken22021606121201,1232,704,863,100,71
127,0,451,Sham19Y0000760,1097,417,988,160,24
128,640,897,JK010732,213,1082,1289,157,75
128,72,325,JK010732,218,930,1236,197,81
128,378,480,JK010732,222,732,890,67,55
128,331,534,Shia003636Vols,13005,673,876,158,98
128,1186,1410,Shamela0011755,550,382,595,141,72
128,67,177,Sham19Y0026523,2082,704,814,79,91
128,378,480,JK007558,5,830,995,67,52
128,640,897,JK007558,9,538,808,188,87
128,72,325,JK007558,53,163,484,193,76
128,378,585,Shamela0006911,43,1144,1415,144,68
128,640,897,Hindawi017160604,503,665,928,192,91
128,378,480,JK000927,2533,1025,1231,67,42
128,8,475,JK000927,2538,1132,1421,192,51
128,72,177,JK000927,2578,640,745,84,100
128,331,439,JK010637,287,1362,1469,81,90
128,439,604,JK010637,288,0,161,117,89
128,378,480,JK009325,1597,16,222,67,42
128,640,897,Hindawi092480708,86,558,821,197,93
128,640,846,JK006907,141,355,560,153,93
128,640,897,Sham19Y0150966,1484,317,576,196,94
128,331,585,Shamela0005388,93,41,251,146,70
128,72,331,Shamela0023785,171,1136,1392,197,96
128,748,897,JK009233,63,0,151,115,94
128,640,869,JK000919BK1,320,1243,1472,175,94
128,355,613,JK001477,294,0,321,187,73
128,378,585,JK006910,48,737,960,137,79
128,640,897,JK010665,136,192,451,197,95
128,640,897,JK007143,1296,435,697,198,94
128,378,480,JK007143,2277,568,774,67,42
128,72,325,Shamela0023790,699,754,1007,192,96
128,897,1155,AOCP20251104084,56,1096,1369,159,67
128,132,585,AOCP20251104084,56,0,359,267,74
128,378,480,JK006919,700,1314,1473,67,54
128,0,604,JK009230,224,807,1408,445,90
128,907,1155,JK009230,225,771,1005,173,87
128,640,882,Shamela0000722,115,1010,1465,177,48
128,67,177,JK010747,20,1005,1115,79,91
128,378,480,Hindawi050704646,140,768,980,67,41
128,1199,1427,Shamela0023775,341,252,531,147,65
128,72,325,LAL2017040401,69,524,777,195,97
129,545,738,Shamela0010614,506,953,1103,110,68
129,295,846,Shamela0001349,116,1034,1485,236,49
129,541,865,Shamela0000558,211,959,1417,168,44
129,0,222,Shamela0023790,296,1104,1286,135,75
129,873,1276,Shamela0005880,56,963,1438,258,65
129,57,225,Shamela0023775,342,0,176,122,84
130,804,1433,JK009230,183,468,1092,459,91
131,226,559,Shamela0005351,52,629,819,150,57
132,865,1011,Shamela0011755,566,337,494,115,90
132,284,497,JK003609,5493,1300,1578,107,41
132,521,668,JK003609,5494,130,275,108,94
132,360,575,JK009230,183,1175,1457,154,68
132,147,284,Shia003634Vols,1311,628,763,103,93
133,926,1528,JK007143,704,1166,1376,145,30
134,1252,1381,Shamela0023789,1613,47,204,100,81
134,729,842,JK010752,47,1101,1214,88,97
134,1271,1445,Shamela0023790,298,113,395,110,47
134,1263,1373,Shamela0005406,16,92,213,86,90
134,1263,1373,Sham19Y0000760,1021,1127,1249,86,90
135,672,864,Shamela0023775,343,862,1083,138,78
136,927,1075,JK010473,238,1235,1376,101,83
138,705,811,Shamela0009788,755,903,1008,80,95
138,864,1117,Hindawi017160604,718,186,431,158,77
138,9,618,JK010672,25,724,1187,289,56
138,853,1445,JK010672,28,75,503,223,44
138,853,1117,JK000927,4874,125,405,157,67
138,848,1070,Hindawi092480708,82,1040,1271,176,93
138,699,811,Hindawi092480708,133,342,460,89,93
138,848,1074,JK003609,3056,817,1052,160,80
138,822,1078,Shamela0005372,265,347,657,177,69
138,858,1039,JK000919BK1,180,1335,1518,127,83
138,694,1070,JK009230,405,271,648,275,89
138,858,1070,JK010746,88,1021,1231,153,89
138,694,811,Sham19Y0000760,1211,988,1105,83,89
139,780,1536,Shamela0009091,519,388,1156,449,62
139,370,746,Shamela0010614,313,769,1129,234,70
139,780,1544,Sham19Y0026523,476,310,1096,471,64
139,780,1536,ShamAY0035859,346,187,760,335,50
139,338,746,Shamela0023789,1617,498,837,209,60
139,810,1544,Shamela0001000,982,8,717,450,67
139,370,581,Shia002185Vols,3647,1280,1475,124,68
139,370,746,Shamela0023790,289,654,996,263,86
139,776,1544,AOCP20251104084,130,922,1557,466,73
139,882,1559,JK009230,319,0,675,505,90
139,780,1367,Sham19Y0029560,708,961,1542,349,64
140,0,416,Shamela0009091,519,1156,1532,268,79
140,0,498,Sham19Y0026523,476,1096,1524,291,72
140,0,681,ShamAY0035859,346,760,1369,380,68
140,0,493,Shamela0001000,982,717,1141,294,73
140,162,493,AOCP20251104084,131,0,294,183,59
140,5,493,JK009230,319,679,1169,366,90
140,0,493,Sham19Y0029560,709,173,601,295,72
141,65,311,Shamela0001349,304,200,525,126,45
142,743,875,Shamela0008505,448,388,520,75,63
142,288,501,Sham19Y0017724,308,1016,1383,118,42
142,743,875,JK010146,165,100,232,77,64
142,93,1251,JK009209,28,429,1438,622,63
142,743,875,Shia003636Vols,11490,1196,1327,98,92
142,307,501,Shamela0009250,328,399,646,132,68
142,743,875,Tafsir04003,3243,218,350,76,64
142,407,501,Rafed0002267,62,759,856,68,92
142,738,961,Masaha003390Vols,200,68,347,167,74
142,743,961,Shamela0010525,9,874,1267,160,50
142,743,875,Tafsir04039,2899,290,463,106,76
142,743,875,Sham19Y0023644,3067,1267,1488,105,59
142,710,875,JK000927,2664,227,464,110,55
142,732,875,Shamela0003583,2,259,452,103,66
142,407,501,JK010743,54,301,398,69,93
142,407,506,JK009325,699,945,1046,71,91
142,732,875,Shamela0026484,118,55,330,112,50
142,407,501,Sham19Y0036072,238,540,637,69,93
142,407,506,SAWS20200409,202,407,509,70,91
142,732,875,Shamela0026338,1,1040,1185,109,93
142,300,501,Shamela0013039,112,595,803,136,85
142,307,501,Sham19Y0150966,952,1042,1290,131,67
142,743,875,JK010666,72,1105,1237,75,63
142,454,1336,JK010770,26,426,1090,453,62
142,743,875,Sham19Y0020762,156,875,1007,74,62
142,407,501,Shamela0010913,125,282,379,67,91
142,407,501,Shia001432Vols,16961,668,765,66,90
142,732,875,Rafed0002654Vols,2481,200,393,103,66
142,732,875,JK000916,9586,664,809,108,93
142,407,501,Shamela0011767,262,904,1001,69,93
142,385,501,JK007143,188,0,167,83,65
142,307,501,Sham19Y0148539,3,1010,1327,136,55
142,743,875,Sham19Y0148539,51,975,1204,97,53
142,743,961,JK006476,1423,973,1173,140,78
142,732,875,Hindawi092024806,260,710,898,85,56
142,300,506,Shamela0003118,3094,765,977,141,86
142,743,875,Shamela0012406,1447,235,366,104,98
142,300,501,JK001039,55,964,1172,139,87
142,732,941,JK010552,874,1217,1517,140,56
142,743,1368,Shamela0000678,6,378,1306,385,49
142,307,501,Shia003634Vols,153,638,838,130,82
142,407,501,Shamela0001390,116,1351,1448,68,92
142,307,501,Shamela0006944,136,452,652,141,91
142,501,961,Shia003994,3,70,651,216,39
142,411,501,JK000533,1292,681,775,63,89
142,300,506,Shamela0023775,859,840,1097,146,73
142,738,875,Sham19Y0017726,2302,353,576,105,57
142,222,501,Shamela0001386,28,616,852,155,71
142,715,970,Sham19Y0000760,1275,1025,1363,152,53
143,263,978,JK009230,517,100,532,210,32
143,478,769,Shamela0007853,474,694,1018,184,69
143,1132,1471,Shamela0007853,476,0,558,239,53
144,655,1180,JK009230,517,836,971,93,22
145,844,1425,Shamela0005683,67,43,615,416,89
145,833,1128,MMS00013,2244,720,984,126,49
145,322,606,Shamela0001349,220,693,869,124,56
145,849,1436,AOCP20251104013,26,577,760,124,25
145,989,1425,JK010561,852,1138,1274,109,30
145,688,1425,Sham19Y0000259,398,28,659,367,57
145,904,1425,JK009230,439,10,589,288,51
145,849,1436,Shamela0010283,2970,678,1284,414,83
145,989,1436,JK010344,224,930,1270,117,28
146,0,315,JK001336,899,1110,1284,120,47
146,0,307,JK011658,98,717,885,119,49
146,0,194,JK010522,37,1136,1346,112,58
146,51,315,Shamela0000558,385,744,1045,133,54
146,142,322,JK000927,689,898,1265,91,31
146,51,307,JK010637,397,1262,1522,102,40
146,51,194,Sham19Y0120146,16,234,356,90,81
146,0,312,Shamela0001585,18,668,830,117,48
146,0,307,Shamela0023789,623,250,458,117,45
146,0,204,Sham19Y0150966,1282,776,887,80,48
146,0,312,Sham19Y0029676,238,743,882,101,41
146,0,194,JK010666,135,486,703,114,57
146,4,315,Shamela0011789,39,671,842,111,45
146,0,315,Sham19Y0000259,209,880,1150,96,32
146,51,303,JK009230,438,1280,1555,142,62
146,0,307,JK010738,271,1239,1401,97,39
146,0,199,Shamela0021554,73,504,721,116,58
146,0,312,JK010344,1022,1326,1520,121,49
146,0,307,Sham19Y0014592,2072,460,627,115,48
147,136,249,Shamela0009429,502,501,614,87,98
147,136,249,Shamela0009429,527,828,940,88,99
147,136,244,Sham19Y0017724,401,973,1081,85,100
147,136,244,Shamela0023735,1405,403,511,84,99
147,136,244,Sham19Y0036540,2828,1380,1488,85,100
147,136,244,JK010568,147,975,1083,85,100
147,139,244,ShamAY0005375,520,0,213,83,49
147,136,244,Sham19Y0122257,63,973,1081,85,100
147,136,253,Tafsir07055,1082,1215,1332,88,96
147,136,249,Shamela0000580,164,604,717,88,99
147,129,249,JK003609,2671,141,260,90,95
147,136,244,Sham19Y0150966,1641,148,256,85,100
147,136,259,JK009304,54,918,1054,95,88
147,136,249,Sham19Y0020762,756,1171,1290,82,89
147,136,249,JK000298,194,1304,1417,88,99
147,136,425,JK006910,3,242,457,129,57
147,136,244,JK001305,292,545,653,85,100
147,136,244,Shamela0001000,196,504,612,85,100
147,136,244,Sham19Y0018147,1132,1030,1138,85,100
147,136,244,JK010665,24,920,1028,85,100
147,114,244,Shamela0005446,506,776,903,88,86
147,136,253,Shamela0006909,17,597,726,91,89
147,136,249,Shamela0006909,166,125,610,89,23
147,136,249,Shamela0028115,25,1440,1553,88,99
147,129,430,Sham19Y0029560,360,324,743,141,35
147,136,425,Shamela0012406,1738,181,611,132,39
147,136,244,Hindawi050704646,85,811,919,85,100
147,136,244,Shamela0005379,90,182,290,84,99
147,136,244,Kraken22021606121201,301,1224,1331,83,97
147,129,244,Sham19Y0000760,1026,407,522,86,95
147,136,253,JK010001,1026,1260,1376,87,95
147,136,259,JK010724,20,964,1089,89,92
148,84,700,Shamela0001349,222,441,821,247,49
148,84,287,Sham19Y0017681,25,1342,1493,104,65
148,84,700,JK003609,3896,879,1386,225,37
148,811,1257,JK003609,3897,183,666,310,78
148,5,755,ShamAY0001528,126,618,1450,362,48
148,12,722,JK010473,227,203,917,383,58
149,821,1042,Shamela0011755,549,718,1041,150,56
150,341,486,Shamela0001349,302,1308,1445,88,77
150,358,486,Shamela0011755,266,226,359,98,91
150,510,772,JK007143,2828,1243,1505,201,92
150,772,1541,JK007143,2829,0,750,571,87
150,525,1457,Shia002185Vols,1143,526,1500,585,66
150,525,1541,Shamela0023790,132,479,1490,614,65
150,525,1011,Shamela0023775,280,912,1513,307,58
150,1011,1541,Shamela0023775,281,0,590,355,71
151,0,518,JK007143,2829,750,1194,345,81
151,0,432,Shia002185Vols,1144,6,476,298,76
151,69,438,Shamela0023790,133,0,392,238,72
151,0,518,Shamela0023775,281,590,1157,318,65
152,228,900,Sham19Y0148540,23,83,860,494,73
152,575,852,JK010727,54,782,1058,201,89
152,575,837,Masaha003390Vols,306,1064,1631,186,40
152,1044,1270,Masaha003390Vols,348,673,904,181,96
152,1315,1498,JK007626,53,151,335,133,91
152,1044,1270,Kraken21050704,167,1099,1327,170,92
152,303,800,Shamela0005351,91,1032,1522,379,94
152,800,1555,Shamela0005351,92,0,786,535,78
152,1044,1270,JK000916,19004,1071,1297,176,94
152,1044,1217,Shamela0006909,169,164,330,121,85
152,1099,1270,JK006908,176,576,764,137,89
152,575,1270,JK009230,146,586,1229,330,56
152,575,741,Shamela0005502,21,891,1054,112,83
152,1108,1289,Sham19Y0016545,267,647,1149,132,32
152,617,900,JK010731,84,924,1210,192,82
153,1052,1525,Shamela0009788,1573,933,1492,213,39
153,1056,1525,Shamela0010525,354,546,1098,224,42
153,1066,1525,ShamAY0001528,146,159,672,206,41
153,152,576,Shamela0005351,64,768,1105,256,72
153,0,136,Shamela0005351,92,786,922,108,100
153,0,136,JK010665,29,1204,1340,105,97
153,0,136,Shamela0005446,142,440,582,102,90
153,206,470,Shamela0006909,168,795,1111,123,45
153,40,371,JK006908,177,0,245,164,60
153,0,141,JK009230,151,1227,1371,105,93
153,1137,1525,Sham19Y0013235,46,0,457,171,37
153,136,552,JK010734,37,1126,1542,258,76
154,127,246,Shamela0009788,1438,613,738,91,91
154,132,393,Shamela0009788,1439,514,775,201,96
154,1281,1492,Shamela0001349,459,355,514,117,71
154,1281,1435,JK010766,275,1391,1540,108,88
154,145,342,Sham19Y0120146,25,522,722,154,96
154,1281,1492,JK000919BK1,319,1025,1233,158,95
154,10,559,Shamela0005351,6,765,1475,326,51
154,145,342,AOCP20251104084,192,401,614,143,84
154,145,393,JK006900,1336,696,1059,191,66
154,457,1049,JK009230,436,680,1056,202,37
154,1281,1486,JK009391,291,568,721,106,66
154,1281,1492,Shamela0010798,1448,627,831,150,91
154,1058,1209,JK010344,1188,105,265,100,80
154,127,393,Shamela0026552,84,1075,1337,198,92
154,120,246,Rafed0000230Vols,179,606,735,99,96
155,830,1097,Shamela0009788,147,1046,1331,159,66
155,293,824,JK010766,282,336,862,413,96
155,844,1182,JK003609,1458,1014,1303,124,41
155,278,728,JK010473,238,685,1140,249,62
155,834,1225,Sham19Y0018147,1198,0,582,233,46
155,288,911,AOCP20251104084,139,1120,1437,199,39
155,354,824,EScr20120309,134,246,642,295,79
155,293,744,JK009230,282,1074,1522,358,98
155,744,1225,JK009230,283,0,654,365,69
156,261,611,JK009364,9,663,1113,184,47
156,15,207,JK007001,246,637,847,133,75
156,266,611,JK009291,347,242,681,184,49
156,15,207,ShamAY0036061,4,373,588,140,79
156,15,254,JK000916,2736,46,299,151,72
156,266,611,Shamela0023790,362,724,1154,189,51
156,15,207,Shamela0012884,4870,1101,1346,134,67
157,678,945,Sham19Y0145334,2999,1002,1248,177,81
157,197,542,Sham19Y0145334,3000,0,256,170,58
157,678,945,JK009230,518,1274,1508,172,81
157,0,542,JK009230,519,25,587,275,51
157,678,937,Shamela0006743,244,938,1182,170,78
158,250,674,Sham19Y0145334,2999,223,602,211,52
158,250,681,JK009230,518,524,921,250,66
160,420,687,JK007056,45,93,356,143,54
160,742,1469,Shamela0005429,23,629,1162,300,47
160,938,1469,Shamela0005390,244,17,398,201,39
160,425,687,Shamela0005390,444,495,731,132,57
160,414,687,Shamela0000558,219,225,500,163,62
160,406,687,AOCP20251104129,10,836,1107,174,67
160,709,1204,JK009325,997,1050,1532,339,77
160,1204,1537,JK009325,998,0,391,237,73
160,406,687,JK009325,1189,1150,1417,175,68
160,410,687,JK010473,224,5,283,135,47
160,406,698,ShamAY0034556,45,303,614,232,93
160,425,687,Shamela0095860,49,529,783,158,67
160,425,687,Shamela0010283,1969,736,975,132,57
162,872,1077,JK000927,725,1254,1501,135,69
162,255,602,JK010561,818,769,1076,161,55
162,263,602,JK000916,23657,407,820,193,55
162,239,602,Shamela0003118,6784,389,805,191,52
162,47,250,ShamAY0034556,47,832,1046,147,85
162,891,1077,Hindawi080268240,89,513,746,129,71
163,1160,1305,Shamela0010614,31,445,585,98,88
163,349,483,Shamela0005683,107,375,506,93,91
163,765,1013,Shia003636Vols,4421,195,394,134,67
163,954,1154,Sham19Y0023644,4880,872,1204,133,50
163,349,778,JK000927,1785,0,461,198,45
163,1160,1305,Shamela0023789,1644,781,925,102,92
163,765,1013,Shamela0010532BK1,121,276,472,135,69
163,1322,1464,JK010666,97,899,1110,105,62
163,1164,1305,Shamela0009096,206,0,136,95,88
163,312,619,Hindawi081316951,61,614,1030,114,35
163,845,1305,JK009230,281,166,708,302,64
163,1336,1464,JK009230,546,43,172,99,96
163,0,488,Shamela0009427,180,270,808,340,74
164,998,1171,Shamela0023735,1952,86,260,126,91
164,998,1171,JK009288,706,766,940,125,91
164,1048,1171,Shamela0001349,182,942,1066,90,92
164,998,1171,JK000927,4924,399,573,124,90
164,986,1171,Hindawi092480708,100,1338,1523,129,88
164,998,1171,JK003609,2204,1202,1376,125,91
164,982,1171,Shamela0005448,338,735,928,130,85
164,998,1171,JK006900,1432,978,1151,126,91
164,1052,1180,JK006919,834,0,128,85,84
164,998,1171,Shamela0000618,43,418,593,125,90
164,998,1171,Sham19Y0000760,832,233,407,125,91
166,757,997,Shamela0010614,158,496,1050,169,38
166,404,686,JK000791,1551,390,612,145,66
166,428,554,JK007056,53,1255,1384,99,96
166,428,559,JK010766,447,1286,1430,102,88
166,422,717,JK010672,159,1020,1298,195,83
166,422,559,Shamela0023789,452,118,258,102,92
166,433,573,Shamela0005448,13,8,149,95,87
167,750,946,JK010638,78,474,670,150,96
167,745,941,JK010568,236,957,1106,113,73
167,740,941,Shia003636Vols,7275,1291,1489,152,94
167,745,941,JK007583,214,1066,1316,147,74
167,745,941,Shamela0005448,79,692,938,142,73
167,745,941,Shamela0010283,1507,500,649,113,73
167,745,941,JK010776,15,78,315,131,68
169,1250,1443,JK010550,206,227,437,145,83
169,1250,1443,JK010550,207,1209,1419,145,83
169,378,1270,JK009288,31,23,834,503,63
169,1254,1443,JK009288,655,409,618,140,79
169,1254,1489,Shamela0009788,1902,869,1117,152,72
169,1254,1443,JK009325,1534,420,640,141,76
169,105,1266,JK009230,516,94,1260,839,85
169,1211,1518,JK009230,519,647,952,207,76
169,1266,1443,Shamela0007853,469,1018,1197,133,87
170,889,1063,Shamela0009788,1992,1198,1374,126,91
170,889,1075,Sham19Y0023644,5962,77,265,121,84
170,889,1063,JK003609,6061,315,489,113,83
170,889,1063,Shamela0000736,5593,426,602,121,88
170,879,1063,Shamela0005793,330,1092,1277,124,86
170,889,1063,Shamela0001000,1580,989,1164,118,86
170,889,1063,Shamela0012406,3258,225,400,117,86
170,889,1063,Shia003634Vols,711,1302,1477,118,86
170,889,1063,JK000952,844,1016,1191,120,88
170,945,1063,Shamela0006743,472,0,118,92,97
170,889,1063,Sham19Y0000760,1234,554,730,128,92
172,665,781,Shamela0009788,1069,198,337,88,80
172,660,781,Shamela0010509,84,1353,1474,90,93
172,12,274,JK009325,1223,1057,1305,178,85
172,994,1170,JK003609,3315,1400,1556,114,78
172,1170,1304,JK003609,3316,0,138,83,69
172,669,781,Shamela0007822,111,1114,1225,82,93
172,31,496,JK009230,244,700,1190,349,88
172,546,790,Shamela0005502,19,619,1175,167,38
172,31,260,JK010734,107,571,798,164,90
172,496,686,JK010734,137,798,984,107,69
173,842,1073,Shamela0011755,562,242,472,145,71
173,102,283,JK001138,155,355,566,115,60
173,837,1366,Shamela0005406,141,703,1184,311,69
175,1377,1498,Shamela0009429,518,1275,1396,96,99
175,1377,1498,ShamAY0037021,378,496,617,96,99
175,1377,1498,Hindawi030807493,43,845,966,96,99
175,1377,1498,Sham19Y0021505,292,421,542,96,99
175,1344,1494,Shamela0012396BK2,6,245,381,104,86
175,1377,1498,Shia003636Vols,4968,1035,1156,95,98
175,1377,1498,Hindawi017160604,683,64,185,96,99
175,1366,1498,Sham19Y0023644,4879,206,336,97,92
175,1377,1498,JK000927,683,685,806,95,98
175,1344,1494,Shamela0011566,2113,176,306,103,85
175,1344,1498,Shamela0012289,25,722,871,102,83
175,1200,1454,Shamela0012289,100,444,713,122,56
175,1377,1498,JK003609,2181,891,1012,96,99
175,1377,1498,Shamela0000736,2345,389,510,96,99
175,1377,1498,AOCP20251104151,371,684,805,96,99
175,1377,1498,Hindawi038246146,74,1395,1516,96,99
175,1377,1494,Shamela0023785,259,724,841,94,100
175,1344,1498,Shamela0004445,4853,245,388,106,86
175,1366,1498,Shamela0001000,132,1299,1429,98,93
175,1377,1498,JK000916,2997,15,137,96,98
175,1344,1494,Shamela0021105,114,112,266,105,85
175,1344,1494,Shamela0006909,44,1193,1323,104,86
175,1377,1498,Hindawi082863627,11,40,161,96,99
175,1377,1498,Sham19Y0000259,1173,205,326,96,99
175,1377,1494,Shamela0023741,50,856,973,91,96
175,1366,1494,Sham19Y0029560,607,621,747,96,93
175,1366,1498,Shamela0012406,2503,236,366,98,93
175,1266,1498,EScr221025,21,229,499,146,66
175,1377,1498,Shamela0007830,69,990,1111,95,98
175,1377,1494,Shamela0010798,1296,694,814,91,95
175,1377,1498,Shamela0010798,1306,1127,1248,96,99
175,1344,1494,JK009237,2461,832,960,101,82
176,853,1541,Shia003636Vols,3677,709,1332,485,87
176,97,397,Shamela0001349,156,479,802,122,39
176,874,1541,Shamela0005351,30,275,868,460,85
176,982,1317,JK009230,295,1185,1514,257,96
176,1317,1541,JK009230,296,0,226,181,97
177,1379,1515,Masaha003299,69,1285,1423,69,63
177,0,153,Shia003636Vols,3677,1332,1478,118,93
177,1266,1624,Shia003636Vols,3679,657,1051,275,83
177,1341,1562,Shamela0001002,1896,1178,1402,174,97
177,1341,1624,JK007612,4,482,783,223,92
177,494,616,Shamela0001349,55,998,1130,97,91
177,474,616,Shamela0001349,277,951,1103,101,83
177,174,410,JK003609,662,943,1227,167,69
177,1174,1624,Shia003697,34,1037,1365,181,45
177,1341,1624,Rafed0002654Vols,2937,132,382,156,58
177,1195,1624,Shamela0005351,22,259,838,320,66
177,191,410,Shamela0005351,22,15,259,154,74
177,6,153,Shamela0005351,30,873,1015,111,91
177,1341,1562,JK000916,16645,61,285,175,97
177,1341,1562,Shamela0003118,4868,967,1190,174,97
177,1341,1624,Shia004092Vols,3311,574,822,155,57
177,1341,1499,Rafed0000230Vols,309,1345,1506,127,96
177,1499,1624,Rafed0000230Vols,310,0,127,97,96
178,0,281,Shia003636Vols,3679,1051,1333,221,97
178,111,293,Shamela0001002,1896,1402,1544,103,69
178,0,281,JK007612,4,783,1176,182,53
178,21,286,Shamela0005351,22,764,1033,170,79
178,342,558,JK009230,299,1368,1584,164,91
178,558,1004,JK009230,300,0,504,336,84
178,0,281,Rafed0000230Vols,310,127,494,183,56
180,817,1036,Shamela0001000,903,263,441,75,40
180,828,1036,Shamela0000618,45,745,1245,115,28
180,801,903,Shamela0010283,563,487,589,78,98
180,817,1036,Shamela0007830,73,1054,1291,120,63
180,817,1036,ShamAY0033734,52,96,326,114,63
180,805,1036,JK010724,3,211,625,122,34
181,1112,1529,Shamela0011790,1958,1203,1594,294,81
181,777,1112,Shamela0011790,1958,45,383,261,92
181,1096,1300,Shamela0005351,30,1385,1578,145,86
181,1300,1609,Shamela0005351,31,0,304,245,97
181,1119,1617,JK009230,296,453,945,387,93
181,1112,1617,JK010778,11,945,1308,273,62
182,633,1626,Shamela0009788,176,210,1307,645,66
182,0,222,Shia003636Vols,3658,885,1063,138,77
182,249,1626,Shia003636Vols,3659,34,1498,868,64
182,0,1570,Shamela0011790,1959,74,1637,1186,89
182,0,859,Shamela0005351,31,304,1630,619,54
182,852,1626,Shamela0005351,32,0,746,596,93
182,0,249,JK009230,296,945,1195,201,99
182,249,1626,JK009230,297,9,1352,995,84
182,0,217,JK010778,11,1308,1482,140,80
182,249,1611,JK010778,12,345,1545,911,79
183,0,335,Shamela0009788,176,1307,1638,227,78
183,330,1608,Shamela0009788,177,229,1209,598,51
183,98,1608,Shia003636Vols,3660,0,1434,764,50
183,0,1534,Shamela0011790,1960,57,1624,1171,88
183,0,855,Shamela0005351,32,746,1603,658,92
183,855,1608,Shamela0005351,33,0,719,552,87
183,0,244,JK009230,297,1352,1604,185,88
183,244,1603,JK009230,298,0,1382,1058,93
183,347,1608,JK010778,13,0,959,740,72
184,12,358,Shamela0009788,177,1209,1606,253,75
184,358,886,Shamela0009788,178,0,609,388,76
184,12,140,Shia003636Vols,3660,1434,1590,101,81
184,146,886,Shia003636Vols,3661,5,835,543,77
184,12,1459,Shamela0011790,1961,75,1560,1110,90
184,12,891,Shamela0005351,33,719,1580,666,92
184,891,1403,Shamela0005351,34,0,542,390,86
184,0,250,JK009230,298,1378,1639,184,82
184,250,1403,JK009230,299,0,1133,857,89
184,156,780,JK010778,13,988,1401,318,62
185,857,999,Hindawi030807493,171,432,709,67,25
185,857,999,JK010732,575,171,448,67,25
185,857,999,Hindawi085205353,95,1178,1455,67,25
185,999,1525,Shia003636Vols,3662,1095,1414,237,55
185,857,999,Shamela0005390,515,976,1250,64,24
185,167,999,Shamela0011790,1953,303,622,198,29
185,0,942,Shamela0011790,1963,360,1520,700,74
185,942,1525,Shamela0011790,1964,0,650,434,80
185,857,999,JK009269,68,1135,1412,67,25
185,857,999,Shamela0010283,1856,755,1032,66,25
186,346,1326,Shia003636Vols,3671,737,1266,322,40
186,0,153,Shamela0011790,1964,650,909,119,57
186,346,768,Shamela0011790,1978,975,1507,326,76
186,768,1415,Shamela0011790,1979,0,626,369,62
186,346,1415,JK010778,20,469,1381,611,67
187,23,577,Shia003636Vols,3671,1269,1526,171,38
187,577,1448,Shia003636Vols,3672,0,707,521,68
187,12,890,Shamela0011790,1979,605,1486,644,85
187,890,1584,Shamela0011790,1980,0,615,442,72
187,89,1584,JK010778,21,0,1431,1025,78
188,57,788,Shia003636Vols,3672,789,1439,515,86
188,817,1018,Shia003636Vols,3673,412,585,126,79
188,1197,1615,Shamela0010275BK2,266,282,700,332,97
188,57,788,Shamela0011790,1980,710,1359,511,85
188,817,1018,Shamela0011790,1981,470,695,138,76
188,1197,1615,ShamAY0034556,71,870,1305,331,93
188,57,182,JK010778,21,1496,1620,102,99
188,182,788,JK010778,22,0,490,392,79
189,0,763,Shamela0010275BK2,266,700,1461,593,97
189,763,1421,Shamela0010275BK2,267,0,660,519,99
189,0,192,ShamAY0034556,71,1305,1496,146,97
189,192,1421,ShamAY0034556,72,0,1246,955,95
190,0,792,Shamela0010275BK2,267,660,1482,625,94
190,806,1512,Shamela0010275BK2,268,34,770,533,88
190,4,198,ShamAY0034556,72,1252,1446,155,99
191,0,791,Shamela0010275BK2,268,770,1568,637,97
191,791,1547,Shamela0010275BK2,269,0,800,572,89
192,0,541,Shamela0010275BK2,269,800,1388,422,88
192,571,869,JK010561,307,254,528,185,73
192,885,1554,JK009325,2216,22,549,233,36
192,571,881,Shamela0010512,10,1006,1284,192,72
192,885,1554,Shamela0007853,1038,783,1303,236,38
193,311,584,Shamela0005372,254,1132,1434,154,63
193,1092,1273,JK006919,834,363,659,93,41
194,127,360,Shamela0012398,261,119,339,145,77
194,141,805,Shamela0008505,298,152,1160,451,56
194,141,360,Sham19Y0017724,503,5,223,170,97
194,116,381,Shamela0001003,148,841,1104,173,81
194,193,360,Shamela0023735,2092,0,165,122,92
194,141,360,Sham19Y0021505,257,141,359,154,90
194,49,360,JK001296,29,987,1291,162,62
194,132,333,ShamAY0033598,182,1263,1469,153,93
194,19,760,JK010370,81,735,1556,373,48
194,141,360,Shamela0004473,5524,167,386,103,60
194,141,360,Sham19Y0016714,1228,531,811,157,71
194,520,799,ShamAY0007299,4863,967,1388,154,39
194,141,354,ShamAY0007299,4864,1284,1496,150,90
194,135,360,JK001095,11,957,1183,172,95
194,19,360,Hindawi079072819,68,89,380,198,70
194,626,805,ShamAY0036039,122,832,997,69,51
194,702,805,JK000882,582,193,296,77,96
194,697,820,JK001336,434,62,185,87,91
194,141,248,Sham19Y0122232,872,782,888,81,95
194,520,805,Hindawi050926304,222,899,1306,145,36
194,135,360,Shamela0000558,341,24,249,162,91
194,702,820,Sham19Y0023644,2722,1219,1327,77,83
194,19,306,Sham19Y0023644,2723,1124,1387,168,67
194,455,613,JK000927,303,887,1400,120,28
194,127,381,JK000927,317,440,682,164,83
194,132,360,JK000927,318,534,772,162,86
194,127,360,Sham19Y0020761,62,601,823,152,84
194,702,805,JK009325,1036,875,1008,77,74
194,116,737,Shamela0026484,265,1047,1551,196,30
194,1311,1488,JK007626,93,43,276,132,70
194,141,360,Shamela0023789,1378,856,1074,156,90
194,122,360,Shamela0023789,1393,1161,1401,170,88
194,520,805,JK003609,2664,1060,1396,155,53
194,132,381,JK003609,2665,466,705,165,84
194,503,815,JK003609,2666,0,306,171,57
194,702,805,Hindawi048607936,175,852,954,73,91
194,510,824,JK009291,226,1166,1437,161,56
194,127,360,Shia003461Vols,428,156,400,171,88
194,702,820,Shamela0023785,99,141,249,81,88
194,141,360,Shamela0008243,9,714,934,168,95
194,141,360,JK009229,1147,1198,1416,157,91
194,520,666,Sham19Y0020762,110,1210,1360,111,91
194,376,805,Sham19Y0020762,538,981,1505,304,72
194,135,360,Shamela0000740,70,566,788,158,90
194,520,875,Shamela0004445,3807,707,1125,162,37
194,141,360,Shamela0004445,3808,360,578,168,96
194,122,360,Sham19Y0127677,3433,120,372,158,78
194,127,360,Sham19Y0016934,8339,234,479,162,84
194,132,360,Shamela0026560,15,932,1166,169,91
194,127,407,Shamela0001000,1443,238,536,176,73
194,127,360,JK009139,8385,747,993,164,85
194,127,309,JK008250Vols,620,1333,1517,127,87
194,520,820,JK010752,37,82,388,122,41
194,244,360,JK010752,59,0,114,82,90
194,455,613,JK007143,553,90,362,121,54
194,132,369,Shia002185Vols,2387,1054,1297,165,86
194,141,805,Shamela0006909,22,21,730,387,58
194,132,350,Shamela0003118,1491,1322,1545,164,93
194,1236,1514,AOCP20251104084,142,1299,1568,204,91
194,141,360,Sham19Y0000259,1166,304,521,158,92
194,520,805,Rafed0000609Vols,130,130,476,155,48
194,1236,1518,JK009230,396,755,1046,218,93
194,127,407,Sham19Y0029560,522,919,1236,187,74
194,510,805,Shamela0012406,1340,518,899,152,40
194,158,360,Shamela0012406,1342,0,201,154,96
194,390,805,JK000415,73,299,838,295,68
194,702,805,Hindawi061485748,34,1000,1103,80,99
194,141,360,JK007531,16,71,293,151,86
194,135,805,JK009245,187,522,1168,244,32
194,532,805,JK009320,66,310,566,177,80
194,19,815,Shamela0010283,634,245,1049,437,57
194,19,360,JK008001,1181,882,1275,192,62
194,520,805,Shamela0007830,65,1234,1447,150,65
194,515,805,LAL2017040401,14,369,790,151,37
194,702,820,Shamela0005406,209,1224,1363,81,68
194,122,407,Shamela0005406,217,932,1254,180,72
194,6,381,Shamela0009773,3388,513,954,210,55
194,520,805,Kraken22021606121201,179,9,687,155,25
194,6,365,JK010724,1,1031,1409,201,61
194,135,360,JK000302,2282,1139,1364,161,90
196,188,309,Shamela0000558,170,1036,1148,69,73
196,1281,1426,Rafed0002654Vols,2990,1131,1289,115,89
196,1281,1406,AOCP20251104084,170,500,625,99,100
196,1281,1415,JK009230,177,127,252,96,90
196,596,1178,JK009230,178,391,952,342,66
196,1281,1426,Shia004092Vols,3366,149,309,115,90
196,1287,1406,Shamela0010283,745,1019,1138,94,100
196,12,293,Sham19Y0000760,831,78,424,114,41
197,304,702,Masaha003390Vols,204,1040,1509,279,69
197,317,706,JK010637,154,366,783,216,53
197,574,710,Sham19Y0036072,138,1180,1317,103,92
197,343,702,JK010768,135,473,762,175,56
197,317,906,Kraken221108001223,46,198,880,341,58
197,304,702,JK006910,235,681,1160,282,69
197,317,558,Shamela0000589,34,1242,1486,168,78
197,1096,1310,Shamela0000589,35,1108,1321,149,87
197,558,1087,Shamela0000589,35,0,570,354,71
197,381,804,Sham19Y0073348,2055,886,1281,298,88
197,381,710,Shamela0001000,1225,238,530,174,60
197,300,1001,AOCP20251104084,170,894,1576,500,83
197,1008,1310,AOCP20251104084,171,51,360,228,93
197,22,203,JK009230,104,282,487,129,77
197,300,1310,JK009230,177,248,1298,754,86
197,1175,1306,JK009150,305,721,859,96,90
197,381,710,JK010344,1138,970,1288,158,51
197,22,190,Shamela0005406,35,704,870,122,87
198,1150,1287,Shamela0001349,289,23,169,109,93
198,650,1287,Masaha003390Vols,205,283,913,187,24
198,231,826,Shamela0001000,223,865,1492,429,83
198,826,1508,Shamela0001000,224,0,667,486,85
198,208,605,JK009230,180,1019,1508,276,68
198,605,1511,JK009230,181,0,920,685,90
199,338,474,Shamela0012398,470,1333,1473,88,73
199,338,474,Shamela0009091,545,887,1006,81,76
199,1217,1385,Shamela0009788,1679,132,299,126,94
199,271,820,JK010561,328,296,445,116,26
199,338,588,Sham19Y0127698,540,754,1004,104,50
199,474,676,Sham19Y0073348,2055,1281,1478,137,80
199,338,474,Sham19Y0073348,2055,221,363,87,74
199,5,153,Shamela0001000,224,667,804,102,86
199,338,978,Shamela0001000,1223,763,1206,158,29
199,1212,1385,Shamela0006909,208,181,352,131,94
199,153,488,AOCP20251104084,172,0,454,240,66
199,571,731,JK009230,180,855,1019,125,96
199,5,327,JK009230,181,924,1249,252,94
199,338,530,JK009230,182,43,213,118,79
199,978,1073,JK009230,184,893,988,73,98
199,14,247,Shamela0005406,121,496,742,181,91
200,373,464,ShamAY0033832,145,710,801,69,98
200,326,505,Shamela0005683,48,1304,1490,118,76
200,1399,1568,Shamela0005429,20,975,1145,131,97
200,373,464,JK007581,16,1252,1345,69,96
200,1399,1568,JK009325,1180,636,802,130,94
200,364,464,AOCP20251104045Vols,155,582,682,77,99
200,799,1194,Shamela0000623BK1,83,1097,1339,171,54
200,854,1133,Sham19Y0073348,798,1125,1453,218,82
200,1352,1568,Sham19Y0073348,799,22,245,137,68
200,344,464,Shamela0005446,32,1233,1339,77,84
200,786,1183,Shamela0006909,205,60,489,249,69
200,803,1183,JK009230,185,997,1437,303,84
200,634,794,JK009230,185,39,276,87,45
200,1183,1568,JK009230,187,64,566,265,61
200,1352,1530,Hindawi038697931,80,266,451,110,64
200,1399,1568,Hindawi038697931,242,0,173,134,97
200,847,1220,JK010734,101,669,984,179,52
200,373,470,JK006906,7,1184,1281,72,96
200,847,1568,JK010344,1181,424,1300,429,55
200,1399,1568,JK007589,11,355,531,134,96
200,847,987,JK007589,12,95,239,105,84
200,1399,1568,JK007589,155,857,1036,134,94
200,933,1187,JK007589,485,15,283,195,89
201,0,454,Shamela0005429,20,1145,1517,283,77
201,1264,1450,JK010561,501,1264,1449,132,88
201,1264,1454,Shamela0005742,277,696,885,134,88
201,0,477,Sham19Y0073348,799,245,688,301,72
201,859,1152,Hindawi095382805,124,919,1299,225,74
201,0,940,JK009230,187,566,1509,704,90
201,962,1248,JK009230,188,111,396,213,94
201,0,477,Hindawi038697931,242,173,700,377,89
201,0,431,JK010734,101,170,654,318,82
201,1239,1450,JK010734,101,1079,1290,137,81
201,1264,1454,JK010744,53,417,606,147,94
201,0,227,JK010344,1181,1300,1570,173,79
201,227,477,JK010344,1182,0,214,169,83
201,0,477,JK007589,11,531,1079,315,72
201,859,984,JK007589,153,1240,1371,100,95
201,984,1239,JK007589,154,40,360,183,72
201,0,344,JK007589,155,1036,1450,273,81
201,344,523,JK007589,156,3,194,143,93
201,1264,1450,JK007589,497,336,528,132,85
202,919,1449,Hindawi014758020,34,920,1530,403,78
202,992,1177,Shamela0006909,272,0,123,93,63
202,919,1092,JK006919,533,374,548,137,98
202,102,1366,JK009230,188,387,1558,893,85
202,1366,1558,JK009230,189,0,285,156,66
202,0,540,Hindawi038697931,48,753,1555,414,63
202,540,984,Hindawi038697931,49,0,402,295,81
202,270,504,Hindawi038697931,82,598,882,147,61
202,919,1558,Hindawi038697931,243,223,781,363,65
202,919,1199,JK010734,101,1304,1521,170,75
202,1059,1515,JK010734,102,0,455,202,39
202,919,1111,Shamela0010283,2160,159,418,151,73
202,919,1132,JK007589,12,434,849,89,24
202,938,1101,JK007589,499,1233,1428,127,81
202,1101,1558,JK007589,500,0,649,346,64
202,270,454,JK007589,1036,0,291,144,60
204,1069,1325,Sham19Y0073348,1315,297,567,176,78
204,1069,1301,AOCP20251104084,150,1004,1234,159,81
204,1069,1325,JK009230,310,1056,1310,176,82
204,1069,1325,Hindawi038697931,44,840,1094,176,82
205,883,1488,Shamela0009788,1268,873,1306,251,46
205,883,1381,Sham19Y0073348,1312,598,1087,345,79
205,883,1488,JK009230,312,381,961,425,82
205,883,1488,Hindawi038697931,45,937,1516,423,81
206,294,1193,Shamela0009788,1269,288,1250,516,59
206,121,1488,Sham19Y0073348,1316,340,1337,742,67
206,804,1016,Sham19Y0038155,204,868,1080,166,97
206,804,1016,Sham19Y0038155,282,422,633,161,94
206,804,964,Sham19Y0014075,742,887,1047,130,99
206,0,610,JK009230,312,961,1564,443,87
206,610,1511,JK009230,313,0,864,654,87
206,43,1511,Hindawi038697931,46,0,1416,1067,88
206,804,1070,JK007589,229,56,330,213,96
207,123,964,ShamAY0005375,296,327,1522,646,66
207,952,1546,ShamAY0005375,297,167,851,459,83
207,1169,1384,Hindawi085938393,87,498,711,164,96
207,33,196,Sham19Y0073348,1316,1352,1513,128,96
207,196,1546,Sham19Y0073348,1317,0,1442,1025,88
207,1222,1388,JK009283,102,353,572,122,70
207,1063,1429,JK006908,212,48,427,247,83
207,0,676,JK009230,313,864,1537,527,95
207,676,1546,JK009230,314,0,1154,688,74
207,113,260,Hindawi038697931,47,0,147,117,97
207,1117,1490,Hindawi038697931,85,1315,1473,127,42
207,1176,1384,Hindawi038697931,90,279,486,163,98
207,123,964,Hindawi038697931,230,235,1446,663,67
207,952,1546,Hindawi038697931,231,100,810,470,82
207,1176,1350,Hindawi018605304,481,1410,1583,138,98
207,273,1099,JK007589,3,0,1473,640,53
207,1099,1546,JK007589,4,0,463,354,95
207,0,548,JK007589,116,323,1518,441,45
207,548,904,JK007589,117,0,591,287,60
207,148,960,JK007589,118,0,1240,653,65
207,0,559,JK007589,119,320,1536,449,45
207,559,1375,JK007589,120,0,1476,642,54
207,1375,1546,JK007589,121,0,184,139,92
207,123,952,JK007589,124,230,1510,655,63
207,952,1546,JK007589,125,219,961,471,79
207,123,848,JK007589,130,416,1420,572,70
207,848,1546,JK007589,131,16,1143,556,61
207,0,589,JK007589,136,221,1487,466,45
207,592,1462,JK007589,137,0,1480,687,58
207,123,895,JK007589,143,283,1445,610,65
207,904,1546,JK007589,144,0,1009,510,63
208,907,1183,Shamela0005406,42,347,608,167,71
209,658,1399,JK009325,2220,905,1494,342,54
209,658,1363,Shamela0000589,32,281,1028,462,69
209,674,1140,Shamela0007853,468,1016,1410,255,62
210,1203,1337,JK010370,205,738,871,89,81
210,1226,1342,Hindawi017160604,715,1202,1321,85,92
210,1226,1337,Hindawi017160604,957,1121,1235,84,94
210,1226,1337,JK000927,4847,1387,1501,84,94
210,1226,1337,JK010637,276,401,515,84,94
210,0,327,JK009325,360,1120,1491,230,76
210,327,535,JK009325,361,0,263,147,70
210,1226,1337,Shamela0001000,1374,804,918,87,97
210,1226,1337,Shamela0021554,77,816,930,83,93
211,672,1569,JK010583,46,56,1120,652,74
211,236,642,Shamela0005429,5,173,573,243,63
211,225,642,JK000927,4855,798,1128,164,46
211,672,1193,ShamAY0035859,209,1024,1551,421,98
211,1193,1569,ShamAY0035859,210,0,377,301,98
212,0,240,JK010583,46,1120,1508,172,55
212,240,816,JK010583,47,0,600,385,74
212,0,828,ShamAY0035859,210,377,1213,645,96
212,906,1281,Shamela0005351,44,1198,1556,200,57
212,1281,1531,Shamela0005351,45,0,267,173,73
213,138,878,Sham19Y0013226,157,249,1367,517,58
213,94,901,Shamela0000558,342,181,1082,563,77
213,143,735,Sham19Y0023644,6355,815,1550,437,74
213,94,571,Sham19Y0120146,50,924,1536,364,73
213,571,878,Sham19Y0120146,51,0,437,197,57
213,1111,1507,Shamela0001585,35,563,968,226,61
213,1111,1507,ShamIbadiyya0000109,7361,775,1176,224,61
213,138,417,Shamela0001000,802,1308,1600,203,87
213,411,878,Shamela0001000,803,96,752,283,49
213,100,878,Shamela0005351,45,263,1111,577,84
213,100,329,JK000916,14190,1286,1500,155,82
213,329,878,JK000916,14191,0,891,380,53
213,148,591,Shamela0012406,3523,943,1500,328,73
213,621,878,Shamela0012406,3524,0,484,164,43
213,138,780,Shamela0006743,140,718,1509,475,74
214,158,410,Shamela0009788,91,611,974,169,58
214,158,410,JK001336,514,587,817,153,73
214,164,321,Shamela0000558,106,1384,1538,105,75
214,248,410,Sham19Y0023644,6215,1241,1403,118,92
214,158,435,JK009325,998,1211,1460,164,73
214,248,410,Shamela0011790,1933,1101,1261,113,88
214,179,410,JK009365,419,0,241,157,80
214,171,410,JK001477,257,164,376,144,75
214,164,410,Shamela0001000,249,449,677,146,70
214,164,410,Shamela0005351,13,1029,1268,170,82
214,248,410,JK010752,65,742,902,113,88
214,248,410,Shamela0021105,9,303,463,114,89
214,186,410,JK009230,251,61,277,153,84
214,258,410,Shamela0012406,3417,0,151,105,88
214,248,410,Shamela0010283,76,735,896,125,96
214,186,410,Shamela0006743,417,448,664,134,74
215,445,638,Shia003636Vols,3169,954,1190,136,70
215,416,638,Shia003636Vols,11911,435,653,147,79
215,445,638,Shamela0021475,30,961,1197,136,70
215,934,1356,JK010672,85,176,576,265,77
215,421,638,Sham19Y0023644,6495,280,853,141,31
215,437,638,Shamela0004445,5480,158,415,135,66
215,445,638,Shamela0001000,824,1191,1430,136,71
215,445,638,Shamela0005446,953,58,296,140,73
215,445,638,Shamela0003118,1795,652,891,132,69
215,499,638,EScr20120309,233,621,755,97,89
215,445,638,JK006908,217,1065,1261,147,93
215,939,1356,Shamela0010283,769,598,1007,220,61
215,445,638,Shamela0010283,1482,1202,1440,140,73
215,449,638,JK010733,23,533,772,125,66
215,499,638,Shamela0007830,109,49,184,94,88
215,445,638,Rafed0000230Vols,1805,535,771,136,70
216,1235,1420,JK010734,137,628,803,135,89
216,939,1219,Shamela0006630,154,629,926,205,85
217,942,1155,Shamela0005432,51,1136,1322,92,56
217,126,422,Shia003636Vols,11080,987,1280,194,73
217,100,422,JK010672,141,523,767,188,74
217,136,277,JK007626,48,1320,1466,104,91
217,277,428,JK007626,49,45,202,109,89
217,111,422,Shamela0005351,7,497,812,232,94
217,441,686,Shamela0006909,412,1221,1485,167,76
217,136,422,AOCP20251104084,87,306,609,179,68
217,105,422,JK009230,343,883,1233,235,86
217,472,733,JK010747,186,732,1030,193,79
217,126,422,Shamela0006743,366,1116,1419,195,71
218,1263,1486,Shamela0009429,559,1112,1359,129,63
218,1263,1486,JK010638,87,192,371,121,65
218,1263,1486,JK009288,714,275,545,125,59
218,1263,1486,Shamela0036506,130,1048,1220,127,70
218,1248,1384,Shia002374Vols,291,546,666,82,77
218,1263,1384,JK009225,567,999,1112,90,93
218,1263,1486,Shia003636Vols,3524,1015,1251,132,70
218,721,840,Shia003636Vols,8639,1056,1175,82,89
218,1263,1384,GRAR000032,32,324,437,90,93
218,1282,1384,Sham19Y0016714,86,1184,1289,80,96
218,1263,1486,Tafsir04003,2694,1207,1391,125,65
218,1277,1384,Hindawi079072819,77,1124,1231,83,98
218,1277,1486,Sham19Y0148534,41,215,429,120,65
218,1263,1389,Shamela0023632,1137,137,262,95,95
218,1268,1384,ShamIbadiyya0000193,2603,1212,1329,90,97
218,1263,1384,Hindawi059616186Vols,457,573,692,94,97
218,1263,1486,Shamela0006911,57,812,1073,123,60
218,1248,1384,Tafsir02102,2840,780,900,85,79
218,1263,1384,JK009362,5200,564,685,96,100
218,1263,1384,JK009362,7479,1152,1267,82,83
218,1263,1384,JK009362,8083,229,350,96,100
218,1263,1486,JK010637,160,1060,1420,126,41
218,1263,1384,JK009325,1906,1020,1143,90,93
218,1295,1486,Rafed0002341Vols,224,0,211,108,64
218,721,840,Shamela0023789,1422,1196,1316,82,88
218,1263,1384,Tafsir02079,1554,869,982,90,93
218,1263,1384,JK000906,2741,729,843,88,90
218,1248,1384,JK000906,6691,505,625,85,79
218,1200,1384,Shamela0005388,95,1361,1557,112,70
218,1263,1486,JK000064,707,398,561,122,69
218,1263,1384,Sham19Y0020762,37,1339,1477,96,87
218,1263,1486,Sham19Y0145334,248,202,463,130,55
218,1263,1486,JK010629,120,879,1163,126,47
218,1263,1384,Shamela0023591,4869,156,269,89,92
218,1263,1486,JK006910,84,48,297,124,51
218,1263,1384,JK001305,342,1419,1541,94,97
218,1282,1486,JK007143,219,92,351,111,54
218,1263,1384,JK007143,432,258,371,90,93
218,1263,1486,JK006900,1164,225,469,131,67
218,1031,1486,Shamela0005449,17,639,1059,325,89
218,721,840,JK001138,53,1289,1408,82,89
218,1268,1384,Tafsir09050,2661,366,483,90,97
218,1282,1486,JK010552,465,133,532,122,38
218,1263,1384,JK000063,145,795,908,90,93
218,1263,1384,JK006914,950,405,526,96,100
218,1295,1486,JK010749,57,0,237,107,47
218,1263,1384,JK010754,550,1154,1275,96,100
218,725,840,Sham19Y0014103,39,711,826,79,88
218,1263,1384,Shamela0010283,770,1090,1203,90,93
218,1263,1486,Shamela0009066,134,1048,1306,127,51
218,1263,1378,Shamela0010551,502,731,843,89,97
218,1263,1483,Shamela0037475,158,453,676,129,72
218,1268,1486,Shamela0009427,16,706,951,124,64
218,1263,1486,Shamela0006743,9,1271,1524,128,63
218,1263,1486,JK010731,112,994,1170,120,69
218,1263,1486,JK010778,37,1253,1425,131,73
219,824,1134,Shamela0009091,213,786,1320,200,48
219,596,1297,Shamela0008505,328,578,1271,458,76
219,961,1297,Shia003636Vols,5249,524,666,91,33
219,824,1012,JK010727,17,559,746,117,82
219,34,480,Tafsir02102,2840,817,1139,66,16
219,824,994,JK000927,160,1314,1479,103,81
219,824,1043,JK000927,1416,1165,1487,138,56
219,601,1134,JK000927,3961,814,1332,298,63
219,601,1134,Shamela0023789,1531,997,1445,301,67
219,646,1147,JK003609,3279,413,902,331,76
219,824,1297,JK003609,3723,832,1159,213,55
219,802,1096,JK007554,5,1130,1341,142,61
219,824,1100,Shamela0001000,571,964,1475,178,44
219,1326,1463,Shamela0005351,51,1426,1562,107,94
219,824,1096,JK000916,26974,1089,1267,116,56
219,0,480,Shamela0005449,17,1059,1524,367,94
219,879,1164,Sham19Y0029560,370,0,495,162,41
220,584,1008,JK006907,50,758,920,132,37
220,1243,1412,Shamela0005351,51,922,1080,125,89
220,236,757,Shamela0005351,52,55,880,257,32
220,573,1008,JK006908,29,253,476,177,50
220,1405,1595,JK009230,393,875,1066,133,78
221,1342,1586,JK000919BK1,191,1170,1425,178,83
221,0,583,Shamela0005351,51,424,922,343,70
221,1386,1586,AOCP20251104084,94,1386,1544,130,78
221,0,479,JK009230,393,1066,1572,355,84
221,479,1586,JK009230,394,0,1547,670,49
221,1397,1586,Hindawi038697931,204,571,761,156,99
221,1382,1586,JK010734,41,770,986,168,94
221,1386,1586,Shamela0010283,1029,569,687,96,58
221,1397,1586,JK007589,1232,862,1068,156,91
221,1397,1586,JK007589,1236,630,836,156,91
222,1340,1514,Shamela0026536,742,483,658,129,95
222,1340,1514,JK001099,421,1163,1341,133,96
222,1328,1476,Hindawi049525031,48,431,574,105,92
222,1340,1476,Shamela0005390,221,141,277,97,93
222,1340,1455,Shamela0009607,1053,868,1068,88,56
222,1328,1476,JK000927,1053,915,1062,105,93
222,1340,1476,JK000927,3603,1355,1490,102,96
222,1340,1523,Sham19Y0016435,277,1012,1330,139,55
222,1340,1523,JK010743,73,372,556,139,96
222,1340,1514,JK007560,7,1091,1268,131,94
222,1340,1523,Shamela0010437,156,54,238,140,97
222,1340,1460,Sham19Y0150966,694,1407,1525,93,98
222,1340,1523,Sham19Y0020762,910,1054,1238,138,96
222,1340,1523,Hindawi0061961973Vols,1530,603,793,110,71
222,1340,1523,JK009365,85,59,243,137,95
222,1340,1464,JK009365,573,1349,1473,94,96
222,1340,1523,JK001477,93,897,1080,136,95
222,1340,1476,Sham19Y0018147,2364,1154,1290,105,99
222,1340,1460,JK010665,150,1181,1412,77,43
222,1340,1523,Shamela0005446,512,77,261,138,96
222,1340,1523,JK006908,151,9,200,141,94
222,67,295,JK009230,394,773,999,167,87
222,1340,1514,JK010738,151,1134,1307,126,93
222,1340,1523,Shamela0023775,396,336,521,135,94
222,1340,1523,Shamela0000471,31,128,315,131,86
222,1340,1523,Kraken22021606121201,1385,1047,1291,111,58
222,1340,1523,JK009306,91,548,732,119,80
223,0,102,Sham19Y0017724,243,997,1099,77,98
223,380,533,Shamela0023735,554,1224,1487,118,56
223,380,483,JK001210,172,695,902,79,48
223,1325,1473,Hindawi030536269,68,1095,1241,117,97
223,1325,1440,JK010370,249,1405,1519,84,92
223,0,102,Shamela0026536,742,1162,1265,75,95
223,163,368,JK010766,398,1188,1390,159,96
223,0,102,JK001099,422,593,698,75,93
223,1325,1473,Hindawi049525031,15,88,236,117,99
223,175,368,Hindawi049525031,48,213,408,153,97
223,380,483,JK010748,68,702,1042,80,30
223,170,368,AOCP20251104129,5,237,435,159,100
223,163,371,JK000927,1053,568,775,155,94
223,175,338,JK000927,2495,1331,1493,125,95
223,0,102,JK000927,3604,102,204,77,98
223,0,102,Sham19Y0016435,277,1330,1433,75,95
223,0,533,JK010743,73,556,950,163,30
223,1325,1473,JK009325,1956,785,936,117,97
223,0,102,Hindawi092480708,114,946,1049,75,95
223,0,102,JK000003,228,1190,1292,77,98
223,175,368,Sham19Y0017819,151,892,1082,135,88
223,0,102,Shamela0000580,113,1137,1239,77,98
223,380,533,JK006907,146,405,723,119,47
223,175,368,JK006907,149,819,1011,147,95
223,0,102,JK007560,8,98,203,77,95
223,380,483,Shamela0010437,155,473,626,80,66
223,380,483,JK009304,325,142,461,80,31
223,170,368,JK009233,352,477,675,157,98
223,0,102,Shamela0026864,21,1265,1368,75,95
223,0,102,Sham19Y0020762,2092,1146,1249,77,97
223,0,102,Hindawi0061961973Vols,1021,1318,1420,74,95
223,0,102,Hindawi0061961973Vols,1530,793,895,74,95
223,175,368,JK000919BK1,108,409,636,148,81
223,380,533,JK000919BK1,158,619,939,120,47
223,0,102,JK001477,93,1080,1182,77,98
223,380,533,Shamela0001000,1881,759,1078,117,46
223,0,102,Sham19Y0018147,2364,1334,1436,77,98
223,0,102,JK010665,151,64,167,74,93
223,0,102,Shamela0005446,512,261,363,77,98
223,380,533,JK006908,148,777,1106,121,46
223,0,102,JK006908,151,200,304,77,96
223,380,483,JK010747,107,76,289,80,47
223,0,102,JK010746,73,162,265,75,95
223,175,368,Shamela0001032,53,369,515,117,75
223,380,533,JK010738,114,34,188,116,95
223,0,102,JK010738,115,1121,1224,75,95
223,175,368,JK010738,151,186,332,114,74
223,380,533,Shamela0006939,126,138,457,119,47
223,175,368,Shamela0037632,50,91,238,116,74
223,0,102,Shamela0010283,308,49,151,77,98
223,175,368,Shamela0010283,381,575,720,113,73
223,0,102,Shamela0023775,396,521,623,77,98
223,175,368,Sham19Y0017879,46,527,674,117,75
223,0,102,JK010344,1066,298,400,77,98
223,0,102,Shamela0000471,31,315,417,75,96
223,102,380,JK009306,91,180,536,179,58
223,0,102,JK000919BK2,83,675,777,77,98
224,420,1063,JK007584,48,1141,1424,207,40
224,1063,1184,JK007584,49,0,126,97,96
224,740,1130,Shia003636Vols,6827,261,709,256,70
224,1283,1537,Zaydiyya0000101,344,846,1502,168,31
224,420,554,Rafed0002341Vols,1306,646,780,105,98
224,415,669,Shamela0011790,1776,593,820,145,66
224,1381,1537,Shamela0001000,354,1051,1241,115,74
224,420,617,Shamela0001000,355,102,274,128,81
224,1184,1537,Shamela0005351,54,1254,1589,235,76
224,24,685,Shamela0005351,54,652,1268,400,69
224,1033,1184,JK000916,4160,645,796,113,95
224,1033,1189,Shamela0010798,3739,784,940,117,95
224,420,572,Shamela0006743,17,1417,1579,120,92
225,1234,1396,Shamela0012398,663,805,970,119,90
225,840,1048,JK000021,2412,45,149,59,37
225,420,572,JK007584,27,1097,1307,115,68
225,1057,1229,JK007584,43,1002,1177,130,92
225,222,337,JK007584,64,233,352,91,94
225,697,835,JK007584,77,279,421,112,97
225,840,1052,JK007584,80,1134,1353,158,91
225,127,572,Shia003636Vols,6741,0,751,312,50
225,835,1000,Shia003636Vols,6837,1263,1429,123,92
225,840,1057,JK009226,727,1119,1287,88,51
225,840,1057,Zaydiyya0000101,345,725,889,86,51
225,820,1057,Sham19Y0023644,6090,38,275,118,49
225,1234,1391,JK010637,206,290,446,123,97
225,840,1048,JK010743,67,1292,1446,81,50
225,1234,1396,AOCP20251104045Vols,148,522,687,121,92
225,420,572,Rafed0002341Vols,1305,1130,1283,117,95
225,1234,1396,Rafed0002341Vols,1305,1400,1564,120,90
225,1234,1391,JK003609,2791,1015,1175,116,90
225,830,1052,Sham19Y0020762,170,1057,1330,149,70
225,391,572,Sham19Y0020762,1649,1318,1500,121,80
225,840,1048,Sham19Y0020762,1807,461,676,146,86
225,840,1052,JK010729,189,386,598,167,98
225,1234,1342,Shamela0025011,34,1265,1424,87,67
225,420,572,Shamela0001000,353,489,642,117,95
225,1234,1391,Shamela0001000,353,759,919,117,91
225,107,346,Shamela0001000,355,331,509,126,66
225,1234,1391,Shamela0005351,52,297,455,126,99
225,572,1234,Shamela0005351,55,160,655,393,73
225,840,1048,JK000916,4160,156,260,59,37
225,1234,1391,Shamela0005446,37,336,496,116,90
225,420,572,Shamela0021105,52,233,387,115,93
225,420,572,Sham19Y0000259,1174,377,530,116,94
225,1057,1193,JK006908,164,1029,1161,86,80
225,1234,1396,JK009230,483,148,311,123,92
225,840,1052,Shamela0012406,3375,1162,1373,110,53
225,840,1048,ShamAY0034809,415,771,875,59,37
225,107,572,Shamela0006743,18,316,715,249,67
225,835,1057,Shamela0006743,25,346,577,128,58
225,1220,1379,Shamela0006743,26,1361,1522,119,92
225,840,1048,Sham19Y0000760,1230,780,990,158,94
225,840,1000,Rafed0000230Vols,221,112,325,125,72
226,37,228,JK007584,13,1219,1425,142,87
226,228,331,JK007584,14,32,138,80,97
226,581,729,JK007584,27,822,974,117,96
226,1032,1244,JK007584,45,876,1155,125,47
226,734,903,JK007584,51,226,401,134,96
226,336,482,JK007584,63,76,228,112,92
226,121,336,Shia003636Vols,6777,1228,1491,169,80
226,1027,1244,Shia003636Vols,6843,1034,1202,98,57
226,581,729,Shamela0010275BK1,244,276,424,114,97
226,336,482,Sham19Y0020762,1678,707,859,112,92
226,336,482,Shamela0009096,27,1105,1254,108,91
226,121,336,Shamela0005351,55,650,865,171,100
226,108,279,Shamela0010283,71,970,1150,81,58
226,121,279,Shamela0006743,28,1181,1337,80,66
226,126,336,Sham19Y0000760,803,95,304,163,98
226,126,336,JK010724,155,280,486,161,96
227,0,225,ShamAY0033832,92,598,825,178,96
227,978,1125,Shamela0005683,111,250,397,116,97
227,0,225,JK007584,18,462,703,178,91
227,456,552,Shamela0009788,721,1397,1509,74,85
227,978,1125,JK001477,256,1150,1297,115,97
227,0,225,Hindawi070593971,25,270,501,178,94
227,978,1125,Shamela0021105,2,555,702,115,97
227,978,1125,JK009230,91,1238,1385,115,97
227,978,1125,Shamela0007830,93,113,260,115,97
227,13,225,Shamela0006631,73,336,550,163,93
227,102,225,JK010724,169,992,1115,97,98
228,988,1185,JK010568,199,1341,1538,149,94
228,988,1185,JK001477,202,73,270,150,95
228,988,1185,JK007143,231,1044,1241,151,95
228,1038,1185,JK010749,116,0,147,115,97
228,882,1344,Shamela0006743,486,970,1131,90,24
229,454,965,Shamela0012398,649,868,1420,159,25
229,459,965,Shamela0001003,190,620,1031,154,32
229,1302,1435,Shamela0009788,722,1316,1451,91,84
229,454,965,Shamela0010275BK2,369,69,620,156,25
229,454,965,JK001336,524,274,632,167,38
229,454,965,JK009325,1026,1060,1402,162,36
229,0,233,Shamela0000515,23,353,977,153,30
229,454,1435,Sham19Y0127698,441,257,1132,252,22
229,454,965,Shamela0009631,270,195,520,120,24
229,875,1435,JK003609,3015,54,494,149,26
229,454,965,Shamela0001000,395,806,1367,158,25
229,454,965,Shamela0011056BK1,46,207,754,157,25
229,0,233,Shamela0006909,7,487,1015,154,37
229,268,1435,AOCP20251104084,29,19,1232,736,69
229,0,233,Sham19Y0013666,345,315,768,155,42
229,454,965,Sham19Y0120145,14,571,1125,165,27
229,310,1435,JK009230,92,208,1340,798,83
229,0,233,JK009230,438,132,366,172,90
229,11,233,Shamela0005502,44,0,508,146,36
229,0,233,Shamela0010283,559,397,630,154,80
233,1131,1426,Shamela0005406,45,997,1262,99,43
234,854,1605,JK009230,601,518,1261,565,87
235,897,1505,Shamela0005448,117,124,664,377,74
235,897,1355,AOCP20251104084,118,1109,1584,323,82
235,1355,1505,AOCP20251104084,119,0,154,119,96
235,1033,1505,JK009230,724,11,495,343,85
235,984,1505,JK010478,166,0,467,321,73
235,1355,1505,EScr202211221604,220,242,457,110,62
236,768,1128,Hindawi039141640,20,102,443,202,60
236,841,1120,Sham19Y0150966,268,298,571,183,72
236,828,1250,Shamela0006897,308,85,594,163,31
236,841,1120,Shamela0005448,44,187,461,182,70
236,0,314,Shamela0005448,117,664,986,212,76
236,960,1120,JK007143,2678,0,164,121,88
236,0,303,AOCP20251104084,119,154,441,200,78
236,0,303,JK009230,724,495,774,214,87
236,0,303,JK010478,166,467,744,209,85
238,1365,1482,JK010638,67,1207,1322,85,91
238,1378,1482,Hindawi082959503,268,335,439,83,100
238,1378,1482,Shamela0037057,105,413,804,83,26
238,924,1482,JK009230,271,602,1202,287,52
239,1282,1402,JK010550,45,42,162,95,99
239,1282,1397,ShamAY0037021,355,1319,1434,90,98
239,891,1195,Sham19Y0147597,853,469,755,167,63
239,1282,1402,Hindawi030807493,40,552,672,95,99
239,952,1195,JK009225,410,1172,1368,128,66
239,1269,1512,JK007613,244,172,465,136,55
239,1282,1402,Sham19Y0016421,22,1467,1640,93,67
239,1282,1402,Shia003636Vols,7130,263,383,95,99
239,296,589,Shamela0001349,407,111,477,157,49
239,866,1195,Shamela0007867,3,978,1340,180,57
239,1275,1479,Shamela0007867,217,1465,1602,101,60
239,1282,1402,Hindawi017160604,620,1273,1393,95,99
239,1282,1402,Shamela0009607,497,1161,1281,96,100
239,1269,1512,JK000927,546,679,962,138,57
239,1282,1402,JK000927,589,1172,1292,95,99
239,287,615,JK000927,593,770,1087,186,63
239,886,1195,JK000927,596,398,703,181,64
239,1285,1402,JK010637,367,0,117,93,99
239,1282,1402,Shamela0000515,50,1038,1157,95,98
239,1282,1402,Shamela0000580,42,853,973,95,99
239,1282,1402,JK003609,2426,747,867,95,99
239,1269,1512,JK009304,338,1105,1388,138,57
239,1282,1402,Sham19Y0020762,2322,366,697,95,35
239,1282,1402,JK009365,223,58,178,96,100
239,1282,1402,AOCP20250214602,562,227,344,90,93
239,1282,1402,Shamela0001000,166,1337,1457,95,99
239,903,1195,Sham19Y0018147,1146,849,1130,175,68
239,1282,1402,JK007143,724,1000,1119,95,98
239,1282,1512,JK006908,158,723,957,177,94
239,1282,1402,JK009296,1238,1004,1124,95,99
239,1282,1402,JK009360,168,644,764,95,99
239,1282,1402,JK009230,100,720,840,95,99
239,430,597,Sham19Y0029560,489,26,316,96,40
239,1269,1512,JK010552,162,201,482,133,54
239,287,589,ShamAY0035858,102,578,952,193,58
239,1282,1402,Kraken22021606121201,317,95,216,94,97
239,1282,1402,Sham19Y0000760,26,670,790,95,99
239,1282,1402,JK001330,311,146,266,95,99
240,589,685,Hindawi092529537,11,1519,1614,71,96
240,584,682,Sham19Y0147597,864,916,1013,63,84
240,272,437,Sham19Y0147597,891,1313,1478,132,99
240,1340,1492,JK010732,116,803,958,85,57
240,589,991,JK009225,162,969,1322,140,43
240,167,484,JK007613,232,248,629,249,80
240,0,162,JK007613,244,818,986,126,93
240,272,395,Shamela0000563,71,78,198,88,87
240,162,382,JK001336,746,387,666,168,74
240,1345,1452,JK001099,91,129,292,83,63
240,1140,1319,JK010727,6,207,386,139,95
240,167,437,Shamela0007867,8,397,616,165,75
240,584,726,Hindawi017160604,607,921,1107,98,65
240,1345,1452,Sham19Y0023644,2960,1136,1295,86,67
240,589,772,JK000927,1315,962,1189,136,75
240,584,726,Hindawi092480708,78,219,405,99,67
240,1340,1459,JK000003,314,1009,1180,91,66
240,167,484,JK006907,172,215,530,233,91
240,688,817,JK003609,2426,883,1006,94,93
240,272,437,Shamela0026102,109,1333,1543,89,53
240,589,772,JK009304,271,600,693,72,50
240,272,382,JK009233,302,954,1065,88,98
240,211,484,Sham19Y0020762,1638,0,464,171,45
240,589,730,JK000919BK1,81,1257,1441,99,67
240,272,433,JK000919BK1,189,1363,1521,116,88
240,1056,1319,JK001477,159,919,1217,190,76
240,326,437,Hindawi079405794,35,835,946,89,100
240,584,772,Shamela0001000,270,1243,1429,128,85
240,1056,1319,Sham19Y0018147,1123,313,624,190,73
240,589,682,Sham19Y0018147,1127,196,288,61,87
240,272,395,Shamela0005351,21,449,575,94,92
240,167,382,JK010752,18,1299,1459,116,67
240,272,437,AOCP20251104084,71,796,961,127,94
240,589,682,Sham19Y0014579,3430,1400,1491,61,86
240,272,437,JK006908,176,797,966,128,94
240,272,437,JK009230,147,84,248,130,98
240,1006,1492,JK009230,269,223,657,253,55
240,1340,1452,Shamela0012406,1405,70,234,88,67
240,589,772,Shamela0000678,19,87,379,76,34
240,272,382,Shamela0095860,69,1326,1436,89,100
240,167,440,JK010731,96,714,1043,209,79
241,952,1458,Shamela0010614,23,607,1082,196,41
241,206,406,JK009225,298,334,525,133,83
241,1282,1409,JK007613,123,939,1317,80,27
241,37,551,JK007613,238,502,937,184,41
241,1039,1356,Shamela0007867,5,719,1116,159,52
241,1035,1255,Hindawi017160604,610,1070,1515,140,39
241,1255,1484,Hindawi017160604,611,0,587,129,25
241,1282,1453,JK009234,61,982,1128,99,63
241,1094,1484,JK000927,552,70,1156,233,26
241,811,952,JK000927,560,1164,1301,103,91
241,1057,1282,JK010637,125,526,893,124,43
241,226,410,JK010637,325,929,1113,128,90
241,1232,1448,Shamela0035100,2599,1286,1508,170,95
241,1035,1489,Shamela0000736,2597,474,955,295,70
241,1035,1361,Shamela0023785,247,625,1094,205,55
241,236,580,Sham19Y0020762,259,237,912,230,42
241,1282,1432,Sham19Y0020762,580,375,621,114,58
241,1035,1453,Sham19Y0018147,263,621,941,207,56
241,1035,1489,JK000916,15646,738,1226,299,69
241,1035,1489,Shamela0003118,4588,608,1090,295,68
241,811,952,JK006908,28,573,711,103,91
241,0,206,JK009230,269,657,793,103,62
241,952,1294,JK009230,270,1134,1501,250,81
241,1294,1484,JK009230,271,0,273,144,63
241,1057,1278,JK010746,49,633,839,62,23
241,1035,1484,Shamela0005416,59,182,1329,290,31
241,1039,1278,Shamela0009427,250,934,1276,131,49
241,1035,1320,Kraken22021606121201,304,515,1378,195,28
242,94,282,JK000927,552,194,437,139,70
242,33,282,Sham19Y0018147,263,941,1215,182,84
242,0,282,JK009230,271,302,587,219,95
242,666,979,Shamela0005406,142,547,1070,169,38
244,233,651,Shamela0009752,162,1059,1477,310,85
244,651,1534,Shamela0009752,163,0,873,668,90
244,233,1574,JK009230,349,35,1367,1007,89
244,308,1534,Shamela0010283,747,6,1186,909,88
244,233,844,Sham19Y0000760,1009,998,1605,437,84
244,844,1446,Sham19Y0000760,1010,28,575,408,81
245,490,1067,Shamela0009752,152,1111,1541,302,61
245,1067,1553,Shamela0009752,153,0,487,366,87
245,165,1553,Shamela0005390,284,36,1411,900,74
245,19,1382,JK010771,103,419,1575,845,74
245,1382,1553,JK010771,104,0,184,133,88
245,490,1553,JK009365,177,60,970,670,74
245,165,1197,Shamela0001000,287,650,1551,695,82
245,1197,1526,Shamela0001000,288,0,274,205,74
245,485,1313,Shamela0005351,90,767,1606,649,94
245,1319,1553,Shamela0005351,91,0,248,174,85
245,248,1146,Shamela0011056BK1,206,1121,1533,307,42
245,1146,1503,Shamela0011056BK1,207,0,273,210,72
245,7,1416,AOCP20251104084,164,666,1584,671,58
245,1416,1553,AOCP20251104084,165,0,148,108,91
245,7,301,JK009230,349,1347,1590,168,66
245,301,1553,JK009230,350,0,1266,981,94
245,19,1515,Shamela0010283,1983,287,1591,970,78
246,819,1091,Shamela0001003,93,125,399,213,97
246,0,451,Shamela0009752,153,487,888,296,81
246,1302,1493,Shamela0005429,32,448,639,150,97
246,135,447,Shamela0005390,285,0,331,224,85
246,1109,1297,Shamela0035100,4316,0,189,139,92
246,819,1493,JK003609,2118,220,698,360,66
246,0,752,JK010771,104,184,884,460,75
246,767,1311,JK010771,106,633,1134,348,77
246,0,451,JK009365,177,970,1372,298,81
246,18,738,Shamela0001000,288,274,892,422,72
246,0,743,Shamela0005351,91,248,1003,576,94
246,18,743,Shamela0011056BK1,207,273,723,308,53
246,762,1302,JK006908,210,515,1316,399,61
246,0,276,JK009230,350,1266,1542,207,91
246,276,1493,JK009230,351,0,1261,903,87
246,0,743,Shamela0010283,1984,49,799,503,82
246,1082,1311,Shamela0010283,1985,30,281,177,88
247,74,257,Shamela0001003,93,383,569,140,92
247,79,257,Shamela0005429,56,1227,1407,133,90
247,79,257,Shamela0023789,1714,1240,1417,134,92
247,0,257,JK003609,2118,698,968,202,92
247,79,257,JK010771,106,1128,1306,136,94
247,0,224,JK009230,351,1261,1497,179,93
247,74,257,Shamela0010283,1985,351,538,142,93
248,297,540,Shamela0023735,1416,1061,1369,158,62
248,201,553,Shamela0001585,315,205,580,218,68
248,1277,1478,Shamela0035100,4153,1373,1522,97,57
248,1183,1304,ShamAY0034478,57,1248,1363,64,66
248,1183,1304,JK003609,2626,587,794,92,55
248,1183,1483,Shamela0006896,301,573,1026,152,37
248,869,1272,Shamela0028453,20,432,858,177,45
248,608,1152,JK009291,376,325,1076,196,30
248,97,356,JK009230,646,1256,1567,166,67
248,365,553,JK009230,647,0,186,133,85
248,1304,1483,JK010746,35,234,459,135,74
248,337,527,Shamela0007853,826,1183,1348,105,69
249,496,888,ShamAY0001528,117,774,1021,141,42
250,712,834,Shamela0010614,509,521,635,87,90
250,422,694,Shamela0023790,298,423,689,173,70
250,712,838,Shamela0023790,299,667,793,99,100
250,838,1028,Shamela0023790,300,233,427,133,82
250,712,838,Shamela0007853,1159,1251,1370,90,90
251,1224,1480,Shia003636Vols,7197,481,786,173,68
251,1224,1480,Shamela0000515,56,67,374,173,69
252,893,1133,Shamela0022892,48,1047,1294,146,76
252,1151,1380,Shamela0001687,1136,1221,1562,154,55
252,901,1128,JK010561,591,1056,1287,145,80
252,908,1128,JK000919BK1,211,1280,1499,161,91
252,1151,1380,Shamela0006909,2,320,587,129,55
252,83,599,JK006908,49,543,969,310,73
252,620,901,JK009230,328,235,616,218,69
252,901,1133,JK010734,25,263,496,155,85
252,901,1128,JK010731,90,1293,1524,146,81
253,393,1014,Sham19Y0021505,360,374,999,422,78
253,1082,1250,Hindawi035168479,15,26,196,104,70
253,418,857,JK009325,1142,718,1049,249,68
253,424,1014,Shamela0005446,324,8,600,437,91
253,424,1014,Shamela0006909,247,86,519,315,66
253,1062,1250,AOCP20251104084,31,472,662,121,73
253,1026,1273,JK009230,101,494,728,141,67
253,389,553,JK009230,499,1340,1510,132,94
253,553,1014,JK009230,500,0,461,356,96
253,424,723,Shamela0001032,74,1300,1544,173,71
253,468,1014,Shamela0037632,71,0,334,234,54
253,424,1014,Shamela0010283,20,1042,1372,255,53