ms1,b1,e1,id2,ms2,b2,e2,ch_match,matches_percent
7,1292,1618,Shamela0001417,50,1249,1422,139,52
8,0,189,Shamela0001417,50,1422,1609,149,97
8,189,1602,Shamela0001417,51,0,1401,1053,87
9,905,1074,Shamela0023596,10,983,1138,111,73
10,656,912,Shamela0023018,38,468,687,169,80
10,656,799,Shamela0001687,8358,1237,1387,105,88
10,656,776,Shamela0006909,404,636,757,95,97
10,656,912,Sham19Y0017726,350,24,472,179,49
12,814,1366,JK000162,526,608,1172,282,51
13,0,516,JK000162,526,1178,1590,289,67
13,537,1460,JK000162,527,0,573,374,48
17,1215,1514,Shamela0001417,486,1299,1553,196,80
17,1215,1519,JK001295,111,1215,1477,199,81
17,1266,1519,Sham19Y0150960,99,0,208,157,76
17,1215,1519,JK000162,149,1303,1574,211,85
18,0,1145,Shamela0001417,487,6,951,687,72
18,163,1145,JK001295,112,0,856,624,77
18,0,1145,Sham19Y0150960,99,208,769,397,43
18,114,1499,JK000162,150,5,1419,907,71
19,59,514,JK000162,151,0,429,320,86
21,0,254,Shamela0001417,943,762,1017,192,91
21,0,254,Zaydiyya0000295Vols,2938,355,764,194,57
21,0,254,JK006478,446,266,522,197,94
21,7,240,Shamela0010551,500,1102,1546,145,41
22,327,491,Shamela0023018,87,622,774,126,92
25,26,840,Shamela0001417,909,895,1593,504,73
25,840,1089,Shamela0001417,910,0,256,196,93
31,3,200,JK010001,1625,1178,1397,147,74
31,41,242,Tafsir07055,1631,0,391,134,39
31,3,200,Tafsir07055,1691,1158,1372,147,76
31,3,184,Tafsir07055,3314,616,843,133,65
31,8,393,Tafsir07076,208,10,302,115,26
31,3,200,Tafsir07076,5302,108,543,155,42
31,8,184,Tafsir07076,7280,177,325,108,74
32,412,793,Shamela0001417,1056,1026,1405,282,88
33,1106,1316,JK009362,542,1132,1343,172,99
33,1333,1612,JK009362,3285,840,1296,181,46
33,1188,1536,Tafsir10066,541,871,1550,194,33
33,1106,1316,QuranAnalysis001,3,1402,1612,172,100
33,1260,1536,QuranAnalysis001,74,230,521,183,78
33,1333,1529,Zaydiyya0000062,593,415,613,160,98
33,1333,1536,Zaydiyya0000475,454,772,974,165,99
33,278,779,JK009258,90,192,519,225,54
33,1091,1402,Shamela0001403,5,1416,1622,170,66
33,1106,1316,Sham19Y0013550,40,947,1374,172,49
33,1172,1316,JK009268,352,0,144,118,100
33,1333,1536,JK009268,2101,32,235,166,100
33,1106,1316,Shamela0010273,66,471,681,172,100
33,1333,1536,Shamela0010273,923,8,211,166,100
33,1106,1316,Shia001432Vols,4047,74,284,172,100
33,1260,1572,Shia001432Vols,4048,369,682,189,71
33,1106,1316,Sham19Y0020891,459,383,593,172,100
33,1333,1536,Sham19Y0020891,2253,258,461,166,100
33,1320,1603,Shamela0004445,480,129,437,209,82
33,1139,1451,JK000894,17,0,227,171,63
33,1106,1374,JK009396,60,293,555,194,88
33,1260,1654,JK009396,515,731,1073,197,56
33,1106,1316,Shamela0029743,17,7,217,172,100
33,1260,1536,Shamela0029743,339,1323,1614,183,78
33,1333,1486,Shamela0029743,340,1209,1570,125,41
33,1106,1316,Rafed0003257Vols,225,262,472,172,100
33,1260,1536,Rafed0003257Vols,2512,984,1275,183,78
33,1072,1316,Rafed0003257Vols,5666,494,718,180,90
33,1333,1572,Tafsir05047,283,939,1258,149,51
33,1106,1333,JK009266,440,1142,1367,177,96
33,1333,1639,JK009266,4284,1143,1375,186,74
33,1337,1477,Tafsir04042,891,939,1114,112,78
33,1333,1587,Tafsir03097,655,580,953,178,58
33,1205,1620,Shamela0001340,6,0,385,194,52
33,1106,1363,JK007018,24,484,736,186,88
33,1260,1536,JK007018,242,1097,1396,183,76
33,1110,1603,JK000876,491,728,1129,187,38
33,1303,1639,Meshkat00057178,1587,896,1179,204,70
33,1221,1536,JK010001,3311,1361,1573,157,59
33,1325,1555,Masaha000554Vols,1773,1155,1396,171,86
33,1106,1352,JK006478,831,88,330,182,91
33,1333,1660,JK006478,4187,761,1264,229,55
33,1106,1363,Shamela0000041,71,146,383,189,90
33,1260,1536,Shamela0000041,984,801,1092,183,78
33,1260,1536,Shamela0000041,985,195,740,180,41
33,1333,1539,Tafsir09083,496,77,698,150,30
33,1106,1309,ShamAY0036821,123,1365,1565,163,98
33,1260,1536,ShamAY0036821,968,351,639,183,78
33,1106,1316,Sham19Y0014579,64,405,615,172,100
33,1333,1536,Sham19Y0147312,797,1275,1478,166,100
33,1278,1543,Shamela0004473,2329,0,150,115,53
33,1106,1316,Shamela0004473,14141,1112,1322,172,100
33,1096,1316,Shamela0008473,315,890,1110,174,94
33,1333,1587,Shamela0008473,2030,32,269,179,86
33,1333,1539,ShamIbadiyya0000075,295,575,903,166,61
33,1106,1316,Shamela0023591,366,417,627,172,100
33,1260,1536,Shamela0023591,3340,252,543,183,78
33,1333,1639,Shamela0023591,3348,1111,1419,198,71
33,1352,1572,JK000791,813,0,227,164,83
33,1260,1587,Shia002380Vols,265,1239,1577,198,70
33,1221,1536,Tafsir07055,3400,787,996,157,60
33,1106,1316,Shamela0023578,118,1028,1238,172,100
33,1260,1536,Shamela0023578,1276,1289,1582,185,78
33,1333,1587,Tafsir06048,382,1017,1296,176,71
33,1115,1451,Shamela0022653,17,0,248,191,66
33,1333,1536,Tafsir02067,330,617,959,166,59
33,1106,1413,Sham19Y0020643,172,175,634,221,59
33,1188,1316,Rafed0003943Vols,36,0,128,105,100
33,1260,1536,Rafed0003943Vols,483,582,873,183,78
33,1303,1536,JK000818,205,71,497,177,50
33,1106,1316,Sham19Y0023608,81,331,541,172,100
33,1320,1660,Sham19Y0023608,1469,472,822,200,57
33,1106,1316,JK009270,140,226,436,172,100
33,1260,1536,JK009270,1751,13,304,183,78
33,1333,1536,Shia002382Vols,695,7,243,166,86
33,1148,1316,Rafed0001713Vols,108,0,168,138,100
33,1260,1536,Rafed0001713Vols,905,1018,1309,183,78
33,1303,1482,Rafed0001713Vols,906,985,1586,139,28
33,1320,1603,Shia003721Vols,389,955,1237,202,79
33,1413,1536,Meshkat00042485,2964,1011,1378,101,33
33,1052,1316,Shamela0023628,68,175,460,189,76
33,1260,1572,Shamela0023628,1421,235,537,192,73
33,1106,1325,Tafsir02102,85,1349,1567,169,94
33,1333,1587,Tafsir02102,1940,501,1033,179,40
33,1333,1536,Meshkat0014420,1857,941,1144,166,100
33,1260,1536,JK006476,542,680,979,183,76
33,1333,1572,JK006476,543,12,620,170,34
33,1106,1363,Shamela0021821,60,1295,1556,189,88
33,1260,1536,Shamela0021821,659,264,555,183,78
33,1316,1536,Shamela0023632,1413,775,1018,178,89
33,1106,1316,Shia002394Vols,180,1189,1399,172,100
33,1325,1536,JK001496,743,385,597,168,97
33,1333,1536,Shia002356Vols,410,1179,1380,164,99
33,1106,1316,Shamela0008381,977,406,616,172,100
33,1115,1316,Shia002334,162,0,201,165,100
33,1106,1316,Tafsir07057,1364,1414,1623,172,99
33,1091,1363,Tafsir07057,2078,81,553,213,55
33,1333,1587,Shamela0021766,1636,552,1264,179,30
33,1106,1408,EShia0071807,1096,177,616,209,58
35,729,1189,JK000162,700,1155,1560,253,67
39,233,404,Shamela0036543,1925,758,924,127,90
39,233,404,Shamela0008381,801,615,978,125,42
41,1083,1615,Shamela0001417,969,1038,1541,406,93
41,1083,1323,JK000162,847,1167,1395,163,80
42,680,813,Shamela0006947,8196,49,182,108,99
42,410,676,JK000381,1141,765,1020,209,95
42,386,813,Hindawi018613191,13,33,447,318,90
42,416,813,Hindawi018613191,54,409,792,301,93
42,680,813,Tafsir09084,130,341,474,108,99
42,386,871,Shamela0001340,11,1068,1583,362,82
42,65,386,Shamela0001417,970,0,321,249,97
42,556,871,JK006478,856,1182,1501,211,76
42,680,871,Hindawi013082050,25,595,786,117,75
42,410,813,JK000103,66,1061,1360,231,69
42,680,813,Shamela0008473,446,956,1089,108,99
42,680,813,Tafsir02102,153,465,598,108,99
42,680,813,Tafsir07076,240,128,261,108,99
42,680,813,Hindawi070638427,132,1328,1461,108,99
42,680,813,Hindawi013920718,7,1074,1207,108,99
46,586,760,JK000162,847,1399,1571,133,92
47,1247,1494,JK001161,6,900,1138,184,93
47,425,1211,Shamela0001417,1058,498,1186,466,71
47,1247,1494,JK006833,1,1181,1425,184,93
47,1247,1494,JK006833,16,775,1024,183,92
48,502,864,Meshkat0014420,2581,104,330,119,40
48,508,864,Shia002356Vols,590,1289,1509,116,39
50,122,685,Shamela0001417,724,1167,1619,319,64
50,685,1322,Shamela0001417,725,0,605,463,90
52,384,1487,Shamela0001417,1104,481,1570,858,93
52,36,268,Masaha003104,8,1078,1327,159,74
53,687,963,Shamela0006947,17920,98,536,170,45
53,831,963,Shamela0004473,8680,1420,1553,108,99
56,984,1144,JK009362,842,893,1205,95,36
56,974,1144,Shamela0009231,274,839,1391,103,22
59,240,832,Shamela0001340,30,0,559,403,80
62,38,378,Shamela0001340,32,852,1222,260,87
63,97,588,QuranAnalysis001,11,761,923,133,32
63,97,582,Zaydiyya0000062,102,404,562,126,31
63,97,588,Shia004020,1,851,1013,133,32
63,103,588,JK009268,578,0,156,128,31
63,97,588,Shamela0010273,166,1189,1351,133,32
63,97,588,Zaydiyya0000037Vols,2664,1336,1498,133,32
63,97,588,Shia004092Vols,187,254,415,131,32
63,97,588,Rafed0003150Vols,172,1382,1544,133,32
63,97,588,Shia001432Vols,1896,509,670,132,32
63,97,588,Shia001432Vols,7086,58,220,133,32
63,97,588,Shia001432Vols,8706,262,424,133,32
63,97,588,Shia001432Vols,22982,938,1099,132,32
63,97,588,Sham19Y0020891,676,1214,1376,133,32
63,97,588,Zaydiyya0000388,34,73,235,133,32
63,97,588,JK009396,123,804,966,133,32
63,97,817,Shamela0029743,53,363,640,172,29
63,97,588,Rafed0003257Vols,457,42,204,133,32
63,97,582,Zaydiyya0000015,2044,286,442,128,31
63,97,588,JK007018,51,982,1148,133,32
63,97,588,Masaha000554Vols,279,1443,1602,131,32
63,97,588,ShamAY0036821,266,932,1092,131,32
63,97,588,Sham19Y0014579,189,830,992,133,32
63,97,588,Sham19Y0147312,207,378,874,140,22
63,97,588,Shamela0008473,560,237,399,133,32
63,97,588,Shamela0023591,835,412,574,133,32
63,97,588,Sham19Y0023618,134,644,806,133,32
63,97,817,Shamela0023578,231,292,569,172,29
63,103,588,Rafed0003943Vols,59,0,156,128,31
63,97,588,Sham19Y0023608,207,204,366,133,32
63,97,588,JK009270,351,938,1100,133,32
63,97,588,Rafed0001713Vols,208,1017,1179,133,32
63,97,588,Sham19Y0014404,115,439,1008,149,22
63,97,588,Shamela0021821,144,225,387,133,32
63,97,588,Zaydiyya0000328,626,202,364,133,32
63,97,609,Zaydiyya0000148,30,1439,1626,142,33
63,97,588,JK007070,159,994,1156,133,32
63,97,588,Zaydiyya0000258,1,865,1027,133,32
63,97,588,Shia002356Vols,81,203,364,132,32
63,97,582,Zaydiyya0000474,69,662,818,128,31
66,492,936,Shamela0001340,34,817,1272,246,60
68,86,276,ShamAY0034085,156,55,273,125,65
70,1188,1630,Shamela0001417,852,835,1276,226,53
71,0,332,Shamela0001417,852,1276,1605,264,97
71,337,659,Shamela0001417,853,0,320,251,95
73,299,576,JK000162,957,239,468,173,77
74,1140,1540,Shamela0001417,913,227,554,240,74
75,0,417,Shamela0001417,913,554,974,321,93
77,916,1611,Shamela0008571,4,538,1214,160,19
77,1128,1334,JK000381,8064,1302,1544,153,76
77,1118,1373,Kraken2107192213411,4,1370,1651,187,79
77,1118,1392,Kraken2107192213411,58,1132,1437,195,77
77,1122,1392,ShamAY0034230,556,809,1181,193,63
77,1128,1339,ShamIbadiyya0000066,109,39,263,153,82
77,1122,1392,JK001192,4,1045,1399,194,66
77,1118,1301,JK000103,165,1392,1598,124,70
77,1128,1334,JK006950,2366,693,935,153,76
77,1128,1334,Shamela0003055,4445,44,289,149,73
77,1080,1334,Shamela0007597,220,624,1028,169,50
79,660,1182,JK009268,1602,0,622,292,48
79,0,456,JK000381,4374,1178,1376,137,38
79,47,456,Tafsir09083,225,324,461,41,10
79,602,1016,JK000370,304,1057,1521,316,83
79,608,1182,Shamela0023578,1011,818,1493,336,51
82,681,917,QuranAnalysis001,79,553,829,126,44
82,681,917,JK009268,2195,478,754,126,44
82,681,917,Shamela0010273,996,989,1265,126,44
82,681,917,Shia001432Vols,3956,863,1067,126,56
82,681,917,Sham19Y0020891,2415,703,978,124,44
82,681,917,JK009396,552,1285,1561,126,44
82,681,917,Shamela0029743,368,1157,1433,126,44
82,681,917,Rafed0003257Vols,2593,160,436,126,44
82,681,917,JK000373,297,853,1254,134,40
82,681,917,JK009266,4453,97,373,126,44
82,656,944,Shamela0001340,42,321,710,223,70
82,681,917,JK010081,437,310,605,191,78
82,780,917,Shamela0008473,2173,9,592,91,18
82,681,917,Shamela0023591,3487,720,996,126,44
82,681,917,Sham19Y0023618,728,1272,1548,126,44
82,686,917,Sham19Y0023608,1582,0,271,122,43
82,681,917,Rafed0001713Vols,962,1190,1466,126,44
82,681,917,Shamela0023628,1536,829,1105,126,44
82,681,917,Shamela0021821,703,1226,1502,126,44
82,681,917,Shia002356Vols,442,867,1143,126,44
85,841,1144,JK009362,2731,600,1418,84,11
85,576,871,JK000082,285,736,852,72,30
85,1219,1523,Sham19Y0020891,1962,1253,1560,132,51
85,1202,1523,Rafed0003257Vols,2209,335,681,155,53
85,576,1144,Zaydiyya0000075BK1,7,737,1345,131,16
85,1296,1523,JK000876,421,0,220,125,65
85,725,1000,Shamela0001417,644,1363,1599,187,84
85,1000,1523,Shamela0001417,645,0,402,296,71
85,576,826,Meshkat00057178,1372,271,397,80,40
85,925,1523,JK006478,3697,1139,1344,133,27
85,1379,1523,Sham19Y0147312,670,784,937,110,88
85,568,831,JK000791,691,286,440,88,40
85,576,823,Rafed0003943Vols,379,632,913,91,35
85,787,1514,Shamela0023628,1185,702,1053,159,25
85,568,823,Shamela0021821,568,621,1224,102,20
85,1219,1523,JK001496,632,299,686,160,45
85,1210,1523,Tafsir07057,1836,21,247,133,48
86,0,149,Shamela0001417,645,402,547,110,89
86,422,1519,Tafsir02067,119,516,1427,291,25
86,530,911,Sham19Y0014404,204,558,1053,151,29
86,415,911,Meshkat0014420,667,394,651,201,51
88,733,978,QuranAnalysis001,24,510,754,198,98
88,733,960,JK000330,182,1322,1549,187,99
88,800,978,JK000330,905,1241,1418,141,97
88,773,978,Tafsir04056,66,518,722,163,98
88,780,978,Tafsir04056,1142,168,401,157,82
88,733,978,JK001420,176,935,1179,198,98
88,733,978,JK009268,1050,452,696,198,98
88,733,978,Shamela0037458,545,796,1040,198,98
88,733,978,Shia001432Vols,4462,946,1190,198,98
88,733,978,Shamela0004445,589,1167,1411,198,98
88,733,978,JK009396,238,399,643,198,98
88,733,978,JK009266,1966,1307,1551,198,98
88,740,975,JK009313,4480,519,750,169,83
88,696,1050,Shamela0001340,47,392,775,270,83
88,733,978,SyriacStudies00001,92,1247,1491,197,97
88,773,998,JK010001,34,556,781,163,88
88,733,975,JK010001,1406,1009,1250,197,98
88,733,978,Shamela0000041,408,815,1059,198,98
88,740,970,JK001303,727,61,284,167,85
88,773,1099,Shamela0023775,1040,444,681,187,70
88,773,978,Shamela0007798,2024,1088,1292,163,98
88,788,970,ShamIbadiyya0000185,296,1021,1204,148,99
88,733,978,Shamela0008473,919,1172,1416,198,98
88,773,998,Tafsir07055,35,480,705,163,88
88,733,975,Tafsir07055,1468,1303,1544,197,98
88,733,931,Tafsir06048,145,21,605,163,33
88,733,1071,Hindawi020604026,14,1195,1525,217,66
88,733,978,Hindawi019640759,43,167,411,198,98
88,733,978,JK009270,760,1209,1453,198,98
88,733,963,Shia003721Vols,498,1283,1513,189,99
88,733,978,Shia003721Vols,537,1066,1310,198,98
88,733,978,Shamela0009702,395,11,255,198,98
88,773,931,Shamela0000894,1348,678,836,128,100
89,18,204,Sham19Y0020891,1835,1038,1235,135,83
89,18,204,JK000876,389,918,1084,117,77
89,18,179,JK006478,3458,1192,1344,121,92
89,38,204,Shia002356Vols,312,1293,1452,128,94
94,883,1376,Shamela0007798,2111,213,863,195,35
94,0,168,Shamela0006739,96,407,575,138,100
96,0,225,Shamela0001340,52,704,942,175,92
98,336,706,Sham19Y0017879,59,1455,1576,86,30
98,329,706,Shamela0008505,559,1313,1443,90,30
98,301,706,JK000294,20,53,220,105,33
98,336,706,JK001109,4,276,643,115,34
99,1064,1247,JK000082,544,1336,1541,138,81
99,1029,1549,Shamela0001340,54,469,897,231,51
99,752,1040,Shamela0001417,730,587,896,203,79
103,819,1452,QuranAnalysis001,211,729,1090,241,46
103,813,1041,JK001420,712,1360,1514,96,52
103,819,1452,JK009268,4110,484,845,241,46
103,819,1123,Shamela0010273,2883,1390,1599,152,60
103,808,1036,ShamAY0033108,1618,796,1096,118,42
103,819,1400,JK001110,93,1239,1544,227,47
103,976,1138,Sham19Y0020891,5691,1089,1531,116,31
103,819,1199,JK009396,1405,357,617,190,60
103,819,1405,Shamela0029743,976,1243,1553,231,47
103,819,1138,Meshkat00042488,1554,274,1124,167,22
103,813,1036,Tafsir09084,2186,463,967,127,31
103,1059,1205,ShamIbadiyya0000129,884,333,478,88,73
103,819,1205,JK007018,695,968,1244,188,59
103,819,1199,JK006478,8061,989,1252,190,60
103,819,1199,Shamela0000041,2281,690,950,190,60
103,970,1452,Sham19Y0150960,657,1076,1346,188,47
103,819,1199,ShamAY0034059,6072,1146,1408,190,60
103,970,1138,Shamela0007798,8131,224,365,116,82
103,819,1405,ShamIbadiyya0000075,819,230,936,236,34
103,819,1452,Shamela0023591,6064,145,506,241,46
103,819,1452,Shamela0023591,6085,467,828,241,46
103,819,1036,Sham19Y0023618,1528,1277,1427,106,59
103,808,1452,JK000791,2075,733,1171,229,41
103,819,1036,Shamela0023578,2797,148,298,106,59
103,819,1212,JK009270,4594,695,967,194,60
103,819,1191,Rafed0001713Vols,2371,1362,1613,183,59
103,976,1112,Shamela0009065,411,230,665,73,18
103,819,1131,Sham19Y0014404,1345,123,972,119,13
103,819,1199,Shamela0023628,3083,1182,1442,190,60
103,892,1118,Tafsir02102,3521,80,329,118,52
103,819,1138,Shamela0023632,3159,365,590,165,62
103,976,1138,Shamela0000922,1108,537,1054,121,28
103,819,1171,JK001496,2103,323,1166,174,23
103,808,1138,Tafsir02091,1875,93,950,183,24
103,819,1452,ShamAY0037387,83,76,439,241,45
103,983,1164,Shamela0012872,21,511,669,116,77
103,813,1093,Sham19Y0016953Vols,1724,1402,1587,132,56
104,1036,1580,JK000162,913,731,1168,323,71
105,1246,1583,Sham19Y0020891,5400,174,498,249,92
105,1215,1583,JK009266,7806,1152,1532,262,82
105,1197,1583,JK010091,144,807,1178,279,89
105,1215,1583,Tafsir02079,3299,837,1209,264,85
105,1233,1569,Shamela0023591,5914,1157,1477,248,90
105,1267,1583,Shia001544Vols,1469,13,300,214,84
105,1246,1449,JK001496,1992,1336,1524,143,88
105,1449,1583,JK001496,1993,0,134,105,96
106,0,172,Zaydiyya0000062,1673,853,1025,141,100
106,999,1163,Zaydiyya0000062,2143,33,194,129,95
106,1021,1166,Sham19Y0020891,6813,119,283,89,63
106,999,1166,Shamela0095580,9,1143,1314,129,92
106,7,172,JK009266,7807,0,161,131,96
106,999,1166,JK000876,1679,1033,1239,119,70
106,0,172,JK010091,144,1178,1346,138,97
106,570,1141,JK007126,723,123,338,144,31
106,0,172,Tafsir02079,3299,1209,1378,137,96
106,1006,1166,Shamela0001466,4093,1323,1494,129,93
106,0,172,Shamela0023591,5915,15,183,138,97
106,444,1084,JK000162,990,1010,1527,375,70
106,197,397,JK000162,991,355,610,125,59
106,1029,1166,Sham19Y0014313,271,522,654,104,92
106,0,172,Shia001544Vols,1469,300,473,141,99
106,656,1166,JK000983,707,0,316,185,42
106,0,172,JK001496,1993,134,306,141,100
106,999,1166,JK001496,2569,569,734,131,96
106,1009,1166,Shia002356Vols,1377,0,161,124,95
106,999,1166,ShamIbadiyya0000050,6198,600,809,128,77
107,1456,1634,Shamela0001340,74,1067,1275,144,84
107,471,1225,Shamela0001417,971,244,1065,488,68
108,0,319,Shamela0036527,2,1045,1376,248,84
108,0,124,QuranAnalysis001,86,494,618,103,100
108,717,1274,JK009158,95,64,589,195,33
108,0,124,JK009158,409,106,230,103,100
108,0,124,JK009268,2325,836,960,103,100
108,0,243,Shamela0019542,10,77,415,179,63
108,0,124,Masaha002028Vols,1628,423,547,103,100
108,0,124,Shia001432Vols,6892,60,184,103,100
108,419,526,Shia001432Vols,22259,1446,1553,86,100
108,0,178,Shia001432Vols,31221,899,1051,109,74
108,0,124,Sham19Y0020891,2553,497,621,103,100
108,0,124,Shamela0004445,2062,421,545,103,100
108,0,124,JK009396,593,417,541,103,100
108,0,128,Shamela0029743,401,610,738,103,97
108,0,124,Rafed0003257Vols,2727,1014,1138,103,100
108,0,124,JK009266,4660,177,301,103,100
108,0,124,Shamela0023833,840,72,196,103,100
108,0,319,Shamela0001340,74,1275,1586,238,85
108,563,832,Shamela0001340,75,179,447,215,96
108,0,124,JK007018,283,1260,1384,103,100
108,0,124,Shamela0000041,1143,24,148,103,100
108,0,124,Shamela0022721,434,454,578,103,100
108,0,124,Sham19Y0147312,881,764,888,103,100
108,0,124,Shamela0008473,2305,467,591,103,100
108,0,124,Shamela0023591,3650,714,838,103,100
108,0,124,Shamela0023591,3670,522,646,103,100
108,0,157,JK000791,947,251,414,112,83
108,0,178,JK007021,219,918,1090,108,73
108,0,124,Rafed0003943Vols,571,60,184,103,100
108,0,233,Shamela0030945,110,218,431,132,68
108,0,124,Sham19Y0095660,826,1480,1604,103,100
108,0,124,Sham19Y0023608,1714,1292,1416,103,100
108,0,124,JK009270,2042,60,184,103,100
108,1060,1274,Shamela0037325,1365,30,347,138,53
108,0,124,Rafed0001713Vols,1034,1433,1557,103,100
108,0,124,Shamela0023628,1683,60,184,103,100
108,0,124,Meshkat0014420,2158,181,305,103,100
108,0,124,Shamela0021821,760,150,274,103,100
108,0,124,Sham19Y0014592,76,1121,1325,103,60
108,0,124,Shamela0023632,1642,1216,1340,103,100
108,0,693,JK001098,40,619,1394,292,34
108,0,124,Shia002356Vols,476,743,867,103,100
108,0,124,Sham19Y0009800,1068,1240,1364,103,100
118,1061,1358,JK009362,2091,750,1035,227,91
118,1061,1358,QuranAnalysis001,42,936,1215,228,93
118,1061,1352,Zaydiyya0000062,361,177,452,223,93
118,1050,1217,Shamela0005756,8535,526,693,136,100
118,1061,1358,JK009268,1511,1047,1326,228,93
118,1101,1358,Shamela0010273,576,862,1240,179,57
118,1061,1358,JK009396,332,549,828,228,93
118,1061,1358,Shamela0029743,203,224,503,228,93
118,1031,1506,Shamela0001340,58,459,942,311,70
118,1031,1225,JK000917,440,88,283,148,92
118,1061,1358,JK007018,149,706,989,228,94
118,1169,1358,Masaha000554Vols,1091,931,1111,141,91
118,1061,1358,ShamAY0036821,681,1115,1393,227,93
118,1050,1217,Shamela0007798,2957,464,630,135,99
118,1061,1358,Shamela0008473,1376,1220,1499,228,93
118,1061,1358,Shamela0023578,923,283,562,228,93
118,1061,1358,Sham19Y0023608,868,477,756,228,93
118,1061,1358,JK009270,1055,751,1030,228,93
118,1031,1217,Shamela0009231,727,812,1007,142,89
118,1061,1358,Sham19Y0026523,1037,1398,1677,227,93
118,1169,1358,JK006476,341,183,351,138,88
118,1061,1358,JK010729,161,1014,1290,226,92
118,1061,1358,Shamela0021821,427,900,1179,228,93
118,1061,1358,Shamela0023632,900,1047,1330,228,92
119,1352,1542,JK009362,2096,194,429,149,79
119,1320,1542,QuranAnalysis001,42,1215,1438,178,99
119,1320,1529,Zaydiyya0000062,363,644,855,167,98
119,1374,1540,JK001420,264,325,491,131,98
119,1374,1535,Sham19Y0013550,159,1136,1297,129,100
119,1320,1540,JK009268,1511,1326,1545,176,99
119,1331,1542,Shamela0010273,578,1070,1351,153,67
119,1382,1542,Shamela0037458,861,0,161,129,99
119,1320,1529,Sham19Y0020891,1560,818,1180,167,57
119,1309,1542,JK009396,333,334,952,148,27
119,1320,1542,Shamela0029743,203,503,726,178,99
119,776,1542,Meshkat00042488,339,612,1373,269,29
119,1374,1542,Rafed0003257Vols,1710,1359,1528,135,99
119,1374,1542,JK009266,2941,820,989,135,99
119,1290,1542,Shamela0001340,59,701,953,197,96
119,1374,1542,Shamela0001417,199,383,552,135,99
119,1290,1542,Masaha000554Vols,1094,557,809,178,86
119,1239,1535,JK006474,917,270,993,136,21
119,873,1374,JK006478,3119,860,1235,102,19
119,1394,1542,Shamela0000041,686,0,149,119,99
119,1320,1482,ShamAY0036821,681,1393,1549,124,95
119,1320,1540,Sham19Y0147312,506,69,720,174,33
119,1374,1535,Shamela0004473,8881,797,958,129,100
119,1314,1542,Shamela0008473,1383,774,1249,180,47
119,1320,1542,Shamela0023591,2399,97,320,178,99
119,1320,1542,Sham19Y0023618,447,841,1345,178,44
119,1320,1535,JK000791,498,726,941,172,100
119,453,837,Tafsir04003,1094,942,1430,111,23
119,1374,1542,Shamela0023578,929,43,212,135,99
119,1309,1535,Tafsir06048,242,87,373,176,75
119,1320,1542,Rafed0003943Vols,272,1321,1544,178,99
119,1394,1540,Shamela0010463,216,799,948,116,97
119,1374,1542,JK009270,1058,65,234,135,99
119,1362,1542,Rafed0001713Vols,585,711,906,143,91
119,1374,1542,Sham19Y0014404,324,757,931,135,96
119,1374,1542,Shamela0023628,876,165,334,135,99
119,1374,1542,Meshkat0014420,1157,172,341,135,99
119,1320,1535,Shamela0009231,729,723,1056,155,58
119,1335,1535,JK010729,2,33,260,136,75
119,1320,1542,Shamela0021821,427,1179,1400,176,98
119,1374,1535,Shamela0022371,141,1152,1313,129,100
119,1320,1542,Shamela0023632,904,751,974,178,99
119,1320,1535,Shia002394Vols,918,1254,1468,170,98
119,1374,1542,Shia002356Vols,254,145,314,135,99
121,742,1175,Shamela0001417,875,0,429,328,92
123,566,750,Shamela0001340,62,1221,1415,127,82
123,566,750,Shamela0001340,63,654,848,127,82
128,1121,1255,Sham19Y0014328,689,1208,1588,89,28
130,964,1138,Meshkat00042488,916,812,1398,55,11
130,964,1138,Shamela0000922,726,1211,1349,74,54
134,755,1028,Tafsir06051,545,923,1146,105,34
134,755,1028,Tafsir09084,53,520,743,105,34
134,755,1028,Shamela0007798,3198,81,304,105,34
134,755,1028,Shamela0012884,1584,814,1037,105,34
134,755,1028,Tafsir02102,73,485,708,105,34
134,755,1028,Meshkat0014420,1250,1004,1227,105,34
134,755,1028,Shamela0009231,139,574,797,105,34
134,755,1028,JK006476,371,844,1274,113,25
136,777,1038,JK009362,2251,797,1271,191,48
136,753,1097,QuranAnalysis001,47,924,1312,230,70
136,753,1038,JK009268,1588,717,977,207,89
136,753,1031,Shia001432Vols,769,1093,1346,205,91
136,753,1038,Shia001432Vols,2474,1102,1362,207,89
136,753,1038,JK009396,354,1252,1512,207,89
136,766,1097,Shamela0029743,224,0,375,220,69
136,753,1031,Shamela0029677,689,502,755,205,91
136,753,1217,Shamela0001340,68,296,808,277,58
136,753,1031,JK007018,162,542,798,205,91
136,777,1031,Masaha000554Vols,1204,460,972,184,44
136,331,1031,Shamela0000041,733,400,766,248,42
136,753,1097,ShamAY0036821,720,144,524,222,69
136,753,1097,Shamela0023591,2533,442,830,230,70
136,753,1038,Shia002380Vols,173,194,577,207,62
136,351,1097,Shamela0023578,993,414,1065,259,34
136,753,982,Hindawi020604026,15,1019,1223,164,89
136,753,1031,JK000818,138,918,1498,209,44
136,753,1038,Sham19Y0023608,957,795,1055,207,89
136,753,1031,Shia002382Vols,495,486,917,198,53
136,772,1031,Rafed0001713Vols,635,990,1475,200,51
136,753,1031,Meshkat0014420,1260,5,258,205,91
136,753,1118,Shamela0021821,465,387,789,235,68
136,753,1038,Shamela0006626,291,852,1109,205,88
137,497,719,Shamela0001340,70,572,814,173,89
137,626,764,Tafsir07055,1691,1486,1640,109,85
137,516,828,Tafsir02094,1986,374,857,157,34
150,577,749,Zaydiyya0000062,438,818,1192,120,36
150,577,749,Shamela0000432,4068,552,715,133,91
152,335,540,Shamela0000041,2558,272,703,96,26
153,141,413,Shamela0023018,390,360,633,196,92
153,837,1067,Shamela0001340,77,1237,1515,166,72
153,125,413,Sham19Y0013257,931,0,190,112,44
153,141,413,Sham19Y0017726,1158,706,981,196,91
153,121,413,Sham19Y0016826,2757,630,950,205,80
153,868,1007,Shamela0009086,53,743,897,105,84
154,753,993,Tafsir04056,5676,350,780,93,22
154,429,993,Tafsir09068,861,83,728,178,29
154,753,993,ShamAY0033108,1277,255,422,83,41
154,519,988,Tafsir05047,619,0,446,129,23
154,698,993,Tafsir01005,4265,91,374,101,34
154,835,1008,Shamela0001340,78,701,959,124,61
154,769,993,Zaydiyya0000295Vols,887,546,786,88,38
154,835,993,Shamela0004473,7365,290,499,77,47
154,632,993,Shamela0012884,3768,634,907,119,33
154,759,993,Tafsir02102,3119,1125,1338,79,28
154,759,993,Shamela0000922,916,1200,1406,87,36
154,759,988,Zaydiyya0000476,193,1069,1210,84,39
154,759,988,Zaydiyya0000476,247,817,958,84,39
154,249,895,Shamela0009086,53,743,1001,142,26
154,753,993,Tafsir02091,1511,99,263,82,41
154,759,993,Tafsir07057,3837,1056,1652,96,17
155,858,1109,JK009362,7931,464,642,84,42
155,1003,1168,Shia001432Vols,4685,122,313,117,79
155,729,1283,Hindawi046286097,206,294,652,135,28
155,800,1105,JK010001,2873,938,1108,94,40
155,723,1203,Shamela0008473,1981,482,975,110,21
155,800,1105,Tafsir07055,2963,1043,1213,94,40
156,17,421,Shamela0001417,904,894,1348,322,87
157,473,1019,JK009268,3094,480,647,76,18
158,255,515,Shamela0001340,81,339,689,189,64
159,1248,1484,JK009362,6256,429,643,108,58
159,1248,1484,QuranAnalysis001,177,150,364,108,58
159,1248,1484,JK009268,3737,264,478,108,58
159,1050,1484,Shamela0001340,81,532,689,99,26
159,1248,1484,Sham19Y0147312,1581,471,685,108,58
159,1248,1484,Shamela0023591,5496,1274,1488,108,58
159,1248,1484,Shamela0023591,5522,375,589,108,58
159,1248,1484,Sham19Y0023618,1324,608,822,108,58
159,1248,1484,Shia002380Vols,603,996,1406,105,25
159,1248,1484,Shamela0023578,2422,80,294,108,58
159,1248,1484,Shamela0023628,2769,951,1165,108,58
160,1317,1609,Shamela0001417,977,0,283,208,87
160,1342,1438,Shamela0007798,3642,138,496,68,24
161,0,229,Shamela0001417,977,283,512,181,99
164,598,923,Shia001432Vols,311,603,1355,142,22
166,1168,1314,Shamela0022593,2622,265,490,116,64
167,221,460,JK000381,4835,1120,1417,180,75
168,32,474,JK000162,784,268,874,275,52
169,370,499,Shamela0023628,1634,902,1074,74,57
170,776,1080,Sham19Y0017726,1085,335,638,125,41
172,361,542,Shamela0006947,6832,1226,1446,122,66
172,361,542,Zaydiyya0000015,2189,1247,1505,122,57
172,322,786,Shamela0001340,89,560,975,214,52
175,920,1536,Shamela0001417,979,980,1209,174,35
176,1120,1254,QuranAnalysis001,57,991,1174,99,68
176,1112,1254,JK001420,329,524,1069,107,24
176,1027,1334,Sham19Y0017116,1003,956,1228,200,80
176,1120,1254,JK009268,1760,1273,1456,99,68
176,1022,1258,Shia001432Vols,2477,887,1229,167,61
176,1120,1254,JK001110,36,1165,1348,99,68
176,1120,1239,JK009396,415,1415,1582,86,65
176,1120,1254,Shamela0029743,269,1016,1199,99,68
176,1003,1334,Shamela0001340,87,389,809,200,52
176,632,966,Shamela0001417,979,1209,1493,214,80
176,1120,1254,Shamela0004473,6225,81,264,99,68
176,1120,1254,Shamela0004473,10255,675,858,99,68
176,1022,1334,Shamela0004473,12014,722,1496,227,37
176,1120,1254,Shamela0008473,1758,1162,1345,99,68
176,1120,1254,Shamela0023591,2879,378,561,99,68
176,1120,1245,Sham19Y0023618,557,1377,1550,91,66
176,1120,1254,Shamela0023578,1116,1256,1440,99,67
176,1027,1334,Sham19Y0016826,787,797,1069,200,80
176,1120,1254,JK009270,1436,1216,1399,99,68
176,1120,1282,Rafed0001713Vols,749,461,694,104,54
176,1120,1288,Sham19Y0014404,412,1099,1604,100,22
176,1120,1254,Shamela0023628,1136,377,560,99,68
176,1120,1254,Meshkat0014420,1491,226,409,99,68
176,1120,1254,Shamela0023632,1164,959,1142,99,68
176,1120,1254,Shamela0000922,454,129,580,101,28
178,86,576,JK000162,927,820,1296,372,93
179,443,570,QuranAnalysis001,96,1184,1415,78,44
179,443,570,Tafsir04056,2357,677,950,78,37
179,443,570,Hindawi062413635,22,848,1079,78,44
179,443,570,JK009268,2477,564,796,78,43
179,443,570,Shia001432Vols,3457,34,266,78,43
179,433,570,Shamela0004445,153,20,687,84,16
179,443,570,Shamela0029743,447,1152,1383,78,44
179,443,570,Shia001625,72,358,622,78,38
179,443,570,Shamela0008473,2439,92,600,78,20
179,443,570,Shia003721Vols,52,626,858,78,43
179,443,570,Hindawi017506357,92,852,1083,78,44
179,443,570,Shamela0021821,826,286,517,78,44
181,299,720,QuranAnalysis001,60,286,804,153,30
181,299,720,Shamela0023591,2948,457,975,153,30
182,633,765,Meshkat0014420,2952,1358,1483,101,93
183,744,1293,JK007094,135,283,861,126,16
183,699,1319,Shamela0001340,93,754,1355,256,45
184,334,947,JK009362,2738,575,787,162,32
184,312,947,JK009362,2868,885,1094,168,32
184,334,916,Sham19Y0018100,1032,638,808,137,29
184,334,947,JK000082,285,982,1184,161,32
184,382,947,Zaydiyya0000062,494,0,154,126,27
184,334,486,JK010552,901,573,724,121,98
184,334,947,JK001420,346,217,418,162,32
184,334,947,Sham19Y0013550,230,44,245,162,32
184,334,947,JK009268,1816,118,319,162,32
184,334,947,Shamela0010273,785,1311,1512,162,32
184,334,947,Sham19Y0018567,1027,891,1092,161,32
184,334,947,Sham19Y0038093,226,1275,1476,162,32
184,334,947,Shamela0037458,1163,703,904,162,32
184,334,947,Shia001432Vols,1049,349,550,162,32
184,397,1025,Shia001432Vols,20432,0,289,156,27
184,334,947,Sham19Y0020891,1967,926,1127,162,32
184,334,947,JK009396,435,898,1099,162,32
184,334,947,Shamela0029743,284,28,229,162,32
184,334,947,Meshkat00042488,470,509,710,162,32
184,334,947,Rafed0003257Vols,2207,511,712,162,32
184,320,947,Shamela0010517,2598,824,1031,167,32
184,334,947,JK000373,57,961,1162,162,32
184,334,947,JK009266,3753,1264,1465,162,32
184,334,947,Zaydiyya0000075BK1,7,1056,1235,146,29
184,334,947,JK007018,205,822,1023,162,32
184,1281,1542,Shamela0001417,645,892,1171,197,87
184,334,947,Meshkat00057178,1376,825,1026,162,32
184,334,486,JK006478,3836,1122,1316,104,59
184,334,947,Shamela0000041,867,670,871,162,32
184,343,947,Rafed0003591Vols,310,623,811,150,30
184,327,947,Sham19Y0147312,673,60,268,163,32
184,334,947,Shamela0004473,5963,1370,1571,162,32
184,334,947,Shamela0004473,6225,1309,1510,162,32
184,334,947,Shamela0004473,10255,1202,1403,162,32
184,315,947,Shamela0007798,3809,765,977,168,32
184,334,947,JK000465,1167,970,1171,162,32
184,334,947,Shamela0008473,1817,683,884,162,32
184,334,941,ShamIbadiyya0000075,246,174,423,157,29
184,334,947,Shamela0023591,2983,1178,1379,162,32
184,334,947,Sham19Y0023618,584,247,448,162,32
184,334,947,JK000791,693,480,681,162,32
184,334,947,Shamela0023578,1144,444,644,162,32
184,334,947,Rafed0003943Vols,380,418,619,162,32
184,334,947,Shamela0011363,354,841,1042,162,32
184,315,947,JK000122,295,1069,1281,168,32
184,358,947,Sham19Y0023608,1204,0,177,143,29
184,351,947,JK009270,1495,0,184,149,30
184,334,947,Rafed0001713Vols,778,282,483,162,32
184,334,947,Meshkat00042485,2754,452,653,162,32
184,334,947,Sham19Y0014404,432,1081,1282,162,32
184,334,947,Shamela0023628,1188,853,1054,162,32
184,249,947,Meshkat0014420,1567,171,438,189,33
184,334,947,Tafsir07076,1537,733,934,162,32
184,320,947,Tafsir07076,3227,1195,1403,168,33
184,334,941,Tafsir02104,158,947,1327,174,28
184,334,486,JK006476,462,1398,1549,121,98
184,334,947,Shamela0021821,568,945,1146,162,32
184,334,947,Rafed0003799Vols,423,596,798,159,32
184,293,947,Hindawi019507951,1,1067,1324,173,32
184,334,947,Shamela0023632,1215,1228,1429,162,32
184,334,947,Shamela0000922,471,252,453,162,32
184,334,947,JK001496,634,137,338,162,32
185,170,346,Sham19Y0018100,1032,632,808,142,99
185,31,346,JK000082,285,730,1153,210,61
185,166,346,JK001420,346,207,387,145,99
185,31,346,Sham19Y0038093,226,952,1445,213,53
185,31,346,Shia001432Vols,1049,26,519,213,53
185,238,759,Shia001432Vols,20432,0,298,181,37
185,157,346,Shamela0010517,2598,810,1000,149,96
185,27,346,JK000373,57,634,1131,216,53
185,37,346,Zaydiyya0000075BK1,7,737,1204,193,48
185,31,346,Shamela0004473,6225,986,1479,213,53
185,31,346,Shamela0004473,10255,879,1372,213,53
185,170,346,Shamela0007798,3809,770,946,142,99
185,115,346,Shamela0008473,1817,310,853,174,39
185,170,346,JK000122,295,1074,1250,142,99
185,170,346,Meshkat0014420,1567,231,407,142,99
185,176,802,Rafed0003799Vols,423,596,1326,262,38
186,6,1087,Shamela0001340,94,617,1475,323,33
196,538,653,Sham19Y0145435,4924,132,246,90,99
196,538,653,Sham19Y0145435,4927,1352,1466,90,99
196,538,653,QuranAnalysis001,114,243,358,90,100
196,538,653,JK009268,2723,183,298,90,100
196,538,653,Shamela0010273,1415,1083,1198,90,100
196,538,653,Shamela0037458,2143,391,506,90,100
196,538,653,Shia001432Vols,19669,151,269,90,97
196,538,653,Sham19Y0020891,3190,860,975,90,100
196,538,653,Shamela0004445,77,636,751,90,100
196,538,653,Shamela0004445,95,464,579,90,100
196,538,653,JK009396,771,620,735,90,100
196,538,653,Shamela0029743,525,346,461,90,100
196,527,632,Meshkat00042488,875,1215,1447,82,45
196,538,653,Rafed0003257Vols,3120,949,1064,90,100
196,538,653,JK009266,5518,210,323,89,98
196,538,653,Hindawi049164181,33,573,688,90,100
196,340,653,Shamela0001340,104,290,620,244,92
196,538,653,JK007018,368,1413,1527,90,99
196,538,653,Hindawi018502737,89,1419,1534,90,100
196,538,653,JK006478,5440,880,994,90,99
196,538,653,Shamela0000041,1381,1107,1222,90,100
196,532,653,ShamAY0036821,1275,25,144,90,92
196,538,653,Shamela0007798,5587,329,836,64,15
196,538,653,JK000791,1235,1146,1261,90,100
196,538,653,Shamela0023578,1734,486,601,90,100
196,507,653,Shamela0023578,1735,214,391,98,63
196,538,653,Rafed0003943Vols,834,429,544,90,100
196,538,653,Sham19Y0023608,2142,367,482,90,100
196,538,653,JK009270,2589,282,395,89,98
196,538,653,Rafed0001713Vols,1301,771,886,90,100
196,538,653,Shamela0023628,2115,181,296,90,100
196,371,853,Meshkat0014420,1689,1159,1523,129,24
196,538,653,Meshkat0014420,2667,533,647,90,99
196,507,632,Meshkat0014420,2668,115,247,79,70
196,538,653,Shamela0021821,958,885,1000,90,100
196,538,653,Sham19Y0014592,87,621,736,90,100
196,538,653,JK001496,1128,786,900,90,99
198,214,683,Tafsir04056,2855,142,427,152,38
198,214,571,Shamela0029743,308,527,673,80,26
198,214,621,Sham19Y0147312,726,272,711,95,17
198,214,650,JK000791,746,545,1073,83,13
198,214,610,JK001496,670,283,871,116,20
201,368,658,JK009362,3033,781,1274,219,55
201,427,658,QuranAnalysis001,67,436,713,184,82
201,427,575,Zaydiyya0000062,538,647,795,119,100
201,1045,1257,Tafsir04056,3779,34,646,153,30
201,358,575,JK001420,371,669,949,165,73
201,427,658,JK009268,1964,1213,1490,184,82
201,479,658,Hindawi086930379,94,604,829,144,78
201,427,658,Shamela0010273,859,159,436,184,82
201,427,575,Shamela0006947,8587,30,178,119,100
201,427,658,Tafsir04038,186,987,1374,184,59
201,427,658,Shia001432Vols,21561,95,373,181,81
201,427,658,Sham19Y0020891,2097,141,418,184,82
201,427,658,JK000381,1909,290,567,184,82
201,427,575,JK000381,3297,80,229,119,99
201,427,658,JK009396,482,1263,1540,184,82
201,427,651,Shamela0029743,311,1314,1583,178,81
201,427,658,Rafed0003257Vols,2412,776,1053,184,82
201,427,575,JK009266,4059,248,396,119,100
201,1031,1609,Shamela0001340,107,1284,1572,190,38
201,427,575,Shamela0001340,139,139,288,119,99
201,427,658,JK007018,224,164,445,184,81
201,427,549,JK010001,1504,1483,1604,97,99
201,427,557,JK010001,3048,1337,1467,104,100
201,485,658,JK010001,3067,222,441,139,78
201,415,658,Masaha000554Vols,1632,1056,1343,181,76
201,427,658,JK006478,3945,475,756,180,79
201,427,658,Shamela0000041,920,1035,1312,184,82
201,427,575,ShamAY0036821,903,288,435,118,99
201,427,575,ShamAY0036821,904,0,147,118,99
201,431,658,Shamela0022712,123,961,1234,181,82
201,427,658,Shamela0004473,1391,96,373,184,82
201,427,575,Shamela0007798,4056,948,1096,119,100
201,427,658,Shamela0008473,1933,1257,1534,184,82
201,427,658,Shamela0008473,2621,945,1222,184,82
201,510,658,Shamela0008473,3047,1078,1272,119,75
201,1050,1609,Shamela0021715,3945,69,290,128,28
201,427,658,Shamela0023591,3152,18,295,184,82
201,415,658,Sham19Y0023618,633,89,380,186,79
201,427,575,JK000791,758,1462,1610,119,100
201,427,658,Tafsir07055,1569,1241,1518,184,82
201,427,557,Tafsir07055,3139,628,758,104,100
201,485,658,Tafsir07055,3157,198,417,139,78
201,368,658,Shamela0023578,1205,947,1422,219,57
201,427,595,JK009257,259,1382,1596,133,76
201,427,658,Tafsir06048,356,56,640,181,38
201,427,575,Tafsir06048,991,521,669,119,100
201,479,658,Shia002389Vols,865,1027,1452,141,40
201,427,575,JK000077,92,1271,1422,119,98
201,427,658,Rafed0003943Vols,430,495,772,184,82
201,427,575,Sham19Y0023608,1341,1398,1546,119,100
201,427,658,JK009270,1621,339,616,184,82
201,427,624,Rafed0001713Vols,836,1304,1546,156,79
201,427,575,Sham19Y0014404,466,1178,1326,119,100
201,415,537,Sham19Y0017581,159,63,191,93,92
201,427,658,Shamela0023628,1299,753,1030,184,82
201,485,658,Rafed0003726Vols,448,1178,1397,139,78
201,427,658,Meshkat0014420,1723,463,740,184,82
201,427,658,Tafsir07076,7269,497,774,184,82
201,431,658,JK006476,504,704,1172,135,33
201,415,537,JK001414,2521,152,280,93,92
201,427,658,Shamela0021821,616,600,877,184,82
201,427,575,Rafed0003799Vols,204,877,1025,119,100
201,421,575,Tafsir02094,1203,953,1107,120,97
201,427,658,JK000058,21,86,362,184,82
201,427,658,Shamela0023632,1316,994,1271,184,82
201,427,575,Shamela0000922,511,749,897,119,100
201,427,658,JK001496,680,1244,1526,180,79
201,427,575,Shamela0000894,732,752,900,119,100
201,427,658,Shia002356Vols,375,612,889,182,81
201,427,575,ShamAY0037387,227,1395,1543,119,100
201,485,658,ShamIbadiyya0000107,24,1107,1324,134,75
202,602,871,Shia001432Vols,18609,896,1541,205,39
202,585,1032,Shamela0001340,109,0,353,260,69
202,602,958,Shamela0029986,14,1149,1283,95,32
202,747,896,Sham19Y0020879,374,104,253,120,100
204,1217,1377,QuranAnalysis001,157,1386,1546,128,100
204,651,921,Zaydiyya0000062,1532,888,1091,125,54
204,1217,1377,JK009268,3498,1086,1246,128,100
204,1187,1377,Shamela0010273,2114,608,797,135,88
204,1217,1377,Shamela0006947,6532,688,848,128,100
204,1217,1377,Shamela0037458,2951,1454,1614,128,100
204,1187,1377,Shia001432Vols,540,900,1068,135,88
204,1187,1377,Shia001432Vols,18084,466,630,132,86
204,1195,1377,JK001110,50,1019,1204,144,97
204,1187,1377,JK009396,1053,272,457,138,90
204,1217,1377,Shamela0029743,736,381,541,128,100
204,1217,1377,JK009266,6940,699,859,128,100
204,1178,1377,Shamela0001340,109,1135,1363,143,78
204,1217,1377,JK007018,506,569,728,127,99
204,1187,1377,Tafsir07053,136,1271,1444,133,87
204,1206,1396,JK001137,56,594,776,141,93
204,1217,1371,Masaha000554Vols,3863,559,715,120,95
204,1217,1377,JK006478,6881,554,713,127,99
204,1217,1377,Shamela0000041,1829,630,790,128,100
204,1217,1377,ShamAY0036821,1510,832,990,126,98
204,1211,1377,Shamela0004473,6229,731,897,133,100
204,1211,1377,Shamela0004473,10256,788,954,133,100
204,1217,1377,Shamela0008473,3456,839,999,128,100
204,1187,1377,Shamela0023591,5207,1029,1218,135,88
204,1187,1377,Sham19Y0023618,1238,739,921,138,90
204,1217,1377,Shamela0023578,2234,621,781,128,100
204,1217,1377,Rafed0003943Vols,1161,859,1019,128,100
204,1239,1359,Rafed0003943Vols,1163,607,1096,95,24
204,1187,1377,Sham19Y0023608,2802,465,647,138,90
204,1217,1377,Shamela0010523,44,459,619,128,100
204,1228,1382,Shamela0012884,3743,0,153,120,97
204,1217,1377,Rafed0001713Vols,1794,254,414,128,100
204,1217,1377,Shamela0023628,2625,187,347,128,100
204,1217,1377,Meshkat0014420,3415,52,212,128,100
204,646,930,Meshkat0014420,3655,368,584,137,57
204,1187,1377,Shamela0021821,1316,1084,1252,135,88
204,1187,1377,Shamela0023632,2611,942,1131,135,88
204,1217,1377,Shia002356Vols,830,749,909,128,100
204,355,689,JK007140,4714,640,1111,86,18
205,1262,1509,QuranAnalysis001,157,1386,1586,129,60
205,1262,1509,JK009268,3498,1086,1286,129,60
205,1249,1509,Shamela0010273,2114,603,837,140,58
205,1262,1509,Shamela0006947,6532,688,888,129,60
205,1262,1407,Shamela0037458,2951,1454,1614,108,81
205,1254,1509,Shia001432Vols,540,900,1108,136,61
205,1254,1407,Shia001432Vols,18084,466,630,112,80
205,1262,1509,JK001110,50,1044,1244,129,60
205,1254,1407,JK009396,1053,272,457,115,75
205,1262,1509,Shamela0029743,736,381,581,129,60
205,1262,1509,JK009266,6940,699,899,126,59
205,1105,1407,Shamela0001340,109,892,1363,160,35
205,1262,1407,JK007018,506,569,728,107,81
205,1249,1509,Tafsir07053,136,1266,1483,137,59
205,1262,1407,JK001137,56,605,765,108,81
205,1262,1509,Masaha000554Vols,3863,559,762,123,57
205,1262,1509,JK006478,6881,554,752,124,58
205,1262,1407,Shamela0000041,1829,630,790,108,81
205,1262,1509,ShamAY0036821,1510,832,1029,123,58
205,1262,1509,Shamela0004473,6229,737,937,129,60
205,1262,1509,Shamela0004473,10256,794,994,129,60
205,1262,1407,Shamela0008473,3456,839,999,108,81
205,1249,1509,Shamela0023591,5207,1024,1258,140,58
205,1249,1509,Sham19Y0023618,1238,734,961,140,59
205,1262,1509,Shamela0023578,2234,621,821,129,60
205,1262,1509,Rafed0003943Vols,1161,859,1059,129,60
205,1249,1509,Sham19Y0023608,2802,460,687,140,59
205,1262,1509,Shamela0010523,44,459,659,129,60
205,1273,1407,Shamela0012884,3743,0,148,99,80
205,1262,1509,Rafed0001713Vols,1794,254,454,129,60
205,1262,1509,Shamela0023628,2625,187,387,129,60
205,1262,1509,Meshkat0014420,3415,52,252,129,60
205,1254,1407,Shamela0021821,1316,1084,1252,115,82
205,1249,1407,Shamela0023632,2611,937,1131,119,74
205,1262,1509,Shia002356Vols,830,749,948,127,59
213,747,1050,QuranAnalysis001,95,399,1028,128,23
213,747,1050,JK009268,2461,752,1381,128,23
213,747,1050,Shia001432Vols,2486,106,509,132,35
213,747,1050,Shamela0029743,441,755,1384,128,23
213,747,1050,ShamAY0036821,1163,444,1071,128,24
213,747,1050,Shamela0023591,3860,668,1297,128,23
214,1324,1490,Shamela0001340,112,719,914,127,78
214,1338,1440,Shamela0007798,4105,935,1333,80,25
214,1338,1445,Shia002374Vols,190,1067,1173,83,99
215,1365,1484,Tafsir04056,2352,1356,1475,94,100
215,1365,1484,Shia001625,67,1292,1411,94,100
217,53,402,JK009396,490,48,496,106,23
217,53,402,JK007018,227,767,1234,102,19
217,53,457,Shamela0023644,1085,670,935,95,23
217,53,402,JK000385,134,393,713,103,26
217,53,402,ShamAY0037387,228,578,788,93,26
218,1177,1349,JK006476,1107,143,607,80,23
219,1142,1252,Shamela0005756,15502,395,846,81,22
219,1148,1252,JK009396,490,139,583,74,21
219,1107,1310,Shamela0001340,113,752,982,130,66
219,1148,1252,JK007018,227,864,1327,74,20
219,1148,1380,JK006478,4056,191,461,121,53
219,1148,1252,JK000385,134,484,800,74,29
219,1148,1252,Zaydiyya0000476,525,540,899,75,26
219,1148,1252,Zaydiyya0000476,572,271,630,75,26
222,293,496,Sham19Y0145435,4933,815,1273,169,44
222,287,496,Sham19Y0145435,4948,261,467,161,92
222,293,496,Shia001432Vols,3456,717,1163,162,43
222,293,496,Shamela0004445,144,652,1124,168,42
222,287,496,Shamela0004445,160,226,440,159,89
222,268,591,Shamela0001340,114,680,1015,215,72
222,287,496,Shia003721Vols,69,818,1024,161,92
223,1282,1529,Tafsir10066,506,36,279,107,49
223,1172,1560,Shamela0001340,115,887,1305,273,80
223,1191,1491,JK010001,3486,1137,1543,203,59
223,1230,1434,Tafsir07055,896,94,393,137,58
223,1337,1529,Tafsir07055,3578,9,280,143,66
223,1287,1529,Shamela0003580,33,1055,1195,101,52
225,221,579,Sham19Y0145435,5005,908,1514,266,55
225,221,579,JK009268,2512,737,1347,262,54
225,331,579,Shamela0010273,1226,202,511,187,77
225,221,579,Shamela0029743,460,675,1285,266,55
225,331,579,Rafed0003257Vols,2914,349,658,187,77
225,221,527,JK009266,5038,949,1484,224,53
225,331,579,JK007018,320,749,1184,186,54
225,221,394,Hindawi084739682,115,1300,1571,128,59
225,331,574,Masaha000554Vols,2378,936,1239,179,74
225,221,372,Shamela0010283,2440,1168,1557,111,36
225,331,579,JK006478,5011,162,468,186,76
225,331,579,ShamAY0036821,1193,28,332,183,76
225,221,450,Shamela0004473,11616,529,949,173,52
225,221,579,Shamela0023591,3951,37,647,266,55
225,331,583,Shamela0023591,3955,520,833,189,76
225,23,290,Sham19Y0023618,857,293,688,97,23
225,221,450,Shamela0023578,1570,1059,1479,173,52
225,221,579,Rafed0003943Vols,671,483,1094,240,50
225,221,579,JK000122,24,323,933,262,54
225,331,579,JK000818,269,246,812,179,40
225,272,579,Sham19Y0023608,1915,543,1339,226,36
225,221,450,Rafed0001713Vols,1150,666,1086,173,52
225,272,450,Shamela0023628,1882,1283,1569,136,60
225,331,579,Meshkat0014420,2396,1060,1368,187,77
225,341,579,Sham19Y0026523,6058,0,290,168,71
225,221,583,Shia002356Vols,538,734,1340,264,55
226,943,1086,Sham19Y0145435,5004,1289,1452,111,81
226,0,134,Sham19Y0145435,5005,635,768,107,98
226,966,1253,Sham19Y0145435,5008,172,825,171,30
226,943,1253,JK009362,3139,954,1223,190,68
226,943,1369,QuranAnalysis001,70,42,500,247,54
226,943,1244,Zaydiyya0000062,558,501,754,182,69
226,0,127,Zaydiyya0000062,562,366,494,101,96
226,938,1253,Tafsir09068,420,864,1395,151,34
226,943,1369,JK001420,381,460,1008,186,37
226,943,1369,JK009268,2033,409,867,247,54
226,860,1253,Shamela0010273,883,1087,1468,217,59
226,0,134,Shamela0010273,884,404,538,107,99
226,0,134,Rafed0000040Vols,1079,1379,1513,107,99
226,0,134,Shia001432Vols,3882,1050,1184,107,99
226,943,1089,Sham19Y0020891,2149,173,340,113,82
226,943,1369,Shamela0004445,262,326,783,247,53
226,966,1253,Shamela0004445,265,637,1325,171,28
226,0,134,Shamela0004445,273,0,263,99,47
226,943,1253,JK009396,493,697,958,190,70
226,943,1369,Shamela0029743,323,713,1171,247,54
226,943,1339,Rafed0003257Vols,2456,1192,1620,224,51
226,0,134,Rafed0003257Vols,2457,371,505,107,99
226,943,1253,JK007018,230,5,271,190,69
226,0,134,JK007018,231,452,590,107,96
226,943,1253,Masaha000554Vols,1676,1187,1447,187,68
226,860,1295,Shia003749,240,346,749,226,58
226,0,134,JK006478,4084,1361,1495,107,97
226,943,1238,Shamela0004473,9087,1340,1585,177,68
226,0,134,Shamela0023591,3241,361,495,107,99
226,943,1123,Sham19Y0023618,653,1411,1611,140,85
226,0,134,Sham19Y0023618,654,599,733,107,99
226,0,134,JK000791,783,267,401,107,99
226,943,1369,Shamela0023578,1238,701,1162,245,53
226,943,1369,Rafed0003943Vols,444,16,474,247,54
226,943,1253,Sham19Y0023608,1390,347,608,190,70
226,0,134,Sham19Y0023608,1400,1231,1365,107,99
226,0,134,JK009270,1669,856,988,106,97
226,943,1369,Rafed0001713Vols,866,695,1153,247,54
226,860,1369,Shia003721Vols,174,228,813,269,48
226,966,1253,Shia003721Vols,177,750,1412,170,29
226,0,134,Sham19Y0014404,483,487,786,107,44
226,943,1253,Meshkat0014420,1772,559,820,190,70
226,0,134,Meshkat0014420,1779,821,954,107,98
226,943,1183,JK006476,518,290,523,164,76
226,0,134,JK006476,520,398,535,107,97
226,943,1369,Shamela0021821,633,140,598,247,54
226,943,1369,Hindawi039418519,76,767,1225,247,54
226,943,1253,Shamela0022371,177,758,1084,190,58
226,943,1253,Shamela0023632,1356,132,393,190,70
226,0,134,Shamela0023632,1360,630,764,107,99
226,943,1253,JK001496,702,240,504,190,69
226,943,1253,Shia002356Vols,387,1084,1344,188,69
226,0,134,Shia002356Vols,390,279,410,105,97
230,455,760,Sham19Y0145435,4956,1111,1405,240,96
230,669,1288,Sham19Y0145435,4958,611,1336,473,79
230,479,602,JK009362,3131,542,665,99,100
230,1027,1288,JK009362,6183,497,761,196,91
230,479,760,QuranAnalysis001,69,1277,1558,229,100
230,775,1036,QuranAnalysis001,165,1035,1296,214,100
230,1027,1288,QuranAnalysis001,173,578,843,194,90
230,479,794,Zaydiyya0000062,556,992,1299,244,92
230,479,602,Shamela0021765,1203,82,205,99,100
230,460,999,Tafsir04056,5783,175,1255,194,17
230,1058,1188,Tafsir04056,5915,1023,1451,107,30
230,775,1077,Shamela0005756,9747,282,593,229,90
230,473,602,JK001420,380,1036,1165,104,100
230,583,760,JK001420,381,61,291,106,57
230,479,760,JK009268,2021,690,971,229,100
230,775,1036,JK009268,3601,394,655,214,100
230,1027,1288,JK009268,3687,1101,1366,194,90
230,479,760,Hindawi013961474,95,493,774,229,100
230,455,809,Shamela0010273,882,359,784,274,79
230,764,1064,Shamela0010273,2223,579,882,227,86
230,1036,1288,Shamela0010273,2323,1158,1428,201,90
230,473,760,ShamAY0033108,659,491,1258,179,26
230,468,999,ShamAY0033108,1322,1137,1674,148,21
230,479,627,Shamela0037458,1316,386,544,108,85
230,775,1007,Shamela0037458,3087,595,826,187,98
230,1129,1288,Shamela0037458,3192,1156,1315,130,100
230,460,684,Shia001432Vols,3676,1323,1537,173,95
230,669,1288,Shia001432Vols,3678,456,1135,457,80
230,533,1210,Shia001432Vols,24832,0,869,301,32
230,775,1036,PV2024060602,878,909,1170,214,100
230,775,1097,Sham19Y0018103,2263,1113,1421,242,91
230,479,760,Sham19Y0020891,2144,1279,1559,229,99
230,1058,1192,Sham19Y0020891,4731,1474,1607,109,98
230,455,760,Shamela0004445,251,312,614,240,93
230,764,1288,Shamela0004445,253,82,627,428,96
230,479,1255,ShamAY0034282,3116,801,1107,228,36
230,479,669,JK009396,492,1312,1502,153,100
230,775,1018,JK009396,1104,1397,1639,199,99
230,1049,1288,JK009396,1145,642,900,195,92
230,479,760,Shamela0029743,321,789,1070,229,100
230,775,1036,Shamela0029743,770,734,995,214,100
230,1027,1288,Shamela0029743,801,785,1050,194,90
230,602,760,Meshkat00042488,530,957,1592,125,24
230,764,1036,Meshkat00042488,1260,508,1334,222,32
230,479,760,Rafed0003257Vols,2454,880,1161,229,100
230,775,1097,Rafed0003257Vols,4048,720,1120,243,73
230,1058,1288,Rafed0003257Vols,4163,146,376,186,99
230,775,953,Sham19Y0018176,1273,1314,1491,144,99
230,1058,1255,Zaydiyya0000206,41,147,344,159,99
230,479,627,JK009266,4149,208,368,109,85
230,775,1077,JK009266,7107,653,944,229,93
230,1058,1288,JK009266,7234,230,460,187,100
230,485,651,Tafsir04042,856,1153,1555,133,41
230,473,1013,Tafsir03097,629,878,1684,186,20
230,468,760,Rafed0000110,51,1174,1492,236,91
230,433,712,Shamela0001340,119,1281,1549,216,95
230,764,1288,Shamela0001340,120,3,531,422,96
230,479,760,JK007018,229,946,1239,229,95
230,775,1071,JK007018,532,971,1258,224,92
230,1058,1288,JK007018,556,211,442,187,99
230,1058,1188,JK010001,2645,976,1106,107,100
230,479,751,Masaha000554Vols,1673,898,1177,216,94
230,1171,1288,Masaha000554Vols,4225,0,116,93,99
230,479,737,Shia002333,40,1288,1544,209,99
230,468,661,Shia003749,153,1356,1548,153,98
230,468,610,JK000154,4666,1185,1327,108,95
230,854,1071,JK006478,7026,0,210,161,91
230,1058,1288,JK006478,7174,346,576,187,100
230,620,953,Shamela0000041,949,0,448,191,52
230,775,1036,Shamela0000041,1900,677,938,214,100
230,1027,1255,Shamela0000041,1956,463,695,167,88
230,602,760,Tafsir09083,473,241,1112,126,17
230,513,801,ShamAY0036821,916,0,281,204,87
230,468,760,Sham19Y0133357,632,1235,1375,103,43
230,775,1219,Sham19Y0018106,2386,952,1420,288,74
230,536,760,Sham19Y0147312,766,164,662,161,40
230,775,1067,Sham19Y0147312,1524,521,803,220,93
230,1058,1288,Sham19Y0147312,1563,353,583,187,100
230,479,602,Shamela0004473,4727,501,624,99,100
230,1058,1255,Shamela0004473,8329,1445,1642,159,99
230,775,1036,JK000110,878,909,1170,214,100
230,468,880,Shamela0007798,7123,1069,1185,95,28
230,498,760,Shamela0008473,1974,358,1325,194,23
230,775,1036,Shamela0008473,3558,438,699,214,100
230,1058,1288,Shamela0008473,3647,704,934,187,100
230,731,1292,Shamela0011150,21,190,419,114,23
230,775,972,Shamela0021715,5322,1325,1521,160,99
230,479,669,Shamela0023591,3197,1368,1557,153,99
230,775,1036,Shamela0023591,5358,1135,1396,213,99
230,775,1036,Shamela0023591,5368,707,968,213,99
230,1027,1288,Shamela0023591,5457,3,268,193,89
230,1027,1288,Shamela0023591,5474,741,1006,193,89
230,815,1036,Sham19Y0013605,2832,0,221,181,100
230,455,884,Sham19Y0023618,652,1087,1534,318,86
230,606,760,Sham19Y0023618,653,0,154,127,100
230,764,1149,Sham19Y0023618,1274,725,1090,274,83
230,1027,1288,Sham19Y0023618,1307,77,342,193,89
230,505,669,JK000791,780,0,164,132,100
230,775,1149,JK000791,1744,753,1170,261,73
230,1100,1288,JK000791,1794,0,188,153,100
230,485,801,Shia002380Vols,250,734,1434,229,39
230,775,1036,Shia002380Vols,574,1272,1636,214,71
230,1058,1188,Tafsir07055,2735,733,863,107,100
230,421,760,Shamela0023578,1236,847,1177,251,89
230,764,1219,Shamela0023578,2326,0,575,287,60
230,1082,1288,Shamela0023578,2393,0,206,167,99
230,545,760,Tafsir06048,365,64,779,176,30
230,775,1018,Tafsir06048,836,1090,1531,199,55
230,1058,1288,Tafsir02067,729,870,1510,187,35
230,479,801,Rafed0003943Vols,443,1261,1582,233,88
230,775,1036,Rafed0003943Vols,1202,173,434,213,99
230,1171,1288,Rafed0003943Vols,1235,0,117,94,100
230,1027,1288,JK000122,85,319,584,194,90
230,455,760,Sham19Y0023608,1387,20,328,244,97
230,1044,1288,Sham19Y0023608,3006,12,270,198,94
230,526,880,Zaydiyya0000019,15,0,368,154,38
230,775,911,Shamela0010523,88,1481,1616,110,99
230,1027,1288,Shamela0010523,120,466,731,194,90
230,775,1036,Shamela0012884,3846,1181,1442,213,99
230,1058,1288,Shamela0012884,3932,294,524,186,99
230,460,801,JK009270,1657,475,822,240,84
230,775,1036,JK009270,3543,495,756,214,100
230,1049,1288,JK009270,3695,34,292,195,92
230,1058,1288,Shia002382Vols,1392,936,1490,182,40
230,485,602,JK000484,5449,0,117,94,100
230,479,760,Rafed0001713Vols,863,473,754,229,100
230,775,1018,Rafed0001713Vols,1885,1310,1552,198,99
230,1058,1288,Rafed0001713Vols,1961,661,891,186,99
230,455,769,Shia003721Vols,163,189,509,245,90
230,869,1288,Shia003721Vols,165,0,425,342,98
230,602,760,Sham19Y0014404,480,603,1026,130,37
230,1058,1255,Sham19Y0014404,1120,372,916,160,36
230,602,801,Shamela0023628,1354,480,678,134,82
230,775,1036,Shamela0023628,2691,463,724,213,99
230,460,1036,Shamela0023628,2692,140,797,223,29
230,1027,1255,Shamela0023628,2743,1118,1350,166,88
230,473,788,Rafed0003726Vols,456,1073,1411,162,54
230,775,1036,Sham19Y0016584,2533,377,638,214,100
230,1058,1288,Tafsir02102,3205,286,734,187,51
230,468,842,Meshkat0014420,1768,399,750,256,80
230,873,1036,Meshkat0014420,3510,0,163,134,100
230,1027,1288,Meshkat0014420,3602,1077,1342,194,90
230,460,953,JK006476,517,210,960,345,54
230,468,847,JK006476,1250,373,579,80,27
230,1058,1225,JK006476,1306,1165,1335,136,98
230,479,809,Shamela0021821,632,505,844,257,93
230,769,1097,Shamela0021821,1370,487,833,248,87
230,1089,1288,Shamela0021821,1419,0,199,162,100
230,764,1149,Shia004012,165,159,394,176,55
230,460,1255,Sham19Y0014592,1613,411,1138,371,47
230,455,615,Shamela0023632,1353,1412,1581,121,88
230,615,769,Shamela0023632,1354,0,154,120,95
230,775,1036,Shamela0023632,2687,294,555,213,99
230,1129,1288,Shamela0023632,2756,1231,1390,129,99
230,1058,1255,Shamela0000922,967,1133,1378,160,80
230,479,788,JK001496,700,491,798,240,95
230,1058,1255,JK001496,1714,1367,1563,160,99
230,473,602,Shamela0000894,4408,1184,1313,104,100
230,479,809,Shia002356Vols,386,1161,1490,249,92
230,769,1036,Shia002356Vols,868,990,1257,216,98
230,1027,1288,Shia002356Vols,902,788,1051,192,89
230,473,760,Tafsir02091,840,134,895,179,26
230,455,602,Shamela0008381,5219,872,1008,110,92
230,1058,1255,Tafsir07057,3574,1371,1568,160,100
230,1064,1288,Shamela0012851,360,638,1235,179,37
230,1058,1292,Tafsir10098,1164,1375,1609,188,99
233,616,1516,Sham19Y0023608,1388,401,959,156,16
233,981,1498,Tafsir07057,1994,623,1082,106,16
236,760,1232,QuranAnalysis001,173,684,1268,85,11
236,1017,1487,Shamela0001340,164,1040,1505,168,33
236,760,1232,JK007018,556,283,869,85,11
236,760,1232,Shamela0023591,5457,109,694,84,11
236,760,1232,Shamela0010523,120,572,1156,85,11
237,866,997,Sham19Y0145435,57,388,519,107,100
237,872,997,JK009362,3173,129,254,102,100
237,1011,1126,JK009362,3954,922,1037,93,100
237,1011,1126,QuranAnalysis001,93,697,812,93,100
237,872,988,Zaydiyya0000062,565,58,174,94,100
237,1011,1117,Zaydiyya0000062,762,432,538,85,100
237,894,1126,Tafsir04056,7104,0,251,179,87
237,929,1126,Shamela0001403,37,403,528,96,60
237,1011,1149,Tafsir09068,559,753,1046,103,43
237,866,997,JK001420,383,306,437,107,100
237,872,1001,JK000100,52,262,391,105,100
237,872,997,Sham19Y0013550,256,421,546,102,100
237,872,997,JK009268,2042,359,484,102,100
237,872,1023,Sham19Y0020966,146,613,796,89,62
237,872,997,Shamela0010273,889,352,477,102,100
237,1001,1126,Shamela0010273,1157,18,146,100,96
237,872,997,Shamela0037458,1330,71,196,102,100
237,1011,1142,Shamela0037458,1759,1255,1378,94,89
237,1011,1126,Shia001432Vols,3456,1163,1278,93,100
237,872,1098,Shia001432Vols,20875,732,967,132,58
237,974,1126,Sham19Y0020891,2701,892,1048,100,77
237,872,997,JK009396,497,699,824,102,100
237,1011,1126,JK009396,628,1135,1250,93,100
237,872,1023,Shamela0029743,326,1105,1292,112,74
237,1011,1126,Shamela0029743,433,480,595,93,100
237,872,997,Meshkat00042488,537,209,334,102,100
237,1001,1126,Meshkat00042488,705,1174,1302,100,96
237,872,997,Rafed0003257Vols,2466,1138,1263,102,100
237,872,1126,JK000373,182,1006,1345,153,53
237,872,983,JK009266,4178,1406,1516,90,99
237,1011,1126,JK009266,4871,545,660,93,100
237,837,1126,Shamela0001340,123,876,1191,219,82
237,872,997,JK007018,232,421,546,102,100
237,1011,1126,JK007018,301,974,1089,93,100
237,1011,1219,Noorlib18399BK2,30,360,526,113,68
237,1011,1126,JK006478,4856,1116,1231,93,100
237,872,997,Shamela0000041,954,139,264,102,100
237,1011,1126,Shamela0000041,1204,223,338,93,100
237,872,1023,ShamAY0036821,931,544,728,110,74
237,1011,1126,ShamAY0036821,1152,456,570,92,99
237,872,997,Sham19Y0147312,770,1343,1468,102,100
237,872,997,Shamela0008473,1982,462,587,102,100
237,1011,1126,Shamela0008473,2404,91,206,93,100
237,872,1023,Shamela0023591,3241,1018,1205,112,74
237,1011,1126,Shamela0023591,3825,1355,1469,92,99
237,1011,1126,Shamela0023591,3830,606,720,92,99
237,872,997,Sham19Y0023618,658,1449,1574,102,100
237,866,997,Sham19Y0023618,659,375,507,103,96
237,872,997,JK000791,785,537,662,102,100
237,1011,1126,JK000791,1005,1137,1252,93,100
237,1011,1126,Shia002380Vols,341,585,878,93,39
237,872,997,Shamela0023578,1242,1344,1469,102,100
237,1011,1126,JK009257,375,589,703,92,99
237,872,1233,Tafsir06048,368,4,321,167,44
237,872,997,Rafed0003943Vols,445,1469,1594,102,100
237,872,997,Sham19Y0023608,1408,565,690,102,100
237,1001,1126,Sham19Y0023608,1409,1216,1340,100,99
237,1001,1126,Sham19Y0023608,1833,1291,1419,100,96
237,872,1023,JK009270,1675,1080,1267,112,74
237,1011,1126,JK009270,2159,457,572,93,100
237,872,997,Rafed0001713Vols,873,293,418,102,100
237,1011,1126,Rafed0001713Vols,1093,1196,1310,92,99
237,872,1098,Sham19Y0014404,485,486,824,146,52
237,1011,1126,Sham19Y0014404,628,197,312,93,100
237,872,997,Shamela0023628,1364,401,526,102,100
237,1001,1126,Shamela0023628,1801,1200,1345,100,84
237,842,997,Rafed0003726Vols,449,1039,1189,112,89
237,872,997,Meshkat0014420,1786,925,1050,102,100
237,1011,1126,Meshkat0014420,2287,1449,1563,93,99
237,872,997,Tafsir07076,3450,1429,1553,102,99
237,872,997,JK006476,521,1505,1629,102,99
237,1011,1117,JK006476,680,742,848,85,100
237,872,997,Rafed0003799Vols,192,733,858,102,100
237,1011,1126,Rafed0003799Vols,195,497,612,93,100
237,872,1098,Shamela0022371,178,99,346,133,56
237,997,1126,Shamela0023632,1736,1259,1408,101,84
237,872,997,Shamela0000922,527,220,345,102,100
237,974,1126,JK001496,923,408,567,101,78
237,964,1134,JK001098,13,585,1094,95,22
237,872,997,Shia002356Vols,392,613,738,102,100
237,964,1126,Shia002356Vols,510,164,316,100,74
237,861,997,Tafsir02091,846,239,704,105,27
239,994,1142,Sham19Y0145435,1137,1317,1462,108,87
239,990,1142,Sham19Y0145435,5069,1033,1190,123,96
239,1158,1307,Sham19Y0145435,5070,959,1108,121,100
239,990,1124,JK009362,3185,300,446,108,91
239,990,1142,QuranAnalysis001,71,409,566,123,96
239,1158,1307,QuranAnalysis001,159,1261,1410,121,100
239,979,1124,Shamela0036085,15,1396,1607,117,68
239,1158,1295,Shamela0000405,5,845,982,111,100
239,1136,1295,Tafsir04056,3035,0,167,117,86
239,990,1295,Tafsir04056,5695,1015,1331,118,43
239,990,1142,JK009268,2047,384,541,123,96
239,1158,1307,JK009268,3539,449,598,121,100
239,990,1124,Shamela0010273,891,1122,1261,108,96
239,1150,1295,Shamela0010273,2144,904,1070,118,87
239,984,1104,Shamela0006947,8824,375,500,97,96
239,1158,1307,Shamela0037458,2999,23,172,121,100
239,990,1142,Shia001432Vols,3955,632,789,123,96
239,1158,1307,Shia001432Vols,3960,1117,1266,121,100
239,990,1191,Sham19Y0020891,2176,714,871,114,69
239,990,1142,Shamela0004445,373,737,894,123,96
239,1158,1307,Shamela0004445,374,688,837,121,100
239,990,1251,JK009396,498,543,795,143,59
239,1158,1295,JK009396,1067,97,234,111,100
239,1158,1307,Shamela0029743,746,98,247,121,100
239,990,1110,Meshkat00042488,539,0,478,92,24
239,990,1124,Rafed0003257Vols,2467,1346,1486,108,95
239,1158,1307,Rafed0003257Vols,3971,320,470,121,99
239,1158,1285,JK009266,6983,1349,1475,103,99
239,990,1142,Shamela0021537,2292,62,219,123,96
239,1136,1295,Tafsir09084,1771,466,878,111,33
239,990,1124,ShamIbadiyya0000193,1255,427,761,100,37
239,990,1407,Shamela0001340,126,229,935,315,55
239,1158,1295,JK007018,513,1398,1535,111,100
239,1158,1307,Meshkat00057178,2749,286,774,121,30
239,984,1234,JK010001,1576,920,1117,129,61
239,984,1377,JK010001,1577,76,463,252,77
239,1080,1307,JK010001,1581,366,551,93,40
239,1158,1307,JK000362,1827,760,909,121,100
239,990,1191,Masaha000554Vols,1699,155,692,148,33
239,1150,1275,JK000447,585,1121,1269,98,80
239,1158,1307,Shamela0010283,2458,695,847,117,95
239,990,1104,Tafsir09083,479,608,1057,87,24
239,984,1104,Sham19Y0014579,1095,618,743,97,96
239,1158,1295,Shamela0008473,3485,678,815,111,100
239,1158,1307,Shamela0023591,5235,699,848,121,100
239,1158,1307,Shamela0023591,5253,753,902,121,100
239,990,1142,Hindawi095926405Vols,1301,645,802,123,96
239,990,1142,JK000791,787,443,600,123,96
239,990,1142,Shia002380Vols,255,287,602,123,48
239,984,1377,Tafsir07055,1642,1047,1434,252,77
239,1080,1307,Tafsir07055,1646,1336,1521,93,40
239,1136,1295,Shamela0011566,57,1351,1515,120,88
239,990,1142,Shamela0023578,1245,433,591,123,96
239,1150,1307,Shamela0023578,2266,1180,1351,128,91
239,1158,1307,Shamela0023578,2267,848,1003,121,96
239,990,1124,Tafsir06048,369,173,467,108,45
239,990,1142,Rafed0003943Vols,448,1209,1367,123,96
239,1158,1307,Rafed0003943Vols,1176,1040,1190,121,99
239,990,1124,Sham19Y0023608,1411,346,485,108,96
239,1158,1295,Sham19Y0023608,2828,1322,1459,111,100
239,1158,1281,Masaha004846,16,1436,1559,100,98
239,1158,1307,Shamela0010523,54,1153,1302,121,100
239,1158,1307,Shamela0012884,3770,141,290,121,100
239,990,1142,Shia002382Vols,676,973,1472,123,30
239,990,1142,Rafed0001713Vols,874,1311,1469,123,96
239,1158,1307,Rafed0001713Vols,1820,997,1147,121,99
239,990,1142,Shia003721Vols,284,450,608,123,96
239,1158,1307,Shia003721Vols,285,357,506,121,100
239,990,1191,Meshkat00042485,2905,898,1434,144,33
239,990,1104,Sham19Y0014404,487,40,266,92,50
239,990,1124,Shamela0023628,1368,1049,1188,108,96
239,984,1196,Shamela0023628,1370,244,676,85,20
239,1158,1307,Shamela0023628,2642,175,324,121,100
239,984,1104,Hindawi018385936,12,278,403,97,96
239,990,1191,ShamIbadiyya0000007,292,177,331,67,33
239,1158,1307,Tafsir02102,3125,891,1181,121,51
239,979,1124,Meshkat0014420,1794,1174,1324,117,96
239,1158,1307,Meshkat0014420,3443,1338,1487,121,100
239,979,1234,JK006476,523,994,1335,159,57
239,990,1110,Shamela0021821,637,1473,1597,97,95
239,1158,1295,Shamela0021821,1331,1307,1444,111,100
239,990,1142,Shamela0023632,1370,905,1062,123,96
239,1158,1295,Shamela0023632,2636,827,964,111,100
239,955,1158,Shamela0009086,70,95,619,125,28
239,990,1191,JK001496,712,1296,1486,130,78
239,1158,1307,Shia002356Vols,841,805,952,119,98
239,1158,1295,Tafsir02091,1515,26,453,111,32
243,799,1043,Shamela0001340,130,1004,1274,132,51
243,253,879,Shamela0001417,878,423,923,351,66
243,891,1176,Shamela0007798,7004,777,1062,126,48
244,1036,1349,Shamela0001417,879,185,476,205,80
245,1227,1513,JK009268,3148,850,1185,123,38
245,1227,1513,Shia001432Vols,3959,203,538,123,38
245,423,1087,Shamela0001417,879,966,1501,400,75
245,1087,1523,Shamela0001417,880,0,249,168,46
245,1227,1513,Shamela0023591,4804,1090,1425,123,38
245,1227,1513,Shamela0023591,4813,872,1207,123,38
245,1227,1513,Sham19Y0023618,1109,1243,1578,123,38
245,1227,1513,Shamela0023578,2019,724,1059,123,38
245,1227,1513,Rafed0003943Vols,1059,30,365,123,38
245,1206,1366,Meshkat0014420,3082,722,947,90,42
246,0,176,Shamela0001417,880,249,429,141,96
247,676,1127,JK000162,991,631,880,176,48
248,979,1208,Tafsir07057,2553,224,563,97,28
254,1191,1538,Shamela0001417,1066,0,221,170,60
255,71,409,Shamela0001417,1066,233,423,143,52
255,799,1027,Shamela0001417,1066,704,932,183,100
256,781,1127,Shamela0001340,144,300,665,235,71
257,1239,1487,Shamela0001340,144,1146,1411,156,66
259,982,1139,QuranAnalysis001,86,302,459,128,100
259,982,1132,Zaydiyya0000062,705,939,1092,122,98
259,982,1255,Tafsir09068,519,712,1292,141,27
259,982,1139,JK001420,421,1106,1354,109,54
259,982,1139,JK009268,2325,643,801,128,99
259,982,1139,Shamela0010273,1074,75,233,128,99
259,963,1132,Zaydiyya0000037Vols,1947,1519,1708,131,81
259,982,1139,Shamela0037458,1629,648,805,128,100
259,982,1114,Shia001432Vols,6891,1467,1599,108,98
259,982,1139,Sham19Y0020891,2553,304,462,128,99
259,968,1109,Sham19Y0020891,2579,1343,1477,109,93
259,982,1139,Shamela0004445,2062,229,386,128,100
259,982,1139,JK009396,592,816,974,128,99
259,982,1139,Shamela0029743,401,418,575,128,100
259,982,1283,Meshkat00042488,658,382,984,144,29
259,982,1139,Rafed0003257Vols,2724,90,248,128,99
259,998,1499,JK009266,4660,0,425,160,33
259,968,1139,JK009313,2298,1193,1375,135,90
259,982,1499,Meshkat00057178,1800,1198,1325,104,24
259,963,1139,JK010001,3293,776,945,137,94
259,982,1139,Rafed0000167,131,502,659,128,100
259,982,1139,JK006478,4598,2,163,128,97
259,982,1139,Shamela0000041,1142,1359,1516,128,100
259,963,1144,Zaydiyya0000093,11,835,1008,138,92
259,982,1139,Sham19Y0147312,881,271,729,128,34
259,982,1139,Shamela0007798,4714,707,920,105,61
259,935,1144,Shamela0008473,2304,831,1018,138,81
259,982,1139,Shamela0023591,3650,521,679,128,99
259,982,1139,Shamela0023591,3668,1474,1632,128,99
259,982,1139,Sham19Y0023618,777,403,561,128,99
259,982,1499,JK000791,947,58,496,162,28
259,963,1139,Tafsir07055,3382,34,203,137,94
259,982,1139,Shamela0023578,1445,1322,1480,128,99
259,982,1114,Rafed0003943Vols,570,1480,1612,108,98
259,1082,1537,JK000162,647,916,1041,98,26
259,935,1139,Sham19Y0023608,1714,1056,1257,142,84
259,982,1114,JK009270,2041,1489,1621,108,98
259,982,1139,Rafed0001713Vols,1034,1240,1398,128,99
259,982,1193,Shamela0009065,170,335,652,166,64
259,982,1114,Shamela0023628,1682,1495,1627,108,98
259,982,1139,Tafsir02102,2184,261,419,128,99
259,993,1139,Meshkat0014420,2158,0,146,119,100
259,1013,1499,JK006476,632,825,1151,135,26
259,935,1139,Rafed0003799Vols,161,934,1114,139,82
259,982,1255,Rafed0003799Vols,184,1305,1578,214,94
259,982,1139,Sham19Y0014592,2498,541,758,128,72
259,982,1139,Shamela0023632,1640,613,771,128,99
259,1007,1139,JK001496,865,7,140,108,99
259,982,1139,Shia002356Vols,476,552,709,127,98
259,982,1139,Sham19Y0009800,1068,1047,1205,128,99
259,963,1255,ShamIbadiyya0000237,132,495,717,175,73
260,624,920,QuranAnalysis001,86,957,1224,172,72
260,624,920,JK009268,2332,971,1238,172,72
260,624,920,Shamela0037458,1635,577,844,172,72
260,624,920,Shia001432Vols,6892,523,790,172,72
260,624,920,Sham19Y0020891,2557,704,971,172,72
260,624,920,Shamela0029743,403,445,712,172,72
260,624,920,Meshkat00042488,660,347,824,183,44
260,624,920,JK009266,4663,775,1042,172,72
260,624,920,JK007018,284,427,697,173,72
260,624,920,JK006478,4605,673,942,172,71
260,619,920,JK000367,120,321,593,176,72
260,624,920,ShamAY0036821,1104,1197,1457,166,69
260,636,920,Shamela0008473,2308,1014,1306,167,62
260,624,920,Shamela0023591,3675,957,1224,172,72
260,714,920,Shamela0023591,3679,681,916,133,68
260,624,920,Sham19Y0023618,779,108,375,172,72
260,624,920,Shamela0023578,1451,745,1012,172,72
260,624,920,Tafsir06048,455,164,548,177,53
260,624,920,Rafed0003943Vols,572,1328,1595,172,72
260,619,920,Meshkat0014420,2164,60,338,176,71
260,624,920,Sham19Y0014592,2499,787,1054,172,72
260,624,881,Shamela0023632,1645,1261,1488,139,67
260,714,1001,Shamela0009086,82,792,1246,97,22
260,624,920,JK001496,867,108,377,172,71
260,624,920,Sham19Y0009800,1087,38,305,172,72
260,624,920,ShamIbadiyya0000237,132,618,880,167,70
267,1188,1471,JK000162,151,433,704,189,75
269,801,1189,Shamela0001340,152,370,909,201,38
271,1037,1306,Zaydiyya0000062,758,1070,1422,156,50
271,1037,1217,JK001420,438,884,1350,137,37
271,1037,1217,JK009268,2431,1022,1304,133,60
271,1037,1217,Shia001432Vols,2485,357,639,133,60
271,1037,1194,JK000381,89,862,1054,115,77
271,1054,1217,JK009396,626,0,265,121,58
271,1037,1217,Shamela0029743,431,517,799,133,60
271,1037,1217,Rafed0003257Vols,2815,210,492,133,60
271,1037,1194,Shamela0011353,240,829,1021,115,77
271,1037,1459,JK009266,4866,529,1069,203,41
271,1037,1194,Shamela0008983,7,649,853,115,72
271,919,1403,Shamela0001340,154,817,1321,270,62
271,1037,1217,ShamAY0036821,1151,1180,1455,126,58
271,1037,1217,Shamela0023591,3820,36,318,133,60
271,1013,1217,Shia002380Vols,340,714,1205,138,34
271,1037,1217,Shamela0023578,1517,462,744,133,60
271,1037,1217,Rafed0003943Vols,630,200,482,133,60
271,1037,1453,Shamela0023628,1797,372,964,167,29
271,938,1217,JK006476,678,570,1128,139,27
271,1037,1203,Shamela0000922,613,1227,1442,122,72
271,1037,1194,Shamela0007663,71,274,466,115,77
272,729,1047,JK009362,5089,324,525,157,60
272,723,1043,Shamela0007663,67,1409,1612,162,62
273,843,991,QuranAnalysis001,92,34,574,106,24
273,811,1000,Tafsir04056,4312,1362,1530,101,61
273,843,991,JK009268,2420,359,899,106,24
273,843,1381,Shamela0001417,991,548,1142,163,24
273,843,991,ShamAY0036821,1133,839,1380,106,24
273,843,991,Shamela0023591,3775,147,687,106,24
273,843,991,Sham19Y0023608,1813,354,894,106,24
275,1200,1373,Shamela0008378,103,1006,1175,105,71
276,6,534,Shamela0001340,256,654,1334,157,25
276,681,1053,JK000162,1072,46,404,207,62
277,0,383,Shamela0001417,1069,727,1110,296,95
278,596,808,JK009362,7605,1106,1332,174,92
278,660,808,QuranAnalysis001,217,0,148,121,100
278,583,808,JK009158,5,281,510,187,98
278,596,808,Tafsir04056,2087,944,1102,120,69
278,596,808,JK009268,4151,237,450,176,99
278,583,808,Shamela0010273,2969,247,494,187,91
278,440,808,Shamela0006947,14176,427,795,292,95
278,596,808,Shamela0037458,3974,1473,1686,176,99
278,588,808,Shia001432Vols,4710,1021,1245,183,98
278,596,808,Sham19Y0020891,5818,1306,1519,176,99
278,596,808,JK000381,5085,717,930,176,99
278,588,785,JK009396,1441,1349,1567,164,89
278,601,808,Shamela0029743,1002,0,208,172,99
278,583,808,Meshkat00042488,1588,236,802,187,39
278,588,808,Rafed0003257Vols,4767,1274,1495,178,97
278,596,808,JK000373,98,388,601,176,99
278,596,808,JK009266,8162,1287,1500,176,99
278,596,900,Shamela0001340,286,396,836,217,56
278,588,808,JK007018,716,165,391,175,93
278,596,808,Shamela0008206,39,416,629,176,99
278,601,800,Zaydiyya0000295Vols,589,315,516,165,98
278,633,808,JK000368,379,0,176,145,99
278,596,808,JK000367,11,320,533,176,99
278,596,808,Sham19Y0147312,1807,1229,1442,176,99
278,440,808,Shamela0004473,11261,46,322,217,72
278,588,808,ShamAY0034059,6331,499,724,179,96
278,596,808,Shamela0008473,4317,827,1040,176,99
278,596,808,Shamela0023591,6162,921,1134,176,99
278,596,808,Shamela0023591,6164,336,549,176,99
278,596,808,Sham19Y0023618,1565,445,658,176,99
278,596,808,JK000791,2113,391,604,176,99
278,596,808,Shamela0023578,2839,72,285,176,99
278,596,808,Shamela0023578,2841,606,865,176,81
278,440,808,JK000365,1195,1058,1434,294,93
278,588,808,JK009270,4739,1181,1423,183,90
278,583,808,Shamela0037325,1328,453,682,187,98
278,596,808,Shamela0037325,1424,290,503,176,99
278,588,808,Rafed0001713Vols,2424,490,711,178,95
278,588,808,Sham19Y0014404,1374,605,974,180,58
278,596,808,Shamela0023628,3119,1231,1444,176,99
278,596,808,Meshkat0014420,4185,431,644,176,99
278,588,808,Shamela0021821,1692,1117,1344,183,96
278,596,808,Shamela0023632,3214,1208,1421,176,99
278,596,808,JK001496,2156,0,216,174,97
278,514,808,JK000101,135,608,961,203,70
280,0,213,JK009362,7605,1106,1332,172,92
280,0,213,JK009158,5,297,510,174,99
280,0,213,JK009268,4151,237,450,174,99
280,0,213,Shamela0010273,2969,281,494,174,99
280,0,213,Shamela0006947,14176,582,795,174,99
280,0,213,Shamela0037458,3974,1473,1686,174,99
280,0,213,Shia001432Vols,4710,1032,1245,174,99
280,0,213,Sham19Y0020891,5818,1306,1519,174,99
280,0,213,JK000381,5085,717,930,174,99
280,0,190,JK009396,1441,1378,1567,155,98
280,5,213,Shamela0029743,1002,0,208,170,99
280,0,213,Meshkat00042488,1588,253,802,174,38
280,0,213,Rafed0003257Vols,4767,1282,1495,174,99
280,0,213,JK000373,98,388,601,174,99
280,0,213,JK009266,8162,1287,1500,174,99
280,0,213,Shamela0001340,286,396,609,174,99
280,0,213,JK007018,716,173,391,171,95
280,0,213,Shamela0008206,39,416,629,174,99
280,5,205,Zaydiyya0000295Vols,589,315,516,163,98
280,0,213,JK006478,8173,968,1183,172,96
280,37,213,JK000368,379,0,176,143,98
280,0,213,JK000367,11,320,533,174,99
280,0,213,Sham19Y0147312,1807,1229,1442,174,99
280,0,213,ShamAY0034059,6331,507,724,172,96
280,0,213,Shamela0008473,4317,827,1040,174,99
280,0,213,Shamela0023591,6162,921,1134,174,99
280,0,213,Shamela0023591,6164,336,549,174,99
280,0,213,Sham19Y0023618,1565,445,658,174,99
280,0,213,JK000791,2113,391,604,174,99
280,0,213,Shamela0023578,2839,72,285,174,99
280,0,213,Shamela0023578,2841,606,865,174,81
280,0,213,JK000365,1195,1221,1434,174,99
280,0,213,JK009270,4739,1210,1423,174,99
280,0,213,Shia002382Vols,2220,1160,1372,170,95
280,0,213,Shamela0037325,1328,469,682,174,99
280,0,213,Shamela0037325,1424,290,503,174,99
280,0,213,Rafed0001713Vols,2424,498,711,174,99
280,1340,1602,Shamela0009065,180,495,1048,123,27
280,0,213,Sham19Y0014404,1374,611,974,174,58
280,0,213,Shamela0023628,3119,1231,1444,174,99
280,0,213,Meshkat0014420,4185,431,644,174,99
280,0,213,Shamela0021821,1692,1131,1344,174,99
280,0,213,Shamela0023632,3214,1208,1421,174,99
280,0,213,JK001496,2156,0,216,172,96
280,0,213,JK000101,135,748,961,174,99
281,1019,1383,Shia001432Vols,2502,1305,1465,114,40
281,999,1189,Shamela0001417,992,14,214,135,84
281,1019,1383,Shamela0021821,1378,1231,1392,114,40
282,398,559,QuranAnalysis001,166,1001,1162,129,100
282,398,559,Zaydiyya0000062,1436,166,327,129,100
282,398,559,JK009268,3611,92,253,129,100
282,398,559,Shamela0010273,2235,984,1145,129,100
282,1148,1332,Tafsir04038,585,19,217,77,49
282,398,559,Shamela0037458,3099,61,222,129,100
282,398,623,Shia001432Vols,2502,1052,1465,157,47
282,398,559,Sham19Y0020891,4584,313,474,129,100
282,398,559,JK009396,1107,1228,1389,129,100
282,398,559,Shamela0029743,774,930,1091,129,100
282,398,559,Rafed0003257Vols,4063,724,885,129,100
282,398,559,JK009266,7119,1154,1315,129,100
282,398,559,JK007018,534,693,855,129,99
282,398,591,Meshkat00057178,2808,745,1332,138,28
282,774,977,JK010001,1188,577,866,113,49
282,398,559,JK006478,7039,1064,1226,129,99
282,398,559,Shamela0000041,1904,1008,1169,129,100
282,398,559,ShamAY0036821,1544,386,546,125,97
282,398,559,Sham19Y0147312,1528,1059,1220,129,100
282,812,977,Shamela0008473,2719,241,394,118,89
282,398,559,Shamela0023591,5359,1079,1240,129,100
282,398,559,Shamela0023591,5380,720,881,129,100
282,398,559,Sham19Y0023618,1277,1330,1491,129,100
282,398,559,JK000791,1747,1278,1439,129,100
282,398,559,Shamela0023578,2330,902,1063,129,100
282,398,559,Sham19Y0023608,2915,180,341,129,100
282,398,559,Shamela0010523,91,1237,1398,129,100
282,398,559,JK009270,3563,804,965,129,100
282,398,559,Rafed0001713Vols,1893,668,829,129,100
282,398,559,Shamela0023628,2696,165,326,129,100
282,904,1268,Shamela0023628,3066,34,455,96,22
282,391,559,Tafsir02102,3165,186,649,131,35
282,398,559,Meshkat0014420,3520,780,941,129,100
282,398,559,Shamela0021821,1374,477,638,129,100
282,398,559,ShamAY0036018,440,382,734,81,24
282,398,559,Shamela0023632,2694,67,228,129,100
282,398,559,JK001496,1649,1069,1231,129,99
284,683,1073,Shamela0007798,4978,268,678,136,28
284,1346,1496,Shamela0007798,5761,138,290,112,92
284,1346,1475,JK000791,1296,1220,1349,105,100
284,1346,1475,Shamela0021821,1002,896,1025,105,100
284,504,831,Shamela0023632,1772,240,706,163,38
286,1021,1221,Sham19Y0145435,984,1145,1378,120,56
286,1021,1215,Shamela0009783BK1,134,1247,1473,115,55
286,1044,1221,Shamela0001402,70,835,1008,131,91
286,1033,1221,JK010491,35,1177,1403,119,66
286,1038,1231,Shamela0004473,12896,520,868,116,42
288,7,357,JK009362,4133,356,713,119,34
288,7,366,Shamela0001340,170,940,1129,126,43
289,912,1294,Shamela0001340,160,478,754,130,32
289,21,389,Shamela0001417,993,1115,1352,193,64
290,962,1408,Shamela0001340,162,55,463,206,46
290,108,270,Shamela0001417,994,69,223,121,88
290,1023,1563,Shamela0001417,994,223,637,168,29
291,15,478,Shamela0001417,994,658,1013,265,71
291,6,220,Shamela0001417,1133,1055,1240,130,76
291,6,220,JK001295,382,290,480,130,77
291,6,220,Sham19Y0150960,1246,309,531,141,73
291,6,220,JK000162,777,533,712,136,78
293,500,613,MMS00013,2605,742,854,88,99
293,436,1112,Shamela0001340,163,806,1467,327,50
293,0,430,Shamela0001417,995,348,769,321,94
293,200,404,JK000162,970,5,188,127,75
293,533,1058,Shamela0003580,48,778,1036,159,37
294,1421,1557,Tafsir10066,1117,309,793,110,26
294,1421,1557,QuranAnalysis001,149,871,1007,114,100
294,1421,1557,Tafsir04056,5479,1137,1688,114,24
294,853,1058,Tafsir04056,6424,1254,1599,40,9
294,1421,1557,JK001420,606,276,410,80,55
294,1421,1557,JK009268,3354,1408,1544,114,100
294,1421,1557,Shamela0037458,2790,866,1002,114,100
294,1412,1557,Shia001432Vols,3960,40,189,121,96
294,1412,1557,Shia001432Vols,22873,344,490,122,99
294,1412,1557,JK009396,994,1423,1589,122,87
294,1421,1557,Shamela0029743,696,494,630,113,99
294,1421,1557,Rafed0003257Vols,3771,113,250,114,99
294,1421,1557,JK009266,6704,1173,1309,114,100
294,829,1153,Shamela0001340,166,353,668,235,86
294,1071,1512,Shamela0001340,167,128,658,165,29
294,82,628,JK010001,576,1274,1418,89,20
294,82,620,JK010001,2754,1277,1473,110,22
294,1421,1638,Shamela0008473,3292,1313,1583,125,44
294,1421,1557,Shamela0023591,5037,269,406,114,99
294,1421,1557,Shamela0023591,5060,156,293,114,99
294,1421,1557,Sham19Y0023618,1188,1026,1163,114,99
294,1421,1638,JK000791,1620,1133,1325,133,63
294,1421,1557,Shia002380Vols,523,586,730,113,93
294,380,620,Tafsir07055,864,149,673,99,19
294,82,620,Tafsir07055,2844,1365,1558,111,22
294,1421,1557,Tafsir06048,760,1205,1431,113,59
294,1421,1557,Rafed0003943Vols,1121,641,778,114,99
294,1412,1569,JK000818,411,1111,1460,124,42
294,1421,1557,Shamela0012884,3580,375,768,114,34
294,1412,1557,JK009270,3259,413,579,122,87
294,1421,1557,Tafsir02102,2967,955,1303,114,39
294,1421,1557,Meshkat0014420,3281,956,1092,114,100
294,1421,1557,JK006476,1111,642,1149,59,12
294,1421,1557,Shamela0012027,441,80,221,113,95
294,1399,1557,Shamela0023632,2510,995,1172,130,88
294,853,1058,Tafsir02091,1835,250,370,40,17
294,1421,1569,Shamela0030868,68,696,881,120,77
295,128,824,Shamela0001417,995,895,1486,442,74
296,622,1178,Shamela0001403,31,570,899,116,20
296,622,797,Tafsir09068,893,585,835,123,60
296,627,874,Shamela0001340,168,0,250,170,78
296,622,797,Shamela0037325,2881,290,459,128,91
297,0,282,Shamela0001417,996,408,709,211,85
298,1348,1564,Shamela0001340,172,585,833,150,68
301,1079,1452,Shamela0006947,12412,46,296,114,28
301,999,1452,Kraken220413202320,5,1077,1480,188,50
301,999,1428,Shamela0001340,175,752,1083,132,27
301,1326,1586,Shamela0001340,243,430,766,187,67
301,1079,1358,Shamela0001340,245,907,1240,158,49
301,1337,1554,JK010001,3145,82,683,162,33
301,1079,1458,JK010001,3276,0,278,164,47
301,1100,1554,Shamela0004473,8097,907,1500,220,38
301,1021,1428,Shamela0004473,8098,137,728,235,47
301,1079,1554,Shamela0000432,3845,825,1354,174,28
301,1122,1554,Tafsir07055,3234,0,407,126,31
301,1079,1458,Tafsir07055,3364,5,280,163,46
301,1079,1452,Sham19Y0014592,1482,91,351,159,45
302,1204,1333,JK009362,5419,246,375,105,100
302,298,653,QuranAnalysis001,107,497,819,232,77
302,1204,1444,QuranAnalysis001,146,424,649,183,93
302,1204,1444,JK000330,1062,1146,1378,183,91
302,1204,1444,JK000375,109,191,416,183,93
302,1193,1333,Tafsir04056,5429,913,1437,112,26
302,1204,1333,Tafsir09068,802,1431,1560,105,100
302,292,659,JK001420,479,430,761,232,74
302,1309,1428,JK001420,599,539,726,84,57
302,298,653,JK009268,2625,964,1286,232,77
302,1204,1444,JK009268,3313,1396,1621,183,93
302,1166,1423,Shamela0010273,1932,657,892,177,84
302,1204,1348,Shamela0006947,2137,1226,1387,116,89
302,431,653,Shamela0037458,2012,737,962,153,79
302,1204,1444,Shamela0037458,2741,1416,1640,183,93
302,342,653,Shia001432Vols,2487,0,278,196,74
302,1204,1333,Shia001432Vols,2497,757,887,105,99
302,1204,1423,Shia001432Vols,3192,738,942,166,93
302,1208,1333,Shia001432Vols,8021,0,125,102,100
302,1204,1341,Shia001432Vols,10440,1226,1368,110,95
302,1198,1423,Shia001432Vols,24158,770,983,171,93
302,1204,1333,Sham19Y0020891,4019,943,1072,105,100
302,1204,1444,JK009396,980,335,560,183,93
302,439,653,Shamela0029743,493,0,217,146,79
302,1204,1444,Shamela0029743,682,28,253,183,93
302,1204,1371,Shamela0029743,683,226,520,125,52
302,573,747,Meshkat00042488,818,21,294,98,41
302,1166,1413,Meshkat00042488,1130,1394,1611,172,85
302,431,653,Rafed0003257Vols,3022,640,1199,153,34
302,1204,1444,Rafed0003257Vols,3730,1247,1472,183,93
302,1198,1444,JK000373,26,818,1049,188,93
302,1193,1444,JK000373,170,973,1210,187,89
302,1198,1333,JK000373,292,1481,1616,110,100
302,1204,1444,JK009266,6617,167,392,183,93
302,298,534,Tafsir03097,854,341,1128,159,25
302,298,653,JK007018,349,94,623,226,48
302,1204,1444,JK007018,470,706,931,183,93
302,1204,1333,Masaha000221,41,391,520,105,100
302,1204,1333,Masaha000221,42,597,726,105,100
302,376,653,Hindawi096279749,148,0,262,183,77
302,449,659,Masaha000554Vols,2563,0,560,142,32
302,1198,1333,Shia001626Vols,462,592,732,110,96
302,1249,1444,JK006478,6503,0,181,147,91
302,1204,1428,Shamela0000041,1716,929,1138,167,91
302,298,659,ShamAY0036821,1230,1236,1563,234,76
302,1204,1444,ShamAY0036821,1452,1350,1571,179,92
302,431,653,Sham19Y0147312,1067,875,1100,153,79
302,1204,1333,Sham19Y0147312,1403,1190,1319,105,100
302,1193,1338,Shamela0026047,24,231,384,118,94
302,1193,1309,JK000942,33,585,701,95,100
302,504,659,Shamela0007798,5334,972,1437,112,29
302,1193,1338,Shamela0007798,6643,1408,1553,118,100
302,1204,1444,Kraken220413194022,3074,1141,1367,171,88
302,1204,1444,Shamela0008473,3254,212,437,183,93
302,1204,1444,Shamela0023591,5003,7,232,183,93
302,1204,1438,Shamela0023591,5005,1105,1316,166,87
302,1166,1444,Sham19Y0023618,1169,217,466,197,87
302,1204,1423,JK000791,1598,165,369,166,93
302,1204,1423,Shia002380Vols,516,550,1008,168,45
302,1204,1444,Shamela0023578,2113,839,1064,183,93
302,298,653,Sham19Y0014114,99,403,725,232,77
302,1204,1428,Rafed0003943Vols,1105,251,460,167,91
302,1204,1338,Shamela0012884,3540,448,582,107,98
302,1204,1333,JK009270,3204,1373,1502,105,100
302,1204,1423,Shia002382Vols,1231,312,827,168,40
302,431,653,Rafed0001713Vols,1234,518,814,153,65
302,1176,1423,Rafed0001713Vols,1668,388,619,173,86
302,1204,1371,Meshkat00042485,4569,816,1300,126,32
302,1204,1333,Shamela0009065,270,544,673,105,100
302,1198,1333,Sham19Y0014404,956,1389,1551,110,83
302,413,653,Shamela0023628,1999,826,1080,157,73
302,1204,1444,Shamela0023628,2515,1264,1489,183,93
302,1193,1407,Meshkat0014420,3241,1421,1619,162,92
302,421,653,JK006476,797,379,756,127,37
302,1204,1391,JK006476,1086,1312,1493,139,89
302,1193,1423,JK006476,1087,317,790,169,44
302,1204,1438,Shamela0021821,1230,1399,1617,178,93
302,1193,1333,Tafsir02094,2564,1031,1540,70,15
302,1204,1333,Shamela0023632,2484,411,540,105,100
302,376,653,Shamela0000922,675,937,1370,153,44
302,1271,1452,JK001496,1439,0,582,120,24
302,1204,1423,Shia002356Vols,773,228,431,165,92
304,641,894,ShamAY0033108,931,1283,1461,79,35
304,630,894,JK009257,433,1152,1540,83,21
304,600,894,Shamela0023628,2010,136,691,100,19
304,641,894,Tafsir02091,1128,931,1109,79,35
310,990,1249,QuranAnalysis001,107,1126,1318,155,74
310,976,1249,Zaydiyya0000062,882,194,406,160,71
310,976,1249,JK009268,2631,513,719,158,72
310,990,1249,JK001110,41,1080,1272,155,74
310,976,1249,JK009396,728,787,1449,169,31
310,976,1249,Shamela0029743,494,1191,1402,160,71
310,990,1249,JK009266,5319,244,436,155,74
310,976,1282,JK007018,350,207,452,168,67
310,976,1249,Tafsir07053,39,1219,1427,149,67
310,995,1249,Shia004695Vols,562,30,217,151,73
310,976,1249,Shamela0023591,4121,783,994,160,71
310,990,1249,Shamela0023591,4124,661,853,155,74
310,976,1249,Sham19Y0023618,911,559,770,160,71
310,976,1282,JK000791,1174,571,812,170,68
310,976,1249,Shamela0023578,1663,493,704,160,71
310,976,1249,Rafed0003943Vols,761,920,1131,160,71
310,976,1249,LMN20200825,12,269,472,158,71
310,976,1249,JK009270,2461,1113,1319,158,72
310,976,1249,Sham19Y0014404,711,655,1149,164,40
310,976,1249,Shamela0023628,2010,170,381,160,71
310,976,1276,Meshkat0014420,2533,411,657,161,63
310,990,1282,Tafsir07076,54,213,435,165,70
310,976,1195,JK006476,799,852,1010,115,64
310,990,1249,Shamela0021821,912,1089,1280,154,73
310,976,1249,Shamela0023632,1939,791,1002,160,71
310,990,1231,Zaydiyya0000476,174,953,1143,111,58
310,990,1231,Zaydiyya0000476,228,682,872,111,58
310,990,1211,JK001496,1068,1239,1530,106,41
310,976,1249,Shia002356Vols,578,1291,1502,160,71
312,0,212,JK001420,481,227,764,164,37
312,0,246,Sham19Y0013550,315,1164,1556,189,60
312,0,246,Shamela0004445,35,747,974,183,92
312,0,246,JK010001,569,968,1195,183,92
312,0,246,Shamela0004473,6227,768,995,183,92
312,0,246,Tafsir07055,603,222,449,183,92
313,793,944,JK009362,4319,1385,1536,122,100
313,799,944,QuranAnalysis001,108,1066,1211,117,100
313,799,944,Zaydiyya0000062,889,140,282,115,97
313,799,944,Tafsir06051,71,72,217,117,100
313,760,923,Shamela0005756,15525,1413,1588,110,77
313,788,944,JK001420,485,197,352,124,98
313,799,944,Sham19Y0013550,9,1224,1369,117,100
313,799,944,Sham19Y0013550,317,1122,1267,117,100
313,799,944,JK009268,2644,1158,1303,117,100
313,777,944,Shamela0010273,1336,1284,1444,126,94
313,799,944,Shamela0037458,2038,1136,1281,117,100
313,799,923,Shia001432Vols,715,1334,1457,99,99
313,799,944,Shia001432Vols,2487,1010,1155,117,100
313,782,944,Shia001432Vols,24156,474,625,122,93
313,799,944,JK001110,42,665,810,117,100
313,799,944,Sham19Y0020891,3069,20,165,117,100
313,782,944,JK009396,737,456,619,122,88
313,799,944,Shamela0029743,497,844,989,117,100
313,777,944,Meshkat00042488,829,742,902,126,94
313,749,944,Rafed0003257Vols,3047,984,1148,130,81
313,799,944,JK009266,5364,477,622,117,100
313,793,944,Shamela0008363,68,632,783,122,100
313,799,944,Tafsir07053,54,474,619,117,100
313,799,944,Meshkat00057178,2140,222,367,117,100
313,799,944,Sham19Y0147312,1085,600,745,117,100
313,777,944,Shamela0004473,4325,264,438,133,94
313,788,944,Shamela0007798,5399,99,254,125,99
313,799,944,Shamela0008473,2575,1328,1473,117,100
313,799,944,Shamela0023591,4122,745,890,117,100
313,799,944,Shamela0023591,4155,371,516,117,100
313,799,944,Sham19Y0023618,917,995,1140,117,100
313,799,944,JK000791,1186,623,768,117,100
313,799,944,Shamela0023578,1678,86,231,117,100
313,799,944,Rafed0003943Vols,778,946,1091,117,100
313,777,944,Sham19Y0023608,2057,56,216,126,94
313,749,937,Tafsir02011,851,76,346,119,52
313,782,944,JK009270,2488,52,215,122,88
313,799,944,Rafed0001713Vols,1247,673,818,117,100
313,799,944,Sham19Y0014404,717,0,145,117,100
313,799,944,Shamela0023628,2024,1313,1458,117,100
313,788,944,Meshkat0014420,2556,299,455,126,100
313,760,944,Shamela0022371,214,929,1109,133,86
313,799,944,Shamela0023632,1957,468,613,117,100
313,799,944,Shamela0000922,683,1241,1386,117,100
313,802,944,Shamela0000894,4875,663,805,115,100
313,799,944,Shia002356Vols,584,132,277,117,100
313,788,944,JK000322,34,0,156,126,100
313,799,944,JK000322,71,1299,1444,117,100
313,782,944,Shia001615Vols,765,676,842,126,94
313,793,944,JK000101,117,375,526,122,100
314,1196,1491,Shamela0001340,239,49,352,158,60
320,1154,1558,Shamela0023018,138,263,686,296,81
320,1165,1508,Shamela0001417,243,891,1147,193,69
320,1115,1448,Shamela0001687,7236,566,826,145,48
320,1165,1508,JK001295,557,671,928,192,69
320,1154,1508,Sham19Y0150960,808,188,484,203,67
320,1338,1558,Sham19Y0017726,655,0,233,166,85
320,1154,1517,JK000162,452,999,1368,267,84
321,0,207,Shamela0023018,138,686,873,133,77
321,610,978,JK000791,1213,92,558,111,23
321,0,207,Sham19Y0017726,655,233,420,136,78
322,630,837,JK000102,159,767,1129,91,26
323,73,633,Shamela0001417,1014,1103,1532,331,73
324,483,631,Shamela0001403,50,886,1057,89,54
325,1436,1583,Tafsir04056,4482,173,728,82,17
329,284,450,QuranAnalysis001,115,1502,1667,136,99
329,284,512,Zaydiyya0000062,948,17,456,179,50
329,284,519,JK001420,506,481,964,169,43
329,284,519,JK009268,2762,139,374,191,100
329,311,519,Shamela0010273,1446,0,208,169,100
329,284,457,ShamAY0033108,975,0,202,141,84
329,394,519,Shamela0037458,2183,0,125,101,100
329,284,519,Shia001432Vols,538,512,747,191,100
329,284,450,Shia001432Vols,18696,1472,1638,134,97
329,284,519,JK001110,44,282,517,191,100
329,284,562,Shamela0004445,35,1051,1338,203,88
329,284,519,JK009396,784,807,1042,191,100
329,284,519,Shamela0029743,534,710,945,191,100
329,244,519,Meshkat00042488,891,436,1464,202,23
329,284,519,Rafed0003257Vols,3150,848,1083,191,100
329,296,519,Tafsir05047,436,1193,1569,174,56
329,284,519,JK009266,5578,330,565,191,100
329,244,581,Shamela0001340,180,1218,1553,261,92
329,284,519,JK007018,375,615,849,190,99
329,284,519,Meshkat00057178,2232,900,1600,189,33
329,371,519,JK001295,606,679,1249,120,25
329,284,457,Rafed0003882,16,510,683,142,100
329,358,562,JK006478,5501,1076,1304,150,81
329,284,519,Shamela0000041,1397,1018,1253,191,100
329,284,519,ShamAY0036821,1282,724,954,186,97
329,284,519,ShamAY0036821,1284,1238,1468,186,97
329,371,519,Rafed0003591Vols,417,285,433,120,100
329,284,519,Hindawi059616186Vols,756,520,755,191,100
329,284,519,Shamela0004473,2067,494,729,191,100
329,284,519,Shamela0004473,8989,1314,1549,191,100
329,284,519,Shamela0004473,9676,652,887,191,100
329,284,519,Shamela0004473,10566,1243,1478,191,100
329,371,519,Sham19Y0150960,501,0,581,120,25
329,371,533,Shamela0007798,5655,285,918,106,19
329,371,519,Shamela0008473,2699,793,941,120,100
329,284,519,Shamela0023591,4304,853,1088,191,100
329,284,519,Shamela0023591,4315,999,1234,191,100
329,284,457,Sham19Y0023618,958,348,521,142,100
329,371,519,JK000791,1257,570,718,120,100
329,284,519,Shamela0023578,1755,29,264,191,100
329,284,542,Tafsir02067,491,457,902,187,51
329,284,519,Rafed0003943Vols,864,459,694,191,100
329,371,519,JK000162,47,1020,1603,120,25
329,284,519,Sham19Y0023608,2169,959,1194,191,100
329,284,519,Rafed0003537Vols,280,716,951,191,100
329,328,519,JK009270,2625,1291,1507,142,78
329,284,485,Rafed0001713Vols,1321,1390,1590,164,99
329,284,457,Shamela0023628,2137,378,551,142,100
329,284,519,Zaydiyya0000044,116,25,260,191,100
329,273,519,Meshkat0014420,2703,249,495,200,100
329,371,519,Tafsir07076,5360,1110,1258,120,100
329,311,519,JK006476,869,244,458,169,97
329,371,519,AOCP20251104133,134,244,392,120,100
329,284,525,Shamela0021821,972,460,701,196,100
329,371,519,Shamela0022371,219,1020,1504,120,30
329,284,461,Shamela0023632,2053,139,316,143,98
329,284,519,Shia002356Vols,620,584,820,191,99
329,261,432,Tafsir02091,1171,1404,1600,134,81
330,1282,1653,QuranAnalysis001,116,7,190,137,45
330,1242,1646,Zaydiyya0000062,948,387,579,136,41
330,1521,1733,Shamela0001403,51,767,947,142,80
330,1265,1622,JK001420,506,880,1144,126,35
330,1242,1653,JK009268,2762,300,495,142,42
330,1242,1653,Shamela0010273,1446,134,329,142,42
330,1242,1653,Shamela0037458,2183,51,246,142,42
330,1277,1664,Shia001432Vols,466,928,1132,145,45
330,1242,1653,Shia001432Vols,538,673,868,142,42
330,1282,1653,Shia001432Vols,18697,7,190,137,45
330,1242,1653,JK001110,44,443,638,142,42
330,1282,1653,Sham19Y0020891,3237,605,892,135,45
330,1242,1653,JK009396,784,968,1483,169,33
330,1242,1653,Shamela0029743,534,871,1066,142,42
330,1242,1653,Rafed0003257Vols,3150,1009,1204,142,42
330,1242,1653,JK009266,5578,491,686,142,42
330,1493,1733,Shamela0001340,182,817,1108,190,76
330,1493,1705,JK000917,967,11,224,140,75
330,1242,1659,JK007018,375,775,979,147,43
330,1242,1653,Tafsir07053,57,1075,1270,141,42
330,1242,1653,Shamela0000041,1397,1179,1374,142,42
330,1242,1653,ShamAY0036821,1282,880,1075,142,42
330,1087,1653,Rafed0003591Vols,417,257,888,185,28
330,1242,1653,Hindawi059616186Vols,756,681,876,142,42
330,1242,1653,Shamela0004473,2067,655,850,142,42
330,1242,1653,Shamela0004473,9676,813,1008,142,42
330,1521,1667,Shamela0004473,10552,806,954,115,94
330,1242,1653,Shamela0004473,10566,1404,1599,142,42
330,1521,1664,Shamela0007798,5656,21,164,116,98
330,1242,1653,Shamela0023591,4304,1014,1209,142,42
330,1282,1653,Sham19Y0023618,959,1146,1329,137,45
330,1054,1653,JK000791,1257,529,839,165,34
330,1242,1653,Shamela0023578,1755,190,385,142,42
330,1242,1646,Zaydiyya0000329,66,29,219,136,41
330,1242,1653,Rafed0003943Vols,864,620,815,142,42
330,1242,1653,Sham19Y0023608,2169,1120,1315,142,42
330,1282,1705,Sham19Y0014404,757,834,1202,163,39
330,1242,1653,Zaydiyya0000044,116,186,381,142,42
330,1521,1653,Meshkat0014420,2704,987,1119,109,100
330,1242,1653,Tafsir07076,5360,1184,1379,142,42
330,1521,1653,JK006476,869,1073,1468,107,32
330,1521,1659,Sham19Y0014592,1434,1118,1256,112,98
330,1282,1653,Shamela0023632,2054,864,1047,137,45
330,1521,1639,Zaydiyya0000274,185,1293,1411,97,100
331,1493,1621,JK009362,6683,1084,1212,99,100
331,1493,1621,QuranAnalysis001,189,209,337,99,100
331,1493,1601,Zaydiyya0000042,189,1531,1638,84,99
331,1480,1621,Tafsir04056,2927,1199,1346,105,93
331,1493,1621,Shamela0005756,15309,955,1083,99,100
331,1493,1621,Sham19Y0013550,460,275,403,99,100
331,1493,1621,Shamela0010273,2559,907,1035,99,100
331,1493,1621,Shamela0037458,3470,1194,1322,99,100
331,1493,1616,Shia001432Vols,18937,1361,1483,95,99
331,1493,1621,JK001110,55,866,994,99,100
331,1493,1621,Sham19Y0020891,5093,1152,1280,99,100
331,1493,1621,JK009396,1264,446,574,99,100
331,1493,1621,Shamela0029743,872,967,1095,99,100
331,1493,1621,Meshkat00042488,1414,1367,1495,99,100
331,1493,1621,Rafed0003257Vols,4401,1250,1378,99,100
331,1493,1621,JK009266,7522,1232,1360,99,100
331,1480,1621,Zaydiyya0000075BK1,10,1343,1491,105,91
331,1493,1621,JK007018,617,972,1099,98,99
331,1493,1616,Tafsir07053,190,95,217,94,99
331,1493,1621,Tafsir07053,194,1319,1447,99,100
331,1493,1621,Meshkat00057178,3024,428,556,99,100
331,1493,1616,Masaha000554Vols,4698,1458,1580,94,99
331,1493,1621,Shamela0000041,2104,1259,1387,99,100
331,1493,1616,ShamAY0036821,1625,1210,1332,94,99
331,1493,1621,Sham19Y0147312,1650,390,518,99,100
331,1488,1621,Shamela0004473,8053,954,1087,101,98
331,1493,1616,ShamAY0034059,5256,544,667,95,100
331,1488,1621,Shamela0007798,7641,24,163,103,95
331,1493,1621,ShamIbadiyya0000075,746,1240,1382,99,90
331,1493,1621,Hindawi085315384,18,1249,1377,99,100
331,1493,1621,Shamela0023591,5718,871,999,99,100
331,1493,1621,Shamela0023591,5729,584,712,99,100
331,1493,1621,Sham19Y0023618,1385,1021,1149,99,100
331,1493,1609,Sham19Y0023618,1386,21,137,90,100
331,1493,1621,JK000791,1905,1010,1138,99,100
331,1493,1621,Shia002380Vols,641,866,1008,99,90
331,1493,1621,Shamela0023578,2566,103,231,99,100
331,1493,1621,Shamela0023578,2568,1152,1280,99,100
331,1488,1621,Tafsir06048,938,998,1240,103,54
331,1493,1621,Rafed0003943Vols,1290,1376,1504,99,100
331,1493,1621,Sham19Y0023608,3219,478,606,99,100
331,1493,1621,Shamela0010523,184,903,1031,99,100
331,1493,1621,JK009270,4063,959,1087,99,100
331,1493,1616,Shia002382Vols,2036,1397,1518,94,98
331,1480,1621,Rafed0001713Vols,2132,1327,1465,104,95
331,1493,1621,Tafsir02102,3360,1361,1583,99,57
331,1488,1621,Meshkat0014420,3817,96,235,103,95
331,1493,1621,JK006476,1436,1273,1401,99,100
331,1493,1621,Shamela0021821,1526,1118,1246,99,100
331,1493,1621,Shamela0023632,2924,637,765,99,100
331,1493,1621,Shamela0000922,1028,56,184,99,100
331,1493,1621,JK001496,1870,494,622,99,100
332,888,1569,Shamela0001340,185,306,840,248,36
332,7,749,JK006478,7464,80,363,159,23
333,957,1142,Rafed0003799Vols,1238,1285,1496,125,72
334,0,205,JK009362,6975,681,949,130,55
334,0,205,QuranAnalysis001,201,769,1035,130,56
334,0,205,JK009268,4010,982,1248,130,56
334,395,678,Shia001432Vols,22724,12,470,192,51
334,0,205,Shamela0029743,931,677,943,130,56
334,0,205,JK009266,7846,987,1253,130,56
334,274,843,Shamela0001340,186,242,813,386,78
334,0,205,Sham19Y0147312,1733,450,1051,109,20
334,0,205,Shamela0023591,5931,566,831,129,55
334,0,205,Sham19Y0023618,1467,426,691,129,55
334,0,205,Shamela0023578,2710,485,750,129,55
334,0,205,Shamela0023578,2713,38,475,137,38
334,0,151,Sham19Y0023608,3389,1011,1502,102,25
334,0,205,Shamela0010523,238,230,496,130,56
334,0,205,Shia002382Vols,1581,441,917,133,35
334,603,734,Shamela0009065,342,206,337,108,100
334,60,205,Sham19Y0014404,1295,776,1164,107,34
334,0,205,Tafsir02102,3456,703,1200,131,32
334,0,205,Meshkat0014420,3990,637,903,130,56
334,0,205,Shia002356Vols,1050,621,885,128,55
335,742,891,Shamela0029677,897,1462,1611,99,76
336,1248,1564,QuranAnalysis001,118,511,828,254,99
336,1248,1551,Zaydiyya0000062,963,305,720,243,72
336,1248,1564,JK009268,2805,1126,1443,254,99
336,1318,1558,Shamela0037458,2224,745,993,192,95
336,1242,1564,Shia001432Vols,538,965,1288,259,99
336,1318,1564,JK001110,45,0,247,199,99
336,1248,1491,JK009396,794,568,811,195,100
336,1248,1564,Shamela0029743,544,894,1266,254,84
336,1248,1491,Rafed0003257Vols,3184,1417,1659,195,99
336,1248,1421,JK009266,5654,1319,1491,138,99
336,1218,1564,Shamela0001340,188,499,846,276,98
336,1248,1511,JK007018,379,697,1259,200,43
336,1248,1511,JK006478,5573,366,622,200,93
336,1248,1564,ShamAY0036821,1294,44,358,251,98
336,1415,1564,ShamAY0036821,1298,856,1004,119,98
336,1325,1564,Shamela0004473,6228,558,798,193,99
336,1248,1564,Shamela0023591,4352,434,751,254,99
336,1325,1564,Shamela0023591,4364,1161,1401,193,99
336,1248,1514,JK000791,1276,366,632,200,89
336,1248,1453,Shia002380Vols,425,657,1170,165,39
336,1248,1564,Shamela0023578,1769,548,865,254,99
336,1325,1564,Rafed0003943Vols,874,688,928,193,99
336,1248,1564,Sham19Y0023608,2207,548,865,254,99
336,1242,1564,Rafed0003537Vols,280,1165,1489,259,99
336,1248,1491,JK009270,2664,981,1224,195,100
336,1248,1453,Shia002382Vols,1016,915,1540,165,32
336,1248,1505,Shamela0023628,2169,1145,1403,200,96
336,1411,1564,Meshkat0014420,2741,43,197,124,99
336,1237,1564,Shamela0021821,986,729,1051,258,97
336,1411,1564,Shamela0023632,2086,968,1122,124,99
336,1325,1564,Shia002356Vols,631,975,1216,193,99
336,1242,1564,Sham19Y0073348,278,583,920,259,95
337,0,632,JK000100,350,783,945,126,25
337,0,116,Shamela0006947,9049,64,180,93,100
337,0,119,Rafed0003257Vols,3140,716,835,94,99
337,0,119,ShamAY0002038,634,0,119,94,99
337,0,632,Shamela0001340,188,846,1251,221,40
337,0,116,Shamela0004473,5931,830,946,93,100
337,0,116,Shamela0007798,5712,1082,1198,93,100
337,0,119,JK000791,1278,74,193,94,99
337,0,116,Zaydiyya0000076BK31,9,1005,1121,93,100
337,0,119,Rafed0003799Vols,472,886,1005,94,99
338,1189,1508,JK010001,928,339,459,79,30
338,1189,1508,Tafsir07055,983,47,167,79,30
339,491,828,Sham19Y0020891,3973,1161,1497,266,99
339,0,313,Shamela0001340,190,593,870,189,72
339,491,828,JK010001,3609,621,957,266,99
339,39,139,Shamela0004473,6228,908,1008,79,100
339,634,828,Shamela0004473,8171,0,194,155,100
339,28,213,JK000791,1279,1017,1253,116,63
339,491,828,Tafsir07055,3713,944,1279,265,99
339,583,828,JK000276,411,0,245,196,100
339,33,133,JK000122,385,39,139,79,100
339,634,828,Sham19Y0014404,941,0,194,155,100
339,22,133,Meshkat0014420,2743,1408,1519,86,98
339,39,213,Tafsir07076,829,862,1060,102,63
339,39,139,Shamela0021821,986,1161,1261,79,100
339,33,133,Zaydiyya0000039,40,328,428,79,100
339,33,213,Tafsir07057,3081,1068,1357,108,45
340,917,1037,Shamela0005449,11,1101,1221,97,100
340,917,1037,JK001001,44,1327,1447,96,99
340,917,1037,Sham19Y0011151,234,1477,1597,97,100
340,858,1037,Sham19Y0020891,84,789,1107,135,50
340,917,1053,JK010568,20,1127,1262,103,94
340,917,1053,JK001305,91,338,473,103,94
340,917,1037,Tafsir05047,1,1230,1350,95,98
340,917,1037,Sham19Y0017458,44,253,373,97,100
340,858,1037,Tafsir01006,7,1164,1449,135,55
340,816,1056,JK000876,7,358,692,154,50
340,917,1053,Shamela0010283,1478,452,587,102,94
340,917,1037,Shamela0007380,112,1213,1333,97,100
340,917,1056,Shamela0004473,15652,0,129,104,92
340,917,1037,JK007536,3,1118,1242,97,96
340,891,1037,Shamela0023591,19,287,497,107,62
340,858,1140,Meshkat00042485,103,20,340,147,45
340,891,1043,Sham19Y0017724,411,1296,1443,105,86
340,848,1037,Shamela0029882,134,1071,1418,134,48
340,917,1037,Shia002378,69,579,977,96,29
340,917,1037,JK001496,12,50,170,97,100
340,858,1037,Shamela0023788,283,167,344,120,83
341,547,778,Tafsir09084,1352,153,306,106,56
341,542,778,JK010001,951,171,599,135,37
341,542,778,Tafsir07055,1006,589,1013,135,37
342,1172,1364,QuranAnalysis001,119,757,1213,135,37
342,1130,1364,JK009268,2833,852,1345,140,34
342,1172,1457,Shamela0029743,550,292,876,164,33
342,338,489,Tafsir01005,476,184,325,111,91
342,1172,1364,JK007018,382,233,693,135,37
342,312,483,Shamela0004473,7365,290,826,125,28
342,1172,1364,Shamela0023591,4381,935,1392,135,37
342,1172,1364,Shamela0023591,4394,568,1025,135,37
342,1172,1453,Sham19Y0023608,2225,481,1047,165,35
342,1172,1364,JK009270,2684,803,1260,135,37
342,344,483,Rafed0003799Vols,462,205,359,100,74
345,725,1170,JK000906,5541,551,1257,196,30
345,925,1170,JK009266,5696,0,240,156,75
345,711,1170,JK006478,5614,703,1214,335,79
345,772,1170,Shamela0001466,1519,700,1077,259,76
346,288,452,Shamela0029677,1084,572,752,115,78
346,282,446,Shamela0008514,104,175,336,115,86
348,1357,1502,Shia001432Vols,28461,905,1138,97,52
351,706,810,Tafsir01005,3452,567,1117,56,11
351,717,1021,Shamela0023591,4505,762,954,67,29
351,717,1021,JK001496,1215,1168,1591,74,14
352,210,469,Shamela0010460,364,294,696,152,46
352,221,413,JK009362,4808,77,293,152,88
352,221,402,QuranAnalysis001,124,1342,1523,144,100
352,202,402,JK001420,528,177,486,123,50
352,287,410,Sham19Y0013550,356,373,496,95,96
352,221,402,JK009268,2920,1204,1385,144,100
352,221,402,Shamela0010273,1559,1203,1384,144,100
352,221,402,Tafsir04038,359,240,472,144,78
352,182,353,ShamAY0033108,1025,1064,1550,123,31
352,221,402,Sham19Y0018567,487,822,1073,141,69
352,221,402,Sham19Y0018567,1036,564,745,143,99
352,221,402,Shamela0037458,2350,1095,1276,144,100
352,221,402,Shia001432Vols,22723,390,571,144,100
352,221,402,Shia001432Vols,24073,205,386,142,96
352,221,402,Sham19Y0020891,3430,1328,1509,144,100
352,221,402,JK009396,832,1356,1537,144,100
352,221,402,Shamela0029743,574,1155,1336,144,100
352,221,402,Meshkat00042488,967,446,1084,144,28
352,221,402,Rafed0003257Vols,3346,347,528,144,100
352,221,402,ShamAY0036031,182,1416,1597,144,100
352,155,669,Shamela0001340,193,130,591,316,75
352,221,402,JK007018,396,1163,1343,144,99
352,210,402,Meshkat00057178,2329,999,1412,153,46
352,274,410,JK010001,469,0,136,109,100
352,221,371,JK010001,1178,1135,1303,105,77
352,221,924,JK010001,3424,577,1091,210,29
352,221,402,JK000875,174,698,879,144,100
352,221,434,Masaha000554Vols,3048,228,462,150,81
352,215,402,Masaha000554Vols,3050,102,784,146,26
352,221,402,JK000447,460,39,363,127,49
352,221,402,Shamela0000041,1480,571,752,144,100
352,221,402,ShamAY0036821,1331,354,535,144,100
352,221,402,ShamAY0036821,1335,898,1079,144,100
352,221,413,Shamela0008473,1773,76,268,152,99
352,221,402,Shamela0023591,4498,1149,1330,144,100
352,221,402,Shamela0023591,4521,1109,1290,144,100
352,221,338,Sham19Y0023618,1016,1379,1495,93,99
352,221,377,JK000791,1346,1424,1579,124,99
352,210,410,Tafsir07055,500,571,765,155,97
352,221,371,Tafsir07055,1237,1331,1499,105,77
352,221,924,Tafsir07055,3515,881,1387,211,29
352,221,402,Shamela0023578,1861,453,634,144,100
352,241,402,Shamela0023578,1867,0,469,124,33
352,221,402,JK009257,511,5,186,143,99
352,221,913,Rafed0003943Vols,926,46,538,200,28
352,221,402,Sham19Y0023608,2318,1196,1377,144,100
352,215,402,Sham19Y0023608,2320,576,1157,146,31
352,221,402,Rafed0001713Vols,1414,171,352,144,100
352,215,374,Sham19Y0014404,808,1149,1544,124,39
352,221,402,Shamela0023628,2279,203,384,144,100
352,221,402,Meshkat0014420,2863,149,330,144,100
352,221,402,JK000021,328,1166,1347,144,100
352,210,402,JK006476,945,1049,1405,153,53
352,232,410,Shamela0021821,1038,0,178,142,100
352,868,1222,Shamela0021821,1038,402,812,128,36
352,221,410,Rafed0003799Vols,574,730,1349,151,30
352,221,353,Shamela0000922,749,1407,1593,105,70
352,221,413,JK001496,1222,928,1122,153,98
352,221,402,Shia002356Vols,662,1299,1480,144,100
352,182,402,Tafsir02091,1224,210,883,158,29
352,210,402,JK000912,168,805,994,148,95
352,215,353,Tafsir10098,831,1262,1568,87,36
354,0,144,Shamela0007798,5983,1138,1499,99,32
356,1290,1564,Zaydiyya0000062,1043,1468,1674,148,63
356,973,1564,Tafsir04056,4945,550,1111,417,86
356,903,1276,JK009268,2980,1391,1644,158,48
356,1171,1546,Sham19Y0020891,3508,0,362,285,93
356,997,1265,Kraken220218125255,28,16,284,193,87
356,997,1564,JK000906,6050,107,826,360,58
356,997,1387,Tafsir08090,1110,479,866,283,86
356,303,607,Shamela0023018,108,246,678,209,58
356,903,1325,JK009266,5999,910,1283,241,64
356,993,1325,Tafsir01006,861,1266,1448,110,41
356,997,1527,JK000876,816,317,836,327,66
356,997,1387,JK010091,53,1281,1554,210,64
356,903,1319,Zaydiyya0000295Vols,1311,1261,1614,241,69
356,903,1454,JK006478,5917,929,1625,304,46
356,973,1147,ShamAY0036821,1353,1402,1580,112,77
356,1147,1387,ShamAY0036821,1354,0,218,176,89
356,903,1325,Shamela0001466,1696,1282,1572,180,49
356,973,1387,Shamela0023591,4609,187,584,286,82
356,997,1564,Shamela0008378,161,750,1302,399,86
356,993,1373,JK009270,2886,297,590,189,58
356,993,1564,Rafed0001713Vols,1448,573,869,143,28
356,993,1259,Meshkat00042485,3761,1242,1381,94,43
356,997,1564,Rafed0003726Vols,881,817,1382,393,82
356,997,1265,Shamela0009086,117,1246,1510,175,78
356,997,1300,JK001496,1254,1284,1594,226,89
356,1300,1564,JK001496,1255,0,253,203,93
356,1009,1518,Shia002356Vols,679,30,730,257,38
356,1003,1436,Tafsir07057,3321,395,777,268,75
356,232,603,Sham19Y0013301,198,98,769,203,36
357,30,165,Sham19Y0020891,3513,310,442,105,96
357,40,242,JK000876,816,776,1021,147,73
357,0,242,Rafed0001713Vols,1448,869,1140,187,83
357,0,242,JK001496,1255,253,488,186,95
357,0,447,Shia002356Vols,679,553,750,93,25
360,308,709,Zaydiyya0000062,1562,418,784,229,69
360,308,664,Sham19Y0020891,4878,30,302,196,67
360,664,859,Sham19Y0020891,4878,1113,1299,150,94
360,308,709,JK000876,1170,432,747,202,56
360,317,868,Shamela0023591,5572,7,483,330,72
360,308,677,Rafed0001713Vols,2031,1181,1515,186,49
360,493,859,Shia002378,142,862,1052,135,44
360,308,859,JK001496,1777,23,504,348,73
360,455,859,Tafsir07057,4104,1055,1446,309,92
360,501,804,ShamIbadiyya0000050,4778,1283,1539,142,57
362,549,1066,Tafsir07076,1589,846,1414,219,42
362,542,1066,Tafsir07076,9093,746,1425,226,37
365,1207,1338,JK009362,7544,418,739,82,31
365,1207,1348,ShamAY0033108,1637,417,627,59,28
365,1207,1338,JK006476,1630,201,409,58,27
365,1207,1348,Tafsir02091,1893,1281,1494,59,27
366,443,676,Sham19Y0145435,5118,1008,1226,173,93
366,443,671,Sham19Y0145435,5125,712,1206,174,44
366,443,671,QuranAnalysis001,133,423,636,169,93
366,437,671,JK000330,181,752,971,174,93
366,437,559,JK000330,428,340,784,72,19
366,447,684,Zaydiyya0000062,1088,130,351,169,87
366,443,671,JK009268,3062,814,1027,169,93
366,443,671,Shamela0010273,1695,207,420,169,93
366,443,642,Shamela0037458,2516,1365,1548,146,91
366,443,671,Shia001432Vols,2494,730,943,168,92
366,443,676,Shamela0004445,597,1030,1248,173,93
366,443,676,Shamela0004445,607,765,1291,167,39
366,437,555,JK000381,5323,1251,1369,92,100
366,443,671,JK009396,902,1293,1506,169,93
366,443,671,Shamela0029743,615,726,939,169,93
366,443,671,Rafed0003257Vols,3517,935,1148,169,93
366,437,555,JK000903,33,1137,1255,92,100
366,443,598,JK009266,6172,254,409,122,100
366,443,603,Shamela0011334,12,1172,1332,123,98
366,443,676,JK007018,428,1286,1507,173,92
366,443,603,JK000371,387,1290,1450,126,100
366,443,710,Shamela0000041,1584,1065,1341,184,79
366,443,671,ShamAY0036821,1375,870,1081,167,92
366,443,591,Shamela0002386,31,502,650,116,100
366,443,671,Shamela0004473,1969,609,822,169,93
366,486,603,Shamela0007798,6244,349,466,92,100
366,443,715,Shamela0008473,3023,183,443,178,81
366,443,671,Shamela0023591,4722,816,1029,169,93
366,443,598,Sham19Y0023618,1081,4,159,122,100
366,443,606,JK000791,1462,844,1007,128,100
366,443,671,Shamela0023578,1976,340,553,169,93
366,437,555,Shamela0022653,144,555,673,92,100
366,443,671,Rafed0003943Vols,1020,831,1044,169,93
366,465,598,JK000333,238,0,133,105,100
366,443,671,Sham19Y0023608,2444,1086,1299,169,93
366,443,671,JK009270,2976,852,1065,169,93
366,486,671,Rafed0001713Vols,1507,259,429,135,91
366,443,671,Shia003721Vols,506,840,1052,168,92
366,443,671,Shia003721Vols,516,97,590,174,44
366,443,671,Shamela0023628,2376,707,920,169,93
366,461,598,Tafsir02102,2793,1031,1403,108,36
366,443,676,Shamela0021821,1118,239,462,173,91
366,443,598,Shamela0023632,2321,287,442,122,100
366,461,671,Shamela0000922,798,189,632,123,31
366,432,637,Shia002356Vols,703,1355,1542,147,90
368,214,708,Shamela0000767,11,307,746,331,81
368,263,881,Shamela0025794,2001,33,553,317,57
368,209,708,Shamela0021536,468,68,586,354,78
368,92,686,JK009158,316,48,671,330,52
368,92,584,Sham19Y0038171,2607,1119,1551,267,65
368,214,672,Shamela0005737,82,205,548,267,73
368,217,708,Shamela0022593,1511,782,1216,274,64
368,214,724,Shamela0009292,187,516,981,352,86
368,214,708,Shamela0036076,25,799,1280,350,82
368,366,708,ShamAY0034005,1592,6,359,260,91
368,217,881,ShamAY0033108,1090,306,865,310,55
368,263,595,Shamela0021659,83,107,406,207,73
368,214,881,JK000098,742,825,1331,338,59
368,214,647,Shamela0037458,2520,1064,1522,290,71
368,209,708,Sham19Y0020638,1312,340,821,364,87
368,214,708,PV2024060602,3624,850,1356,391,96
368,402,708,Sham19Y0132524,2951,556,866,237,94
368,214,664,ShamAY0034815,404,625,1037,318,86
368,214,881,Tafsir09084,1503,478,1109,389,65
368,204,686,Tafsir01005,3680,165,675,350,79
368,214,708,ShamAY0038638,107,657,1092,321,79
368,226,708,Sham19Y0148271,605,0,476,325,75
368,214,592,Sham19Y0122406,4085,550,931,299,97
368,139,697,Sham19Y0132973,762,49,551,335,73
368,244,708,JK000030,122,235,656,321,83
368,209,881,JK000030,272,164,756,379,67
368,217,518,Meshkat00057178,2445,1306,1555,175,66
368,214,708,JK001295,807,743,1139,235,51
368,263,708,Shamela0006879,123,23,412,294,80
368,194,647,Tafsir09083,850,996,1440,287,67
368,263,595,JK009274,90,258,557,207,73
368,92,592,Shamela0001438,426,471,983,252,51
368,209,592,JK000474,2990,714,1010,213,67
368,214,881,Shamela0001727,1592,722,1379,415,68
368,214,708,Shamela0007798,6248,1000,1462,342,85
368,1236,1520,Shamela0007798,7996,890,1327,87,18
368,214,672,JK000465,2412,798,1291,300,69
368,214,734,Shamela0008473,3026,899,1418,328,70
368,214,708,Shamela0023578,1984,734,1166,278,61
368,204,686,Shamela0010463,408,757,1189,332,85
368,214,708,Shamela0012884,3319,325,822,321,70
368,209,478,JK009270,2979,1301,1519,157,68
368,214,708,JK009141,1049,74,532,348,85
368,92,640,Shamela0029882,287,339,913,324,63
368,209,708,Sham19Y0017903,935,632,1100,357,86
368,187,647,Shamela0009082,1182,479,688,143,38
368,204,691,JK000127,122,868,1327,336,81
368,382,697,Shamela0095735,925,0,307,242,96
368,217,881,Tafsir02091,1295,237,796,310,55
368,217,494,Sham19Y0017729,443,1214,1476,186,76
368,494,708,Sham19Y0017729,444,0,214,164,95
368,217,881,Shamela0023606,267,4,580,347,55
368,209,708,Shia001174Vols,4745,365,829,346,84
368,214,881,JK000083,352,688,1278,337,51
368,309,708,Sham19Y0017616,552,0,406,312,94
371,1119,1368,Sham19Y0145435,5056,1084,1332,199,99
371,1003,1155,JK007094,328,258,501,71,38
371,1014,1452,QuranAnalysis001,135,925,1363,348,100
371,1124,1272,JK009158,236,619,767,119,100
371,1217,1368,JK000330,526,1254,1405,120,100
371,1167,1321,Shia001340,313,1208,1363,124,99
371,1119,1342,JK001263,93,817,1046,167,91
371,1171,1362,Zaydiyya0000355,35,1014,1206,153,99
371,1003,1189,Shamela0005756,9778,785,972,148,99
371,1014,1167,Noorlib0038508,104,215,654,121,34
371,1115,1452,JK009268,3111,0,337,268,100
371,1014,1368,Shamela0010273,1744,359,713,282,100
371,1105,1452,Shamela0037458,2565,223,571,268,97
371,1266,1368,Sham19Y0122173,325,0,102,81,100
371,1014,1171,Shia001432Vols,3957,1451,1607,123,98
371,1171,1452,Shia001432Vols,3958,0,281,223,99
371,1167,1321,Shia001432Vols,29461,213,367,124,100
371,1217,1391,JK001110,85,0,174,138,100
371,1119,1272,Sham19Y0020891,3736,59,212,123,100
371,1014,1535,Shamela0004445,357,768,1026,148,31
371,1178,1368,Shamela0004445,358,0,190,152,100
371,1014,1535,MMS00013,1882,371,630,194,46
371,1014,1246,Hindawi049250841,3,1132,1294,128,69
371,1119,1368,JK009396,915,1223,1472,199,100
371,1014,1452,Shamela0029743,629,645,1083,348,100
371,1014,1452,Rafed0003257Vols,3550,996,1435,347,99
371,1014,1143,JK009266,6249,977,1104,101,98
371,1014,1189,Shamela0011685,354,1164,1339,139,100
371,923,1254,Shamela0001340,200,1245,1528,221,82
371,1254,1368,Shamela0001340,270,0,223,74,42
371,1115,1368,JK007018,436,590,844,200,98
371,1003,1266,JK010001,1454,1101,1373,206,94
371,1003,1287,JK010001,3908,460,864,140,33
371,1033,1201,JK000875,196,1019,1303,94,42
371,1119,1272,JK000362,309,1260,1413,123,100
371,1124,1452,Shamela0010283,2454,913,1100,141,54
371,1018,1189,Shamela0037837,783,15,186,130,95
371,1014,1189,JK006478,6144,1330,1501,136,96
371,1003,1143,Shamela0000041,1609,234,408,106,77
371,1014,1272,Hindawi084602738,80,899,1157,206,100
371,1014,1272,Hindawi084602738,161,731,1000,206,95
371,1272,1452,Hindawi084602738,162,438,618,142,100
371,1014,1452,ShamAY0036821,1392,803,1240,341,97
371,1033,1189,Hindawi059616186Vols,712,1276,1432,124,100
371,1014,1272,Shamela0004473,3842,836,1106,206,95
371,1008,1185,Shamela0004473,11112,1431,1607,141,99
371,1185,1321,Shamela0004473,11113,0,136,109,100
371,1109,1391,Shia000317Vols,4396,1063,1346,219,97
371,1014,1189,Shamela0023775,663,1347,1522,139,100
371,1119,1272,JK006833,199,901,1054,123,100
371,1119,1521,JK009159,103,141,377,174,53
371,1201,1368,Shamela0008473,3074,0,167,133,100
371,1014,1339,Shamela0023591,4772,1193,1517,259,99
371,1014,1452,Shamela0023591,4781,252,691,347,99
371,1014,1272,Sham19Y0023618,1098,290,548,206,100
371,1272,1452,Sham19Y0023618,1100,475,656,141,98
371,1014,1226,JK000791,1489,1292,1503,169,99
371,1226,1368,JK000791,1490,0,142,113,100
371,1014,1299,Shia002380Vols,484,440,1343,225,31
371,1003,1217,Tafsir07055,1517,1354,1575,166,92
371,1003,1287,Tafsir07055,4020,631,1027,140,34
371,1014,1452,Shamela0023578,2009,473,912,347,99
371,1014,1351,Rafed0003943Vols,1035,1297,1633,268,99
371,1119,1272,Shamela0003055,705,41,194,123,100
371,1014,1368,Sham19Y0023608,2480,655,1009,282,100
371,999,1272,AOCP20251104143,74,336,602,199,92
371,1014,1321,JK009270,3023,359,664,242,98
371,1119,1272,Shamela0037325,913,1021,1174,123,100
371,1119,1272,Shamela0037325,1353,1178,1331,123,100
371,1014,1368,Rafed0001713Vols,1540,1172,1526,282,100
371,1003,1535,Shamela0003580,64,551,748,151,35
371,1014,1494,Shia003721Vols,268,1299,1500,117,29
371,1119,1368,Shia003721Vols,269,434,684,199,99
371,918,1275,Shamela0023628,2403,432,795,222,64
371,1254,1452,Shamela0023628,2406,126,354,156,86
371,1143,1321,Rafed0003726Vols,925,753,1069,143,56
371,1003,1368,Meshkat0014420,3063,577,941,289,99
371,1063,1368,Tafsir07076,2300,751,1015,195,79
371,1124,1368,Shamela0021821,1138,1012,1256,195,100
371,1014,1282,Hindawi091480429,429,914,1180,207,97
371,1033,1272,Shamela0023632,2355,0,239,191,100
371,1272,1466,Shamela0023632,2357,1037,1226,141,92
371,1003,1155,Shamela0009086,125,699,1066,85,29
371,1008,1535,Shamela0000894,253,1170,1344,122,28
371,1119,1272,Shamela0000894,5712,538,691,123,100
371,1014,1391,Shia002356Vols,717,920,1292,286,95
371,1045,1452,Shamela0006626,70,811,1380,309,68
371,1003,1535,Shamela0009856,134,69,253,146,34
372,111,362,Sham19Y0145435,5055,942,1192,199,98
372,111,362,JK009362,6059,388,663,199,89
372,111,357,QuranAnalysis001,168,1228,1473,197,99
372,111,349,Zaydiyya0000062,1458,1032,1269,189,97
372,111,247,Shamela0005756,11853,894,1080,69,46
372,111,362,JK009268,3634,267,519,201,99
372,100,362,Shamela0010273,2270,151,434,209,92
372,111,247,Tafsir04038,471,545,681,109,100
372,111,252,Shamela0037458,3131,1071,1214,112,97
372,111,362,Shia001432Vols,3906,287,538,201,100
372,111,247,Shia001432Vols,3921,1023,1159,109,100
372,247,368,Sham19Y0020891,4498,834,955,97,100
372,111,362,Sham19Y0020891,4636,1221,1472,201,100
372,111,362,Shamela0004445,356,964,1216,201,99
372,100,349,JK000381,1416,82,335,196,96
372,111,362,JK009396,1124,17,269,201,99
372,111,362,Shamela0029743,784,677,928,201,100
372,100,349,Meshkat00042488,1281,224,931,200,35
372,111,362,Rafed0003257Vols,4093,261,512,201,100
372,111,362,JK009266,7157,1157,1407,198,98
372,0,362,Shamela0001340,201,95,897,196,29
372,111,228,JK000917,1238,1401,1517,93,99
372,111,357,JK007018,543,653,900,196,98
372,111,247,Meshkat00057178,2831,96,232,109,100
372,100,375,JK010001,1456,313,594,208,87
372,105,240,Masaha000554Vols,4132,427,582,105,85
372,0,368,Shamela0011258,94,119,618,264,64
372,111,362,Shamela0010283,2454,534,785,194,97
372,165,362,JK006478,7074,0,194,156,96
372,111,247,Shamela0000041,1929,26,162,109,100
372,100,368,Hindawi084602738,161,433,726,203,83
372,182,362,Shamela0004482,662,272,466,108,69
372,120,362,Sham19Y0147312,1541,0,241,192,98
372,111,247,Shamela0026047,515,912,1048,109,100
372,105,362,Shamela0008473,3597,612,869,203,98
372,111,303,ShamIbadiyya0000075,681,1312,1549,155,81
372,111,362,Shamela0023591,5396,1037,1288,201,100
372,111,247,Shamela0023591,5413,506,642,109,100
372,100,362,Sham19Y0023618,1288,1132,1408,209,94
372,111,362,JK000791,1764,865,1117,201,99
372,100,247,Sham19Y0096629,39,97,244,118,100
372,111,247,Masaha003709,32,497,633,109,100
372,131,353,Shia002380Vols,582,971,1407,175,50
372,0,313,Tafsir07055,1519,105,723,224,42
372,207,362,Shamela0023578,2360,0,155,124,100
372,111,247,Shia002389Vols,2145,872,1008,109,100
372,111,362,Rafed0003943Vols,1216,507,758,201,100
372,111,277,Hindawi019640759,28,376,533,110,82
372,100,240,Sham19Y0023608,2943,1329,1482,112,90
372,111,287,Sham19Y0023608,2944,1024,1193,114,79
372,111,362,Shamela0010523,101,110,361,201,100
372,111,247,Shamela0012884,3886,202,338,109,100
372,111,324,JK009270,3602,1263,1474,170,98
372,111,362,Rafed0001713Vols,1919,456,707,201,100
372,96,247,Shamela0003580,64,765,911,117,96
372,111,362,Shia003721Vols,268,32,284,201,99
372,105,252,Sham19Y0014404,1096,83,236,115,94
372,96,362,Shamela0023628,2717,201,488,210,91
372,111,349,Meshkat0014420,3546,916,1153,189,98
372,111,228,Kraken22020817055001,80,175,292,93,100
372,111,362,Shamela0021821,1390,639,891,201,99
372,111,247,Tafsir02094,2424,661,837,86,61
372,111,362,Shamela0023632,2716,503,754,201,100
372,111,349,Shamela0000922,951,51,587,191,44
372,111,362,JK001496,1673,372,623,197,96
372,111,362,Shia002356Vols,884,32,281,197,98
372,111,349,Tafsir07057,3429,619,856,188,97
372,111,263,Tafsir07057,3461,486,692,122,73
372,111,324,Sham19Y0009800,36,1300,1512,171,99
372,96,247,Shamela0009856,134,270,416,117,96
378,1214,1503,Sham19Y0145435,166,932,1307,200,65
378,1251,1503,Sham19Y0145435,1131,511,802,193,81
378,1311,1443,Sham19Y0145435,5058,1429,1561,105,98
378,989,1160,Sham19Y0145435,5060,379,550,137,100
378,1186,1503,JK009362,6059,743,1073,255,95
378,763,1023,QuranAnalysis001,136,0,269,176,84
378,1002,1160,QuranAnalysis001,159,411,569,126,100
378,1186,1503,QuranAnalysis001,169,85,404,256,99
378,1002,1160,Zaydiyya0000062,1357,134,293,126,99
378,1311,1423,Tafsir04056,5681,371,484,89,99
378,1251,1503,Noorlib0038508,102,398,886,186,47
378,1214,1503,Shamela0009783BK1,304,782,1152,200,66
378,1186,1503,Shamela0009783BK1,306,325,796,221,58
378,1186,1423,Sham19Y0013550,429,1013,1396,166,54
378,758,979,JK009268,3111,493,714,174,100
378,1002,1160,JK009268,3538,1196,1354,126,100
378,1186,1503,JK009268,3634,599,918,256,99
378,989,1160,Shamela0010273,2137,1060,1252,137,89
378,1311,1503,Shamela0010273,2273,260,454,156,98
378,758,979,Shamela0037458,2571,145,366,174,100
378,1002,1160,Shamela0037458,2993,216,374,126,100
378,1265,1503,Shamela0037458,3136,0,240,193,99
378,1186,1503,Shia001432Vols,3906,619,933,251,97
378,758,1023,Shia001432Vols,3958,436,710,180,84
378,994,1160,Shia001432Vols,3960,256,425,133,98
378,1311,1427,Sham19Y0020891,4641,970,1091,92,95
378,1311,1503,Shamela0004445,360,1209,1403,156,98
378,989,1160,Shamela0004445,362,255,426,137,100
378,1186,1503,MMS00013,2731,558,1038,219,56
378,1002,1160,JK000381,5003,552,710,126,100
378,1042,1160,JK009396,1065,0,118,94,100
378,1311,1503,JK009396,1126,53,247,156,98
378,1002,1160,Shamela0029743,743,517,675,126,100
378,1186,1503,Shamela0029743,784,1008,1327,255,99
378,1272,1503,Shamela0029743,786,41,563,187,44
378,1288,1423,Meshkat00042488,1282,985,1254,108,50
378,758,979,Rafed0003257Vols,3555,1294,1515,174,100
378,1011,1160,Rafed0003257Vols,3964,0,149,119,100
378,1186,1503,Rafed0003257Vols,4093,592,912,256,99
378,1251,1503,Tafsir05047,656,236,671,194,55
378,1002,1160,Shamela0021537,379,1031,1189,126,100
378,1020,1125,Tafsir09084,1768,1420,1524,84,99
378,722,1503,Shamela0001340,202,331,1062,565,90
378,1002,1160,JK007018,512,813,974,126,98
378,1251,1503,JK007018,544,295,625,182,68
378,989,1160,JK010001,1461,897,1068,137,100
378,1186,1503,Masaha000554Vols,4130,1190,1510,249,94
378,1311,1423,Masaha000554Vols,4135,346,498,89,73
378,1006,1160,Shamela0000041,1845,773,1037,123,58
378,1257,1427,Shamela0000041,1930,1084,1261,136,96
378,1272,1423,Sham19Y0147312,1542,1214,1365,101,84
378,1002,1423,Shamela0004473,5665,287,834,215,43
378,1276,1423,Shamela0007798,7211,908,1077,111,79
378,758,1288,Shamela0008473,3078,319,735,213,46
378,781,1503,Shamela0008473,3482,917,1363,258,43
378,1186,1478,ShamIbadiyya0000075,682,233,730,234,58
378,758,1023,Shamela0023591,4773,270,544,180,84
378,1002,1153,Shamela0023591,5234,1382,1532,120,99
378,1002,1160,Shamela0023591,5237,798,956,126,100
378,1299,1503,Shamela0023591,5397,0,206,166,99
378,1288,1503,Shamela0023591,5420,0,217,175,99
378,758,979,Sham19Y0023618,1100,812,1033,174,100
378,989,1160,Sham19Y0023618,1248,1217,1402,137,92
378,1198,1503,Sham19Y0023618,1289,0,308,247,99
378,1002,1160,JK000791,1702,682,840,126,100
378,1186,1503,JK000791,1764,1197,1516,256,99
378,1186,1503,Shia002380Vols,583,208,715,255,62
378,989,1160,Tafsir07055,1524,1052,1223,137,100
378,739,1023,Shamela0023578,2013,793,1089,189,82
378,989,1160,Shamela0023578,2263,155,340,137,92
378,1186,1503,Shamela0023578,2360,235,555,256,99
378,1052,1160,Shamela0096337,206,0,108,86,100
378,1002,1160,Shamela0096337,279,997,1146,116,92
378,758,979,Rafed0003943Vols,1045,690,911,174,100
378,1002,1160,Rafed0003943Vols,1174,433,591,126,100
378,1186,1352,Rafed0003943Vols,1216,838,1006,132,98
378,1311,1423,AOCP202502141169Vols,1871,808,1012,88,53
378,974,1160,Sham19Y0023608,2823,275,477,141,87
378,1311,1503,Sham19Y0023608,2946,460,654,156,98
378,1311,1478,Sham19Y0023608,2947,231,757,133,31
378,1002,1160,Shamela0010523,51,1220,1378,126,100
378,1186,1503,Shamela0010523,103,134,453,255,99
378,1002,1160,Shamela0012884,3769,797,955,126,100
378,1186,1503,Shamela0012884,3888,600,919,255,98
378,994,1160,JK009270,3442,1116,1262,98,68
378,1311,1503,JK009270,3608,1040,1234,156,98
378,1052,1160,Rafed0001713Vols,1815,0,108,86,100
378,1186,1503,Rafed0001713Vols,1919,787,1107,256,99
378,907,1160,Shia003721Vols,273,0,698,196,35
378,739,1023,Shamela0023628,2408,1051,1354,187,79
378,1002,1160,Shamela0023628,2639,395,553,126,100
378,1186,1503,Shamela0023628,2717,568,888,256,99
378,1002,1160,Meshkat0014420,3436,496,654,126,100
378,1186,1503,Meshkat0014420,3550,730,1049,256,99
378,1225,1423,JK006476,1276,1153,1358,159,96
378,994,1160,Shamela0021821,1329,167,342,133,94
378,1272,1503,Shamela0021821,1392,292,552,188,88
378,846,1443,Shia001663Vols,224,349,585,178,37
378,1175,1427,Shamela0022371,245,823,1131,173,70
378,1311,1503,Shamela0023632,2720,36,230,156,98
378,747,1052,Shamela0009086,126,1362,1474,79,33
378,1311,1423,JK001496,1675,447,559,88,98
378,1311,1443,Shamela0000894,4149,567,700,105,99
378,1186,1503,JK000911,111,950,1374,216,63
378,758,1002,Shia002356Vols,719,725,967,179,93
378,1002,1160,Shia002356Vols,839,761,919,126,100
378,1186,1503,Shia002356Vols,884,361,678,253,98
380,1169,1324,JK010001,3225,23,202,106,72
380,1169,1324,Tafsir07055,3313,1297,1473,113,77
381,934,1279,Sham19Y0020891,4383,625,1209,88,15
381,513,1547,Shamela0001417,817,389,1285,655,75
381,934,1279,JK010001,1461,910,1155,91,26
381,934,1279,Tafsir07055,1524,1065,1310,91,26
382,0,280,Shamela0001417,817,1285,1550,205,91
382,280,1170,Shamela0001417,818,0,904,629,80
382,1276,1405,JK010001,893,72,321,89,43
382,1276,1405,Tafsir07055,948,61,310,89,43
383,903,1058,Shamela0021821,1664,770,1224,95,26
384,1031,1330,JK001420,587,1023,1333,117,31
384,1035,1330,Tafsir02091,1377,113,629,127,28
385,148,318,Shamela0001340,203,1221,1414,124,78
385,178,318,Shamela0008473,1981,482,648,100,76
386,1044,1356,JK001110,95,1216,1594,127,31
386,236,401,Sham19Y0020891,4881,1396,1546,81,62
386,236,425,Rafed0001713Vols,2033,215,471,93,35
386,236,425,JK001496,1778,336,532,113,59
387,1202,1346,Sham19Y0020860,297,1105,1355,97,48
387,1202,1354,Zaydiyya0000462,45,330,476,108,82
387,1202,1354,Zaydiyya0000474,740,1401,1547,108,82
389,117,342,JK009362,5774,381,565,104,57
389,109,298,JK001001,24,504,654,105,68
389,235,342,Shia001432Vols,761,650,757,86,100
389,122,298,Tafsir09084,872,534,714,124,82
389,128,342,ShamAY0036039,80,685,1054,152,51
389,169,544,Shamela0001417,957,600,991,83,16
389,122,298,Shamela0008473,1848,319,500,124,82
389,128,342,Tafsir02102,2881,852,1171,152,59
391,251,446,Sham19Y0145435,4969,523,722,158,97
391,272,446,JK009362,5868,995,1170,135,95
391,280,446,QuranAnalysis001,160,919,1085,135,100
391,143,457,Tafsir04056,2588,617,861,177,69
391,306,454,Tafsir04056,2590,458,622,121,90
391,303,454,Tafsir04056,2611,841,992,123,100
391,165,454,Tafsir04056,5913,928,1111,150,63
391,267,446,Shamela0010273,2152,1233,1433,146,89
391,157,446,Shamela0006947,19683,674,956,178,63
391,295,457,Shamela0007669,718,749,918,119,86
391,272,446,Shia001432Vols,761,937,1111,142,100
391,272,446,Shia001432Vols,3563,252,429,142,98
391,280,446,JK009396,1069,1036,1202,135,100
391,280,446,Shamela0029743,748,1266,1432,135,100
391,295,446,JK000967,3,382,540,112,86
391,280,446,Meshkat00042488,1224,408,983,106,21
391,280,446,Rafed0003257Vols,3983,1249,1415,135,100
391,280,446,JK009266,6996,50,216,135,100
391,267,406,Shamela0021537,376,1506,1644,113,99
391,280,446,Shamela0021537,647,1071,1237,135,100
391,165,446,Tafsir09084,1775,1074,1287,138,52
391,280,457,JK007078,295,352,529,142,98
391,129,446,Shamela0001340,205,743,1046,237,90
391,272,446,JK007018,516,9,181,138,96
391,303,648,JK010001,1447,300,648,166,46
391,280,446,JK006478,6950,991,1158,135,99
391,280,446,JK000367,365,191,357,135,100
391,280,446,Sham19Y0147312,1496,1126,1292,135,100
391,227,446,Shamela0004473,1943,1055,1272,149,84
391,280,446,Shamela0004473,11618,666,832,135,100
391,280,446,Shamela0008473,3493,845,1011,135,100
391,280,446,Shamela0023591,5236,298,464,135,100
391,280,446,Shamela0023591,5263,390,556,135,100
391,267,446,Sham19Y0023618,1252,1134,1327,146,92
391,157,648,Tafsir07055,1510,61,894,219,27
391,280,446,JK009257,675,182,348,132,98
391,280,446,Zaydiyya0000329,19,1344,1510,135,100
391,280,446,Rafed0003943Vols,1178,552,718,135,100
391,280,446,Shamela0036543,13,843,1009,135,100
391,267,446,Zaydiyya0000413Vols,679,196,375,146,100
391,280,446,Shamela0010551,480,406,572,135,100
391,267,446,Sham19Y0023608,2839,737,930,146,92
391,280,446,Shamela0010523,60,12,178,135,100
391,227,457,Sham19Y0030863,42,251,758,110,25
391,280,446,Shamela0012884,3785,746,912,135,100
391,272,446,JK009270,3462,1272,1467,142,89
391,280,446,Rafed0001713Vols,1827,934,1100,135,100
391,267,446,Shia003721Vols,115,620,799,146,100
391,322,446,JK001032,36,790,914,101,100
391,280,446,Meshkat0014420,3452,722,888,135,100
391,295,446,Tafsir07076,4310,484,643,123,94
391,280,454,Tafsir07076,4666,39,213,142,100
391,157,446,Hindawi069071351,40,929,1199,169,58
391,280,446,Shamela0007597,201,222,388,135,100
391,267,454,Hindawi093849638,11,821,1013,151,96
391,148,446,JK000081,1193,309,567,162,64
391,272,446,Shamela0021821,1334,1178,1351,137,97
391,263,446,Shamela0023632,2643,32,229,147,91
391,280,446,Shia002356Vols,844,765,931,135,100
391,272,454,Shamela0012851,297,854,1329,145,37
391,303,648,Shamela0037537,71,451,663,149,53
391,280,446,Shamela0023788,379,656,822,135,100
393,1037,1347,Sham19Y0145435,5002,1153,1473,251,96
393,1202,1347,JK009362,6876,73,219,118,99
393,1202,1347,QuranAnalysis001,197,1252,1397,118,100
393,1202,1347,Tafsir04056,1208,81,226,118,100
393,1032,1150,Shia004029,42,633,751,95,100
393,1179,1347,Shamela0010273,2695,394,560,124,92
393,1043,1347,Shia001432Vols,3851,572,862,228,92
393,1037,1179,Shia001432Vols,28965,469,611,115,100
393,1043,1240,Sham19Y0020891,3935,593,760,129,80
393,1202,1347,Sham19Y0020891,5359,245,390,118,100
393,1037,1188,Shamela0004445,318,328,479,123,100
393,1037,1188,Shamela0012828,7,950,1106,123,96
393,1202,1347,Shamela0029743,917,40,185,118,100
393,1202,1347,Rafed0003257Vols,4510,674,819,118,100
393,1202,1347,JK009266,7769,1062,1207,118,100
393,1018,1270,Shamela0001340,206,1384,1632,191,91
393,1202,1347,JK007018,655,154,305,118,96
393,521,1007,Shamela0001417,829,182,607,329,83
393,1202,1339,Masaha000554Vols,4999,1035,1173,110,97
393,1037,1347,Shia003749,225,438,757,238,89
393,1200,1347,JK006478,7738,924,1074,118,97
393,1202,1339,ShamAY0036821,1656,424,560,110,99
393,1037,1347,Sham19Y0014579,380,834,1173,245,89
393,1202,1347,Sham19Y0147312,1712,742,887,118,100
393,1032,1179,Shamela0004473,6260,61,232,119,85
393,1032,1191,Sham19Y0150960,1033,714,873,129,100
393,1043,1191,Rafed0003793Vols,907,1387,1537,120,98
393,1032,1191,Shamela0000432,4507,1382,1541,128,99
393,1043,1231,Shamela0000432,5994,1060,1232,131,87
393,1013,1188,Shamela0000432,6235,1274,1449,124,87
393,1202,1347,Shamela0008473,4094,1069,1214,118,100
393,1202,1339,ShamIbadiyya0000075,778,137,377,111,57
393,1195,1347,Shamela0023591,5886,973,1139,123,91
393,1202,1347,Shamela0023591,5888,131,276,118,100
393,1202,1347,Sham19Y0023618,1444,1130,1275,118,100
393,1202,1347,JK000791,1985,995,1140,118,100
393,1202,1347,Shamela0023578,2672,1266,1411,118,100
393,1037,1188,Sham19Y0011326,65,1222,1373,123,100
393,1202,1347,Rafed0003943Vols,1328,965,1110,118,100
393,1037,1191,Sham19Y0095660,1420,1008,1162,122,96
393,1195,1347,Sham19Y0023608,3344,958,1124,123,91
393,1202,1347,Shamela0010523,224,1227,1372,118,100
393,1202,1347,Rafed0001713Vols,2238,1413,1558,118,100
393,1037,1347,Shia003721Vols,229,1207,1515,240,95
393,1018,1179,Rafed0002565Vols,704,818,984,128,95
393,1202,1347,Meshkat0014420,3941,286,431,118,100
393,1195,1347,JK010729,155,397,549,123,100
393,1032,1240,Shamela0021821,1196,765,964,140,77
393,1200,1347,Shamela0021821,1585,814,961,119,100
393,1037,1179,Sham19Y0014592,1124,68,210,115,100
393,1202,1347,Shamela0009702,126,689,834,118,100
393,1191,1347,Shamela0023632,3029,53,223,124,90
393,1200,1347,JK001496,1976,463,613,118,97
393,1037,1179,Shamela0000894,4993,675,817,115,100
393,1202,1323,Shia002356Vols,1033,1391,1510,97,98
393,1202,1347,ShamAY0037387,120,1245,1391,118,99
395,738,871,Rafed0003726Vols,965,209,347,104,91
396,1167,1629,Shamela0001417,821,240,679,328,83
397,793,1167,Zaydiyya0000062,1198,1094,1529,275,74
397,613,946,JK009268,3269,1066,1512,170,44
397,606,946,Shamela0010273,1885,86,793,187,31
397,107,735,Sham19Y0020891,1638,1126,1309,126,24
397,786,1167,Sham19Y0020891,3946,867,1255,299,92
397,613,1134,Tafsir08090,1217,934,1512,224,39
397,584,958,JK009266,6518,223,646,178,40
397,793,1171,Shamela0037475,69,506,849,200,56
397,76,425,Shamela0001340,209,483,804,203,66
397,118,314,Shamela0029988,187,386,574,139,84
397,584,1167,JK000876,919,0,561,257,40
397,1238,1460,Shamela0001417,821,1131,1361,158,84
397,786,950,Shamela0001417,822,231,415,120,80
397,958,1087,JK010001,1811,1150,1278,106,98
397,107,1051,Zaydiyya0000295Vols,1178,531,1058,228,25
397,118,1167,JK006478,6430,439,1248,490,50
397,946,1099,Tafsir02079,2823,486,638,123,96
397,830,1109,Shamela0001466,1972,0,304,216,85
397,118,735,Shamela0023591,4950,332,958,178,25
397,958,1087,Tafsir07055,1879,1304,1432,106,98
397,874,1171,Shamela0010551,292,0,216,143,57
397,805,1134,Rafed0001713Vols,1634,355,787,198,55
397,786,1167,Tafsir02102,2906,806,1194,301,93
397,584,1167,JK001496,1411,403,1147,438,69
397,623,1171,Shia002356Vols,757,648,1152,367,77
398,9,173,Shamela0001417,821,1407,1567,128,92
399,1300,1607,Shamela0001417,822,742,1083,184,66
400,694,1287,Shamela0001417,822,257,824,288,51
401,1048,1285,JK009265,164,996,1232,185,99
401,1306,1454,QuranAnalysis001,206,89,237,118,100
401,1306,1447,Zaydiyya0000062,1730,882,1020,110,97
401,1036,1285,JK001420,591,917,1170,189,95
401,1306,1463,Sham19Y0013550,491,615,772,123,98
401,1306,1454,JK009268,4055,832,980,118,100
401,1306,1454,Shamela0037458,3804,1145,1293,118,100
401,1306,1454,Shia001432Vols,544,369,517,118,100
401,1299,1454,Shia001432Vols,18938,141,296,124,100
401,1013,1285,JK001110,47,1230,1494,199,93
401,1306,1454,JK001110,59,409,557,118,100
401,1306,1454,Sham19Y0020891,5566,540,688,118,100
401,1048,1257,JK000381,5306,1306,1514,164,99
401,1306,1454,JK009396,1379,141,289,118,100
401,1306,1454,Shamela0029743,953,244,392,118,100
401,1048,1285,Shamela0029677,653,255,492,186,100
401,1306,1454,Rafed0003257Vols,4614,134,282,118,100
401,1306,1454,JK009266,7942,238,386,118,100
401,1048,1285,Shamela0012293,1693,42,279,186,100
401,1306,1454,Tafsir09084,2149,55,479,118,34
401,1331,1454,JK007018,680,0,123,99,100
401,1299,1454,Tafsir07053,209,94,250,122,98
401,1306,1454,Tafsir07053,219,92,240,118,100
401,1294,1459,JK010001,1836,1044,1209,132,100
401,1210,1459,JK010001,3527,1293,1464,126,62
401,1043,1285,JK000362,1466,259,501,190,100
401,1108,1463,Shamela0010283,238,0,567,257,57
401,1306,1454,JK006478,7946,896,1044,118,100
401,1306,1454,Shamela0000041,2248,1356,1504,118,100
401,1299,1454,ShamAY0036821,1684,1025,1181,122,98
401,1306,1454,Sham19Y0147312,1754,747,895,118,100
401,1029,1285,Shamela0004473,6229,19,271,194,96
401,1048,1285,Shamela0004473,8871,965,1202,186,100
401,1048,1285,Shamela0004473,12836,1023,1260,186,100
401,1048,1285,Shamela0004473,12840,518,755,186,100
401,1306,1454,ShamAY0034059,5873,27,176,118,99
401,1306,1459,Shamela0007798,8032,242,395,122,100
401,1294,1447,ShamIbadiyya0000075,801,466,620,118,96
401,1306,1454,Shamela0023591,5963,390,538,118,100
401,1306,1454,Shamela0023591,6009,236,384,118,100
401,1306,1454,JK000791,2045,0,148,118,100
401,1294,1459,Tafsir07055,1905,347,512,132,100
401,1062,1399,Tafsir07055,2535,342,664,178,63
401,1210,1459,Tafsir07055,3620,70,239,127,63
401,1306,1454,Shamela0023578,2751,1009,1157,118,100
401,1306,1454,Rafed0003943Vols,1375,560,708,118,100
401,1048,1285,JK000122,1131,809,1046,186,100
401,1306,1454,Shia001186,15,1169,1317,118,100
401,1306,1454,Shamela0010523,254,155,303,118,100
401,1306,1454,Shamela0010523,256,354,502,118,100
401,1306,1454,JK009270,4466,226,374,118,100
401,1306,1454,Rafed0001713Vols,2321,1226,1374,118,100
401,1306,1454,PV2024060601,10,110,258,118,100
401,1306,1454,Shamela0023628,3045,9,157,118,100
401,1306,1454,Zaydiyya0000044,165,421,562,112,95
401,1306,1454,Meshkat0014420,4040,1143,1291,118,100
401,1306,1454,Shia001122Vols,10,110,258,118,100
401,1306,1454,Shamela0021821,1629,161,309,118,100
401,1306,1481,Rafed0003799Vols,283,533,714,128,90
401,1306,1459,Sham19Y0014592,2480,846,999,122,100
401,1048,1285,Sham19Y0014592,2481,147,384,186,100
401,1306,1454,Shamela0023632,3108,134,282,118,100
401,1306,1459,JK001496,2055,1042,1197,122,98
401,1299,1454,Shia002356Vols,1068,1140,1296,122,98
401,1306,1454,Tafsir07057,5448,758,906,118,100
401,1029,1285,JK000094,122,451,705,196,97
401,1306,1454,Shia001174Vols,94,375,523,118,100
402,1309,1480,JK007078,255,0,364,117,40
403,500,1070,Shamela0001340,211,893,1400,239,43
403,545,1070,Shamela0000041,1702,510,724,86,19
405,74,476,QuranAnalysis001,146,491,866,98,20
405,74,476,Shia001432Vols,2497,825,1134,96,20
405,74,476,Shia001432Vols,24158,843,1045,91,26
405,74,476,Shamela0029743,682,95,470,98,20
405,74,476,JK000373,26,891,1266,98,20
405,74,476,JK000373,170,1045,1267,81,20
405,74,476,Shamela0023591,5003,74,449,98,20
405,74,476,Sham19Y0023618,1169,308,683,98,20
405,74,305,Tafsir07076,6663,393,916,71,13
406,1378,1529,QuranAnalysis001,146,918,1500,100,19
406,1378,1529,JK009158,93,1195,1326,105,84
406,1378,1529,JK009268,3314,215,797,100,19
406,1378,1529,Shamela0029743,684,402,984,100,19
406,1378,1529,Shamela0023591,5003,501,1083,100,19
406,1378,1529,Shamela0037325,1363,983,1114,105,84
409,1402,1587,JK009362,8775,734,925,152,96
409,1402,1587,QuranAnalysis001,247,663,849,152,99
409,1040,1570,JK000330,239,1052,1603,411,89
409,1402,1587,JK009268,4456,192,378,152,99
409,1385,1587,JK001110,98,66,293,164,88
409,1402,1587,Sham19Y0020891,6508,977,1163,152,99
409,1040,1374,JK000381,6840,745,1079,275,100
409,1080,1587,JK000381,6850,686,1173,358,84
409,1258,1587,JK000381,8422,630,921,195,62
409,1394,1587,JK009396,1670,1295,1510,159,89
409,1402,1587,Shamela0029743,1141,870,1056,152,99
409,1402,1587,Rafed0003257Vols,5236,232,418,152,99
409,1402,1587,JK009266,9111,392,578,152,99
409,223,730,Shamela0001340,214,224,603,183,40
409,1008,1467,Shamela0001340,316,472,1301,306,44
409,1040,1383,Shamela0021729,34,148,491,283,100
409,1087,1587,Shamela0021729,44,981,1472,361,80
409,1265,1587,Shamela0021729,174,0,293,194,61
409,1094,1587,AOCP20251104081,498,814,1289,322,78
409,1077,1587,Shamela0000107,1214,990,1557,410,88
409,1040,1502,Shamela0000107,1514,813,1172,204,49
409,1045,1545,JK000213,295,255,936,248,35
409,1402,1587,Sham19Y0147312,1988,956,1142,152,99
409,1389,1587,Shamela0004473,244,387,591,163,97
409,1402,1587,Shamela0008473,4894,57,243,152,99
409,1040,1374,JK006950,1143,536,870,275,100
409,1080,1587,JK006950,1153,456,943,358,84
409,1258,1587,JK006950,2723,899,1190,195,62
409,1402,1587,Shamela0023591,6622,437,623,152,99
409,1402,1587,Shamela0023591,6623,1336,1522,152,99
409,1402,1587,JK000791,2386,860,1046,152,99
409,1402,1587,Shamela0023578,3266,485,671,152,99
409,1389,1587,Sham19Y0023608,4070,372,585,163,92
409,1402,1587,Rafed0001713Vols,2767,1194,1380,152,99
409,1040,1374,Meshkat0014420,3264,339,673,275,100
409,1402,1587,Meshkat0014420,4666,476,662,152,99
409,1008,1559,Tafsir07076,385,962,1743,347,47
409,1051,1545,Shamela0007597,289,382,1042,243,35
409,1402,1587,Shamela0021821,1916,723,909,152,99
409,1402,1587,JK001496,2438,1186,1372,152,99
409,1045,1545,Sham19Y0020878,161,728,1406,248,35
410,0,259,JK009362,8775,925,1187,213,98
410,0,259,QuranAnalysis001,247,849,1108,213,100
410,0,259,JK000330,240,18,277,213,100
410,0,259,JK009268,4456,378,637,213,100
410,0,259,Shia001432Vols,21683,455,714,213,100
410,0,259,JK001110,98,293,552,213,100
410,0,259,Sham19Y0020891,6508,1163,1422,213,100
410,0,238,JK000381,6850,1173,1411,196,100
410,0,280,Shamela0029743,1141,1056,1327,218,95
410,0,259,Rafed0003257Vols,5236,418,677,213,100
410,0,259,JK009266,9111,578,837,213,100
410,0,259,Tafsir04042,2268,1206,1487,209,90
410,0,259,Sham19Y0147312,1988,1142,1401,213,100
410,0,259,Shamela0004473,244,591,850,213,100
410,12,267,Shamela0001535,1400,0,239,194,92
410,0,259,Shamela0008473,4894,243,502,213,100
410,0,238,JK006950,1153,943,1181,196,100
410,0,259,Shamela0023591,6622,623,882,213,100
410,0,259,Sham19Y0023618,1787,762,1398,210,40
410,0,259,JK000791,2386,1046,1305,213,100
410,0,259,Shamela0023578,3266,671,930,213,100
410,0,267,Shamela0023578,3269,194,683,214,53
410,0,259,Rafed0003943Vols,1592,656,915,213,100
410,0,259,Sham19Y0023608,4070,585,844,213,100
410,0,202,Rafed0001713Vols,2767,1380,1581,166,99
410,0,259,Shamela0023628,3526,839,1098,213,100
410,0,259,Meshkat0014420,4666,662,921,213,100
410,0,238,Tafsir07076,386,29,267,196,100
410,0,267,Shamela0021821,1916,909,1176,220,100
410,0,267,Sham19Y0014592,847,800,1067,220,100
410,0,230,Shamela0021766,137,182,412,189,100
413,235,485,Shamela0001340,214,1088,1343,181,84
413,283,485,JK010001,910,350,597,146,69
413,283,485,Shamela0004473,9674,659,996,140,52
413,283,485,Tafsir07055,965,285,529,147,70
413,386,816,Tafsir07076,6773,402,775,150,36
415,164,313,QuranAnalysis001,149,646,871,100,53
415,164,313,JK009268,3354,1183,1408,100,53
415,164,313,Shia001432Vols,3503,1095,1319,100,54
415,164,313,Shamela0029743,696,269,494,100,53
415,122,463,Shamela0001340,216,268,546,159,47
415,164,313,Shamela0000041,1739,732,957,100,53
415,164,313,Sham19Y0147312,1424,387,612,100,53
415,144,322,Shamela0004473,9674,1072,1335,120,53
415,164,313,Shamela0023591,5037,44,269,100,53
415,139,313,Sham19Y0023618,1188,746,1026,113,48
415,164,313,Shamela0023578,2136,988,1213,100,53
415,164,313,Rafed0003943Vols,1121,416,641,100,53
415,172,313,JK009270,3257,0,217,93,52
415,164,313,Sham19Y0014404,973,495,1087,80,14
415,164,313,Shamela0023628,2539,1241,1466,100,53
415,164,313,Shamela0000922,873,1158,1427,102,44
415,164,313,Shia002356Vols,786,697,921,99,53
416,204,325,JK009362,6020,728,851,98,98
416,652,1004,Tafsir03097,1150,568,1123,173,37
416,140,434,Shamela0001340,217,0,280,191,79
416,193,322,Tafsir07055,2560,1450,1587,104,93
416,45,290,ShamAY0007299,2591,1213,1548,142,51
418,833,1190,Shamela0001340,219,275,610,169,50
418,327,794,Shamela0021821,1258,839,1478,197,33
419,769,930,QuranAnalysis001,155,576,724,121,91
419,769,943,Shamela0022593,1779,268,931,117,22
419,769,930,JK009268,3470,1055,1203,121,91
419,769,930,Shamela0010273,2068,266,414,121,91
419,769,930,Shia001432Vols,32517,973,1121,121,91
419,769,930,JK009396,1035,847,995,121,91
419,769,930,Shamela0029743,723,559,707,121,91
419,769,930,Rafed0003257Vols,3896,1078,1226,121,91
419,769,930,JK009266,6870,1317,1465,121,91
419,730,1001,Shamela0001340,220,93,342,197,87
419,758,930,Shamela0001417,28,1018,1178,130,93
419,758,930,JK001295,609,526,686,130,93
419,769,930,Sham19Y0147312,1462,1260,1408,121,91
419,769,946,Zaydiyya0000054,374,1329,1492,128,88
419,769,936,Shamela0004473,8329,54,208,126,92
419,758,936,Sham19Y0150960,503,1444,1612,131,91
419,769,936,Shamela0000432,5670,625,779,126,92
419,769,930,Shamela0023591,5159,1131,1279,121,91
419,769,930,JK000791,1667,725,873,121,91
419,769,930,Shamela0023578,2213,583,731,121,91
419,769,930,Rafed0003943Vols,1153,240,388,121,91
419,758,968,JK000162,49,712,911,138,81
419,769,930,Sham19Y0023608,2759,688,836,121,91
419,769,930,Shamela0010523,31,1181,1329,121,91
419,769,930,Shamela0012884,3699,417,565,121,91
419,769,930,JK009270,3356,1177,1325,121,91
419,769,930,Rafed0001713Vols,1765,637,785,121,91
419,769,930,Meshkat0014420,3382,511,659,121,91
419,769,930,JK006476,1164,777,928,121,92
419,769,930,Shamela0021821,1299,442,590,121,91
419,769,936,Shia002356Vols,816,877,1032,123,89
419,769,930,Shamela0008381,4215,852,1076,121,66
419,769,930,Shamela0008381,6440,865,1089,121,66
419,769,930,Sham19Y0014601,6123,1215,1363,121,91
419,769,930,Sham19Y0009800,802,213,361,121,91
420,512,664,JK000113,4,16,168,123,100
420,504,666,JK001414,2667,257,411,123,94
420,504,664,Shamela0009637,25,702,862,124,95
421,1210,1471,Sham19Y0145435,4969,543,1112,203,43
421,1340,1471,JK009362,6769,1175,1307,101,95
421,1340,1471,QuranAnalysis001,194,1491,1622,101,96
421,1340,1471,JK009268,3932,406,557,106,86
421,1335,1471,Shamela0010273,2641,54,211,109,85
421,1340,1471,Shia001432Vols,3563,1381,1515,106,97
421,1348,1471,JK009396,1307,19,142,99,100
421,1340,1471,Shamela0029743,899,1184,1315,101,96
421,1331,1471,Hindawi091929150,58,414,562,111,93
421,1340,1471,Rafed0003257Vols,4469,1443,1574,102,96
421,1348,1471,JK009266,7685,1315,1438,98,99
421,1335,1471,Shamela0021537,648,1101,1237,110,100
421,1193,1570,Shamela0001340,223,101,464,254,79
421,1228,1479,JK010001,1447,843,1080,140,67
421,1348,1471,JK006478,7648,1159,1283,99,99
421,1348,1471,Sham19Y0147312,1688,555,678,99,100
421,1348,1471,Rafed0003793Vols,1016,962,1090,98,95
421,1340,1471,Shamela0008473,4039,1221,1352,101,96
421,1340,1471,Shamela0023591,5809,1302,1433,100,95
421,1348,1471,Shamela0023591,5832,276,399,98,99
421,1335,1479,Sham19Y0023618,1417,1038,1207,116,84
421,1348,1471,JK000791,1952,410,533,99,100
421,1228,1479,Tafsir07055,1510,1089,1326,140,67
421,1340,1471,Shamela0023578,2617,802,933,100,95
421,1335,1471,Sham19Y0023608,3303,1138,1288,109,90
421,1340,1471,JK009270,4201,291,441,105,86
421,1348,1471,Rafed0001713Vols,2195,116,240,98,98
421,1210,1471,Shia003721Vols,115,620,1183,195,41
421,1340,1471,Shamela0023628,2935,1263,1394,100,95
421,1348,1471,Meshkat0014420,3888,50,173,99,100
421,1348,1479,Shamela0021821,1561,884,1015,106,100
421,1340,1471,Shamela0023632,2988,734,865,100,95
421,1348,1490,JK001496,1929,878,1022,108,92
421,1348,1471,Masaha004743,25,455,583,98,95
423,1183,1447,Shamela0001340,224,523,909,166,52
424,57,371,Sham19Y0145435,5006,675,890,178,68
424,440,593,JK009362,5903,1382,1541,126,95
424,423,603,QuranAnalysis001,161,1376,1554,138,92
424,57,371,QuranAnalysis001,162,878,1093,178,68
424,933,1076,QuranAnalysis001,163,1191,1334,104,94
424,933,1076,Zaydiyya0000062,1403,430,573,104,94
424,917,1063,JK001420,636,265,503,111,59
424,933,1069,Sham19Y0013550,420,1215,1351,106,100
424,423,610,JK009268,3562,204,391,144,93
424,57,371,JK009268,3566,389,604,178,68
424,933,1076,JK009268,3577,1087,1230,104,94
424,423,610,Shamela0010273,2168,1374,1560,144,93
424,57,371,Shamela0010273,2173,201,416,178,68
424,933,1063,Shamela0010273,2191,1302,1432,101,100
424,423,610,Shamela0037458,3025,1316,1502,144,93
424,423,610,Shia001432Vols,3528,785,969,143,92
424,57,371,Shia001432Vols,3883,996,1211,178,68
424,933,1076,Shia001432Vols,3961,932,1075,104,94
424,933,1063,Sham19Y0020891,4497,1017,1147,101,100
424,423,610,Shamela0004445,186,727,913,144,93
424,440,618,Shamela0004445,188,125,339,147,83
424,57,371,Shamela0004445,263,1064,1279,178,68
424,167,371,MMS00013,2653,116,359,97,48
424,440,610,JK009396,1076,76,247,140,99
424,423,610,Shamela0029743,754,431,617,144,93
424,57,371,Shamela0029743,756,899,1114,178,68
424,57,349,Shamela0029743,757,89,426,159,47
424,933,1076,Shamela0029743,761,1084,1227,104,94
424,57,371,Meshkat00042488,1235,169,1012,181,24
424,888,1063,Meshkat00042488,1244,993,1163,115,84
424,423,610,Rafed0003257Vols,3998,1327,1513,144,93
424,440,583,Rafed0003257Vols,3999,850,1500,118,22
424,57,371,Rafed0003257Vols,4005,382,597,178,68
424,933,1076,Rafed0003257Vols,4024,1429,1572,104,94
424,933,1115,JK000373,182,223,494,135,64
424,423,610,JK009266,7014,912,1098,144,93
424,57,371,JK009266,7019,934,1149,178,68
424,423,610,Shamela0021537,376,814,1000,144,93
424,418,610,Shamela0021537,647,821,1030,155,90
424,893,1104,Shamela0001340,225,1036,1478,159,45
424,423,622,JK007018,518,1054,1265,153,87
424,57,371,JK010001,816,1288,1503,178,68
424,423,610,Shamela0010283,2371,922,1125,144,85
424,57,371,Shamela0010283,2441,871,1086,178,68
424,423,610,JK006478,6971,904,1092,144,92
424,57,371,JK006478,6975,1211,1428,178,68
424,423,610,ShamAY0036821,1524,1074,1258,144,92
424,57,371,ShamAY0036821,1525,563,777,177,68
424,423,610,Sham19Y0147312,1502,406,592,144,93
424,57,371,Sham19Y0147312,1503,912,1127,178,68
424,423,610,Shamela0004473,661,611,797,145,94
424,893,1076,Shamela0004473,4642,432,653,124,73
424,423,610,Shamela0026047,443,1166,1352,144,93
424,57,371,Shamela0007798,7042,5,670,173,27
424,933,1069,Shamela0007798,7074,882,1018,106,100
424,922,1076,Shamela0008473,2905,761,925,113,89
424,423,610,Shamela0008473,3505,431,613,144,93
424,933,1076,Shamela0008473,3533,385,528,104,94
424,423,610,Shamela0023591,5275,1195,1381,144,93
424,57,371,Shamela0023591,5276,687,902,178,68
424,423,610,Shamela0023591,5284,1092,1278,144,93
424,151,371,Shamela0023591,5290,0,121,99,55
424,933,1076,Shamela0023591,5310,567,710,104,94
424,933,1076,Shamela0023591,5313,122,265,104,94
424,440,610,Sham19Y0023618,1257,179,349,140,100
424,57,371,Sham19Y0023618,1258,670,885,178,68
424,893,1058,Sham19Y0023618,1264,1348,1507,110,84
424,440,633,JK000791,1715,644,838,152,95
424,57,213,JK000791,1718,319,475,131,100
424,933,1053,JK000791,1725,1417,1536,93,99
424,423,610,Shia002380Vols,563,1241,1561,143,54
424,57,371,Tafsir07055,869,363,578,178,68
424,423,610,Shamela0023578,2279,516,702,144,93
424,57,371,Shamela0023578,2281,1045,1260,178,68
424,57,371,Shamela0023578,2282,450,755,182,64
424,933,1076,Shamela0023578,2293,780,923,104,94
424,423,610,Tafsir06048,821,353,772,147,42
424,57,371,Tafsir06048,823,983,1350,177,48
424,423,610,Rafed0003943Vols,1183,509,695,144,93
424,57,371,Rafed0003943Vols,1184,0,215,178,68
424,933,1063,Rafed0003943Vols,1189,1410,1540,101,100
424,423,610,Sham19Y0023608,2854,531,717,144,93
424,440,610,Sham19Y0023608,2855,709,1327,140,27
424,57,371,Sham19Y0023608,2861,382,597,178,68
424,933,1076,Sham19Y0023608,2878,144,287,104,94
424,440,610,Shamela0010523,67,1344,1514,140,100
424,57,371,Shamela0010523,68,761,976,178,68
424,943,1063,Shamela0010523,77,0,120,93,100
424,423,610,Shamela0012884,3793,666,850,143,92
424,63,371,Shamela0012884,3796,948,1156,173,67
424,922,1076,Shamela0012884,3820,764,928,113,89
424,423,610,JK009270,3479,1298,1484,144,93
424,57,371,JK009270,3488,10,225,178,68
424,423,610,Shia002382Vols,1329,807,1062,143,67
424,423,610,Rafed0001713Vols,1839,664,850,144,93
424,57,371,Rafed0001713Vols,1843,770,985,178,68
424,933,1076,Rafed0001713Vols,1857,441,584,104,94
424,423,610,Shia003721Vols,97,501,686,144,93
424,440,610,Shia003721Vols,99,473,670,140,85
424,57,371,Shia003721Vols,175,1179,1394,178,68
424,423,610,Shamela0023628,2653,639,825,144,93
424,423,610,Shamela0023628,2654,358,920,142,30
424,57,371,Shamela0023628,2655,448,663,178,68
424,57,371,Shamela0023628,2656,475,777,180,58
424,466,610,Tafsir02102,3135,141,395,119,56
424,423,610,Meshkat0014420,3464,642,828,144,93
424,57,371,Meshkat0014420,3469,635,850,178,68
424,428,618,Shamela0021821,1341,1354,1548,152,94
424,57,371,Shamela0021821,1344,392,607,178,68
424,933,1076,Shamela0021821,1352,358,501,104,94
424,411,610,Sham19Y0014592,1574,922,1521,102,18
424,423,610,Shamela0023632,2650,927,1113,144,93
424,57,371,Shamela0023632,2653,657,872,178,68
424,893,1076,Shamela0023632,2666,63,248,117,81
424,423,622,JK001496,1595,848,1050,153,91
424,423,610,Shia002356Vols,849,1120,1303,144,93
424,57,371,Shia002356Vols,851,778,992,177,68
424,57,371,Shamela0021766,4121,696,877,149,57
424,423,618,Shamela0012851,302,868,1390,150,34
424,141,379,Shamela0012851,305,1073,1277,119,56
424,440,610,Tafsir10098,1096,1055,1478,140,40
429,1119,1348,Tafsir03097,1339,55,296,87,36
429,1227,1421,Tafsir02091,1744,60,638,104,22
429,1119,1351,Shamela0012851,464,893,1066,88,45
430,595,858,Shamela0001340,229,1140,1391,169,78
431,1136,1455,JK010001,3132,1204,1571,83,20
431,1136,1455,Tafsir07055,3221,1212,1570,76,17
432,1338,1571,JK009362,6341,1320,1553,188,100
432,1338,1571,QuranAnalysis001,178,951,1185,188,99
432,1327,1571,Shamela0010273,2394,1085,1351,197,91
432,1338,1571,Shamela0006947,11463,259,493,188,99
432,1338,1571,Shamela0037458,3270,325,559,188,99
432,1203,1511,Shia001432Vols,23080,833,1123,234,94
432,1338,1571,Sham19Y0020891,4828,1024,1258,188,99
432,1338,1571,Shamela0004445,687,152,386,188,99
432,1338,1571,JK009396,1177,743,977,188,99
432,1338,1571,Shamela0029743,823,881,1115,188,99
432,1338,1571,Rafed0003257Vols,4243,301,535,188,99
432,1338,1571,JK009266,7316,393,627,188,99
432,1327,1571,Shamela0021537,6160,1299,1544,197,99
432,1327,1470,Shamela0021537,6546,1478,1620,114,99
432,1327,1511,Shamela0002300,4875,949,1133,148,100
432,1160,1571,Shamela0001340,232,501,908,325,97
432,1338,1571,Tafsir07053,164,223,457,188,99
432,1338,1571,Hindawi040635716,229,514,750,188,98
432,1203,1571,Shamela0009773,2592,339,674,204,57
432,1338,1571,Sham19Y0147312,1589,102,336,188,99
432,1192,1571,Shamela0004473,1992,891,1257,287,93
432,1197,1571,Shamela0004473,3449,825,1158,222,72
432,1338,1571,Shamela0004473,9989,1150,1384,188,99
432,1338,1571,Shamela0005446,79,316,549,187,99
432,1400,1571,Shamela0008473,1880,660,832,137,99
432,1338,1571,Shamela0008473,3715,16,250,188,99
432,1338,1571,Shamela0023591,5534,106,340,188,99
432,1338,1571,Shamela0023591,5540,1066,1300,188,99
432,1327,1571,Sham19Y0023618,1330,501,760,197,94
432,1338,1571,JK000791,1823,768,1002,188,99
432,1338,1556,Shamela0023578,2430,1347,1564,175,99
432,1338,1571,Sham19Y0023608,3075,1115,1349,188,99
432,1411,1571,Shamela0010523,145,0,161,129,99
432,1338,1571,Shamela0012884,3989,30,264,187,99
432,1338,1571,JK009270,3824,351,585,188,99
432,1338,1571,Rafed0001713Vols,2006,276,510,188,99
432,1197,1571,Shamela0010875,931,183,488,213,68
432,1361,1571,Tafsir07076,520,0,211,168,99
432,1231,1571,Tafsir07076,7407,1135,1374,148,47
432,1338,1571,Shamela0021821,1449,157,391,188,99
432,1338,1571,Shia003986,380,1174,1408,188,99
432,1323,1571,Shamela0023632,2803,993,1263,198,91
432,1338,1565,Zaydiyya0000476,681,837,1064,182,100
432,1338,1565,Zaydiyya0000476,687,794,1021,182,100
432,1338,1571,JK001496,1757,107,341,188,99
432,1400,1571,Shamela0000894,2441,1169,1341,137,99
432,1180,1571,Shamela0000894,4547,834,1201,221,68
432,1338,1571,Shamela0008381,188,1114,1348,188,99
432,1338,1565,Shamela0008381,251,1306,1532,182,99
432,1338,1571,Shamela0008381,6182,520,754,188,99
432,1332,1571,Shia001174Vols,2978,711,951,193,99
432,1338,1571,Sham19Y0016953Vols,693,285,519,188,99
434,445,777,Shamela0001417,1037,1004,1225,150,53
435,1286,1545,Shamela0001340,235,423,671,170,79
435,722,959,Shamela0001417,1037,1252,1488,181,96
435,1328,1498,JK010001,2693,877,1058,123,86
436,244,943,Shamela0001403,72,313,956,193,26
436,244,1112,Shamela0001340,236,476,1387,252,23
436,655,771,Shamela0007798,7288,356,472,93,100
436,244,839,Shamela0009086,155,218,777,177,28
436,713,882,Shamela0009856,157,1249,1380,91,68
437,225,738,JK009362,6184,227,808,245,42
437,486,738,JK000082,68,902,1153,204,99
437,225,738,QuranAnalysis001,174,310,858,245,45
437,481,600,Tafsir04056,5929,637,756,98,100
437,225,717,JK009268,3700,1047,1573,227,43
437,467,738,Shamela0010273,2336,48,330,213,92
437,486,621,Shamela0006947,2335,1465,1599,110,99
437,234,738,Shia001432Vols,2504,320,758,249,57
437,510,738,Shia001432Vols,28463,0,229,185,99
437,510,738,Sham19Y0020891,4745,582,1191,177,35
437,472,738,JK009396,1148,791,1070,208,90
437,225,738,Shamela0029743,805,821,1420,247,44
437,492,738,Rafed0003257Vols,4177,182,429,200,99
437,492,738,JK009266,7249,475,721,200,100
437,570,819,Shamela0001340,237,401,652,176,82
437,492,750,JK007018,558,266,530,208,96
437,826,1355,Shamela0001417,1038,220,624,305,72
437,492,738,Masaha000554Vols,4247,1101,1342,188,93
437,492,665,Shamela0000041,1963,743,916,141,100
437,225,621,Sham19Y0147312,1565,1084,1514,150,33
437,570,738,Shamela0004473,8008,17,185,136,100
437,587,738,Shamela0008473,3658,0,151,122,100
437,498,738,Shamela0023591,5458,0,241,195,99
437,492,738,Shamela0023591,5485,1226,1473,200,99
437,492,738,Sham19Y0023618,1311,519,766,200,99
437,492,750,JK000791,1798,1314,1572,210,100
437,492,671,Shia002380Vols,595,1279,1550,142,64
437,492,738,Shamela0023578,2400,1103,1350,200,99
437,492,738,Sham19Y0023608,3018,524,771,200,99
437,225,738,Shamela0010523,122,872,1420,245,45
437,472,738,JK009270,3709,1087,1366,208,90
437,492,738,Rafed0001713Vols,1969,242,489,200,99
437,492,738,Shamela0023628,2751,439,686,200,99
437,486,656,Zaydiyya0000044,207,1006,1176,138,100
437,492,738,Meshkat0014420,3614,375,621,200,100
437,492,665,ShamAY0007299,3711,632,805,141,100
437,472,747,Shamela0021821,1424,1185,1449,216,96
437,1295,1585,Shamela0012027,421,1074,1561,215,52
437,467,738,Shamela0023632,2766,4,286,213,92
437,492,738,Shia002356Vols,905,806,1051,198,98
437,486,708,Zaydiyya0000080,360,727,881,113,63
439,0,231,Shia001432Vols,1774,1392,1497,73,40
439,160,276,Shamela0037475,129,1320,1521,85,53
439,160,276,Shamela0010551,301,677,872,85,55
440,998,1235,Tafsir06051,355,476,696,170,88
440,1247,1522,Tafsir04056,6201,507,768,112,35
440,798,1114,Shia001432Vols,541,990,1445,154,33
440,737,1114,Shia001432Vols,18609,1250,1521,171,57
440,1247,1373,Shamela0029677,1070,366,492,103,100
440,998,1120,Shamela0012293,2192,64,184,96,96
440,1218,1583,Shamela0001340,243,430,797,275,92
440,1252,1522,JK010001,3145,76,734,209,39
440,1247,1373,Hindawi030353837,306,1299,1425,103,100
440,1218,1522,Shamela0004473,8097,1158,1551,222,69
440,1247,1522,Shamela0004473,16473,727,866,110,50
440,1247,1522,Shamela0007798,7671,672,811,111,50
440,1252,1522,Shamela0000432,3845,1067,1404,205,75
440,1252,1436,Tafsir07055,3233,1437,1624,141,91
440,1252,1522,Tafsir07055,3234,323,458,108,50
440,1218,1379,Rafed0003726Vols,1129,1114,1258,110,84
440,1011,1218,Rafed0003799Vols,383,878,1357,150,38
440,1252,1373,Sham19Y0014592,1482,230,351,99,100
440,1247,1471,Sham19Y0014592,2504,948,1238,168,69
440,1252,1414,Shamela0000894,4651,4,228,121,64
440,1235,1373,Tafsir07057,4223,58,196,110,97
440,1247,1373,Shamela0001390,173,1214,1340,101,97
441,0,250,JK000330,1063,357,679,188,73
441,0,250,JK000375,109,837,1413,188,40
441,0,111,Tafsir04056,589,44,155,88,100
441,0,111,Shamela0006947,8218,591,702,88,100
441,0,250,Shia001432Vols,3194,211,786,187,40
441,0,250,JK000381,2700,333,620,111,42
441,0,250,JK000373,293,274,726,188,52
441,0,250,Kraken220413202320,6,967,1214,182,91
441,0,384,Shamela0001340,243,797,1141,243,75
441,0,255,Hindawi030284964,57,107,378,199,91
441,0,255,Shamela0004473,8098,87,379,194,83
441,0,243,Kraken220413194022,3075,247,812,179,39
441,0,204,Shamela0003580,81,936,1165,95,47
441,0,220,Tafsir02102,3909,686,894,157,89
441,0,250,ShamAY0038316,147,342,629,111,42
441,0,115,Sham19Y0014592,1481,1437,1552,88,97
441,0,195,Shamela0009856,160,261,484,88,45
443,773,1120,JK009362,6894,335,580,191,66
443,779,1115,JK009362,7119,1200,1426,182,66
443,768,1095,Tafsir10066,1581,512,1159,155,26
443,779,1115,QuranAnalysis001,203,1143,1368,182,66
443,768,1115,JK000330,1063,303,539,190,67
443,784,1108,Zaydiyya0000062,1714,377,591,172,65
443,773,1115,JK000375,109,788,1019,187,67
443,779,933,Tafsir04056,589,0,155,123,99
443,157,531,Tafsir04056,6201,518,768,113,29
443,773,1076,Tafsir04056,6424,653,1174,157,32
443,779,1115,JK009268,4030,70,295,182,66
443,794,1115,Shamela0010273,2787,0,210,170,65
443,779,1095,Shamela0001388,68,1272,1505,173,67
443,779,947,Shamela0006947,8218,547,716,127,94
443,773,1115,ShamAY0033108,1580,20,251,187,67
443,779,1115,Shamela0037458,3777,52,277,182,66
443,779,1115,Shia001432Vols,2512,281,506,182,66
443,768,1115,Shia001432Vols,3194,157,393,189,67
443,779,1115,Shia001432Vols,4686,83,308,182,66
443,779,1115,Shia001432Vols,24160,1179,1407,182,66
443,779,1115,Sham19Y0020891,5525,781,1007,182,66
443,763,881,JK000381,2700,274,392,90,91
443,768,928,JK000381,8179,510,670,128,100
443,779,1067,JK009396,1369,1438,1614,142,61
443,779,1115,Shamela0029743,944,822,1047,182,66
443,849,1115,Meshkat00042488,1513,0,569,105,18
443,779,1115,Rafed0003257Vols,4588,284,509,182,66
443,768,1531,JK000373,293,220,564,273,44
443,779,1115,JK009266,7901,442,667,182,66
443,779,1115,Tafsir04042,1950,930,1230,182,54
443,843,1095,Tafsir03097,1409,708,1233,117,22
443,157,928,Shamela0001340,243,605,903,223,36
443,779,1108,Masaha000554Vols,5175,1103,1322,174,65
443,779,1120,JK006478,7901,38,273,186,66
443,779,1115,ShamAY0036821,1678,321,545,180,66
443,779,933,Hindawi030284964,57,64,218,123,100
443,779,1115,Sham19Y0147312,1745,0,225,182,66
443,773,947,Shamela0004473,8098,38,218,133,88
443,779,1115,ShamAY0034059,5811,1095,1322,182,66
443,773,928,Shamela0007798,7999,149,304,124,100
443,773,1115,Kraken220413194022,3075,198,427,186,66
443,779,1115,Shamela0008473,4168,1237,1462,182,66
443,768,921,JK006950,2480,1442,1594,123,99
443,779,1108,ShamIbadiyya0000075,796,576,850,173,60
443,779,1115,Shamela0023591,5977,772,997,182,66
443,779,1115,JK000791,2034,842,1067,182,66
443,779,1095,Shia002380Vols,685,1333,1583,156,54
443,872,1115,Shamela0023578,2742,0,132,107,54
443,779,1115,Shamela0023578,2744,442,793,184,54
443,779,1115,Tafsir06048,1012,674,1059,176,46
443,779,1115,Rafed0003943Vols,1369,355,580,182,66
443,800,1120,JK000818,566,0,300,164,50
443,779,1115,AOCP202502141169Vols,2238,267,938,173,27
443,779,1115,Sham19Y0023608,3419,583,808,182,66
443,791,1115,JK009270,4427,0,213,172,65
443,779,1115,Shia002382Vols,1592,936,1301,170,47
443,881,1103,Meshkat00042485,5786,578,741,89,44
443,779,1115,Tafsir02102,3465,602,854,175,59
443,779,933,Tafsir02102,3909,643,797,123,100
443,763,881,ShamAY0038316,147,283,401,90,91
443,773,1115,Meshkat0014420,4020,1142,1373,187,67
443,834,1115,JK006476,1551,0,173,137,60
443,779,1120,Shamela0021821,1618,1208,1438,186,67
443,768,1120,Sham19Y0014592,47,1384,1625,194,68
443,768,933,Sham19Y0014592,1481,1383,1548,131,99
443,768,1120,Sham19Y0014592,1572,351,834,152,29
443,779,1120,JK001496,2038,277,512,186,66
443,779,1115,Shia002356Vols,1061,755,981,180,66
443,773,893,Tafsir07057,4568,1518,1637,97,99
443,779,1120,JK000865,616,1077,1546,172,37
445,1116,1483,JK009362,6255,413,789,289,94
445,1116,1483,QuranAnalysis001,176,120,487,299,100
445,1190,1476,Zaydiyya0000062,1522,930,1291,221,75
445,1116,1419,JK009268,3718,1353,1655,248,99
445,1219,1483,Shamela0010273,2359,997,1261,216,100
445,1116,1483,Shamela0006947,7614,974,1340,298,99
445,1290,1483,Shamela0037458,3235,1051,1244,155,98
445,1116,1483,Shia001432Vols,541,729,1096,299,100
445,1105,1483,Shia001432Vols,28796,573,952,303,98
445,1116,1483,JK001110,53,190,557,299,100
445,1116,1483,Shamela0029743,813,597,964,299,100
445,1299,1483,Meshkat00042488,1327,368,754,149,47
445,1116,1483,Rafed0003257Vols,4203,952,1319,299,100
445,1116,1483,Hindawi061638096,72,535,902,299,100
445,1116,1483,JK009266,7278,628,995,299,100
445,1116,1483,Shamela0012293,1455,624,945,230,77
445,1200,1535,Shamela0001340,246,0,315,252,92
445,1116,1483,Shamela0000041,1976,788,1154,298,99
445,1116,1387,Sham19Y0147312,1575,857,1140,222,95
445,1284,1483,Hindawi059616186Vols,1708,0,199,162,100
445,1190,1381,Shamela0008473,3684,861,1062,153,92
445,1116,1483,Hindawi085315384,18,608,975,299,100
445,1116,1445,Shamela0023591,5495,1316,1644,269,99
445,1219,1483,Shamela0023591,5507,0,264,216,100
445,1116,1483,Sham19Y0023618,1320,786,1153,299,100
445,1116,1483,JK000791,1809,1137,1504,299,100
445,1116,1483,Shamela0023578,2417,185,552,299,100
445,1274,1483,Shamela0023578,2418,44,284,164,84
445,1116,1483,Sham19Y0011326,36,132,499,299,100
445,1116,1483,Rafed0003943Vols,1243,263,630,299,100
445,1299,1483,Shia001373,22,175,355,146,97
445,1091,1483,Shamela0010523,134,370,759,306,96
445,1116,1483,Shamela0012884,3959,666,1032,298,99
445,1120,1377,JK009270,3768,0,257,211,100
445,1206,1483,Rafed0001713Vols,1986,754,1058,222,89
445,1116,1483,Sham19Y0029676,44,283,649,295,98
445,1190,1483,Sham19Y0014404,1136,942,1642,230,40
445,1116,1483,Shamela0023628,2764,467,834,299,100
445,1105,1483,Meshkat0014420,3640,943,1321,308,100
445,1116,1483,Tafsir07076,5135,12,378,298,99
445,1116,1483,JK000021,60,293,660,299,100
445,1290,1483,Shamela0023632,2782,581,779,149,93
445,1299,1492,JK001496,1738,14,572,150,33
445,1116,1483,JK000101,442,580,947,299,100
446,1191,1545,Tafsir07055,3315,987,1508,157,31
446,1191,1323,Shamela0021821,1750,878,1356,108,27
447,778,1112,Shamela0001340,248,17,300,173,65
449,0,493,JK009362,6256,648,763,91,23
449,1103,1514,JK009362,7348,418,818,160,37
449,0,562,JK009265,213,316,470,113,25
449,1239,1516,Tafsir10066,1649,292,935,132,24
449,0,493,QuranAnalysis001,177,369,484,91,23
449,1103,1311,QuranAnalysis001,211,1221,1535,104,39
449,0,486,Zaydiyya0000062,1531,764,873,85,22
449,1103,1306,Zaydiyya0000062,1777,791,1257,97,26
449,0,493,JK009268,3737,483,598,91,23
449,1103,1514,JK009268,4110,976,1363,160,38
449,1103,1311,Sham19Y0020966,320,1125,1437,83,29
449,0,493,Shamela0010273,2374,823,938,91,23
449,1069,1462,Shamela0010273,2888,1170,1558,150,36
449,1201,1516,Shamela0010273,2889,928,1327,132,35
449,0,493,Shamela0037458,3251,1229,1344,91,23
449,1103,1514,Shamela0037458,3893,293,680,160,38
449,0,493,Shia001432Vols,24159,421,539,91,23
449,0,493,JK009396,1168,168,283,91,23
449,1069,1311,JK009396,1408,7,348,113,39
449,0,493,Shamela0029743,818,158,273,91,23
449,1097,1369,Rafed0001140,386,773,1016,73,30
449,0,493,Rafed0003257Vols,4224,1335,1450,91,23
449,0,493,JK009266,7298,661,776,91,23
449,1103,1514,JK009266,8054,97,484,160,38
449,0,493,Tafsir09084,1892,1107,1320,89,20
449,1239,1514,Tafsir09084,2189,875,1261,135,41
449,1201,1516,Shamela0001340,280,307,609,129,40
449,0,493,JK007018,568,436,551,90,23
449,1103,1291,JK007018,696,1239,1539,88,35
449,17,582,JK010001,850,702,856,73,14
449,94,196,JK010001,3017,14,116,79,100
449,0,499,JK006478,7268,1077,1200,96,24
449,1103,1318,JK006478,8066,206,530,110,40
449,0,493,Shamela0000041,1983,1186,1301,91,23
449,1201,1516,Tafsir09083,1379,687,1275,138,29
449,0,493,Sham19Y0147312,1581,690,805,91,23
449,1103,1311,Sham19Y0147312,1778,431,745,104,39
449,0,499,Shamela0007798,7366,59,454,107,18
449,1239,1467,JK000465,3605,606,964,121,38
449,1103,1311,Shamela0008473,4258,592,906,104,39
449,1239,1514,Shamela0008473,4259,533,1134,133,25
449,0,493,Shamela0023591,5522,594,709,91,23
449,1103,1514,Shamela0023591,6064,637,1024,160,38
449,0,493,Sham19Y0023618,1324,827,942,91,23
449,17,582,Tafsir07055,904,700,854,73,14
449,94,196,Tafsir07055,3107,1203,1305,79,100
449,0,493,Shamela0023578,2422,299,414,91,23
449,0,493,Shamela0023578,2424,658,811,81,19
449,1103,1514,Shamela0023578,2800,655,1042,160,38
449,1185,1516,Tafsir06048,1042,1042,1376,136,42
449,0,493,Rafed0003943Vols,1247,1390,1505,91,23
449,1103,1311,Rafed0003943Vols,1406,1024,1338,104,39
449,0,493,Sham19Y0023608,3058,1196,1311,91,23
449,1069,1311,Sham19Y0023608,3527,999,1334,114,39
449,0,493,Shamela0010523,139,1154,1269,91,23
449,0,493,Shamela0012884,3966,1234,1349,91,23
449,0,493,JK009270,3790,67,182,91,23
449,0,471,Rafed0001713Vols,1994,1539,1631,72,19
449,1103,1514,Rafed0001713Vols,2374,424,811,160,38
449,0,493,Sham19Y0014404,1141,74,420,121,25
449,0,493,Shamela0023628,2771,802,917,91,23
449,1092,1311,Sham19Y0148531,200,698,791,62,36
449,1103,1514,Tafsir02102,3523,654,1414,153,21
449,0,493,Meshkat0014420,3652,416,531,91,23
449,1092,1514,Meshkat0014420,4114,85,483,169,39
449,0,493,JK006476,1336,445,563,91,23
449,0,499,Shamela0021821,1442,120,594,125,22
449,0,493,Shamela0023632,2792,1429,1544,91,23
449,1097,1282,ShamAY0034106,284,716,1152,84,23
449,0,493,JK001496,1746,971,1442,96,14
449,0,493,Shia002356Vols,919,745,859,90,23
449,1103,1514,ShamAY0037387,83,571,959,160,38
450,1030,1225,ShamIbadiyya0000730,64,173,551,148,48
450,378,786,Shamela0001340,250,0,484,199,42
450,1024,1225,JK010001,2777,263,486,155,86
450,1019,1225,Tafsir04040,1212,1143,1348,144,85
450,1024,1225,Tafsir07055,2867,193,414,156,87
450,410,532,JK001098,61,941,1122,92,60
450,1030,1225,Sham19Y0016953Vols,1438,463,700,153,78
452,19,280,Shia001432Vols,18084,1311,1546,184,88
452,1125,1258,JK007081,136,732,857,92,85
452,22,458,Shamela0001340,250,746,1187,291,76
452,27,381,JK006478,1337,704,1070,234,71
452,128,381,Shamela0008473,2648,0,136,102,50
453,93,592,Noorlib0015842,13,466,1020,99,12
454,195,337,Rafed0003799Vols,1775,892,1167,101,46
456,1329,1561,JK006476,1411,838,1402,102,22
457,0,426,JK009362,6580,1058,1428,202,50
457,0,503,QuranAnalysis001,186,88,699,244,40
457,0,387,Zaydiyya0000062,1613,135,437,179,50
457,213,352,Sham19Y0007849,180,126,259,99,88
457,0,503,JK009268,3823,446,1055,243,40
457,0,426,JK007040,1566,743,1113,202,50
457,295,430,Sham19Y0013252,5760,829,973,93,75
457,218,503,Shamela0029743,859,108,640,192,44
457,218,426,JK009266,7459,411,700,149,64
457,218,387,Meshkat00057178,2992,1013,1434,110,32
457,295,426,Shamela0023775,907,859,986,101,96
457,0,503,Shamela0023591,5653,369,978,243,40
457,218,426,Shamela0023591,5664,1120,1410,149,64
457,295,469,JK000791,1883,372,751,120,40
457,218,426,Rafed0003943Vols,1283,62,352,149,64
457,0,387,Shamela0023628,2867,846,1145,179,51
457,207,426,Meshkat0014420,3776,117,418,154,62
457,218,426,Rafed0003799Vols,2368,400,690,149,64
457,218,426,JK001496,1836,416,707,150,64
460,820,940,Shamela0007798,7779,79,356,82,36
462,871,1039,Shamela0001403,79,474,632,120,89
462,1266,1513,Shamela0001417,846,0,195,149,72
463,1074,1276,Sham19Y0145435,4938,511,1135,147,28
463,778,1322,Shamela0001340,263,230,570,212,43
463,164,982,Shamela0001417,846,127,466,226,33
463,1081,1276,JK000942,16,452,634,139,85
463,1074,1276,Hindawi085315384,19,15,512,150,36
463,1081,1276,Shamela0001404,25,910,1139,155,83
463,1081,1212,Shamela0009086,174,710,853,62,55
464,938,1054,Shamela0026047,24,231,347,95,100
464,938,1054,JK000942,33,585,701,95,100
464,938,1054,Shamela0007798,6643,1408,1524,95,100
464,926,1054,Meshkat0014420,3241,1410,1537,98,91
469,20,126,JK006478,7698,1189,1295,85,100
470,1230,1519,JK009266,7737,88,394,203,78
470,1230,1502,JK006478,7699,562,864,211,85
471,846,1373,JK006478,7725,622,1193,379,79
472,334,827,JK009362,7889,661,1149,221,41
472,310,827,QuranAnalysis001,225,75,572,229,42
472,300,767,JK001420,734,658,1172,171,30
472,332,827,JK009268,4230,303,773,223,42
472,332,767,Shamela0010273,3101,1152,1470,194,48
472,932,1084,Shia001432Vols,1814,1121,1254,77,60
472,634,827,JK001110,62,337,622,139,60
472,640,827,JK009396,1494,386,665,134,59
472,332,827,Shamela0029743,1038,709,1179,224,43
472,332,827,Rafed0003257Vols,4887,689,1159,224,43
472,640,874,JK009266,8350,739,1061,152,58
472,634,780,Hindawi086148607,121,928,1069,114,95
472,332,827,Sham19Y0013572,1062,433,903,223,42
472,640,1073,Shamela0000041,2412,99,430,162,38
472,629,827,Shamela0004473,1172,872,1172,142,58
472,634,827,Shamela0004473,2955,1075,1360,139,60
472,332,437,Shamela0004473,8206,1050,1155,84,100
472,332,437,Shamela0004473,8209,383,488,84,100
472,640,827,Shamela0004473,8210,425,704,134,59
472,640,827,Shamela0008473,4470,167,446,134,59
472,332,827,Shamela0023591,6289,763,1233,224,43
472,332,827,Shamela0023591,6291,317,787,224,43
472,640,827,JK000791,2180,46,325,134,59
472,321,437,Tafsir07055,3101,1286,1402,93,100
472,332,827,Shamela0023578,2949,952,1422,224,43
472,332,767,Rafed0003943Vols,1469,449,767,194,48
472,18,973,JK000162,755,963,1538,348,41
472,984,1213,JK000162,756,2,223,159,81
472,634,769,Tafsir02096,127,605,740,110,100
472,634,767,Tafsir02096,331,1507,1640,109,100
472,634,827,Sham19Y0023608,3728,152,437,137,59
472,321,437,Shamela0036506,210,946,1062,93,100
472,640,827,Rafed0001713Vols,2519,69,348,134,59
472,640,1029,Shamela0023628,3243,692,1148,186,41
472,640,834,Rafed0003726Vols,1797,962,1248,135,59
472,640,827,Zaydiyya0000044,173,69,348,134,59
472,316,437,Meshkat0014420,4294,803,933,95,91
472,634,827,Meshkat0014420,4297,1255,1539,139,60
472,640,827,Tafsir07076,2172,553,832,134,59
472,332,439,Tafsir07076,7254,1352,1459,85,100
472,629,827,Shamela0021821,1750,878,1162,138,58
472,332,767,Shamela0023632,3307,111,429,194,48
472,926,1073,Shamela0000922,1160,603,913,87,35
473,484,1043,Zaydiyya0000062,1646,978,1531,388,79
473,766,1084,JK000458,2895,928,1216,134,43
473,461,908,Sham19Y0020891,5322,1150,1584,331,90
473,908,1191,Sham19Y0020891,5323,144,435,222,96
473,766,1090,Rafed0001713Vols,2224,209,433,166,62
473,461,990,JK001496,1958,970,1508,394,89
473,990,1191,JK001496,1959,0,209,158,94
474,302,531,Shamela0001340,263,1245,1515,143,59
477,971,1230,Shamela0001340,267,293,552,169,74
478,844,977,ShamAY0002038,9,716,849,106,100
478,849,977,Shamela0001340,267,901,1029,102,100
478,849,977,Shamela0006879,49,523,651,102,98
478,844,983,Shamela0007798,7948,78,217,111,100
478,460,590,Shamela0021821,977,40,482,101,28
483,589,991,JK009362,7121,1079,1471,306,89
483,583,814,JK009265,163,1122,1343,175,93
483,589,991,QuranAnalysis001,205,936,1313,307,93
483,27,285,QuranAnalysis001,209,614,1021,132,41
483,589,792,Zaydiyya0000062,1727,1108,1304,158,94
483,628,984,Zaydiyya0000062,1728,55,880,266,39
483,618,799,Shamela0022593,2271,928,1577,125,23
483,589,991,JK009268,4055,81,458,307,93
483,589,799,Shamela0010273,2807,126,326,164,95
483,745,991,Shamela0037458,3800,1294,1525,187,93
483,589,799,JK009396,1378,77,277,164,95
483,589,889,Shamela0029743,951,663,938,225,91
483,664,991,Shamela0029743,952,687,1507,255,38
483,664,889,Meshkat00042488,1522,447,912,170,44
483,589,991,Rafed0003257Vols,4610,919,1296,307,93
483,664,799,Tafsir09084,2146,863,1220,111,37
483,483,1126,Shamela0001340,271,347,905,389,70
483,589,991,JK007018,679,164,897,307,51
483,589,991,Tafsir07053,208,976,1350,299,91
483,589,894,Tafsir07053,210,262,540,226,90
483,589,792,Masaha000554Vols,5210,751,945,151,90
483,745,991,JK006478,7941,1284,1572,187,80
483,589,925,JK006478,7943,910,1223,253,91
483,579,991,Zaydiyya0000074,112,203,536,253,74
483,589,799,Sham19Y0147312,1753,675,875,164,95
483,745,981,ShamAY0034059,5859,1159,1366,159,83
483,589,975,Shamela0023591,5962,1228,1588,294,93
483,589,882,Shamela0023591,6003,1346,1613,219,90
483,589,799,Sham19Y0023618,1488,1287,1487,164,95
483,589,991,JK000791,2044,879,1256,307,93
483,654,991,Shamela0023578,2751,304,635,259,91
483,589,991,Rafed0003943Vols,1371,726,1103,307,93
483,589,799,Sham19Y0023608,3439,1159,1359,164,95
483,589,991,Shamela0010523,253,995,1372,307,93
483,589,991,JK009270,4456,766,1143,307,93
483,589,894,Rafed0001713Vols,2318,466,744,226,90
483,589,889,Sham19Y0014404,1316,70,848,221,34
483,664,894,Shamela0023628,3043,700,915,175,92
483,589,889,Meshkat0014420,4036,354,629,225,91
483,589,869,JK006476,1562,566,923,198,65
483,589,850,Shamela0021821,1627,400,629,176,82
483,589,1324,Shamela0023632,3105,751,1076,266,44
483,589,889,Shia002356Vols,1067,652,925,220,89
483,664,889,Tafsir02091,1845,155,583,175,50
485,855,1294,Shamela0001340,274,176,546,205,57
486,657,1005,Shamela0001340,276,569,914,231,79
490,118,539,Shamela0001340,282,666,1064,194,45
492,707,896,JK000082,258,1430,1638,150,88
492,670,896,QuranAnalysis001,216,643,878,167,87
492,691,896,JK000064,896,5,207,164,98
492,654,896,JK001420,721,771,980,152,76
492,670,896,JK009268,4150,972,1215,161,81
492,696,896,Sham19Y0017687,77,522,738,163,92
492,660,896,Shamela0010273,2959,1067,1354,172,74
492,707,896,Shamela0006947,3460,1385,1573,153,99
492,707,896,Shamela0037458,3970,109,298,154,100
492,707,896,Shia001432Vols,545,505,694,154,100
492,707,896,Shia001432Vols,22366,1296,1485,154,100
492,660,896,JK001110,61,1010,1281,178,78
492,707,896,Sham19Y0020891,5806,1227,1416,154,100
492,696,896,JK010568,213,958,1172,162,92
492,696,896,JK001305,117,522,722,163,100
492,670,896,JK009396,1440,72,314,162,82
492,707,896,Shamela0029743,1000,485,674,154,100
492,665,896,Meshkat00042488,1585,549,764,172,90
492,707,896,Rafed0003257Vols,4759,578,767,154,100
492,707,896,JK009266,8149,1130,1319,154,100
492,765,1118,Shamela0001340,284,0,365,188,52
492,707,896,Shia001171,18,0,189,154,100
492,696,896,ShamAY0037087,343,657,821,130,79
492,696,896,Shamela0001417,1155,934,1065,100,61
492,701,896,JK010001,3054,372,567,159,100
492,665,896,JK000875,302,1072,1274,165,87
492,744,896,Shamela0012024,266,384,536,123,100
492,696,896,JK001295,404,1197,1397,163,100
492,707,896,Zaydiyya0000076BK16,20,612,801,154,100
492,707,896,Rafed0003591Vols,240,1058,1247,154,100
492,665,896,Sham19Y0147312,1804,1064,1327,169,79
492,707,896,Shamela0004473,1740,145,334,154,100
492,707,896,Shamela0004473,5660,804,993,154,100
492,707,896,JK001327,288,531,720,154,100
492,670,896,Shia004695Vols,562,1210,1443,166,87
492,701,896,JK001131,349,1213,1408,159,100
492,665,896,Shamela0008473,4314,723,994,166,75
492,665,896,Shamela0023591,6162,8,284,171,76
492,707,896,Shamela0023591,6163,1079,1268,154,100
492,665,896,Sham19Y0023618,1563,160,436,171,76
492,707,896,JK000791,2111,907,1096,154,100
492,744,896,Sham19Y0013257,261,1327,1479,123,100
492,744,896,Sham19Y0013257,690,1046,1198,123,100
492,744,896,Sham19Y0013257,811,489,641,123,100
492,684,916,Tafsir07055,3144,988,1233,171,85
492,660,896,Shamela0023578,2838,689,979,173,73
492,707,896,Shamela0023578,2839,611,970,152,52
492,691,833,Sham19Y0017726,307,1409,1550,116,99
492,744,896,Sham19Y0016826,1824,1173,1325,123,100
492,696,896,Rafed0003943Vols,1428,1069,1422,163,56
492,665,904,Shamela0009066,210,515,737,181,92
492,696,896,JK000162,45,1287,1507,163,90
492,665,896,Sham19Y0023608,3589,985,1261,171,76
492,665,896,Shamela0036506,205,182,395,174,92
492,665,896,JK009270,4726,646,901,168,81
492,707,896,Rafed0001713Vols,2419,1200,1389,154,100
492,707,896,Rafed0003726Vols,1321,351,540,154,100
492,707,896,Meshkat0014420,4178,1148,1337,154,100
492,707,896,Shamela0021821,1690,522,710,153,99
492,665,896,Shamela0023632,3209,618,900,171,74
492,744,896,Sham19Y0020562,1216,558,710,123,100
492,707,896,JK000101,442,267,456,154,100
493,369,615,Shamela0022593,2383,1033,1204,88,45
495,1392,1570,JK009362,7772,533,954,134,38
495,1392,1570,QuranAnalysis001,222,140,550,134,39
495,1392,1570,JK009268,4190,1011,1421,134,39
495,1353,1570,Shamela0010273,3045,475,920,151,41
495,1392,1570,Masaha001075,132,99,509,134,39
495,892,1570,Shia001432Vols,6258,844,1612,191,20
495,1392,1570,Sham19Y0020891,5911,830,1240,134,39
495,1369,1570,JK009396,1474,48,487,144,39
495,1392,1570,Shamela0029743,1024,49,459,134,39
495,1392,1570,Rafed0003257Vols,4842,1114,1524,134,39
495,1392,1570,JK009266,8262,276,686,134,39
495,1358,1640,Shamela0001340,287,1057,1306,193,81
495,1392,1570,Sham19Y0147312,1837,467,877,134,39
495,1392,1570,Shamela0023591,6237,387,797,134,39
495,1392,1570,Shamela0023591,6239,524,934,134,39
495,1392,1570,JK000791,2149,1055,1465,134,39
495,1392,1570,Shamela0023578,2889,320,730,134,39
495,1392,1570,Shia002389Vols,2722,1098,1507,134,39
495,1358,1570,Sham19Y0023608,3675,719,1153,149,40
495,1392,1570,Rafed0001713Vols,2468,547,957,134,39
495,1392,1586,Hindawi017506357,41,462,888,137,39
496,38,374,JK009362,7772,635,906,225,80
496,38,374,QuranAnalysis001,222,231,502,225,80
496,125,368,Zaydiyya0000062,1853,1328,1571,204,99
496,125,341,Shamela0023680,462,784,1053,176,78
496,75,307,JK001420,730,408,645,171,85
496,38,374,JK009268,4190,1102,1373,225,80
496,38,374,Shamela0010273,3045,601,872,225,80
496,38,374,Masaha001075,132,190,461,225,80
496,38,374,Shia001432Vols,6258,1292,1564,225,79
496,38,374,Sham19Y0020891,5911,921,1192,225,80
496,38,374,JK000381,2191,34,305,225,80
496,38,374,JK009396,1474,168,439,225,80
496,38,374,Shamela0029743,1024,140,411,225,80
496,189,374,Shamela0029743,1025,583,932,155,53
496,38,374,Meshkat00042488,1619,909,1619,235,39
496,114,307,Shamela0029677,1965,359,552,163,100
496,38,374,Rafed0003257Vols,4842,1205,1476,225,80
496,38,374,JK009266,8262,367,638,225,80
496,125,374,Tafsir04042,2075,1080,1700,203,39
496,38,374,JK007018,732,707,982,225,79
496,1322,1695,Shamela0001417,926,1217,1571,283,92
496,125,374,Meshkat00057178,3354,1076,1573,209,50
496,114,805,JK010001,3412,1170,1498,237,40
496,125,368,Masaha000554Vols,5650,685,922,195,95
496,38,442,Sham19Y0020587,6,26,348,232,69
496,119,374,Shamela0010283,3568,282,590,212,82
496,38,374,Sham19Y0147312,1837,558,829,225,80
496,237,382,JK000087,54,379,524,121,99
496,125,374,Shamela0008473,4389,0,249,209,100
496,38,374,Shamela0023591,6237,478,749,225,80
496,38,374,Shamela0023591,6239,615,886,225,80
496,125,374,Sham19Y0023618,1600,62,311,209,100
496,38,374,JK000791,2149,1146,1417,225,80
496,38,374,Shia002380Vols,736,248,707,221,50
496,226,380,Tafsir07055,3228,1439,1593,122,94
496,114,307,Tafsir07055,3503,1353,1546,163,100
496,38,374,Shamela0023578,2889,411,682,225,80
496,119,374,Shamela0023578,2892,404,943,174,35
496,38,374,Shia002389Vols,2722,1189,1459,225,79
496,38,442,Rafed0003943Vols,1452,1086,1427,243,67
496,125,374,Shia001373,34,79,322,204,97
496,131,382,JK000818,614,680,1085,207,61
496,38,374,Sham19Y0023608,3675,834,1105,225,80
496,32,307,Sham19Y0023608,3677,271,827,179,37
496,125,325,ShamAY0037152,991,472,672,169,100
496,125,374,JK009270,4853,92,341,209,100
496,125,374,Shia002382Vols,2257,847,1096,208,98
496,38,374,Rafed0001713Vols,2468,638,909,225,80
496,38,374,Hindawi017506357,41,553,824,225,80
496,38,374,Shamela0023628,3178,806,1077,225,80
496,237,391,Tafsir02102,676,1098,1257,125,94
496,38,325,Tafsir02102,3607,956,1364,188,51
496,38,313,JK006476,1688,1103,1317,175,75
496,38,374,Shamela0021821,1726,1145,1416,225,80
496,125,805,Shamela0023632,3270,577,918,247,43
496,38,374,JK001496,2196,813,1085,225,79
496,38,374,Shia002356Vols,1147,337,601,214,76
496,119,362,Shamela0009918,186,1112,1725,204,39
496,119,382,JK000101,519,767,1030,219,99
497,1261,1454,JK009362,7890,35,245,137,82
497,1261,1454,JK009265,220,30,316,136,60
497,1261,1454,QuranAnalysis001,225,997,1204,138,84
497,1261,1454,JK009268,4230,1198,1405,138,84
497,1284,1454,Shamela0010273,3112,611,795,113,78
497,1295,1454,JK006896,38,645,818,110,81
497,1261,1407,JK006896,43,170,330,101,80
497,1295,1454,Shia001432Vols,2325,676,849,110,81
497,1295,1454,JK009396,1500,293,466,110,81
497,1261,1454,Shamela0029743,1040,526,733,138,84
497,1278,1407,Meshkat00042488,1645,655,1251,83,17
497,1278,1425,JK009266,8361,858,1064,93,58
497,1295,1454,Shamela0012293,938,765,938,110,81
497,421,524,Tafsir03097,479,997,1100,80,100
497,388,660,Shamela0001340,289,823,1039,162,75
497,1214,1506,Shamela0001340,290,47,333,184,72
497,1295,1454,JK007018,746,135,321,111,76
497,45,380,Shamela0001417,927,0,324,249,91
497,421,524,JK010001,2966,893,996,80,100
497,1295,1454,Masaha000554Vols,5768,321,496,109,79
497,1295,1407,Noorlib0017761Vols,520,1440,1566,73,74
497,1261,1454,Zaydiyya0000132,25,1184,1391,138,84
497,1261,1454,Zaydiyya0000132,84,669,876,138,84
497,1261,1454,ShamAY0036821,1740,210,415,136,83
497,1295,1454,Zaydiyya0000076BK15,18,765,948,99,69
497,1268,1400,Sham19Y0147312,1859,1327,1519,81,53
497,1295,1454,Zaydiyya0000220,129,755,928,110,81
497,1295,1454,Shamela0008473,4477,65,238,110,81
497,1261,1454,Shamela0023591,6290,129,336,138,84
497,1261,1454,Shamela0023591,6299,951,1158,138,84
497,1295,1444,Sham19Y0023618,1628,1376,1538,102,79
497,427,823,JK000791,2152,187,520,124,32
497,1295,1454,JK000791,2184,860,1033,110,81
497,1261,1407,Shamela0023578,2955,1339,1499,101,80
497,1295,1441,JK000001,571,1371,1490,56,51
497,1295,1454,Sham19Y0023608,3735,562,735,110,81
497,1261,1407,JK009270,4938,279,439,101,80
497,1295,1454,Rafed0001713Vols,2526,468,641,110,81
497,1261,1454,Shamela0023596,148,701,908,138,84
497,1261,1454,Sham19Y0014404,1430,440,1123,119,22
497,1261,1454,Meshkat0014420,4305,843,1050,138,84
497,427,891,JK006476,1691,7,373,144,34
497,1261,1454,Shamela0023632,3316,620,827,138,84
498,185,423,QuranAnalysis001,225,873,1182,110,41
498,185,423,JK009268,4230,1074,1383,110,41
498,185,314,JK006896,43,46,231,86,60
498,185,423,Shamela0029743,1040,402,711,110,41
498,616,721,JK009313,988,486,634,80,68
498,45,302,Shamela0001417,898,1297,1538,196,93
498,302,566,Shamela0001417,899,0,264,181,82
498,217,423,Zaydiyya0000132,25,1103,1369,91,39
498,217,423,Zaydiyya0000132,84,588,854,91,39
498,616,721,JK006478,8561,740,888,80,68
498,217,314,Shamela0000041,2414,976,1118,67,61
498,185,423,ShamAY0036821,1740,86,394,113,48
498,185,314,Shamela0004473,3520,0,185,86,60
498,185,423,Shamela0023591,6290,5,314,110,41
498,185,314,Shamela0023578,2955,1215,1400,86,60
498,202,314,JK009257,891,1035,1469,75,22
498,217,314,JK009270,4938,198,340,67,61
498,217,314,Shamela0023628,3246,26,168,67,61
498,202,423,Meshkat0014420,4305,743,1028,95,38
499,321,502,Shamela0001388,80,202,659,103,28
499,113,502,Shia001432Vols,1778,733,1226,165,38
499,946,1158,Shia001432Vols,22022,1252,1432,105,56
499,77,508,JK009313,988,458,626,93,27
499,921,1299,Shamela0001340,291,105,404,179,55
499,946,1214,JK010001,805,817,1345,140,28
499,77,508,JK006478,8561,712,880,93,27
499,337,508,Shamela0007798,8548,963,1456,97,24
499,946,1124,JK000791,2191,916,1201,127,55
499,373,502,JK009270,4984,9,190,79,55
499,916,1158,Shamela0021821,1760,477,815,154,55
500,301,811,QuranAnalysis001,226,541,904,145,28
500,301,811,JK009268,4243,564,927,145,28
500,675,811,Shamela0010273,3127,1470,1606,108,97
500,675,820,Shia001432Vols,22022,1271,1416,112,94
500,675,811,Sham19Y0020891,6055,928,1064,108,97
500,675,811,JK009396,1509,57,193,108,97
500,675,811,Shamela0029743,1045,193,329,108,97
500,675,820,Rafed0003257Vols,4902,196,347,113,91
500,675,802,JK009266,8390,1411,1537,100,96
500,675,919,Shamela0021537,2038,1147,1377,141,69
500,675,811,Shamela0021537,2043,309,445,108,97
500,675,811,Zaydiyya0000386,187,1211,1353,108,92
500,675,811,ShamAY0036031,53,341,477,108,97
500,675,811,Shia001171,476,812,948,108,97
500,675,820,JK010001,805,836,981,116,97
500,675,811,Shamela0000107,831,604,740,108,97
500,675,811,Sham19Y0147312,1867,922,1058,108,97
500,675,811,Shamela0004473,721,318,454,108,97
500,687,811,Shamela0008473,4492,0,124,102,100
500,301,811,Shamela0023591,6309,726,1089,145,28
500,675,811,Shamela0023591,6311,919,1055,108,97
500,675,903,Shamela0022720,25,862,1061,137,73
500,301,811,JK000791,2191,708,1071,145,28
500,675,820,Tafsir07055,857,1182,1327,116,97
500,301,820,Shamela0023578,2967,983,1380,149,27
500,675,841,Rafed0003943Vols,1480,456,603,115,84
500,675,903,Shamela0010463,564,599,798,137,73
500,675,811,Sham19Y0023608,3746,526,662,108,97
500,675,1097,Rafed0001713Vols,2537,155,496,149,32
500,675,811,Meshkat0014420,4321,596,732,108,97
500,675,820,Tafsir07076,282,936,1081,116,97
500,675,924,Tafsir07076,1320,821,1057,143,63
500,675,882,Tafsir07076,4230,259,510,142,67
500,675,820,Tafsir07076,4305,1038,1183,116,97
500,675,820,Tafsir07076,4970,454,966,112,26
500,675,919,Tafsir07076,5735,114,480,141,41
500,675,820,Tafsir07076,6648,125,308,116,77
500,675,820,Tafsir07076,7164,637,781,115,96
500,675,820,Tafsir07076,7416,431,576,116,97
500,675,820,Tafsir07076,8306,848,993,116,97
500,675,820,Tafsir07076,8490,661,904,116,58
500,675,820,Tafsir07076,9313,235,426,116,73
500,675,1106,Shamela0021821,1760,525,850,157,34
500,670,919,Sham19Y0014592,322,607,958,169,56
500,675,903,Shamela0095735,776,268,479,150,80
500,675,903,Sham19Y0017437,366,154,365,150,80
500,675,903,Sham19Y0017437,540,586,797,150,80
501,1128,1327,Shamela0001340,292,638,832,134,79
501,34,743,Tafsir07076,4305,733,1143,184,28
502,764,1045,QuranAnalysis001,226,403,686,121,45
502,92,286,Sham19Y0013550,529,908,1176,117,54
502,764,964,Shamela0010273,3123,937,1477,108,24
502,764,1372,Shamela0001388,79,110,729,189,26
502,866,1372,JK000381,2356,1126,1450,109,23
502,764,964,Shamela0000041,2421,45,627,114,23
502,784,1045,Shamela0008473,4488,971,1402,104,26
502,877,1372,JK009270,4955,1239,1613,117,22
503,0,141,JK001110,62,458,932,86,20
503,815,1058,Sham19Y0036540,1561,816,975,102,50
503,851,1050,Sham19Y0132973,606,172,693,103,23
503,0,150,Tafsir07055,3315,1108,1641,94,21
504,1134,1384,Shamela0001340,293,36,456,164,47
507,329,594,JK009362,8030,1114,1512,183,58
507,489,621,Sham19Y0013550,539,1228,1501,103,47
507,329,612,JK009268,4261,91,507,197,60
507,329,612,Shia001432Vols,2519,404,820,197,60
507,329,559,JK000381,5320,183,443,151,73
507,489,621,Shamela0029677,1176,1082,1214,105,100
507,352,612,Rafed0003257Vols,4931,7,394,192,62
507,329,1119,JK000373,266,502,773,187,29
507,489,618,Tafsir03097,1543,802,1048,103,52
507,346,612,Tafsir07053,254,1339,1571,172,80
507,329,612,Shamela0023591,6343,1015,1431,197,60
507,346,545,JK000805,25,15,229,144,83
507,329,618,Shamela0021821,1781,831,1252,202,61
507,352,559,Shamela0012034,647,0,344,146,53
507,489,621,Zaydiyya0000476,419,137,600,104,28
507,329,607,Shia002356Vols,1191,480,888,191,59
507,329,545,Shamela0009637,26,502,747,150,76
508,1081,1244,JK009362,8096,1258,1422,131,99
508,1081,1244,QuranAnalysis001,230,220,383,131,100
508,1081,1244,Shamela0005756,15521,285,449,131,99
508,544,751,Sham19Y0013550,539,1228,1498,97,40
508,1081,1244,JK009268,4285,635,798,131,100
508,1059,1310,Shamela0010273,3190,1292,1555,158,76
508,1075,1208,Hindawi092028080,14,450,583,107,100
508,1081,1244,Sham19Y0020891,6136,1411,1574,131,100
508,1059,1250,Shamela0004445,173,198,379,141,92
508,1081,1244,JK009396,1540,472,635,131,100
508,1081,1244,Shamela0029743,1062,1300,1463,131,100
508,1059,1208,Meshkat00042488,1676,1022,1306,112,48
508,1081,1244,Rafed0003257Vols,4947,957,1120,131,100
508,1081,1324,JK009266,8543,777,975,150,77
508,10,164,Tafsir03097,1543,22,207,57,35
508,326,775,Tafsir03097,1543,473,1065,165,30
508,1048,1318,Shamela0001340,297,80,391,200,75
508,1081,1213,Masaha000554Vols,5931,1539,1670,106,99
508,1081,1307,Sham19Y0147312,1893,158,353,151,83
508,1064,1244,Shamela0004473,4246,481,665,142,96
508,1075,1244,Shamela0001466,3437,529,709,136,93
508,1070,1208,Shamela0007798,8643,254,392,111,100
508,1081,1244,Shamela0023591,6371,302,465,131,100
508,1070,1244,Shamela0023591,6382,1081,1256,135,96
508,1081,1287,JK000791,2230,1363,1560,145,88
508,1081,1208,Shamela0023578,3025,532,659,102,100
508,1081,1244,Rafed0003943Vols,1507,1021,1184,131,100
508,1059,1244,Sham19Y0023608,3816,1114,1302,144,95
508,1081,1232,Rafed0001713Vols,2576,1223,1374,122,100
508,1059,1244,Shia003721Vols,83,520,695,136,91
508,1081,1244,Shamela0023628,3302,72,235,131,100
508,1070,1244,Meshkat0014420,4390,876,1050,140,100
508,1075,1250,Shamela0021821,1792,311,487,137,97
508,1081,1208,Sham19Y0014592,1541,244,371,102,100
508,1059,1307,Shamela0023632,3387,598,987,159,51
508,1081,1244,JK001496,2285,392,556,131,99
508,1081,1244,Shia002356Vols,1198,1099,1263,131,99
508,1081,1244,ShamAY0037387,172,906,1070,131,99
510,467,723,Shamela0001340,297,1086,1297,123,54
511,982,1142,Meshkat00057178,3473,364,504,77,48
514,36,684,JK009362,8146,775,969,129,24
514,36,684,Rafed0003257Vols,4959,0,462,124,17
514,47,605,ShamAY0035955,317,1350,1606,101,19
517,516,637,QuranAnalysis001,233,649,965,80,31
517,516,637,JK009268,4325,580,896,80,31
517,516,637,Shia001432Vols,1055,749,1064,80,31
517,516,637,Shia001432Vols,30286,1152,1467,80,31
517,493,637,JK001110,63,978,1373,96,30
517,516,637,Shamela0029743,1080,617,933,80,31
517,516,637,Rafed0003257Vols,4991,0,316,80,31
517,516,637,JK009266,8686,240,556,80,31
517,476,893,Shamela0001340,304,452,862,209,54
517,523,637,Shia001367,39,991,1299,75,30
517,516,637,Shia000210,84,44,359,80,31
517,516,637,Shamela0023591,6440,501,817,80,31
517,516,637,Shamela0023591,6442,344,660,80,31
517,516,637,JK000791,2272,265,581,80,31
517,516,637,Sham19Y0023608,3868,666,982,80,31
517,516,637,Meshkat0014420,4451,524,840,80,31
517,493,637,Zaydiyya0000476,337,518,894,89,28
517,493,637,Zaydiyya0000476,408,665,1041,89,28
517,516,637,Noorlib0010827,28,526,842,80,31
517,516,637,Shamela0001524,1962,884,1200,80,31
520,1282,1405,JK009362,8368,1285,1459,86,62
520,1282,1405,QuranAnalysis001,237,1289,1463,86,62
520,1288,1405,Zaydiyya0000062,1996,91,257,83,62
520,1282,1405,Rafed0000185Vols,643,638,812,86,62
520,1282,1405,JK009268,4365,959,1133,86,62
520,1282,1405,Shia001432Vols,6552,1214,1388,86,62
520,1292,1405,Sham19Y0020891,6285,0,164,78,60
520,1282,1405,Zaydiyya0000388,39,740,914,86,62
520,1282,1405,JK009396,1599,10,184,86,62
520,1260,1405,Meshkat00042488,1723,776,1184,98,30
520,1282,1405,Rafed0003257Vols,5055,701,875,86,62
520,1282,1405,JK009266,8800,138,312,86,62
520,1249,1674,Shamela0001340,307,406,747,180,50
520,1282,1405,JK007018,798,248,425,86,61
520,1282,1405,Meshkat00057178,3561,1108,1282,86,62
520,1282,1405,Masaha000554Vols,6172,1123,1296,86,62
520,1282,1405,Shamela0010283,3503,1184,1570,70,20
520,1276,1411,JK006478,9014,998,1263,102,48
520,1282,1405,Shamela0000041,2545,1018,1192,86,62
520,1282,1405,Sham19Y0147312,1935,122,623,86,21
520,1282,1405,Shamela0023591,6479,1373,1547,86,62
520,1282,1674,Shamela0023591,6489,68,404,135,39
520,1282,1405,Sham19Y0023618,1724,988,1162,86,62
520,1282,1405,JK000791,2305,194,368,86,62
520,1282,1405,Shamela0023578,3146,602,776,86,62
520,1282,1405,Sham19Y0023608,3928,1055,1229,86,62
520,1282,1405,Rafed0001713Vols,2657,588,762,86,62
520,1282,1405,Sham19Y0014404,1509,241,637,70,20
520,1260,1405,Shamela0023628,3401,1306,1505,99,62
520,1282,1405,Meshkat0014420,4509,840,1014,86,62
520,1282,1405,JK006476,1849,762,939,86,61
520,1282,1405,Shamela0021821,1849,1260,1434,86,62
520,1282,1405,JK001496,2345,1157,1331,86,62
522,1303,1600,Shamela0001340,310,1036,1323,211,80
522,1308,1482,Shamela0007798,8949,38,230,117,70
522,1323,1514,Tafsir06048,1207,362,994,95,16
522,1298,1568,Hindawi020604026,341,28,284,199,86
522,1298,1449,JK000365,1133,93,263,116,81
522,1318,1543,Zaydiyya0000274,703,272,475,164,88
523,1041,1234,JK009362,8537,612,909,115,48
523,1083,1234,QuranAnalysis001,241,856,1100,101,53
523,1036,1234,Zaydiyya0000062,2035,367,664,113,45
523,1083,1234,JK009268,4397,833,1077,101,53
523,1095,1234,Shia001432Vols,1056,0,232,92,50
523,1041,1234,JK001110,64,779,1057,122,54
523,1083,1234,JK009396,1625,0,244,101,53
523,1083,1234,Rafed0003257Vols,5131,1016,1260,101,53
523,1083,1234,JK009266,8913,0,244,101,53
523,1041,1335,Shamela0001340,311,601,949,172,52
523,1041,1234,Sham19Y0147312,1952,800,1080,116,51
523,1041,1234,Shamela0023591,6535,740,1033,118,51
523,1083,1234,Shamela0023591,6536,728,972,101,53
523,1024,1234,Sham19Y0023618,1748,953,1263,122,50
523,1046,1234,JK000791,2338,1004,1270,111,50
523,1077,1177,Shamela0011285,1,796,896,79,100
523,1041,1234,Rafed0003943Vols,1566,244,524,116,51
523,1083,1234,Hindawi085925824,101,102,346,101,53
523,1041,1234,Sham19Y0023608,3980,695,988,118,51
523,1083,1234,Rafed0001713Vols,2696,458,702,101,53
523,1072,1234,Meshkat0014420,4570,345,600,110,55
523,1041,1234,Shamela0023632,3518,845,1144,118,50
523,1083,1234,Zaydiyya0000476,331,479,723,101,53
523,1083,1234,Zaydiyya0000476,402,640,884,101,53
524,386,571,JK009158,95,131,324,135,80
524,369,869,Shamela0001340,312,37,559,226,44
524,391,805,Shamela0021821,1876,606,844,107,25
526,54,510,Shamela0001417,625,1014,1452,303,75
527,693,821,Tafsir09084,832,380,508,102,100
527,693,821,Shamela0007798,9033,187,315,102,100
527,693,824,JK001414,510,451,582,104,100
528,325,470,Shamela0009924,65,690,839,97,81
528,325,461,QuranAnalysis001,255,829,969,90,81
528,325,461,JK009268,4586,552,692,90,81
528,325,461,Shia001432Vols,22262,1205,1345,90,81
528,325,461,Sham19Y0020891,6737,607,747,90,81
528,325,461,JK009396,1752,1063,1203,90,81
528,325,461,Shamela0029743,1187,289,429,90,81
528,325,461,Rafed0003257Vols,5414,1375,1515,90,81
528,325,461,JK009266,9464,476,616,90,81
528,325,461,Shamela0012293,204,1182,1322,90,81
528,325,461,Shamela0012293,1094,44,184,90,81
528,317,461,Shamela0002300,220,415,582,100,75
528,169,545,Shamela0001340,314,998,1483,228,55
528,325,461,Shamela0006886,5,418,558,90,81
528,325,461,Sham19Y0147312,2067,332,472,90,81
528,325,461,Shamela0008473,5025,580,720,90,81
528,325,461,Shamela0023591,6784,364,504,90,81
528,325,461,Shamela0023591,6785,404,544,90,81
528,325,461,Sham19Y0023618,1846,940,1080,90,81
528,325,461,JK000791,2473,730,870,90,81
528,325,470,Shamela0023578,3381,413,566,96,79
528,325,461,Shamela0023578,3385,716,908,91,56
528,325,461,Rafed0003943Vols,1628,895,1035,90,81
528,325,461,Rafed0001713Vols,2886,976,1116,90,81
528,325,461,Shamela0023628,3629,68,208,90,81
528,325,461,Shamela0021499,14,1304,1444,90,81
528,334,461,Meshkat0014420,4836,1256,1387,86,83
528,325,461,Shamela0021821,1988,609,749,90,81
528,334,473,Rafed0003799Vols,188,415,558,94,83
528,325,461,Shamela0023632,3694,1213,1353,90,81
535,690,1552,Tafsir08090,1646,111,825,439,59
535,732,1552,JK006478,9256,0,878,543,72
535,722,1169,ShamAY0034059,7615,303,706,151,30
535,690,1552,Shamela0023591,6662,0,740,444,58
535,722,1169,Shamela0036569,483,457,854,151,30
536,440,700,JK000906,10982,1005,1377,138,43
536,0,423,Tafsir08090,1646,825,1221,261,72
536,469,847,JK006478,9255,280,879,255,51
536,0,483,JK006478,9256,878,1447,342,68
536,0,423,Shamela0023591,6662,740,1136,257,71
536,110,416,Sham19Y0023608,4096,845,1156,199,73
536,469,761,Tafsir02102,3957,1014,1518,197,46
537,798,1323,JK009362,4452,750,1394,305,57
537,71,495,Shamela0025794,424,976,1469,253,56
537,587,1304,JK000330,952,678,1259,388,65
537,762,1304,Sham19Y0122257,2635,649,1129,326,74
537,157,714,Sham19Y0122257,2636,739,1298,327,65
537,75,714,JK000485,550,840,1445,360,61
537,75,714,JK000485,1405,130,771,365,60
537,723,1131,Shamela0005756,11898,1121,1515,305,91
537,1131,1304,Shamela0005756,11899,0,167,134,96
537,723,1164,JK007045,679,1035,1438,314,86
537,1164,1304,JK007045,680,0,139,111,99
537,71,714,JK000486,155,422,943,302,54
537,723,1304,JK006838,308,875,1438,407,82
537,132,718,JK006838,309,167,715,305,56
537,63,714,JK000475,2482,785,1419,370,62
537,234,803,Shamela0007318,12,13,506,277,56
537,75,714,ShamAY0034005,971,169,830,367,61
537,786,1227,Sham19Y0013252,86,1143,1564,326,89
537,43,714,Sham19Y0013252,1546,277,802,354,63
537,915,1304,Sham19Y0013252,7019,0,384,305,97
537,723,1304,Masaha002028Vols,324,777,1364,445,91
537,171,691,Masaha002028Vols,325,8,567,241,39
537,47,332,JK009408,2256,1120,1408,142,50
537,1027,1304,Shamela0037458,2134,0,265,210,93
537,29,714,Sham19Y0122173,466,742,1443,357,56
537,43,556,Sham19Y0020638,1022,980,1548,268,49
537,723,1119,PV2024060602,1316,1220,1597,296,92
537,1119,1304,PV2024060602,1317,0,182,146,98
537,71,714,PV2024060602,6858,702,1331,487,92
537,723,1304,Sham19Y0018103,3006,1017,1576,441,94
537,47,718,JK000940,133,801,1518,368,55
537,43,272,Sham19Y0020891,6533,1221,1404,121,66
537,961,1304,Shamela0004445,91,0,341,270,97
537,47,718,JK000381,3481,620,1185,408,74
537,43,714,JK000435,418,427,990,359,61
537,43,272,JK000906,10962,966,1139,121,65
537,723,1304,Sham19Y0018176,1820,232,792,442,94
537,926,1308,JK009266,5509,0,364,286,92
537,43,384,JK009266,9155,1198,1524,228,82
537,723,1304,Shamela0009943,291,75,646,399,81
537,81,399,ShamAY0034447,2041,825,1125,194,71
537,738,1304,Tafsir09084,1793,829,1399,433,92
537,945,1304,Tafsir09084,1991,0,357,279,96
537,47,680,JK000022,939,812,1509,353,55
537,43,583,Tafsir01005,5968,129,554,276,63
537,95,476,Shia001237Vols,3224,0,334,193,58
537,790,1304,Shamela0036446,988,951,1439,388,92
537,63,714,Tafsir02100,86,569,1204,376,64
537,723,1284,ShamAY0038638,142,169,693,392,86
537,751,1304,JK009313,696,616,1193,406,84
537,43,234,JK009313,700,1092,1251,118,77
537,824,1304,Shamela0011334,88,39,492,350,87
537,723,1314,Sham19Y0013572,1318,578,1147,428,88
537,723,1180,Sham19Y0148271,1319,1110,1548,344,92
537,1180,1304,Sham19Y0148271,1320,0,123,98,99
537,723,1239,JK000116,181,1056,1548,378,87
537,723,1147,Sham19Y0016684,1635,1190,1596,319,93
537,1153,1304,Sham19Y0016684,1636,0,148,118,98
537,876,1314,JK000201,3952,197,630,268,66
537,43,272,JK007128,456,512,684,120,64
537,43,272,JK006478,9240,992,1175,121,66
537,723,1304,Shamela0000041,1376,251,827,444,92
537,723,1304,Sham19Y0018106,3146,221,781,442,94
537,81,809,JK000799,5,702,1328,301,45
537,866,1304,Shamela0002386,140,0,441,342,93
537,1076,1227,Shamela0002386,141,788,938,121,99
537,287,714,Shamela0002386,142,101,528,258,66
537,723,1304,Shamela0012001,21,3,568,425,88
537,935,1304,Shamela0004473,7515,0,366,294,98
537,723,1239,Sham19Y0150960,1385,1095,1515,320,76
537,81,718,JK007065,455,861,1483,372,66
537,723,1304,JK007065,1074,276,834,442,94
537,132,714,JK000315,7,653,1203,293,55
537,723,1304,Shamela0001466,1424,850,1389,414,87
537,723,1304,Shamela0001466,2699,520,1101,426,86
537,43,594,Shamela0001466,3866,847,1294,300,66
537,723,1119,JK000110,1316,1220,1597,296,92
537,1119,1304,JK000110,1317,0,182,146,98
537,43,790,Shamela0007798,7731,691,1430,473,71
537,43,714,JK009160,397,502,1149,300,46
537,723,1304,Shamela0008473,3526,678,1246,440,93
537,723,1232,Shamela0008473,3923,1078,1565,387,93
537,723,1304,Shamela0021715,7428,36,596,442,94
537,1056,1304,Shamela0021715,7429,6,464,193,52
537,81,935,JK000384,285,222,846,384,52
537,723,1304,Sham19Y0013605,3611,869,1429,442,94
537,91,536,JK000166,6181,161,459,195,54
537,986,1304,JK000166,6181,607,1355,148,23
537,43,786,JK000791,1229,102,739,376,55
537,91,663,Shamela0023700,2720,688,1148,269,55
537,714,1304,Sham19Y0011326,164,153,736,431,87
537,945,1304,Sham19Y0011326,170,139,506,270,88
537,43,583,Shamela0000782,1109,980,1496,398,90
537,81,809,JK006874,16,848,1471,300,45
537,723,1266,JK006870,17,1028,1561,400,88
537,75,714,Sham19Y0018144,2265,483,1147,381,63
537,43,608,Tafsir02011,1436,1079,1489,275,58
537,91,714,Shamela0008210,20,94,734,355,60
537,755,1304,Shamela0012884,4169,0,563,404,85
537,723,1289,JK009270,4025,961,1517,426,92
537,63,327,JK000484,5255,1148,1446,156,59
537,81,803,Shamela0006463,23,836,1446,336,52
537,723,1304,JK009141,1274,692,1234,429,91
537,723,1304,Shamela0023628,2105,930,1470,420,88
537,81,714,Shamela0023628,2107,87,692,385,70
537,71,714,JK009324,576,486,947,334,63
537,43,786,Shamela0021499,81,761,1492,483,74
537,888,1304,Sham19Y0016584,3388,174,586,328,97
537,723,1304,JK009336,388,233,773,416,88
537,723,1304,JK009336,1170,887,1452,431,91
537,81,803,JK009336,1171,500,1186,390,61
537,194,714,Shamela0023653,58,0,546,300,62
537,723,1304,Shamela0009270,214,675,1276,421,82
537,63,563,Shamela0009270,216,996,1489,284,61
537,81,718,JK007043,964,130,754,366,63
537,43,786,JK001492,1032,133,1144,497,59
537,723,1304,Sham19Y0014309,456,263,826,422,87
537,723,1304,Kraken230110004547,209,67,619,428,89
537,996,1304,Kraken230106005528,164,17,301,213,84
537,71,594,JK000140,1073,962,1480,400,93
537,43,272,JK001496,2451,683,871,121,66
537,723,1304,Shamela0000894,107,226,813,443,92
537,790,1308,Shamela0008381,150,0,452,351,83
537,1079,1308,Shamela0008381,279,0,229,180,97
537,723,1304,Shamela0008381,307,183,684,376,80
537,181,714,Sham19Y0001729,2099,0,494,287,60
537,771,1304,Shamela0021766,2329,0,478,384,89
537,587,1304,Shamela0021766,3242,788,1457,471,80
537,743,1304,Shamela0021766,3609,198,759,429,92
537,885,1297,Shamela0021766,3692,0,409,316,93
537,723,1221,Shamela0021766,4602,447,894,323,79
537,43,495,Zaydiyya0000087BK1,23,1135,1483,241,65
537,961,1314,Shamela0021626,19,8,310,230,81
537,1015,1304,Sham19Y0145212,2804,52,338,228,98
537,723,1304,JK000473,247,444,1027,418,84
537,723,1304,Shamela0001524,1117,965,1531,439,93
537,81,718,Shamela0001524,1118,785,1417,354,59
541,916,1074,Tafsir09071,1179,511,672,112,82
541,933,1074,Tafsir09068,1206,318,464,110,95
541,916,1074,JK009268,4501,665,827,124,96
541,916,1106,Shamela0010273,3474,772,960,127,82
541,905,1074,ShamAY0033108,1913,376,559,123,81
541,916,1263,JK009247,32,1096,1524,244,68
541,902,1164,JK000458,3384,1179,1528,179,62
541,1164,1318,JK000458,3385,0,151,122,98
541,937,1243,Shia001432Vols,2620,1015,1405,200,61
541,905,1074,Shia001432Vols,5924,252,446,125,82
541,889,1074,Sham19Y0020891,6583,861,1049,142,94
541,905,1292,Sham19Y0020891,6584,35,679,198,37
541,905,1315,JK000906,11033,662,1157,287,70
541,950,1111,Tafsir05047,979,0,152,106,82
541,905,1074,JK009266,9234,895,1058,117,87
541,916,1074,Shamela0012293,995,1238,1423,119,79
541,905,1074,Tafsir01005,6019,1095,1258,118,87
541,905,1074,Tafsir04042,2286,1231,1426,129,84
541,933,1243,Tafsir01006,1514,495,847,203,68
541,933,1074,Rafed0000705Vols,727,1114,1266,100,76
541,962,1318,JK000876,1618,0,427,251,71
541,921,1074,Masaha000554Vols,72,563,731,120,90
541,905,1074,Masaha000554Vols,6497,718,907,126,85
541,905,1074,Shamela0000041,2674,705,897,128,84
541,905,1042,Tafsir09083,1709,1341,1509,102,76
541,933,1074,Shamela0004473,4171,246,387,110,98
541,905,1054,Shamela0004473,4815,1418,1557,106,90
541,937,1074,Shamela0004473,6256,1334,1490,107,87
541,902,1074,Shamela0004473,7691,210,404,134,87
541,927,1074,Shamela0004473,10132,549,705,110,88
541,889,1074,Sham19Y0150960,1112,810,993,135,90
541,905,1074,Shamela0001466,3914,1149,1340,129,85
541,1120,1318,Shamela0001466,3915,331,574,136,66
541,916,1054,ShamAY0034059,7659,191,359,108,81
541,1147,1318,ShamAY0034059,7660,46,206,124,89
541,927,1299,Sham19Y0023618,1809,386,856,208,50
541,897,1069,Shia002380Vols,836,1294,1452,119,85
541,1124,1318,Shia002380Vols,837,118,329,151,86
541,905,1074,Tafsir04003,4005,590,782,128,84
541,905,1074,Shamela0023578,3302,182,365,128,88
541,377,1318,Shia002389Vols,3126,723,1374,343,40
541,927,1054,Masaha001946Vols,122,169,305,100,93
541,921,1074,Tafsir02096,2169,806,968,117,91
541,1147,1318,Tafsir02096,2170,0,219,111,59
541,1120,1286,Sham19Y0023608,4112,1271,1489,115,64
541,905,1074,Sham19Y0023608,4112,599,799,126,80
541,905,1111,JK009270,5665,295,538,139,70
541,897,1318,Shia002382Vols,1856,883,1405,296,67
541,897,1083,Shia002382Vols,2459,1227,1413,137,91
541,1124,1318,Shia002382Vols,2460,98,327,153,82
541,905,1074,Rafed0001713Vols,2804,1193,1386,129,84
541,933,1214,Meshkat00042485,6872,1198,1523,179,64
541,916,1243,Sham19Y0014404,1592,136,685,181,38
541,921,1074,Shamela0023628,3565,17,185,117,88
541,1120,1318,Shamela0023628,3565,666,906,132,64
541,921,1065,Meshkat0014420,4720,626,769,110,96
541,921,1059,Zaydiyya0000373Vols,618,725,863,106,97
541,905,1074,Rafed0003799Vols,1841,871,1064,129,84
541,905,1074,Shamela0022769,1675,309,504,129,83
541,902,1318,JK001496,2472,922,1417,303,75
541,897,1318,Shia002356Vols,1316,678,1195,305,72
541,905,1074,Tafsir02091,2191,1232,1415,123,81
541,1120,1283,Shamela0021766,4654,1296,1508,112,63
541,927,1299,ShamIbadiyya0000050,6016,498,953,209,53
541,905,1305,Hindawi080306317,17,638,1237,253,53
542,1317,1493,JK000381,2623,70,234,119,85
542,1317,1493,Shamela0021537,73,563,801,120,62
542,1253,1493,Shamela0001340,320,134,356,172,90
542,1331,1473,Shamela0004482,330,239,379,85,66
542,1317,1493,Shamela0004473,2862,165,403,120,62
542,1310,1493,Zaydiyya0000413Vols,785,762,943,119,82
543,157,300,Shamela0001417,630,39,175,106,93
544,1305,1470,Tafsir07055,3744,306,461,122,91
544,1331,1470,Rafed0003799Vols,108,208,347,113,100
545,504,655,JK009362,8969,436,626,108,68
545,504,655,QuranAnalysis001,252,122,310,108,69
545,504,655,Tafsir09068,1216,622,1211,113,23
545,504,655,JK009268,4523,151,339,108,69
545,516,655,Shia001432Vols,2176,0,176,97,66
545,504,655,Sham19Y0020891,6630,159,346,107,69
545,504,655,JK009396,1719,1220,1408,108,69
545,504,655,Shamela0029743,1165,1110,1298,108,69
545,504,655,Shia003744Vols,526,180,369,108,69
545,516,655,Rafed0003257Vols,5330,0,177,98,67
545,504,655,JK009266,9300,934,1123,108,69
545,504,655,Shamela0012293,4907,1380,1567,107,69
545,504,655,Shia002550Vols,345,373,561,108,69
545,480,681,Shamela0001340,321,987,1186,147,81
545,504,655,JK007018,860,30,231,107,64
545,504,655,Tafsir07053,275,992,1181,108,69
545,498,635,JK010001,3466,1278,1578,105,42
545,504,655,Shamela0008473,4966,57,246,108,69
545,504,655,Shamela0023591,6715,378,567,108,69
545,485,655,Shamela0023591,6722,1277,1486,114,66
545,504,655,Sham19Y0023618,1821,1203,1392,108,69
545,504,655,JK000791,2427,972,1160,108,69
545,498,663,Tafsir07055,3558,73,402,128,46
545,504,655,Shamela0023578,3334,501,690,108,69
545,504,655,Rafed0003943Vols,1610,1426,1615,108,69
545,504,655,Sham19Y0023608,4139,593,782,108,69
545,504,655,Rafed0001713Vols,2828,281,470,108,69
545,504,655,Shamela0023632,3645,1087,1276,108,69
545,504,655,JK001496,2490,1071,1261,108,68
545,504,655,Shia002356Vols,1329,265,454,108,69
546,704,1337,QuranAnalysis001,252,593,1166,168,22
546,1187,1536,Tafsir07053,291,1376,1616,115,38
546,564,778,JK000440,46,876,1095,80,29
546,1187,1536,Meshkat00057178,3745,733,1164,117,29
548,726,1054,Shamela0004473,4977,1164,1416,168,58
548,726,1251,JK000162,565,31,811,330,49
550,655,839,QuranAnalysis001,96,391,575,150,100
550,655,839,JK009268,2462,686,870,150,100
550,655,839,Shamela0010273,1190,232,416,150,100
550,655,839,Shamela0037458,1805,720,904,150,100
550,655,839,Shia001432Vols,8847,205,389,150,100
550,655,839,Shia001432Vols,22621,1114,1298,150,100
550,655,839,Sham19Y0020891,2763,940,1124,150,100
550,655,839,Shia004015,294,1291,1475,150,100
550,655,839,JK009396,640,1177,1361,150,100
550,655,839,Shamela0029743,444,460,644,150,100
550,655,839,Meshkat00042488,726,18,609,149,30
550,655,846,Shamela0029677,1177,324,515,155,100
550,655,839,Rafed0003257Vols,2867,471,655,150,100
550,649,839,JK000903,17,673,863,155,100
550,655,839,JK009266,4953,1193,1377,150,100
550,655,839,JK007018,309,136,320,150,100
550,1349,1617,Shamela0001417,859,548,816,195,83
550,655,843,JK010001,1294,500,688,153,100
550,655,832,Masaha000554Vols,2296,211,388,142,97
550,655,839,ShamAY0036821,1164,386,568,148,98
550,655,839,ShamAY0036821,1169,460,642,148,98
550,655,839,Sham19Y0147312,964,657,841,150,100
550,655,839,Shamela0008473,2434,689,873,150,100
550,655,839,ShamIbadiyya0000231,165,52,236,150,100
550,655,839,Shamela0023591,3861,602,786,150,100
550,655,839,Shamela0023591,3884,858,1042,150,100
550,655,839,Sham19Y0023618,838,720,904,150,100
550,655,843,Tafsir07055,1354,875,1063,153,100
550,655,839,Shamela0023578,1543,1017,1201,150,100
550,655,839,Rafed0003943Vols,650,1035,1219,150,100
550,162,751,JK000162,309,1242,1641,190,32
550,751,944,JK000162,310,0,180,146,92
550,655,839,Sham19Y0023608,1874,784,968,150,100
550,655,839,JK009270,2216,135,319,150,100
550,655,839,Rafed0001713Vols,1119,554,738,150,100
550,655,839,Sham19Y0014404,641,272,745,150,38
550,655,839,Shamela0023628,1844,995,1179,150,100
550,655,839,Meshkat0014420,2336,1258,1442,150,100
550,655,839,JK006476,699,177,364,148,97
550,649,839,Shamela0012034,292,490,680,155,100
550,655,839,Shamela0023632,1772,558,742,150,100
550,655,839,Shamela0000922,623,1077,1514,150,42
550,655,839,Shia002356Vols,522,958,1140,148,98
550,655,895,JK000101,410,327,616,169,71
550,659,832,Shia001135,33,1456,1628,140,99
551,0,660,Shamela0001417,859,816,1436,504,92
553,1225,1341,Shia001432Vols,2525,247,416,77,56
553,1051,1432,Shamela0001340,330,142,576,210,50
553,829,1199,Shamela0001417,1046,558,937,299,96
553,1214,1348,Shamela0007798,9451,968,1348,69,22
554,128,634,Shamela0001340,330,885,1252,164,34
555,8,224,JK000162,554,231,394,123,71
562,687,855,Shamela0010527,31,1173,1359,123,78