ms1,b1,e1,id2,ms2,b2,e2,ch_match,matches_percent
1,41,398,Shia001111,1,1043,1420,252,79
1,975,1408,Shia001111,8,250,855,337,68
1,975,1408,Shia002185Vols,1198,492,1111,322,63
1,115,398,Shia001544Vols,128,0,303,193,74
1,975,1408,Shia001544Vols,248,17,622,337,68
1,21,179,Shia001544Vols,306,1319,1499,122,83
1,224,398,Shia001544Vols,307,15,205,138,91
1,12,179,Zaydiyya0000142,1115,1425,1608,135,91
1,21,179,Shia003636Vols,1971,742,907,121,90
1,975,1408,Shia003636Vols,1972,120,725,337,68
1,41,398,Shia003754Vols,673,871,1247,245,77
2,1381,1644,Shamela0012094,5,314,575,201,91
3,964,1504,Shia001111,48,485,1027,427,96
3,1031,1504,Shia001544Vols,811,0,472,369,95
3,1070,1197,Shia001544Vols,879,853,977,102,97
3,1197,1504,Shia001544Vols,880,1270,1580,237,94
3,956,1504,Shia003636Vols,1980,44,581,403,86
3,1306,1444,AOCP202502141237,151,1061,1195,94,85
4,600,1639,JK000089,17,798,1466,477,53
5,102,1227,JK000089,18,11,1125,897,98
6,245,585,JK000069,56,1327,1655,237,81
6,165,650,Shamela0000041,932,724,1225,377,94
6,286,650,Shamela0001438,3709,776,1144,286,95
6,171,650,JK009152,116,853,1303,352,92
6,242,650,Kraken220413194022,2853,587,999,319,96
6,117,534,Sham19Y0016946,39,896,1306,303,91
6,242,658,Tafsir02102,1849,793,1220,318,92
6,286,582,JK008001,98,1160,1459,232,94
6,242,654,Tafsir07057,1974,628,1045,315,93
6,242,568,Tafsir04056,2997,1159,1495,248,90
6,117,658,Sham19Y0013252,478,828,1344,402,93
6,204,658,Sham19Y0013252,479,0,454,358,99
6,117,433,Sham19Y0018103,217,1156,1466,228,91
6,272,650,Sham19Y0017063,55,0,387,295,94
6,286,650,Sham19Y0127677,1981,24,393,287,95
6,245,525,Sham19Y0122257,231,855,1147,213,89
6,117,658,JK000110,28,447,963,402,93
6,762,1553,JK009313,777,0,794,616,91
6,323,767,Sham19Y0014119,21,0,436,274,75
6,245,650,Shamela0006947,2388,610,1028,316,93
6,263,650,Shamela0021766,2059,205,586,293,93
6,242,595,Shamela0021537,3934,1148,1509,278,95
6,254,658,JK009362,3095,1065,1463,309,93
6,257,650,JK009362,4171,595,984,310,98
6,257,509,JK009362,4323,1364,1611,202,98
6,254,650,JK009362,7034,262,661,314,98
6,257,654,JK009362,8281,31,471,309,86
6,257,473,JK009362,9296,376,588,173,98
6,165,530,Kraken220413202218,19,1163,1520,255,83
6,257,650,Hindawi028069053,10,601,991,309,97
6,196,650,JK000122,140,933,1391,342,91
6,299,534,Zaydiyya0000153,63,341,589,180,88
6,176,473,Sham19Y0016584,159,0,306,232,93
6,242,767,JK006888,3,119,582,344,80
6,117,658,Sham19Y0018106,147,488,1004,402,93
6,157,557,Sham19Y0148271,1177,1098,1500,313,96
6,113,650,Rafed0001826,158,475,905,333,77
6,263,798,Sham19Y0013614,69,736,1273,341,76
6,724,1558,JK000166,284,56,895,681,99
6,242,770,Shamela0008514,141,713,1244,354,80
6,267,664,JK009270,3798,15,504,231,51
6,263,650,Sham19Y0016976,185,964,1354,302,96
6,245,650,Sham19Y0127656,20,519,921,320,98
6,242,650,Sham19Y0009763,13,851,1311,324,88
6,254,650,Shia003986,294,710,1091,299,94
6,263,650,ShamAY0033562BK1,69,5,420,296,88
6,245,767,Sham19Y0023608,1373,1004,1482,329,72
6,117,658,Sham19Y0132963,301,246,762,400,93
6,724,1558,Sham19Y0132963,303,475,1300,670,97
6,242,767,Shamela0012884,2017,158,656,349,82
6,742,1228,Sham19Y0132524,2345,1160,1625,277,59
6,117,658,Shamela0009823,458,618,1131,402,93
6,218,767,ShamAY0037387,241,454,963,351,78
6,257,671,Tafsir03033,37,235,625,275,80
6,286,630,Shamela0004473,6802,1289,1628,271,98
6,245,650,Shamela0004473,17099,623,1044,321,93
6,242,650,JK000799,24,766,1200,310,89
6,221,658,Sham19Y0018176,97,0,437,345,99
6,286,650,JK009390,2136,167,536,285,94
6,254,650,JK009390,2139,1072,1478,287,82
6,157,644,JK009141,977,949,1426,366,91
6,242,650,Sham19Y0023618,1717,541,964,322,95
6,157,650,Shamela0001093,2,435,952,362,86
6,82,658,Shamela0021715,377,396,1014,418,83
6,992,1426,Shamela0021715,379,577,1002,217,54
6,546,986,Shamela0021715,381,64,441,223,60
6,165,650,Shamela0005756,893,56,542,384,99
6,233,562,Sham19Y0036110,222,1330,1678,262,93
6,157,557,JK009349,23,1156,1546,289,87
6,245,650,JK007045,35,202,619,309,92
6,117,404,Sham19Y0013605,353,362,624,203,89
6,272,650,Shamela0096283,20,0,381,301,98
6,242,650,JK006874,34,169,602,311,89
6,263,650,Shamela0008473,1957,0,380,301,96
6,242,495,AOCP20251104144,120,1369,1639,184,82
6,157,650,Shamela0001038,519,432,912,363,91
6,263,634,Sham19Y0017791,106,1176,1549,289,95
6,286,650,Shamela0021659,1214,102,470,285,95
6,117,509,Shamela0037837,45,1086,1448,281,88
6,117,658,Sham19Y0016684,88,456,972,402,93
6,242,678,Sham19Y0021575,220,741,1169,321,92
6,242,767,Shamela0012293,6374,314,828,341,79
6,117,658,PV2024060602,28,447,963,402,93
6,242,443,JK009274,876,1194,1443,147,72
6,242,650,Tafsir09084,940,84,506,307,89
6,221,650,Sham19Y0014309,93,13,473,311,82
6,509,1543,Sham19Y0014309,94,624,1579,696,78
6,356,767,Shamela0003055,3565,0,350,259,79
6,117,658,JK009324,90,342,778,329,76
6,117,658,Shamela0005772,16,205,640,333,77
6,171,650,Shamela0010803,383,647,1142,366,91
6,257,650,Zaydiyya0000220,350,143,518,299,95
7,9,542,JK009313,777,794,1371,355,73
7,0,659,JK000166,284,895,1562,522,97
7,659,867,JK000166,285,0,208,166,100
7,0,289,Sham19Y0132963,303,1300,1585,224,97
7,289,867,Sham19Y0132963,304,0,600,457,95
7,77,380,Shamela0021715,379,887,1160,146,55
8,934,1606,JK000805,1,667,1291,471,81
8,1407,1606,Shamela0004473,14727,0,203,143,80
8,1203,1610,JK006876,1,776,1299,302,69
8,1203,1610,Shamela0003055,442,1079,1633,305,66
8,930,1606,Shamela0009637,2,278,902,474,83
9,188,554,JK000094,512,1307,1545,168,55
9,188,420,JK000094,515,974,1257,162,70
9,76,1607,JK000805,3,39,1406,828,60
9,184,365,JK009362,5536,1441,1626,144,95
9,194,525,JK000122,993,1323,1548,174,64
9,177,372,Shia001432Vols,24161,741,945,156,94
9,188,372,Shamela0023628,3093,1271,1513,148,76
9,184,355,Shamela0004473,3845,1348,1518,137,99
9,171,372,Shamela0004473,11572,1058,1257,147,89
9,188,372,Shamela0004473,13370,74,258,148,100
9,188,390,Meshkat00057178,3272,992,1286,155,64
9,76,570,JK006876,2,619,908,216,54
9,76,570,Shamela0003055,443,1040,1345,217,55
9,184,420,JK000187,34,225,474,158,76
9,76,471,Shamela0009637,3,1190,1587,276,79
9,471,1607,Shamela0009637,4,0,1055,547,47
9,168,355,Shamela0000432,5889,670,879,137,82
10,0,255,Shia002356Vols,723,377,630,199,99
10,576,704,Shia002356Vols,784,0,128,101,100
10,266,523,Shia002356Vols,885,561,786,158,78
10,5,207,Shamela0000041,1619,497,1121,158,32
10,454,678,Shamela0000041,1736,1330,1553,177,99
10,266,523,Shamela0000041,1931,287,513,159,78
10,5,260,Kraken220413194022,3139,1158,1390,139,69
10,528,664,Shamela0007798,6697,851,987,105,97
10,454,709,Zaydiyya0000062,1248,104,360,199,96
10,266,523,Zaydiyya0000062,1462,798,1026,156,72
10,0,255,JK000373,185,836,1091,201,100
10,454,728,Meshkat00042488,1145,293,619,200,75
10,266,664,Meshkat00042488,1283,739,1176,195,51
10,454,704,Tafsir02102,2964,881,1302,196,58
10,266,422,Tafsir02102,3178,930,1383,125,34
10,534,664,Tafsir07057,1980,159,289,104,100
10,266,398,JK000458,2623,782,1271,102,26
10,260,422,Tafsir04056,5838,713,1570,125,18
10,260,523,Tafsir02091,1584,505,1063,164,36
10,0,255,JK000791,1503,39,294,201,100
10,454,709,JK000791,1616,293,547,200,99
10,266,443,JK000791,1767,1311,1488,142,100
10,94,271,JK001420,567,941,1142,131,83
10,260,523,Tafsir01005,4439,410,978,170,36
10,0,255,Rafed0003257Vols,3566,208,463,201,100
10,518,709,Rafed0003257Vols,3765,0,190,150,99
10,266,523,Rafed0003257Vols,4093,921,1146,159,78
10,260,523,Tafsir06048,850,655,991,158,54
10,0,255,JK000375,174,1257,1512,201,100
10,0,143,JK000805,3,1406,1548,111,99
10,143,1518,JK000805,4,0,1298,894,74
10,534,709,JK000805,11,227,402,137,99
10,42,255,JK001496,1349,278,495,169,98
10,454,704,JK001496,1459,0,255,196,96
10,82,255,Shamela0021537,381,0,173,137,100
10,114,255,JK009362,5135,1410,1552,113,99
10,454,704,JK009362,5498,6,265,197,95
10,266,523,JK009362,6059,1082,1322,159,73
10,46,255,Shamela0023578,2018,1027,1435,166,51
10,454,709,Shamela0023578,2131,1145,1399,200,99
10,480,678,Shamela0023578,2134,1260,1533,156,71
10,266,523,Shamela0023578,2363,442,668,159,78
10,565,709,JK000906,3247,427,571,112,99
10,114,266,Shia001171,16,581,733,122,100
10,454,646,Sham19Y0147312,1417,1375,1565,152,98
10,266,523,Sham19Y0147312,1544,254,479,159,78
10,5,255,JK006478,6215,1121,1374,197,98
10,454,704,JK006478,6566,1173,1428,196,96
10,266,443,JK006478,7081,87,268,141,95
10,260,523,Shamela0022593,1917,424,1099,165,30
10,266,422,Tafsir09083,1078,244,658,121,36
10,119,255,JK006476,1001,68,207,109,97
10,480,709,JK006476,1107,55,292,179,96
10,266,393,JK006476,1277,1009,1139,102,97
10,255,523,JK006476,1278,375,710,164,56
10,114,255,Shia002382Vols,1166,247,554,113,45
10,266,523,Shia002382Vols,1368,696,1074,157,52
10,443,709,Sham19Y0145435,4935,523,804,209,93
10,5,255,Sham19Y0145435,5064,553,803,197,100
10,0,255,QuranAnalysis001,136,911,1166,201,100
10,454,709,QuranAnalysis001,148,1144,1398,200,99
10,266,523,QuranAnalysis001,169,413,639,159,78
10,5,249,JK009270,3037,1228,1471,192,99
10,454,664,JK009270,3245,1038,1246,166,99
10,266,523,JK009270,3613,881,1105,158,78
10,534,664,Hindawi030353837,264,396,526,104,100
10,0,260,Shamela0029743,633,92,351,204,99
10,454,709,Shamela0029743,694,361,615,200,99
10,266,434,Shamela0029743,784,1336,1503,134,99
10,266,523,Shamela0029743,786,646,986,158,54
10,114,255,Shia001432Vols,539,859,1000,113,100
10,454,709,Shia001432Vols,3458,496,749,200,99
10,101,255,Shia001432Vols,3959,0,154,123,100
10,266,523,Shia001432Vols,3961,1277,1504,159,78
10,114,255,Shia001432Vols,18697,471,612,113,100
10,0,255,Sham19Y0023608,2496,481,736,201,100
10,434,709,Sham19Y0023608,2669,1177,1454,207,93
10,266,443,Sham19Y0023608,2946,663,840,142,100
10,454,704,Sham19Y0014404,970,569,1271,191,34
10,266,448,Sham19Y0014404,1098,1094,1422,145,55
10,454,709,Shamela0012884,3578,337,591,199,99
10,266,443,Shamela0012884,3888,928,1105,142,100
10,94,255,Shamela0021821,1148,1067,1295,128,70
10,454,704,Shamela0021821,1247,1284,1534,197,100
10,266,434,Shamela0021821,1392,1429,1596,134,99
10,266,523,Shamela0021821,1393,20,502,156,41
10,260,523,Shamela0012851,341,733,1092,158,55
10,0,198,Shamela0023628,2413,1300,1497,155,99
10,454,709,Shamela0023628,2537,201,455,200,99
10,448,715,Shamela0023628,2538,557,1019,204,56
10,266,523,Shamela0023628,2719,771,997,159,78
10,5,266,Rafed0003943Vols,1058,690,951,202,98
10,454,709,Rafed0003943Vols,1115,849,1103,200,99
10,266,523,Rafed0003943Vols,1221,392,618,159,78
10,114,255,Shamela0004473,5963,1180,1321,113,100
10,114,255,Shamela0004473,8865,1227,1368,113,100
10,454,664,Shamela0004473,9674,579,789,167,100
10,534,664,Shamela0004473,12825,26,156,104,100
10,0,255,Shamela0010273,1763,874,1129,201,100
10,454,709,Shamela0010273,1965,893,1147,200,99
10,266,523,Shamela0010273,2274,653,879,159,78
10,5,255,ShamAY0036821,1397,766,1012,193,98
10,454,709,ShamAY0036821,1466,255,508,198,97
10,534,664,Sham19Y0013550,401,1359,1489,104,100
10,0,255,Sham19Y0023618,1108,1225,1480,201,100
10,454,709,Sham19Y0023618,1185,852,1106,200,99
10,266,523,Sham19Y0023618,1289,317,543,159,78
10,266,422,Tafsir04042,1684,1020,1541,121,29
10,443,709,Shamela0004445,146,275,565,209,91
10,0,255,Shamela0004445,367,929,1184,201,100
10,42,255,Shamela0004445,368,405,924,108,25
10,260,523,Shamela0004445,390,1000,1232,164,79
10,114,255,Zaydiyya0000476,679,76,217,113,100
10,114,255,Zaydiyya0000476,685,36,177,113,100
10,313,443,Tafsir07076,7308,0,335,101,37
10,443,715,JK000330,267,608,880,215,100
10,0,255,JK001110,46,970,1225,201,100
10,454,664,Meshkat00057178,2626,985,1220,166,88
10,266,664,Meshkat00057178,2833,311,622,181,50
10,42,255,JK007018,439,846,1210,157,53
10,454,674,JK007018,476,1306,1526,173,97
10,266,523,JK007018,544,694,922,159,77
10,454,704,Shamela0010523,5,1245,1495,197,100
10,266,523,Shamela0010523,103,462,688,159,78
10,260,422,Noorlib0038508,103,0,318,130,50
10,114,255,Tafsir07055,921,1036,1177,113,100
10,534,664,Tafsir07055,965,285,415,104,100
10,114,255,Tafsir07055,2963,1303,1444,113,100
10,528,664,Tafsir07055,3109,669,805,105,97
10,266,398,Meshkat00042485,5011,865,1142,103,46
10,114,255,Rafed0003537Vols,281,1360,1504,113,97
10,114,255,Rafed0001713Vols,1556,1278,1419,113,100
10,454,709,Rafed0001713Vols,1693,1245,1499,200,99
10,266,523,Rafed0001713Vols,1922,931,1157,159,78
10,114,255,Shamela0008473,3101,12,153,113,100
10,454,715,Shamela0008473,3289,751,1012,202,98
10,266,454,Shamela0008473,3601,1129,1317,147,97
10,266,523,Shamela0011258,94,955,1181,159,78
10,0,255,JK000102,159,927,1227,200,84
10,114,255,JK010001,867,588,729,113,100
10,534,664,JK010001,910,350,480,104,100
10,114,255,JK010001,2873,1196,1338,113,99
10,528,664,JK010001,3018,1122,1258,105,97
10,114,266,JK010001,3056,1028,1167,96,79
10,54,255,JK009396,922,314,552,124,65
10,454,704,JK009396,992,1112,1362,197,100
10,266,454,JK009396,1126,256,444,147,97
10,114,237,JK009268,140,1491,1613,98,99
10,0,255,JK009268,3148,546,801,201,100
10,454,709,JK009268,3339,655,909,200,99
10,266,523,JK009268,3634,927,1153,159,78
10,114,255,Shamela0037458,2584,370,511,113,100
10,534,709,Shamela0037458,2783,639,813,137,99
10,266,443,Shamela0037458,3136,249,426,142,100
10,266,398,Shamela0037458,3138,868,1333,106,28
10,266,398,JK000465,2984,1102,1464,106,36
10,454,704,Shia002380Vols,522,97,411,197,79
10,266,523,Shia002380Vols,583,724,1017,157,61
10,454,704,Masaha000554Vols,3640,251,506,194,94
10,266,443,Masaha000554Vols,4135,1237,1415,138,94
10,443,704,Tafsir02011,1127,695,1283,203,43
10,42,255,Meshkat0014420,3080,651,864,169,100
10,448,709,Meshkat0014420,3274,1248,1507,205,99
10,249,422,Meshkat0014420,3553,1386,1558,133,95
10,266,422,ShamIbadiyya0000075,682,784,968,125,84
10,565,704,Sham19Y0020891,2131,1161,1300,109,100
10,42,255,Sham19Y0020891,3772,227,440,169,100
10,454,704,Sham19Y0020891,4077,1165,1415,197,100
10,54,255,Zaydiyya0000076BK5,40,0,210,157,94
10,266,443,JK000876,1102,742,1124,138,45
10,443,696,Shia003721Vols,53,1176,1452,199,90
10,0,255,Shia003721Vols,278,958,1213,201,100
10,42,255,Shia003721Vols,279,384,900,109,25
10,260,398,Shia003721Vols,300,1458,1595,111,99
10,42,227,JK009266,6301,1387,1571,147,99
10,514,715,JK009266,6686,0,205,155,96
10,266,448,JK009266,7162,533,719,145,97
10,0,488,Shamela0009637,4,1055,1571,362,85
10,488,1518,Shamela0009637,5,0,986,651,73
10,534,704,Shamela0009637,12,221,391,134,100
10,46,207,Shia002374Vols,150,934,1106,118,87
10,68,207,Shia002374Vols,285,1283,1422,109,100
10,68,207,Shia002374Vols,403,343,482,109,100
10,0,255,Shamela0023591,4804,786,1041,201,100
10,114,255,Shamela0023591,4813,682,823,113,100
10,454,709,Shamela0023591,5036,498,752,200,99
10,523,709,Shamela0023591,5052,0,185,146,99
10,266,523,Shamela0023591,5397,215,441,159,78
10,266,523,Shamela0023591,5424,413,639,159,78
10,114,255,Shamela0023632,2369,764,905,113,100
10,434,709,Shamela0023632,2505,1030,1307,207,93
10,266,523,Shamela0023632,2720,239,465,159,78
11,984,1449,Shia002356Vols,546,1132,1501,125,25
11,836,994,Shamela0000041,1257,187,331,114,89
11,836,1428,Meshkat00042488,762,329,731,218,44
11,1187,1433,ShamAY0034059,2645,1149,1434,140,59
11,195,1461,JK000805,5,0,1074,815,77
11,836,1278,JK001496,994,178,849,214,40
11,984,1269,JK000906,4561,112,561,227,63
11,1269,1488,JK000906,4561,1201,1435,166,86
11,811,1229,Sham19Y0147312,1008,332,1098,191,28
11,836,972,JK006476,737,631,767,110,100
11,836,994,QuranAnalysis001,101,601,745,114,89
11,842,1278,Shia002378,53,0,258,106,26
11,836,994,Shamela0029743,466,876,1020,114,89
11,836,972,Shamela0011379,218,1367,1503,110,100
11,820,972,Shamela0011379,246,145,287,115,93
11,836,1224,Sham19Y0014404,666,840,1160,176,52
11,836,994,Shamela0021821,858,618,762,114,89
11,836,994,Shamela0004473,3499,307,451,114,89
11,836,1224,Shamela0010273,1242,828,1243,170,39
11,836,972,Hindawi046286097,87,1303,1439,110,100
11,875,1252,Shamela0001466,1238,1205,1558,128,33
11,830,1449,Shamela0000922,646,402,735,195,38
11,830,1285,JK009268,2532,727,967,124,34
11,836,994,Shamela0037458,1892,931,1075,114,89
11,820,994,Meshkat0014420,2419,710,860,116,83
11,1192,1433,ShamIbadiyya0000075,412,0,350,144,48
11,984,1433,JK000876,650,417,934,190,37
11,836,972,Shamela0003055,2160,194,330,110,100
11,820,1038,Shamela0003055,3324,1197,1395,129,73
11,820,972,Shamela0003055,3948,553,695,115,93
11,836,972,Shamela0003055,3949,1364,1500,110,100
11,0,602,Shamela0009637,5,986,1514,420,86
11,774,1461,Shamela0009637,6,57,763,550,95
11,836,1269,Shamela0023591,3987,898,1476,205,37
12,1046,1214,Tafsir07057,201,204,380,134,94
12,241,913,JK000805,13,86,937,501,71
12,1257,1666,JK000805,15,1220,1586,235,65
12,1278,1666,Shamela0037325,2541,1015,1347,215,64
12,241,900,Shamela0009637,14,134,980,496,70
12,1485,1666,Shamela0009637,17,0,149,112,75
13,1099,1279,Shamela0007798,690,910,1091,146,98
13,1103,1279,Shamela0010283,3353,170,346,144,100
13,1099,1279,JK001420,72,132,312,147,100
13,425,1221,JK000805,16,507,1621,449,45
13,1099,1296,JK000382,761,717,921,153,92
13,1103,1386,Sham19Y0014404,85,410,657,171,70
13,1103,1279,Shamela0012884,260,811,987,144,100
13,1103,1279,Shamela0008381,794,1252,1428,144,100
13,1078,1279,Sham19Y0020643,275,433,781,110,33
13,425,996,Shamela0009637,17,717,1584,329,41
14,121,328,JK000081,179,1273,1479,168,99
14,335,568,JK000458,1168,97,251,107,51
14,117,261,Tafsir04056,2755,495,639,116,100
14,121,283,Zaydiyya0000034,12,185,347,131,100
14,112,328,Sham19Y0009800,169,531,743,172,98
14,117,915,JK000805,18,643,1598,600,75
14,915,1555,JK000805,19,0,649,419,77
14,335,568,JK000906,3165,189,433,143,66
14,121,311,Shamela0011353,175,689,879,154,100
14,628,1233,Shamela0023735,2958,0,590,458,93
14,121,328,JK000381,1116,542,748,168,99
14,121,261,Shia004092Vols,428,1286,1426,113,100
14,121,311,Shamela0012769,5,46,236,154,100
14,568,1015,Hindawi083863050,56,1034,1482,332,87
14,121,328,Shamela0003055,2438,793,1000,168,100
14,117,580,Shamela0009637,19,961,1593,330,62
14,580,1555,Shamela0009637,20,0,975,689,85
15,19,305,JK000805,19,695,923,187,79
15,1565,1706,JK006950,3939,1037,1179,115,97
15,1526,1706,Shamela0012094,72,915,1096,149,98
15,1565,1706,JK000381,9639,1037,1179,115,97
15,1526,1706,Shamela0011352,34,388,563,140,92
15,19,305,Shamela0009637,20,1021,1245,185,78
16,1016,1166,Shamela0007798,3211,502,652,124,100
16,876,1166,Tafsir02102,624,1298,1590,238,97
16,1093,1561,Tafsir02102,625,13,535,336,70
16,1012,1166,Shamela0008476,8,253,415,127,95
16,1012,1166,JK001420,284,116,270,127,100
16,372,1026,ShamAY0034401,36,783,1510,510,85
16,1026,1564,ShamAY0034401,37,0,671,403,72
16,1012,1166,JK006476,373,201,688,124,31
16,0,266,JK006950,3939,1179,1428,175,79
16,0,573,Shamela0012094,72,1096,1378,201,43
16,276,852,Shamela0012094,73,954,1542,451,95
16,852,1564,Shamela0012094,74,0,703,546,89
16,372,1564,JK000381,808,176,1488,914,84
16,0,266,JK000381,9639,1179,1428,175,79
16,1016,1166,JK000330,274,346,496,124,100
16,1016,1166,JK000330,697,135,285,124,100
16,1008,1166,JK000330,787,275,433,130,100
16,1016,1166,Meshkat0014420,1256,589,739,124,100
16,0,266,Shamela0011352,34,563,837,205,93
16,1008,1166,Shamela0003055,2839,160,318,130,100
17,759,965,Shamela0007603,38,525,723,153,89
17,625,1185,Shamela0008555,85,1034,1482,319,68
17,1289,1504,Shamela0008555,86,6,220,166,98
17,629,1006,JK000116,152,1296,1538,191,61
17,1006,1504,JK000116,153,0,274,201,51
17,759,1224,JK000116,212,1093,1517,310,77
17,688,1504,JK006891,32,1076,1490,277,42
17,629,1500,JK006891,89,874,1345,304,42
17,759,1504,Shamela0030868,261,875,1549,461,73
17,629,1504,Shamela0008532,9,658,1459,594,82
17,625,1504,Shamela0011354,4,892,1299,301,42
17,1289,1488,Shamela0021537,2552,186,729,127,29
17,759,1081,ShamAY0034401,13,603,1003,247,77
17,1121,1363,ShamAY0034401,20,1083,1512,177,52
17,260,1102,Shamela0012094,54,687,1528,566,75
17,1102,1504,Shamela0012094,55,0,402,319,99
17,759,1504,Shamela0012094,217,103,468,276,46
17,629,1500,Shamela0007625,14,219,708,302,41
17,629,1504,Shamela0011379,314,466,1223,560,78
17,625,1347,Shamela0007664,54,1257,1553,218,36
17,1347,1504,Shamela0007664,55,0,153,109,85
17,759,1504,Shamela0007664,214,159,545,288,48
17,1369,1504,Shamela0007664,258,1299,1425,97,91
17,625,1504,Shamela0011353,171,406,831,318,45
17,759,1081,JK000381,786,5,386,233,73
17,1167,1504,JK000381,793,68,817,232,39
17,759,1052,Shamela0004473,10694,1250,1505,197,82
17,1121,1280,Shamela0004473,15809,1192,1437,119,60
17,759,1052,Shamela0004473,17113,96,351,197,82
17,625,1504,Shamela0002386,117,1079,1499,322,46
17,777,1504,Shamela0007663,122,10,372,274,47
17,1301,1500,Shamela0007554,19,1095,1318,133,69
17,629,1344,Shamela0037325,2428,1268,1569,201,34
17,1356,1504,Shamela0036543,116,506,651,100,81
17,625,954,JK006875,7,1202,1505,229,83
17,911,1504,JK006875,8,3,542,413,87
17,1301,1500,Shamela0011079,75,1062,1282,133,70
17,1295,1500,Shamela0003055,182,800,1019,121,65
17,629,1006,Shamela0003055,253,1287,1612,255,80
17,1006,1504,Shamela0003055,254,0,515,363,88
17,684,1500,Shamela0003055,391,0,442,288,42
17,625,1504,Shamela0003055,1169,590,977,296,42
17,701,1504,Shamela0003055,2105,0,597,446,69
17,635,1102,Shamela0003055,2516,1016,1499,316,74
17,1098,1504,Shamela0003055,2517,0,405,313,97
17,688,1504,Shamela0003055,2549,684,1098,277,42
17,759,1003,Shamela0003055,2600,716,948,168,83
17,629,1504,Shamela0003055,2635,32,862,626,86
17,1369,1504,Shamela0003055,2690,1201,1337,101,96
17,663,1500,Shamela0003055,2765,921,1369,278,39
17,1353,1504,Shamela0003055,2844,31,185,109,90
17,629,1500,Shamela0003055,2865,292,764,296,40
17,1353,1504,Shamela0003055,3124,421,575,109,90
17,1301,1500,Shamela0003055,3254,1098,1319,132,69
17,751,1504,JK000348,32,568,966,264,43
17,629,982,JK000348,88,1355,1569,154,53
17,1301,1500,JK000348,89,33,255,136,72
17,629,1500,Shamela0011380,175,704,1183,301,41
17,1319,1500,Hindawi093039714,32,354,507,105,71
18,56,448,Shamela0007603,2,1059,1426,214,60
18,0,625,Shamela0008555,86,220,915,456,77
18,0,448,JK000116,153,274,729,354,94
18,30,448,JK006891,33,5,386,234,62
18,12,180,JK006891,89,1345,1489,113,84
18,30,448,Shamela0030868,262,0,417,321,91
18,97,625,Shamela0008532,10,0,534,383,84
18,1124,1573,Shamela0008532,45,676,1115,342,93
18,0,237,Shamela0011354,4,1299,1551,187,89
18,12,459,Shamela0021537,2552,854,1463,328,64
18,1068,1520,ShamAY0033875,1,43,487,334,89
18,12,636,ShamAY0034401,21,517,1394,431,58
18,1101,1371,JK000098,623,1300,1575,209,91
18,1371,1520,JK000098,624,0,149,120,100
18,0,968,Shamela0012094,55,402,1427,735,87
18,12,453,Shamela0007625,14,708,1069,243,64
18,0,307,Shamela0011379,314,1223,1540,245,94
18,307,615,Shamela0011379,315,0,318,209,76
18,0,453,Shamela0007664,214,545,1042,349,84
18,0,453,Shamela0011353,171,831,1324,349,84
18,12,459,JK000381,793,891,1505,328,64
18,0,425,Shamela0012027,160,1057,1476,325,91
18,1124,1573,JK000385,68,909,1352,353,96
18,12,365,Rafed0000040Vols,947,393,1021,216,37
18,4,453,Shamela0002386,118,0,498,352,87
18,0,453,Shamela0007663,122,372,861,343,83
18,12,217,Shamela0007554,19,1318,1536,150,80
18,12,453,Shamela0037325,2429,169,522,227,59
18,0,625,Shamela0036543,116,651,1293,464,85
18,0,625,JK006875,8,542,1135,411,74
18,12,405,Shamela0011079,75,1282,1583,198,59
18,56,448,Shamela0003055,36,514,883,214,59
18,412,636,Shamela0003055,83,0,237,108,51
18,0,615,Shamela0003055,254,515,1220,455,78
18,12,453,Shamela0003055,391,442,812,227,57
18,0,453,Shamela0003055,1169,977,1479,341,82
18,0,625,Shamela0003055,2105,597,1252,456,81
18,0,653,Shamela0003055,2517,405,1111,429,70
18,30,448,Shamela0003055,2549,1111,1499,236,63
18,0,625,Shamela0003055,2635,862,1503,464,86
18,1124,1573,Shamela0003055,2671,104,541,348,94
18,0,163,Shamela0003055,2690,1337,1500,130,98
18,163,448,Shamela0003055,2691,0,329,223,80
18,1068,1520,Shamela0003055,2753,187,619,331,88
18,12,128,Shamela0003055,2765,1369,1479,88,94
18,128,448,Shamela0003055,2766,0,238,144,53
18,0,625,Shamela0003055,2844,185,853,468,83
18,12,453,Shamela0003055,2865,764,1122,240,63
18,0,625,Shamela0003055,3124,575,1293,461,77
18,12,217,Shamela0003055,3254,1319,1543,150,81
18,4,448,Shamela0003055,3301,184,684,298,69
18,69,440,Shamela0007620,6,0,396,252,73
18,1398,1520,Shamela0000894,1051,1293,1409,93,95
18,16,448,JK000348,32,966,1360,237,62
18,56,448,JK000348,77,445,812,211,58
18,12,453,JK000348,89,255,611,227,58
18,12,425,Shamela0011380,175,1183,1506,217,61
19,292,613,Sham19Y0016953Vols,1238,1007,1230,126,45
19,0,525,Shamela0008532,45,1115,1621,406,95
19,525,913,Shamela0008532,46,0,375,295,93
19,1226,1568,Shamela0011354,140,504,765,197,69
19,284,577,AOCP20251104081,683,1020,1422,193,60
19,0,284,JK006892,65,260,503,191,80
19,689,863,ShamAY0033875,1,498,657,123,87
19,0,284,ShamAY0033875,7,675,1024,201,63
19,689,868,JK000098,624,160,329,129,86
19,314,542,Shia002069Vols,30,466,730,141,67
19,284,577,JK006950,1370,1050,1406,196,69
19,309,424,Shamela0012094,76,601,727,92,91
19,292,686,JK000381,693,1144,1504,172,47
19,284,577,JK000381,7068,97,453,196,69
19,0,240,JK000385,68,1354,1593,197,98
19,240,1176,JK000385,69,0,902,707,93
19,1226,1568,JK000385,158,339,665,261,94
19,284,596,Shamela0096844,38,871,1229,187,60
19,0,284,JK001025,25,1059,1347,230,96
19,292,686,Shamela0012293,625,451,809,174,47
19,0,913,Shamela0003055,2671,541,1433,701,93
19,0,284,Shamela0003055,2752,460,711,200,84
19,689,863,Shamela0003055,2753,630,788,122,83
19,0,284,Shamela0003055,2759,874,1131,201,83
19,695,913,Shamela0000894,802,1381,1591,170,94
20,7,753,Shamela0030868,138,841,1558,534,85
20,53,795,Shamela0008532,48,0,752,558,88
20,7,289,Shamela0011354,94,1214,1497,204,83
20,7,697,Shamela0011354,140,761,1357,456,80
20,1027,1601,AOCP20251104081,680,956,1541,461,96
20,7,454,JK006892,65,756,1179,314,84
20,7,285,ShamAY0033875,7,1173,1433,193,84
20,7,803,Shamela0009943,442,19,779,585,88
20,1037,1601,JK006950,1367,908,1477,453,97
20,7,803,Shamela0012094,182,317,1069,573,87
20,7,364,Shamela0011379,307,1199,1538,259,90
20,364,803,Shamela0011379,308,0,459,345,88
20,7,380,Shamela0007664,219,75,432,273,91
20,1072,1601,JK000381,7065,0,534,424,97
20,0,803,JK000385,158,665,1460,638,98
20,1037,1601,Shamela0096844,35,656,1225,452,97
20,7,478,Shamela0007554,23,293,729,325,83
20,7,803,Shamela0003055,247,313,1109,610,91
20,7,296,Shamela0003055,490,668,947,213,90
20,7,385,Shamela0003055,2673,1132,1521,284,88
20,385,795,Shamela0003055,2674,0,402,303,86
20,143,296,Shamela0003055,2749,785,937,102,82
20,7,296,Shamela0003055,2759,1274,1542,197,83
20,7,478,Shamela0003055,3258,612,1050,324,83
21,333,583,Sham20Y0021786,146,1282,1532,198,95
21,173,947,Sham20Y0021786,149,672,1219,393,60
21,168,1366,Shamela0010517,355,143,816,492,48
21,82,1573,AOCP20251104081,681,0,1552,1172,92
21,168,1366,Shamela0021537,1196,17,690,492,48
21,168,1366,Shamela0021537,2706,886,1558,490,48
21,168,1366,Shamela0021537,3229,150,823,492,48
21,168,1185,ShamAY0035900,25,961,1553,431,49
21,104,1573,JK006950,1368,0,1483,1156,94
21,0,1071,JK000381,7065,534,1618,843,92
21,1071,1573,JK000381,7066,0,508,394,96
21,168,1154,Shamela0004473,1923,991,1550,403,48
21,1154,1366,Shamela0004473,1924,0,111,87,51
21,0,353,Shamela0096844,35,1225,1593,280,94
21,353,1573,Shamela0096844,36,0,1275,957,90
21,168,1366,JK000146,274,441,1114,492,48
21,168,1165,Shamela0000894,1907,643,1215,408,47
22,414,704,Tafsir02102,890,117,363,156,65
22,824,1502,Tafsir02102,891,634,1177,304,50
22,554,716,Shamela0000107,137,924,1079,118,90
22,51,1552,AOCP20251104081,682,0,1578,1078,80
22,534,1502,JK000098,624,370,1210,623,78
22,86,1507,JK006950,1369,0,1471,1098,90
22,557,1419,Shamela0012094,76,168,535,227,32
22,414,704,Shamela0012094,220,687,930,150,62
22,414,704,Shia004518,28,1109,1354,155,65
22,824,1502,Shia004518,30,114,658,304,50
22,414,704,Shamela0007664,174,602,849,156,62
22,0,955,JK000381,7066,508,1538,752,89
22,955,1552,JK000381,7067,0,653,453,82
22,554,704,Shia004519,29,0,145,109,91
22,824,1502,Shia004519,30,376,922,298,49
22,0,326,Shamela0096844,36,1275,1601,260,99
22,326,1544,Shamela0096844,37,0,1398,925,79
22,534,1099,Shamela0007554,24,54,600,418,90
22,229,687,JK000235,46,260,535,182,48
22,534,1391,Shamela0011352,43,632,1511,652,90
22,534,1099,Shamela0003055,3259,338,900,421,90
23,1151,1527,Tafsir02102,891,1177,1385,117,37
23,32,1205,AOCP20251104081,683,0,1544,901,71
23,1205,1568,AOCP20251104081,684,0,372,293,96
23,0,1197,JK006950,1370,34,1520,894,72
23,1197,1568,JK006950,1371,0,380,301,97
23,1151,1527,Shia004518,30,658,866,115,36
23,0,954,JK000381,7067,653,1571,717,91
23,954,1568,JK000381,7068,0,948,481,62
23,1151,1527,Shia004519,30,922,1130,117,37
23,0,217,Shamela0096844,37,1377,1596,173,96
23,217,1335,Shamela0096844,38,0,1537,861,68
23,1335,1568,Shamela0096844,39,0,242,189,95
23,14,981,JK000235,46,795,1498,412,50
24,0,329,Tafsir02102,891,1393,1626,164,55
24,329,495,Tafsir02102,892,0,213,127,71
24,0,1164,AOCP20251104081,684,372,1566,915,92
24,1164,1557,AOCP20251104081,685,0,395,303,93
24,59,1494,JK000098,625,51,1559,1076,85
24,0,1179,JK006950,1371,380,1570,913,91
24,1179,1557,JK006950,1372,0,370,291,95
24,0,495,Shia004518,30,874,1321,291,61
24,0,562,JK000381,7068,948,1536,446,89
24,562,1557,JK000381,7069,0,981,760,93
24,1388,1557,Sham19Y0095660,985,827,997,135,99
24,0,495,Shia004519,30,1138,1585,291,61
24,0,1276,Shamela0096844,39,242,1593,1001,89
24,1276,1557,Shamela0096844,40,0,300,210,85
25,383,1137,Shamela0012094,22,17,729,536,88
26,178,564,Shamela0012094,17,1175,1550,294,93
26,791,1623,Shamela0012094,18,281,1094,647,93
27,1498,1647,Shia001111,59,0,144,114,92
27,1266,1647,Shia001544Vols,1106,1151,1495,265,84
27,0,512,Shamela0012094,18,1094,1620,415,95
27,530,1090,Shamela0012094,19,9,584,458,97
28,1479,1718,Sham19Y0122096,49,57,302,157,75
28,1479,1718,Shamela0023691,1510,54,306,161,78
28,1471,1718,JK000148,2361,659,832,121,57
28,1479,1718,Shamela0001687,6148,834,1025,154,78
28,1479,1718,Shamela0008540,715,19,271,161,78
28,1479,1713,Sham19Y0131521,2094,249,467,133,65
28,1479,1718,Shamela0008353,373,833,1085,167,80
29,740,1582,Zaydiyya0000062,2031,43,702,206,24
29,683,1082,Tafsir07057,5062,652,1553,245,33
29,1058,1453,JK000458,3296,124,395,123,37
29,1254,1447,ShamAY0034059,7283,827,1057,106,57
29,1162,1521,JK001496,2375,753,952,141,48
29,326,491,JK000906,10701,919,1084,130,98
29,689,1023,JK000906,10703,1144,1560,255,75
29,1034,1617,JK000906,10704,366,1549,371,38
29,1169,1278,Shia002378,264,97,407,57,24
29,893,1589,Sham19Y0023608,3973,445,1422,282,32
29,893,1023,Shamela0005433,57,1287,1416,93,91
29,519,872,Rafed0001713Vols,2691,364,958,170,30
29,1162,1278,JK009325,497,1359,1509,84,71
29,1053,1220,JK000465,4041,360,953,73,15
29,1162,1521,Sham19Y0020891,6355,1153,1355,138,47
29,1247,1453,Sham19Y0020891,6356,4,316,99,35
29,882,1215,Shamela0023591,6530,623,1242,205,41
29,524,1453,Shamela0022769,1614,508,1175,239,26
31,1146,1281,Shamela0001000,1600,1336,1482,103,85
31,1146,1371,Shamela0001242,204,772,992,169,91
31,1146,1314,Sham19Y0127698,605,111,300,130,83
31,491,800,Shamela0036075,118,1272,1544,213,85
31,800,1577,Shamela0036075,119,0,765,599,93
31,1146,1314,Sham19Y0029560,448,666,802,99,70
31,1146,1314,ShamAY0032275,100,304,483,131,89
31,717,971,Shamela0012406,1986,1031,1271,145,69
31,1146,1314,Masaha001961Vols,1701,1314,1493,127,83
31,698,1348,Sham19Y0026523,2213,301,923,397,68
32,0,864,Sham19Y0127698,200,394,1275,304,31
32,0,804,Shamela0036075,119,765,1546,628,96
32,804,1580,Shamela0036075,120,0,750,598,94
32,623,973,Hindawi069496185,23,279,639,152,52
32,357,533,Shamela0004473,1576,0,311,124,48
32,0,311,Shamela0004445,4945,1048,1376,209,71
32,318,533,Shamela0004445,4946,711,1085,158,49
32,898,1042,Shamela0004445,4949,113,256,107,92
32,0,311,Shamela0037325,904,524,851,209,70
32,318,533,Shamela0037325,905,228,587,158,53
32,898,1042,Shamela0037325,907,749,892,107,92
32,536,1580,Sham19Y0026523,2214,98,778,518,60
33,1268,1493,Shamela0001000,991,560,1047,173,44
33,0,831,Shamela0036075,120,750,1546,619,92
33,831,1511,Shamela0036075,121,0,673,531,95
33,1247,1457,Sham19Y0029560,446,1244,1426,115,65
33,689,973,Zaydiyya0000474,808,558,848,158,59
33,820,1095,Zaydiyya0000142,3824,66,294,161,68
33,107,598,Shamela0004445,5012,858,1469,336,67
33,788,1095,Shamela0004445,5141,924,1480,240,53
33,1268,1457,Shamela0009091,259,686,1035,132,46
34,1470,1592,Shamela0001000,563,22,138,87,82
34,72,347,Shamela0001000,990,1073,1322,100,39
34,764,955,JK003609,812,550,1120,131,29
34,0,865,Shamela0036075,121,684,1546,677,94
34,865,1592,Shamela0036075,122,0,713,573,96
34,1222,1592,Shia003764Vols,242,0,498,241,55
34,63,347,Sham19Y0029560,446,315,574,102,39
34,63,347,Shamela0004445,4642,31,322,166,63
34,1205,1592,ShamAY0033769,75,808,1353,247,52
34,72,342,Shamela0009091,259,85,323,93,37
34,617,955,JK007143,297,734,1392,182,32
35,301,703,Hindawi092731807,74,391,961,228,48
35,430,703,AOCP20251104145Vols,342,0,343,148,52
35,0,707,Shamela0036075,122,713,1401,539,95
35,721,1547,Shamela0036075,123,4,812,614,89
35,301,703,Shamela0000736,3046,86,666,239,50
35,286,703,Shamela0004445,5160,505,934,311,89
35,810,1478,Shamela0004445,5236,0,541,261,44
36,0,748,Shamela0036075,123,812,1548,596,98
36,748,960,Shamela0036075,124,0,184,146,86
36,391,533,Shamela0010906,5070,0,142,100,90
36,318,540,Sham19Y0023644,5818,706,1040,161,61
36,318,533,Shamela0035100,5483,962,1182,158,91
36,306,533,Shamela0009783BK3,79,862,1088,163,89
36,306,533,Shamela0012406,3240,412,638,164,89
36,80,436,Shamela0004445,5236,583,1506,284,37
36,447,861,Shamela0004445,5237,8,714,267,46
36,306,533,EScr202211221604,713,658,883,160,87
37,936,1609,Shamela0004473,3767,0,652,514,93
38,0,1096,Shamela0004473,3767,652,1568,661,69
38,1096,1344,Shamela0004473,3768,0,227,182,89
40,963,1290,Shamela0004473,3768,390,732,261,91
41,920,1225,JK009313,4699,196,533,174,60
41,221,544,JK009313,4701,714,1026,233,89
41,539,818,JK009313,4702,69,383,221,88
41,261,672,JK000906,8551,1138,1544,315,94
41,672,970,JK000906,8552,0,317,233,92
41,920,1242,JK000906,8553,4,342,210,67
41,1031,1356,Shamela0009823,500,663,965,168,56
41,1019,1225,JK009241,897,79,352,162,73
41,261,544,JK009241,901,1123,1398,200,88
41,310,823,JK009241,902,222,745,255,50
41,1027,1225,Shamela0023685,690,583,876,154,65
41,1019,1225,Sham19Y0017878,554,557,803,133,67
41,544,818,Shamela0003283,342,1225,1351,87,40
41,1071,1225,Shamela0026568,652,15,174,124,96
42,352,622,Shamela0002573,1127,348,649,139,55
42,352,617,JK007044,5000,241,643,167,48
42,415,617,Sham19Y0122257,2643,0,369,149,50
42,456,617,JK009313,4695,19,162,114,87
42,622,748,JK009313,4703,108,234,102,99
42,376,617,Shamela0006947,3739,429,747,181,70
42,415,617,JK000906,3662,368,536,103,57
42,125,1290,JK000906,8553,342,1559,922,91
42,352,617,JK009273,502,1047,1272,168,78
42,369,617,JK000166,10036,0,277,167,66
42,369,682,ShamAY0038440,30,15,292,182,72
42,352,605,Shamela0009823,496,126,409,125,54
42,839,1178,Shamela0009823,500,35,371,266,95
42,352,617,Sham19Y0150639,443,1229,1471,193,90
42,261,1341,JK009241,907,396,1376,471,41
42,657,1178,JK009241,910,781,1283,298,56
42,352,609,Shamela0023685,687,1218,1559,188,66
42,330,617,Shamela0005756,1069,690,1016,149,57
42,460,682,Sham19Y0017878,558,147,345,133,76
42,352,617,Shamela0002569,819,901,1199,136,48
42,344,622,Shamela0011781,20,410,701,216,93
42,352,617,Sham19Y0018272,2064,955,1197,190,89
42,352,617,Shamela0026568,649,430,763,178,62
43,116,515,JK000906,8555,127,510,296,92
43,973,1559,Shamela0004473,3765,680,1268,466,96
43,141,296,JK009241,902,745,1195,118,32
44,0,373,Shamela0004473,3765,1268,1641,301,99
45,94,435,Shamela0007610,11,1059,1401,257,89
45,423,1329,Shamela0007610,12,77,863,458,55
45,1221,1521,Shamela0012094,9,1183,1457,218,89
46,4,262,Shamela0012094,12,1302,1556,205,95
46,381,680,Shamela0012094,59,1322,1624,232,91
46,680,1636,Shamela0012094,60,0,976,771,95
46,806,1139,Shamela0012293,1643,823,1245,165,46
47,848,994,JK000116,502,1151,1262,56,52
47,0,452,Shamela0012094,60,976,1565,347,74
47,452,1453,Shamela0012094,61,0,999,795,99
47,848,994,JK000381,2616,743,850,51,47
47,119,1003,JK000089,202,506,1461,681,90
47,1003,1453,JK000089,203,0,442,363,96
48,0,539,Shamela0012094,61,999,1538,437,99
48,539,1125,Shamela0012094,62,0,585,464,95
48,0,1013,JK000089,203,442,1468,794,93
51,1477,1600,JK009286,603,1120,1304,103,66
52,1222,1568,JK000094,595,1250,1576,266,94
52,1240,1587,Shamela0006947,4791,0,329,267,94
52,1409,1587,Shamela0006886,58,325,530,134,81
52,1421,1587,JK000122,605,596,860,91,40
52,1172,1587,Shamela0010013,658,117,511,291,84
53,0,1534,JK000094,596,20,1533,1204,97
53,0,1228,Shamela0006947,4791,329,1535,962,96
53,1228,1534,Shamela0006947,4792,0,307,248,99
53,0,164,Shamela0006886,58,530,694,118,89
53,0,1109,Shamela0010013,658,511,1556,825,92
53,1109,1530,Shamela0010013,659,0,392,312,92
53,429,854,JK001042,14,89,548,261,62
54,7,1597,JK000094,597,0,1594,1287,99
54,0,1300,Shamela0006947,4792,307,1610,1055,99
54,1300,1608,Shamela0006947,4793,0,310,248,99
54,61,200,JK000122,679,1350,1490,103,86
54,200,684,JK000122,680,0,766,321,50
54,823,1212,JK000122,680,1132,1530,264,73
54,14,924,Shamela0010013,659,331,1030,474,62
55,1362,1507,Shia002356Vols,1101,729,873,112,95
55,1362,1498,Meshkat00042488,1565,1267,1403,111,100
55,1362,1498,Tafsir02102,3188,902,1038,111,100
55,0,1578,JK000094,598,12,1599,1272,98
55,1362,1498,Rafed0003257Vols,4717,910,1046,111,100
55,0,1283,Shamela0006947,4793,310,1593,1044,99
55,1283,1597,Shamela0006947,4794,0,320,246,95
55,1362,1507,Sham19Y0009800,355,1454,1598,114,95
55,1362,1498,Sham19Y0030863,18,266,402,111,100
55,1362,1503,Shamela0021537,1803,401,542,115,100
55,1362,1507,Shamela0023578,2809,415,560,114,96
55,1362,1498,Sham19Y0147312,1786,995,1131,111,100
55,1362,1498,Shia002382Vols,2196,90,225,110,99
55,1362,1507,QuranAnalysis001,213,637,782,114,96
55,1362,1507,Shamela0029743,985,509,654,114,96
55,1362,1507,Sham19Y0023608,3545,404,549,114,96
55,1362,1517,Sham19Y0014404,1354,1146,1304,117,92
55,1362,1498,JK009257,849,41,177,111,100
55,1362,1507,Sham19Y0014592,915,634,779,114,96
55,1362,1507,Sham19Y0014592,1487,1251,1396,114,96
55,1362,1507,Shamela0021821,1669,976,1121,114,96
55,1362,1507,Shamela0023628,3095,162,307,114,96
55,1362,1498,Rafed0003943Vols,1413,1056,1192,111,100
55,1362,1487,Shamela0004473,6818,1588,1712,102,99
55,1362,1522,Shamela0004473,17030,1064,1225,116,88
55,1362,1503,Shamela0010273,2906,1502,1643,113,98
55,1362,1507,Sham19Y0023618,1543,607,752,114,96
55,1362,1513,Shamela0008381,886,1042,1195,115,93
55,1362,1532,Tafsir07076,338,547,752,126,76
55,1362,1507,Tafsir07076,2820,1351,1508,116,91
55,1362,1532,Tafsir07076,2932,1099,1287,127,83
55,1362,1498,Tafsir07076,5813,98,234,111,100
55,1362,1498,Meshkat00057178,3274,1213,1349,111,100
55,1362,1498,JK007018,701,227,363,111,100
55,1362,1498,Rafed0001713Vols,2386,1301,1437,111,100
55,1347,1507,Shamela0037458,3919,440,624,126,84
55,1366,1498,Masaha000554Vols,5416,238,371,106,96
55,1362,1498,Meshkat0014420,4132,1448,1584,111,100
55,1362,1498,Sham19Y0020891,5736,279,415,111,100
55,1362,1498,Shamela0009637,80,184,320,111,100
55,1362,1507,Shamela0023591,6101,835,980,114,96
55,1362,1498,Shamela0023591,6111,1280,1416,111,100
55,1362,1507,Shamela0023632,3177,253,398,114,96
56,819,1010,Masaha003104,30,1248,1442,143,84
56,772,1025,Sham19Y0001729,2191,843,1102,166,76
56,819,1010,Tafsir07057,256,447,672,143,75
56,842,1010,JK009158,351,19,197,133,90
56,789,1010,Sham19Y0013252,5901,60,293,158,85
56,758,1010,ShamAY0034059,5025,1276,1542,145,63
56,789,1022,Sham19Y0018103,2349,1221,1462,165,83
56,789,1010,Sham19Y0017616,376,0,242,159,80
56,0,283,JK000094,599,20,301,226,97
56,789,1010,JK000110,923,950,1183,158,85
56,703,1051,JK009313,428,592,972,221,68
56,703,1010,JK009313,4515,505,836,209,76
56,819,1010,Hindawi086148607,130,422,640,139,75
56,772,1010,Sham19Y0014579,2684,465,698,177,91
56,764,1022,Sham19Y0014579,2734,0,257,175,80
56,789,1025,Shamela0030267Vols,71,1225,1459,165,85
56,0,283,Shamela0006947,4794,320,625,226,91
56,789,1025,JK000906,8563,384,629,166,82
56,789,1010,Sham19Y0016584,2625,9,242,158,85
56,772,1010,Shamela0021544,6,1143,1384,165,83
56,703,1010,ShamIbadiyya0000229,26,1049,1444,202,62
56,789,1010,JK006838,166,988,1193,144,75
56,789,1010,Sham19Y0018106,2483,344,577,158,85
56,789,1010,Kraken230110004547,406,793,1000,148,80
56,772,1010,Sham19Y0018144,2326,1062,1303,161,80
56,789,1010,Sham19Y0020638,1055,197,825,163,31
56,789,1010,JK009270,1476,244,444,149,80
56,792,1010,Sham19Y0127656,406,881,1098,156,86
56,792,1010,JK009336,2349,943,1185,153,79
56,764,1000,Shamela0025794,1697,1258,1501,165,80
56,789,1010,Shamela0012884,4088,896,1139,158,80
56,789,1010,Shamela0023628,2844,43,283,154,78
56,789,1010,ShamAY0034447,211,1114,1347,159,83
56,713,1010,Shamela0004473,2647,826,1301,190,44
56,842,1025,Shamela0004473,3280,330,529,142,87
56,772,1010,Shamela0004473,3648,550,805,172,84
56,789,1010,Sham19Y0018176,1331,86,319,158,85
56,789,1010,JK009141,109,962,1172,148,78
56,789,1010,JK009141,836,1032,1232,148,81
56,789,1010,Sham19Y0017535,9,652,872,158,88
56,823,1010,Shamela0023685,674,981,1164,135,83
56,789,1010,Shamela0005756,10024,1011,1250,160,83
56,789,1010,Sham19Y0013605,2918,0,233,158,85
56,748,1010,Tafsir07076,1180,29,321,182,74
56,819,1025,Tafsir07076,6530,670,879,160,92
56,846,1010,Tafsir07076,8560,322,489,132,97
56,819,1010,Tafsir09050,3310,675,873,144,87
56,789,1010,Shamela0096283,297,28,261,158,85
56,792,1010,Shamela0010895,60,345,579,151,76
56,555,856,Shamela0037325,2541,593,862,144,56
56,707,1010,Shamela0036578,48,106,379,206,84
56,813,1010,Shamela0036578,138,527,719,155,97
56,789,1010,PV2024060602,923,950,1183,158,85
56,772,988,PV2024060602,3339,1308,1527,147,81
56,789,1010,Sham19Y0013572,1086,110,333,153,85
56,813,1010,Tafsir04040,1826,772,983,157,92
56,772,1010,Shamela0001727,1307,1174,1419,165,81
56,819,1010,Shamela0026568,636,812,1007,143,85
56,713,1010,Shamela0096337,199,259,693,213,61
56,753,1025,Shamela0000894,1088,130,472,187,67
56,753,1010,Shamela0000894,5635,297,618,178,68
57,0,390,Shamela0001438,5744,1188,1534,257,79
57,390,1411,Shamela0001438,5745,0,1177,726,73
57,0,1210,Shia001146,269,291,1564,808,72
57,30,220,Zaydiyya0000079BK1,71,961,1118,112,74
57,85,220,Zaydiyya0000079BK1,143,987,1122,108,99
57,33,1382,Shia002165,21,0,1412,868,70
57,0,648,JK008001,3846,820,1461,443,75
57,648,1374,JK008001,3847,6,816,548,82
57,30,633,JK000298,5080,260,726,352,71
57,0,536,Sham19Y0036072,283,824,1247,287,62
57,22,760,JK000041,49,1178,1516,233,38
57,0,1425,ShamAY0033599,71,12,1452,888,68
57,58,1382,Shia003729Vols,98,0,1304,937,82
57,15,371,Shia001900,38,1168,1470,191,59
57,317,1289,Shia001900,39,0,1152,603,60
57,0,251,Sham19Y0127677,3895,1230,1479,186,90
57,251,1374,Sham19Y0127677,3896,0,1184,748,71
57,976,1354,Shia004456Vols,517,825,1066,177,57
57,0,802,Shia001270Vols,115,659,1484,511,70
57,802,1382,Shia001270Vols,116,0,735,421,69
57,585,813,JK000094,519,704,930,160,83
57,1035,1289,Hindawi095926405Vols,260,625,795,100,48
57,0,725,Shia20200618,219,895,1603,455,72
57,731,1392,Shia20200618,220,0,725,459,73
57,22,792,JK009313,5072,836,1573,550,83
57,792,1382,JK009313,5073,0,611,442,87
57,0,1275,Zaydiyya0000229,107,464,1571,783,71
57,220,577,Shia001174Vols,394,72,430,192,56
57,1147,1354,Masaha004580,273,466,689,157,83
57,0,1187,Shia002185Vols,3730,315,1603,785,70
57,0,889,Masaha001842Vols,112,770,1610,560,74
57,889,1382,Masaha001842Vols,113,0,553,294,60
57,0,862,Shia001334,16,637,1478,547,72
57,862,1370,Shia001334,17,0,545,365,77
57,976,1354,Shia001544Vols,1900,354,984,273,51
57,0,948,LAL2013020401BK1,28,554,1534,634,74
57,948,1382,LAL2013020401BK1,29,0,492,317,77
57,0,824,Kraken220413202218,10,466,1254,519,72
57,834,1382,Kraken220413202218,11,254,904,417,78
57,976,1289,Shamela0003722,1,613,940,183,55
57,0,1401,Shamela0003722,5794,115,1380,941,81
57,0,1187,Rafed0002452,27,355,1561,748,68
57,1187,1382,Rafed0002452,28,0,222,150,80
57,0,581,Shia001171,10,893,1463,351,68
57,1035,1387,ShamAY0035035,8828,733,1139,273,81
57,0,1325,Sham19Y0029676,487,218,1593,867,71
57,0,207,JK009391,134,1252,1460,161,95
57,207,1382,JK009391,135,0,1021,752,76
57,0,456,JK006478,630,346,800,279,68
57,25,1228,ShamAY0035000,126,650,1566,557,52
57,0,687,Shamela0000736,2462,823,1505,438,69
57,132,1382,Shia003697,253,0,1434,873,68
57,22,797,JK000005,327,1153,1511,253,40
57,30,1008,ShamAY0038455,20,661,1484,585,69
57,1035,1354,ShamAY0038455,21,210,413,162,61
57,85,577,Shamela0010488,320,826,1087,189,46
57,0,395,Rafed0001617Vols,233,1165,1565,245,67
57,402,1382,Rafed0001617Vols,234,8,1074,678,74
57,1147,1330,Shia004042Vols,696,1139,1340,146,85
57,97,1382,Kraken220413030759,214,0,1456,975,79
57,0,551,Shia001299,134,981,1470,322,66
57,551,1370,Shia001299,135,0,882,585,78
57,0,797,JK000022,81,776,1503,572,87
57,797,1382,JK000022,82,0,591,463,95
57,1139,1289,JK000022,3929,1027,1200,117,78
57,18,972,Shia002972Vols,129,659,1522,604,75
57,972,1354,Shia002972Vols,130,0,440,272,72
57,0,1354,Zaydiyya0000013,57,12,1254,776,63
57,82,1370,Shia001432Vols,165,0,1302,869,75
57,0,593,Shia001432Vols,166,155,425,168,35
57,0,908,Shia001432Vols,7624,601,1477,581,73
57,908,1370,Shia001432Vols,7625,3,545,338,73
57,948,1354,Shia001432Vols,9705,1001,1501,231,53
57,0,1147,Shia001432Vols,24509,424,1544,722,71
57,1147,1425,Shia001432Vols,24510,29,319,198,83
57,0,1370,JK000916,5051,455,1566,823,71
57,0,443,JK000916,19840,1057,1480,272,67
57,0,816,JK000916,19841,787,1531,560,82
57,0,637,JK000916,19842,1016,1581,421,77
57,643,1396,JK000916,19843,0,759,565,90
57,468,1374,JK000916,19844,26,981,612,74
57,15,1382,Shia001278Vols,395,13,1449,879,68
57,0,1354,Shia004021,39,98,1547,890,69
57,0,1241,Sham19Y0014592,753,385,1563,913,88
57,1241,1484,Sham19Y0014592,754,0,205,160,81
57,15,1306,Sham19Y0014592,2588,347,1575,953,88
57,30,245,Shia001153,102,1344,1603,169,80
57,245,1374,Shia001153,103,0,1237,747,69
57,18,267,Shamela0006909,102,1238,1492,187,91
57,317,1354,Shamela0006909,103,7,1018,620,67
57,25,245,Shamela0095735,198,1302,1501,126,72
57,577,1354,Shamela0095735,199,7,793,595,92
57,85,585,Shamela0004473,17072,179,639,366,90
57,30,633,Shia003702,127,1090,1612,402,81
57,633,1382,Shia003702,128,0,666,498,79
57,0,163,Shamela0022381,3,1327,1490,127,95
57,163,1382,Shamela0022381,4,0,1063,789,76
57,0,972,JK009390,5335,536,1524,692,80
57,972,1374,JK009390,5336,0,483,293,74
57,18,593,Shamela0007669,693,996,1480,356,76
57,0,1382,Shamela0009096,4,29,1296,792,63
57,0,897,JK010552,712,634,1524,583,73
57,897,1374,JK010552,713,0,529,326,71
57,0,1018,JK010552,849,510,1523,704,78
57,1018,1370,JK010552,850,0,351,271,92
57,954,1330,Zaydiyya0000086,23,167,540,284,91
57,65,317,ShamAY0001760,77,1405,1627,174,83
57,317,577,ShamAY0001760,78,0,220,162,72
57,0,291,Shia001107Vols,441,766,1607,218,32
57,365,704,Shia001107Vols,442,20,365,221,73
57,663,1247,Shia001107Vols,442,822,1521,407,69
57,38,1275,JK009298,308,388,1638,718,60
57,38,1354,JK000001,135,213,1586,770,60
57,1147,1330,JK000001,2912,604,803,145,85
57,0,380,Shia001255Vols,710,1189,1561,238,70
57,390,1382,Shia001255Vols,711,3,1059,671,72
57,0,1134,Shamela0012031,119,519,1608,792,81
57,1134,1382,Shamela0012031,120,0,203,160,77
57,0,687,Shia003636Vols,4626,210,894,436,69
57,577,1309,Shamela0010782,7,760,1542,492,71
57,746,1077,Shamela0010782,8,128,772,139,26
57,22,220,Tafsir07055,3429,384,549,124,77
57,65,1147,Shia001137,142,471,1535,712,74
57,1147,1370,Shia001137,143,0,241,163,79
57,0,1354,JK000082,171,258,1596,1075,96
57,1354,1484,JK000082,172,0,129,103,99
57,65,708,Shia001615Vols,2328,973,1577,416,75
57,714,1370,Shia001615Vols,2329,5,734,456,73
57,0,620,Zaydiyya0000259,4,1164,1658,321,58
57,620,1387,Zaydiyya0000259,5,0,731,553,87
57,220,585,KetabOnline01046403,2,1075,1409,210,61
57,38,220,Rafed0003591Vols,11,7,190,146,98
57,577,1354,Rafed0003591Vols,11,197,1064,556,75
57,1147,1330,Rafed0003799Vols,142,404,607,136,79
57,0,1221,Shamela0023789,306,275,1568,806,71
57,22,889,Shia003712,59,687,1545,522,63
57,889,1392,Shia003712,60,0,594,319,62
57,22,220,JK010001,3340,231,396,122,76
57,18,211,Shamela0037325,142,1323,1499,133,85
57,0,754,JK007078,48,833,1492,457,68
57,754,1484,JK007078,49,0,636,496,82
57,966,1354,Shia004525,59,909,1364,283,73
57,0,708,JK009325,18,845,1499,406,66
57,714,1382,JK009325,19,6,734,443,70
57,0,1343,Zaydiyya0000352,116,420,1585,828,71
57,0,1370,Shamela0003118,1816,152,1245,829,73
57,0,613,Shamela0003118,5753,825,1426,381,68
57,1147,1325,Masaha000554Vols,5765,750,948,136,81
57,598,810,Shamela0001390,92,325,560,128,63
57,22,943,JK001042,44,748,1507,543,68
57,943,1354,JK001042,45,0,299,236,68
57,468,930,Tafsir04040,1790,1094,1566,325,79
57,930,1354,Tafsir04040,1791,0,503,313,74
57,0,1354,Shia001156,47,159,1583,897,71
57,91,220,Shamela0003055,3459,1276,1406,102,97
57,468,1063,JK001493,375,871,1468,368,68
57,0,628,JK001493,375,582,1012,301,57
57,0,526,JK000532,7,1053,1504,331,73
57,526,1330,JK000532,8,0,1188,626,64
57,581,1382,JK009365,317,423,1318,557,73
57,1147,1334,JK009365,504,966,1171,149,86
57,38,1382,Shia003754Vols,32,4,1460,899,71
57,0,291,Shia003754Vols,701,1216,1538,218,82
57,365,1382,Shia003754Vols,702,6,1127,694,71
57,0,609,Shamela0001585,103,986,1539,405,78
57,609,1354,Shamela0001585,104,0,843,511,71
57,0,1002,Masaha002880Vols,241,346,1536,637,57
57,966,1382,Masaha002880Vols,242,23,498,318,80
57,0,151,Masaha003296Vols,222,1268,1431,115,84
57,151,1382,Masaha003296Vols,223,0,1232,797,72
57,0,998,Shia003444,48,544,1534,624,69
57,1013,1367,Shia003444,49,36,395,237,72
57,0,1306,JK009226,105,394,1550,842,75
57,0,1122,Shamela0026484,567,439,1570,691,67
57,1147,1367,Shamela0026484,568,0,252,172,80
57,30,551,Shamela0006617,968,1103,1584,378,86
57,551,1382,Shamela0006617,969,0,804,583,82
57,220,577,JK001021,64,181,484,215,67
58,235,399,Shamela0013041,215,1309,1449,105,82
58,275,462,Sham19Y0017063,1644,1023,1450,137,41
58,229,462,JK000140,942,458,759,179,76
58,218,351,JK001271,61,540,1058,101,24
58,218,462,Shamela0000782,969,496,831,186,71
58,5,1219,JK000082,199,295,1452,906,92
58,229,462,PV2024060602,6727,196,497,179,76
59,508,652,Sham19Y0148529,573,758,900,109,97
60,526,748,Shia004456Vols,4357,698,927,180,94
60,526,1230,Zaydiyya0000142,1533,1045,1438,305,52
60,526,1230,Shia001561,77,505,1211,304,39
61,1210,1480,JK000041,134,335,599,210,97
61,338,953,JK000041,151,628,1375,453,73
61,1155,1480,Shamela0008476,1060,1200,1521,242,90
61,164,612,JK000094,524,1033,1484,356,98
61,612,1480,JK000094,525,0,867,689,99
61,506,667,JK000094,1299,479,641,124,96
61,359,506,JK007104,233,1269,1418,117,96
61,506,810,Shamela0006947,2679,1350,1708,175,56
61,359,506,Shamela0006947,9816,386,537,119,97
61,359,1100,Shamela0006886,47,4,719,318,40
61,1160,1480,JK000122,988,1099,1423,244,92
61,715,824,Shamela0021487,167,705,818,85,95
61,359,506,JK000206,10,937,1120,119,80
61,359,506,JK000288,15,10,167,118,92
61,511,773,Sham19Y0016663,64,961,1181,143,69
61,149,1165,Tafsir07055,3461,692,1412,545,66
61,667,824,Tafsir07055,3466,1229,1403,125,90
61,968,1480,Shamela0011210,21,617,1147,384,88
61,204,1165,JK010001,3371,0,665,499,65
61,667,824,JK010001,3376,369,518,110,83
61,1155,1480,Shamela0037325,600,532,856,259,99
61,359,908,Shamela0037325,2482,828,1544,333,51
61,359,908,Shamela0037325,2879,60,370,172,35
61,302,819,Kraken210323052137,135,0,169,117,28
61,359,946,Shamela0036543,817,596,1568,359,42
61,394,506,JK000295,45,0,111,89,98
61,359,506,Shamela0009993,299,1232,1380,117,97
61,960,1095,Shamela0011212,26,487,630,100,86
61,241,946,JK000296,26,257,709,285,48
61,343,506,JK009139,1,1204,1357,119,87
61,968,1117,Shamela0003055,860,1372,1526,114,94
61,1112,1480,Shamela0003055,861,0,382,278,88
61,960,1095,Shamela0003055,867,1232,1375,100,86
61,359,1155,Shamela0003055,1263,443,977,369,55
61,359,953,JK000187,28,85,842,362,53
61,968,1271,Shamela0011380,58,1210,1525,225,88
61,1271,1480,Shamela0011380,59,0,209,155,86
62,398,1283,Kraken220413194022,1012,625,1515,580,73
62,1290,1544,Kraken220413194022,1013,0,204,147,70
62,1158,1355,Shamela0007568,64,282,440,108,63
62,652,1191,Tafsir02102,938,949,1442,380,89
62,1229,1544,Tafsir02102,939,0,306,237,93
62,353,1544,JK001414,991,327,1370,747,76
62,365,1429,Shamela0009943,151,450,1526,813,93
62,353,1034,JK006950,287,944,1513,409,72
62,1034,1544,JK006950,288,0,456,330,78
62,353,640,JK000381,5983,1243,1510,186,75
62,652,1544,JK000381,5984,0,758,557,76
62,662,1355,Shamela0011210,1,822,1394,273,40
62,328,962,Shamela0009993,284,1003,1594,421,79
62,962,1544,Shamela0009993,285,0,527,416,88
62,753,1355,Shamela0003055,841,83,398,212,43
62,662,1355,Shamela0011380,39,193,741,262,38
63,0,1254,Kraken220413194022,1013,204,1506,911,82
63,1254,1522,Kraken220413194022,1014,0,391,209,65
63,80,587,Kraken220413194022,2426,191,665,241,51
63,65,488,Shamela0007568,64,440,717,217,62
63,0,266,Tafsir02102,939,306,568,202,90
63,0,128,JK001414,991,1370,1506,89,72
63,128,1522,JK001414,992,0,1443,1043,86
63,80,587,JK001414,2387,544,1018,245,52
63,0,1466,Shamela0009943,152,114,1514,1071,89
63,0,1013,JK006950,288,456,1512,744,82
63,1013,1522,JK006950,289,0,493,390,93
63,80,587,Shamela0011353,127,454,882,157,29
63,0,802,JK000381,5984,758,1514,583,88
63,802,1522,JK000381,5985,0,793,547,82
63,195,608,Shamela0011210,2,0,290,214,62
63,591,1522,Shamela0011210,8,270,1256,693,83
63,413,623,Shamela0037325,892,0,256,154,74
63,266,391,Shamela0037325,1040,175,300,101,100
63,0,1142,Shamela0009993,285,527,1512,749,79
63,1142,1522,Shamela0009993,286,0,373,296,96
63,188,587,Shamela0011212,26,643,816,136,41
63,75,608,Shamela0003055,841,430,893,259,54
63,591,1155,Shamela0003055,847,905,1495,404,79
63,1155,1522,Shamela0003055,848,0,368,286,94
63,188,488,Shamela0003055,867,1388,1515,100,40
63,80,587,Sham19Y0017581,18,814,1288,234,48
63,75,608,Shamela0011380,39,773,1233,259,54
63,591,949,Shamela0011380,45,1131,1530,253,74
63,949,1522,Shamela0011380,46,0,559,438,92
64,0,1119,Kraken220413194022,1014,391,1506,844,91
64,93,1436,JK001414,993,0,1244,934,84
64,0,1495,Shamela0009943,153,57,1470,1084,90
64,0,1011,JK006950,289,493,1505,778,94
64,1017,1495,JK006950,290,7,487,364,92
64,0,718,JK000381,5985,793,1506,549,93
64,718,1495,JK000381,5986,0,786,596,93
64,0,277,Shamela0011210,8,1256,1530,214,92
64,277,1495,Shamela0011210,9,0,1108,832,82
64,0,1383,Shamela0009993,286,373,1487,868,78
64,0,1109,Shamela0003055,848,368,1492,838,90
64,1109,1495,Shamela0003055,849,0,277,205,62
64,0,947,Shamela0011380,46,559,1504,722,93
64,947,1495,Shamela0011380,47,0,437,317,68
65,3,1428,Kraken220413194022,1015,193,1529,942,79
65,1246,1369,JK000116,394,482,598,88,91
65,466,1379,Tafsir02102,939,585,1509,695,91
65,1254,1369,Shamela0008476,427,1007,1119,87,95
65,1254,1369,Shamela0008476,825,660,772,87,95
65,1146,1369,Shamela0021537,169,495,757,137,65
65,1259,1369,Shamela0021537,5608,62,169,84,96
65,3,264,JK001414,993,1237,1506,213,95
65,264,1521,JK001414,994,0,1193,883,84
65,24,1521,Shamela0009943,154,0,1455,1144,94
65,0,1050,JK006950,290,487,1546,807,90
65,1073,1521,JK006950,291,4,407,295,81
65,1140,1369,ShamAY0034369,12,1180,1429,141,66
65,0,747,JK000381,5986,786,1528,581,94
65,747,1521,JK000381,5987,0,724,521,79
65,1146,1369,Shamela0004473,7165,370,632,137,65
65,1238,1521,Rafed0000040Vols,1729,236,429,126,54
65,1254,1369,Sham19Y0011326,231,305,417,87,95
65,1254,1521,Shamela0012001,48,1032,1198,121,54
65,0,404,Shamela0011210,9,1108,1509,320,95
65,410,1521,Shamela0011210,10,0,914,666,72
65,1254,1369,JK006870,36,947,1059,87,95
65,1268,1521,JK000104,14,625,877,150,72
65,0,1435,Shamela0009993,287,112,1552,1097,91
65,1254,1369,Shamela0022644,202,1239,1351,86,94
65,1187,1503,Zaydiyya0000017,198,472,846,171,59
65,0,1419,Shamela0003055,849,277,1542,933,78
65,0,1263,Shamela0011380,47,437,1538,810,76
65,1263,1521,Shamela0011380,48,0,254,197,95
66,0,385,Kraken220413194022,1016,97,451,257,78
66,0,405,Tafsir02102,940,141,515,289,88
66,792,1107,JK000094,1350,1274,1576,240,93
66,1081,1545,JK000094,1351,0,467,371,98
66,1081,1545,Shamela0010517,2874,721,1190,370,98
66,0,334,JK001414,994,1193,1497,220,77
66,54,405,Shamela0009943,155,0,362,281,96
66,1374,1545,JK000170,3570,142,346,117,67
66,0,405,JK006950,291,407,788,273,78
66,1153,1545,JK007098,1649,562,955,181,49
66,0,405,JK000381,5987,724,1105,273,78
66,1085,1545,Sham19Y0150961,561,396,832,344,92
66,1153,1545,JK000983,1948,629,1130,249,58
66,0,284,Shamela0012001,48,1198,1441,180,75
66,0,303,Shamela0011210,10,914,1205,210,81
66,0,405,Shamela0009993,288,83,469,289,85
66,17,303,Zaydiyya0000017,198,681,994,197,77
66,0,303,Shamela0003055,850,100,364,195,77
66,1308,1545,Shamela0000432,3678,1100,1300,143,75
66,0,303,Shamela0011380,48,254,545,210,81
67,0,1041,JK000094,1351,467,1512,828,98
67,1041,1538,JK000094,1352,0,494,397,96
67,0,373,Shamela0010517,2874,1190,1566,289,94
67,373,811,Shamela0010517,2875,0,433,346,98
67,0,140,Sham19Y0150961,538,905,1031,71,64
67,0,688,Sham19Y0150961,561,832,1497,519,93
67,688,1538,Sham19Y0150961,562,0,894,655,87
67,0,414,JK000983,1948,1130,1486,276,83
67,0,213,Shamela0000432,3678,1300,1483,136,82
67,213,425,Shamela0000432,3679,0,206,147,75
68,1235,1553,JK000041,167,470,806,255,93
68,1235,1553,JK000094,531,445,768,259,98
68,0,1088,JK000094,1352,494,1594,861,95
68,1235,1553,Shamela0006947,3990,159,483,259,98
68,1240,1553,JK005202,474,399,702,238,90
68,0,454,Sham19Y0150961,562,894,1341,342,92
68,1235,1553,Tafsir07055,3439,1089,1412,259,98
68,1235,1553,JK010001,3350,503,809,244,92
69,0,267,JK000041,167,806,1068,196,87
69,0,267,JK000094,531,768,1043,213,96
69,0,267,Shamela0006947,3990,483,755,210,96
69,0,168,Tafsir07055,3439,1412,1578,138,98
69,168,267,Tafsir07055,3440,0,99,75,100
69,0,267,JK010001,3350,809,1058,198,92
72,532,755,Sham19Y0026523,444,1378,1588,166,91
72,755,1666,Sham19Y0026523,445,0,919,729,93
73,0,880,Sham19Y0026523,445,919,1636,573,79
73,880,1656,Sham19Y0026523,446,0,733,595,92
74,0,926,Sham19Y0026523,446,733,1655,749,98
75,610,1090,Sham19Y0036540,2083,269,458,108,28
75,152,819,Sham19Y0026523,447,3,668,497,92
75,1463,1609,Sham19Y0026523,447,668,816,121,98
76,1132,1591,Sham19Y0026523,447,993,1454,373,99
76,0,176,Sham19Y0026523,447,816,993,147,99
77,0,145,Sham19Y0026523,447,1454,1594,113,96
77,145,662,Sham19Y0026523,448,0,517,413,97
78,528,736,JK000990,589,74,254,115,67
78,510,736,Shamela0035261,162,719,977,180,87
78,564,736,JK000138,257,98,468,102,33
78,625,736,JK006675,439,709,829,88,92
81,1024,1610,JK000906,455,0,586,486,99
81,941,1562,Tafsir03033,25,151,912,414,60
82,592,976,Kraken220413194022,410,595,935,206,64
82,595,902,JK000365,855,467,706,169,67
82,592,982,Tafsir02102,521,881,1254,222,70
82,723,963,Shamela0006947,16948,1237,1463,176,86
82,719,995,ShamAY0038316,48,132,398,189,82
82,723,963,JK000382,178,1253,1499,187,90
82,562,1633,ShamAY0035035,3046,47,722,495,54
82,562,1056,JK001295,759,1053,1545,387,95
82,1056,1633,JK001295,760,0,580,464,96
82,592,976,JK001414,398,31,373,210,65
82,723,963,JK000378,207,1262,1505,191,94
82,592,982,Shamela0009220,24,461,841,227,71
82,515,1413,Hindawi073920283,76,702,1575,446,50
82,1413,1633,Hindawi073920283,77,0,353,157,51
82,451,1588,Shamela0012081,1,30,1424,812,69
82,515,1445,ShamAY0036481,18,443,1538,654,68
82,719,1063,JK000101,180,1037,1447,247,70
82,592,963,Shamela0096178,38,607,982,201,54
82,719,995,JK000381,857,1276,1524,172,76
82,727,963,JK000381,1151,511,732,176,89
82,723,963,JK000381,1224,1085,1333,194,94
82,723,982,JK000381,1977,1104,1346,183,85
82,723,982,JK000381,4253,1249,1492,183,85
82,569,1257,JK000381,4265,871,1549,502,84
82,1243,1633,JK000381,4266,118,940,304,45
82,749,976,JK000381,4306,982,1185,162,86
82,723,1238,JK000381,4638,337,696,228,53
82,592,963,JK000381,5399,489,764,217,70
82,727,928,JK000381,5406,1127,1330,160,95
82,723,963,Shamela0011730,152,765,991,176,86
82,719,928,Shamela0004473,11805,1409,1625,162,91
82,723,928,Shamela0008363,394,1013,1206,151,87
82,592,963,Shamela0029967,25,369,740,201,54
82,755,970,Shamela0011146,39,407,629,161,86
82,592,976,ShamAY0034398,9,665,1007,202,54
82,723,1122,Hindawi092024806,183,193,503,248,77
82,682,902,JK000146,284,1329,1549,150,78
82,595,963,Shamela0012293,676,262,642,233,65
82,723,982,Shamela0012293,4859,702,975,204,89
82,727,963,Shamela0018381,22,1120,1360,191,95
82,727,963,Shamela0000894,8301,1345,1576,185,92
82,562,1353,Sham19Y0150960,1118,727,1566,623,90
82,1353,1633,Sham19Y0150960,1119,0,295,224,90
83,8,578,Shamela0029882,146,955,1570,416,79
83,0,1024,ShamAY0035035,3046,722,1657,721,84
83,1024,1661,ShamAY0035035,3047,0,342,274,51
83,0,1057,JK001295,760,580,1641,859,98
83,1057,1661,JK001295,761,0,605,491,97
83,8,1269,JK000990,2,136,1415,1013,95
83,8,223,Shamela0012081,2,274,537,173,81
83,293,1215,Shamela0012081,4,464,1556,715,78
83,1269,1661,Shamela0012081,6,941,1352,316,93
83,8,223,JK000381,4266,998,1261,173,81
83,293,718,JK000381,4268,1042,1492,341,94
83,718,1241,JK000381,4269,44,821,416,63
83,1307,1661,JK000381,4271,0,373,284,92
83,8,223,Shamela0004473,12990,1063,1326,173,81
83,293,501,Shamela0004473,12991,1045,1253,165,100
83,1269,1661,Shamela0004473,12992,866,1276,316,92
83,0,1405,Sham19Y0150960,1119,295,1686,1122,96
83,1405,1661,Sham19Y0150960,1120,0,268,200,89
83,8,578,Sham19Y0038093,124,1115,1552,277,54
84,0,1322,ShamAY0035035,3047,342,1573,951,88
84,1322,1516,ShamAY0035035,3048,0,193,153,97
84,0,993,JK001295,761,605,1588,774,95
84,993,1516,JK001295,762,0,525,413,98
84,0,188,Shamela0012081,6,1352,1558,134,82
84,188,477,Shamela0012081,7,0,366,234,78
84,569,1516,Shamela0012081,9,0,1440,650,56
84,0,477,JK000381,4271,373,930,369,80
84,555,1222,JK000381,4273,427,1540,401,45
84,1222,1516,JK000381,4274,0,283,217,90
84,0,281,Shamela0004473,12992,1276,1562,209,89
84,281,477,Shamela0004473,12993,75,272,162,99
84,0,1242,Sham19Y0150960,1120,268,1530,957,92
84,1242,1516,Sham19Y0150960,1121,0,271,214,97
85,1137,1634,JK007044,514,357,596,179,44
85,1192,1634,AOCP20251104145Vols,424,0,502,358,86
85,0,1634,ShamAY0035035,3048,193,1577,1063,78
85,0,1031,JK001295,762,525,1559,835,98
85,1031,1634,JK001295,763,0,612,488,97
85,493,679,Hindawi073920283,80,1157,1348,145,92
85,236,470,Shamela0012081,15,1238,1463,183,94
85,493,1582,Shamela0012081,16,80,1517,831,70
85,346,1455,JK000381,4280,0,1454,872,73
85,505,679,Shamela0004473,10195,1297,1498,118,67
85,1348,1634,JK011730,1032,753,950,147,59
85,0,1307,Sham19Y0150960,1121,271,1573,1049,97
85,1307,1634,Sham19Y0150960,1122,0,331,267,97
85,497,836,Sham19Y0038093,125,1142,1451,123,32
85,1137,1634,JK000201,3662,1151,1389,177,43
86,30,161,Sham19Y0013631,2418,33,181,101,81
86,14,1163,ShamAY0035035,3049,0,1111,837,87
86,0,964,JK001295,763,612,1578,766,96
86,964,1163,JK001295,764,0,198,153,94
86,150,918,Shamela0012081,19,456,1492,612,73
86,0,150,JK000381,4282,156,315,108,84
86,157,848,JK000381,4283,624,1455,544,80
86,142,789,ShamAY0034376,7,391,1151,443,68
86,918,1140,Zaydiyya0000413Vols,3858,1053,1280,177,95
86,0,1163,Sham19Y0150960,1122,331,1496,916,95
87,1175,1598,Shamela0007568,19,262,588,266,76
87,1157,1598,Shamela0012094,39,935,1371,351,95
87,1335,1598,Shamela0007664,11,443,702,205,91
87,1262,1598,Shamela0011353,7,0,332,272,97
87,213,357,Shamela0004473,3767,549,719,111,84
87,1335,1598,Shamela0003055,310,45,303,212,96
87,1048,1598,Shamela0003055,3548,1082,1610,376,83
88,1389,1581,JK000365,1147,1170,1330,74,44
88,877,1599,Shamela0007568,19,855,1584,568,96
88,0,308,Shamela0007568,19,588,896,251,99
88,1389,1500,Shamela0022666,63,688,805,89,94
88,1027,1500,Shamela0021537,178,1066,1584,362,85
88,0,308,Shamela0021537,178,744,1054,235,87
88,0,333,Shamela0012094,39,1371,1703,273,99
88,333,1602,Shamela0012094,40,0,1281,1026,98
88,0,308,Shamela0007664,11,702,1010,252,99
88,0,1427,Shamela0011353,7,332,1639,1052,90
88,1427,1602,Shamela0011353,8,0,176,140,98
88,1389,1500,JK000381,611,295,412,89,94
88,1190,1602,Shamela0007663,54,818,1154,270,80
88,0,940,Shamela0003055,310,303,1065,552,68
88,1010,1475,Shamela0003055,311,402,867,359,94
88,83,1529,Shamela0003055,3549,0,1443,1162,98
89,744,963,Shamela0000041,1524,984,1203,177,100
89,953,1563,Shamela0007568,20,28,693,443,82
89,1210,1440,Shamela0007568,50,1355,1622,182,83
89,744,958,Zaydiyya0000062,1037,571,789,173,98
89,773,963,Tafsir04056,4927,1093,1532,153,43
89,744,963,Shamela0023833,175,731,1172,177,49
89,744,981,JK000791,1383,857,1110,184,90
89,5,1052,Shamela0022666,66,233,1316,805,91
89,744,930,Tafsir01005,3515,1115,1506,151,47
89,773,897,Rafed0003257Vols,3414,1501,1625,100,98
89,5,601,Shamela0008532,50,95,283,150,31
89,744,963,Sham19Y0009800,384,1263,1483,177,99
89,744,965,JK001496,1247,1143,1370,177,96
89,744,926,Shamela0023578,1899,1372,1554,148,98
89,773,963,Sham19Y0147312,1229,30,584,153,34
89,744,970,MMS00013,2985,142,375,178,94
89,744,965,JK006478,5907,1217,1444,177,96
89,287,1563,Shamela0012094,41,0,1356,979,86
89,744,963,QuranAnalysis001,127,505,724,177,100
89,744,963,JK009270,2873,478,698,177,99
89,831,963,Shamela0029743,589,0,132,105,100
89,744,963,Sham19Y0023608,2359,947,1167,177,99
89,749,963,Sham19Y0014404,828,750,1275,170,40
89,744,963,Shamela0021821,1062,793,1011,176,99
89,744,963,Shamela0023628,2322,1023,1243,177,99
89,5,1563,Shamela0011353,8,176,1559,1096,85
89,702,981,Rafed0003943Vols,958,1305,1628,202,76
89,5,535,JK000381,613,917,1439,415,95
89,670,1052,JK000381,614,0,365,228,69
89,5,634,JK000381,3996,489,710,177,35
89,744,963,Shamela0010273,1601,550,770,177,99
89,773,963,Sham19Y0023618,1039,106,297,153,99
89,744,963,Shamela0004445,671,207,426,177,100
89,744,963,Shamela0004445,673,409,687,177,78
89,791,934,JK000447,472,428,698,112,51
89,807,930,Meshkat00057178,2364,702,825,99,100
89,800,981,Meshkat00057178,2369,261,522,139,64
89,744,963,JK007018,405,51,265,170,95
89,744,963,Rafed0001713Vols,1440,524,745,177,99
89,744,963,Shamela0008473,2920,694,913,177,100
89,773,975,Shamela0008473,2922,958,1322,156,53
89,409,1529,Shamela0007663,55,0,1221,891,89
89,1300,1563,Shamela0007663,58,10,279,201,89
89,1210,1425,Shamela0007663,147,835,1114,143,61
89,744,963,ShamAY0002038,415,737,956,177,100
89,744,963,JK009396,852,698,918,177,99
89,831,963,Shamela0037458,2402,424,904,105,27
89,726,963,Shia002380Vols,457,604,1433,179,27
89,744,963,Meshkat0014420,2919,259,478,177,100
89,791,958,ShamIbadiyya0000075,514,842,1153,134,53
89,744,913,Sham19Y0020891,3494,26,196,137,99
89,773,975,Tafsir09084,1448,589,953,153,52
89,223,1390,Shamela0003055,312,0,772,553,56
89,141,1563,Shamela0003055,3550,0,1542,1055,80
89,744,934,JK009266,5982,1333,1523,154,98
89,744,963,Shamela0023591,4575,450,670,177,99
89,831,963,Shamela0023591,4595,667,959,97,41
89,744,963,Shamela0023632,2230,763,983,177,99
90,0,301,Shamela0007568,20,693,998,228,86
90,942,1663,Shamela0007568,20,998,1637,481,74
90,0,301,Shamela0007568,51,135,450,236,89
90,0,115,JK000351,79,1377,1549,93,66
90,0,267,Shamela0012094,41,1356,1650,217,88
90,267,1663,Shamela0012094,42,0,1509,1135,91
90,139,301,Shamela0007664,186,760,965,132,76
90,25,1663,Shamela0011353,9,0,1592,1290,94
90,0,115,JK000381,4519,802,974,93,66
90,4,436,Shamela0007663,55,1181,1618,330,90
90,436,1663,Shamela0007663,56,0,1254,913,84
90,0,561,Shamela0007663,58,279,1193,417,55
90,158,495,Shamela0007663,148,581,1350,273,43
90,115,942,Shamela0003055,312,792,1590,610,85
90,946,1663,Shamela0003055,313,56,1119,586,66
90,53,1515,Shamela0003055,3551,0,1622,1161,86
91,672,1150,Shamela0007568,21,143,613,365,91
91,0,221,Shamela0012094,42,1509,1671,126,66
91,221,1660,Shamela0012094,43,0,1519,1170,93
91,87,1660,Shamela0011353,10,0,1599,1270,95
91,0,379,Shamela0007663,56,1254,1640,306,97
91,431,970,Shamela0007663,57,120,682,439,94
91,257,663,Shamela0007663,149,56,510,325,88
91,0,498,Shamela0003055,313,1119,1685,397,86
91,498,1660,Shamela0003055,314,0,1198,952,96
91,0,1462,Shamela0003055,3552,149,1688,1184,93
91,1462,1660,Shamela0003055,3553,0,219,164,89
92,1376,1646,Shamela0007568,21,613,883,226,99
92,0,191,Shamela0012094,43,1519,1660,111,70
92,191,1646,Shamela0012094,44,0,1492,1181,95
92,70,1646,Shamela0011353,11,0,1579,1262,96
92,0,439,Shamela0003055,314,1198,1665,343,90
92,439,1646,Shamela0003055,315,0,1253,978,94
92,0,1314,Shamela0003055,3553,219,1618,1040,90
92,1314,1646,Shamela0003055,3554,0,343,279,96
93,0,823,Shamela0007568,21,883,1680,647,95
93,823,1658,Shamela0007568,22,0,840,683,98
93,0,194,Shamela0012094,44,1492,1684,158,98
93,194,1658,Shamela0012094,45,0,1475,1193,98
93,52,1658,Shamela0011353,12,0,1602,1300,97
93,0,436,Shamela0003055,315,1253,1668,342,95
93,436,1658,Shamela0003055,316,0,1265,989,95
93,0,1341,Shamela0003055,3554,343,1672,1069,96
93,1341,1658,Shamela0003055,3555,0,318,262,98
94,0,426,Shamela0007568,22,840,1267,340,99
94,325,688,Shamela0021537,179,405,784,271,83
94,1510,1629,JK000098,523,1212,1332,95,98
94,1510,1629,Sham19Y0038155,621,435,555,96,99
94,0,161,Shamela0012094,45,1475,1635,129,99
94,161,1629,Shamela0012094,46,0,1494,1190,96
94,75,1629,Shamela0011353,13,0,1575,1251,96
94,1510,1623,ShamAY0034419,112,1444,1557,90,100
94,0,333,Shamela0003055,316,1265,1616,269,94
94,333,1482,Shamela0003055,317,0,1222,901,88
94,0,1342,Shamela0003055,3555,318,1663,1077,96
94,1345,1629,Shamela0003055,3556,4,316,228,90
95,1214,1621,Kraken220413194022,2533,697,1132,277,73
95,1342,1621,Kraken220413194022,2770,1078,1362,206,87
95,1224,1621,JK000365,766,1069,1453,269,82
95,910,1126,Shamela0007568,84,308,525,174,98
95,1214,1470,Shamela0007350,63,175,486,150,56
95,1334,1621,Shamela0007350,66,1055,1328,197,84
95,1334,1621,JK000362,1326,317,594,208,91
95,1297,1621,Hindawi031861395,234,695,1030,246,90
95,1214,1464,Shamela0006947,12287,923,1235,149,57
95,1151,1470,Shamela0006947,17134,16,405,175,52
95,964,1440,Shamela0021537,1175,1086,1555,174,34
95,1440,1621,Shamela0021537,1176,0,179,135,94
95,1214,1621,JK000382,325,379,827,243,56
95,1334,1621,JK000382,344,1062,1365,206,82
95,1334,1621,JK000382,521,12,339,206,77
95,1297,1621,JK000382,530,652,1011,255,88
95,1214,1464,Shamela0006463,139,331,643,149,57
95,1342,1621,Shamela0006463,142,987,1249,191,84
95,1297,1621,ShamAY0035960,566,1095,1432,254,93
95,1487,1621,JK001254,49,0,132,104,97
95,1214,1549,JK001414,2494,1152,1518,222,69
95,1334,1621,JK001414,2736,653,949,214,88
95,1248,1621,JK000098,631,42,472,248,69
95,1334,1621,JK000098,633,441,751,201,76
95,1342,1621,Shamela0007318,128,13,268,189,84
95,1232,1621,Shamela0009943,196,20,508,258,63
95,1334,1621,Shamela0009943,367,505,822,200,77
95,1334,1621,Shamela0012398,575,693,1022,214,82
95,0,147,Shamela0012094,46,1494,1640,119,99
95,147,1621,Shamela0012094,47,0,1470,1190,98
95,1289,1621,Sham19Y0020587,63,417,791,258,86
95,1334,1621,JK000342,6,431,768,209,76
95,167,1130,Shamela0011353,2,0,1245,767,74
95,1126,1621,Shamela0011353,14,517,1004,394,97
95,46,547,Shamela0011353,14,0,500,405,98
95,1232,1621,JK000381,1185,832,1310,261,66
95,1334,1595,JK000381,1187,1264,1546,160,61
95,1342,1621,JK000381,1216,956,1238,177,69
95,1328,1621,JK000381,2245,0,270,208,89
95,1151,1470,Shamela0011730,169,959,1348,175,52
95,1334,1621,Shamela0004473,2694,22,329,194,79
95,1342,1621,Shamela0030312,53,497,778,208,89
95,1297,1621,Shamela0037614,146,521,856,246,90
95,1316,1617,Sham19Y0132973,663,637,1045,209,64
95,1342,1621,AOCP20251104106,63,59,349,208,88
95,1334,1621,Tafsir07055,3403,451,776,212,81
95,1214,1621,Tafsir07055,3410,114,609,300,74
95,1377,1621,Shamela0006549,105,0,242,176,86
95,1334,1621,JK010001,3314,905,1208,193,74
95,1214,1621,JK010001,3321,466,937,285,72
95,1232,1621,Shamela0037325,1259,832,1310,261,66
95,1334,1532,Shamela0037325,1261,1282,1492,142,82
95,1297,1621,JK000097,524,838,1156,239,87
95,1155,1621,JK000083,11,756,1210,330,84
95,110,301,Shamela0003055,317,1457,1648,158,97
95,734,1066,Shamela0003055,318,1239,1565,266,97
95,301,748,Shamela0003055,318,0,540,356,80
95,1066,1621,Shamela0003055,319,0,491,377,82
95,1214,1464,Shamela0003055,661,695,1034,154,54
95,1214,1510,Shamela0003055,662,686,975,177,71
95,1334,1621,Shamela0003055,666,1100,1396,214,88
95,0,1334,Shamela0003055,3556,316,1638,1064,96
95,1334,1621,Shamela0003055,3557,0,288,228,99
95,1214,1621,Shamela0018381,58,867,1457,276,56
95,1334,1621,Shamela0018381,61,6,326,207,79
95,1289,1621,Sham19Y0017581,132,129,750,265,53
95,1334,1621,Sham19Y0017581,383,430,724,211,86
95,1334,1621,JK000090,152,1192,1499,217,86
95,1297,1595,JK000090,158,1258,1559,223,88
96,6,392,Kraken220413194022,2533,1132,1481,268,87
96,398,1489,Kraken220413194022,2534,0,1097,793,86
96,76,1351,Kraken220413194022,2771,14,1476,556,38
96,6,669,Shamela0007350,63,502,962,324,60
96,0,166,Shamela0007350,66,1328,1537,98,51
96,6,162,JK000362,1326,599,841,86,40
96,6,504,Hindawi031861395,234,1037,1517,371,90
96,504,1489,Hindawi031861395,235,0,712,497,59
96,6,409,Shamela0006947,12287,1235,1516,175,50
96,0,166,Shamela0006947,12291,256,449,98,55
96,301,669,Shamela0006947,17134,514,809,197,63
96,19,229,ShamAY0038316,115,858,1041,139,84
96,0,246,Shamela0021537,1176,179,450,141,55
96,6,508,JK000382,325,827,1334,383,91
96,6,530,JK000382,530,1011,1511,391,92
96,530,1489,JK000382,531,0,935,725,92
96,6,669,Shamela0006463,139,643,1079,313,58
96,0,166,Shamela0006463,142,1249,1418,100,61
96,6,437,JK001254,44,840,1071,178,50
96,6,246,JK001254,45,54,278,168,86
96,0,637,JK001254,49,132,657,240,42
96,6,1398,JK001414,2495,73,1489,1020,85
96,6,508,JK001414,2736,954,1389,192,42
96,519,910,JK001414,2737,88,398,160,43
96,915,1489,JK001414,2737,620,1299,323,52
96,6,508,JK000098,631,472,981,365,86
96,6,162,JK000098,633,756,978,113,64
96,6,669,Shamela0007318,124,86,525,313,58
96,0,166,Shamela0007318,128,268,436,100,61
96,6,508,Shamela0009943,196,508,1036,340,75
96,0,252,Shamela0009943,367,822,1079,123,45
96,578,1458,JK000113,27,148,982,573,75
96,6,162,Shamela0012398,575,1027,1265,110,59
96,0,118,Shamela0012094,47,1470,1601,90,88
96,120,1489,Shamela0012094,48,11,1443,1057,90
96,6,301,Sham19Y0020587,63,791,1072,195,79
96,311,1307,JK000342,7,4,1356,542,44
96,6,162,JK000101,42,1155,1377,90,45
96,0,583,Shamela0011353,14,1004,1556,435,93
96,583,1489,Shamela0011353,15,0,904,719,97
96,19,229,JK000381,921,1095,1278,139,84
96,6,308,JK000381,1185,1310,1585,220,91
96,308,508,JK000381,1186,0,211,159,94
96,6,166,JK000381,1188,32,249,115,65
96,301,669,JK000381,1242,328,625,209,69
96,6,301,JK000381,2245,270,525,200,85
96,6,366,Shamela0011730,169,1364,1507,108,37
96,366,669,Shamela0011730,170,0,238,163,65
96,6,915,Shamela0004473,2694,334,1227,439,49
96,915,1489,Shamela0004473,2695,0,600,328,58
96,6,210,JK000331,54,898,1074,116,71
96,6,620,Shamela0030312,53,783,1412,252,40
96,6,664,Shamela0037614,146,863,1503,485,89
96,664,1489,Shamela0037614,147,0,921,638,85
96,6,915,Rafed0000040Vols,116,230,1163,431,46
96,995,1489,Rafed0000040Vols,117,6,708,291,49
96,6,162,Rafed0000040Vols,283,1306,1511,113,66
96,6,162,Rafed0000040Vols,318,1027,1233,113,66
96,6,1010,AOCP20251104106,63,355,1468,413,35
96,950,1489,AOCP20251104106,64,0,606,281,50
96,6,162,Tafsir07055,3403,782,1001,112,65
96,6,637,Kraken220413194135,178,793,1139,248,48
96,6,910,Shamela0006549,105,248,1118,358,37
96,1049,1489,Shamela0006549,106,12,533,277,60
96,6,308,Shamela0037325,1259,1310,1585,220,91
96,308,508,Shamela0037325,1260,0,211,159,94
96,6,166,Shamela0037325,1262,67,284,115,65
96,508,1375,Shamela0037325,1273,37,752,272,31
96,578,1458,Shamela0037325,2519,186,1049,609,81
96,0,229,JK000097,524,1156,1352,155,85
96,0,384,JK000083,11,1210,1567,284,92
96,384,1489,JK000083,12,0,1112,850,93
96,0,853,Shamela0003055,319,491,1444,630,82
96,853,1489,Shamela0003055,320,0,622,504,96
96,6,437,Shamela0003055,661,1034,1305,176,48
96,6,246,Shamela0003055,662,980,1275,159,66
96,133,620,Shamela0003055,667,0,374,152,40
96,0,1074,Shamela0003055,3557,288,1475,810,84
96,1074,1489,Shamela0003055,3558,0,416,336,99
96,124,508,Shamela0018381,59,0,440,296,82
96,6,162,Shamela0018381,61,331,595,111,54
96,6,733,Sham19Y0017581,132,750,1457,547,93
96,733,1489,Sham19Y0017581,133,0,744,583,93
96,6,778,Sham19Y0017581,383,729,1471,308,37
96,821,1489,Sham19Y0017581,384,5,971,383,45
96,6,162,Shamela0000894,94,863,1081,90,46
96,48,1297,JK000090,153,39,1486,584,40
96,6,246,JK000090,159,27,293,167,76
97,0,432,Kraken220413194022,2534,1097,1521,321,88
97,432,1590,Kraken220413194022,2535,0,1217,914,90
97,92,482,Kraken220413194022,2772,93,530,229,59
97,92,244,Hindawi031861395,235,698,845,110,87
97,425,1330,JK001197,8,827,1219,131,17
97,117,421,JK000382,326,0,303,229,89
97,128,482,JK000382,345,745,1145,236,70
97,92,393,JK000382,521,1081,1445,177,56
97,0,628,JK000382,531,935,1554,472,87
97,634,1590,JK000382,532,5,977,758,94
97,0,244,JK001254,45,282,519,188,94
97,0,1415,JK001414,2496,92,1580,1112,89
97,1415,1590,JK001414,2497,0,173,139,96
97,195,482,JK001414,2738,4,256,171,68
97,0,244,JK000098,631,1047,1281,184,92
97,960,1442,JK000098,631,1346,1566,177,44
97,1451,1590,JK000098,632,8,149,108,95
97,0,244,Shamela0009943,196,1105,1339,159,73
97,1355,1590,Shamela0009943,197,0,219,160,81
97,1098,1253,JK000113,31,1357,1529,125,89
97,1228,1590,JK000113,42,452,774,223,75
97,92,1590,Shamela0012094,49,0,1507,1206,98
97,0,727,Sham19Y0020587,63,1112,1548,331,55
97,727,1030,Sham19Y0020587,64,0,137,102,39
97,128,482,JK000342,8,271,710,206,54
97,0,682,Shamela0011353,15,904,1580,550,98
97,682,1590,Shamela0011353,16,0,902,730,99
97,0,291,JK000381,1186,275,552,213,90
97,960,1590,JK000381,1186,617,980,267,51
97,0,117,JK000381,1818,179,301,92,92
97,0,1030,JK000381,2245,565,1137,430,50
97,128,482,Shamela0004473,2695,648,1067,214,57
97,107,463,Shamela0030312,54,30,234,97,32
97,0,653,Shamela0037614,147,921,1586,514,94
97,653,1590,Shamela0037614,148,0,999,742,91
97,92,482,Rafed0000040Vols,117,694,1184,228,53
97,73,421,Rafed0000040Vols,391,1121,1469,244,86
97,92,482,AOCP20251104106,64,592,1033,228,59
97,92,474,Shamela0006549,106,519,955,230,60
97,960,1590,Shamela0037325,1260,618,982,267,51
97,0,291,Shamela0037325,1260,275,553,214,88
97,1338,1590,Hindawi030536269,640,444,681,179,86
97,0,411,JK000083,12,1112,1551,334,93
97,411,1590,JK000083,13,0,1236,945,93
97,0,999,Shamela0003055,320,622,1622,792,95
97,999,1590,Shamela0003055,321,0,581,463,95
97,0,236,Shamela0003055,662,1279,1507,181,94
97,0,1168,Shamela0003055,3558,416,1595,941,97
97,1168,1590,Shamela0003055,3559,0,418,338,98
97,960,1590,Shamela0018381,59,861,1223,275,53
97,0,291,Shamela0018381,59,508,785,213,90
97,0,861,Sham19Y0017581,133,744,1593,671,94
97,861,1590,Sham19Y0017581,134,0,767,582,92
97,92,482,Sham19Y0017581,384,957,1391,240,61
97,92,482,JK000090,154,198,672,231,57
97,0,403,JK000090,159,297,636,271,82
98,0,409,Kraken220413194022,2535,1217,1595,303,90
98,409,1574,Kraken220413194022,2536,0,1136,894,93
98,353,836,Shamela0007350,63,957,1227,201,52
98,368,836,JK000362,260,866,1323,326,82
98,9,317,Hindawi031861395,235,718,1023,152,53
98,353,836,Shamela0006947,12288,193,463,197,50
98,353,836,Shamela0006947,17134,804,1094,206,51
98,368,825,JK000375,29,1120,1445,247,67
98,90,368,Shamela0021537,1176,450,719,221,96
98,9,836,JK000382,326,367,1014,411,55
98,1086,1574,JK000382,347,450,1020,252,47
98,1114,1574,JK000382,523,919,1439,231,49
98,0,602,JK000382,532,977,1565,468,94
98,602,1574,JK000382,533,0,948,752,94
98,353,836,Shamela0006463,139,1074,1341,199,51
98,353,793,JK001254,44,1091,1322,175,50
98,0,1431,JK001414,2497,173,1581,1087,91
98,1434,1574,JK001414,2498,4,145,114,99
98,1086,1467,JK001414,2739,1102,1561,179,43
98,353,836,Shamela0007318,124,520,790,199,52
98,0,966,JK000113,42,774,1506,482,56
98,988,1574,JK000113,43,0,443,314,61
98,80,1567,Shamela0012094,50,0,1442,1123,90
98,93,516,Shamela0000248,67,168,555,190,47
98,1198,1574,JK000342,10,690,1076,189,50
98,0,886,Shamela0011353,16,902,1587,521,71
98,886,1574,Shamela0011353,17,0,678,553,97
98,353,836,JK000381,1242,620,885,188,48
98,353,836,Shamela0011730,170,233,517,206,52
98,1092,1574,Shamela0004473,2697,537,1081,234,47
98,368,756,Shamela0004473,7384,722,894,135,43
98,0,581,Shamela0037614,148,999,1577,443,92
98,581,1574,Shamela0037614,149,0,987,765,93
98,1086,1574,Rafed0000040Vols,119,803,1403,240,44
98,836,1117,Rafed0000040Vols,126,391,533,106,45
98,1086,1574,AOCP20251104106,66,353,914,231,46
98,1086,1574,Shamela0006549,108,139,698,241,48
98,0,358,JK000083,13,1236,1591,277,93
98,353,1574,JK000083,14,0,1233,966,95
98,0,957,Shamela0003055,321,581,1546,719,88
98,957,1574,Shamela0003055,322,0,671,485,86
98,353,507,Shamela0003055,661,1325,1480,108,86
98,368,660,Shamela0003055,691,1230,1519,208,84
98,660,836,Shamela0003055,692,0,174,123,82
98,0,1103,Shamela0003055,3559,418,1555,866,92
98,1103,1574,Shamela0003055,3560,0,463,378,97
98,0,836,Sham19Y0017581,134,767,1548,621,92
98,836,1574,Sham19Y0017581,135,0,746,592,95
98,1086,1574,Sham19Y0017581,386,637,1197,248,49
98,1114,1574,JK000090,156,51,598,234,48
99,0,427,Kraken220413194022,2536,1136,1612,333,81
99,427,753,Kraken220413194022,2537,0,329,261,94
99,1427,1633,Shamela0007568,62,1335,1526,155,90
99,0,682,JK000382,533,948,1640,535,90
99,397,733,AOCP20251104002,4,1057,1548,260,64
99,0,753,JK001414,2498,145,957,598,87
99,436,747,JK000098,632,300,617,229,84
99,436,747,Shamela0009943,197,382,680,217,82
99,0,642,JK000113,43,443,1256,471,65
99,1217,1684,Shamela0012094,35,0,463,380,96
99,0,146,Shamela0012094,50,1451,1595,118,98
99,146,765,Shamela0012094,51,0,667,504,90
99,1124,1340,Shamela0007664,282,1020,1229,167,93
99,0,765,Shamela0011353,17,678,1482,617,91
99,436,747,JK000381,1186,1142,1476,228,79
99,0,627,Shamela0037614,149,987,1642,493,88
99,627,765,Shamela0037614,150,0,139,109,96
99,642,765,Tafsir07055,3410,800,924,96,95
99,642,765,JK010001,3321,1136,1260,96,95
99,436,747,Shamela0037325,1260,1144,1479,228,79
99,0,327,JK000083,14,1233,1562,254,93
99,327,765,JK000083,15,0,494,362,87
99,0,721,Shamela0003055,322,671,1359,499,77
99,0,779,Shamela0003055,3560,463,1278,625,91
99,436,642,Shamela0018381,59,1392,1595,153,84
99,0,753,Sham19Y0017581,135,746,1645,595,78
100,0,1319,Shamela0012094,35,463,1713,1017,93
100,1319,1667,Shamela0012094,36,0,352,285,98
100,1295,1667,Shamela0007664,284,0,377,305,98
101,1063,1198,JK009301,587,1299,1446,99,86
101,0,1193,Shamela0012094,36,352,1585,921,90
101,1193,1556,Shamela0012094,37,0,365,290,99
101,1204,1556,Shamela0007664,284,514,860,276,97
101,0,132,Shamela0007664,284,377,510,110,99
101,1198,1556,Shamela0011353,79,574,932,284,97
101,1013,1204,Shia004515,9,1292,1508,145,84
102,0,1202,Shamela0012094,37,365,1548,949,96
102,1202,1550,Shamela0012094,38,0,341,268,95
102,220,920,Shamela0007664,284,864,1566,559,96
102,920,1550,Shamela0007664,285,0,593,474,93
102,571,689,Shamela0011353,79,461,580,93,99
102,553,1437,Shamela0007663,4,745,1642,679,91
102,1437,1550,Shamela0007663,5,0,116,93,97
103,0,1271,Shamela0012094,38,341,1568,966,92
103,1271,1614,Shamela0012094,39,0,342,276,96
104,0,589,Shamela0012094,39,342,926,482,98
105,1207,1556,JK007640,136,365,723,272,92
105,568,1165,JK007640,137,0,1465,468,39
105,174,613,Rafed0000230Vols,1240,934,1316,299,85
105,201,1165,Hindawi049464279Vols,554,0,963,762,98
106,0,724,JK007640,136,723,1482,559,90
106,724,1494,JK007640,137,0,824,598,90
106,146,769,Rafed0000230Vols,1240,1043,1316,207,42
106,19,1430,Hindawi049464279Vols,554,82,682,472,41
107,0,608,JK007640,137,824,1465,482,91
107,20,608,Hindawi049464279Vols,554,682,963,222,46
111,572,697,Rafed0000230Vols,1241,89,216,89,89
118,308,900,JK000082,191,350,1075,478,81
119,1214,1537,JK000082,132,420,821,258,79
120,952,1227,Shamela0008555,5,818,1093,209,90
120,952,1227,Shamela0008561,5,892,1165,209,91
120,0,763,JK000082,132,821,1584,618,99
120,763,1619,JK000082,133,0,854,693,98
120,952,1227,Shamela0003055,3209,397,672,211,91
121,0,688,JK000082,133,854,1628,555,87
121,688,1599,JK000082,134,0,907,737,99
122,0,715,JK000082,134,907,1594,556,96
122,715,1584,JK000082,135,0,847,690,96
123,0,767,JK000082,135,847,1602,607,97
123,767,1576,JK000082,136,0,808,653,99
124,186,347,ShamAY0033733,95,633,792,122,95
124,186,347,Shamela0023833,157,920,1081,122,94
124,170,347,Noorlib0023588,133,1380,1550,123,82
124,68,347,Sham19Y0020892,152,908,1016,83,37
124,186,347,JK009313,881,862,1024,121,93
124,186,347,Shamela0010906,76,1003,1163,124,96
124,186,347,Shamela0006947,6149,874,1034,121,94
124,238,347,MMS00013,1940,582,691,87,100
124,186,314,Shamela0035100,482,1413,1539,97,94
124,186,347,JK006886,56,253,414,124,95
124,186,347,JK007501,15,16,183,122,91
124,186,347,Shia001278Vols,570,157,318,122,94
124,186,347,Sham19Y0145166,130,902,1062,124,96
124,186,347,Shamela0004445,1093,552,712,124,96
124,68,347,Shia003636Vols,921,782,1188,94,24
124,37,292,Sham19Y0011326,19,719,1090,162,53
124,186,347,Masaha002028Vols,425,143,305,124,95
124,68,347,Tafsir07055,2553,1167,1303,89,40
124,230,347,Hindawi080746828,53,900,1017,91,97
124,0,785,JK000082,136,808,1590,633,98
124,785,1654,JK000082,137,0,924,684,85
124,186,347,EShia0086596,56,700,862,119,92
124,68,347,JK010001,2468,317,436,82,37
124,186,347,JK007021,79,343,504,124,95
124,186,347,JK007143,357,764,942,121,84
125,551,729,Shia002356Vols,43,692,868,139,98
125,551,729,Shamela0000041,85,95,273,141,100
125,525,729,Shamela0007798,505,191,375,146,90
125,554,722,Zaydiyya0000062,54,343,511,133,100
125,576,729,Meshkat00042488,52,0,153,122,100
125,551,729,Tafsir07057,149,578,756,141,100
125,538,729,JK000791,70,1376,1561,146,96
125,551,729,JK001420,53,942,1120,141,100
125,551,729,Rafed0003257Vols,248,1339,1517,141,100
125,551,729,Shia001174Vols,848,822,1000,139,98
125,551,729,Sham19Y0014579,77,950,1128,141,100
125,505,729,Shamela0006947,8551,785,985,156,87
125,551,729,JK001496,127,742,921,141,99
125,551,729,JK009362,597,1068,1247,141,99
125,551,729,Shamela0023578,138,1117,1295,141,100
125,592,729,ShamAY0001202,89,0,137,109,100
125,525,729,Sham19Y0147312,130,683,888,146,90
125,551,729,JK006478,886,248,427,141,99
125,565,729,JK009270,182,0,164,130,100
125,551,729,Shamela0029743,23,914,1092,141,100
125,551,729,Shia001432Vols,2755,850,1028,141,100
125,525,729,Shia001432Vols,21834,329,538,146,89
125,551,729,Shia001432Vols,21939,96,274,141,100
125,551,729,Sham19Y0023608,98,1133,1311,141,100
125,551,729,Shamela0022371,58,608,786,141,100
125,531,729,Sham19Y0014404,64,127,319,145,93
125,551,729,JK009257,40,788,966,141,100
125,525,729,Shamela0012884,192,1264,1448,145,89
125,551,729,Shamela0021821,68,1017,1195,141,100
125,551,729,Shamela0023628,79,0,178,141,100
125,551,729,Rafed0003943Vols,38,554,732,141,100
125,505,729,JK000381,3325,1318,1518,156,87
125,525,729,Shamela0004473,5372,1151,1340,146,90
125,538,729,Shamela0004473,13806,1305,1506,151,93
125,551,748,JK000367,72,907,1105,142,90
125,538,729,Shamela0010273,77,856,1062,149,91
125,551,729,ShamAY0036821,136,342,518,139,98
125,551,729,Sham19Y0013550,564,428,606,141,100
125,551,729,Sham19Y0023618,76,935,1113,141,100
125,551,729,Shia002394Vols,195,939,1115,139,98
125,545,729,Sham19Y0020643,188,562,746,146,100
125,589,729,JK000001,2610,1129,1269,111,100
125,545,729,JK001110,67,945,1129,145,99
125,551,739,Meshkat00057178,340,609,799,145,96
125,551,735,JK007018,28,989,1173,140,96
125,0,180,JK000082,137,924,1103,144,99
125,551,729,Rafed0001713Vols,124,131,309,141,100
125,551,729,Shamela0008473,349,935,1113,141,100
125,545,729,Shamela0000922,65,1190,1381,145,95
125,551,729,Shamela0037458,163,265,443,141,100
125,551,729,Zaydiyya0000373Vols,281,63,241,141,100
125,551,729,Masaha000554Vols,153,937,1114,139,98
125,525,729,Meshkat0014420,173,698,882,146,90
125,551,729,Rafed0003150Vols,118,407,585,141,100
125,551,729,Sham19Y0020891,493,221,399,141,100
125,551,729,JK009266,514,574,752,141,100
125,551,729,Shia003744Vols,39,926,1104,140,99
125,551,748,Shamela0023591,422,1091,1290,144,91
125,551,729,Shamela0009231,188,430,608,141,100
126,1312,1558,Shamela0008532,52,59,318,197,92
126,1263,1558,Shamela0009859,91,239,541,178,64
126,728,1227,JK006950,2145,867,1378,398,96
126,1227,1558,Shamela0012094,134,484,827,267,95
126,1325,1558,Shamela0011379,297,14,241,179,90
126,728,1038,JK000381,7843,1197,1507,254,99
126,1038,1227,JK000381,7844,0,200,144,91
126,1278,1558,JK000367,301,0,286,228,95
126,710,986,Tafsir07055,3958,1158,1427,215,95
126,710,986,JK010001,3847,1024,1293,215,95
126,642,1227,JK001226,18,0,551,434,90
126,1227,1558,JK001226,270,490,823,271,99
126,1325,1558,Shamela0003055,236,181,408,179,90
126,1312,1558,Shamela0003055,2677,1202,1480,197,86
127,1235,1455,JK000165,1618,448,780,141,47
127,1225,1531,Sham19Y0016953Vols,630,751,1021,212,84
127,1214,1510,Sham19Y0016953Vols,953,846,1316,197,49
127,1287,1472,Sham19Y0016953Vols,1390,259,442,149,97
127,1221,1541,Shamela0010541,140,702,1045,217,77
127,148,517,Shamela0008532,52,318,631,200,63
127,1221,1531,JK006950,1861,610,871,205,80
127,1221,1541,JK006950,1960,193,506,205,74
127,821,1541,JK006950,2146,15,720,560,95
127,0,602,Shamela0012094,134,827,1430,464,93
127,602,740,Shamela0012094,135,40,178,111,99
127,1221,1481,Shamela0012094,149,1316,1530,167,78
127,1221,1481,Sham19Y0147665,31,1359,1588,184,86
127,176,689,Shamela0011379,296,965,1539,368,75
127,1249,1510,JK000381,115,590,863,207,91
127,1221,1531,JK000381,7559,435,696,205,80
127,1221,1541,JK000381,7658,159,472,205,74
127,821,1541,JK000381,7844,370,1075,560,95
127,0,740,JK000367,301,286,1141,583,85
127,1108,1422,JK000367,329,1192,1544,148,43
127,1141,1541,Shamela0012027,244,141,534,298,88
127,34,166,Shamela0012027,245,1020,1156,104,95
127,1214,1510,Shamela0011578,18,671,1143,193,47
127,915,1254,Tafsir07055,3959,0,385,227,68
127,817,1032,JK010001,3847,1300,1502,150,86
127,1032,1221,JK010001,3848,0,177,119,78
127,804,1541,JK001226,18,530,1271,593,98
127,1221,1531,JK001226,35,160,440,222,87
127,1108,1531,JK001226,253,285,740,230,53
127,0,705,JK001226,270,823,1542,565,97
127,176,602,Shamela0003055,235,1114,1528,309,87
127,201,517,Shamela0003055,2678,0,249,176,68
128,0,879,JK006950,2146,720,1594,674,91
128,879,1572,JK006950,2147,0,662,502,85
128,0,531,JK000381,7844,1075,1602,393,85
128,531,1572,JK000381,7845,0,1009,778,89
128,0,674,Tafsir07055,3959,289,997,534,93
128,0,674,JK010001,3848,172,838,504,89
128,0,296,JK001226,18,1271,1577,240,96
128,296,1572,JK001226,19,0,1295,1026,97
129,0,875,JK006950,2147,662,1537,691,97
129,875,1488,JK006950,2148,0,578,458,93
129,0,561,JK000381,7845,1009,1567,447,98
129,561,1488,JK000381,7846,0,895,701,94
129,303,506,JK000367,324,939,1195,145,65
129,0,290,JK001226,19,1295,1583,237,99
129,290,1488,JK001226,20,0,1200,944,98
129,385,506,Shamela0037325,2095,0,121,95,99
130,77,541,JK000116,254,591,1126,240,46
130,0,873,JK006950,2148,578,1489,630,79
130,873,1556,JK006950,2149,0,665,540,96
130,0,526,JK000381,7846,895,1478,368,72
130,526,1556,JK000381,7847,0,993,803,95
130,0,247,JK001226,20,1200,1445,194,99
130,247,1556,JK001226,21,0,1378,1054,94
131,0,845,JK006950,2149,665,1570,676,92
131,845,1552,JK006950,2150,0,730,548,88
131,0,559,JK000381,7847,993,1554,447,98
131,559,1552,JK000381,7848,13,1064,768,87
131,0,169,JK001226,21,1378,1549,133,97
131,169,1552,JK001226,22,0,1387,1120,99
132,0,826,JK006950,2150,730,1569,646,92
132,826,1536,JK006950,2151,0,735,563,94
132,0,467,JK000381,7848,1064,1555,370,92
132,467,1536,JK000381,7849,0,1083,837,94
132,0,175,JK001226,22,1387,1561,141,99
132,175,1536,JK001226,23,0,1364,1080,97
133,243,425,Shamela0011162,27,260,601,111,39
133,243,425,Sham19Y0016953Vols,376,975,1313,110,39
133,300,498,Shamela0021537,2553,946,1133,119,76
133,279,551,ShamAY0034401,22,1009,1251,130,62
133,300,498,JK000355,11,1355,1496,107,69
133,619,716,JK000355,12,374,471,76,100
133,509,716,JK000355,19,1259,1519,123,54
133,292,498,JK000355,21,759,926,113,65
133,300,498,JK006950,1998,1052,1198,107,67
133,619,716,JK006950,1999,71,168,76,100
133,533,716,JK006950,2006,920,1113,121,67
133,292,498,JK006950,2008,403,583,115,63
133,0,638,JK006950,2151,735,1469,459,74
133,638,1483,JK006950,2152,0,817,668,96
133,619,716,Shamela0012094,156,387,484,76,100
133,509,758,Shamela0012094,163,1010,1349,140,48
133,292,498,Shamela0012094,165,356,536,115,63
133,509,716,JK000381,259,297,501,123,66
133,300,486,JK000381,794,1333,1498,103,71
133,360,716,JK000381,3607,573,923,234,76
133,300,498,JK000381,7696,1101,1247,107,67
133,619,716,JK000381,7697,119,216,76,100
133,533,716,JK000381,7704,974,1167,121,67
133,292,498,JK000381,7706,451,631,115,63
133,0,340,JK000381,7849,1083,1518,231,61
133,340,1483,JK000381,7850,0,1116,897,96
133,870,1045,Sham19Y0132973,220,0,169,137,94
133,509,716,Sham19Y0011326,280,568,817,116,57
133,160,1530,JK001226,24,0,1364,1094,98
133,541,716,Shamela0012293,1150,1241,1446,99,54
133,300,498,Shamela0003055,324,154,341,118,77
134,1143,1325,Shamela0008555,36,797,999,141,88
134,469,959,JK000350,91,5,521,249,55
134,609,959,JK000350,238,343,777,200,52
134,801,1214,Sham19Y0016953Vols,22,928,1185,158,47
134,744,888,Sham19Y0016953Vols,248,1400,1558,107,81
134,1147,1430,Sham19Y0016953Vols,376,263,526,142,53
134,491,1006,Sham19Y0016953Vols,703,395,782,230,54
134,1143,1463,Shamela0022666,73,1036,1516,181,47
134,821,935,AOCP20251104081,568,0,191,91,59
134,513,935,AOCP20251104081,785,903,1166,172,51
134,801,935,JK006950,1223,1288,1452,107,81
134,816,935,JK006950,1593,0,118,92,97
134,0,776,JK006950,2152,864,1615,604,96
134,776,1519,JK006950,2153,0,754,565,89
134,801,959,JK006950,2216,779,923,113,89
134,631,959,JK000368,367,33,336,198,69
134,1147,1430,Shamela0011353,39,1241,1523,163,65
134,469,959,JK000381,206,442,899,248,57
134,609,1206,JK000381,325,370,926,199,35
134,1169,1325,JK000381,794,625,745,95,76
134,801,935,JK000381,6921,100,264,107,81
134,513,935,JK000381,7290,847,1102,172,51
134,0,436,JK000381,7850,1163,1599,354,98
134,436,1519,JK000381,7851,0,1069,815,90
134,801,959,JK000381,7914,1138,1282,113,89
134,617,959,JK000367,367,690,1033,189,58
134,1147,1430,Shamela0012027,158,280,495,143,63
134,518,959,Shamela0012027,343,290,644,192,47
134,617,981,Shamela0007597,372,1106,1456,197,58
134,469,891,JK000376,111,1122,1503,193,51
134,0,210,JK001226,24,1364,1579,175,96
134,210,1519,JK001226,25,0,1311,1016,94
134,801,959,JK001226,280,1328,1472,112,89
134,518,1009,JK000146,151,477,1004,233,45
134,1147,1430,Shamela0011380,9,655,901,147,58
134,1147,1325,Shamela0011380,173,40,186,112,78
134,1143,1325,Shamela0011380,242,1231,1427,137,88
135,0,836,JK006950,2153,754,1487,578,84
135,1328,1509,JK006950,2154,1287,1473,143,97
135,836,1328,JK006950,2154,0,458,368,91
135,0,477,JK000381,7851,1069,1477,322,82
135,477,1328,JK000381,7852,0,783,624,90
135,1328,1509,JK000381,7853,96,282,143,97
135,297,1085,Tafsir07055,3960,0,771,600,94
135,288,536,JK010001,3848,1276,1489,166,84
135,536,1085,JK010001,3849,0,464,348,77
135,0,170,JK001226,25,1311,1488,138,94
135,170,1509,JK001226,26,0,1346,1071,99
136,392,552,JK000350,36,303,630,119,45
136,290,552,JK000350,37,9,268,141,58
136,290,552,JK000350,44,943,1179,141,65
136,370,552,JK000350,152,1136,1345,128,76
136,290,552,JK000350,178,987,1330,156,55
136,290,552,JK006950,2071,408,629,129,54
136,103,745,JK006950,2180,907,1493,472,90
136,750,1518,JK006950,2181,15,814,609,94
136,385,552,Shia004509,85,156,314,107,73
136,290,552,JK000381,7769,615,836,129,54
136,103,388,JK000381,7878,1238,1503,217,92
136,388,1518,JK000381,7879,0,1135,865,91
136,290,552,AOCP20251104062,175,71,309,143,60
136,360,552,JK001226,81,1150,1378,135,73
136,370,552,JK001226,153,154,363,128,76
136,290,552,JK001226,273,90,322,147,68
136,75,1131,JK001226,285,473,1525,839,98
136,1131,1518,JK001226,286,0,387,308,99
136,290,536,JK000363,171,1348,1571,131,58
137,569,1287,JK000116,251,128,696,412,67
137,565,802,Shamela0011334,109,1369,1576,137,69
137,962,1287,Shamela0011334,110,42,343,213,79
137,0,713,JK006950,2181,814,1521,518,84
137,713,1554,JK006950,2182,0,907,680,92
137,0,374,JK000381,7879,1135,1498,287,94
137,374,1554,JK000381,7880,0,1251,914,87
137,565,1264,Shamela0002386,187,1004,1542,361,62
137,0,1105,JK001226,286,387,1549,894,94
137,1105,1554,JK001226,287,0,431,346,95
137,488,1554,Shamela0012293,4056,632,1219,355,37
137,650,1554,Shamela0012293,5964,0,315,250,33
138,121,777,JK000116,251,729,1382,491,88
138,121,794,Shamela0011334,110,376,1009,465,81
138,0,610,JK006950,2182,907,1537,483,94
138,610,1564,JK006950,2183,0,949,717,87
138,0,282,JK000381,7880,1251,1544,218,91
138,282,1564,JK000381,7881,0,1286,981,89
138,121,788,Shamela0002386,188,53,734,498,86
138,0,1025,JK001226,287,431,1520,822,93
138,1025,1564,JK001226,288,0,540,436,99
138,0,288,Shamela0012293,4056,1219,1506,201,79
138,0,339,Shamela0012293,5964,315,658,237,79
139,1138,1365,JK001420,269,576,1050,175,46
139,1148,1377,Rafed0003257Vols,1733,773,1000,177,97
139,1142,1377,Shamela0006947,10328,1046,1279,182,97
139,1148,1377,JK009362,2132,922,1150,177,96
139,1148,1377,Shamela0023578,941,67,294,177,97
139,1148,1377,JK000990,90,393,620,177,97
139,0,631,JK006950,2183,949,1580,483,88
139,631,1546,JK006950,2184,0,918,713,95
139,1148,1377,Sham19Y0145435,5132,809,1036,177,97
139,1148,1377,QuranAnalysis001,44,707,934,177,97
139,1148,1377,JK009270,1082,456,683,177,97
139,1148,1377,Shamela0029743,210,1066,1293,177,97
139,1148,1377,Shia001432Vols,2473,542,767,176,96
139,1148,1377,Shia001432Vols,4583,1042,1268,176,96
139,1148,1377,Sham19Y0023608,895,17,244,177,97
139,1148,1377,Shamela0021821,440,202,429,177,97
139,1148,1377,Shamela0023628,893,140,367,177,97
139,0,301,JK000381,7881,1286,1578,215,79
139,301,1546,JK000381,7882,0,1257,984,96
139,1148,1377,Shamela0010273,596,871,1098,177,97
139,1148,1377,ShamAY0036821,693,1363,1589,176,96
139,1066,1377,JK000089,213,544,856,206,78
139,1148,1377,Shamela0008381,442,147,374,177,97
139,1148,1377,Shamela0008381,2858,1153,1380,177,97
139,1148,1377,Rafed0001713Vols,598,168,395,177,97
139,1148,1377,Shamela0008473,1403,1135,1362,177,97
139,1135,1377,Shamela0010895,35,738,975,179,93
139,0,984,JK001226,288,540,1539,788,97
139,984,1546,JK001226,289,0,564,453,99
139,1148,1377,JK009396,339,39,266,177,97
139,1148,1377,JK009268,1533,700,927,177,97
139,1386,1546,Shamela0037325,2163,129,293,130,97
139,1148,1377,Masaha000554Vols,1117,919,1145,176,96
139,1148,1377,Hindawi017506357,47,1343,1570,177,97
139,1148,1377,Sham19Y0020891,1587,468,695,177,97
139,1148,1377,Shia003721Vols,549,1305,1530,176,96
139,1148,1377,JK009266,2983,1220,1447,177,97
139,1148,1377,Shamela0023591,2430,1106,1333,177,97
140,0,629,JK006950,2184,918,1530,486,94
140,632,1570,JK006950,2185,6,918,722,92
140,0,309,JK000381,7882,1257,1552,243,94
140,309,1570,JK000381,7883,0,1235,964,92
140,0,963,JK001226,289,564,1533,772,98
140,963,1570,JK001226,290,0,609,495,99
140,0,1280,Shamela0037325,2163,293,1580,1037,98
140,1280,1570,Shamela0037325,2164,0,291,232,99
141,0,588,JK006950,2185,918,1495,425,87
141,591,1477,JK006950,2186,0,957,706,91
141,0,300,JK000381,7883,1235,1518,213,87
141,300,1477,JK000381,7884,0,1253,919,90
141,605,1257,Shamela0012027,346,707,1298,463,88
141,0,838,JK001226,290,609,1482,657,95
141,838,1477,JK001226,291,0,640,517,99
141,0,1167,Shamela0037325,2164,291,1456,925,99
141,1167,1477,Shamela0037325,2165,0,311,252,99
141,614,1022,Shamela0012293,4057,43,285,159,48
141,614,1022,Shamela0012293,5964,654,896,159,48
142,1049,1318,Shamela0000041,1318,528,861,195,68
142,1053,1318,JK009152,88,651,851,133,61
142,1057,1318,JK000365,299,184,475,179,71
142,1026,1318,JK000373,176,222,490,208,88
142,1057,1318,JK000081,1151,1166,1395,185,87
142,1032,1318,JK000041,162,1177,1459,201,82
142,1045,1318,JK000362,895,1075,1315,190,83
142,1049,1318,JK000362,1417,1218,1462,191,84
142,1076,1318,Sham19Y0122257,273,4,294,182,75
142,1067,1318,Sham19Y0016953Vols,650,390,627,182,87
142,1076,1223,Sham19Y0016953Vols,1304,231,355,99,83
142,1053,1318,JK001173,44,747,1065,196,74
142,1057,1318,Shamela0022666,86,945,1229,211,91
142,1067,1318,JK000094,526,1155,1391,186,89
142,1067,1318,Shamela0012091,21,469,727,191,91
142,1045,1318,Shamela0012091,69,963,1246,196,82
142,1045,1318,ShamAY0038316,91,1149,1395,191,84
142,1045,1318,ShamAY0038316,104,1304,1565,202,88
142,1049,1318,JK006892,126,1013,1249,188,85
142,1067,1337,ShamAY0038455,18,1129,1380,194,87
142,0,630,JK006950,2186,957,1562,480,91
142,630,1588,JK006950,2187,0,952,739,92
142,1072,1318,JK000022,323,49,318,139,57
142,1141,1318,Sham19Y0023608,2031,211,442,132,68
142,1053,1318,JK009336,121,745,1061,200,76
142,1045,1318,JK000101,399,42,282,190,83
142,1053,1318,Shamela0023628,2000,547,795,141,59
142,1057,1318,JK000381,632,1361,1612,193,89
142,1045,1318,JK000381,899,915,1161,191,84
142,1045,1318,JK000381,911,1128,1389,202,88
142,1057,1318,JK000381,3531,162,361,163,76
142,1067,1318,JK000381,3646,1239,1475,186,89
142,0,269,JK000381,7884,1253,1509,202,89
142,269,1588,JK000381,7885,7,1301,1017,92
142,1049,1318,Shamela0004473,3600,773,1067,148,57
142,1053,1318,Shamela0004473,3866,882,1171,151,58
142,1053,1318,Sham19Y0018607,4622,607,908,169,60
142,1053,1318,Sham19Y0145212,273,85,833,192,30
142,1053,1318,JK000089,160,746,978,178,79
142,1049,1318,Shamela0012027,302,251,572,199,75
142,1049,1318,Shamela0004445,7306,802,1069,180,73
142,1072,1318,Shamela0004482,623,608,837,171,85
142,1053,1259,JK007045,41,1272,1472,146,82
142,1045,1318,Shamela0021512,86,680,983,183,68
142,1057,1318,Shamela0021512,272,398,714,189,71
142,1067,1318,JK000330,1106,588,824,185,89
142,1063,1318,AOCP20251104106,389,0,274,202,89
142,1049,1318,Shamela0011146,49,777,1043,208,92
142,1067,1318,Tafsir07055,3435,25,261,186,89
142,1049,1318,Shamela0007663,50,244,528,194,85
142,1067,1318,JK010001,3345,1132,1368,186,89
142,0,938,JK001226,291,640,1588,758,98
142,938,1588,JK001226,292,0,650,526,99
142,1105,1318,Shamela0037325,2037,0,193,158,90
142,1045,1318,Shamela0037325,2089,235,475,190,83
142,0,1349,Shamela0037325,2165,311,1361,845,77
142,1057,1318,JK009143,20,0,283,177,70
142,1049,1318,JK000235,127,22,293,209,93
142,1124,1318,JK000146,281,0,248,151,74
142,1057,1318,Shamela0012293,775,1089,1368,205,88
142,1049,1318,Shamela0003055,575,80,363,195,81
142,1049,1443,Shamela0003055,1186,29,378,223,67
142,1049,1318,Shamela0003055,2256,322,612,196,80
142,1057,1318,Shamela0003055,2897,870,1130,208,97
142,1063,1318,Shamela0003055,3942,270,525,148,61
142,1049,1318,Shamela0000894,4771,231,480,192,83
142,1057,1318,JK000087,139,530,800,182,78
142,1112,1318,Shamela0011380,207,0,207,164,96
143,134,709,JK000350,95,168,782,226,40
143,103,401,JK000365,469,901,1168,122,40
143,303,401,Shamela0011162,23,641,739,77,100
143,261,401,Sham19Y0016953Vols,330,723,854,86,79
143,303,401,Sham19Y0016953Vols,372,1113,1211,77,100
143,261,401,AOCP20251104081,769,4,127,86,79
143,303,401,JK000383BK1,77,1237,1335,77,100
143,261,401,ShamAY0035960,492,861,991,82,76
143,261,401,JK000355,5,1190,1319,84,77
143,306,401,JK006950,1505,366,461,75,100
143,261,401,JK006950,1573,889,1012,86,79
143,303,401,JK006950,1605,1066,1162,75,97
143,261,401,JK006950,1992,937,1071,84,77
143,0,446,JK006950,2187,952,1417,332,84
143,437,1500,JK006950,2188,0,1141,818,86
143,303,401,Shamela0012094,150,42,138,75,97
143,303,401,Shamela0023695,1180,450,548,77,100
143,303,401,JK000381,246,937,1035,77,100
143,303,401,JK000381,991,749,852,77,95
143,306,401,JK000381,7202,1140,1235,75,100
143,261,401,JK000381,7271,320,443,86,79
143,303,401,JK000381,7303,564,660,75,97
143,261,401,JK000381,7690,986,1120,84,77
143,0,286,JK000381,7885,1301,1584,211,86
143,306,1500,JK000381,7886,185,1455,916,87
143,103,401,JK000367,268,987,1232,112,46
143,261,401,Tafsir07055,2915,1165,1296,81,72
143,261,401,JK000376,151,692,821,84,77
143,303,401,JK010001,2825,1204,1302,72,89
143,303,709,JK001226,104,95,530,164,44
143,109,401,JK001226,209,299,577,113,43
143,0,748,JK001226,292,650,1419,587,95
143,756,1500,JK001226,293,0,768,593,95
143,303,432,Shamela0012769,23,1308,1443,85,78
143,261,401,JK000097,450,135,265,82,76
144,682,1231,Shamela0010283,1174,1052,1484,254,54
144,967,1319,JK000071,624,304,756,264,69
144,980,1319,Sham19Y0013252,9155,836,1136,162,49
144,980,1319,Sham19Y0018103,3742,206,507,161,49
144,980,1319,Sham19Y0018106,3829,18,319,162,49
144,0,358,JK006950,2188,1144,1500,283,96
144,358,1552,JK006950,2189,0,1191,932,95
144,22,1552,JK000381,7887,0,1526,1195,95
144,980,1319,Sham19Y0018176,2298,145,446,162,49
144,980,1319,Shamela0005756,14044,698,999,162,49
144,0,801,JK001226,293,768,1571,644,98
144,801,1552,JK001226,294,0,750,595,97
144,405,555,Shamela0012293,4057,272,427,116,91
144,405,555,Shamela0012293,5964,883,1038,116,91
144,887,1319,Shamela0000894,1864,381,878,280,61
145,314,733,Tafsir01005,4140,274,992,73,9
145,0,402,JK006950,2189,1191,1562,281,84
145,407,1543,JK006950,2190,4,1231,871,86
145,314,728,Shamela0026047,246,440,1148,73,9
145,49,1486,JK000381,7888,0,1430,1088,91
145,0,792,JK001226,294,750,1547,632,97
145,792,1543,JK001226,295,0,764,595,95
146,0,292,JK006950,2190,1231,1523,227,93
146,292,1534,JK006950,2191,0,1342,974,89
146,0,1393,JK000381,7889,58,1543,1084,89
146,1393,1534,JK000381,7890,7,149,114,99
146,0,762,JK001226,295,764,1528,609,98
146,762,1534,JK001226,296,0,847,619,90
146,215,791,Shamela0012293,4057,431,737,243,51
146,215,791,Shamela0012293,5964,1042,1347,242,51
146,762,901,Shamela0000894,6136,472,746,110,50
147,0,193,JK006950,2191,1342,1515,137,89
147,193,1452,JK006950,2192,0,1240,932,90
147,0,1345,JK000381,7890,149,1452,984,89
147,426,648,Shamela0012027,346,1280,1527,158,80
147,648,949,Shamela0012027,347,0,340,231,85
147,0,648,JK001226,296,847,1498,515,99
147,648,1455,JK001226,297,0,823,635,96
148,1201,1419,JK009231,532,270,473,149,84
148,1210,1505,Sham19Y0017747,334,506,806,191,75
148,460,865,JK000350,173,480,900,294,81
148,1204,1488,Sham19Y0013252,1130,629,960,192,69
148,1201,1419,Sham19Y0013252,1132,565,783,164,91
148,1201,1419,Sham19Y0013252,6152,236,467,165,87
148,498,865,Sham19Y0013252,6615,323,987,222,41
148,1204,1419,ShamAY0034059,307,296,544,166,81
148,1124,1419,Sham19Y0018103,594,121,433,183,72
148,1201,1419,Sham19Y0018103,2510,360,591,165,87
148,1437,1552,JK007044,6610,404,513,75,75
148,1437,1552,Sham19Y0016636,156,461,576,90,98
148,512,1492,Sham19Y0017616,70,0,794,406,44
148,1093,1552,Sham19Y0016953Vols,379,496,940,200,43
148,1204,1415,Tafsir01005,347,1168,1444,167,73
148,1106,1527,Tafsir01005,3542,396,985,262,53
148,1204,1419,Tafsir01005,5952,470,722,171,82
148,1119,1488,JK000110,114,553,1101,244,53
148,1201,1419,JK000110,1012,1254,1485,165,87
148,677,1419,JK000130,149,157,627,290,42
148,1124,1492,JK006897,66,159,577,192,53
148,677,865,Shamela0010906,702,1078,1267,152,99
148,677,865,Shamela0021766,626,1377,1582,145,88
148,1083,1419,JK000772,94,917,1255,199,69
148,1181,1552,Shamela0021537,341,1100,1512,229,62
148,1201,1389,Sham19Y0016584,550,274,461,142,92
148,1201,1419,Sham19Y0016584,2821,614,845,165,87
148,1071,1419,JK000123,242,415,1049,233,43
148,1279,1552,ShamAY0035960,378,340,578,128,51
148,677,865,JK006838,1692,394,588,151,95
148,1201,1419,Shamela0010463,400,169,389,161,88
148,517,1419,ShamAY0033910,146,299,1006,329,36
148,1279,1552,Sham19Y0017729,58,155,423,118,40
148,1201,1442,Sham19Y0018106,463,183,431,175,84
148,1201,1419,Sham19Y0018106,2644,957,1188,165,87
148,1445,1552,Sham19Y0148271,411,232,346,84,92
148,1201,1419,Sham19Y0148271,2240,728,949,164,88
148,1428,1552,JK006950,2119,953,1071,82,76
148,522,1343,JK006950,2178,784,1592,409,46
148,15,224,JK006950,2192,1240,1448,164,97
148,224,1552,JK006950,2193,0,1400,1012,85
148,677,865,Shamela0035100,707,1054,1243,152,99
148,1124,1375,Sham19Y0020638,219,1253,1504,154,68
148,469,865,Sham19Y0020638,220,194,876,284,50
148,1124,1419,Sham19Y0145435,5160,6,314,179,72
148,1097,1488,Sham19Y0127656,66,991,1512,224,53
148,503,865,Sham19Y0127656,529,6,361,271,90
148,1210,1488,JK009336,1138,555,791,117,49
148,617,865,JK009336,1368,41,327,181,75
148,1201,1488,Shamela0025794,4730,948,1237,177,66
148,1110,1442,Sham19Y0132524,457,418,860,218,60
148,617,881,Sham19Y0132524,458,554,806,183,84
148,1428,1552,JK000381,226,96,187,63,60
148,1148,1552,JK000381,1120,728,1073,153,40
148,1428,1552,JK000381,7817,1208,1326,82,76
148,456,857,JK000381,7818,189,504,196,58
148,1067,1419,JK000381,7877,57,441,230,63
148,15,1395,JK000381,7891,110,1536,1052,87
148,1395,1552,JK000381,7892,0,182,123,85
148,1201,1445,JK000977,466,121,384,184,83
148,1083,1488,JK000386,1044,610,1149,250,54
148,1201,1419,Sham19Y0018176,247,11,241,164,87
148,1201,1488,Sham19Y0018176,1448,949,1347,195,60
148,1201,1419,JK009141,398,67,275,157,85
148,1192,1419,Hindawi029285358,9,879,1121,169,84
148,1428,1552,Shamela0007597,241,339,493,89,72
148,677,865,Shamela0004445,721,744,930,150,97
148,508,865,Shamela0004445,2614,1025,1307,179,63
148,1201,1419,Shamela0021715,962,53,274,163,89
148,1201,1419,Shamela0005756,2465,785,984,146,82
148,1201,1406,Shamela0005756,10469,1349,1565,154,85
148,1201,1488,Sham19Y0122406,777,707,1095,198,57
148,1114,1415,Rafed0000040Vols,1039,669,970,163,56
148,1201,1419,Sham19Y0013605,923,288,506,164,91
148,1201,1419,Sham19Y0013605,3090,873,1104,165,87
148,469,865,JK007065,1363,309,975,282,50
148,1437,1552,Sham19Y0017903,148,143,259,90,99
148,1097,1488,Shamela0096283,59,779,1295,224,52
148,1204,1419,Tafsir07055,891,791,1046,171,81
148,517,1419,JK000475,167,244,948,332,36
148,1204,1419,JK010001,837,1274,1485,156,83
148,1148,1552,JK001226,172,395,850,246,58
148,0,666,JK001226,297,823,1482,531,98
148,658,1552,JK001226,298,20,919,711,97
148,1428,1552,Shamela0012769,12,814,947,89,83
148,1041,1552,Shamela0037325,2611,1172,1507,181,38
148,1181,1552,Shamela0037325,2952,152,564,229,62
148,1201,1419,JK000485,919,1079,1305,166,86
148,1201,1419,Shamela0037837,837,487,704,166,93
148,1201,1419,Sham19Y0016684,228,679,897,164,91
148,677,857,ShamAY0034005,1457,1229,1417,145,94
148,1119,1488,PV2024060602,114,553,1101,244,53
148,1201,1419,PV2024060602,1012,1254,1485,165,87
148,1201,1488,PV2024060602,2313,585,977,201,58
148,512,865,PV2024060602,2314,337,767,221,58
148,517,1419,PV2024060602,7230,105,814,329,36
148,1279,1552,JK000097,379,56,294,128,51
148,1201,1488,Shamela0001727,281,468,860,201,58
148,512,865,Shamela0001727,282,211,641,221,58
148,1133,1428,JK009324,361,0,389,212,65
148,1204,1483,Shamela0000894,382,683,992,188,73
148,677,865,Shamela0010803,367,1161,1356,152,96
149,0,129,Shamela0001438,1805,1391,1514,94,90
149,0,262,JK000350,174,487,808,177,66
149,42,398,JK000365,466,619,1027,134,34
149,0,192,JK000116,226,539,733,140,86
149,933,1491,Tafsir02102,2722,604,780,140,30
149,0,192,JK008001,4423,802,1004,140,83
149,0,192,JK008001,4428,648,850,140,83
149,0,192,Sham19Y0127677,864,897,1099,140,83
149,0,299,Sham19Y0016953Vols,379,940,1231,208,83
149,0,143,Shamela0011334,103,611,747,104,90
149,0,293,Shamela0011354,77,1230,1493,175,71
149,0,258,Shamela0010517,2667,638,913,160,71
149,4,192,Shamela0021537,1213,442,641,139,83
149,4,258,Shamela0021537,1218,661,928,169,70
149,4,214,Shamela0021537,1425,832,1053,146,80
149,4,283,Shamela0021537,1753,182,466,172,67
149,4,192,Shamela0021537,2745,838,1042,137,80
149,4,192,Shamela0021537,3441,44,243,139,83
149,4,192,Shamela0021537,3442,11,216,139,81
149,4,258,Shamela0021537,3449,566,833,169,70
149,0,192,JK006950,2119,1071,1274,142,84
149,0,129,JK006950,2193,1400,1523,94,90
149,129,909,JK006950,2194,0,823,633,93
149,937,1604,JK006950,2214,272,839,440,80
149,0,192,Sham19Y0020638,220,1006,1214,140,81
149,0,201,Shamela0000248,21,1206,1422,146,81
149,0,206,Shamela0008514,99,950,1129,123,72
149,0,258,JK009336,2375,296,568,168,75
149,0,303,JK000381,1120,1073,1352,198,79
149,0,192,JK000381,7817,1326,1529,142,84
149,0,909,JK000381,7892,182,1129,727,93
149,937,1604,JK000381,7912,588,1155,440,80
149,0,192,Shamela0004473,11129,61,264,142,84
149,0,258,JK000367,271,623,902,158,68
149,0,398,JK000367,332,116,669,244,51
149,0,192,JK009390,698,985,1187,140,83
149,0,211,JK009141,397,1250,1460,147,79
149,0,283,Shamela0008381,178,578,852,176,72
149,4,248,Shamela0008381,1048,76,327,155,71
149,0,258,Shamela0007597,241,493,762,158,72
149,0,192,Shamela0004445,3018,158,354,135,80
149,0,258,JK007065,225,688,994,164,65
149,0,258,Sham19Y0017903,148,259,497,155,70
149,0,398,Sham19Y0011326,189,604,1212,220,45
149,0,192,Sham19Y0011326,281,658,846,137,85
149,0,258,Tafsir07055,878,652,977,168,63
149,0,398,JK006870,23,236,845,220,44
149,0,192,Shamela0007663,15,1150,1354,142,83
149,0,201,JK010001,825,862,1088,143,76
149,0,398,JK001226,172,850,1390,235,50
149,933,1604,JK001226,278,443,1211,538,86
149,0,611,JK001226,298,919,1529,493,99
149,611,909,JK001226,299,0,306,247,97
149,0,192,Shamela0037325,2952,564,767,142,84
149,0,192,Shamela0021659,505,255,457,140,83
149,0,299,Shamela0001875,169,359,668,209,82
149,0,143,Shamela0012293,2080,1403,1539,104,90
149,0,192,PV2024060602,2314,1086,1294,140,81
149,0,192,JK009274,382,779,981,140,83
149,0,398,Shamela0003055,476,519,1122,210,37
149,0,182,Shamela0003055,1146,1398,1581,134,86
149,0,192,Shamela0001727,282,960,1168,140,81
149,0,192,JK000087,162,394,594,142,85
149,0,192,Rafed0003489,306,978,1179,135,78
150,258,651,JK000350,79,567,1016,197,52
150,417,529,Sham19Y0016953Vols,25,456,586,86,84
150,258,521,JK000351,89,166,445,118,45
150,0,611,JK006950,2214,839,1512,454,82
150,611,1545,JK006950,2215,0,925,683,83
150,235,529,JK000381,102,24,576,99,19
150,0,353,JK000381,7912,1155,1507,260,87
150,320,1545,JK000381,7913,0,1233,904,85
150,235,529,JK000376,5,483,1054,154,32
150,0,320,JK001226,278,1211,1543,252,94
150,285,1545,JK001226,279,5,1356,982,88
150,258,521,JK000146,154,1116,1423,132,47
151,810,1020,Kraken220413194022,2111,931,1146,129,71
151,810,1009,Sham19Y0016953Vols,940,1264,1550,126,49
151,847,1020,Shamela0003722,2523,774,1372,122,25
151,810,984,JK001414,2101,1376,1554,100,65
151,0,708,JK006950,2215,925,1632,567,97
151,708,1595,JK006950,2216,4,874,686,92
151,0,351,JK000381,7913,1233,1583,285,99
151,351,1595,JK000381,7914,0,1233,967,92
151,0,185,JK001226,279,1356,1540,148,99
151,185,1595,JK001226,280,0,1423,1145,98
152,329,527,JK009152,2523,219,450,133,67
152,332,570,JK001012,318,65,309,138,59
152,599,935,JK000350,95,912,1323,216,62
152,0,532,JK000350,238,711,1059,202,42
152,402,1475,JK000116,202,0,906,524,50
152,667,986,Tafsir02102,1342,26,352,156,46
152,332,532,Zaydiyya0000171,46,155,433,152,70
152,599,998,JK000077,77,884,1138,192,60
152,329,537,Sham19Y0013252,9429,97,348,138,65
152,332,527,Sham19Y0013252,9438,127,366,135,67
152,329,532,Sham19Y0018103,248,267,532,154,74
152,329,537,Sham19Y0018103,3853,346,597,138,65
152,332,495,Sham19Y0017063,1415,1143,1346,108,61
152,584,986,Sham19Y0016953Vols,331,47,261,155,47
152,599,986,Sham19Y0016953Vols,636,1063,1300,186,60
152,599,892,Sham19Y0016953Vols,657,200,468,162,63
152,329,532,Shamela0001524,730,515,778,154,75
152,311,537,JK000080,557,714,1020,160,68
152,342,532,JK000110,34,0,249,144,74
152,329,527,JK000110,1764,528,770,137,68
152,329,537,JK009313,4002,930,1199,150,70
152,329,532,JK009265,422,698,947,144,73
152,667,803,Shamela0006947,8488,1460,1591,98,87
152,627,882,AOCP20251104081,778,0,255,166,80
152,329,532,ShamAY0035250,5,930,1192,154,75
152,329,527,Sham19Y0016584,4363,1063,1305,137,68
152,329,537,ShamAY0035960,582,855,1088,123,60
152,329,527,Shamela0021544,64,918,1166,133,62
152,584,986,JK000355,4,617,1201,250,49
152,329,537,Sham19Y0039268,113,754,1019,137,60
152,1351,1475,ShamIbadiyya0000431,20,1138,1258,91,90
152,329,532,Sham19Y0018106,170,1177,1439,154,75
152,329,537,Sham19Y0018106,3932,303,554,138,65
152,329,537,Sham19Y0148271,1391,445,689,137,65
152,627,882,JK006950,1585,0,255,166,80
152,584,986,JK006950,1991,329,931,266,54
152,589,986,JK006950,2140,209,473,196,60
152,599,986,JK006950,2200,1071,1301,175,57
152,0,643,JK006950,2216,874,1564,498,87
152,643,1475,JK006950,2217,0,850,638,92
152,322,532,Rafed0001826,159,701,943,140,68
152,322,527,Sham19Y0020638,108,895,1130,137,70
152,584,908,Shamela0012094,148,1097,1500,221,68
152,332,537,Shamela0006610,1193,1096,1364,149,72
152,332,532,Sham19Y0127656,753,208,438,137,71
152,332,532,ShamAY0034002,2,0,230,128,63
152,332,562,Shamela0011279,14,200,457,137,60
152,329,527,Shamela0025794,1648,644,904,142,68
152,329,532,Sham19Y0132963,329,522,784,154,75
152,311,532,Shamela0009823,246,63,348,156,70
152,599,834,Shamela0011226,6,75,315,180,94
152,332,532,Shamela0096178,249,1078,1331,144,72
152,584,834,JK000381,56,1092,1329,182,91
152,599,994,JK000381,91,1016,1262,189,60
152,599,939,JK000381,134,744,1370,241,47
152,694,834,JK000381,140,0,144,111,97
152,589,1088,JK000381,148,16,393,242,57
152,599,974,JK000381,194,223,603,222,64
152,589,986,JK000381,229,197,456,195,60
152,599,892,JK000381,244,219,553,175,65
152,589,986,JK000381,2107,1275,1483,157,48
152,599,998,JK000381,3282,0,254,194,60
152,589,882,JK000381,7282,909,1214,194,78
152,584,986,JK000381,7689,392,994,266,54
152,589,986,JK000381,7838,555,819,196,60
152,0,346,JK000381,7914,1233,1590,270,92
152,336,1475,JK000381,7915,0,1175,872,90
152,332,532,Shamela0004473,13360,216,473,136,63
152,319,532,Shamela0004473,15587,1036,1326,161,71
152,329,518,Sham19Y0018176,106,1231,1478,143,73
152,329,527,Sham19Y0018176,2367,912,1154,137,68
152,584,986,JK000367,327,108,372,196,60
152,686,986,Shamela0012027,242,0,151,120,50
152,0,537,Shamela0012027,343,580,1228,184,29
152,589,986,Shamela0007597,275,866,1141,199,60
152,350,527,Shamela0004445,7192,15,231,132,76
152,1373,1475,Shamela0004445,7192,427,542,72,70
152,329,537,Shamela0021715,415,941,1211,155,73
152,329,527,Shamela0021715,9786,527,769,137,68
152,329,537,Shamela0005756,1002,787,1057,155,73
152,319,532,Sham19Y0013605,401,1099,1365,155,73
152,329,527,Sham19Y0013605,4593,1022,1264,137,68
152,329,532,JK000630,163,481,735,131,61
152,329,527,JK007065,1059,820,1038,128,67
152,342,527,Shamela0021536,267,0,216,127,70
152,332,537,ShamAY0033741,30,283,554,141,62
152,329,537,Shamela0096283,23,294,577,155,70
152,332,537,JK001236,21,38,320,151,68
152,375,537,Sham19Y0018100,1173,0,199,123,79
152,329,537,JK001333,118,955,1215,142,66
152,358,527,JK000475,1232,0,208,126,75
152,589,986,Shamela0007663,117,781,1037,194,60
152,599,998,Shamela0008983,9,952,1202,189,60
152,599,939,JK000376,38,706,1334,241,47
152,667,834,JK000376,44,59,213,116,85
152,589,1080,JK000376,52,279,648,239,57
152,599,974,JK000376,99,428,807,221,64
152,584,986,JK000376,135,230,494,196,60
152,599,892,JK000376,149,446,780,173,64
152,599,986,JK001226,104,663,906,192,62
152,592,986,JK001226,250,744,996,193,60
152,0,167,JK001226,280,1423,1599,134,92
152,167,1475,JK001226,281,0,1311,1026,97
152,532,986,Shamela0012769,37,24,485,201,43
152,0,570,Shamela0012769,70,582,974,187,37
152,329,532,Shamela0037837,46,619,877,154,76
152,868,1475,JK000829,184,302,728,156,23
152,329,532,JK009159,217,272,522,137,66
152,342,532,PV2024060602,34,0,249,144,74
152,329,527,PV2024060602,1764,528,770,137,68
152,329,537,JK000097,540,206,439,123,60
152,599,998,JK000028,269,767,1021,194,60
152,332,599,Sham19Y0014309,29,437,743,162,62
152,322,532,JK009324,98,223,492,149,72
152,329,570,Shamela0006739,22,1013,1333,170,67
152,943,1475,Shamela0010803,35,201,554,118,26
153,775,917,Shia002356Vols,1275,1025,1174,102,88
153,788,917,Shamela0007798,9034,174,612,68,18
153,784,924,JK000116,17,599,740,105,93
153,0,139,JK000116,202,906,1050,114,95
153,794,921,Meshkat00042488,1768,519,998,98,26
153,798,917,JK000791,2362,249,370,93,98
153,526,718,Tafsir01005,2674,719,909,114,64
153,775,917,Rafed0003257Vols,5190,29,179,103,89
153,788,917,Shamela0011082,18,294,422,101,99
153,779,917,Shamela0011285,10,408,542,105,97
153,775,917,Shamela0023578,3230,523,673,103,89
153,775,917,Shamela0023578,3233,194,399,103,65
153,798,917,ShamAY0036031,156,849,970,93,98
153,794,917,JK006476,1911,1007,1133,96,97
153,1441,1575,JK006950,2174,761,895,108,100
153,0,688,JK006950,2217,850,1526,546,97
153,688,1313,JK006950,2218,0,600,469,91
153,775,917,JK006950,2271,1380,1526,106,93
153,784,917,JK006950,4111,208,345,104,97
153,775,917,QuranAnalysis001,244,1297,1447,103,89
153,794,917,JK009270,5481,422,545,96,100
153,775,917,Shamela0029743,1128,890,1040,103,89
153,775,917,Shia001432Vols,2522,669,819,103,89
153,775,917,Shia001432Vols,22070,664,814,103,89
153,794,917,Sham19Y0023608,4034,110,233,96,100
153,794,917,Shamela0021821,1895,1326,1449,96,100
153,775,917,Shamela0023628,3488,1095,1245,103,89
153,779,917,JK000381,23,612,750,105,94
153,784,924,JK000381,26,653,794,105,93
153,1441,1575,JK000381,7872,1117,1251,108,100
153,0,348,JK000381,7915,1175,1515,276,96
153,348,1313,JK000381,7916,0,936,739,94
153,775,917,JK000381,7970,301,447,106,93
153,784,917,JK000381,9811,476,613,104,97
153,788,917,Tafsir10066,1969,619,1007,96,31
153,540,718,JK000385,7,55,332,110,50
153,798,917,Shamela0008473,4845,1238,1359,93,98
153,0,176,JK001226,281,1311,1485,145,98
153,176,1264,JK001226,282,0,1081,868,98
153,1273,1477,JK001226,313,1479,1589,90,53
153,1477,1578,JK001226,314,0,102,81,99
153,798,917,JK009396,1648,111,232,93,98
153,798,917,JK009268,4418,1346,1467,93,98
153,503,718,JK000465,1539,848,1016,124,73
153,775,911,Masaha000554Vols,6342,939,1084,97,86
153,775,917,Meshkat0014420,4617,252,402,103,89
153,794,917,Sham19Y0020891,6447,1405,1528,96,100
153,788,917,Shamela0003055,3340,383,512,101,100
153,794,917,Shamela0021729,71,447,578,96,93
153,775,917,JK009266,9016,730,880,103,89
153,775,917,Shamela0023591,6569,1187,1337,103,89
153,775,917,Shamela0023591,6577,1050,1200,103,89
153,788,917,JK000087,28,406,534,100,99
154,0,378,JK000350,82,792,1205,240,65
154,219,378,Sham19Y0013252,2334,1195,1323,94,74
154,1264,1554,Shamela0009943,473,995,1277,162,61
154,0,662,JK006950,2174,895,1560,509,92
154,662,1591,JK006950,2175,0,950,722,90
154,219,378,Shia004509,78,654,838,107,74
154,0,309,JK000381,7872,1251,1574,240,92
154,309,1591,JK000381,7873,0,1292,994,90
154,215,408,Sham19Y0018607,401,1012,1268,106,51
154,0,378,Shamela0012027,30,396,837,246,63
154,175,330,Shamela0021715,2115,115,263,89,73
154,86,408,Shamela0005756,4921,62,268,131,51
154,96,378,Shamela0096257,394,309,565,136,59
154,0,1460,JK001226,314,102,1571,1163,96
154,1460,1591,JK001226,315,0,131,107,98
154,181,378,JK001226,321,0,233,147,80
154,6,378,JK009324,900,1097,1358,141,46
154,667,1018,Shamela0023632,3776,376,767,277,83
155,748,889,JK000350,84,1055,1248,102,64
155,405,785,Shamela0000107,421,1201,1558,164,39
155,405,583,Shamela0000107,3095,325,951,93,16
155,235,641,Sham19Y0016953Vols,330,61,469,223,54
155,170,641,Sham19Y0016953Vols,382,1140,1496,211,52
155,401,632,Sham19Y0016953Vols,630,780,1021,180,91
155,405,574,Sham19Y0016953Vols,1390,254,442,132,85
155,221,773,Shamela0010541,140,696,1206,259,50
155,387,655,Shamela0011354,73,921,1226,203,80
155,754,916,JK000130,439,469,629,92,59
155,221,627,Shamela0006947,16193,1111,1483,212,60
155,214,773,AOCP20251104081,777,1187,1575,269,59
155,387,618,AOCP20251104081,780,1357,1625,181,81
155,221,677,Masaha004105Vols,270,1136,1495,228,59
155,235,552,Shamela0021537,1536,225,695,131,25
155,405,552,Shamela0021537,2187,1015,1331,111,41
155,405,552,Shamela0021537,3494,875,1191,111,41
155,401,627,JK000906,2402,514,755,173,86
155,405,627,ShamAY0034401,23,982,1204,182,100
155,405,574,JK001414,2086,957,1144,132,85
155,405,612,JK000355,5,979,1182,166,97
155,754,916,ShamAY0033910,434,345,505,92,59
155,387,632,JK006950,1588,541,806,193,89
155,401,677,JK006950,1960,246,519,194,80
155,405,574,JK006950,2023,288,475,132,85
155,0,704,JK006950,2175,950,1649,545,92
155,704,1638,JK006950,2176,0,864,694,90
155,691,916,JK000148,738,64,249,112,54
155,405,583,Shamela0012094,149,1349,1530,143,95
155,235,916,JK000381,115,429,1339,319,35
155,405,627,JK000381,795,1222,1444,182,100
155,346,552,JK000381,991,1315,1509,142,79
155,727,916,JK000381,7285,1111,1351,111,54
155,410,632,JK000381,7286,0,237,176,90
155,401,677,JK000381,7658,212,485,194,80
155,405,574,JK000381,7721,384,571,132,85
155,0,346,JK000381,7873,1292,1624,261,89
155,346,1638,JK000381,7874,0,1231,977,91
155,390,627,JK000381,7920,214,452,186,91
155,754,916,Shamela0002863,932,1120,1274,95,60
155,231,627,Tafsir07055,2916,226,533,222,66
155,410,574,Tafsir07055,2920,1351,1527,125,85
155,346,627,JK010001,2826,258,528,203,84
155,417,574,JK010001,2830,963,1134,123,87
155,176,632,JK001226,253,423,740,227,58
155,0,1537,JK001226,315,131,1623,1213,96
155,754,916,PV2024060602,7520,630,790,92,59
155,417,574,JK000056,5,291,460,121,85
156,5,738,JK006950,2176,905,1632,575,93
156,738,1605,JK006950,2177,0,826,669,94
156,5,408,JK000381,7874,1272,1659,314,93
156,408,1605,JK000381,7875,0,1166,930,94
156,5,1466,JK001226,316,131,1600,1186,99
156,1473,1605,JK001226,317,0,133,108,99
157,0,717,JK006950,2177,826,1541,552,93
157,736,1544,JK006950,2178,5,770,597,88
157,0,381,JK000381,7875,1166,1565,303,93
157,381,1544,JK000381,7876,0,1090,850,89
157,0,1398,JK001226,317,133,1540,1120,98
157,1398,1544,JK001226,318,0,146,118,98
158,194,400,Kraken220413194022,986,0,287,94,30
158,149,528,JK000365,466,457,895,165,40
158,14,528,JK001173,23,264,531,197,47
158,149,541,Shamela0006947,5925,974,1285,224,70
158,191,393,AOCP20251104081,631,1055,1302,102,49
158,1222,1518,Masaha004105Vols,272,272,578,132,44
158,188,400,JK001414,117,42,298,109,51
158,188,400,JK001414,965,788,1044,109,51
158,678,827,JK001414,2084,1117,1263,93,77
158,188,400,JK006950,1304,410,666,109,51
158,1222,1518,JK006950,1961,874,1180,132,44
158,678,827,JK006950,2021,627,769,93,79
158,149,1148,JK006950,2179,245,1506,695,63
158,1148,1518,JK006950,2180,0,335,250,81
158,188,827,JK000381,3485,1138,1516,203,38
158,14,528,JK000381,5441,976,1496,298,59
158,188,400,JK000381,7001,894,1150,109,51
158,1222,1518,JK000381,7659,836,1142,132,44
158,678,827,JK000381,7719,738,880,93,79
158,149,849,JK000381,7877,607,1537,447,54
158,836,1518,JK000381,7878,0,666,498,85
158,239,528,JK000367,332,269,534,176,73
158,1222,1518,Rafed0000040Vols,986,626,938,129,41
158,144,763,Shamela0012001,27,590,1174,231,41
158,239,528,JK001226,172,1009,1255,152,63
158,0,1369,JK001226,318,146,1515,1085,97
158,1369,1518,JK001226,319,0,149,119,98
158,188,528,Shamela0012769,13,34,228,155,56
158,14,264,Shamela0012769,28,1208,1399,133,65
158,149,827,Shamela0021499,86,322,798,257,42
158,352,479,Shamela0003055,364,1141,1351,92,52
159,864,1435,JK000350,92,1003,1512,401,85
159,0,556,JK006950,2180,335,907,414,87
159,0,556,JK000381,7878,666,1238,414,87
159,770,1489,JK001226,101,617,1240,471,79
159,0,573,JK001226,319,149,726,448,97
160,0,1525,JK000350,93,55,1575,1222,98
160,0,295,JK001226,101,1240,1533,236,98
160,295,1580,JK001226,102,0,1287,1042,99
161,0,1419,JK000350,94,54,1484,1117,96
161,0,261,JK001226,102,1287,1548,205,98
161,261,1498,JK001226,103,0,1248,992,98
162,0,1438,JK000350,95,80,1377,980,85
162,1029,1203,Tafsir02102,1342,26,197,128,91
162,925,1226,JK000077,77,848,1146,214,89
162,816,1241,Sham19Y0016953Vols,331,13,319,213,59
162,928,1203,Sham19Y0016953Vols,636,1038,1300,207,95
162,928,1379,Sham19Y0016953Vols,657,121,882,237,34
162,928,1203,Sham19Y0016953Vols,677,779,1110,213,80
162,1029,1164,Shamela0006947,8488,1460,1591,98,89
162,989,1231,AOCP20251104081,778,0,255,168,83
162,925,1117,JK001414,259,1351,1538,147,97
162,928,1385,JK000355,4,516,1153,218,34
162,989,1231,JK006950,1585,0,255,168,83
162,961,1374,JK006950,1991,344,869,195,36
162,656,1241,JK006950,2140,73,519,285,59
162,892,1216,JK006950,2200,996,1314,218,82
162,1005,1236,JK006950,2217,0,269,168,79
162,928,1241,Shamela0012094,148,996,1484,225,57
162,934,1203,Shamela0011226,6,48,323,208,95
162,961,1203,JK000381,56,1097,1337,185,95
162,925,1203,JK000381,91,999,1254,201,91
162,888,1241,JK000381,134,667,1039,267,90
162,1055,1203,JK000381,140,0,152,118,97
162,953,1203,JK000381,148,26,279,194,95
162,895,1184,JK000381,194,156,446,209,88
162,928,1203,JK000381,229,84,456,213,71
162,888,1344,JK000381,244,157,553,226,55
162,961,1203,JK000381,2107,1292,1483,149,76
162,961,1226,JK000381,3282,0,262,188,88
162,953,1231,JK000381,7282,923,1214,197,85
162,961,1374,JK000381,7689,407,932,195,36
162,656,1241,JK000381,7838,419,865,285,59
162,961,1236,JK000381,7915,281,594,203,82
162,934,1203,JK000367,327,94,372,203,91
162,1047,1203,Shamela0012027,242,0,151,120,96
162,943,1216,Shamela0007597,275,887,1154,197,92
162,965,1203,Shamela0007663,117,801,1037,184,97
162,925,1344,Shamela0008983,9,916,1297,240,62
162,888,1241,JK000376,38,629,1002,267,90
162,1029,1203,JK000376,44,59,221,123,87
162,953,1203,JK000376,52,289,542,194,95
162,900,1344,JK000376,99,366,833,223,46
162,928,1203,JK000376,135,210,494,208,91
162,888,1344,JK000376,149,365,780,223,53
162,0,253,JK001226,103,1248,1502,203,98
162,253,1438,JK001226,104,0,1141,884,93
162,961,1203,JK001226,250,758,996,188,98
162,961,1379,JK001226,281,439,761,224,66
162,162,828,JK001226,292,784,1384,231,38
162,953,1203,Shamela0012769,37,106,305,155,76
162,925,1226,JK000028,269,731,1029,216,89
163,19,320,JK000576,243,701,1018,180,63
163,0,320,Shamela0000041,2071,452,766,235,90
163,0,320,JK009152,413,620,908,220,88
163,19,320,JK000842,501,120,450,159,59
163,196,320,JK001012,36,1283,1407,88,85
163,51,1388,JK000350,96,0,1285,998,93
163,482,685,Shamela0023645,245,689,901,147,84
163,108,356,Sham19Y0017063,210,203,454,164,77
163,91,320,Sham19Y0122257,670,775,986,154,82
163,482,663,Shamela0009918,1377,892,1266,130,44
163,170,320,JK000735,17,0,142,107,88
163,108,320,JK000080,616,904,1163,140,69
163,88,320,JK009313,5681,139,386,155,75
163,16,320,JK000568,16,419,700,215,90
163,19,320,JK000088,20,968,1307,201,74
163,35,386,JK000130,274,169,538,201,62
163,0,320,JK000130,277,771,1097,223,82
163,140,320,JK005021,111,1162,1345,123,79
163,88,320,Sham19Y0014119,86,976,1207,153,77
163,91,320,Shamela0021766,3567,791,1003,154,81
163,19,320,Shamela0003722,2669,1064,1340,161,64
163,19,320,JK000725,98,942,1145,147,62
163,88,320,Shamela0001391,109,747,1006,155,72
163,108,405,Kraken220413030847,6,322,635,158,58
163,156,320,ShamAY0035035,3180,768,954,110,71
163,0,320,ShamAY0033910,273,1039,1366,223,81
163,5,320,Shamela0026823,8,1013,1313,172,64
163,19,320,JK000653,219,1028,1337,176,62
163,19,320,Sham19Y0148271,558,807,1146,202,74
163,91,320,Zaydiyya0000067,224,198,378,108,57
163,76,400,Sham19Y0020594,122,95,446,169,57
163,19,351,JK000474,1078,471,831,172,53
163,88,320,Sham19Y0016976,420,1000,1226,152,76
163,19,320,Shamela0025794,3011,608,952,202,73
163,175,320,Shamela0012884,4126,1269,1409,89,76
163,19,320,Shamela0021809,3256,173,498,193,70
163,8,320,Shamela0001453,234,804,1122,165,55
163,190,320,JK009390,44,522,899,89,29
163,19,320,JK009141,1126,185,494,166,59
163,91,320,Sham19Y0145212,809,718,929,154,81
163,91,320,Shamela0023685,934,947,1213,147,67
163,121,400,JK000001,608,101,459,164,55
163,91,320,JK007045,146,97,306,152,81
163,19,320,JK000786,843,17,371,188,65
163,5,320,JK000786,3388,923,1243,188,66
163,19,386,JK000475,258,338,717,205,61
163,0,320,JK000475,261,791,1104,227,86
163,0,320,JK000475,2156,825,1118,215,85
163,19,320,Shamela0008473,3867,902,1242,202,74
163,144,320,Zaydiyya0000059,1632,845,1072,116,66
163,0,261,JK001226,104,1141,1402,203,99
163,261,1450,JK001226,105,0,1187,943,99
163,88,386,Sham19Y0017791,343,294,575,178,72
163,0,320,ShamAY0033626,109,470,818,220,76
163,19,390,ShamAY0033626,151,774,1152,198,57
163,19,320,JK000692,1,1124,1457,185,68
163,0,320,JK000055,243,692,990,222,88
163,35,386,PV2024060602,7355,318,687,201,62
163,0,320,PV2024060602,7358,910,1236,223,82
163,79,400,JK009266,7435,574,866,187,71
163,91,400,Shamela0023644,1478,918,1195,165,64
163,91,320,JK000201,1056,886,1122,150,73
163,5,320,JK007082,201,797,1148,189,64
164,49,257,JK000350,96,1269,1465,158,93
164,257,1594,JK000350,97,0,1425,1081,92
164,218,399,Shamela0023606,310,179,413,111,55
164,218,399,Shamela0001524,2309,226,447,117,60
164,268,399,JK009362,6770,282,883,102,20
164,218,399,JK000368,130,1007,1258,134,63
164,268,399,QuranAnalysis001,195,581,1180,102,20
164,218,399,JK000330,1062,38,278,118,55
164,0,308,JK001226,105,1187,1489,243,96
164,310,1594,JK001226,106,0,1362,1045,93
165,459,1100,JK007084,258,642,1229,391,69
165,0,167,JK000350,97,1425,1602,132,92
165,167,1535,JK000350,98,0,1393,1079,94
165,459,1002,Shamela0023645,253,1020,1525,383,85
165,1002,1155,Shamela0023645,254,0,154,123,99
165,474,760,Shamela0009918,1405,916,1553,215,42
165,459,1155,Shamela0001524,3586,493,1152,506,88
165,459,869,Zaydiyya0000142,1550,402,810,283,77
165,459,1155,Shia004509,61,16,428,298,50
165,459,969,Shia004509,138,939,1415,334,80
165,1008,1164,Shia004509,139,83,262,96,64
165,869,1100,Shia000042,461,913,1117,120,63
165,459,934,Sham19Y0018607,669,1151,1599,326,83
165,934,1155,Sham19Y0018607,670,0,383,143,45
165,459,1155,Shamela0096257,607,417,826,251,40
165,0,217,JK001226,106,1362,1588,174,95
165,217,1535,JK001226,107,0,1345,1047,95
165,459,1155,JK001226,254,0,419,313,54
166,365,569,Kraken220413194022,2097,1374,1588,141,77
166,0,152,JK000350,98,1393,1544,123,99
166,152,1516,JK000350,99,0,1330,1042,94
166,439,1141,JK000350,145,65,251,124,21
166,380,632,JK000116,248,1154,1422,194,90
166,380,621,Shamela0011334,108,1167,1416,189,94
166,1296,1496,Shamela0001524,2358,34,223,128,77
166,384,632,Shamela0011082,24,727,967,163,78
166,192,621,Shamela0021765,381,147,713,293,64
166,192,1131,Shamela0021765,873,540,925,187,23
166,627,794,Shamela0011354,78,1362,1536,135,93
166,197,754,Shamela0006947,18022,704,1236,364,73
166,380,621,JK000264,1566,761,1000,189,98
166,380,720,Shamela0021537,3887,12,326,205,67
166,380,621,Shamela0011573,22,638,880,186,95
166,365,523,JK001414,2087,1431,1600,108,73
166,523,1496,JK001414,2088,0,267,189,23
166,380,621,JK000098,588,132,384,189,93
166,237,1496,JK006950,2024,550,1032,263,24
166,361,785,Shamela0000248,20,68,439,235,63
166,380,621,Shamela0008514,100,679,939,177,83
166,301,615,Shamela0030623Vols,280,583,921,207,73
166,380,596,Shamela0023695,1194,1313,1556,171,88
166,380,1136,Shamela0036446,447,864,1100,165,26
166,301,523,ShamAY0034447,1933,1222,1452,162,88
166,237,1496,JK000381,7722,660,1142,263,24
166,192,621,Shamela0004473,5752,757,1146,222,61
166,407,1425,Shamela0004473,5771,459,982,184,19
166,252,1136,JK000367,90,572,952,269,36
166,252,785,JK000367,265,60,581,379,85
166,407,1136,Shamela0012027,60,1016,1229,107,17
166,380,639,Shamela0008381,215,864,1152,197,84
166,380,621,Shamela0008381,220,355,604,189,94
166,380,639,Shamela0008381,732,274,562,197,84
166,380,701,Shamela0007597,279,550,857,228,85
166,411,579,Shamela0000956,332,0,167,121,89
166,192,1418,Shamela0021570,123,82,619,321,31
166,439,639,Shamela0002386,186,0,223,157,86
166,380,621,Sham19Y0011326,193,1074,1323,189,94
166,177,621,JK000786,721,171,584,269,72
166,380,621,Shamela0012001,29,841,1081,189,97
166,380,621,JK006870,25,184,433,189,94
166,252,656,Shamela0007663,49,1069,1471,292,86
166,0,192,JK001226,107,1345,1536,155,99
166,192,1516,JK001226,108,0,1330,1060,99
166,443,1141,JK001226,145,0,182,121,21
166,252,785,JK001226,183,809,1361,380,84
166,252,1136,JK001226,304,531,905,251,35
166,407,1425,JK001226,336,470,985,152,15
166,380,583,ShamAY0036141,7,1411,1614,149,92
166,380,1136,Shamela0037325,312,1033,1277,174,28
166,269,1136,JK000485,121,497,860,260,36
166,192,569,JK006801,294,1034,1383,197,63
166,252,1136,Shamela0010480,222,420,788,267,37
166,275,677,ShamAY0033626,117,326,749,277,77
166,1296,1496,ShamAY0033626,118,86,286,159,100
166,380,621,JK000637,1094,42,287,189,96
166,380,559,Shamela0012293,2114,992,1184,140,92
166,321,1136,Shamela0036357,519,728,1036,82,11
166,192,579,Shamela0008223,86,315,723,225,69
166,380,688,Shamela0011079,89,1231,1521,217,85
166,380,621,Shamela0003055,1149,563,806,189,96
166,252,785,Shamela0003055,2699,481,952,342,78
166,252,754,Shamela0003055,2910,857,1341,351,81
166,380,1136,Shamela0003055,3320,912,1166,170,27
166,384,621,Shamela0003055,3346,958,1188,152,76
166,380,1438,Shamela0007620,24,915,1474,241,24
166,380,621,Shamela0000894,1299,945,1219,189,85
166,380,720,Shamela0000894,5364,818,1132,205,67
166,355,621,Shamela0023644,743,280,545,198,91
166,252,1136,JK000087,166,1160,1509,245,33
166,252,596,Shamela0011380,219,1141,1476,255,90
166,269,649,ShamAY0034134,777,32,491,273,72
167,384,990,Kraken220413194022,2098,76,685,395,73
167,0,174,JK000350,99,1330,1496,131,95
167,174,1494,JK000350,100,0,1324,1024,94
167,262,1444,JK000350,144,82,969,632,64
167,442,990,JK000350,160,468,973,324,66
167,313,879,JK000116,249,915,1466,371,80
167,0,283,JK000116,249,94,358,180,74
167,318,961,Shamela0011334,110,1088,1526,296,54
167,533,1075,Shamela0001524,2365,717,1210,225,45
167,0,189,Shamela0011354,78,531,747,138,80
167,533,961,JK000088,49,484,915,220,57
167,318,518,Shamela0006947,18021,1279,1471,152,95
167,313,1126,Shamela0006947,18022,20,493,371,56
167,5,922,JK000264,1566,523,1515,417,40
167,413,1066,Shamela0011573,22,784,1456,402,67
167,384,1126,JK001414,2088,122,745,426,67
167,413,1126,JK000098,588,291,942,374,55
167,384,1126,JK006950,2024,906,1474,381,60
167,381,961,Shamela0000248,20,466,930,333,69
167,586,1126,Shamela0023695,1195,250,657,236,48
167,533,1406,ShamAY0034447,1933,433,1065,282,32
167,384,943,JK000381,7722,1016,1535,342,70
167,413,763,Shamela0004473,5752,1046,1491,244,66
167,763,1130,Shamela0004473,5753,0,278,172,51
167,413,1126,Shamela0004473,5771,571,1135,298,44
167,318,990,JK000367,90,1009,1490,356,64
167,0,189,JK000367,264,940,1155,136,80
167,318,1139,JK000367,265,595,1265,475,68
167,819,1126,Shamela0012027,61,0,179,140,54
167,318,1139,Shamela0007597,279,871,1470,453,68
167,0,990,Shamela0002386,186,383,1497,446,39
167,413,1121,Shamela0007663,49,471,1060,416,70
167,442,1126,JK001226,70,444,909,275,45
167,0,159,JK001226,108,1330,1489,125,98
167,159,1494,JK001226,109,0,1344,1052,97
167,262,1444,JK001226,144,71,950,632,65
167,318,473,JK001226,183,1375,1518,110,89
167,423,1136,JK001226,184,182,754,430,73
167,0,189,JK001226,185,63,281,138,80
167,479,1126,JK001226,304,0,526,390,72
167,423,1126,JK001226,336,588,1131,284,43
167,466,990,ShamAY0036141,8,0,409,283,64
167,565,664,Shamela0037325,330,1340,1447,74,89
167,674,1130,Shamela0037325,331,5,329,248,66
167,539,961,JK000692,7,622,1047,212,56
167,597,1444,Shamela0006700,426,10,486,230,29
167,318,1066,Shamela0011079,90,24,744,488,73
167,413,1066,Shamela0003055,1149,709,1391,400,67
167,413,1126,Shamela0003055,2699,732,1406,353,50
167,318,479,Shamela0003055,2910,1346,1504,121,93
167,479,1139,Shamela0003055,2911,0,523,395,72
167,413,814,Shamela0003055,3320,1064,1477,242,71
167,413,902,Shamela0007620,24,1064,1505,255,61
167,340,1139,JK000087,167,6,604,446,68
167,318,1139,Shamela0011380,220,149,829,506,75
168,156,1473,JK000350,101,0,1410,1033,90
168,261,950,JK000350,160,488,956,210,35
168,658,1137,Shamela0023645,248,608,1285,258,40
168,0,300,Shamela0001524,2365,849,1153,222,89
168,261,746,JK000088,34,20,309,104,21
168,0,417,JK000088,49,609,1019,256,68
168,18,468,Shamela0006947,18022,174,610,212,50
168,668,937,JK000916,4695,572,1165,186,39
168,18,218,Shamela0023695,1195,344,613,127,57
168,621,946,ShamAY0034447,1933,268,884,186,34
168,688,937,Shia003636Vols,7722,15,284,130,55
168,754,946,JK000376,71,907,1094,145,92
168,261,950,JK001226,70,464,891,201,33
168,136,1499,JK001226,110,0,1442,1085,93
168,18,417,JK001226,144,476,880,208,60
168,0,300,JK000692,7,743,1047,234,95
168,0,417,Shamela0006700,426,58,486,257,70
169,272,1535,JK000350,102,0,1409,999,87
169,21,1041,Shamela0023645,240,369,1511,677,66
169,933,1528,Shamela0023645,254,192,896,401,69
169,238,426,Shamela0009918,1348,0,233,142,73
169,505,1128,Shamela0009918,1349,417,1196,283,38
169,1045,1314,Shamela0009918,1407,867,1534,202,38
169,1254,1528,Shamela0001524,3587,4,284,222,97
169,1132,1520,Shamela0001391,188,458,1104,244,41
169,463,746,Shamela0022593,1783,705,1261,192,40
169,0,316,Sham19Y0014452,184,565,1277,171,28
169,78,426,JK009249,10,494,1039,156,32
169,732,1152,JK000786,329,615,1072,161,37
169,53,1484,JK001226,111,0,1529,1138,91
169,21,780,Sham19Y0123665,436,70,774,330,42
169,1325,1520,ShamAY0033626,53,1239,1437,143,84
170,18,258,JK000069,102,158,698,139,32
170,106,1551,JK000350,103,0,1506,1143,93
170,101,258,Shamela0023645,254,814,1318,115,28
170,1353,1551,Shamela0023645,255,45,147,79,50
170,1353,1551,Shamela0009918,1409,470,664,90,45
170,101,258,Shamela0001524,3587,202,702,115,28
170,1353,1551,Shamela0001524,3587,934,1036,79,50
170,1349,1551,Shamela0023695,1231,1185,1293,82,50
170,341,549,Shamela0008473,3425,1101,1460,108,36
170,0,1500,JK001226,112,52,1551,1200,98
170,577,978,Shamela0037325,2161,1172,1571,320,99
170,978,1551,Shamela0037325,2162,0,570,463,99
170,1353,1551,Shamela0003055,3322,591,693,79,50
171,55,160,JK007084,259,8,202,83,54
171,0,160,Kraken220413194022,2095,977,1218,118,59
171,0,160,JK000350,48,432,695,127,60
171,33,1547,JK000350,104,0,1475,1078,81
171,0,231,JK000350,151,315,633,155,57
171,0,160,Shamela0023645,255,147,410,127,60
171,0,160,Shamela0001524,3587,1036,1300,127,59
171,30,160,Shamela0011354,72,876,1034,89,64
171,0,160,JK001414,2085,1010,1251,118,59
171,0,160,JK006950,2022,439,683,118,58
171,0,160,Shamela0011353,209,534,885,124,43
171,0,160,Shia004509,61,942,1204,128,60
171,0,160,JK000381,7720,546,790,118,58
171,38,164,JK000367,325,836,1048,99,58
171,0,164,Shamela0012027,240,968,1234,130,60
171,30,160,Shamela0007597,274,287,562,100,45
171,21,154,Shamela0007663,50,738,969,104,56
171,0,164,Shamela0007663,116,311,576,130,61
171,0,160,JK000376,66,468,725,127,61
171,0,1391,JK001226,113,52,1547,1123,92
171,1391,1547,JK001226,114,0,157,124,99
171,0,231,JK001226,151,894,1207,156,58
171,0,164,JK001226,249,272,538,130,60
171,0,160,JK001226,305,244,511,127,59
171,30,160,Shamela0037325,607,772,982,95,54
171,0,880,Shamela0037325,2162,570,1540,703,89
171,880,1004,Shamela0037325,2163,0,124,102,100
171,0,160,Shamela0003055,3322,693,955,128,60
171,7,160,Shamela0007620,26,602,855,123,60
172,89,1556,JK000350,105,0,1470,1163,96
172,661,1145,JK006950,477,665,1098,160,30
172,661,1145,JK000381,6173,1103,1536,160,30
172,0,1374,JK001226,114,157,1532,1092,97
172,1374,1556,JK001226,115,0,181,147,98
173,787,1099,Kraken220413194022,873,39,307,208,78
173,1267,1451,Shamela0008555,182,163,344,127,89
173,346,1491,JK000350,106,0,1157,778,75
173,1310,1429,JK000365,711,1438,1556,94,99
173,1310,1458,ShamIbadiyya0000379,49,239,393,114,94
173,1310,1464,JK001420,724,209,361,116,96
173,1228,1451,Shamela0011082,40,1322,1538,131,76
173,1310,1451,Zaydiyya0000039,247,850,991,111,100
173,1310,1458,JK006950,411,1439,1585,115,98
173,1101,1491,JK006950,2115,652,1005,205,62
173,692,1296,JK006950,4108,699,1278,179,27
173,1305,1451,Shamela0011211,13,1405,1551,115,100
173,1310,1473,JK000101,117,188,390,122,77
173,1310,1451,Sham19Y0014592,1775,425,566,111,100
173,787,1099,JK000381,3040,176,444,209,79
173,1101,1211,JK000381,5319,893,1003,89,100
173,1310,1491,JK000381,6108,273,469,126,81
173,1101,1491,JK000381,7813,898,1251,205,62
173,692,1211,JK000381,9808,963,1444,145,22
173,1292,1491,Shamela0004473,1950,358,538,120,76
173,1310,1451,Shamela0004473,11625,0,141,111,100
173,1310,1473,Shamela0008363,68,447,647,122,78
173,1232,1464,Tafsir07055,1280,1281,1532,143,73
173,1232,1451,JK010001,1221,1309,1544,123,64
173,226,1491,JK001226,115,157,1458,953,87
173,1267,1451,Shamela0003055,502,1051,1249,127,82
173,1305,1412,Shamela0003055,2429,1456,1562,85,99
173,1228,1451,Shamela0003055,3363,514,737,131,76
173,1310,1491,Shamela0003055,3522,707,913,133,83
174,769,929,JK000350,106,1350,1502,115,91
174,929,1554,JK000350,107,0,630,499,97
174,174,425,Sham19Y0016953Vols,253,467,708,165,74
174,139,361,Shamela0011354,134,830,1092,133,55
174,269,412,Shamela0009859,103,1326,1472,105,81
174,149,379,JK006950,1990,1142,1505,151,48
174,149,361,JK000381,56,76,459,120,32
174,269,412,JK000367,370,737,897,105,75
174,139,361,JK000385,107,1216,1474,125,52
174,64,1554,JK001226,116,0,1497,1198,98
174,144,393,Shamela0012769,64,415,832,150,39
175,176,345,Shamela0007798,4838,938,1114,121,87
175,425,587,Shamela0007798,7917,628,790,127,100
175,425,587,Shamela0007603,7,1315,1477,127,100
175,0,1123,JK000350,107,637,1581,737,79
175,1123,1569,JK000350,108,0,387,309,85
175,420,587,JK000116,144,806,973,131,100
175,320,608,JK000116,162,640,915,158,68
175,168,534,Sham19Y0122257,1321,822,941,93,32
175,172,327,JK001420,430,439,591,119,96
175,420,587,JK000351,75,219,386,131,100
175,176,313,Shamela0011285,30,975,1112,109,100
175,168,548,JK009362,7580,308,439,102,34
175,176,351,Shamela0012828,2,683,867,121,84
175,163,587,JK006950,1051,59,491,236,63
175,420,587,Shia001432Vols,720,813,981,130,98
175,412,587,Shia001432Vols,22724,985,1153,131,95
175,168,542,JK000381,4514,1057,1468,144,34
175,168,425,JK000381,4515,989,1321,201,74
175,163,587,JK000381,6748,65,497,236,63
175,163,313,Sham19Y0145212,1581,1160,1308,113,95
175,172,587,Shamela0007597,40,759,925,130,40
175,172,313,Tafsir07076,7251,249,532,111,49
175,425,587,Shamela0037475,143,5,167,127,100
175,425,551,Tafsir07055,3125,1416,1542,97,99
175,133,313,ShamAY0002038,624,1418,1596,119,76
175,42,1569,JK001226,117,0,1524,1229,99
175,425,587,Shamela0001340,186,1254,1416,127,100
175,176,313,JK001032,18,278,415,109,100
175,176,313,Masaha000554Vols,5297,1393,1530,109,100
175,176,351,ShamAY0035562,3,1283,1466,126,86
175,404,548,Shamela0012293,1206,511,1067,98,22
175,425,587,Shamela0003055,67,1016,1178,127,100
175,327,587,Shamela0003055,378,16,291,204,94
175,420,587,Shamela0003055,2693,1090,1257,131,100
175,420,587,Shamela0003055,2855,408,575,131,100
175,172,587,Shamela0003055,3141,1114,1280,130,40
175,420,587,Shamela0011380,166,633,800,131,100
175,163,351,JK006919,902,1329,1531,125,77
175,425,539,Zaydiyya0000044,148,1335,1448,89,99
176,3,1187,JK000350,108,391,1521,880,91
176,1187,1503,JK000350,109,0,315,246,96
176,57,1503,JK001226,118,0,1450,1151,98
177,0,1254,JK000350,109,315,1501,936,92
177,1254,1516,JK000350,110,0,264,195,85
177,50,1516,JK001226,119,0,1460,1165,98
178,0,1210,JK000350,110,264,1475,931,95
178,1206,1477,JK000350,111,28,266,188,86
178,50,1477,JK001226,120,0,1439,1125,97
179,778,1050,Shia002356Vols,823,483,755,220,100
179,778,1050,Shamela0000041,1819,1140,1412,220,100
179,778,970,Shamela0007798,6917,263,961,155,27
179,0,1484,JK000350,111,266,1462,877,71
179,783,965,Zaydiyya0000062,1327,688,872,147,98
179,772,1077,JK000116,516,1273,1608,200,75
179,778,970,Meshkat00042488,1197,1131,1323,155,100
179,284,635,Tafsir04056,1143,505,852,268,98
179,767,970,Tafsir04056,2177,301,505,163,99
179,772,970,Tafsir04056,5622,709,1410,108,18
179,778,1050,JK000791,1678,43,315,220,100
179,772,918,Tafsir10098,823,557,703,117,100
179,772,970,JK001420,622,481,826,147,53
179,778,1050,Rafed0003257Vols,3918,108,380,220,100
179,801,953,Rafed0003257Vols,3923,55,886,121,18
179,903,1050,JK009265,212,0,147,120,100
179,767,1050,JK009265,275,1231,1514,229,99
179,767,985,JK009362,7660,1389,1600,171,96
179,778,1050,Shamela0023578,2224,1152,1424,220,100
179,819,970,Sham19Y0147312,1470,1284,1446,108,83
179,778,1050,JK006478,6846,1095,1370,219,98
179,778,1050,QuranAnalysis001,156,1152,1424,220,100
179,778,970,JK009270,3384,375,567,155,100
179,772,1050,Shamela0026047,346,258,536,225,100
179,778,1050,Shamela0029743,729,278,550,220,100
179,778,1050,Shia001432Vols,1899,59,331,220,100
179,778,1050,Sham19Y0023608,2782,295,567,220,100
179,772,970,Shamela0007625,7,932,1137,160,95
179,862,1050,Shamela0022371,240,150,449,152,62
179,772,970,Sham19Y0014404,1021,686,1381,123,20
179,772,1050,Shamela0012884,3723,934,1211,223,99
179,862,974,Shamela0012884,3724,487,618,87,83
179,778,1050,Shamela0021821,1309,301,573,220,100
179,772,1050,Shamela0023628,2617,580,985,225,68
179,778,1050,Rafed0003943Vols,1157,643,915,220,100
179,772,918,Shamela0010273,1889,1329,1475,117,100
179,778,1050,Shamela0010273,2090,677,949,220,100
179,778,1050,ShamAY0036821,1503,1115,1387,218,98
179,758,970,Sham19Y0013550,413,447,666,159,86
179,778,970,Sham19Y0023618,1232,384,576,155,100
179,772,992,Shamela0007597,246,1188,1425,176,91
179,772,1110,Shamela0002386,124,671,930,154,51
179,284,635,Shamela0002386,138,97,445,271,99
179,772,1077,Shamela0002386,373,1347,1682,200,75
179,778,970,Meshkat00057178,2714,878,1359,155,39
179,875,1050,Meshkat00057178,2715,82,710,131,25
179,778,1050,JK007018,502,688,963,219,98
179,778,992,Shamela0010523,37,1368,1581,173,99
179,862,970,Tafsir07055,1778,1355,1463,87,100
179,772,930,Tafsir07055,3054,729,887,127,100
179,778,1050,Rafed0001713Vols,1780,43,315,220,100
179,778,1050,Shamela0008473,3439,568,840,220,100
179,772,992,Shamela0007663,138,21,271,178,88
179,772,918,Shamela0036091,39,27,211,110,70
179,862,970,JK010001,1712,427,535,87,100
179,772,930,JK010001,2962,1142,1300,127,100
179,31,1474,JK001226,121,0,1470,1126,94
179,778,1050,JK009396,1046,51,323,220,100
179,778,1050,JK009268,3486,371,643,220,100
179,862,970,Shamela0036543,2290,444,552,87,100
179,767,1050,Shamela0037458,2931,1176,1483,227,90
179,778,1050,Shia002380Vols,547,247,820,215,46
179,778,1050,Masaha000554Vols,3829,603,878,216,96
179,918,1050,Masaha000554Vols,3830,30,316,105,44
179,772,1050,Meshkat0014420,3401,1167,1445,225,100
179,284,545,Shamela0012293,1924,835,1095,202,99
179,778,970,Sham19Y0020891,4280,1254,1446,155,100
179,778,1019,JK000912,201,760,1295,75,13
179,778,1050,JK009266,6906,173,445,220,100
179,778,1050,Shamela0023591,5183,1169,1441,220,100
179,778,942,Sham19Y0151010,78,1383,1546,132,99
179,778,1050,Shamela0023632,2598,1285,1557,220,100
179,767,1050,JK000087,526,385,668,229,100
179,772,965,Zaydiyya0000044,105,636,829,156,100
180,14,1509,JK000350,112,0,1456,1155,96
180,946,1134,Shamela0012027,237,1351,1549,148,92
180,1134,1511,Shamela0012027,238,0,381,302,98
180,946,1511,Shamela0012027,344,309,874,446,97
180,0,1492,JK001226,122,11,1501,1182,98
181,550,867,JK007084,258,321,580,132,47
181,1215,1442,Kraken220413194022,2095,690,869,118,65
181,1313,1442,JK000350,48,198,325,92,92
181,73,1450,JK000350,113,13,1429,1068,93
181,550,875,JK000350,183,25,539,164,33
181,807,1301,Shamela0023645,253,771,1020,175,42
181,282,666,Shamela0009918,1403,112,480,129,36
181,563,706,Shamela0001524,3585,810,952,110,97
181,598,1301,Shamela0001524,3586,86,493,195,29
181,1135,1442,Shamela0001524,3587,529,929,116,28
181,77,381,Shamela0011082,23,1249,1500,186,75
181,1215,1442,Shamela0011354,72,631,821,105,53
181,326,706,Masaha003955Vols,359,364,674,164,54
181,1215,1442,JK001414,2085,722,902,119,66
181,550,697,JK001414,2086,244,377,102,88
181,1215,1442,Shamela0009943,418,1209,1369,105,59
181,1308,1442,JK006950,2022,217,331,84,78
181,1332,1446,Shamela0096232,125,56,174,82,90
181,563,697,JK001011,126,893,1027,105,99
181,326,718,Shamela0023695,1204,361,717,159,50
181,1313,1446,Shamela0023695,1231,1032,1168,90,85
181,1215,1442,Shamela0011226,6,842,1031,109,57
181,0,373,Shamela0011226,6,580,1031,125,25
181,1313,1442,Shia004509,61,703,834,92,89
181,582,1407,Shia004509,63,527,997,201,26
181,568,697,Shia004509,135,229,366,101,92
181,1313,1442,JK000381,161,1080,1188,77,77
181,1308,1442,JK000381,7720,324,438,84,78
181,1215,1442,JK000367,325,573,741,108,60
181,0,1031,Shamela0012027,238,381,1457,805,93
181,1031,1450,Shamela0012027,239,0,442,332,93
181,568,754,Shamela0012027,249,1278,1438,120,79
181,1215,1446,Shamela0007597,274,19,205,106,56
181,814,1297,Sham19Y0006684,560,1272,1448,117,29
181,1318,1442,Shamela0007663,50,550,653,80,83
181,1215,1442,Shamela0007663,116,43,204,103,57
181,582,1407,JK000376,65,959,1456,208,26
181,1313,1442,JK000376,66,235,361,94,94
181,0,1392,JK001226,123,20,1437,1097,97
181,1215,1442,JK001226,151,509,787,122,49
181,1215,1442,JK001226,249,4,164,105,59
181,1313,1442,JK001226,268,1340,1466,92,93
181,1318,1442,JK001226,305,13,136,95,99
181,64,559,Shamela0037325,608,298,807,388,96
181,1215,1442,Shamela0003055,3322,423,586,111,63
181,209,627,Shamela0003055,3346,11,383,148,34
181,1215,1446,Shamela0007620,26,325,500,111,60
181,563,678,Shamela0031372,98,1096,1215,90,95
181,1313,1446,Shamela0031372,116,907,1031,91,89
182,635,909,PV2024060601,4261,865,1392,126,25
182,0,1531,JK000350,114,0,1520,1163,91
182,646,939,Zaydiyya0000236,45,892,1305,172,46
182,671,903,Zaydiyya0000236,301,481,1122,139,26
182,690,903,Shia002945Vols,1218,269,510,108,48
182,652,903,Shia000107Vols,2771,34,250,102,41
182,896,1120,JK000098,599,0,385,116,33
182,675,1120,Shamela0009943,466,598,1290,268,47
182,652,939,Shia000234Vols,3341,846,1309,167,41
182,652,939,Shia001237Vols,2477,825,1207,169,48
182,652,939,Zaydiyya0000196,16,660,1057,167,46
182,652,939,Shia001432Vols,26721,83,494,166,45
182,652,939,Shia001432Vols,31348,71,326,148,56
182,726,939,Shia001432Vols,31349,0,274,114,44
182,646,939,Shia001432Vols,31361,740,1354,153,28
182,652,939,Shia001432Vols,31373,552,963,164,44
182,675,1120,Shamela0011353,214,34,717,272,48
182,675,1120,Shamela0012027,3,13,625,244,49
182,0,1040,Shamela0012027,239,442,1528,828,93
182,695,939,Shamela0012027,243,1061,1383,168,64
182,652,939,Shia000275Vols,728,745,1121,162,45
182,675,1120,JK001226,6,140,826,272,48
182,0,1427,JK001226,124,63,1531,1132,95
182,245,496,Shamela0037325,892,830,1070,195,95
182,635,909,Shia001149Vols,533,155,682,126,25
182,652,939,Shia001217Vols,1717,293,703,167,45
183,23,1385,JK000350,115,0,1501,997,77
183,294,410,Shamela0011082,23,924,1069,91,79
183,0,1402,JK001226,125,107,1518,1118,98
183,1402,1526,JK001226,126,0,124,100,98
183,509,1054,JK001226,129,543,846,114,21
183,294,410,Shamela0003055,3345,1157,1303,91,78
184,0,1441,JK000350,116,137,1573,1111,92
184,1441,1562,JK000350,117,0,122,97,98
184,0,1391,JK001226,126,124,1554,1120,96
184,1398,1562,JK001226,127,0,164,130,98
185,0,1169,JK000350,117,122,1283,923,97
185,1213,1503,JK000116,252,35,259,165,70
185,1015,1503,Shamela0002386,188,667,1138,220,47
185,1177,1503,Shamela0013174,848,648,971,245,95
185,0,1350,JK001226,127,164,1522,1079,98
185,1350,1503,JK001226,128,0,154,117,96
185,1177,1503,JK001226,228,594,1029,175,47
185,39,1169,JK001226,232,425,1101,542,59
185,1082,1503,JK001226,254,1066,1458,253,71
185,1229,1503,JK001226,269,997,1227,160,74
185,1177,1503,Shamela0011079,105,217,555,244,92
185,1360,1503,Shamela0023644,734,114,259,110,96
186,103,639,Sham19Y0017747,1070,611,928,190,40
186,99,356,JK000350,117,1283,1532,195,95
186,356,1307,JK000350,118,0,865,678,89
186,103,639,JK009313,5658,780,1220,256,58
186,299,639,Shamela0006947,2836,542,882,219,73
186,250,485,JK000805,69,1208,1449,176,89
186,485,639,JK000805,70,0,161,112,82
186,272,628,Shamela0026039,19,1223,1518,185,60
186,448,650,Shamela0009859,93,380,581,152,91
186,103,591,Shamela0023695,1235,1124,1566,229,47
186,318,639,Zaydiyya0000142,1970,417,743,197,68
186,250,406,JK000367,318,1271,1438,114,84
186,408,639,JK000367,319,0,237,176,90
186,458,639,Sham19Y0095660,2161,16,183,123,85
186,272,639,JK000786,722,660,996,244,83
186,473,639,Hindawi059616186Vols,566,171,315,106,78
186,0,1285,JK001226,128,154,1447,1010,97
186,1285,1460,JK001226,129,0,179,138,97
186,99,242,JK001226,232,1101,1240,109,95
186,246,639,Shamela0009637,72,235,654,291,85
186,292,646,Shamela0012062,190,691,1062,219,67
187,403,1045,JK000350,118,443,1502,483,54
187,1045,1524,JK000350,119,0,463,372,93
187,321,481,Sham19Y0016953Vols,330,756,1001,104,55
187,357,660,JK001226,125,618,1164,114,21
187,0,1325,JK001226,129,179,1510,1063,99
187,1325,1524,JK001226,130,0,205,161,97
188,0,259,JK000350,119,463,713,197,95
188,297,1490,JK000350,122,240,1445,922,93
188,114,259,JK001226,48,985,1130,113,100
188,0,1274,JK001226,130,205,1490,1015,98
188,1274,1490,JK001226,131,0,222,175,97
189,81,1561,JK000350,123,0,1463,1145,93
189,949,1561,JK000350,185,299,884,429,85
189,961,1551,Sham19Y0020878,577,879,1174,221,46
189,961,1551,Sham19Y0013246,90,829,1135,222,46
189,949,1561,Shamela0012094,137,354,942,437,86
189,953,1555,Shamela0023695,1227,521,1130,412,75
189,949,1173,JK000367,303,1253,1483,168,89
189,1173,1561,JK000367,304,0,360,276,87
189,949,1561,Sham19Y0020879,426,99,671,436,87
189,0,1263,JK001226,131,222,1513,1016,97
189,1275,1561,JK001226,132,4,297,231,97
189,953,1452,Shamela0031372,113,1069,1527,320,76
190,50,1459,JK000350,124,0,1433,1091,93
190,0,1127,JK001226,132,297,1442,887,97
190,1127,1459,JK001226,133,0,341,270,97
191,21,1565,JK000350,125,0,1494,1139,87
191,0,1159,JK001226,133,341,1534,914,94
191,1159,1573,JK001226,134,0,415,344,99
192,170,1581,JK000350,126,0,1268,975,82
192,85,656,Shamela0011290,8,144,453,249,52
192,285,522,JK000381,48,1351,1571,166,86
192,335,528,Shamela0008381,1126,499,780,156,68
192,0,1269,JK001226,134,415,1674,1027,98
192,1269,1581,JK001226,135,0,275,212,84
192,517,662,JK000100,375,889,1033,117,97
193,0,343,JK000350,126,1268,1611,247,78
193,362,1605,JK000350,127,0,1154,919,90
193,0,1293,JK001226,135,275,1571,1049,99
193,1293,1605,JK001226,136,0,313,256,99
194,0,397,JK000350,127,1154,1593,305,85
194,594,885,JK000350,135,1223,1513,235,99
194,885,1497,JK000350,136,0,1060,448,52
194,1272,1497,JK001160,270,437,867,146,43
194,1305,1497,JK000583,473,1040,1283,103,48
194,0,1233,JK001226,136,313,1548,988,99
194,1233,1497,JK001226,137,0,266,202,96
195,64,361,JK009231,576,723,962,158,67
195,64,390,Sham19Y0017747,1026,538,1037,189,44
195,5,326,JK000350,136,1080,1414,245,94
195,968,1243,JK000350,137,1208,1484,219,98
195,326,964,JK000350,137,0,664,503,94
195,1243,1467,JK000350,138,0,339,180,66
195,422,956,JK009313,4724,50,451,282,66
195,64,390,Sham19Y0017419,106,1088,1368,188,71
195,114,390,JK000123,718,652,967,124,45
195,64,394,JK005202,833,1258,1448,137,51
195,64,394,JK000148,965,522,698,123,47
195,20,390,JK001160,270,770,1216,150,35
195,297,956,Shamela0023695,315,181,699,332,62
195,231,422,Shamela0023695,438,1143,1355,122,75
195,64,399,Shamela0023695,439,248,539,146,48
195,64,300,Masaha004394,54,411,605,123,66
195,5,1143,JK001226,137,286,1437,903,98
195,1143,1467,JK001226,138,0,325,258,99
195,64,394,Shamela0031372,128,68,584,195,45
196,0,1140,JK000350,138,339,1497,884,94
196,1140,1522,JK000350,139,0,402,306,92
196,581,843,JK000515,22,275,632,153,49
196,0,1125,JK001226,138,325,1475,894,97
196,1125,1522,JK001226,139,0,400,322,98
196,606,746,Shamela0005860,328,164,298,75,66
197,0,1083,JK000350,139,402,1510,862,96
197,1083,1471,JK000350,140,0,408,288,89
197,0,1125,JK001226,139,400,1482,848,92
197,924,1471,JK001226,140,0,375,293,68
198,0,1010,JK000350,140,408,1408,786,97
198,1014,1454,JK000350,141,0,483,343,90
198,0,1061,JK001226,140,375,1452,841,97
198,1061,1454,JK001226,141,0,401,308,97
199,72,273,Shamela0001438,3869,390,556,120,77
199,72,195,Sham19Y0017747,682,424,534,84,89
199,0,1005,JK000350,141,483,1445,713,85
199,1009,1467,JK000350,142,0,481,361,92
199,72,208,JK008001,6045,263,400,101,94
199,53,208,Sham19Y0146127,1112,1161,1308,102,80
199,72,299,Sham19Y0127677,2125,1103,1288,120,66
199,72,208,Sham19Y0038171,537,1335,1469,103,98
199,53,208,JK000080,1208,1051,1210,118,95
199,53,208,JK000264,2285,115,275,120,96
199,53,273,Shamela0003722,1837,323,528,117,68
199,72,208,ShamAY0035035,1802,1062,1198,105,100
199,67,195,JK000123,528,954,1071,89,90
199,72,218,Shia002264,583,1034,1175,100,88
199,53,208,Sham19Y0020638,388,1101,1258,117,95
199,72,195,JK000166,2039,1386,1491,77,82
199,53,208,JK009336,2621,62,219,116,93
199,53,208,Shamela0008203,84,1055,1202,102,80
199,53,208,Sham19Y0132524,787,5,165,120,96
199,72,241,JK000137,918,266,424,115,86
199,72,273,Shamela0096178,277,301,499,118,73
199,53,208,Zaydiyya0000142,3413,810,967,117,95
199,53,208,JK000977,834,308,456,106,85
199,53,208,Shamela0004473,8503,1040,1198,116,94
199,72,273,JK009390,2216,724,882,114,73
199,62,208,JK009141,691,1133,1277,105,94
199,53,208,Shamela0005756,5046,45,196,113,91
199,53,208,Sham19Y0122406,1315,490,648,118,95
199,53,208,Shamela0029967,164,291,449,118,95
199,53,208,Shamela0029428,3,1044,1202,118,95
199,53,208,JK007065,960,828,986,118,95
199,72,167,Sham19Y0018100,285,425,520,74,100
199,53,208,ShamAY0033568,17,186,344,118,95
199,25,167,Sham19Y0127713,531,351,493,94,81
199,0,1033,JK001226,141,401,1429,810,99
199,1033,1467,JK001226,142,0,437,346,97
199,53,208,JK001226,182,287,436,111,90
199,72,273,Shamela0021659,1254,755,913,114,73
199,53,208,ShamAY0034005,352,762,911,107,86
199,53,208,PV2024060602,2525,440,598,118,95
199,72,273,JK009274,926,69,227,114,73
199,53,208,Sham19Y0013572,1014,1150,1308,118,95
199,53,208,JK001421,46,1101,1259,118,95
199,53,208,Shamela0001727,493,313,471,118,95
199,53,208,Shamela0005864,15,327,486,116,93
200,0,1137,JK000350,142,481,1555,837,90
200,1137,1556,JK000350,143,0,420,330,97
200,1178,1437,JK000116,248,30,237,157,76
200,1200,1354,Shamela0005737,152,15,173,121,97
200,1200,1450,JK000949,6,931,1180,183,88
200,0,1158,JK001226,142,437,1552,861,90
200,1163,1556,JK001226,143,4,397,312,99
200,1200,1354,Shamela0006739,119,1363,1534,121,90
200,1200,1354,Shamela0006739,740,150,305,121,99
201,7,320,Sham19Y0001729,397,495,809,235,88
201,689,880,Shamela0001438,905,344,535,146,91
201,631,880,Sham19Y0017747,1043,493,686,128,61
201,980,1477,Kraken220413194022,2098,76,306,152,38
201,507,747,Shamela0007798,9441,1098,1339,157,78
201,1138,1482,JK000350,100,84,420,232,84
201,0,1057,JK000350,143,420,1467,821,96
201,1057,1482,JK000350,144,0,427,335,97
201,1074,1482,JK000350,160,461,634,105,32
201,1196,1482,JK000116,249,912,1197,174,73
201,1226,1405,JK000116,250,226,393,129,90
201,237,801,JK000298,1124,959,1560,182,28
201,689,880,Sham19Y0127677,405,695,886,146,91
201,215,880,JK001227,291,14,337,227,42
201,0,370,Shamela0001524,2265,524,864,252,82
201,576,1049,Shamela0001524,2362,350,800,247,58
201,627,1049,JK000080,620,91,451,234,67
201,0,335,Shamela0008970,159,474,792,250,92
201,624,1049,JK009313,5609,646,1173,256,54
201,624,1138,JK009313,5621,1053,1494,305,69
201,624,1057,JK009313,5700,1048,1499,254,64
201,533,880,JK000088,32,574,880,227,80
201,624,890,Shamela0006947,5770,246,516,191,82
201,995,1325,Shamela0006947,5772,345,783,156,44
201,1196,1392,Shamela0006947,18021,1269,1464,137,85
201,1204,1405,JK000264,1567,31,186,113,70
201,551,1060,JK000383BK1,23,4,452,267,66
201,608,1060,JK000383BK1,80,0,396,244,59
201,507,880,Shamela0023578,3398,232,589,252,81
201,558,880,Shamela0003722,2145,0,297,228,88
201,627,880,Shamela0001391,162,517,775,196,93
201,980,1482,Shamela0011573,22,423,952,123,18
201,980,1477,JK001414,2088,122,353,158,40
201,1030,1405,JK000098,588,754,1123,190,53
201,0,361,JK000949,4,661,1030,276,92
201,980,1477,JK006950,2024,906,1121,138,35
201,1049,1477,Shamela0000248,20,220,632,158,35
201,627,1049,JK001011,87,375,805,206,50
201,596,847,JK000271,114,1181,1434,191,92
201,0,335,JK000916,3268,72,399,248,87
201,226,1057,Shamela0023695,1182,0,777,355,45
201,498,880,Shamela0021809,3064,1058,1419,261,82
201,995,1482,Shamela0011226,7,498,931,206,46
201,66,880,JK009137,1446,431,1075,365,47
201,498,880,ShamAY0034447,1937,100,499,279,84
201,498,880,Shia004509,41,550,930,289,94
201,980,1477,JK000381,7722,1016,1231,138,35
201,507,880,Shamela0009810,665,220,577,278,93
201,1030,1482,JK000367,265,358,875,271,56
201,689,880,Shamela0009801,83,862,1090,139,75
201,13,660,JK000141,327,963,1434,336,63
201,660,1049,JK000141,328,0,404,205,63
201,975,1392,Shamela0008381,220,84,593,193,42
201,507,880,JK000312,215,528,894,278,91
201,498,880,Shamela0004445,2483,750,1103,273,89
201,627,890,JK007045,213,1049,1302,183,80
201,1232,1405,Shamela0002386,187,0,159,124,89
201,13,860,Shamela0021536,168,699,1415,340,43
201,995,1392,Sham19Y0011326,193,889,1312,159,36
201,7,326,ShamAY0038116,9,905,1227,239,87
201,0,347,JK000467,332,66,416,261,87
201,0,347,JK000467,2701,751,1104,250,83
201,0,608,Shamela0008473,3875,849,1476,362,62
201,608,1049,Shamela0008473,3876,0,441,228,55
201,502,759,Shamela0008473,5041,1172,1425,169,82
201,995,1392,JK006870,25,0,422,159,36
201,1074,1482,JK001226,70,437,629,106,33
201,1138,1482,JK001226,109,103,444,236,85
201,0,1067,JK001226,143,397,1462,845,99
201,1067,1482,JK001226,144,0,416,330,98
201,1204,1356,JK001226,183,1375,1518,112,92
201,498,880,JK001226,198,698,1064,285,93
201,507,880,JK001226,199,457,809,251,83
201,7,320,JK000707,121,926,1248,239,90
201,507,880,JK008250Vols,1008,106,478,254,80
201,63,801,JK006884,53,403,695,190,31
201,63,335,Sham19Y0123510,257,389,622,183,81
201,507,1049,PV2024060602,4046,104,645,311,64
201,624,1049,JK009379,136,1006,1315,210,61
201,972,1392,Shamela0011079,89,1057,1466,177,42
201,1204,1482,Shamela0011079,90,24,238,158,70
201,980,1477,Shamela0003055,1149,345,872,118,18
201,1030,1362,Shamela0003055,2910,1130,1504,178,49
201,0,340,JK000484,1891,7,360,259,89
201,624,838,Shamela0031372,82,1391,1569,133,76
201,689,880,Shamela0023644,742,466,660,149,93
201,1226,1482,JK000087,167,6,244,185,88
201,995,1368,Shamela0011380,219,963,1481,163,33
201,1204,1482,Shamela0011380,220,149,431,219,96
202,981,1160,Kraken220413194022,2097,1360,1588,134,74
202,0,385,Kraken220413194022,2098,313,693,291,91
202,981,1231,JK000350,99,207,459,190,94
202,0,558,JK000350,100,420,1464,427,50
202,0,1065,JK000350,144,427,1504,848,97
202,1040,1468,JK000350,145,65,498,334,95
202,0,385,JK000350,160,634,978,245,72
202,981,1222,JK000116,248,1154,1403,181,91
202,0,269,JK000116,249,1197,1466,202,90
202,981,1217,Shamela0011334,108,1167,1421,180,88
202,0,351,Shamela0011334,110,1190,1526,233,75
202,981,1212,Shamela0011082,24,721,956,150,75
202,842,1222,Shamela0021765,873,544,935,211,62
202,83,532,JK000088,49,649,1083,183,37
202,701,1217,Shamela0006947,18022,538,1070,211,40
202,0,574,Shamela0006947,18022,124,632,342,69
202,981,1222,JK000264,1566,761,1010,181,91
202,999,1217,Shamela0001391,158,639,882,159,82
202,981,1217,Shamela0011573,22,638,885,177,90
202,940,1118,JK001414,2087,1338,1600,124,59
202,0,385,JK001414,2088,360,745,301,95
202,981,1222,JK000098,588,132,394,181,86
202,0,385,JK006950,2024,1128,1474,269,84
202,981,1217,Shamela0000248,20,68,566,124,29
202,839,1187,Shamela0023695,1194,1175,1556,172,50
202,19,532,Shamela0023695,1195,291,846,235,39
202,981,1217,Shamela0036446,447,864,1100,179,96
202,0,385,ShamAY0034447,1933,530,961,217,54
202,981,1118,ShamAY0034447,1933,1309,1452,92,81
202,940,1231,JK000381,7722,670,1009,174,58
202,848,1217,Shamela0004473,5752,762,1151,205,63
202,97,385,Shamela0004473,5771,843,1135,219,90
202,981,1217,JK000367,90,711,952,183,95
202,981,1222,JK000367,265,202,453,182,91
202,1008,1217,Shamela0012027,60,1016,1229,122,63
202,981,1231,Shamela0008381,215,864,1152,185,79
202,981,1217,Shamela0008381,220,355,609,180,88
202,981,1231,Shamela0008381,732,274,562,185,79
202,946,1222,Shamela0007597,279,499,814,198,79
202,1012,1170,Shamela0000956,332,0,167,113,86
202,981,1217,Shamela0021570,123,229,476,172,87
202,0,385,Shamela0002386,186,1080,1502,257,68
202,981,1248,Sham19Y0011326,193,1074,1355,181,80
202,981,1146,Sham19Y0011326,194,1328,1514,126,85
202,842,1217,JK000786,721,186,589,194,60
202,697,1222,Shamela0012001,29,593,1091,218,40
202,981,1248,JK006870,25,184,465,181,80
202,981,1217,Shamela0007663,49,1213,1458,179,90
202,0,385,Shamela0007663,49,685,1064,291,91
202,981,1231,JK001226,108,192,450,188,91
202,0,463,JK001226,109,444,910,365,96
202,0,1044,JK001226,144,416,1492,832,96
202,1044,1515,JK001226,145,0,476,376,98
202,981,1217,JK001226,183,945,1190,179,91
202,0,385,JK001226,184,371,744,287,90
202,1026,1515,JK001226,185,623,1048,261,55
202,391,867,JK001226,189,127,844,191,29
202,981,1217,JK001226,304,661,905,179,91
202,3,385,JK001226,304,144,526,299,95
202,97,385,JK001226,336,846,1131,222,93
202,946,1174,ShamAY0036141,7,1391,1614,151,80
202,0,385,ShamAY0036141,8,135,414,206,64
202,981,1217,Shamela0037325,312,1033,1277,179,91
202,63,473,Shamela0037325,331,5,451,281,77
202,981,1217,JK000485,121,616,860,179,91
202,981,1217,Shamela0010480,222,544,788,179,91
202,981,1217,ShamAY0033626,117,448,726,174,79
202,83,351,JK000692,7,783,1047,181,82
202,981,1212,JK000637,1094,42,287,174,89
202,981,1150,Shamela0012293,2114,992,1184,130,86
202,981,1170,Shamela0008223,86,525,723,135,86
202,63,463,Shamela0006700,426,81,486,218,58
202,946,1212,Shamela0011079,89,1219,1479,183,80
202,0,537,Shamela0011079,90,238,748,334,67
202,981,1217,Shamela0003055,1149,563,811,180,90
202,981,1217,Shamela0003055,2699,592,832,177,90
202,981,1217,Shamela0003055,2910,976,1230,178,87
202,0,391,Shamela0003055,2911,123,523,299,90
202,981,1217,Shamela0003055,3320,912,1166,177,87
202,848,1217,Shamela0007620,24,763,1164,175,41
202,981,1217,Shamela0000894,1299,945,1224,180,80
202,53,1136,Shamela0031372,89,1180,1542,215,23
202,842,1212,Shamela0023644,743,237,545,203,67
202,981,1222,JK000087,166,1301,1514,152,77
202,0,391,JK000087,167,244,604,270,81
202,981,1187,Shamela0011380,219,1260,1476,155,90
202,0,402,Shamela0011380,220,431,840,300,89
203,21,951,JK000350,145,488,1436,721,95
203,951,1455,JK000350,146,0,511,400,96
203,0,231,JK000116,248,913,1136,147,79
203,1060,1321,Shamela0005830,271,546,769,125,53
203,870,1014,Shamela0006947,5774,142,286,114,100
203,1054,1381,Shamela0005848,387,184,325,103,39
203,890,1326,Shamela0036515,2412,884,1128,110,26
203,0,966,JK001226,145,476,1439,758,99
203,966,1455,JK001226,146,0,498,395,97
203,0,345,JK001226,185,1048,1393,269,100
203,1018,1393,JK001226,202,287,739,205,47
204,946,1228,Shia002356Vols,298,1124,1483,192,65
204,1027,1228,Shamela0000041,780,663,866,157,97
204,0,886,JK000350,146,511,1459,668,86
204,1201,1464,JK000350,147,15,340,192,73
204,848,1106,JK000365,491,956,1214,207,100
204,858,1150,Zaydiyya0000062,429,1231,1523,234,100
204,848,1027,Tafsir02102,3095,472,651,144,100
204,848,1030,Tafsir07057,3793,537,720,145,98
204,663,1464,Shamela0030868,182,792,1400,393,59
204,858,1150,Sham19Y0016953Vols,44,918,1210,234,100
204,858,1228,Rafed0003257Vols,1948,229,601,293,98
204,858,1239,Tafsir06048,283,408,1138,297,51
204,848,1030,JK000903,12,985,1169,144,97
204,858,1224,Shamela0023578,1057,326,694,292,99
204,852,1150,Hindawi020604026,459,1139,1437,239,100
204,848,1030,Shamela0022653,123,161,346,144,96
204,848,1228,JK000378,57,334,1033,301,53
204,848,1207,JK006950,2211,1019,1550,286,67
204,858,1139,QuranAnalysis001,51,1315,1595,225,99
204,916,1224,JK009270,1285,175,651,243,63
204,858,1228,Shamela0029743,242,263,635,293,98
204,858,1228,Shia001432Vols,2475,749,1120,292,98
204,858,1150,Shia001432Vols,4495,1189,1483,233,98
204,858,1150,Sham19Y0023608,1028,634,926,234,100
204,848,1027,JK000370,279,1009,1188,144,100
204,858,1224,Shamela0012884,1667,1095,1461,292,100
204,858,1224,Shamela0021821,498,821,1187,292,100
204,891,1217,Shamela0023628,1043,0,309,222,80
204,858,1228,Rafed0003943Vols,315,659,1031,293,98
204,928,1389,JK000381,4726,0,408,270,65
204,886,1376,JK000381,7910,0,524,312,64
204,858,1224,Shamela0004473,689,44,410,292,100
204,858,1224,Shamela0010273,686,571,937,292,100
204,858,1150,ShamAY0036821,749,6,294,230,98
204,984,1150,Sham19Y0023618,511,0,166,134,100
204,858,1153,Shamela0004445,612,181,473,234,98
204,901,1228,JK000330,121,0,329,259,98
204,1017,1228,JK000330,193,0,213,165,97
204,858,1224,JK007018,175,31,406,292,97
204,1027,1247,Shamela0009789,304,24,436,165,51
204,858,1150,Shamela0008473,1640,690,982,234,100
204,848,1027,Shamela0008473,3434,312,491,144,100
204,1027,1228,Shamela0010895,102,1028,1225,156,98
204,0,886,JK001226,146,498,1476,706,90
204,858,1464,JK001226,147,111,727,477,97
204,858,1150,JK009396,377,594,886,234,100
204,858,1437,Shamela0012769,45,461,1125,388,67
204,858,1184,JK009268,1658,1410,1735,260,99
204,858,1150,Shamela0037458,1022,1065,1357,234,100
204,1070,1217,Masaha000554Vols,1309,0,148,116,97
204,1027,1224,Meshkat0014420,1354,82,279,156,100
204,1027,1224,Shamela0012293,1195,763,960,156,100
204,858,1134,Shamela0009770,297,1196,1471,221,99
204,858,1150,Sham19Y0020891,1768,654,946,234,100
204,1027,1224,Shamela0003055,383,615,812,156,100
204,979,1150,Shia003721Vols,521,0,170,137,99
204,858,1150,SyriacStudies00001,15,740,1032,233,99
204,858,1153,Shamela0023591,2636,840,1132,234,98
204,858,1150,Shamela0023632,1055,801,1093,234,100
205,1193,1520,JK007084,257,705,1262,202,44
205,1330,1520,Sham19Y0017747,1049,379,579,152,92
205,0,1092,JK000350,147,340,1456,816,88
205,1092,1520,JK000350,148,0,442,341,93
205,1177,1443,JK000350,182,1300,1575,111,40
205,1321,1520,Shamela0023645,252,532,738,155,90
205,0,538,Shamela0030868,159,1046,1512,337,77
205,1392,1520,Shamela0001524,3585,0,133,102,92
205,1193,1508,JK006950,2133,1297,1586,181,66
205,127,371,Shamela0007664,242,1295,1546,191,96
205,371,669,Shamela0007664,243,0,299,205,81
205,1002,1520,Zaydiyya0000142,1525,614,1160,237,47
205,1285,1520,Shia004509,53,935,1154,165,81
205,1193,1520,JK000381,7832,15,318,192,67
205,0,660,JK001226,147,727,1438,515,91
205,660,1520,JK001226,148,0,886,697,96
205,1245,1520,JK001226,237,73,334,176,72
205,1300,1483,Sham19Y0147597,367,735,944,133,78
205,1354,1483,Sham19Y0147597,371,949,1085,100,91
205,766,1146,Shamela0003055,1327,8,379,271,84
205,1330,1520,Shamela0031372,87,166,364,150,92
206,414,1118,Kraken220413194022,985,988,1473,222,31
206,414,1118,Shamela0008555,71,324,638,230,40
206,656,879,JK000350,99,1096,1309,164,90
206,0,1075,JK000350,148,442,1532,832,93
206,1075,1498,JK000350,149,0,423,334,97
206,414,600,JK000365,466,39,229,134,81
206,438,638,Shamela0007568,27,929,1146,130,64
206,410,1118,Sham19Y0016953Vols,631,402,751,235,39
206,417,1118,Sham19Y0016953Vols,706,696,981,223,39
206,417,594,Sham19Y0016953Vols,825,1247,1395,117,81
206,410,1118,Sham19Y0016953Vols,954,556,1054,240,34
206,417,1118,Sham19Y0016953Vols,1389,0,325,215,36
206,414,1118,Shamela0011354,112,444,750,227,39
206,414,1118,Shamela0011073,50,182,497,232,40
206,410,1118,AOCP20251104081,631,487,1028,236,33
206,438,1118,AOCP20251104081,778,552,862,215,37
206,435,608,AOCP20251104081,781,298,509,129,75
206,414,600,Masaha004105Vols,268,142,324,140,91
206,680,879,JK000142,466,480,684,155,95
206,438,1086,ShamAY0034401,23,239,554,203,36
206,410,1099,JK001414,116,1126,1553,216,35
206,417,608,JK001414,148,176,376,153,95
206,414,1118,JK001414,965,277,765,226,32
206,463,1118,JK000355,9,787,1112,209,36
206,271,586,Shamela0009943,475,1354,1593,156,61
206,556,1118,JK006950,1304,0,387,157,29
206,438,1118,JK006950,1585,529,821,206,36
206,435,608,JK006950,1588,1072,1264,117,75
206,414,600,JK006950,1957,818,980,125,83
206,463,1118,JK006950,1996,478,808,209,36
206,417,1118,JK006950,2017,553,824,214,37
206,417,608,JK006950,2063,545,715,128,81
206,417,608,JK006950,2080,558,730,131,83
206,467,1118,JK006950,2143,992,1267,208,38
206,410,1118,JK006950,3160,882,1205,238,41
206,463,1118,Shamela0012094,153,908,1199,208,38
206,680,879,Sham19Y0020591,744,1104,1309,156,96
206,417,608,JK001011,124,50,243,147,90
206,680,874,Shamela0026764,21,1294,1510,148,86
206,663,879,JK000021,1283,988,1214,161,88
206,417,600,Shia004509,124,539,731,147,94
206,417,600,JK000381,113,1292,1453,128,86
206,504,1118,JK000381,226,0,373,178,29
206,438,1086,JK000381,795,517,813,208,37
206,417,1000,JK000381,5441,955,1510,289,50
206,410,1118,JK000381,7001,379,871,230,32
206,474,1118,JK000381,7283,0,251,190,35
206,435,608,JK000381,7286,503,695,117,75
206,414,600,JK000381,7655,789,951,125,83
206,463,1118,JK000381,7694,525,855,209,36
206,417,1118,JK000381,7715,599,870,214,37
206,417,608,JK000381,7761,729,899,128,81
206,417,608,JK000381,7778,796,968,131,83
206,467,1039,JK000381,7841,1321,1516,143,30
206,410,1086,JK000381,8859,1288,1578,212,38
206,417,594,AOCP20251104062,167,57,226,132,91
206,663,879,JK000367,264,662,909,161,83
206,663,883,JK009141,1125,790,999,147,81
206,680,879,Sham19Y0131521,2736,1096,1301,156,96
206,414,1118,JK000385,51,950,1250,232,41
206,751,990,Rafed0000040Vols,1115,287,714,156,43
206,467,600,JK000330,1054,501,634,108,100
206,696,879,Shamela0008473,3877,0,185,146,98
206,438,638,Shamela0007663,60,454,671,130,64
206,417,600,JK000376,17,477,656,142,96
206,435,1029,JK000376,131,1207,1527,160,28
206,0,672,JK001226,148,886,1569,540,98
206,672,1498,JK001226,149,0,819,652,98
206,663,883,JK001226,184,1238,1489,162,82
206,117,1454,JK001226,263,141,1500,1049,95
206,467,1135,Shamela0012769,39,515,775,190,35
206,417,600,JK000363,163,1158,1334,138,91
206,271,1118,JK000146,12,669,1309,278,35
206,680,879,PV2024060602,5063,362,566,155,95
206,444,1118,Shamela0003055,324,589,879,211,37
206,438,1012,Shamela0003055,364,947,1376,216,38
206,129,315,Shamela0003055,1327,391,575,134,83
206,659,879,Shamela0003055,2910,575,814,162,87
206,414,1118,Shamela0003055,2970,1030,1332,232,41
206,663,879,JK000087,166,895,1117,137,70
206,659,879,Shamela0011380,219,858,1098,160,85
206,539,1118,Shamela0011380,277,0,194,152,32
207,0,1109,JK000350,149,423,1523,849,92
207,1109,1557,JK000350,150,0,446,358,97
207,0,886,JK001226,149,819,1489,537,75
207,599,1557,JK001226,150,75,1030,771,98
207,0,993,JK001226,264,45,1001,765,95
207,6,488,Shamela0003055,1327,571,1121,174,28
208,1060,1403,JK007084,258,1204,1504,172,51
208,1030,1510,Kraken220413194022,2095,663,1070,264,66
208,1099,1513,JK000350,48,99,539,311,86
208,1312,1453,JK000350,103,1307,1542,109,57
208,0,1103,JK000350,150,446,1548,879,98
208,1103,1513,JK000350,151,0,413,325,98
208,1060,1283,Shamela0023645,254,1273,1504,151,77
208,1278,1510,Shamela0023645,255,11,244,179,94
208,1132,1510,Shamela0009918,1409,0,835,280,42
208,1060,1510,Shamela0001524,3587,657,1133,329,84
208,1039,1510,Shamela0011354,72,612,926,186,46
208,1030,1510,JK001414,2085,695,1101,266,67
208,1027,1510,Shamela0009943,418,1174,1512,199,52
208,1199,1510,JK006950,2022,217,533,224,86
208,1060,1510,Shamela0023695,1231,857,1390,332,76
208,1066,1510,Shamela0026764,20,341,768,212,48
208,1030,1510,Shamela0011226,6,811,1190,221,53
208,1099,1513,Shamela0011353,209,211,641,301,83
208,1103,1510,Shia004509,61,605,1037,308,87
208,1103,1513,JK000381,161,988,1396,301,87
208,1199,1510,JK000381,7720,324,640,224,86
208,1039,1510,JK000367,325,554,888,215,55
208,1039,1510,Shamela0012027,240,699,1064,247,63
208,1039,1510,Shamela0007597,274,0,353,215,55
208,1204,1510,Shamela0007663,50,545,806,196,79
208,1039,1510,Shamela0007663,116,24,405,264,70
208,1103,1513,JK000376,66,143,569,308,87
208,1371,1513,JK001226,113,5,147,111,94
208,0,555,JK001226,150,1030,1583,446,99
208,555,1513,JK001226,151,0,987,759,95
208,1056,1510,JK001226,249,0,367,261,71
208,1094,1328,JK001226,268,1229,1481,170,80
208,1328,1510,JK001226,269,0,179,139,94
208,1204,1510,JK001226,305,8,341,235,87
208,1103,1510,Shamela0037325,607,587,822,182,55
208,1312,1513,Shamela0037325,2162,371,663,156,65
208,1039,1510,Shamela0011079,104,564,889,217,57
208,0,132,Shamela0003055,1327,1147,1274,97,92
208,1027,1510,Shamela0003055,3322,48,788,285,42
208,1027,1510,Shamela0007620,26,295,688,257,62
208,1043,1510,Shamela0031372,116,759,1179,267,66
209,0,483,JK007084,259,53,486,187,37
209,0,156,JK000350,48,539,695,122,98
209,0,834,JK000350,151,413,1512,592,61
209,834,1577,JK000350,152,0,732,594,98
209,0,587,Shamela0023645,255,255,738,279,51
209,24,156,Shamela0009918,1410,342,560,103,60
209,0,444,Shamela0001524,3587,1144,1494,170,43
209,0,164,JK001414,2085,1112,1259,108,84
209,28,194,Shamela0009943,419,0,143,107,83
209,464,971,JK006950,2017,392,530,89,22
209,0,160,JK006950,2022,544,687,107,85
209,19,464,Shamela0023695,1232,0,262,162,41
209,0,561,Shamela0026764,20,779,1137,227,46
209,0,156,Shamela0011353,209,641,885,120,61
209,0,459,Shia004509,61,1048,1415,183,40
209,93,587,JK000381,162,0,415,199,40
209,464,971,JK000381,7715,438,576,89,22
209,0,160,JK000381,7720,651,794,107,85
209,0,231,JK000367,325,899,1121,134,74
209,0,231,Shamela0012027,240,1075,1307,142,78
209,0,156,Shamela0007597,274,364,562,106,66
209,0,150,Shamela0007663,50,817,969,117,97
209,0,231,Shamela0007663,116,416,649,144,79
209,0,587,JK000376,66,569,1116,272,46
209,464,971,JK000376,131,1063,1302,152,36
209,0,220,JK001226,113,147,378,152,78
209,0,497,JK001226,151,987,1483,397,99
209,464,1577,JK001226,152,210,1326,905,99
209,0,231,JK001226,249,378,611,144,79
209,0,156,JK001226,305,352,511,123,97
209,0,164,Shamela0037325,607,833,990,114,86
209,0,220,Shamela0037325,2162,663,890,152,79
209,0,156,Shamela0011079,104,900,1045,113,91
210,423,673,JK000350,36,299,806,172,42
210,401,611,JK000350,37,55,268,146,83
210,401,673,JK000350,44,993,1304,162,60
210,0,807,JK000350,152,732,1540,639,98
210,807,1532,JK000350,153,0,706,571,96
210,155,611,JK000350,176,794,1393,188,37
210,397,673,JK000350,178,1104,1411,193,79
210,388,611,JK006950,2071,427,629,143,77
210,406,611,JK006950,2180,1155,1318,109,64
210,401,611,Shia004509,85,151,314,119,72
210,388,611,JK000381,7769,634,836,143,77
210,427,611,JK000381,7879,4,145,104,68
210,388,611,AOCP20251104062,175,90,309,156,83
210,397,721,JK001226,47,382,707,197,72
210,397,673,JK001226,81,1160,1459,193,81
210,0,252,JK001226,152,1326,1577,202,99
210,252,1532,JK001226,153,0,1267,1014,97
210,155,388,JK001226,226,1037,1373,141,47
210,401,611,JK001226,273,140,322,133,78
210,406,611,JK001226,285,762,942,123,73
210,388,595,JK000363,171,1367,1571,145,83
211,0,860,JK000350,153,706,1568,687,97
211,860,1545,JK000350,154,0,691,532,92
211,0,341,JK001226,153,1267,1535,214,78
211,341,1545,JK001226,154,0,1206,944,94
212,395,632,Shamela0001438,1569,975,1206,157,84
212,395,632,Shamela0001438,8348,535,761,139,72
212,388,625,JK009152,2096,371,597,145,74
212,378,632,JK007043,1608,220,474,153,72
212,0,950,JK000350,154,691,1484,619,81
212,950,1503,JK000350,155,0,571,428,89
212,378,632,Shamela0012750,351,290,541,163,79
212,267,716,JK001503,3643,590,1068,190,45
212,395,632,Masaha004651,41,822,1057,154,77
212,378,674,Sham19Y0017063,1233,533,799,166,73
212,395,632,Sham19Y0127677,682,459,689,157,82
212,378,731,Sham19Y0017616,453,543,922,176,51
212,267,641,Sham19Y0122257,2830,702,1077,182,56
212,395,632,Shamela0030327,145,10,251,157,80
212,378,641,JK000080,1047,377,625,167,81
212,369,588,ShamAY0032775,2,1155,1389,139,77
212,378,662,Shamela0026731,195,761,1047,161,67
212,378,632,Shamela0026731,196,213,476,155,71
212,395,731,JK000568,2,499,879,166,51
212,378,632,Shamela0010906,2882,395,639,162,79
212,378,731,Sham19Y0014119,477,488,808,162,49
212,378,632,ShamAY0035960,617,350,614,177,85
212,378,632,Shamela0000736,1409,701,929,148,75
212,378,632,Shamela0000736,4435,271,509,157,78
212,442,632,Shamela0000736,5189,0,180,120,81
212,191,797,ShamAY0035451,14,784,1412,307,56
212,395,716,ShamAY0032770,11,624,1024,192,54
212,191,797,Sham19Y0017748,1,249,1042,297,43
212,388,632,Kraken230110004547,296,1044,1289,159,80
212,378,597,Shamela0030305,56,1187,1417,141,78
212,378,641,Sham19Y0013614,695,1346,1585,161,78
212,378,632,Sham19Y0018144,2575,1149,1397,166,81
212,395,716,Shamela0006610,1153,165,446,169,61
212,378,632,Sham19Y0016976,1494,214,445,155,77
212,378,632,Shamela0022418,4,451,729,146,62
212,378,637,JK000585,3225,422,669,157,72
212,378,632,JK009336,1745,388,637,167,82
212,378,716,Shamela0025794,1718,639,1037,191,60
212,378,632,Shamela0025794,1826,796,1037,144,70
212,378,632,JK000916,13778,1117,1390,158,71
212,378,632,JK000916,17814,1191,1443,161,78
212,378,632,JK000916,17815,146,381,157,79
212,395,632,Shamela0036446,1077,884,1109,160,86
212,378,632,Masaha004231Vols,293,92,349,166,77
212,378,716,Shamela0009823,284,533,878,175,54
212,378,632,JK000021,2555,38,283,156,77
212,388,562,JK009137,3082,842,1021,122,86
212,378,632,JK001249,241,433,690,163,77
212,335,716,Shamela0004473,10485,400,786,195,55
212,378,641,Shamela0004473,10648,1081,1338,169,81
212,378,632,Shamela0026722,17,965,1221,156,73
212,388,632,JK009141,820,1095,1338,162,81
212,378,646,Sham19Y0145212,3009,982,1227,160,76
212,369,632,Shia000151,315,875,1137,155,68
212,378,641,Shamela0012014,103,99,367,170,78
212,395,641,JK007045,732,341,566,154,79
212,330,555,Kraken21042921,17,830,1028,127,75
212,395,632,Shamela0031366,391,156,388,155,78
212,378,731,JK000691,53,317,791,166,37
212,378,632,ShamAY0032834,29,26,290,161,75
212,395,632,Shamela0010441,39,237,485,159,79
212,369,716,Shamela0030617Vols,73,600,916,193,69
212,378,731,JK007065,1109,1033,1371,195,70
212,378,632,Shamela0012749,23,586,835,161,79
212,395,632,Shamela0006686BK1,91,167,389,158,85
212,378,632,ShamAY0032957,14,973,1217,161,80
212,378,632,ShamAY0032787,2,739,1018,172,80
212,191,731,ShamAY0002038,562,893,1379,206,39
212,230,500,JK001226,64,1168,1460,196,78
212,500,1503,JK001226,65,0,980,784,96
212,0,241,JK001226,154,1206,1457,183,88
212,378,716,JK000063,262,150,526,193,62
212,378,632,Shamela0037325,2199,552,797,162,78
212,378,716,Shamela0009107BK2,1,948,1337,186,52
212,378,716,JK000913,2089,249,597,191,60
212,378,641,Shamela0003118,4091,929,1207,166,74
212,378,632,Shamela0003118,5174,123,375,161,78
212,378,632,Sham19Y0023625,2077,816,1076,166,78
212,369,632,Shamela0026857,30,308,566,158,74
212,378,632,JK000671,6,582,820,152,75
212,395,632,JK000055,160,1116,1385,159,72
212,378,632,PV2024060602,3482,261,513,164,80
212,378,632,Sham19Y0013572,1386,586,828,167,84
212,378,632,Shamela0001727,1450,137,389,164,80
212,335,716,Shamela0000432,6142,213,583,192,60
212,378,641,Shamela0000894,7902,618,887,168,77
212,378,632,JK000649,28,1081,1340,162,77
212,378,632,JK009226,728,1236,1473,152,74
213,1438,1551,JK007043,462,823,937,87,97
213,0,966,JK000350,155,571,1553,771,95
213,966,1551,JK000350,156,0,585,462,97
213,1438,1551,Shamela0036569,399,1099,1216,89,94
213,1449,1551,ShamAY0035035,7135,1078,1174,75,92
213,1426,1551,ShamAY0035960,621,1231,1366,94,88
213,1341,1551,JK000355,12,166,342,100,48
213,1441,1551,Shamela0012094,156,248,355,84,95
213,1441,1551,Shia001432Vols,22893,760,867,80,91
213,1441,1551,JK000381,260,599,710,76,84
213,1441,1551,Shamela0008381,89,961,1072,76,84
213,1449,1551,ShamAY0034354,1,1034,1138,81,98
213,1441,1551,Shamela0008473,4688,259,363,75,86
213,1445,1551,Shamela0009091,20,259,373,82,91
213,0,555,JK001226,65,980,1534,447,99
213,555,1551,JK001226,66,0,1003,801,98
213,1445,1551,JK011730,810,1230,1342,74,77
213,1426,1551,JK000097,581,845,980,94,88
213,1441,1551,Tafsir09084,2422,401,505,75,86
213,1445,1551,Sham19Y0014309,2006,459,567,82,96
213,1449,1551,Shamela0003055,1766,356,459,81,99
213,1438,1551,JK007082,49,262,385,87,90
214,0,736,JK000350,156,585,1534,539,67
214,736,1175,JK000350,157,0,459,329,87
214,1214,1477,JK000350,157,883,1204,209,81
214,862,1037,JK006950,2077,142,293,112,83
214,862,1037,JK000381,7775,367,518,112,83
214,1323,1477,JK001226,64,834,1014,123,85
214,0,510,JK001226,66,1003,1505,399,98
214,510,1477,JK001226,67,0,978,759,96
215,0,301,JK000350,157,1204,1504,241,98
215,301,1531,JK000350,158,0,1164,920,92
215,0,535,JK001226,67,978,1513,432,98
215,535,1531,JK001226,68,0,1011,792,98
216,0,368,JK000350,158,1164,1533,294,98
216,368,1534,JK000350,159,0,1126,842,86
216,420,677,Shamela0023645,255,495,738,190,90
216,525,677,Shamela0001524,3588,0,142,115,93
216,0,502,JK001226,68,1011,1512,407,99
216,502,1534,JK001226,69,0,1046,827,98
217,889,1364,Kraken220413194022,2098,156,693,277,56
217,896,1364,JK000350,100,256,803,275,54
217,1076,1346,JK000350,101,483,819,156,56
217,889,1364,JK000350,144,17,822,303,45
217,0,428,JK000350,159,1126,1547,309,79
217,428,1552,JK000350,160,0,1167,849,87
217,896,1305,JK000116,249,1029,1475,225,53
217,995,1346,Shamela0011334,110,1088,1529,226,59
217,990,1364,Shamela0006947,18022,20,493,251,62
217,892,1346,JK000264,1566,936,1467,258,54
217,892,1364,Shamela0011573,22,817,1329,253,51
217,889,1364,JK001414,2088,203,745,282,57
217,892,1364,JK000098,588,320,942,271,48
217,889,1364,JK006950,2024,968,1474,249,50
217,1112,1364,Shamela0023695,1195,378,657,138,56
217,889,1295,JK000381,7722,1078,1448,198,53
217,892,1383,Shamela0004473,5771,604,1150,213,39
217,896,1364,JK000367,265,716,1259,273,53
217,896,1364,Shamela0007597,279,955,1464,260,50
217,995,1364,Shamela0002386,186,985,1502,237,53
217,896,1359,Shamela0007663,49,501,1060,263,52
217,0,468,JK001226,69,1046,1556,380,90
217,468,1552,JK001226,70,0,1098,853,96
217,896,1364,JK001226,109,280,832,276,54
217,1076,1346,JK001226,110,483,824,158,55
217,889,1364,JK001226,144,7,802,300,45
217,892,1364,JK001226,184,201,744,256,51
217,916,1364,JK001226,304,0,526,272,56
217,892,1370,JK001226,336,611,1137,215,41
217,926,1364,ShamAY0036141,8,13,414,205,47
217,1112,1364,Shamela0037325,331,34,325,165,62
217,896,1364,Shamela0011079,90,103,626,243,48
217,892,1364,Shamela0003055,1149,742,1264,252,51
217,892,1364,Shamela0003055,2699,761,1406,272,45
217,916,1364,Shamela0003055,2911,0,517,254,52
217,892,1247,Shamela0003055,3320,1093,1477,168,47
217,896,1364,JK000087,167,88,598,211,41
217,896,1364,Shamela0011380,220,271,823,262,51
218,889,1040,Shamela0001438,7461,0,174,103,73
218,789,1040,JK009152,22,1089,1334,154,72
218,793,987,JK007128,960,150,338,109,71
218,341,599,Kraken220413194022,270,668,923,184,90
218,369,652,Kraken220413194022,905,124,381,187,80
218,369,554,Kraken220413194022,935,1378,1551,132,88
218,373,652,Kraken220413194022,944,1237,1494,186,84
218,610,1040,JK000350,66,462,1037,310,68
218,0,259,JK000350,160,1167,1392,141,67
218,151,1529,JK000350,161,44,1146,825,73
218,369,592,JK000365,1265,644,870,168,93
218,373,592,JK000081,557,448,647,148,84
218,858,1037,Kraken230106005528,863,0,171,111,72
218,789,1032,Sham19Y0016946,713,907,1169,183,90
218,806,1040,JK008001,4884,12,287,165,76
218,385,652,JK000077,43,756,1007,172,77
218,341,592,JK000077,75,59,306,179,90
218,863,1040,Sham19Y0013252,227,704,902,128,81
218,789,946,Sham19Y0013252,9515,1258,1434,116,85
218,603,1040,Sham19Y0013252,9520,828,1343,231,57
218,778,1040,ShamAY0034059,1988,1065,1415,173,61
218,789,1040,Sham19Y0018103,3883,187,487,188,81
218,373,592,JK000362,533,710,934,171,97
218,369,1040,JK000362,1102,768,1383,353,58
218,391,642,JK000362,2034,785,1039,174,87
218,627,1040,Sham19Y0127677,5186,170,556,189,53
218,687,1040,Shia004456Vols,1912,0,304,152,48
218,627,1040,Shia004456Vols,3578,79,435,193,53
218,410,592,Sham19Y0016953Vols,50,0,186,141,97
218,642,1311,Sham19Y0016953Vols,887,270,775,335,58
218,789,1040,Shamela0012981,954,57,370,175,69
218,633,1040,Shamela0001524,2927,436,943,240,60
218,479,1040,Sham19Y0038171,2222,757,1236,207,41
218,617,1040,JK000110,1779,82,591,225,49
218,863,969,JK009313,4713,1433,1556,77,80
218,793,1040,Shamela0010517,83,1335,1586,163,75
218,660,1040,JK005021,502,1092,1443,175,48
218,369,842,JK000351,27,257,645,233,61
218,385,603,Shamela0006947,16514,898,1128,160,88
218,385,563,Shamela0022647,14,1372,1568,133,86
218,373,652,Shamela0022647,38,739,998,192,86
218,789,1040,Sham19Y0023644,1512,33,330,181,78
218,617,902,Sham19Y0016584,4398,23,371,122,36
218,823,1040,Sham19Y0016584,4398,1138,1353,141,73
218,327,592,JK001414,257,624,902,189,88
218,369,652,JK001414,882,843,1098,187,81
218,385,652,JK001414,901,436,692,173,76
218,369,592,JK001414,914,1015,1227,161,91
218,633,1040,JK000355,27,945,1192,147,46
218,373,721,Shamela0022653,272,709,1089,206,64
218,863,1040,Sham19Y0018106,3962,0,209,137,84
218,778,1040,Kraken230110004547,407,266,519,156,69
218,633,1040,JK006950,2014,591,843,145,45
218,603,1227,JK006950,2207,976,1527,350,66
218,633,1040,Sham19Y0020638,28,34,437,241,65
218,418,652,Shamela0012094,171,406,666,154,76
218,814,1040,Sham19Y0145435,5483,0,275,169,80
218,348,1040,Sham19Y0020587,73,460,1197,317,41
218,373,721,JK000379,29,494,893,224,70
218,637,1040,JK000379,57,0,235,142,45
218,474,1040,Sham19Y0023608,1638,109,611,307,62
218,789,1040,JK009336,2352,1084,1397,187,77
218,810,1040,Shamela0025794,4330,0,283,160,72
218,786,1040,JK000916,6975,1086,1379,168,73
218,789,1040,Shamela0036446,1146,491,756,178,82
218,806,1040,Shamela0021809,1695,564,1225,165,32
218,369,592,JK000075,28,1113,1342,170,95
218,327,1028,JK000075,39,442,1110,371,57
218,627,1040,Shia001555Vols,1180,850,1189,193,55
218,786,1040,JK000021,492,535,909,178,61
218,827,1040,ShamAY0034447,9,14,235,137,73
218,637,1040,ShamAY0037387,243,0,366,240,68
218,610,1040,Shamela0011353,160,597,1132,312,74
218,660,1040,JK000381,49,309,514,127,43
218,363,592,JK000381,1786,577,768,142,78
218,348,1040,JK000381,2254,756,1381,316,46
218,373,592,JK000381,2424,1333,1537,154,87
218,369,592,JK000381,2899,1064,1277,156,86
218,863,1040,JK000381,2911,4,140,90,63
218,373,592,JK000381,2995,1266,1489,171,98
218,369,652,JK000381,3072,31,267,172,74
218,418,592,JK000381,3249,281,460,134,96
218,341,592,JK000381,3279,1012,1241,165,83
218,369,592,JK000381,3623,762,993,174,96
218,418,592,JK000381,3989,1221,1399,135,97
218,429,842,JK000381,4468,0,321,193,59
218,369,592,JK000381,5666,1197,1405,159,89
218,633,1040,JK000381,7712,643,895,145,45
218,858,1311,JK000381,7906,7,411,298,78
218,385,603,Shamela0011730,98,758,988,160,88
218,373,603,Shamela0011730,693,560,793,178,97
218,617,1040,Sham19Y0018176,2386,407,915,225,49
218,369,1040,JK000367,371,242,684,306,58
218,652,1040,JK009141,35,3,458,202,52
218,660,1040,Sham19Y0095660,1259,34,523,189,42
218,633,1040,Shamela0012027,217,100,506,247,69
218,382,1040,Shamela0007597,253,589,1117,343,61
218,863,1040,Shamela0021715,5758,910,1119,137,84
218,789,1040,Shamela0021715,9881,795,1096,188,80
218,789,1040,Shamela0005756,14395,64,367,188,80
218,373,603,JK000385,135,239,484,176,91
218,599,1143,JK000001,2828,928,1419,184,34
218,617,1012,Sham19Y0013605,4627,216,670,203,48
218,786,1040,Shamela0008657,298,937,1234,186,80
218,617,1032,Shamela0012031,67,1013,1393,235,66
218,617,1040,Shamela0002386,250,392,1015,205,37
218,789,1040,JK007065,1242,875,1167,183,80
218,633,1040,Shamela0096283,452,471,934,214,58
218,786,1040,Shamela0023100,446,34,513,179,48
218,786,937,JK000467,1864,730,1190,104,29
218,369,592,JK000079,64,37,266,170,95
218,327,907,JK000079,74,896,1490,323,57
218,0,429,JK001226,70,1098,1526,349,99
218,429,1529,JK001226,71,0,1107,875,98
218,633,1040,JK000063,169,940,1197,162,50
218,348,1040,Shamela0037325,2133,175,819,335,51
218,806,1040,Shamela0012403,73,676,963,162,72
218,789,1040,Shamela0001440Vols,125,1014,1281,160,73
218,617,927,Shamela0037837,623,1061,1421,137,40
218,927,1040,Shamela0037837,624,0,142,88,79
218,837,1040,Shamela0003118,2373,0,241,140,73
218,806,1040,ShamAY0034005,45,0,297,165,70
218,617,1040,PV2024060602,1779,82,591,225,49
218,627,1040,JK007117,1554,697,1045,198,56
218,881,1045,JK009324,1896,0,169,107,76
218,871,1040,Shamela0000894,8214,0,213,128,77
218,369,652,JK000100,300,839,1086,181,78
218,764,1040,Shamela0012062,388,720,1035,198,79
218,789,1040,JK000883,75,225,451,125,53
218,806,1032,Shamela0010803,379,15,274,169,84
219,0,253,JK000350,161,1146,1472,189,72
219,253,1507,JK000350,162,0,1251,974,94
219,0,383,JK001226,71,1107,1487,301,98
219,383,1507,JK001226,72,0,1129,903,99
220,0,296,JK000350,162,1251,1514,214,88
220,296,1613,JK000350,163,0,1267,1028,95
220,0,412,JK001226,72,1129,1540,335,99
220,412,1613,JK001226,73,0,1202,973,99
220,507,1017,Shamela0037325,2159,1132,1641,414,99
220,1017,1613,Shamela0037325,2160,0,594,481,99
221,0,357,JK000350,163,1267,1622,287,98
221,357,1405,JK000350,164,0,1065,813,89
221,232,421,Shamela0011354,79,883,1062,122,79
221,1482,1612,JK000098,598,440,586,105,89
221,1482,1612,Shamela0009943,465,1361,1507,104,88
221,1482,1612,Shamela0012027,2,885,1025,105,92
221,1482,1612,JK001226,5,837,968,105,99
221,0,411,JK001226,73,1202,1611,331,99
221,411,1409,JK001226,74,0,1007,810,98
221,0,1018,Shamela0037325,2160,594,1610,829,99
221,1018,1376,Shamela0037325,2161,0,357,292,99
222,20,912,JK000098,599,745,1605,696,95
222,20,935,Shamela0009943,467,78,1005,715,92
222,20,417,JK001226,6,1190,1586,322,99
222,417,917,JK001226,7,0,502,407,99
223,1399,1609,JK001226,323,210,359,122,70
224,0,1285,JK001226,323,359,1626,1025,97
224,1285,1640,JK001226,324,0,355,291,99
225,563,865,Shamela0008555,70,714,881,67,26
225,426,927,Sham19Y0016953Vols,1390,0,815,341,49
225,641,927,Shamela0011354,6,597,883,202,79
225,563,865,Shamela0011073,49,519,686,67,26
225,375,692,JK006950,1588,422,1012,121,20
225,1253,1541,Zaydiyya0000142,1512,327,617,226,95
225,968,1096,Shia004509,112,1239,1367,98,96
225,358,931,Shia004509,112,216,784,435,90
225,1113,1541,Shia004509,113,0,440,335,93
225,398,654,Rafed0000040Vols,997,251,484,144,62
225,0,1212,JK001226,324,355,1552,939,95
225,1212,1541,JK001226,325,0,311,253,93
225,563,865,Shamela0003055,2655,942,1113,67,26
225,556,865,Shamela0011380,276,391,565,69,26
226,745,1123,Tafsir02102,1208,760,1181,209,55
226,957,1123,Tafsir02102,2722,112,322,126,73
226,957,1116,JK000735,60,884,1110,117,63
226,938,1116,Shamela0001524,464,16,251,127,65
226,745,1054,JK009313,2825,885,1203,142,49
226,938,1116,Shamela0021765,2339,503,725,127,69
226,934,1116,Shamela0011354,142,968,1160,132,82
226,934,1116,Shamela0011073,20,312,502,119,69
226,972,1123,JK006838,1303,1017,1174,94,72
226,745,1116,Sham19Y0039268,394,643,1104,185,41
226,975,1123,Sham19Y0148271,96,0,208,121,71
226,975,1123,Shamela0030305,25,610,775,109,78
226,957,1116,Shamela0025794,2281,289,511,125,68
226,938,1123,Shamela0026764,15,38,263,119,63
226,938,1116,ShamAY0037387,266,59,304,119,59
226,0,296,Shia004509,113,440,759,229,92
226,745,1123,Shamela0004473,5293,897,1422,186,39
226,1010,1123,Shamela0004473,12849,11,142,92,86
226,750,1116,Shamela0004482,734,1069,1459,157,40
226,957,1116,JK000475,2200,736,960,117,64
226,859,1123,Shamela0008473,1443,101,457,165,51
226,745,1136,Shamela0010895,90,655,1124,219,53
226,934,1123,JK001226,278,21,171,107,63
226,0,1170,JK001226,325,311,1503,932,97
226,1170,1498,JK001226,326,0,331,262,98
226,957,1123,Shamela0010480,714,910,1128,129,72
226,745,1123,Tafsir09084,651,926,1372,221,56
226,934,1116,Shamela0003055,2939,155,345,119,69
226,957,1123,Shamela0003055,2983,819,974,99,67
226,813,1116,Shamela0003055,3323,431,573,102,42
226,813,1116,Shamela0007620,27,297,435,100,41
227,0,1180,JK001226,326,331,1514,942,99
227,1180,1505,JK001226,327,0,331,259,97
228,0,1240,JK001226,327,331,1551,967,94
228,1240,1561,JK001226,328,0,322,259,99
228,70,738,Shamela0037325,2157,677,1295,471,88
229,0,1209,JK001226,328,322,1528,966,99
229,1209,1534,JK001226,329,0,327,260,98
230,721,1564,JK000116,219,391,1030,454,62
230,0,1218,JK001226,329,327,1604,988,94
230,1218,1564,JK001226,330,0,349,271,98
230,649,964,Shamela0037325,2157,1272,1584,248,94
230,964,1564,Shamela0037325,2158,0,602,476,99
231,0,551,JK000116,219,1030,1592,403,80
231,901,1623,JK000116,220,43,709,443,69
231,0,1190,JK001226,330,349,1555,957,96
231,1190,1623,JK001226,331,0,441,354,96
231,0,1328,Shamela0037325,2158,602,1592,800,72
231,1328,1623,Shamela0037325,2159,0,294,242,98
232,946,1169,Sham19Y0017747,1047,424,635,152,83
232,968,1169,JK009313,5611,670,850,144,89
232,946,1169,Shamela0010906,1071,316,515,140,70
232,968,1169,Shamela0035100,3853,136,307,137,85
232,946,1169,Kraken220413030759,270,345,569,174,97
232,946,1169,JK005005,548,1228,1413,147,82
232,968,1169,JK001011,113,73,299,145,79
232,946,1169,JK000916,2243,724,947,177,100
232,915,1169,Shamela0023695,1185,342,601,181,86
232,988,1220,Zaydiyya0000142,1564,0,273,155,71
232,946,1169,Shia004509,46,385,622,174,92
232,946,1104,Sham19Y0095660,1564,394,578,114,72
232,946,1104,Sham19Y0095660,2088,3,187,114,72
232,946,1143,Rafed0000040Vols,991,1392,1577,137,86
232,946,1143,ShamAY0038409,121,1042,1236,153,97
232,946,1055,JK001226,221,1399,1507,84,99
232,1055,1169,JK001226,222,0,114,93,100
232,0,741,JK001226,331,441,1105,529,86
232,0,729,Shamela0037325,2159,294,940,526,88
232,946,1169,Shamela0005539,309,111,328,169,92
232,946,1173,Shia004046,48,836,1054,153,79
232,946,1169,Shamela0003118,932,1125,1348,177,100
232,946,1169,Shamela0003118,1382,996,1219,177,100
232,946,1169,Sham19Y0018315,188,895,1118,177,100
232,949,1169,ShamAY0033660,65,383,596,163,89
232,946,1169,Shamela0031372,84,986,1191,156,86
232,946,1169,Shamela0023644,746,514,755,170,87
233,635,1000,Shamela0012860,445,416,752,171,52
233,635,913,JK003609,1691,744,987,149,60
233,635,1000,Sham19Y0016664,201,807,1189,140,34
233,635,1000,Shamela0035100,8822,344,762,183,48
233,635,1000,JK007097,888,323,580,119,36
233,635,1042,Kraken220208041040,665,570,914,155,38
233,1157,1563,Kraken220208041040,671,128,358,157,48
233,635,1157,Shamela0006739,1231,874,1392,391,85
233,1130,1397,Shamela0006739,1232,487,766,204,90
234,706,1055,Shamela0012860,445,416,974,186,34
234,0,629,Shamela0012860,446,447,1153,246,33
234,695,1224,Shamela0001000,98,206,847,425,79
234,772,1190,Shamela0011790,1062,97,826,319,51
234,695,1175,JK003609,1691,725,1469,230,32
234,695,954,Sham19Y0127698,406,1262,1514,202,94
234,695,1072,Shia003764Vols,588,1292,1649,273,87
234,695,1072,AOCP20250214801,132,1213,1548,260,79
234,78,215,Shamela0035100,8825,3,140,108,100
234,977,1175,Shamela0001347,29,666,899,116,54
234,695,1072,ShamAY0037021,264,919,1372,258,61
234,679,1158,Shamela0004445,5845,696,1200,198,35
234,915,1072,AOCP2023090613,80,371,523,129,96
234,0,339,Shamela0006739,1233,781,1133,267,95
236,82,193,JK007641,56,857,1064,87,52
236,27,193,Shamela0011790,1180,364,514,110,80
236,82,193,Hindawi094050268,67,33,144,86,97
236,82,193,Shamela0006947,5738,505,616,87,98
236,82,193,Zaydiyya0000142,3917,704,815,87,98
236,82,193,JK009236,325,1252,1363,89,100
236,82,193,Sham19Y0145166,840,1099,1210,88,99
236,82,193,JK005014,143,906,1017,87,98
236,76,193,JK009241,904,504,620,91,97
236,76,224,Shamela0010798,644,1342,1512,101,75
236,16,193,Shamela0037345,58,285,477,124,78
237,202,943,JK000906,8557,772,1521,540,87
237,943,1469,JK000906,8558,0,555,409,92
238,0,943,JK000906,8558,555,1503,755,98
238,943,1528,JK000906,8559,0,588,458,97
239,542,1198,JK000116,251,729,1382,489,88
239,542,1215,Shamela0011334,110,376,1009,462,80
239,0,144,JK000906,8559,588,728,114,97
239,393,1031,JK006950,2182,880,1537,503,94
239,1031,1480,JK006950,2183,0,453,325,79
239,393,701,JK000381,7880,1224,1544,238,91
239,701,1480,JK000381,7881,0,790,592,87
239,542,1209,Shamela0002386,188,53,734,496,86
239,393,1446,JK001226,287,404,1520,840,93
239,389,707,Shamela0012293,4056,1188,1506,224,80
239,389,758,Shamela0012293,5964,284,658,260,80
240,97,1013,Shamela0023735,904,585,1488,713,97
240,1013,1495,Shamela0023735,905,0,484,380,97
241,1131,1332,Shamela0023833,755,1334,1517,143,89
241,1332,1462,Shamela0023833,756,0,130,102,97
241,1258,1415,JK000927,3023,754,915,112,88
241,1141,1462,Shamela0009918,971,390,796,151,41
241,1159,1466,Sham19Y0029560,146,781,1088,214,81
241,1060,1239,JK000159,375,1324,1482,127,87
241,1239,1566,JK000159,376,0,327,259,99
241,0,929,Shamela0023735,905,484,1405,738,97
241,1131,1462,Shamela0023735,2037,1172,1513,229,80
241,1178,1462,Masaha001946Vols,687,1203,1475,206,87
241,1131,1462,Shamela0023653,80,943,1259,245,92
241,1206,1436,Shamela0004445,1966,1287,1517,159,83
241,1131,1462,Masaha002028Vols,1498,177,491,245,93
241,1131,1462,Shamela0009770,133,1050,1376,247,92
241,1235,1462,JK001164,11,31,242,139,79
241,1131,1479,Shamela0026484,269,1109,1438,252,90
242,3,618,Shamela0001438,7044,373,1131,417,67
242,3,618,JK008001,4805,280,1106,413,61
242,3,618,Sham19Y0127677,4841,193,947,418,67
242,3,622,Shamela0001524,829,251,1026,423,66
242,168,423,JK009313,710,55,327,162,72
242,3,618,JK000940,138,327,1038,390,62
242,96,618,JK000657,126,0,668,368,68
242,222,618,JK000481,328,0,537,279,64
242,0,618,JK000050,36,236,969,438,73
242,0,622,JK000159,376,327,951,494,99
242,3,414,Shamela0036515,1549,1001,1449,232,58
242,3,618,JK000916,10223,359,1104,412,66
242,35,618,Shamela0021809,1475,0,632,287,46
242,3,493,ShamAY0034447,1996,898,1520,327,63
242,242,414,ShamAY0037387,92,887,1406,113,28
242,3,618,JK009390,6384,52,793,386,61
242,3,618,Shamela0004445,993,93,836,427,69
242,3,618,Masaha002028Vols,1516,306,1030,443,74
242,3,618,Shamela0003118,3199,237,984,417,67
242,3,618,AOCP20251104036,89,597,1387,407,62
242,3,601,JK000637,2819,771,1518,358,54
242,3,618,JK009207,10,556,1313,419,67
242,0,612,Shamela0023644,109,185,1317,382,39
242,3,585,JK007082,417,853,1476,332,59
243,1284,1634,Shamela0012320,376,237,590,288,98
243,1284,1634,Shamela0010739,151,399,750,271,88
244,0,714,Shamela0012320,376,590,1292,569,97
244,820,1524,JK006950,336,878,1552,531,88
244,820,1073,JK000381,6032,1265,1502,187,88
244,1073,1649,JK000381,6033,0,561,445,91
244,0,714,Shamela0010739,151,750,1447,547,91
245,1336,1554,ShamAY0034230,897,275,467,152,83
245,0,175,JK006950,337,124,289,119,85
245,199,686,JK006950,339,988,1494,368,85
245,686,1554,JK006950,340,0,880,689,97
245,1336,1554,JK007089,484,1032,1220,146,79
245,0,175,JK000381,6033,561,726,119,85
245,268,1554,JK000381,6036,0,1279,1009,96
245,395,803,JK001042,5,0,275,219,65
246,1185,1388,Kraken220413194022,3032,414,631,147,77
246,871,1388,JK000365,149,753,1269,221,44
246,1182,1392,JK000365,632,11,235,151,78
246,1156,1388,JK000365,1227,221,443,145,67
246,1156,1388,JK000081,826,1273,1492,140,64
246,1182,1407,Tafsir02102,1189,1252,1482,152,77
246,1185,1388,JK009158,241,372,618,119,54
246,1185,1388,JK009158,749,712,955,115,53
246,1185,1413,Shamela0008206,708,809,1055,133,59
246,995,1388,JK000362,989,602,945,199,60
246,1156,1388,Shamela0008476,122,1092,1387,167,68
246,1156,1335,Sham19Y0016953Vols,1050,1250,1447,130,78
246,1156,1388,JK000351,64,808,1037,166,85
246,1156,1388,Shamela0006947,16514,1277,1512,165,80
246,1137,1388,JK000375,6,882,1160,175,72
246,1185,1388,JK000375,66,140,359,150,79
246,1185,1388,Shamela0003722,1712,734,955,153,84
246,1178,1388,JK000065,147,558,825,128,52
246,1162,1465,JK001414,303,298,596,182,65
246,1185,1388,JK000098,43,206,431,151,82
246,0,680,JK006950,340,880,1591,551,93
246,680,1604,JK006950,341,0,936,737,96
246,1156,1388,JK000368,349,277,504,166,83
246,1217,1388,JK006886,203,0,166,124,86
246,1185,1388,JK000101,375,66,341,129,52
246,1156,1388,JK000381,477,1119,1354,165,80
246,1156,1388,JK000381,1786,883,1118,164,80
246,1156,1388,JK000381,2425,568,811,167,81
246,1156,1388,JK000381,2479,952,1181,166,85
246,1182,1388,JK000381,2559,650,850,148,85
246,1182,1407,JK000381,3728,71,302,152,77
246,1156,1388,JK000381,3784,547,819,178,81
246,1156,1388,JK000381,3811,869,1108,159,77
246,1209,1407,JK000381,3924,714,900,135,82
246,1156,1465,JK000381,4014,979,1283,190,66
246,1165,1420,JK000381,4175,0,253,170,76
246,1156,1388,JK000381,4504,1006,1234,166,85
246,1156,1388,JK000381,5342,294,521,168,85
246,0,254,JK000381,6036,1279,1559,206,89
246,254,1604,JK000381,6037,0,1367,1082,96
246,1156,1388,Shamela0011730,98,1137,1371,161,79
246,1156,1388,Shamela0011730,353,881,1175,169,69
246,1156,1465,Shamela0011730,392,826,1130,190,66
246,1156,1300,Shamela0011730,693,1369,1521,101,79
246,1174,1388,Shamela0004473,10972,575,823,152,72
246,1185,1388,JK001435,4,484,716,149,79
246,1185,1388,JK001435,96,279,526,146,73
246,1156,1403,Kraken220216061221,238,523,763,125,51
246,1185,1388,Shamela0004445,4490,582,838,147,68
246,1185,1388,Shamela0004445,4519,1242,1468,152,82
246,1233,1388,Shamela0008353,153,0,152,114,86
246,1185,1388,JK001333,109,690,927,149,77
246,1115,1388,ShamAY0033885,43,14,273,144,62
246,1156,1388,Shamela0037325,2722,1280,1575,167,68
246,1156,1403,JK000146,201,1296,1556,142,57
246,1156,1407,JK000146,404,49,323,173,73
246,1120,1388,Shamela0003055,3445,1028,1278,146,54
246,1156,1388,Sham19Y0016618,50,1116,1383,178,82
247,0,599,JK006950,341,936,1568,475,91
247,599,1535,JK006950,342,0,943,747,98
247,0,223,JK000381,6037,1367,1612,177,87
247,223,1535,JK000381,6038,0,1330,1043,97
247,672,1120,Kraken211201162527,333,589,1024,243,53
248,6,586,JK006950,342,948,1532,466,97
248,586,1582,JK006950,343,0,995,804,99
248,6,181,JK000381,6038,1335,1516,141,95
248,181,1582,JK000381,6039,0,1398,1129,99
248,163,279,Shamela0012293,6618,1505,1620,94,99
249,0,591,JK006950,343,995,1564,455,94
249,591,1542,JK006950,344,0,953,757,98
249,0,185,JK000381,6039,1398,1587,151,96
249,185,1542,JK000381,6040,0,1333,1061,97
249,138,720,Shamela0037325,634,970,1545,454,96
249,65,204,JK009138,791,1378,1516,110,92
249,204,438,JK009138,792,0,238,186,97
250,0,659,JK006950,344,953,1615,542,98
250,659,1648,JK006950,345,0,1032,773,90
250,0,198,JK000381,6040,1333,1534,157,95
250,198,1648,JK000381,6041,0,1493,1158,93
250,589,860,Kraken211201162527,333,1024,1310,211,91
250,1362,1648,Kraken211201162527,333,1310,1574,198,83
250,597,1032,JK007060,1574,445,844,267,73
251,0,538,JK006950,345,1032,1568,427,98
251,538,1555,JK006950,346,0,1021,818,99
251,0,147,JK000381,6041,1493,1638,117,98
251,147,1555,JK000381,6042,0,1412,1130,98
251,696,1140,Sham19Y0017437,1017,1029,1564,322,74
251,1140,1281,Sham19Y0017437,1018,0,140,110,97
251,713,908,Kraken211201162527,334,98,291,156,98
251,696,1104,JK007060,1574,1179,1509,171,51
252,538,691,Shia004456Vols,4352,1086,1364,104,46
252,0,494,JK006950,346,1021,1534,396,95
252,494,1517,JK006950,347,0,1057,811,94
252,0,122,JK000381,6042,1412,1539,96,94
252,122,1517,JK000381,6043,0,1443,1108,94
252,795,1187,Shamela0037325,98,573,979,314,95
252,0,103,Shamela0037325,604,1221,1330,81,94
252,0,103,JK001042,10,92,195,81,100
253,0,446,JK006950,347,1057,1501,341,92
253,446,1541,JK006950,348,0,1166,861,89
253,71,1532,JK000381,6044,0,1530,1135,89
254,0,396,JK006950,348,1166,1559,320,98
254,396,1581,JK006950,349,0,1188,951,98
254,0,1564,JK000381,6045,10,1573,1257,98
255,641,1494,Shamela0005978,34,1100,1460,278,41
255,0,355,JK006950,349,1188,1546,284,98
255,355,1539,JK006950,350,0,1201,952,98
255,0,1485,JK000381,6046,18,1522,1188,98
255,641,958,Sham19Y0007729,53,143,417,206,82
255,526,921,ShamAY0034385,78,835,1251,151,37
256,0,337,JK006950,350,1201,1537,268,98
256,337,1610,JK006950,351,0,1278,1028,97
256,0,1532,JK000381,6047,55,1591,1233,98
257,0,312,JK006950,351,1278,1608,244,88
257,312,1547,JK006950,352,0,1248,984,97
257,0,1456,JK000381,6048,76,1562,1153,95
257,1115,1324,JK001042,17,953,1232,140,61
258,0,269,JK006950,352,1248,1529,214,94
258,269,1544,JK006950,353,0,1236,991,96
258,0,1474,JK000381,6049,92,1538,1150,95
258,188,512,JK001042,19,0,317,222,78
259,0,339,JK006950,353,1236,1551,254,91
259,339,1539,JK006950,354,0,1202,963,99
259,0,1492,JK000381,6050,71,1540,1179,97
259,207,1089,JK001042,9,1047,1561,366,51
260,0,319,JK006950,354,1202,1518,251,98
260,319,1514,JK006950,355,0,1270,959,93
260,0,1377,JK000381,6051,48,1496,1097,94
260,1377,1514,JK000381,6052,0,138,113,99
261,0,258,JK006950,355,1270,1526,207,99
261,258,1551,JK006950,356,0,1299,1027,97
261,0,1406,JK000381,6052,138,1547,1117,97
261,1406,1551,JK000381,6053,0,146,119,99
261,95,796,Sham19Y0017437,1280,97,859,453,67
262,0,236,JK006950,356,1299,1536,182,93
262,240,1531,JK006950,357,3,1272,1002,95
262,0,1410,JK000381,6053,146,1533,1088,94
262,1410,1531,JK000381,6054,0,122,98,99
263,0,259,JK006950,357,1272,1533,209,98
263,259,1580,JK006950,358,0,1303,1051,97
263,0,1466,JK000381,6054,122,1571,1167,97
263,1466,1580,JK000381,6055,0,115,93,99
264,0,282,JK006950,358,1303,1579,224,97
264,282,1607,JK006950,359,0,1340,1073,98
264,0,1455,JK000381,6055,115,1565,1169,98
264,1455,1607,JK000381,6056,0,166,128,91
265,0,219,JK006950,359,1340,1561,168,95
265,223,768,JK006950,360,3,544,424,97
265,0,768,JK000381,6056,166,932,595,97
266,519,728,Shamela0010517,875,282,517,156,82
266,444,755,Shamela0006947,1985,160,604,215,58
266,444,728,Shamela0006947,8390,612,1028,203,58
266,278,402,Shamela0006947,9420,762,887,90,90
266,519,728,Shamela0006947,15784,1169,1402,158,84
266,444,728,Shamela0006947,16403,329,738,202,58
266,519,759,Shamela0006947,19961,6,286,172,77
266,444,747,JK000906,6043,511,833,207,75
266,238,424,JK000906,6044,671,876,143,86
266,440,773,Shamela0009943,477,691,994,227,84
266,444,728,JK007070,258,453,864,203,59
266,444,734,Shamela0037325,2368,1161,1578,207,59
266,545,712,Sham19Y0035453,185,675,1200,106,25
267,1457,1583,JK000098,470,966,1102,103,92
267,334,610,Shamela0009943,406,1311,1577,194,82
267,610,1583,Shamela0009943,407,0,1266,759,74
267,162,300,Shamela0012094,12,1095,1241,106,89
268,0,443,JK000098,470,1102,1553,337,92
268,443,725,JK000098,471,0,195,132,55
268,0,297,Shamela0009943,407,1266,1570,230,91
268,297,1312,Shamela0009943,408,0,1316,684,59
268,733,1508,Shamela0007664,264,457,1066,420,68
269,454,661,Shamela0009943,408,1326,1520,147,82
269,661,1647,Shamela0009943,409,0,976,649,71
269,0,191,Shamela0007664,264,1066,1278,148,85
270,0,560,Shamela0009943,409,976,1619,396,71
270,616,1607,Shamela0009943,410,121,1018,602,66
271,1172,1393,JK000116,166,1077,1322,107,50
271,1131,1393,Sham19Y0016953Vols,812,29,371,141,48
271,1131,1393,Shamela0008532,29,724,1056,148,50
271,1131,1398,Shamela0011073,18,553,942,118,33
271,1131,1393,Shamela0006947,8490,819,1155,141,48
271,1131,1393,Shamela0006947,15556,183,420,126,52
271,0,938,Shamela0009943,410,1018,1653,436,52
271,938,1659,Shamela0009943,411,0,1286,469,42
271,1131,1398,Shamela0009943,439,360,665,152,55
271,1131,1393,JK000381,141,882,1214,140,48
271,1120,1393,JK000381,241,808,1136,152,53
271,1120,1393,JK000367,336,768,1128,143,47
271,938,1220,Shamela0012027,186,1181,1414,152,62
271,1180,1393,Shamela0012027,187,0,252,148,72
271,1074,1596,Shamela0007597,357,660,1247,235,44
271,1176,1393,Shamela0004482,825,503,842,122,41
271,942,1393,Shamela0007663,73,352,874,206,38
271,1120,1393,JK000376,146,1143,1471,150,52
271,1120,1411,ShamAY0036141,29,432,909,137,34
271,1172,1386,JK001032,26,519,650,67,38
271,950,1393,Shamela0011079,97,192,804,193,38
271,1089,1393,Shamela0003055,475,264,659,132,38
271,1131,1393,Shamela0003055,2655,297,619,145,51
271,1120,1398,Shamela0003055,2937,373,772,127,35
272,0,365,Shamela0009943,411,1286,1569,221,72
272,487,814,Shamela0009943,438,407,651,145,49
272,510,666,JK000381,217,202,491,126,52
272,496,814,JK000381,240,62,351,184,68
272,487,814,Shamela0007597,357,18,341,219,76
272,510,666,JK000376,122,1240,1529,126,52
272,487,814,JK000376,145,333,770,233,61
273,411,745,Kraken220413194022,910,1181,1686,224,49
273,1446,1591,JK000081,55,815,961,118,98
273,1446,1591,Shamela0023606,46,456,602,118,98
273,411,745,Shamela0010517,2876,976,1474,229,52
273,411,745,Shamela0022647,1,572,1076,229,51
273,411,745,JK001414,888,614,1120,227,50
273,411,745,JK000098,524,733,1228,229,52
273,411,745,ShamAY0034389,2,733,1236,228,51
273,411,745,JK000381,2962,143,648,227,50
273,1405,1591,Shamela0004473,10721,129,299,126,82
273,411,745,Shamela0004473,10724,1033,1530,222,49
273,411,592,Shamela0004473,13999,826,1085,116,50
273,411,745,Shamela0007597,213,641,1121,242,57
273,1046,1394,ShamAY0034694,1109,144,428,169,53
273,411,705,Shamela0003055,539,1255,1698,197,49
274,113,995,JK000081,82,23,911,729,98
274,113,455,Shamela0023606,72,1471,1810,279,95
274,455,995,Shamela0023606,73,0,540,444,98
275,941,1723,Shamela0002215BK1,436,428,1138,575,89
276,1516,1662,JK000116,67,795,949,121,93
276,1516,1662,Tafsir02102,885,1035,1190,122,94
276,1516,1662,Tafsir02102,2435,719,874,122,94
276,1516,1662,Shamela0011354,52,1041,1196,122,94
276,1516,1662,JK000062,124,697,852,122,94
276,1516,1662,Shamela0012094,246,1230,1385,122,94
276,0,461,Shamela0002215BK1,436,1138,1607,372,97
276,461,946,Shamela0002215BK1,437,0,478,397,97
276,963,1157,Shamela0002215BK1,438,1423,1608,147,94
277,0,272,JK000116,67,949,1269,164,57
277,0,349,Tafsir02102,885,1190,1575,255,75
277,349,1045,Tafsir02102,886,0,660,519,91
277,0,672,Tafsir02102,2435,874,1562,492,82
277,815,1045,Tafsir02102,2436,15,226,168,90
277,884,1045,Shamela0010045,11,5,134,101,79
277,0,272,Shamela0011354,52,1196,1507,159,56
277,0,705,JK000062,124,852,1586,531,84
277,724,1045,JK000062,125,0,308,240,91
277,136,1045,Shamela0012094,247,0,824,647,86
277,71,1045,Shamela0010710,61,555,1238,336,40
277,290,815,Shamela0007597,186,803,1301,387,90
277,1060,1301,Shamela0007597,409,58,384,183,70
277,0,272,Shamela0002386,53,371,699,164,56
278,0,304,JK000062,183,1130,1432,206,81
279,484,848,Shia004520,16,1104,1554,257,67
279,528,954,Shamela0009943,401,947,1372,326,90
279,549,822,Shamela0012094,275,1396,1561,125,58
279,549,954,Shamela0007664,212,982,1221,151,43
279,484,873,Shia004509,151,657,1422,283,45
280,1239,1600,Shamela0007568,20,482,869,231,70
280,1302,1600,Shamela0007568,51,0,317,208,77
280,1277,1438,JK000116,188,27,188,131,100
280,1287,1539,Shamela0007520,9,901,1141,195,95
280,1277,1539,Shamela0030868,123,143,717,211,45
280,1277,1544,JK000351,79,1230,1554,215,81
280,1277,1477,JK000371,75,1411,1607,146,90
280,1287,1539,Shamela0011379,333,43,283,195,95
280,1401,1539,JK000381,79,1265,1397,107,95
280,1277,1580,JK000381,89,1106,1387,159,65
280,1277,1544,JK000381,4519,655,979,215,81
280,1277,1438,JK006876,1,772,932,130,99
280,1239,1539,Shamela0007663,58,83,404,231,85
280,1277,1580,Shamela0007663,71,970,1462,165,40
280,1277,1580,Shamela0008983,7,905,1199,160,64
280,1277,1539,Shamela0012769,75,294,622,208,78
281,639,873,Shamela0008381,4251,527,726,149,77
281,643,971,Shamela0008983,12,362,800,154,40
283,614,922,Kraken220413194022,848,798,1166,209,71
283,695,922,Sham19Y0016953Vols,18,885,1156,179,83
283,695,922,Sham19Y0016953Vols,29,268,515,181,91
283,695,922,Sham19Y0016953Vols,221,820,1067,181,91
283,695,922,Sham19Y0016953Vols,1418,820,1067,181,91
283,695,922,Sham19Y0016953Vols,1670,1269,1516,181,91
283,695,922,JK000371,406,1095,1331,172,87
283,695,922,Shamela0006947,8559,34,276,177,89
283,695,922,Shamela0006947,16449,833,1080,181,91
283,695,922,JK000375,49,376,623,181,91
283,695,922,ShamAY0034401,34,332,586,181,89
283,664,922,Shamela0022653,280,1103,1368,189,84
283,695,922,JK000378,200,1186,1433,181,91
283,614,922,JK006950,1770,543,890,209,75
283,695,922,ShamAY0034355,2,1264,1511,181,91
283,664,922,JK000379,37,949,1214,189,84
283,700,922,JK000381,469,0,242,177,91
283,695,922,JK000381,487,481,728,181,91
283,695,922,JK000381,540,197,454,181,88
283,695,922,JK000381,1450,667,915,181,91
283,695,922,JK000381,1790,889,1134,176,88
283,695,922,JK000381,2173,736,983,181,91
283,695,922,JK000381,2426,671,918,181,91
283,695,922,JK000381,2872,581,822,176,89
283,614,922,JK000381,3333,348,668,201,74
283,695,922,JK000381,3354,1239,1486,181,91
283,695,922,JK000381,3509,378,648,181,84
283,695,922,JK000381,3614,1141,1383,177,89
283,695,922,JK000381,3633,100,347,181,91
283,695,922,JK000381,3695,1373,1609,172,87
283,695,922,JK000381,5232,46,287,176,89
283,614,922,JK000381,7468,190,537,209,75
283,695,922,Shamela0011730,89,1085,1332,181,91
283,695,922,Shamela0011730,140,159,416,181,88
283,695,922,Shamela0011730,557,1052,1303,176,88
283,695,922,Shamela0011730,695,5,252,181,91
283,695,922,JK000330,369,396,643,181,91
283,695,922,JK000330,800,504,751,181,91
283,695,922,JK000079,37,232,473,176,89
283,695,922,Shamela0011258,130,569,817,181,91
283,706,922,JK000063,258,764,1000,168,89
284,1117,1285,Shamela0001438,1805,1352,1514,124,92
284,1052,1525,JK000350,174,375,874,271,57
284,1044,1352,JK000116,226,424,737,218,84
284,1117,1352,JK008001,4423,763,1008,172,85
284,1117,1352,JK008001,4428,609,854,171,85
284,999,1352,Shamela0000107,399,254,659,208,57
284,1061,1258,JK007044,6610,421,617,132,75
284,1038,1305,Sham19Y0016636,156,453,703,159,71
284,1117,1352,Sham19Y0127677,864,858,1103,172,85
284,781,1402,Sham19Y0016953Vols,379,535,1190,336,58
284,999,1352,Sham19Y0016953Vols,954,633,1054,186,47
284,1044,1299,Shamela0011334,103,498,747,174,84
284,1044,1402,Shamela0011354,77,1110,1459,245,80
284,1044,1539,Shamela0010517,2667,511,1041,365,82
284,1044,1237,Shamela0021537,341,1379,1587,142,84
284,985,1358,Shamela0021537,1213,248,655,238,65
284,1044,1402,Shamela0021537,1218,591,928,209,65
284,1044,1352,Shamela0021537,1425,726,1035,171,58
284,1160,1402,Shamela0021537,1753,182,429,157,76
284,1044,1358,Shamela0021537,2745,762,1056,172,60
284,1076,1358,Shamela0021537,3441,0,257,180,74
284,1160,1358,Shamela0021537,3442,11,230,146,80
284,1044,1402,Shamela0021537,3449,496,833,209,65
284,1049,1221,Shamela0011573,19,1391,1566,135,97
284,1231,1583,Shamela0011573,20,5,508,215,47
284,897,1402,ShamAY0035960,378,369,891,299,61
284,1061,1402,Sham19Y0017729,58,324,659,236,81
284,1061,1352,Sham19Y0148271,411,241,563,207,77
284,781,971,JK006950,2017,392,962,126,27
284,1044,1539,JK006950,2119,970,1493,332,71
284,1044,1285,JK006950,2193,1267,1523,178,86
284,1061,1352,Sham19Y0018144,307,401,748,205,71
284,985,1352,Sham19Y0020638,220,812,1218,252,74
284,1052,1471,Shamela0000248,21,1097,1566,283,69
284,781,1352,Shamela0008514,99,338,1119,332,50
284,1049,1352,JK000474,380,735,1095,163,48
284,1076,1258,JK000159,2090,440,628,122,77
284,1044,1402,JK009336,2375,167,568,241,74
284,1061,1352,Shamela0021809,483,163,464,175,62
284,1044,1218,JK009137,1032,1267,1452,119,73
284,838,1352,JK000381,1120,728,1261,234,43
284,781,971,JK000381,7715,438,1008,126,27
284,1044,1352,JK000381,7817,1225,1533,214,81
284,1364,1587,JK000381,7818,33,387,148,46
284,1044,1402,JK000381,7892,49,438,255,82
284,1099,1539,Shamela0004473,11129,0,658,323,59
284,1044,1402,Shamela0004473,15921,757,1149,234,70
284,1044,1237,JK000367,88,1339,1537,134,82
284,1052,1539,JK000367,271,504,1033,361,81
284,1044,1402,JK000367,332,0,341,234,77
284,1080,1352,JK009390,698,917,1192,176,76
284,1095,1352,JK009141,397,1185,1456,189,85
284,985,1555,Shamela0008381,178,314,1038,287,39
284,1358,1599,Shamela0008381,205,771,1012,175,85
284,1076,1392,Shamela0008381,1048,37,327,183,68
284,781,1583,Shamela0007597,241,204,1092,441,50
284,1044,1352,Shamela0004445,3018,35,358,213,79
284,1061,1204,Sham19Y0122406,779,756,905,105,87
284,1112,1397,Shamela0008657,102,0,263,124,40
284,1061,1352,Shamela0009076,363,1027,1352,164,53
284,1364,1583,Shamela0002386,165,853,1064,163,91
284,1044,1352,Shamela0002386,167,126,440,221,86
284,1061,1402,JK007065,225,593,994,231,71
284,1061,1402,Sham19Y0017903,148,160,497,238,82
284,985,1352,Sham19Y0011326,189,359,802,255,69
284,985,1352,Sham19Y0011326,191,243,840,263,53
284,769,1539,Sham19Y0011326,281,389,1059,407,56
284,1044,1402,Tafsir07055,878,503,977,249,65
284,1044,1262,Shamela0012001,26,1307,1527,160,89
284,1004,1352,JK006870,23,0,434,250,70
284,1044,1352,Shamela0007663,15,1030,1358,228,86
284,1044,1352,JK010001,825,740,1074,211,74
284,1044,1514,JK001226,172,734,1255,266,58
284,1061,1402,JK001226,298,820,1176,254,89
284,781,1539,Shamela0012769,12,566,1360,393,49
284,713,1221,Shamela0037325,2611,963,1571,387,78
284,1221,1608,Shamela0037325,2612,0,431,309,88
284,1044,1358,Shamela0037325,2952,431,781,233,82
284,1071,1258,Shamela0019542,39,1053,1223,114,78
284,1117,1352,Shamela0021659,505,216,461,172,85
284,781,1402,Shamela0001875,169,94,627,294,49
284,1044,1299,Shamela0012293,2080,1287,1539,180,87
284,1061,1352,PV2024060602,2314,991,1298,208,82
284,897,1402,JK000097,379,85,608,299,61
284,1117,1352,JK009274,382,740,985,172,85
284,971,1583,Shamela0003055,476,272,974,398,64
284,1049,1338,Shamela0003055,1146,1287,1581,217,90
284,1061,1352,Shamela0001727,282,865,1172,208,82
284,1044,1539,JK000087,162,288,776,335,75
284,1052,1352,Rafed0003489,306,862,1183,208,77
285,841,1027,Shamela0008555,69,725,908,110,72
285,832,1149,Shamela0008476,59,304,693,224,72
285,923,1149,Shamela0011334,98,127,413,152,67
285,832,1149,Shamela0011354,96,214,424,139,51
285,832,1089,Tafsir09085,643,1148,1481,161,58
285,816,1058,Shamela0004473,10693,925,1220,163,70
285,832,1149,Sham19Y0011326,182,975,1377,225,70
285,805,1149,JK006870,21,446,910,237,64
285,438,1058,Shamela0037325,2613,383,903,379,71
285,841,1149,Shamela0003055,252,960,1183,136,48
285,420,1058,Shamela0003055,2690,649,1201,299,55
285,849,1149,Shamela0003055,4342,962,1380,213,64
286,624,960,JK000298,1504,677,934,175,66
286,605,1170,Shamela0010045,12,209,598,235,44
286,1030,1160,Shamela0023578,2618,41,156,87,77
286,630,1523,JK000062,126,111,1011,664,86
286,630,1523,Shamela0012094,248,550,1499,685,88
286,1030,1160,Sham19Y0145435,4970,70,212,95,84
286,767,1170,Shamela0010710,63,0,228,178,53
286,1061,1358,Shamela0011379,241,1300,1616,216,82
286,1358,1523,Shamela0011379,242,0,165,133,97
286,1061,1523,Shamela0003055,557,370,889,360,84
286,1030,1160,Shia003721Vols,116,130,272,95,84
286,987,1326,JK000087,55,252,682,119,32
287,767,1176,Shamela0010045,12,1137,1529,279,83
287,0,587,JK000062,126,1011,1549,419,85
287,587,1531,JK000062,127,0,1117,643,66
287,15,1483,Shamela0012094,249,68,1543,1151,95
287,767,1438,Shamela0010710,63,795,1484,404,61
287,0,506,Shamela0011379,242,165,677,399,92
287,471,822,Shamela0007597,184,1063,1551,260,63
287,822,1116,Shamela0007597,185,0,300,208,83
287,0,525,Shamela0003055,557,889,1409,404,91
287,1125,1471,Shamela0096337,360,799,968,56,19
288,37,479,Shamela0010045,13,498,1095,126,18
288,446,1081,Shamela0029677,1434,351,990,443,80
288,0,380,JK000062,127,1117,1485,288,89
288,380,1518,JK000062,128,0,1095,841,90
288,0,1456,Shamela0012094,250,49,1505,1147,97
288,37,805,Shamela0010710,64,165,483,196,31
289,319,1000,Shamela0010045,13,992,1455,319,56
289,1305,1609,Shamela0029677,1434,956,1134,136,55
289,0,410,JK000062,128,1095,1504,311,90
289,410,1609,JK000062,129,0,1215,873,82
289,0,1549,Shamela0012094,251,63,1614,1227,95
289,23,1000,Shamela0010710,64,602,1140,365,45
289,392,1064,Shamela0096337,360,934,1623,535,93
289,1064,1305,Shamela0096337,361,0,245,189,95
290,0,377,JK000062,129,1215,1591,293,93
290,377,1524,JK000062,130,0,1144,851,88
290,0,1524,Shamela0012094,252,61,1521,1138,91
290,368,555,Shamela0011379,21,1352,1549,145,91
290,372,1075,Shamela0007597,193,0,682,511,87
290,368,555,Shamela0003055,2178,924,1125,147,90
290,1075,1300,Shamela0003055,2178,1125,1387,64,25
291,1052,1264,Shia002356Vols,352,961,1152,152,89
291,1046,1259,Shamela0007798,3879,395,588,156,90
291,1052,1259,JK010475,146,1030,1217,146,85
291,1028,1242,JK000373,244,290,483,152,86
291,1046,1259,JK000373,307,1310,1503,156,90
291,1052,1259,Meshkat00042488,482,1174,1361,151,90
291,1052,1264,JK000791,713,576,768,152,89
291,1052,1242,Sham19Y0016953Vols,781,361,531,138,89
291,1042,1264,JK001420,354,960,1162,160,89
291,1028,1242,Shamela0011334,127,116,308,153,87
291,775,1532,Shamela0010045,14,272,1023,566,88
291,1046,1264,Shamela0011354,16,1066,1274,156,84
291,1042,1259,Shamela0002908,9,496,687,154,88
291,1046,1259,JK009265,278,312,505,156,90
291,1046,1259,JK009265,293,246,439,156,90
291,1042,1259,Shamela0006947,14527,654,851,159,90
291,1046,1259,Sham19Y0009800,455,702,895,156,90
291,1046,1259,Shamela0021537,869,67,260,156,90
291,1046,1259,Shamela0021537,2271,701,894,156,90
291,1046,1242,Shamela0021537,2278,839,1015,143,89
291,1036,1242,JK000378,144,1304,1488,141,85
291,0,448,JK000062,130,1144,1580,357,95
291,448,1627,JK000062,131,0,1199,909,90
291,4,1611,Shamela0012094,253,0,1638,1294,95
291,1052,1259,QuranAnalysis001,62,1038,1225,151,90
291,1052,1259,Shamela0029743,292,87,274,151,90
291,1042,1259,Zaydiyya0000474,78,304,506,159,88
291,1046,1259,Shia001432Vols,1897,504,697,156,90
291,1046,1259,Shia001432Vols,23704,251,444,156,90
291,1052,1259,Sham19Y0023608,1244,1140,1327,151,90
291,790,1532,Shamela0010710,65,0,730,557,89
291,1052,1259,JK009257,244,387,572,150,89
291,1052,1259,Shamela0021821,585,92,279,151,90
291,1052,1264,Shamela0023628,1219,783,975,152,89
291,1052,1259,Rafed0003943Vols,392,201,388,151,90
291,1046,1259,JK000381,2694,479,672,156,90
291,1036,1242,JK000381,4116,935,1119,141,85
291,1046,1237,Shamela0095735,829,620,791,139,89
291,1052,1259,Shamela0004473,6704,0,187,151,90
291,1036,1259,Shamela0004473,17276,137,334,159,88
291,1052,1259,Shamela0010273,809,876,1063,151,90
291,1052,1259,Sham19Y0023618,597,726,913,151,90
291,1042,1259,Shamela0008381,57,783,985,159,88
291,1052,1259,Shamela0008381,116,255,442,151,90
291,1042,1259,Shamela0008381,284,939,1141,159,88
291,0,600,Shamela0007597,183,687,1490,461,68
291,634,1430,Shamela0007597,184,360,1058,446,63
291,1430,1627,Shamela0007597,186,349,557,142,80
291,1052,1259,Shamela0008363,276,1230,1417,151,90
291,1042,1254,ShamAY0035828,91,133,319,150,87
291,1042,1259,Shamela0002386,114,464,661,159,90
291,1052,1254,JK007018,210,1332,1513,147,89
291,1028,1259,JK000082,53,907,1112,160,85
291,1052,1259,Rafed0001713Vols,795,1268,1455,151,90
291,1052,1259,Shamela0008473,1854,591,778,151,90
291,1052,1259,Shamela0000922,481,1055,1242,151,90
291,1052,1242,JK009396,447,1409,1578,138,88
291,1052,1259,JK009268,1869,807,994,151,90
291,1052,1264,Shamela0037458,1189,966,1158,153,89
291,1028,1259,JK000146,389,1064,1274,166,88
291,1042,1259,Shamela0001426,19,953,1150,159,90
291,1052,1259,Sham19Y0020891,2009,349,536,151,90
291,1052,1259,JK000083,308,1215,1405,150,88
291,1052,1259,Shamela0003055,2809,1342,1529,151,90
291,1046,1242,Shamela0030518,16,315,492,143,89
291,1052,1259,Shamela0023591,3041,374,561,151,90
291,1042,1259,Shamela0000894,713,614,810,159,90
291,1052,1259,Shamela0023632,1241,493,680,151,90
291,1052,1259,JK000100,454,362,549,151,90
291,1046,1259,JK000087,524,1004,1197,156,90
292,906,1143,Shia002356Vols,508,34,269,188,99
292,496,680,Shia002356Vols,522,958,1140,148,98
292,906,1071,Shamela0000041,1202,262,426,130,99
292,900,1027,Shamela0007798,4898,561,687,100,99
292,496,680,Shia004015,294,1291,1475,150,100
292,496,680,Meshkat00042488,726,18,609,149,30
292,906,1186,Tafsir04056,3695,712,1210,167,42
292,952,1143,JK000791,1004,0,191,154,100
292,900,1027,JK001420,438,1253,1380,101,100
292,917,1143,Shamela0007567,13,418,639,177,97
292,906,1143,Rafed0003257Vols,2815,401,638,190,100
292,496,680,Rafed0003257Vols,2867,471,655,150,100
292,900,1027,Shamela0006947,15701,245,371,100,99
292,500,673,Shia001135,33,1456,1628,140,99
292,485,680,JK000903,17,668,863,159,100
292,496,680,Shamela0029677,1177,324,508,150,100
292,906,1143,Shamela0023578,1517,653,890,190,100
292,496,680,Shamela0023578,1543,1017,1201,150,100
292,895,1071,JK000122,19,35,211,140,100
292,906,1071,Sham19Y0147312,937,1309,1474,131,100
292,496,680,Sham19Y0147312,964,657,841,150,100
292,906,1095,JK006476,678,1038,1232,149,96
292,496,680,JK006476,699,177,364,148,97
292,900,1027,Shamela0022653,2,360,486,100,99
292,906,1143,QuranAnalysis001,93,110,347,190,100
292,496,680,QuranAnalysis001,96,391,575,150,100
292,496,680,JK009270,2216,135,319,150,100
292,906,1143,Shamela0029743,431,708,945,190,100
292,496,680,Shamela0029743,444,460,644,150,100
292,906,1071,Shia001432Vols,2485,548,713,131,100
292,496,680,Shia001432Vols,8847,205,389,150,100
292,496,680,Shia001432Vols,22621,1114,1298,150,100
292,906,1143,Sham19Y0023608,1830,7,244,190,100
292,496,680,Sham19Y0023608,1874,784,968,150,100
292,490,680,Sham19Y0014404,641,266,745,150,38
292,485,866,JK000101,410,322,604,190,61
292,900,1143,Shamela0021821,807,355,596,190,97
292,906,1143,Shamela0023628,1797,563,800,190,100
292,496,680,Shamela0023628,1844,995,1179,150,100
292,906,1143,Rafed0003943Vols,630,391,628,190,100
292,496,680,Rafed0003943Vols,650,1035,1219,150,100
292,906,1136,Shamela0010273,1153,1312,1541,184,99
292,496,680,Shamela0010273,1190,232,416,150,100
292,906,1033,ShamAY0036821,1151,1367,1490,96,96
292,496,680,ShamAY0036821,1164,386,568,148,98
292,496,680,ShamAY0036821,1169,460,642,148,98
292,900,1102,Sham19Y0014328,658,1111,1313,161,100
292,906,1071,Sham19Y0023618,821,862,1027,131,100
292,496,680,Sham19Y0023618,838,720,904,150,100
292,895,1143,Shamela0004445,611,251,499,199,100
292,934,1170,JK007018,301,0,245,175,89
292,496,680,JK007018,309,136,320,150,100
292,474,680,Tafsir07055,1354,850,1059,157,93
292,900,1143,Tafsir07055,1654,740,996,195,94
292,906,1143,Rafed0001713Vols,1092,896,1133,190,100
292,496,680,Rafed0001713Vols,1119,554,738,150,100
292,906,1143,Shamela0008473,2401,706,943,190,100
292,496,680,Shamela0008473,2434,689,873,150,100
292,983,1143,Shamela0000922,614,0,232,129,68
292,496,680,Shamela0000922,623,1077,1514,150,42
292,474,680,ShamIbadiyya0000231,165,14,236,164,90
292,474,680,JK010001,1294,475,684,157,93
292,900,1050,JK010001,1588,1350,1513,119,90
292,906,1170,JK009396,626,174,442,200,94
292,496,680,JK009396,640,1177,1361,150,100
292,906,1143,JK009268,2431,1213,1450,190,100
292,496,680,JK009268,2462,686,870,150,100
292,906,1071,Shamela0037458,1755,536,701,131,100
292,496,684,Shamela0037458,1805,720,908,153,100
292,906,1143,Shia002380Vols,340,1115,1376,188,88
292,906,1136,Masaha000554Vols,2235,113,344,182,97
292,496,673,Masaha000554Vols,2296,211,388,142,97
292,986,1143,Meshkat0014420,2283,0,157,127,100
292,496,680,Meshkat0014420,2336,1258,1442,150,100
292,490,680,Shamela0001419,550,649,839,155,100
292,900,1027,JK000894,2,442,569,101,100
292,496,680,Sham19Y0020891,2763,940,1124,150,100
292,974,1143,Sham19Y0147597,249,290,459,136,100
292,900,1143,Shia003721Vols,520,0,243,195,100
292,906,1143,JK009266,4866,720,957,190,100
292,496,680,JK009266,4953,1193,1377,150,100
292,906,1143,Shamela0023591,3820,227,464,190,100
292,895,1170,Shamela0023591,3824,1025,1314,201,87
292,496,680,Shamela0023591,3861,602,786,150,100
292,496,680,Shamela0023591,3884,858,1042,150,100
292,906,1143,Shamela0023632,1733,0,237,190,100
292,496,680,Shamela0023632,1772,558,742,150,100
293,1305,1603,Shamela0012094,275,909,1088,137,53
296,300,409,Shamela0009943,401,968,1130,79,62
296,752,1082,Shamela0012094,94,278,662,253,80
296,295,409,Shamela0012094,275,1391,1505,86,96
296,300,409,Shia004509,151,723,928,78,49
296,752,1082,JK000381,72,635,999,253,85
296,856,1082,Shamela0003055,2693,49,335,181,78
296,756,1082,Shamela0003055,2879,1114,1477,214,69
296,756,1055,Shamela0011380,189,1177,1515,194,67
297,605,707,Shia004520,17,213,429,80,47
297,594,707,Shamela0012094,276,155,286,89,86
297,12,537,Shamela0007664,219,594,1109,414,96
297,732,1585,Shamela0007664,221,0,865,516,65
298,21,403,Shia004520,17,532,794,110,30
298,0,403,Shamela0012094,276,469,641,114,34
298,1260,1436,Shamela0007664,256,1242,1418,142,100
298,1080,1265,Shamela0007664,257,904,1112,137,81
298,1014,1299,Shamela0011353,258,1377,1646,214,92
300,469,603,Kraken220413194022,930,945,1094,94,80
300,469,603,Shamela0022647,23,810,958,93,79
300,469,603,JK001414,909,583,723,92,83
300,138,320,Shamela0011353,257,363,545,148,100
300,469,603,JK000381,2981,1118,1267,95,80
302,1311,1551,Sham19Y0013783,1015,0,260,186,90
302,1320,1551,JK008001,4370,1112,1335,159,82
302,1320,1551,Kraken22041319410300,160,1224,1444,163,85
302,1288,1551,JK000888,1033,747,1018,195,89
302,1297,1551,ShamAY0034059,1325,1135,1367,167,81
302,1306,1551,ShamAY0034059,2945,1153,1342,133,67
302,1395,1551,ShamAY0034059,3803,0,157,120,96
302,1330,1551,ShamAY0034059,5095,0,208,142,77
302,1320,1551,ShamAY0034059,6431,965,1170,139,76
302,1297,1551,JK009315,40,82,324,176,82
302,1297,1551,Shamela0030868,214,1053,1290,174,83
302,1297,1551,Shia004456Vols,1082,257,502,179,83
302,1297,1551,ShamAY0034230,993,1031,1274,182,87
302,1297,1551,JK009313,67,1042,1252,155,75
302,1297,1551,JK009313,5660,232,471,179,85
302,1297,1551,Sham19Y0127698,122,1309,1556,181,85
302,1288,1551,Shamela0010517,2670,1162,1406,173,81
302,1297,1551,Rafed0003228Vols,14,1212,1453,177,84
302,1297,1551,Shia004520,9,194,418,164,76
302,1320,1551,Shamela0006947,20127,11,230,164,86
302,1288,1551,Masaha004105Vols,213,627,875,172,79
302,1364,1551,JK000383BK1,3,373,525,107,71
302,1297,1551,Shamela0021537,5884,802,1042,177,83
302,1297,1551,Shamela0026039,341,856,1097,174,79
302,1320,1551,JK006838,1297,1051,1277,163,83
302,1297,1551,Shamela0009943,416,853,1096,178,83
302,1297,1551,ShamAY0033606,96,114,352,178,85
302,1297,1551,Rafed0002654Vols,3105,404,673,172,75
302,1297,1551,JK000159,409,1036,1304,172,75
302,1297,1551,JK001011,77,656,888,168,81
302,1297,1551,JK000916,2506,825,1076,175,80
302,1297,1551,Shamela0023695,1199,814,1053,179,85
302,1429,1551,Sham19Y0014592,1023,0,123,97,99
302,1297,1551,ShamAY0034447,222,129,386,178,79
302,1297,1551,Zaydiyya0000142,1827,125,364,179,85
302,1297,1547,Zaydiyya0000142,2247,1291,1524,173,84
302,1297,1551,Zaydiyya0000142,2487,772,1011,177,84
302,1297,1551,Shia004509,141,258,514,178,81
302,1306,1551,JK000381,177,814,1013,144,72
302,1320,1551,Masaha001946Vols,17,1241,1450,155,82
302,1288,1551,JK009390,3519,1206,1459,151,61
302,1297,1551,Shia004092Vols,3484,373,642,172,75
302,1297,1551,Shamela0004445,113,72,309,174,81
302,1297,1551,Shamela0004445,967,837,1080,179,84
302,1301,1551,Shamela0023685,17,270,505,175,85
302,1301,1551,Shamela0023685,1403,13,257,176,81
302,1297,1551,Rafed0000040Vols,1074,324,571,174,80
302,1342,1551,Sham19Y0017816,163,1228,1432,142,80
302,1297,1551,ShamAY0038413,75,1117,1365,178,82
302,1320,1460,Shia001663Vols,19,1358,1469,83,72
302,1297,1551,JK001236,63,363,602,179,85
302,1297,1551,JK000467,1325,858,1097,179,85
302,1297,1551,Shamela0007663,81,694,922,165,81
302,1306,1551,JK000376,82,542,743,144,72
302,1346,1551,Sham19Y0023625,1681,0,228,150,80
302,1297,1551,ShamAY0038405,4,744,999,179,80
302,1297,1551,Shia003721Vols,20,940,1178,174,81
302,1324,1551,Shamela0026568,20,0,216,161,85
302,1297,1551,Shamela0026568,1303,621,869,179,82
302,1288,1453,Shia003754Vols,373,1395,1554,86,59
302,1297,1551,Shamela0000432,4509,229,477,182,85
302,1297,1551,Shamela0031372,94,369,688,189,73
303,674,939,Shamela0007798,343,1092,1399,166,66
303,1280,1462,Shamela0007798,344,1108,1293,141,94
303,0,131,Sham19Y0013783,1015,260,393,97,91
303,0,138,Kraken22041319410300,77,200,342,105,91
303,0,131,JK000888,1033,1018,1149,92,87
303,1032,1462,JK000791,45,1052,1403,193,53
303,0,131,JK009315,40,324,458,100,93
303,0,131,Shamela0030868,214,1290,1417,94,93
303,0,131,Shia004456Vols,1082,502,625,94,92
303,0,131,ShamAY0034230,993,1274,1425,96,80
303,0,170,JK009313,5660,471,675,112,68
303,0,138,Shia004520,9,418,558,105,92
303,0,131,Shamela0006947,20127,230,353,93,91
303,0,138,Masaha004105Vols,213,875,1020,103,87
303,0,131,JK000383BK1,3,525,645,89,87
303,0,131,Shamela0021537,5884,1042,1173,100,95
303,681,1135,Shamela0029677,1275,688,942,173,47
303,451,889,JK007004,248,801,1081,174,48
303,0,131,Shamela0026039,341,1097,1225,99,95
303,719,889,Sham19Y0122173,20,992,1175,119,79
303,1266,1462,Sham19Y0122173,20,1235,1439,138,83
303,0,131,JK006838,1297,1277,1412,99,92
303,0,138,Shamela0009943,416,1096,1201,73,64
303,0,131,JK009273,320,103,229,94,89
303,693,1140,JK006474,59,275,509,172,49
303,1280,1433,JK006474,60,17,171,114,92
303,1270,1462,Tafsir04039,113,708,913,140,83
303,1270,1462,Shamela0022593,65,988,1193,140,83
303,723,959,Shamela0022593,65,653,898,150,77
303,0,138,ShamAY0033606,96,352,481,98,90
303,482,689,Sham19Y0145435,4931,920,1499,150,30
303,0,131,JK001011,77,888,1008,90,87
303,482,922,JK000916,2503,509,958,198,42
303,0,131,JK000916,2506,1076,1210,100,93
303,0,138,Shamela0023695,1199,1053,1192,102,90
303,723,922,Shamela0012884,139,340,544,133,82
303,0,138,Sham19Y0014592,1023,123,256,102,94
303,0,138,ShamAY0034447,222,386,720,103,38
303,362,1316,Shamela0011353,234,611,1497,690,89
303,1327,1462,Shamela0011353,235,0,129,102,94
303,0,138,Zaydiyya0000142,1827,364,493,98,90
303,0,131,Zaydiyya0000142,2248,5,128,92,90
303,0,131,Zaydiyya0000142,2487,1011,1133,92,90
303,0,131,Shia004509,141,514,641,97,95
303,338,1135,Shamela0004445,112,165,1361,359,32
303,0,131,Shamela0004445,113,309,437,100,97
303,0,131,Shamela0004445,967,1080,1211,100,95
303,0,138,Shamela0023685,17,505,644,104,91
303,0,131,Shamela0023685,1403,257,392,97,90
303,151,689,Shamela0005756,9621,546,998,197,35
303,0,131,Rafed0000040Vols,1074,571,707,100,92
303,740,1135,ShamIbadiyya0000511,22,580,770,147,48
303,0,131,Sham19Y0017816,163,1432,1567,100,92
303,0,131,ShamAY0038413,75,1365,1492,97,95
303,10,131,Shia001663Vols,20,99,229,91,87
303,0,138,JK001236,63,602,757,102,81
303,0,131,JK000467,1325,1097,1220,93,91
303,376,1260,Shamela0008473,277,212,1451,635,63
303,889,1462,Shamela0008473,278,207,827,213,32
303,0,146,Shamela0007663,81,922,1069,108,90
303,362,1323,Shamela0007663,83,504,1506,719,86
303,1323,1462,Shamela0007663,84,0,139,110,98
303,0,170,Sham19Y0023625,1681,228,445,116,67
303,0,131,ShamAY0038405,4,999,1132,99,92
303,1280,1462,Masaha000554Vols,102,119,314,138,87
303,1294,1462,Tafsir04040,686,236,406,129,94
303,1280,1462,Tafsir09084,51,507,691,141,94
303,889,1135,Shia003721Vols,20,184,777,179,38
303,0,138,Shamela0026568,20,216,356,104,91
303,0,131,Shamela0026568,1303,869,1004,97,90
303,0,160,Shia003754Vols,374,99,258,104,78
303,0,138,Shamela0000432,4509,477,619,101,86
303,0,170,Shamela0031372,94,688,923,116,62
303,723,922,JK007082,539,518,706,133,81
304,822,1125,Shamela0023700,1594,1075,1364,206,81
304,822,1006,Shamela0001438,1029,1092,1272,119,77
304,822,1125,Shamela0002573,1375,495,782,210,83
304,356,568,Sham19Y0017747,1065,870,1085,137,75
304,329,674,JK000116,252,523,809,187,64
304,383,568,Shamela0023645,225,216,407,148,96
304,822,1125,Shamela0026390,14,550,860,202,76
304,822,1125,Tafsir02102,3325,878,1168,207,82
304,822,1130,Kraken22041319410300,161,993,1266,191,76
304,822,1125,JK000140,1195,132,412,198,79
304,334,568,Shamela0009918,1279,339,791,149,38
304,822,1139,Shamela0001524,2543,931,1290,222,76
304,383,568,Shamela0001524,3583,1023,1214,148,96
304,822,1130,Shamela0026566,62,207,556,188,67
304,822,1102,Shamela0008970,72,1120,1441,176,67
304,383,568,AOCP20251104145Vols,537,322,494,137,92
304,347,568,JK009313,5212,506,705,138,75
304,383,568,JK009313,5651,699,892,146,94
304,822,1139,JK009313,5660,976,1288,213,78
304,383,572,Shamela0026731,120,575,761,144,93
304,822,1139,ShamAY0033555,16,180,603,223,65
304,383,568,ShamAY0033627,26,89,268,143,96
304,822,1182,Shia004520,7,671,1017,224,73
304,383,568,Shia004520,9,790,983,128,75
304,870,1125,Shamela0010906,605,0,278,171,73
304,383,546,Masaha003955Vols,184,43,241,130,81
304,822,1125,ShamAY0032921,96,734,1037,206,75
304,850,1125,Shamela0006947,4808,0,249,171,75
304,822,1125,Shamela0006947,15209,80,358,195,75
304,388,568,Masaha004105Vols,213,424,604,133,86
304,383,568,ShamAY0038406,15,814,1000,148,98
304,383,604,JK000383BK1,17,157,397,146,71
304,822,1125,JK000383BK1,86,416,734,178,59
304,822,1125,Sham19Y0023644,2478,632,974,188,66
304,822,1130,Shamela0003722,4535,171,478,203,77
304,941,1338,Shamela0001391,236,6,454,192,44
304,822,1125,JK000906,2403,670,974,211,81
304,822,1125,JK000486,92,726,1041,193,70
304,383,568,Shamela0009943,399,356,535,137,89
304,822,1514,Shamela0009943,412,565,1100,261,38
304,870,1125,Shamela0009943,432,0,239,167,75
304,383,568,Shamela0031215,141,246,422,123,80
304,822,1130,JK000929,154,713,1024,194,71
304,822,1125,Zaydiyya0000067,37,328,639,194,71
304,822,1125,Shamela0035100,609,1050,1377,209,77
304,822,1125,JK009336,940,39,321,199,79
304,383,568,JK001011,79,335,503,134,90
304,822,1125,Shamela0023695,1200,225,513,210,83
304,383,568,Shamela0023695,1203,1063,1248,144,96
304,822,1125,JK007119,94,1075,1355,200,79
304,822,1139,Shamela0007664,246,1187,1470,216,84
304,1220,1514,Shamela0007664,248,414,712,218,85
304,334,525,Shamela0026764,12,1404,1599,126,78
304,1167,1514,Shamela0011353,227,1113,1445,224,76
304,825,1139,Shamela0011353,227,6,304,196,73
304,0,283,Shamela0011353,235,129,407,214,92
304,383,568,Zaydiyya0000142,1552,617,809,148,95
304,383,568,Shia004509,60,1129,1325,148,93
304,292,557,Shia004509,134,1259,1554,154,55
304,822,1125,Shia004509,144,889,1177,205,82
304,383,568,JK000381,159,354,520,134,89
304,822,1277,JK000381,226,733,1223,248,56
304,822,1033,Masaha001946Vols,1254,1220,1434,158,90
304,822,1125,Shamela0011730,11,331,609,195,75
304,822,1125,JK001249,167,1136,1445,223,87
304,383,752,Shamela0004473,5603,513,802,164,46
304,356,546,Sham19Y0132974,193,369,573,140,79
304,822,1134,Shamela0009810,556,1107,1410,187,69
304,383,568,JK000367,326,483,651,134,90
304,822,1018,ShamIbadiyya0000095,1370,1360,1515,121,77
304,822,1134,JK000141,275,5,309,189,69
304,822,1174,Shamela0012027,108,565,872,225,79
304,383,572,Shamela0012027,114,1249,1467,149,84
304,822,1125,Shamela0012027,171,882,1184,195,71
304,486,879,Shamela0012027,254,161,515,116,31
304,822,1130,Shamela0008381,29,451,732,202,79
304,822,983,Shamela0008381,245,1313,1470,118,89
304,822,1125,Shamela0008381,246,566,896,179,58
304,347,568,Shamela0007597,275,366,541,128,72
304,836,1125,Shamela0007597,354,778,1050,195,81
304,822,1125,Shamela0004445,2852,977,1338,176,56
304,822,1125,Shamela0004445,3057,126,530,187,57
304,329,546,Shamela0023685,1394,159,374,121,57
304,356,546,Shamela0023685,1400,536,716,140,86
304,339,568,JK001472,69,1148,1337,146,79
304,822,1261,JK007045,394,83,496,204,52
304,383,568,Rafed0000040Vols,1047,258,411,119,78
304,822,1182,Rafed0000040Vols,1053,1098,1478,215,63
304,383,568,Rafed0000040Vols,1069,607,779,122,74
304,383,568,ShamAY0038409,126,156,346,147,95
304,383,538,AOCP20251104106,405,1394,1545,120,95
304,329,546,ShamAY0038413,70,435,676,142,68
304,822,1125,ShamAY0038413,76,137,423,208,85
304,822,1125,Shia001663Vols,20,1000,1261,186,76
304,822,990,JK001236,43,719,890,123,87
304,822,1130,JK001236,244,535,826,193,74
304,822,1125,JK000467,372,359,661,191,71
304,822,1125,JK000467,605,18,330,201,74
304,822,1125,JK000475,2290,528,809,199,78
304,910,1178,Shamela0007663,74,7,289,170,71
304,1220,1514,Shamela0007663,74,946,1245,218,84
304,0,316,Shamela0007663,84,139,460,222,84
304,614,807,Shamela0007663,114,679,1270,136,28
304,383,568,Shamela0007663,114,5,195,147,95
304,383,568,JK000376,63,810,996,149,99
304,822,1125,JK000376,94,654,941,188,73
304,822,1277,JK000376,132,615,1096,244,56
304,383,745,JK001226,245,210,1070,260,37
304,822,1139,JK001303,752,1071,1427,219,75
304,383,568,Shamela0005539,313,761,952,148,96
304,822,1125,ShamAY0033626,83,725,1028,207,79
304,822,1134,PV2024060602,3993,244,548,189,69
304,383,568,Shamela0011079,102,1283,1431,113,74
304,865,1067,Shamela0003055,461,867,1258,91,26
304,822,1125,Shamela0003055,2688,474,758,205,82
304,822,1125,Shamela0003055,2878,393,666,199,78
304,822,1125,Shamela0003055,3234,778,1052,200,79
304,840,1071,Shamela0003055,3235,162,659,116,28
304,356,546,Shamela0026568,1300,1039,1221,141,88
304,383,568,Shamela0000432,4476,1040,1231,148,96
304,822,1125,JK010919,20,600,922,192,69
304,822,1111,JK010919,21,217,549,186,68
304,807,1125,Shamela0000894,305,209,517,190,67
304,822,1102,Shamela0031372,94,875,1509,209,40
304,383,568,Shamela0031372,98,493,685,148,95
304,822,1125,Shamela0011380,188,485,758,199,78
304,860,1125,ShamAY0034134,1150,0,279,186,80
305,114,1197,JK000298,1203,667,1140,321,36
305,783,1197,Sham19Y0122257,1543,493,1137,182,33
305,101,563,Sham19Y0014299,311,377,772,83,15
305,204,535,Shamela0009943,413,0,359,257,87
305,535,833,Shamela0009943,413,1274,1569,208,81
305,850,1505,Shamela0009943,414,0,830,504,74
305,0,480,Shamela0007664,248,712,1205,384,96
305,0,114,Shamela0011353,227,1445,1557,90,97
305,114,506,Shamela0011353,228,0,401,297,92
305,0,278,Shamela0007663,74,1245,1539,220,92
305,278,515,Shamela0007663,75,0,245,173,87
306,0,143,Shamela0009943,414,830,977,105,84
306,129,1252,Shamela0009943,415,310,1598,578,44
306,1252,1618,Shamela0009943,416,0,393,288,88
306,208,680,Shamela0007664,250,131,621,341,80
306,236,680,Shamela0007663,78,0,526,322,70
307,680,1011,Shamela0009943,417,763,1042,210,79
308,0,251,Shamela0007603,5,1164,1490,193,72
308,251,954,Shamela0007603,6,0,726,538,89
308,0,954,JK006891,81,47,1100,739,85
308,0,876,Shamela0006947,13885,663,1588,679,89
308,876,1564,Shamela0006947,13886,0,568,429,77
308,518,831,Shamela0010895,2,702,1288,104,19
308,0,353,JK006871,3,1104,1485,272,86
308,353,1564,JK006871,4,0,1245,845,77
308,8,373,Shamela0012293,1186,304,1140,283,41
308,379,547,Shamela0012293,1187,346,522,119,81
308,625,754,Shamela0012293,1188,771,900,105,100
308,758,1055,Shamela0012293,1189,1170,1471,218,86
308,817,1340,Shamela0012293,1190,371,987,303,59
308,0,538,Shamela0003055,39,824,1542,409,69
308,538,954,Shamela0003055,40,0,457,330,87
308,0,880,JK000348,80,604,1578,671,83
309,742,1208,Shamela0030868,120,320,656,217,53
309,816,1208,Shamela0030868,122,0,238,157,49
309,0,936,Shamela0006947,13886,568,1508,676,84
309,936,1526,Shamela0006947,13887,0,604,437,86
309,421,1522,Zaydiyya0000397,23,365,1553,511,44
309,0,247,JK006871,4,1245,1535,177,72
309,251,1526,JK006871,5,0,1316,911,82
309,0,247,Shamela0012293,1191,518,791,179,77
309,262,427,Shamela0012293,1192,0,174,125,85
309,431,606,Shamela0012293,1192,1261,1422,120,86
309,467,981,Shamela0012293,1193,590,1222,314,54
309,577,1214,Shamela0012293,1194,125,734,252,37
309,1221,1526,Shamela0012293,1195,335,661,217,76
310,62,208,Shamela0007798,3422,695,855,110,86
310,449,706,Shamela0030868,120,763,1035,181,77
310,62,208,JK001420,300,1228,1368,112,95
310,0,925,Shamela0006947,13887,604,1563,698,86
310,925,1504,Shamela0006947,13888,0,495,379,80
310,449,647,Zaydiyya0000397,24,1103,1316,139,76
310,62,191,JK006476,402,1008,1438,100,29
310,62,191,Shamela0004473,15907,859,988,103,100
310,57,191,Shamela0008363,74,1263,1397,107,100
310,1125,1504,Rafed0000040Vols,1099,831,982,101,32
310,1146,1433,Rafed0000040Vols,1133,379,612,139,54
310,62,208,JK000330,757,65,205,109,93
310,62,191,Shamela0010895,102,1022,1151,103,100
310,62,191,Meshkat0014420,1354,76,205,103,100
310,147,1185,JK006871,6,0,1460,782,65
310,1191,1504,JK006871,7,0,365,242,83
310,0,191,Shamela0012293,1195,661,886,151,83
310,453,741,Shamela0012293,1197,619,947,213,76
310,760,1235,Shamela0012293,1198,0,1027,355,42
310,1239,1504,Shamela0012293,1199,39,365,204,79
311,502,760,JK006891,57,1288,1525,114,54
311,0,993,Shamela0006947,13888,495,1460,729,90
311,1001,1487,Shamela0006947,13889,7,452,342,84
311,379,1100,ShamAY0038440,189,731,1442,460,72
311,502,764,Hindawi084739682,164,596,827,90,34
311,502,764,JK000394,1077,278,509,90,34
311,1059,1394,Masaha000554Vols,126,180,470,217,78
311,0,1048,JK006871,7,365,1438,757,85
311,1048,1487,JK006871,8,0,498,305,70
311,97,403,Shamela0012293,1199,1208,1499,234,93
311,379,1059,Shamela0012293,1200,544,1311,412,65
311,403,554,Shamela0012293,1200,0,154,119,94
311,825,1487,Shamela0012293,1201,411,973,326,53
311,502,764,Shamela0003055,48,866,1150,112,48
311,502,764,JK000348,57,508,749,115,54
312,0,1093,Shamela0006947,13889,458,1510,821,93
312,1093,1484,Shamela0006947,13890,0,459,299,79
312,379,675,Zaydiyya0000397,30,274,815,208,46
312,0,976,JK006871,8,504,1499,749,91
312,986,1484,JK006871,9,9,588,382,82
312,19,379,Shamela0012293,1202,1137,1495,271,93
312,23,787,Shamela0012293,1203,11,1108,473,50
312,546,1267,Shamela0012293,1204,0,723,437,69
312,1285,1484,Shamela0012293,1205,0,215,153,88
313,374,727,JK000116,144,262,984,190,30
313,195,366,Shamela0006947,20282,646,810,125,90
313,0,225,Zaydiyya0000397,31,532,963,153,42
313,57,1292,JK006871,10,277,1557,917,87
313,1292,1560,JK006871,11,0,268,204,91
313,0,471,Shamela0012293,1205,665,1300,345,66
313,116,716,Shamela0012293,1206,25,618,301,50
313,779,1100,Shamela0012293,1206,1241,1550,248,95
313,834,1365,Shamela0012293,1207,160,990,338,48
314,1246,1472,Shamela0007603,38,948,1191,136,62
314,111,606,Shamela0009943,405,1055,1359,178,43
314,0,260,Zaydiyya0000397,31,1343,1603,211,99
314,260,1014,Zaydiyya0000397,32,0,388,254,40
314,114,680,Shamela0007664,159,857,1531,276,41
314,0,1053,JK006871,11,268,1515,813,80
314,1053,1485,JK006871,12,0,473,331,87
314,0,309,Shamela0012293,1208,89,417,250,93
314,79,713,Shamela0012293,1208,613,1379,447,71
314,821,1485,Shamela0012293,1210,0,1170,502,53
314,1246,1459,Shamela0003055,2600,1104,1323,130,65
315,1215,1454,Shamela0007603,37,1334,1563,163,80
315,32,409,Zaydiyya0000397,33,709,1117,297,91
315,473,658,Zaydiyya0000397,34,550,750,139,83
315,1263,1462,Zaydiyya0000397,35,952,1141,123,78
315,970,1105,Zaydiyya0000397,35,0,141,106,91
315,783,1085,Shamela0007664,160,274,572,239,96
315,911,1113,Shamela0011353,259,1448,1679,142,69
315,0,998,JK006871,12,473,1520,749,87
315,998,1564,JK006871,13,0,545,424,91
315,32,515,JK006871,14,988,1146,114,29
315,21,473,Shamela0012293,1211,445,929,347,90
315,568,1113,Shamela0012293,1212,0,587,409,82
315,1100,1475,Shamela0012293,1212,1183,1540,273,89
315,911,1489,Shamela0012293,1213,5,518,228,39
315,32,515,Shamela0012293,1216,928,1085,113,29
315,48,876,Shamela0012293,1217,238,482,133,19
315,1230,1554,Shamela0003055,2600,0,301,217,80
316,64,442,Zaydiyya0000397,36,1114,1497,285,87
316,764,1012,Shamela0011353,216,1344,1601,184,82
316,0,905,JK006871,13,545,1567,668,78
316,905,1548,JK006871,14,0,643,477,86
316,0,450,Shamela0012293,1213,966,1464,341,80
316,454,1100,Shamela0012293,1214,484,1140,475,84
316,1105,1261,Shamela0012293,1215,28,190,113,80
316,1267,1548,Shamela0012293,1215,1198,1462,205,89
317,568,963,JK011796,14,390,987,104,18
317,568,963,Shamela0006947,14951,644,1220,102,18
317,289,499,Shamela0011353,62,606,1233,141,27
317,308,548,JK006871,12,392,1033,135,26
317,4,889,JK006871,14,638,1489,649,90
317,889,1468,JK006871,15,0,602,446,91
317,285,618,Shamela0012293,1216,817,1194,225,74
317,313,1190,Shamela0012293,1217,238,1159,644,84
317,1088,1468,Shamela0012293,1218,783,1315,263,58
317,910,1468,Shamela0012293,1219,225,605,158,32
318,621,1169,JK011796,11,442,986,247,44
318,621,1169,Shamela0006947,14948,831,1379,250,45
318,874,1470,Zaydiyya0000397,37,993,1545,440,90
318,874,1550,ShamAY0038440,188,256,912,415,65
318,1283,1545,Shamela0011353,247,691,913,170,80
318,1283,1550,Rafed0000040Vols,946,159,393,168,77
318,0,935,JK006871,15,602,1534,687,84
318,935,1550,JK006871,16,0,651,490,92
318,0,203,Shamela0012293,1218,1315,1506,149,85
318,0,967,Shamela0012293,1219,610,1553,575,65
318,967,1550,Shamela0012293,1220,0,820,464,69
318,644,1057,Shamela0011079,21,495,838,226,68
319,5,749,JK006871,16,651,1353,513,80
319,108,749,Shamela0012293,1222,0,618,447,80
319,401,603,Shamela0012293,1223,55,251,105,59
320,452,785,JK009301,537,534,859,259,96
320,1022,1648,Rafed0003630Vols,1255,7,733,448,70
322,1018,1557,Shia004520,39,287,780,389,86
322,1217,1557,Shamela0007664,182,774,1409,227,44
322,654,1564,Shamela0004473,3769,566,1352,627,84
322,1018,1190,Shamela0012027,408,623,795,142,100
322,1212,1494,Shamela0012027,409,162,424,201,84
323,1407,1539,Shia004520,1,395,525,101,94
323,54,446,Shia004520,39,892,1303,309,90
323,84,455,Shamela0004473,3770,0,368,300,99
323,1235,1563,Shamela0012027,1,548,905,269,91
324,0,721,Shamela0012027,1,905,1623,579,98
324,721,1202,Shamela0012027,2,0,480,381,97
326,304,874,Shamela0012027,449,746,1140,273,56
327,0,202,Shamela0000041,2784,358,563,153,94
327,0,202,JK009152,2221,958,1141,143,90
327,0,179,ShamAY0033733,13,1288,1468,137,96
327,598,741,JK000365,148,42,191,107,88
327,54,202,Shamela0010283,3203,0,148,115,100
327,0,202,Shamela0001515,72,1236,1437,156,97
327,0,202,Tafsir04056,7503,1002,1223,157,90
327,0,202,JK001117,6,1029,1230,149,92
327,0,202,JK000927,521,389,611,156,89
327,26,202,Sham19Y0013252,91,0,175,137,99
327,0,202,Sham19Y0013252,92,69,270,158,99
327,0,202,JK001325,7,117,320,158,99
327,0,202,Sham19Y0017063,1506,39,242,157,99
327,0,202,Shamela0030868,106,798,997,146,91
327,0,202,Sham19Y0122257,3307,61,272,158,93
327,0,202,Shamela0012935,50,1099,1295,154,97
327,605,746,Tafsir01005,22,954,1112,103,83
327,0,202,Rafed0003257Vols,5527,29,250,157,90
327,0,202,JK000110,2,914,1115,157,99
327,0,202,Sham19Y0127698,41,118,321,158,99
327,0,202,Sham19Y0014119,583,1054,1257,158,99
327,0,202,Shamela0006947,13262,336,547,153,91
327,0,202,Shamela0021766,4860,110,310,148,93
327,0,202,Sham19Y0127700,12,936,1142,153,92
327,0,202,JK000384,279,1241,1463,155,89
327,0,202,JK000621,9,752,958,149,90
327,0,202,ShamAY0001202,56,35,237,154,96
327,26,202,ShamAY0035250,3,0,176,135,97
327,0,202,Sham19Y0018106,12,649,869,158,90
327,0,202,Kraken230110004547,625,600,788,140,86
327,0,202,Sham19Y0013614,805,422,625,158,99
327,0,202,JK006886,43,48,221,134,84
327,438,1545,Shamela0012094,1,551,1657,904,98
327,0,202,JK007037,11,984,1200,148,84
327,0,202,Sham19Y0016976,1790,454,657,158,99
327,0,202,Sham19Y0127656,7,1192,1393,158,99
327,0,202,Hindawi030353837,479,892,1065,126,80
327,0,148,JK009336,3222,1321,1466,112,94
327,0,175,Shamela0025794,5018,1267,1439,125,88
327,0,202,Sham19Y0132963,57,347,567,157,90
327,0,202,Shamela0012884,5377,285,502,157,92
327,0,202,Shamela0036446,784,547,739,150,95
327,0,202,Shamela0023628,3694,248,455,158,97
327,0,202,ShamAY0034447,808,241,456,158,93
327,0,202,JK000381,4964,464,662,151,95
327,0,175,Masaha001946Vols,97,1325,1509,134,94
327,0,202,Shamela0012406,479,1155,1354,146,89
327,26,202,Shamela0004473,6310,0,171,127,88
327,0,202,Sham19Y0018176,26,516,718,158,100
327,54,191,Sham19Y0145212,3532,956,1093,106,100
327,0,202,Shamela0001466,4125,924,1131,154,92
327,0,202,Shamela0021715,117,965,1165,156,98
327,26,179,Shamela0021715,129,886,1283,69,23
327,0,202,Shamela0005756,101,24,226,158,100
327,0,202,JK007045,878,500,687,139,85
327,0,202,Shamela0012286,3762,1169,1350,140,88
327,30,202,Sham19Y0013605,49,434,598,124,92
327,0,202,Zaydiyya0000454,146,410,595,144,91
327,0,202,Shamela0096283,5,129,330,158,99
327,0,202,Masaha002028Vols,378,618,810,142,87
327,0,202,Hindawi059616186Vols,2244,911,1107,153,96
327,4,202,Sham19Y0018147,577,619,808,137,86
327,4,179,Hindawi093681649,26,1031,1238,128,78
327,0,202,ShamAY0038638,200,433,604,132,84
327,0,202,Sham19Y0017791,1985,1085,1288,158,99
327,44,191,Sham19Y0017791,1988,704,1031,113,44
327,0,202,JK001303,144,1259,1457,154,97
327,0,202,Shamela0036578,16,20,239,156,90
327,0,202,Sham19Y0016684,12,759,961,158,100
327,0,175,Shia001626Vols,408,1322,1479,122,89
327,0,202,PV2024060602,2,914,1115,157,99
327,0,202,Hindawi083863050,115,675,870,145,88
327,0,179,Hindawi017506357,20,1266,1461,138,88
327,0,202,Sham19Y0147597,284,424,587,126,79
327,605,741,Shamela0003055,3132,587,710,97,90
327,0,202,JK009324,3,670,877,153,94
327,0,202,Shamela0000894,4856,1021,1222,158,99
327,0,202,Shamela0023644,249,1158,1380,155,89
327,0,202,Shamela0010803,7,1212,1419,158,96
327,0,202,Zaydiyya0000220,75,390,573,142,89
328,418,597,Sham19Y0001729,2322,767,932,129,89
328,483,768,JK008001,4172,58,343,140,58
328,418,601,Sham19Y0013252,5800,538,706,129,89
328,418,601,Sham19Y0018103,2313,697,865,129,89
328,418,601,JK000110,904,340,508,129,89
328,460,597,JK000737,15,0,138,110,99
328,418,601,ShamAY0035250,52,1232,1400,129,89
328,418,601,Sham19Y0016584,2584,238,406,129,89
328,418,601,Sham19Y0018106,2445,488,656,129,89
328,0,1618,Shamela0012094,2,71,1668,1286,95
328,447,705,Shamela0025794,1955,1226,1361,85,38
328,418,783,Sham19Y0014592,1723,950,1396,192,50
328,418,601,Sham19Y0018176,1306,173,341,129,89
328,418,601,Sham19Y0095660,1476,61,244,146,100
328,418,597,Shamela0004445,721,1085,1236,115,80
328,418,601,Shamela0005756,9914,27,201,129,86
328,418,572,Sham19Y0013605,2879,799,938,105,87
328,450,751,JK000659,10,555,720,124,52
328,450,768,JK001303,671,529,705,124,49
328,418,601,Sham19Y0016684,1297,923,1091,129,89
328,450,755,JK000637,2463,561,720,117,48
328,418,601,ShamAY0034005,1524,1106,1271,127,84
328,418,601,PV2024060602,904,340,508,129,89
328,394,638,Shamela0003055,171,302,572,146,59
328,418,642,Shamela0003055,871,591,793,152,85
328,460,783,Shamela0000894,3438,1107,1445,175,58
329,0,1583,Shamela0012094,3,66,1655,1271,95
329,225,851,Shamela0003055,6,765,1302,295,51
330,354,600,Shamela0007568,18,955,1199,198,98
330,0,869,Shamela0012094,4,96,963,708,99
331,564,801,Shamela0011074,1,136,441,155,62
331,524,1574,JK000381,650,531,1583,805,93
331,595,848,Shamela0011730,424,1034,1239,134,66
331,595,966,AOCP20251104062,102,1276,1627,279,93
331,969,1574,AOCP20251104062,103,0,657,480,89
331,822,1291,Shamela0037325,2101,1132,1596,371,96
331,1291,1582,Shamela0037325,2102,0,292,233,99
331,595,1574,JK000363,101,590,1540,759,96
331,564,789,Shamela0003055,2847,1328,1564,147,76
331,564,801,Shamela0003055,2990,936,1225,155,65
331,564,801,Shamela0011380,159,1031,1310,157,69
332,111,234,AOCP20251104081,15,1239,1364,98,98
332,38,1530,JK000381,651,0,1482,1168,96
332,644,895,JK000381,780,1046,1566,122,27
332,0,988,AOCP20251104062,103,647,1667,758,90
332,988,1530,AOCP20251104062,104,0,550,402,88
332,0,1223,Shamela0037325,2102,292,1538,969,96
332,1223,1530,Shamela0037325,2103,0,311,245,98
332,31,1530,JK000363,102,0,1506,1158,93
333,53,1522,JK000381,652,0,1479,1171,98
333,974,1486,JK000381,670,910,1220,224,55
333,413,567,Shamela0004473,634,301,462,118,91
333,0,911,AOCP20251104062,104,550,1540,709,89
333,916,1522,AOCP20251104062,105,0,635,468,88
333,0,1189,Shamela0037325,2103,311,1509,943,97
333,1189,1522,Shamela0037325,2104,0,334,269,99
333,44,1522,JK000363,103,0,1475,1155,95
334,68,1538,JK000381,653,0,1420,1115,94
334,11,1075,JK000381,670,1213,1527,244,28
334,1075,1385,JK000381,671,0,290,231,92
334,0,945,AOCP20251104062,105,681,1650,758,95
334,945,1463,AOCP20251104062,106,0,890,407,57
334,0,974,Shamela0037325,2104,334,1219,718,90
334,68,1538,JK000363,104,0,1424,1111,93
335,3,118,JK000381,653,1425,1538,91,98
335,118,1559,JK000381,654,0,1468,1159,97
335,699,1559,JK000381,671,398,1280,689,94
335,0,865,AOCP20251104062,106,598,1559,670,87
335,865,1559,AOCP20251104062,107,0,761,559,88
335,0,106,JK000363,104,1424,1528,83,98
335,106,1559,JK000363,105,0,1515,1140,92
336,0,154,Kraken220413194022,2572,18,171,117,94
336,598,714,JK006891,1,368,476,79,86
336,260,1063,Sham19Y0016953Vols,425,1090,1210,57,8
336,0,148,Sham19Y0016953Vols,1514,913,1071,116,91
336,598,1063,ShamAY0035900,2,845,989,81,20
336,616,1063,JK001254,1,914,1038,61,16
336,22,154,JK001254,16,171,287,82,75
336,0,154,JK001414,2534,749,903,117,94
336,624,1063,Shamela0009943,346,682,1032,55,10
336,598,738,JK000113,1,319,476,106,83
336,749,1188,JK000113,17,65,748,282,47
336,0,154,JK006950,3707,977,1131,117,94
336,598,738,Hindawi073920283,53,1087,1224,106,95
336,598,1063,JK000381,634,371,515,81,20
336,850,1044,JK000381,640,1307,1517,152,89
336,1044,1188,JK000381,641,0,156,108,85
336,97,1539,JK000381,655,0,1426,1125,95
336,0,358,JK000381,671,1280,1602,256,88
336,1066,1476,JK000381,672,78,343,174,53
336,0,154,JK000381,678,1315,1467,116,93
336,0,159,JK000381,1707,98,254,114,88
336,0,154,JK000381,9407,394,548,117,94
336,602,738,Shamela0004473,15336,579,707,99,91
336,0,839,AOCP20251104062,107,761,1613,641,91
336,921,1539,AOCP20251104062,108,0,630,488,95
336,598,1063,JK000359,1,409,553,81,20
336,850,1134,JK000359,7,1201,1497,221,93
336,929,1188,Sham19Y0011326,55,202,452,186,86
336,610,1063,Sham19Y0011326,90,545,689,64,16
336,0,142,Shamela0007635,3,1432,1569,108,93
336,598,714,Shamela0037325,2421,1096,1204,79,86
336,749,1188,Shamela0037325,2514,633,1313,284,48
336,260,741,JK000363,43,659,1002,109,21
336,37,1539,JK000363,106,0,1524,1169,94
336,598,714,Shamela0003055,11,1470,1578,79,86
336,624,1063,Shamela0003055,598,0,110,47,12
336,616,1063,Shamela0003055,617,1040,1164,61,16
336,0,159,Shamela0003055,803,861,1027,111,79
336,260,770,Shamela0018381,14,1128,1539,160,30
336,0,154,Sham19Y0017581,173,176,330,117,94
336,598,714,JK000348,1,333,441,79,86
337,775,986,Shamela0026421,22,761,967,163,92
337,0,142,JK000381,655,1426,1534,85,76
337,142,1570,JK000381,656,0,1388,1098,93
337,110,494,JK000381,672,343,590,199,63
337,0,938,AOCP20251104062,108,630,1600,694,84
337,948,1541,AOCP20251104062,109,14,533,370,73
337,522,1017,Shamela0008353,68,661,1076,271,64
337,13,1541,JK000363,107,0,1397,1078,84
338,0,177,JK000381,656,1388,1565,142,98
338,177,1561,JK000381,657,0,1383,1110,98
338,9,513,JK000381,672,713,1013,226,56
338,9,1379,AOCP20251104062,109,542,1533,731,63
338,9,187,JK000363,107,1406,1547,108,73
338,187,1379,JK000363,108,0,785,619,64
339,0,174,JK000381,657,1383,1554,137,97
339,174,1541,JK000381,658,0,1377,1095,98
340,877,1182,Shamela0026421,29,461,777,238,94
340,1290,1506,Sham19Y0035312BK2,18,98,310,169,97
340,1009,1265,JK000098,425,586,863,193,87
340,1302,1506,JK000113,19,411,676,142,62
340,1275,1506,JK000381,642,399,622,166,83
340,0,174,JK000381,658,1377,1550,144,99
340,174,1506,JK000381,659,0,1307,1022,95
340,103,1506,JK000381,673,266,1148,674,59
340,199,1506,AOCP20251104062,110,0,1392,972,86
340,1275,1506,JK000359,9,189,425,181,93
340,103,890,JK000363,108,785,1522,583,91
340,890,1506,JK000363,109,0,665,477,89
340,1131,1265,Shamela0011212,5,0,155,101,82
340,376,834,Shamela0011212,6,621,1065,233,53
340,1013,1170,JK000028,159,1112,1409,116,49
340,1013,1265,Shamela0003055,737,340,616,190,87
340,679,834,Shamela0003055,739,0,147,107,87
341,0,195,Sham19Y0035312BK2,18,310,499,130,78
341,0,165,JK000381,659,1307,1469,129,98
341,165,1579,JK000381,660,0,1438,1137,97
341,0,302,JK000381,673,1148,1463,230,91
341,153,1577,AOCP20251104062,111,0,1342,973,77
341,0,195,JK000359,9,425,611,128,77
341,5,986,JK000363,109,648,1494,610,73
341,986,1577,JK000363,110,0,600,478,95
342,0,627,Tafsir02102,281,879,1512,474,90
342,627,791,Tafsir02102,282,0,158,126,96
342,0,152,JK000772,35,1286,1446,121,95
342,354,791,JK001254,6,35,609,323,68
342,354,805,JK000113,14,6,484,254,55
342,0,791,JK000381,641,451,1236,606,94
342,0,171,JK000381,660,1438,1588,120,87
342,171,1515,JK000381,661,0,1406,1071,93
342,51,567,JK000381,674,194,528,204,49
342,271,1528,AOCP20251104062,112,0,1405,910,77
342,0,791,JK000359,8,371,1130,586,91
342,0,935,JK000363,110,606,1538,704,91
342,901,1528,JK000363,111,0,627,491,94
342,354,572,Shamela0012293,69,1322,1468,117,66
342,354,692,Shamela0012293,144,286,622,246,88
342,667,791,Shamela0012293,603,927,1052,94,95
342,354,580,Shamela0012293,631,98,259,124,66
342,359,479,Shamela0012293,1680,785,905,95,100
342,427,580,Shamela0012293,1681,0,346,114,40
342,584,791,Shamela0012293,1682,1092,1293,160,96
342,354,791,Shamela0003055,622,423,1012,322,66
343,5,171,JK000381,661,1406,1571,133,98
343,190,1554,JK000381,662,0,1355,1084,97
343,118,868,Shamela0004473,10958,0,632,475,76
343,0,250,AOCP20251104062,112,1405,1643,188,91
343,250,1554,AOCP20251104062,113,0,1378,1018,90
343,0,904,JK000363,111,627,1530,699,94
343,904,1554,JK000363,112,0,664,531,97
344,0,232,JK000381,662,1355,1581,176,87
344,232,1665,JK000381,663,0,1496,1165,94
344,217,1657,AOCP20251104062,114,0,1444,1065,82
344,0,1018,JK000363,112,664,1664,733,80
344,1018,1665,JK000363,113,0,622,500,94
345,0,621,Zaydiyya0000102,40,362,869,377,73
345,0,290,Shamela0009943,113,990,1287,197,72
345,0,142,JK000381,663,1496,1636,113,95
345,142,1583,JK000381,664,0,1448,1165,99
345,217,1583,AOCP20251104062,115,0,1363,1032,89
345,0,290,Shamela0008353,67,96,396,198,72
345,54,295,Shamela0008353,343,171,402,161,77
345,0,342,JK000363,113,622,943,247,85
345,1163,1583,JK000363,113,938,1322,308,90
345,338,1163,JK000363,114,174,1003,656,96
345,83,295,Sham19Y0016618,251,0,188,142,82
346,0,121,JK000381,664,1448,1567,94,98
346,121,1541,JK000381,665,0,1423,1123,96
346,787,1120,JK000381,672,1026,1338,251,89
346,0,245,AOCP20251104062,115,1363,1597,162,78
346,245,1541,AOCP20251104062,116,0,1408,1012,87
346,0,255,JK000363,113,1322,1564,170,79
346,255,428,JK000363,114,0,174,136,99
346,428,968,JK000363,114,1003,1551,417,90
346,968,1541,JK000363,115,0,565,454,95
347,0,115,JK000381,665,1423,1538,92,98
347,115,1553,JK000381,666,0,1449,1159,98
347,75,348,JK000381,672,1338,1575,188,85
347,348,612,JK000381,673,0,261,208,95
347,0,199,AOCP20251104062,116,1408,1669,156,73
347,301,1553,AOCP20251104062,119,111,1421,999,93
347,0,979,JK000363,115,565,1549,775,97
347,979,1553,JK000363,116,0,574,458,97
348,112,1612,JK000381,667,0,1508,1202,97
348,0,237,AOCP20251104062,119,1421,1647,181,93
348,237,1612,AOCP20251104062,120,0,1482,1078,87
348,0,1058,JK000363,116,574,1608,833,95
348,1058,1612,JK000363,117,0,572,432,91
349,70,1567,JK000381,668,0,1571,1195,93
349,505,1468,JK000381,674,528,1511,701,82
349,0,201,AOCP20251104062,120,1482,1686,163,95
349,201,1567,AOCP20251104062,121,0,1559,1084,86
349,0,939,JK000363,117,572,1521,752,97
349,916,1567,JK000363,118,21,683,522,97
350,0,1533,JK000381,669,18,1560,1212,95
350,0,509,JK000381,675,106,617,403,95
350,67,1573,AOCP20251104062,122,0,1564,1166,89
350,0,998,JK000363,118,683,1485,624,75
350,887,1573,JK000363,119,0,684,527,92
350,794,1139,Shamela0018381,7,71,336,206,73
351,0,179,Zaydiyya0000102,59,1368,1526,127,87
351,179,543,Zaydiyya0000102,60,0,368,279,94
351,1373,1544,Shamela0006947,18869,547,720,111,77
351,1403,1541,JK000998,47,80,196,83,75
351,1403,1544,Shamela0009943,15,753,896,113,98
351,0,543,JK000381,670,41,584,434,98
351,56,543,AOCP20251104062,123,0,490,348,87
351,0,543,JK000363,119,684,1206,417,95
351,1373,1544,Sham19Y0026523,3490,489,662,111,77
352,0,173,Shamela0006947,8037,65,238,138,100
352,0,173,Shamela0006947,18869,955,1129,137,98
352,13,173,JK000998,47,257,422,127,96
352,0,173,Shamela0009943,15,896,1069,138,100
352,0,173,Hindawi061571979,71,340,514,119,84
352,0,173,Shamela0006674,98,284,462,137,96
352,0,173,Sham19Y0026523,3490,880,1057,126,88
353,1253,1506,JK003609,5411,951,1204,177,88
353,1253,1506,MMS00008,146,108,362,176,88
353,1253,1506,Shamela0009943,21,561,813,192,96
353,1253,1506,Shamela0000131,1061,207,459,175,88
353,1253,1506,Shamela0006739,2111,1215,1468,176,88
353,1253,1361,Kraken21052613,3,1126,1234,85,100
354,12,364,Kraken21052613,3,1072,1424,271,98
354,364,1398,Kraken21052613,4,0,1091,812,94
355,792,1442,Shamela0007568,42,713,1351,402,73
355,146,463,JK003609,5411,1053,1204,112,43
355,146,463,MMS00008,146,210,362,112,43
355,165,463,Shamela0009943,21,682,813,99,41
355,890,1442,Shamela0009943,23,293,839,371,80
355,146,463,Shamela0000131,1061,308,459,110,42
355,146,463,Shamela0006739,2111,1317,1468,111,43
355,0,316,Kraken21052613,4,1091,1431,248,92
355,319,804,Kraken21052613,5,9,493,378,98
356,0,145,Shamela0007568,42,1351,1498,96,83
356,150,721,Shamela0007568,43,0,578,426,91
356,0,629,Shamela0009943,23,839,1473,446,88
356,629,1459,Shamela0009943,24,0,779,586,88
357,79,603,JK000098,595,1069,1588,358,77
357,603,1651,JK000098,596,0,1027,810,91
357,79,1218,Shamela0009943,463,481,1627,827,82
357,1218,1651,Shamela0009943,464,0,390,300,81
357,178,1121,JK001226,1,731,1644,741,94
357,1121,1651,JK001226,2,0,550,430,96
357,178,1030,Shamela0037325,2156,912,1732,668,94
357,1030,1200,Shamela0037325,2157,0,170,140,100
358,0,549,JK000098,596,1027,1589,442,97
358,549,1566,JK000098,597,0,1032,819,97
358,0,1155,Shamela0009943,464,390,1558,920,95
358,1155,1566,Shamela0009943,465,0,415,326,97
358,0,987,JK001226,2,550,1548,798,98
358,987,1566,JK001226,3,0,589,468,98
359,0,499,JK000098,597,1032,1535,390,95
359,523,931,JK000098,598,6,440,318,85
359,0,931,Shamela0009943,465,415,1361,708,88
359,0,976,JK001226,3,589,1556,779,97
359,976,1567,JK001226,4,0,576,457,95
359,1194,1567,Shamela0037325,2157,177,535,289,95
360,849,1154,Shamela0011082,23,1097,1354,93,30
360,0,134,JK001226,4,576,710,112,100
360,205,1181,JK001226,273,487,1458,767,97
360,1189,1419,JK001226,274,0,224,184,96
360,0,165,Shamela0037325,2157,535,693,122,89
360,849,1148,Shamela0003055,3345,1331,1583,85,28
364,597,1085,JK000362,1,592,1083,387,97
364,296,723,Shamela0006947,9171,1172,1341,103,29
364,584,938,Shamela0007664,147,1220,1577,272,93
364,938,1085,Shamela0007664,148,0,147,115,95
365,1372,1561,JK000906,1996,696,889,144,85
366,175,368,Tafsir02102,915,0,259,150,69
366,0,621,JK000906,1996,889,1538,424,71
366,77,256,Shamela0001535,1978,1377,1622,140,68
367,929,1491,JK007084,957,0,569,451,98
367,132,1518,JK010475,20,27,1476,1064,90
367,929,1491,JK000170,1012,365,902,422,93
367,932,1491,Shia001374,17,283,864,439,93
367,932,1491,Shia001237Vols,1414,346,901,435,96
367,932,1491,JK000189BK1,749,223,742,405,89
367,932,1491,Sham19Y0023608,2970,149,668,400,87
367,932,1491,JK009336,1611,2,585,448,95
367,949,1503,Tafsir02096,1495,0,545,434,95
367,929,1491,Sham19Y0018272,264,509,1061,429,94
367,929,1511,Sham19Y0013572,1488,227,805,439,91
367,929,1491,Sham19Y0149697,83,284,839,441,97
367,932,1491,Sham19Y0014309,1838,596,1185,449,94
367,929,1491,JK000484,3267,544,1106,446,97
368,2,726,JK000069,111,980,1477,307,47
368,266,808,JK007107,180,273,948,336,58
368,441,1239,Shamela0002300,1975,0,921,271,28
368,33,1517,JK010475,21,0,1492,1177,97
368,225,1417,JK010475,22,336,1105,325,28
368,124,692,Rafed0002202Vols,31,1153,1501,160,30
368,234,726,Sham19Y0013252,10578,797,1329,372,84
368,238,680,JK000698,26,133,681,269,55
368,234,627,Sham19Y0018103,4244,1105,1540,294,81
368,225,680,Shamela0008970,135,872,1387,264,58
368,422,726,JK000110,1980,33,326,222,90
368,2,726,Shamela0010517,782,570,1010,256,40
368,765,1154,JK000476,140,456,857,302,91
368,283,680,JK000142,351,0,461,230,56
368,234,726,Sham19Y0016584,4860,465,1000,372,84
368,252,1003,Zaydiyya0000133,30,824,1518,363,50
368,218,715,Shamela0022653,185,788,1292,307,64
368,252,761,Sham19Y0018106,4291,0,554,366,81
368,124,726,Shamela0096232,10,894,1285,193,34
368,1292,1405,JK000474,2295,82,202,88,94
368,234,743,ShamAY0038086,53,250,822,374,80
368,378,680,Sham19Y0020591,561,1090,1467,166,51
368,266,726,JK009336,1611,66,575,306,67
368,765,1392,Shamela0008827,8,940,1313,219,37
368,319,726,Shamela0036446,247,0,460,270,66
368,218,715,JK000381,1652,134,638,307,64
368,471,726,Sham19Y0018176,2609,0,257,200,98
368,234,680,Shamela0009270,126,142,659,271,59
368,225,680,Sham19Y0131521,2079,914,1428,266,59
368,234,707,Shamela0021715,10992,1023,1535,356,83
368,480,726,Shamela0021715,10994,3,424,190,56
368,1161,1514,Shamela0005756,4564,985,1438,206,53
368,234,586,Shamela0005756,15324,1152,1528,247,74
368,586,731,Shamela0005756,15325,0,145,109,97
368,234,680,Shamela0012415,161,689,1209,277,61
368,283,846,Sham19Y0013605,5059,99,801,361,63
368,1061,1405,JK000675,337,72,602,208,49
368,771,1146,JK000736,39,129,472,256,82
368,455,701,Shamela0097928,132,1288,1512,166,82
368,225,743,Shamela0026884,594,129,579,280,59
368,225,1110,JK006803,916,804,1259,218,26
368,731,1146,Sham19Y0023625,1177,990,1287,172,44
368,508,1110,JK000637,685,649,1474,290,39
368,422,726,PV2024060602,1980,33,326,222,90
368,422,680,PV2024060602,4948,37,309,133,55
368,2,680,JK000484,1566,500,1025,275,43
368,758,1161,JK000883,840,840,1217,253,75
368,765,1154,ShamAY0034134,799,687,972,156,42
369,316,756,Sham19Y0001729,388,917,1353,334,91
369,770,1111,Sham19Y0001729,389,26,380,269,95
369,0,297,Sham19Y0001729,1417,116,415,233,97
369,397,783,Shamela0001438,282,160,485,225,68
369,820,1082,Shamela0001438,282,1259,1530,209,95
369,68,297,Shamela0001438,894,0,234,177,94
369,770,1105,Shamela0009107BK5,2,1107,1452,264,96
369,0,132,JK001012,186,663,795,99,97
369,13,1336,JK010475,22,0,1406,1043,92
369,1372,1485,JK010475,23,340,453,90,98
369,62,783,JK008001,2925,0,678,415,63
369,856,1320,JK008001,2926,0,437,267,68
369,773,1032,Shamela0029120,35,1211,1489,170,66
369,0,433,Sham19Y0146127,2356,394,914,264,57
369,41,297,JK007044,1608,256,571,177,70
369,107,447,JK000165,1074,277,582,108,31
369,770,1111,Sham19Y0127677,128,869,1248,235,71
369,36,297,Sham19Y0127677,399,1177,1442,202,94
369,783,1105,ShamAY0033943,88,567,962,214,62
369,982,1099,JK009313,3421,0,150,78,66
369,328,756,Shamela0021765,617,0,351,258,71
369,0,217,Shamela0010517,594,1255,1465,160,91
369,0,297,Shamela0010517,787,448,741,229,96
369,0,297,Shamela0021481,111,540,764,167,69
369,0,181,Shamela0010906,1366,1308,1474,128,88
369,846,1099,JK001416,7,950,1240,158,64
369,770,1055,ShamAY0033944,127,598,910,200,77
369,783,1105,ShamAY0033944,128,9,400,213,63
369,316,815,Shamela0012862,805,645,1149,334,76
369,846,1123,ShamAY0034122,341,35,645,187,37
369,0,297,Sham19Y0148271,489,269,559,226,93
369,0,297,Zaydiyya0000067,87,1065,1375,230,93
369,36,231,JK000474,874,0,189,141,89
369,961,1099,JK000474,2304,0,156,86,67
369,770,1099,JK000474,2378,849,1205,209,72
369,392,730,Rafed0003462,177,1024,1405,229,72
369,783,1123,Shamela0008827,8,946,1331,214,63
369,0,297,Shamela0025794,4566,295,583,222,92
369,0,231,JK000916,5764,1207,1437,177,94
369,0,915,ShamAY0034282,1824,824,1429,236,24
369,0,270,Shamela0021809,2925,1161,1425,201,91
369,796,1091,JK001171,97,1057,1411,201,71
369,0,297,Masaha001946Vols,1246,1095,1395,226,93
369,770,1111,JK009390,217,167,516,246,84
369,86,354,JK009390,405,0,252,178,81
369,846,1091,JK009390,3201,326,577,170,82
369,796,1105,Sham19Y0132403,103,151,515,194,63
369,485,730,Rafed0003630Vols,1633,0,257,160,75
369,801,1105,Shamela0009270,126,1016,1373,206,71
369,846,1105,JK000746,132,158,424,176,77
369,770,1111,Shamela0000956,762,475,807,250,91
369,119,289,Shamela0021715,9527,15,207,136,87
369,17,429,Shamela0005756,4565,0,599,248,50
369,801,999,JK000675,336,1253,1466,139,79
369,499,1099,JK000675,338,897,1462,277,42
369,316,756,JK000675,338,119,546,323,88
369,0,294,JK000675,339,252,555,207,83
369,13,231,JK009408,726,654,862,160,92
369,558,756,JK001236,236,1301,1494,152,96
369,0,392,JK001236,237,72,517,266,72
369,770,1105,JK000786,3057,878,1185,211,75
369,441,1105,JK000786,3058,0,590,342,57
369,0,297,JK000467,372,921,1220,234,98
369,0,297,JK000467,849,25,325,227,94
369,864,1105,Shamela0009107BK2,11,0,244,189,97
369,36,323,Shamela0021659,363,357,641,207,88
369,316,756,JK006801,126,84,456,281,76
369,0,846,JK000707,154,372,1446,619,70
369,846,1111,JK000707,155,0,268,209,98
369,0,392,Shamela0003118,1994,335,701,255,75
369,974,1111,Sham19Y0023625,1176,1048,1189,105,94
369,0,297,Sham19Y0023625,1178,569,798,167,70
369,0,209,Shamela0001875,367,1244,1457,162,95
369,0,231,JK000637,684,603,833,173,92
369,801,1099,JK000637,684,1020,1358,202,73
369,773,1198,JK000637,685,404,893,221,50
369,801,1111,Shamela0008223,131,6,322,245,97
369,36,323,JK009274,186,419,702,206,88
369,0,297,JK000484,4423,982,1279,224,94
369,0,254,Shamela0009567,201,1163,1413,190,91
369,783,1105,JK000883,208,243,580,200,69
369,0,231,ShamAY0034134,801,34,247,158,85
369,0,297,JK000132,438,519,821,234,97
370,0,463,JK010475,23,453,919,362,96
370,519,887,JK010475,26,246,643,293,92
370,34,359,JK000166,8717,918,1261,257,90
370,597,887,Sham19Y0023625,1188,899,1250,158,45
370,30,387,Sham19Y0014309,1839,887,1214,222,68
371,948,1165,Shia002356Vols,146,420,638,174,99
371,942,1207,Shamela0010283,2670,161,844,207,37
371,900,1235,Shamela0010283,3751,1001,1430,235,63
371,948,1158,Zaydiyya0000062,200,640,851,168,98
371,1010,1220,Shamela0023833,378,0,280,172,74
371,1088,1338,Shamela0000107,797,0,276,201,89
371,951,1220,Sham19Y0016953Vols,540,416,662,192,88
371,948,1196,Rafed0003257Vols,1007,1378,1625,201,99
371,948,1241,Shamela0006947,11821,602,895,237,99
371,948,1165,Shamela0006947,20965,633,850,174,99
371,948,1338,JK001496,303,331,721,312,99
371,948,1165,JK009362,1548,42,259,175,100
371,948,1340,Shamela0023578,563,292,682,313,99
371,948,1338,Sham19Y0005414,225,1004,1392,310,98
371,948,1340,JK006478,2221,147,540,310,98
371,942,1271,Shamela0010463,111,1178,1506,263,98
371,948,1188,JK006476,199,948,1194,193,97
371,948,1338,JK000378,4,128,733,275,52
371,942,1165,JK000917,234,163,386,175,97
371,951,1249,JK006950,3819,819,1039,179,73
371,948,1338,Sham19Y0145435,5110,1049,1438,312,99
371,948,1340,QuranAnalysis001,23,777,1167,313,99
371,948,1340,JK009270,734,542,930,310,98
371,951,1220,Shamela0010284,712,748,994,192,88
371,948,1340,Shamela0029743,112,423,813,313,99
371,948,1338,Shia001432Vols,4462,69,459,312,99
371,948,1338,Sham19Y0023608,475,862,1252,313,100
371,948,1338,Shamela0022371,114,222,505,185,59
371,948,1360,Shamela0021821,262,676,1088,318,96
371,948,1340,Rafed0003943Vols,133,381,771,313,99
371,951,1249,JK000381,9519,541,761,179,73
371,900,1165,Shamela0004473,5666,715,944,185,86
371,900,1396,JK000961,29,789,1244,338,84
371,948,1355,Shamela0010273,322,1072,1485,313,94
371,1025,1340,ShamAY0036821,469,0,310,250,98
371,1032,1220,Sham19Y0023618,271,1375,1562,155,99
371,948,1220,Rafed0003726Vols,234,892,1038,89,41
371,948,1338,Shamela0004445,585,593,983,312,99
371,1093,1338,JK000330,182,0,460,162,40
371,948,1220,Tafsir02104,70,352,864,199,48
371,948,1165,JK007018,94,1220,1440,175,98
371,956,1214,Masaha002028Vols,864,512,905,205,64
371,1093,1338,Tafsir07055,1468,0,243,196,98
371,948,1340,Rafed0001713Vols,348,156,546,313,99
371,948,1165,Shamela0008473,907,866,1083,174,99
371,948,1338,JK010001,1405,1168,1557,311,99
371,948,1136,JK009396,232,1369,1556,150,98
371,948,1340,JK009268,1036,427,817,312,99
371,948,1165,Shamela0037458,530,981,1198,174,99
371,951,1220,JK000235,474,397,643,192,88
371,948,1165,Masaha000554Vols,598,1205,1430,175,96
371,942,1165,Meshkat0014420,675,102,325,176,98
371,968,1207,Rafed0003150Vols,326,421,660,194,100
371,948,1338,Sham19Y0020891,1038,727,1117,313,100
371,983,1207,ShamAY0033632,95,1001,1257,161,76
371,948,1338,Shia003721Vols,494,912,1301,311,99
371,948,1338,JK009266,1925,1124,1512,310,98
371,948,1196,Shamela0023591,1629,1316,1563,201,99
371,1032,1365,Shamela0023632,526,783,1118,260,96
372,1282,1544,Shamela0006886,102,944,1492,187,39
372,962,1231,Shamela0006886,107,166,446,194,84
372,1282,1544,JK000166,8969,1029,1270,187,85
372,962,1231,JK000166,8971,409,691,203,88
372,1282,1544,Shamela0023685,896,624,869,168,76
372,962,1200,Shamela0023685,897,411,664,179,86
372,1368,1544,Sham19Y0018272,554,0,183,142,95
372,1282,1544,Shamela0026568,835,1004,1249,168,76
372,962,1200,Shamela0026568,836,818,1064,177,87
373,30,543,Shamela0006886,103,147,1498,383,34
373,0,241,JK000166,8969,1270,1516,193,96
373,241,598,JK000166,8970,0,359,282,98
373,382,598,Shamela0004473,13367,0,212,166,94
373,360,598,Shamela0021715,9697,1104,1345,175,86
373,0,598,Shamela0023685,896,869,1357,362,75
373,37,323,Shamela0005756,14242,1059,1284,150,64
373,0,598,Sham19Y0018272,554,183,851,455,83
373,0,377,Shamela0026568,835,1249,1514,185,61
373,382,598,Shamela0026568,836,6,221,165,93
373,237,530,Sham19Y0017745,168,782,984,136,58
375,792,1610,JK001260,1,0,825,651,96
375,1043,1438,Sham19Y0017372,438,1130,1612,275,69
375,1438,1610,Sham19Y0017372,439,0,174,134,94
375,1138,1610,ShamAY0035828,15,839,1311,371,93
375,1138,1547,JK000364,27,919,1338,327,95
376,6,178,Rafed0002341Vols,1906,1347,1521,124,89
376,183,338,Rafed0002341Vols,1907,0,139,103,82
376,854,1526,Shamela0006947,8028,129,790,505,90
376,0,755,JK001260,1,825,1580,602,98
376,755,1526,JK001260,2,0,774,617,98
376,0,1342,Sham19Y0017372,439,174,1536,1050,95
376,1342,1526,Sham19Y0017372,440,0,182,144,96
376,0,252,ShamAY0035828,15,1311,1570,190,90
376,252,1526,ShamAY0035828,16,0,1302,996,94
376,6,295,JK000364,27,1338,1627,212,88
376,295,1526,JK000364,28,0,1035,810,80
377,0,210,Rafed0002341Vols,1907,178,369,142,83
377,0,750,Shamela0006947,8028,790,1562,562,86
377,750,1322,Shamela0006947,8029,0,561,448,95
377,807,1001,Shamela0021524,4,515,692,140,87
377,819,1006,Shamela0021524,75,161,332,135,86
377,0,779,JK001260,2,774,1550,623,97
377,779,1480,JK001260,3,0,709,559,96
377,815,1001,Hindawi061571979,72,1221,1401,147,95
377,819,1001,ShamAY0035792,600,1198,1380,150,100
377,0,1318,Sham19Y0017372,440,182,1498,1045,97
377,0,252,ShamAY0035828,16,1302,1552,189,91
377,252,1466,ShamAY0035828,17,0,1250,954,92
377,0,558,JK000364,28,1035,1583,424,92
377,558,1433,JK000364,29,0,797,602,81
378,718,993,Shamela0006947,8027,1151,1535,211,66
378,511,629,JK001260,1,18,135,85,80
380,444,760,Shamela0006947,8027,357,1023,153,26
384,547,791,Shia002356Vols,723,360,602,190,99
384,1122,1250,Shia002356Vols,784,0,128,101,100
384,810,1069,Shia002356Vols,885,561,786,157,76
384,547,771,Shamela0000041,1619,452,1121,175,33
384,1000,1224,Shamela0000041,1736,1330,1553,177,99
384,810,1069,Shamela0000041,1931,287,513,158,77
384,547,791,Kraken220413194022,3139,1139,1356,128,66
384,978,1210,Shamela0007798,6697,500,987,164,42
384,1000,1246,Zaydiyya0000062,1248,104,351,193,97
384,810,1069,Zaydiyya0000062,1462,798,1026,156,72
384,547,791,JK000373,185,819,1063,192,100
384,1000,1250,Meshkat00042488,1145,293,608,195,78
384,810,987,Meshkat00042488,1283,739,916,142,100
384,1000,1250,Tafsir02102,2964,881,1302,196,58
384,810,966,Tafsir02102,3178,930,1383,125,34
384,1080,1210,Tafsir07057,1980,159,289,104,100
384,810,942,JK000458,2623,782,1271,102,26
384,804,966,Tafsir04056,5838,713,1570,125,18
384,804,1069,Tafsir02091,1584,505,1063,161,36
384,547,791,JK000791,1503,22,266,192,100
384,1000,1250,JK000791,1616,293,543,197,100
384,810,987,JK000791,1767,1311,1488,142,100
384,658,815,JK001420,567,941,1142,111,71
384,804,1069,Tafsir01005,4439,410,978,162,34
384,547,791,Rafed0003257Vols,3566,191,435,192,100
384,1064,1250,Rafed0003257Vols,3765,0,186,147,100
384,810,1069,Rafed0003257Vols,4093,921,1146,158,76
384,804,1069,Tafsir06048,850,655,991,158,54
384,547,791,JK000375,174,1240,1484,192,100
384,27,707,JK000805,3,797,1548,524,84
384,707,1523,JK000805,4,0,859,638,92
384,1080,1250,JK000805,11,227,397,134,100
384,606,791,JK001496,1349,278,465,147,98
384,1000,1250,JK001496,1459,0,253,196,96
384,551,646,Shamela0021537,380,1501,1595,74,98
384,646,791,Shamela0021537,381,0,145,115,100
384,678,791,JK009362,5135,1410,1523,91,100
384,1000,1250,JK009362,5498,6,265,197,95
384,810,992,JK009362,6059,1082,1278,146,92
384,547,678,Shamela0023578,2014,212,343,101,100
384,610,791,Shamela0023578,2018,1027,1407,144,47
384,1000,1250,Shamela0023578,2131,1145,1395,197,100
384,1026,1224,Shamela0023578,2134,1260,1533,156,71
384,810,1069,Shamela0023578,2363,442,668,158,77
384,1111,1250,JK000906,3247,427,566,108,99
384,678,810,Shia001171,16,581,733,100,82
384,1000,1192,Sham19Y0147312,1417,1375,1565,152,98
384,810,1069,Sham19Y0147312,1544,254,479,159,77
384,547,791,JK006478,6215,1100,1344,192,98
384,1000,1250,JK006478,6566,1173,1426,196,96
384,810,987,JK006478,7081,87,268,141,95
384,804,1069,Shamela0022593,1917,424,1099,159,30
384,810,966,Tafsir09083,1078,244,658,121,36
384,1026,1250,JK006476,1107,55,285,176,97
384,810,937,JK006476,1277,1009,1139,102,97
384,799,1069,JK006476,1278,375,710,163,56
384,678,799,Shia002382Vols,1166,247,520,94,43
384,810,1069,Shia002382Vols,1368,696,1074,155,51
384,1000,1250,Sham19Y0145435,4935,551,800,197,99
384,532,791,Sham19Y0145435,5064,512,775,194,93
384,547,791,QuranAnalysis001,136,894,1138,192,100
384,1000,1250,QuranAnalysis001,148,1144,1394,197,100
384,810,1069,QuranAnalysis001,169,413,639,158,77
384,547,791,JK009270,3037,1208,1450,191,99
384,1000,1210,JK009270,3245,1038,1246,166,99
384,810,1069,JK009270,3613,881,1105,157,76
384,1080,1210,Hindawi030353837,264,396,526,104,100
384,547,791,Shamela0029743,633,75,319,192,100
384,1000,1250,Shamela0029743,694,361,611,197,100
384,810,978,Shamela0029743,784,1336,1503,134,99
384,810,1069,Shamela0029743,786,646,986,157,53
384,678,791,Shia001432Vols,539,859,972,91,100
384,1000,1250,Shia001432Vols,3458,496,745,197,99
384,547,665,Shia001432Vols,3958,1334,1451,91,99
384,665,791,Shia001432Vols,3959,0,126,101,100
384,810,1069,Shia001432Vols,3961,1277,1504,158,76
384,678,791,Shia001432Vols,18697,471,584,91,100
384,547,791,Sham19Y0023608,2496,464,708,192,100
384,1000,1250,Sham19Y0023608,2669,1200,1450,197,100
384,810,987,Sham19Y0023608,2946,663,840,142,100
384,1000,1250,Sham19Y0014404,970,569,1271,191,34
384,810,992,Sham19Y0014404,1098,1094,1422,145,55
384,1000,1250,Shamela0012884,3578,337,587,196,99
384,810,987,Shamela0012884,3888,928,1105,142,100
384,547,678,Shamela0021821,1147,1231,1362,101,100
384,658,791,Shamela0021821,1148,1067,1267,106,66
384,1000,1250,Shamela0021821,1247,1284,1534,197,100
384,810,978,Shamela0021821,1392,1429,1596,134,99
384,810,1069,Shamela0021821,1393,20,502,158,41
384,804,1069,Shamela0012851,341,733,1092,158,55
384,547,762,Shamela0023628,2413,1283,1497,168,99
384,1000,1250,Shamela0023628,2537,201,451,197,100
384,1000,1258,Shamela0023628,2538,563,1019,196,54
384,810,1069,Shamela0023628,2719,771,997,158,77
384,569,791,Rafed0003943Vols,1058,690,912,175,100
384,1000,1250,Rafed0003943Vols,1115,849,1099,197,100
384,810,1069,Rafed0003943Vols,1221,392,618,158,77
384,678,791,Shamela0004473,5963,1180,1293,91,100
384,678,791,Shamela0004473,8865,1227,1340,91,100
384,1000,1210,Shamela0004473,9674,579,789,167,100
384,1080,1210,Shamela0004473,12825,26,156,104,100
384,547,791,Shamela0010273,1763,857,1101,192,100
384,1000,1250,Shamela0010273,1965,893,1143,197,100
384,810,1069,Shamela0010273,2274,653,879,158,77
384,547,791,ShamAY0036821,1397,746,985,188,97
384,1000,1250,ShamAY0036821,1466,255,504,195,98
384,1080,1210,Sham19Y0013550,401,1359,1489,104,100
384,547,791,Sham19Y0023618,1108,1208,1452,192,100
384,1000,1250,Sham19Y0023618,1185,852,1102,197,100
384,810,1069,Sham19Y0023618,1289,317,543,158,77
384,810,966,Tafsir04042,1684,1020,1541,121,29
384,973,1250,Shamela0004445,146,297,561,204,93
384,532,791,Shamela0004445,367,892,1156,194,93
384,804,1069,Shamela0004445,390,1000,1232,163,77
384,678,791,Zaydiyya0000476,679,76,189,91,100
384,678,791,Zaydiyya0000476,685,36,149,91,100
384,857,987,Tafsir07076,7308,0,335,101,37
384,987,1250,JK000330,267,608,869,201,97
384,541,791,JK001110,46,947,1197,196,99
384,1000,1210,Meshkat00057178,2626,985,1220,166,88
384,793,1210,Meshkat00057178,2833,297,622,185,50
384,547,678,JK007018,439,307,438,101,100
384,606,791,JK007018,439,846,1182,135,50
384,1000,1220,JK007018,476,1306,1526,173,97
384,810,1069,JK007018,544,694,922,158,76
384,1000,1250,Shamela0010523,5,1245,1495,197,100
384,810,1069,Shamela0010523,103,462,688,158,77
384,804,966,Noorlib0038508,103,0,318,130,50
384,678,791,Tafsir07055,921,1036,1149,91,100
384,1080,1210,Tafsir07055,965,285,415,104,100
384,678,791,Tafsir07055,2963,1303,1416,91,100
384,1074,1210,Tafsir07055,3109,669,805,105,97
384,810,942,Meshkat00042485,5011,865,1142,103,46
384,547,678,Rafed0001713Vols,1554,120,251,101,100
384,678,791,Rafed0001713Vols,1556,1278,1391,91,100
384,1000,1250,Rafed0001713Vols,1693,1245,1495,197,100
384,810,1069,Rafed0001713Vols,1922,931,1157,158,77
384,541,678,Shamela0008473,3099,1224,1361,104,98
384,678,791,Shamela0008473,3101,12,125,91,100
384,1000,1250,Shamela0008473,3289,751,1001,197,100
384,810,987,Shamela0008473,3601,1129,1306,142,100
384,810,1069,Shamela0011258,94,955,1181,158,77
384,547,791,JK000102,159,908,1199,190,83
384,678,791,JK010001,867,588,701,91,100
384,1080,1210,JK010001,910,350,480,104,100
384,678,791,JK010001,2873,1196,1310,91,99
384,1074,1210,JK010001,3018,1122,1258,105,97
384,678,810,JK010001,3056,1028,1167,104,93
384,547,678,JK009396,921,333,464,101,100
384,618,791,JK009396,922,314,524,102,60
384,1000,1250,JK009396,992,1112,1362,197,100
384,810,987,JK009396,1126,256,433,142,100
384,678,791,JK009268,140,1491,1604,91,100
384,547,791,JK009268,3148,529,773,192,100
384,1000,1250,JK009268,3339,655,905,197,100
384,810,1069,JK009268,3634,927,1153,158,77
384,547,678,Shamela0037458,2579,893,1024,101,100
384,678,791,Shamela0037458,2584,370,483,91,100
384,1080,1250,Shamela0037458,2783,639,809,134,100
384,810,987,Shamela0037458,3136,249,426,142,100
384,810,942,Shamela0037458,3138,868,1333,106,28
384,810,942,JK000465,2984,1102,1464,106,36
384,1000,1250,Shia002380Vols,522,97,411,197,79
384,810,1069,Shia002380Vols,583,724,1017,158,61
384,1000,1246,Masaha000554Vols,3640,251,500,191,95
384,810,987,Masaha000554Vols,4135,1237,1415,138,94
384,1000,1250,Tafsir02011,1127,706,1283,195,42
384,606,791,Meshkat0014420,3080,651,836,147,100
384,1000,1250,Meshkat0014420,3274,1254,1503,197,99
384,793,966,Meshkat0014420,3553,1386,1558,132,95
384,810,966,ShamIbadiyya0000075,682,784,968,125,84
384,1111,1250,Sham19Y0020891,2131,1161,1300,109,100
384,606,791,Sham19Y0020891,3772,227,412,147,100
384,1000,1250,Sham19Y0020891,4077,1165,1415,197,100
384,618,791,Zaydiyya0000076BK5,40,0,182,135,93
384,810,987,JK000876,1102,742,1124,138,45
384,973,1242,Shia003721Vols,53,1198,1452,197,92
384,532,791,Shia003721Vols,278,921,1185,194,93
384,804,942,Shia003721Vols,300,1458,1595,111,99
384,606,791,JK009266,6301,1387,1571,147,99
384,1060,1250,JK009266,6686,0,190,150,100
384,810,992,JK009266,7162,533,719,145,97
384,27,1034,Shamela0009637,4,407,1571,776,81
384,1034,1523,Shamela0009637,5,0,512,380,93
384,1080,1250,Shamela0009637,12,221,391,134,100
384,610,771,Shia002374Vols,150,934,1106,118,87
384,632,771,Shia002374Vols,285,1283,1422,109,100
384,632,771,Shia002374Vols,403,343,482,109,100
384,547,791,Shamela0023591,4804,769,1013,192,100
384,547,678,Shamela0023591,4805,1222,1353,101,100
384,678,791,Shamela0023591,4813,682,795,91,100
384,1000,1250,Shamela0023591,5036,498,748,197,100
384,1069,1250,Shamela0023591,5052,0,181,143,100
384,810,1069,Shamela0023591,5397,215,441,158,77
384,810,1069,Shamela0023591,5424,413,639,158,77
384,678,791,Shamela0023632,2369,764,877,91,100
384,1000,1250,Shamela0023632,2505,1053,1303,197,100
384,810,1069,Shamela0023632,2720,239,465,158,77
385,995,1165,Shamela0007798,582,186,355,126,90
385,1016,1221,Meshkat00042488,60,445,713,143,62
385,1006,1165,JK001420,62,838,997,127,100
385,1006,1117,JK000351,51,759,870,89,100
385,946,1468,JK000805,14,995,1523,422,98
385,1108,1533,JK000805,60,0,400,319,91
385,1010,1165,JK000064,879,959,1120,119,93
385,1258,1554,JK000906,584,69,368,244,98
385,1006,1185,JK000378,92,975,1169,137,88
385,1010,1165,JK006950,2116,735,890,124,100
385,1010,1165,Shamela0012884,213,537,692,124,100
385,1006,1117,JK000381,4491,1395,1506,89,100
385,1010,1165,JK000381,7814,1001,1156,124,100
385,1006,1165,Rafed0003726Vols,30,1331,1490,127,100
385,1006,1165,Rafed0003726Vols,60,648,807,127,100
385,1006,1185,JK000330,306,22,216,137,88
385,1016,1243,Meshkat00057178,372,575,943,149,48
385,1016,1221,Shamela0008473,377,1097,1501,143,43
385,1010,1165,Meshkat0014420,209,1213,1368,124,100
385,946,1361,Shamela0009637,15,1092,1535,333,92
385,1361,1554,Shamela0009637,16,0,194,159,99
385,1006,1533,Shamela0009637,62,56,574,399,90
386,562,1008,Shia002356Vols,157,1134,1587,315,83
386,1008,1164,Shia002356Vols,158,0,174,122,86
386,575,1193,Shamela0000041,427,455,828,278,53
386,859,1203,Tafsir04003,747,163,515,274,95
386,677,824,Shamela0007798,2076,290,437,115,100
386,581,824,Shamela0010283,3355,174,417,194,100
386,688,859,Zaydiyya0000062,214,1389,1561,134,98
386,677,824,Meshkat00042488,218,523,670,115,100
386,688,824,JK000791,304,1397,1533,106,100
386,883,1197,ShamIbadiyya0000193,449,389,773,150,41
386,571,824,JK001420,182,919,1255,193,72
386,581,1150,Rafed0003257Vols,1096,659,1633,442,55
386,575,979,Tafsir05047,88,1281,1619,142,31
386,1000,1143,Tafsir05047,89,14,169,103,80
386,912,1150,ShamIbadiyya0000050,1357,297,630,162,59
386,581,824,Sham19Y0009800,648,852,1100,194,97
386,0,516,JK000805,15,87,606,414,99
386,416,1203,JK000805,51,413,1196,553,84
386,883,1143,JK001496,320,1335,1583,186,84
386,581,866,JK009362,1592,19,331,223,89
386,581,870,Shamela0023578,595,574,866,229,97
386,866,1168,Shamela0023578,599,1301,1595,233,94
386,0,118,JK000906,584,368,488,95,97
386,163,516,JK000906,585,814,1316,268,64
386,866,1203,JK000906,1381,560,905,268,95
386,677,866,JK006478,2310,986,1175,149,100
386,581,803,JK006476,215,1103,1328,177,98
386,664,870,Shia002382Vols,319,24,747,155,27
386,581,870,QuranAnalysis001,25,893,1182,228,98
386,581,779,JK009270,787,1329,1526,158,99
386,581,824,Shamela0010284,677,266,509,194,100
386,575,1036,Shamela0011314,71,1324,1537,165,43
386,1036,1203,Shamela0011314,72,0,171,134,97
386,581,870,Shamela0029743,122,1237,1526,228,98
386,581,870,Shia001432Vols,2469,855,1144,228,98
386,866,1203,Shia001432Vols,2532,0,344,267,95
386,575,1203,Shia001432Vols,5567,1184,1563,294,56
386,659,866,Sham19Y0023608,510,0,207,164,100
386,571,824,Shamela0022371,118,70,425,201,70
386,581,824,Sham19Y0014404,221,721,1123,192,59
386,581,853,Shamela0021821,276,1327,1598,217,99
386,607,1193,Shamela0023628,502,59,478,271,53
386,677,866,Rafed0003943Vols,144,1453,1642,149,100
386,571,794,JK000381,2101,836,1059,178,100
386,933,1203,Shamela0004473,3392,73,347,211,91
386,677,870,Shamela0004473,12847,287,479,151,99
386,677,866,Shamela0010273,350,1277,1466,149,100
386,581,866,ShamAY0036821,498,812,1098,223,97
386,581,866,Sham19Y0023618,290,1177,1462,228,100
386,870,1193,Shamela0001466,376,453,729,196,71
386,688,824,Shia002394Vols,579,925,1057,102,95
386,581,870,Shamela0005756,15348,789,1081,227,96
386,394,808,JK000447,95,323,945,216,36
386,883,1197,Tafsir09050,457,351,735,155,42
386,677,824,Meshkat00057178,799,882,1029,115,100
386,581,866,JK007018,100,612,906,224,95
386,581,824,Masaha002028Vols,818,583,826,194,100
386,581,889,Rafed0001713Vols,372,1297,1591,235,95
386,889,1209,Rafed0001713Vols,373,0,347,244,86
386,581,866,Shamela0008473,938,958,1243,228,100
386,677,824,Shamela0000922,248,937,1084,115,100
386,712,866,JK009396,242,0,154,122,100
386,866,1217,Tafsir08090,287,716,1055,254,87
386,581,870,JK009268,1087,608,897,228,98
386,677,866,Shamela0037458,567,629,818,149,100
386,581,922,Masaha000554Vols,644,98,458,236,80
386,575,866,Meshkat0014420,720,1019,1310,233,100
386,883,1187,Meshkat0014420,721,1237,1517,215,86
386,706,870,Rafed0003150Vols,349,935,1156,125,72
386,581,866,Sham19Y0020891,1084,1183,1468,228,100
386,883,1143,Sham19Y0020891,1085,153,911,186,29
386,727,866,Tafsir09084,391,149,709,108,24
386,866,1193,JK009266,2070,960,1279,244,88
386,677,866,JK009266,2071,1109,1298,149,100
386,0,516,Shamela0009637,16,194,745,415,93
386,416,1203,Shamela0009637,53,208,1036,567,84
386,581,866,Shamela0023591,1736,1242,1527,228,100
386,866,1209,Shamela0023591,1737,58,402,260,91
386,581,779,Shamela0023632,569,1360,1557,158,99
386,677,870,Shamela0023632,575,1135,1328,149,98
386,619,824,Shamela0009231,514,480,702,135,76
387,105,449,Shamela0007568,41,0,352,253,86
387,192,443,Shamela0006947,8036,0,262,193,89
387,63,443,Shamela0006947,18874,389,777,281,83
387,0,443,Shamela0021524,11,334,775,306,78
387,34,443,Shamela0005890,31,705,1084,279,81
387,34,443,Shamela0009943,14,622,1024,280,78
387,34,449,Shamela0012398,1765,846,1248,287,82
387,68,449,ShamAY0032275,352,534,916,300,95
387,34,443,Shamela0031366,660,308,715,309,91
387,34,235,ShamAY0035828,14,1491,1692,153,92
387,235,443,ShamAY0035828,15,0,209,159,92
387,63,424,Shamela0006674,102,1231,1604,280,90
387,0,449,JK000366,31,194,643,320,81
387,72,276,ShamAY0035998,59,0,204,161,96
387,34,377,JK000364,20,1185,1537,256,87
387,63,443,Sham19Y0026523,3495,285,675,294,91
389,0,858,Tafsir02102,2272,1098,1559,348,49
389,500,1100,Shamela0006886,3,524,1012,188,30
389,0,381,ShamAY0034389,9,1184,1600,291,84
389,0,773,JK000381,3408,859,1567,531,82
389,773,1566,JK000381,3409,0,879,588,78
389,1182,1426,Shamela0008381,303,986,1286,135,45
389,1055,1326,JK000583,12,619,761,93,43
389,0,1260,Shamela0021499,5,185,1556,936,80
389,1260,1566,Shamela0021499,6,0,382,226,70
389,24,239,Shamela0012293,1242,1165,1398,162,82
390,106,952,Tafsir02102,2273,4,697,504,73
390,25,712,JK000381,3409,885,1557,521,94
390,712,998,JK000381,3410,0,288,223,94
390,0,998,Shamela0021499,6,382,1409,763,91
392,797,1132,JK009152,1541,955,1196,190,70
392,932,1132,JK000365,269,309,510,154,92
392,525,1132,Shamela0021741,12,415,1361,386,50
392,863,1023,Shamela0021741,17,1002,1195,125,80
392,797,1132,Sham19Y0016946,734,259,582,257,95
392,673,1132,Sham19Y0013252,10235,5,596,337,71
392,797,985,Sham19Y0018103,4090,1339,1531,144,92
392,985,1132,Sham19Y0018103,4091,0,147,119,100
392,797,1132,Sham19Y0017616,311,601,951,257,90
392,792,1149,JK000094,804,916,1277,259,84
392,673,1132,Sham19Y0017533,27,105,643,341,78
392,525,1132,JK000110,1893,421,1350,389,52
392,936,1132,Shamela0006947,15262,192,388,157,98
392,932,1132,Shamela0006947,15349,324,525,158,97
392,266,1215,JK000805,2,571,1520,734,95
392,797,1041,ShamIbadiyya0000220,141,1291,1534,190,96
392,714,1132,Sham19Y0016584,4658,262,896,306,60
392,932,1132,Sham19Y0017729,228,438,642,153,91
392,797,1132,Sham19Y0018106,4154,154,562,263,80
392,800,1132,Sham19Y0020638,875,347,690,248,85
392,525,1132,Sham19Y0127656,379,50,583,297,56
392,673,1149,Sham19Y0009763,77,1019,1433,251,57
392,797,1132,Shamela0021809,1401,710,1055,262,94
392,797,1139,Shamela0004473,6982,168,507,267,96
392,662,1170,Shamela0004473,13252,295,1068,367,59
392,283,655,Shamela0004473,14727,966,1360,233,67
392,818,1132,Sham19Y0018176,2514,0,319,247,95
392,797,967,Shamela0021715,10508,1024,1187,128,94
392,852,1149,Shamela0021715,10509,4,485,228,58
392,797,1132,Shamela0005756,14965,161,458,235,87
392,797,1132,Sham19Y0122406,2898,597,1233,253,49
392,710,1128,Sham19Y0013605,4869,348,837,306,78
392,932,1132,Sham19Y0017903,485,236,440,156,95
392,670,1132,Shamela0096283,460,319,870,267,54
392,283,655,JK006876,2,152,540,238,71
392,710,1132,AOCP2023090613,25,387,684,214,60
392,662,1132,Shamela0037837,525,729,1369,359,70
392,975,1132,Sham19Y0016684,1973,245,402,125,98
392,797,1132,Shamela0001875,1274,814,1159,260,93
392,936,1132,ShamAY0009682,23,57,251,155,97
392,932,1132,ShamAY0009682,38,1417,1615,160,97
392,525,1132,PV2024060602,1893,421,1350,389,52
392,797,1132,PV2024060602,3105,895,1245,257,90
392,347,710,Shamela0003055,2318,0,438,259,71
392,904,1149,Shamela0003055,2326,217,466,164,76
392,904,1132,Shamela0003055,2340,1228,1459,157,78
392,525,710,Shamela0003055,2360,137,305,121,78
392,673,1132,Shamela0003055,2368,927,1319,213,49
392,525,655,Shamela0003055,2370,88,229,104,92
392,904,1132,Shamela0003055,2385,656,883,157,80
392,525,717,Shamela0003055,4054,910,1135,135,77
392,797,1132,Shamela0001727,1073,760,1110,257,90
392,525,1132,JK009324,3419,997,1408,252,52
392,691,1114,JK009324,3420,694,873,107,30
392,232,1238,Shamela0009637,3,204,1166,760,93
392,525,655,Shamela0030518,80,908,1063,104,83
392,932,1132,Shamela0001585,186,596,789,147,89
392,797,1132,Shamela0009107BK1,507,106,432,231,82
392,797,1080,Shamela0000432,4104,1320,1612,213,88
392,936,1132,Shamela0000894,5756,0,197,159,99
393,796,1147,Shamela0007798,2091,679,1059,274,88
393,891,1147,Shamela0008555,30,0,302,185,73
393,796,1153,Shamela0010283,3355,438,782,234,77
393,922,1153,Tafsir07057,790,0,304,163,63
393,905,1147,Tafsir04056,1129,1036,1254,161,81
393,696,1147,Tafsir04056,1186,966,1511,328,74
393,796,1153,Shamela0023833,357,172,579,269,79
393,932,1147,JK000105,961,0,199,137,76
393,796,1153,Shamela0001524,3145,1057,1408,216,62
393,905,1147,JK009313,2761,258,488,158,77
393,905,1147,Shamela0011354,61,1150,1382,158,77
393,800,1147,Shamela0011073,9,127,518,263,81
393,905,1102,Shamela0010906,580,913,1090,122,73
393,648,1174,Tafsir09068,148,473,1106,283,50
393,905,1102,Sham19Y0009800,1125,1325,1520,125,72
393,796,1153,Shamela0021766,641,1232,1463,175,59
393,511,922,JK000805,51,1233,1612,289,82
393,922,1153,JK000805,52,0,231,182,98
393,861,1153,Shamela0023578,610,875,1162,136,49
393,796,1153,JK000906,1395,150,513,280,94
393,796,1147,JK006838,1235,721,1020,191,59
393,796,1153,JK006474,574,16,413,268,82
393,548,1147,Shamela0022593,361,1032,1532,218,37
393,818,1147,Shamela0022593,362,380,562,120,44
393,776,1153,Sham19Y0023608,520,506,889,257,76
393,776,954,JK000436,38,676,887,131,75
393,905,1147,Shamela0012884,1028,488,700,160,82
393,796,1147,Shamela0012884,1042,838,1185,275,97
393,887,1160,Sham19Y0014328,134,393,679,157,62
393,696,1153,Shamela0012027,432,35,336,195,49
393,796,1153,Masaha002028Vols,818,987,1395,269,79
393,922,1147,Shamela0008473,947,0,284,177,78
393,861,1147,Shamela0022549,106,0,317,205,78
393,796,1147,JK000465,601,781,1050,214,76
393,538,1147,Shamela0011079,65,316,917,395,71
393,796,1147,Tafsir09084,394,794,1189,273,85
393,548,954,Shamela0003055,2927,1097,1463,199,51
393,954,1147,Shamela0003055,2928,0,241,140,70
393,542,1147,JK001329,227,317,851,321,57
393,511,1021,Shamela0009637,53,1095,1627,415,95
393,1021,1153,Shamela0009637,54,0,137,105,96
393,548,1147,Shamela0011380,236,249,837,339,57
394,1208,1489,ShamAY0036002,45,444,841,173,48
394,392,788,Sham19Y0008889,106,1109,1540,294,84
394,788,1092,Sham19Y0008889,107,7,313,190,68
395,32,332,ShamAY0036002,45,1201,1621,212,59
395,364,721,ShamAY0036002,46,0,425,230,61
397,750,984,Shamela0001438,7940,1212,1500,151,64
397,750,999,Shamela0008555,205,609,914,168,68
397,794,999,JK000116,116,19,255,145,77
397,732,999,Sham19Y0122257,3033,427,691,157,69
397,741,988,Masaha004387Vols,303,452,803,169,58
397,801,988,JK009313,2174,153,398,143,73
397,750,988,Shamela0008590,8,881,1133,146,69
397,693,988,JK006474,1325,720,978,167,64
397,750,988,JK000474,722,433,727,154,64
397,718,988,JK000159,1626,193,484,188,73
397,767,999,Shamela0011211,33,0,278,155,69
397,732,988,JK009336,2732,328,581,151,70
397,750,988,Sham19Y0014592,2093,1277,1546,140,60
397,732,988,Shamela0023628,1387,623,872,148,68
397,732,988,Shamela0021809,3417,413,694,132,54
397,120,513,JK000179,563,9,405,305,89
397,750,999,Shamela0011353,216,604,909,167,68
397,750,988,JK000367,34,281,575,162,68
397,732,950,Sham19Y0145212,3230,171,390,134,68
397,838,988,Shamela0004445,1987,0,190,115,76
397,750,988,Sham19Y0014462,223,692,965,154,69
397,750,988,JK009408,598,264,558,154,64
397,759,999,Sham19Y0011326,141,118,538,148,43
397,697,988,JK000659,8,842,1081,135,54
397,120,1132,Sham19Y0023625,2800,383,1285,677,80
397,732,988,Sham19Y0020891,557,444,697,150,69
397,842,988,Shamela0003055,233,0,136,102,89
397,794,988,Shamela0003055,2801,422,647,143,80
397,693,988,Shamela0003055,2921,11,302,161,59
397,781,988,Shamela0010695,145,1223,1416,132,75
397,95,641,Sham19Y0008889,107,984,1527,421,94
397,641,1236,Sham19Y0008889,108,0,805,459,69
397,794,988,JK000087,184,222,391,130,85
400,859,1062,JK000906,6839,64,277,162,92
400,859,1079,Shamela0012398,1214,830,1038,162,89
400,859,1056,Hindawi091929150,70,413,620,158,93
400,612,859,Shamela0037325,2544,992,1244,189,91
400,868,1049,Shamela0025841,560,224,390,133,89
400,868,1085,AOCP20251104080,11,1377,1573,139,78
401,791,1594,Shamela0000041,618,145,958,547,75
401,893,1594,Tafsir04003,999,25,725,507,83
401,732,1594,Tafsir07057,1174,640,1495,569,73
401,876,1516,JK000458,718,1016,1477,221,39
401,893,1520,Tafsir02091,519,12,581,369,67
401,831,1431,ShamIbadiyya0000193,638,683,1528,298,39
401,800,1520,Tafsir01005,1648,912,1334,252,41
401,732,1594,Rafed0003257Vols,1577,527,1352,545,73
401,876,1594,ShamIbadiyya0000050,1743,338,1405,411,45
401,893,1388,Shamela0021766,968,697,1178,358,85
401,675,1594,JK000805,50,152,1073,712,93
401,791,1122,ShamAY0033108,392,1260,1589,142,43
401,1122,1520,ShamAY0033108,393,0,423,258,70
401,791,1594,Shamela0023578,849,48,874,564,79
401,715,1381,JK000906,1977,764,1519,473,78
401,1388,1594,JK000906,1978,0,208,165,98
401,1407,1594,Tafsir09083,279,605,807,130,72
401,1403,1594,JK000159,1727,250,445,140,87
401,732,1594,Shamela0011314,104,713,1518,548,75
401,738,1468,Shia001432Vols,2535,822,1519,445,71
401,738,1417,Shamela0023628,778,809,1562,425,63
401,1417,1594,Shamela0023628,779,0,172,121,79
401,934,1594,Shamela0010273,514,20,607,345,55
401,738,1520,Tafsir02067,176,770,1322,237,34
401,738,1589,Shamela0001466,517,190,886,400,52
401,831,1537,Tafsir09050,652,548,1525,390,44
401,840,1520,Meshkat00057178,1030,56,657,253,35
401,1062,1527,Meshkat00042485,2171,1010,1527,298,65
401,738,1460,Rafed0001713Vols,521,767,1570,519,76
401,1460,1594,Rafed0001713Vols,522,0,136,105,95
401,1367,1567,Shamela0012001,30,0,184,127,74
401,1103,1594,JK009268,1404,422,968,352,77
401,1197,1594,Masaha000554Vols,964,0,474,307,80
401,1062,1594,Meshkat0014420,1027,5,350,225,52
401,888,1594,ShamAY0037152,863,654,1435,472,68
401,738,1266,JK009266,2726,993,1496,339,74
401,1271,1594,JK009266,2727,14,331,228,81
401,761,1594,Shamela0009637,52,0,837,658,97
402,0,186,Shamela0000041,618,958,1157,151,93
402,0,193,Tafsir04003,999,725,950,145,78
402,44,372,Tafsir07057,1175,0,394,216,63
402,0,193,ShamIbadiyya0000193,639,144,342,135,81
402,0,181,Rafed0003257Vols,1577,1352,1543,143,88
402,1421,1620,Shamela0006947,8026,1205,1401,156,94
402,0,181,Shamela0021766,970,777,971,139,86
402,0,550,JK000805,50,1073,1621,443,97
402,0,193,Shamela0023578,849,874,1073,151,90
402,0,186,Kraken220727035853,862,355,559,138,84
402,0,302,JK000906,1978,208,708,235,58
402,296,577,JK000906,1978,1224,1505,236,100
402,0,186,JK000159,1727,445,653,137,81
402,23,186,Shamela0011314,105,0,174,128,88
402,0,186,Shia001432Vols,2536,128,325,146,90
402,0,186,Shamela0023628,779,172,371,151,93
402,0,186,Shamela0001466,517,880,1079,151,93
402,584,872,Rafed0000040Vols,924,952,1238,226,95
402,0,193,Tafsir09050,653,51,249,136,82
402,0,161,Meshkat00042485,2172,272,446,131,92
402,0,296,Rafed0001713Vols,522,136,615,213,55
402,0,186,Shamela0012001,30,241,443,148,88
402,0,193,Masaha000554Vols,964,474,679,149,88
402,0,193,JK009266,2727,331,528,143,85
402,0,577,Shamela0009637,52,837,1414,472,99
403,1324,1505,Shia002356Vols,156,653,833,143,98
403,1318,1505,Shamela0010283,3354,1138,1325,150,100
403,1324,1505,Shamela0023833,356,756,937,145,100
403,1324,1505,JK000105,960,1120,1301,145,100
403,1324,1505,Rafed0003257Vols,1084,1015,1196,145,100
403,1324,1505,Shamela0001524,3145,701,882,145,100
403,0,165,Shamela0006947,8026,1401,1604,121,69
403,175,715,Shamela0006947,8027,43,602,430,93
403,760,992,Shamela0006947,8027,1151,1422,180,82
403,1324,1505,Sham19Y0009800,1125,959,1140,145,100
403,1167,1556,JK000805,40,663,1076,304,90
403,1318,1505,JK009362,4673,1006,1193,146,97
403,1324,1505,Shamela0023578,595,61,242,145,100
403,1318,1505,JK006476,213,1005,1521,150,36
403,1310,1505,JK006950,60,538,732,148,92
403,1324,1505,QuranAnalysis001,25,380,561,145,100
403,1324,1505,Shamela0029743,121,219,400,145,100
403,1324,1505,Shia001432Vols,2469,342,523,145,100
403,1318,1505,Shia001432Vols,3549,1347,1534,148,98
403,1327,1505,Sham19Y0023608,505,0,178,143,100
403,1324,1505,Shamela0023628,496,306,487,145,100
403,1324,1505,Rafed0003943Vols,143,516,697,145,100
403,1310,1505,JK000381,5756,350,544,148,92
403,0,214,Shamela0004473,562,252,429,119,68
403,1314,1505,Shamela0004473,12857,290,481,153,100
403,1324,1505,Shamela0004473,14167,662,843,145,100
403,1324,1505,Shamela0010273,347,831,1012,145,100
403,1324,1505,Sham19Y0014328,134,15,196,145,100
403,1324,1505,Sham19Y0023618,288,1311,1492,145,100
403,1369,1505,Shamela0004445,239,0,136,109,100
403,0,197,ShamAY0035828,12,808,981,107,66
403,498,715,ShamAY0035828,14,444,663,158,84
403,1324,1505,Hindawi091929150,61,1015,1196,145,100
403,1324,1505,JK000330,183,1223,1404,145,100
403,1324,1505,Rafed0001713Vols,370,502,683,145,100
403,296,460,JK000366,35,1080,1491,110,31
403,489,715,JK000366,58,344,569,162,84
403,53,170,JK000366,80,1468,1589,92,96
403,1324,1505,Shamela0008473,936,1191,1372,145,100
403,1318,1505,Shamela0008473,937,396,774,150,49
403,1324,1505,JK009396,241,449,630,145,100
403,1324,1505,JK009268,1076,0,181,145,100
403,19,644,Shamela0037325,2031,1035,1660,274,40
403,1324,1505,Shamela0037458,563,802,983,145,100
403,306,460,JK000364,4,699,1034,101,35
403,1359,1505,Rafed0003150Vols,347,675,821,117,100
403,1324,1505,Sham19Y0020891,1079,489,670,145,100
403,1318,1505,Shia003721Vols,150,1072,1259,149,99
403,1324,1505,Hindawi041584975,251,106,287,145,100
403,1111,1556,Shamela0009637,42,99,567,327,84
403,1324,1505,Shamela0023591,1717,1253,1434,145,100
403,1324,1505,Shamela0000894,1454,927,1108,145,100
403,1324,1505,Shamela0023632,564,1224,1405,145,100
404,6,191,Shamela0007798,2065,864,1050,147,96
404,6,195,Tafsir07057,766,37,206,135,85
404,6,191,Tafsir04056,1129,729,913,147,94
404,23,191,Shamela0023833,356,579,756,118,80
404,6,191,JK000105,960,941,1120,140,91
404,0,175,Shamela0001524,3145,513,686,143,98
404,0,180,JK009313,2760,1242,1412,139,94
404,0,191,Shamela0011354,61,783,960,145,92
404,6,191,Shamela0010906,580,643,809,136,89
404,10,180,Sham19Y0009800,1125,791,952,127,88
404,0,220,JK000805,40,1076,1295,176,94
404,0,201,JK000906,1371,1086,1293,165,97
404,6,191,JK006838,1235,431,598,132,86
404,6,191,Shamela0035100,397,1140,1306,136,89
404,0,180,Sham19Y0023608,507,1358,1538,148,100
404,6,180,JK000436,37,699,873,143,100
404,6,191,Shamela0012884,1028,186,365,147,96
404,0,186,Sham19Y0014592,1748,343,517,138,90
404,0,186,Shamela0004473,10319,744,928,151,98
404,10,220,Sham19Y0023618,289,151,369,143,78
404,23,191,Masaha002028Vols,817,1253,1430,118,80
404,6,195,JK006671,42,1082,1236,123,78
404,6,186,Shamela0008473,937,222,402,148,100
404,823,1245,Shamela0037325,2542,428,855,332,93
404,6,175,Shamela0037458,564,395,568,138,96
404,6,175,JK000465,591,490,658,138,99
404,0,191,Tafsir09084,389,245,430,149,95
404,823,1181,Shamela0009637,41,1197,1606,281,84
404,0,220,Shamela0009637,42,567,781,176,97
404,10,157,Shamela0023632,564,1454,1589,103,83
404,6,191,JK001492,133,1074,1241,137,90
405,754,995,JK007132,4241,0,215,149,72
405,566,1132,Shamela0023645,344,812,1411,392,81
405,653,995,Shamela0009918,1771,8,863,228,35
405,566,1293,Shamela0001524,3375,113,937,493,74
405,1236,1450,Shamela0001524,3376,531,992,138,38
405,653,1293,JK009313,5292,0,712,454,78
405,1220,1450,JK009313,5293,289,801,154,38
405,605,1140,Shamela0010517,2817,948,1544,391,81
405,923,1173,Sham19Y0013644,78,9,268,165,77
405,661,998,Sham19Y0013644,108,1030,1172,70,25
405,617,1293,Shamela0021537,67,36,773,472,77
405,597,741,JK000098,123,1265,1451,105,73
405,741,909,JK000098,124,0,197,125,80
405,622,1106,Sham19Y0014555,737,226,584,188,46
405,664,1356,ShamAY0038465,35,0,568,401,72
405,566,1275,JK007070,47,548,1175,251,34
405,1225,1450,JK000370,260,480,700,125,68
405,566,1450,JK000370,447,0,878,670,94
405,704,1275,JK007089,743,0,506,303,60
405,566,923,Shamela0004473,2855,1034,1421,239,78
405,939,1293,Shamela0004473,2856,0,401,244,74
405,1216,1450,Sham19Y0017816,8,687,1152,141,39
405,605,954,Sham19Y0017816,25,1148,1472,214,71
405,931,1293,Sham19Y0017816,26,0,381,245,76
405,605,909,Sham19Y0017816,140,1167,1504,225,85
405,909,1275,Sham19Y0017816,141,0,386,253,78
405,622,733,AOCP20251104106,348,1533,1646,79,92
405,733,1293,AOCP20251104106,349,0,602,354,68
405,653,1003,Sham19Y0014556,640,172,324,94,36
405,561,1293,ShamAY0038405,9,618,1406,442,63
405,605,1260,JK011699,322,592,1188,348,60
405,951,1220,JK005201,2797,0,211,81,30
405,566,1003,Sham19Y0149697,9783,1065,1355,109,25
405,653,1440,ShamAY0034797,175,234,638,226,36
405,532,1435,JK000289,2173,649,1404,312,35
406,0,240,Shamela0023645,346,258,841,177,38
406,53,245,Sham19Y0013252,10051,1334,1513,117,76
406,0,232,Shamela0001524,3376,992,1441,113,28
406,0,240,JK009313,5293,801,1382,175,37
406,0,353,JK000370,447,878,1244,280,95
406,18,240,Sham19Y0017816,9,13,315,154,63
406,48,240,Sham19Y0017816,141,325,562,137,73
407,6,451,JK000805,4,1006,1497,344,84
407,451,692,JK000805,5,0,294,179,75
407,6,692,Shamela0009637,5,685,1478,523,80
408,121,601,Shamela0021524,75,1145,1624,392,99
408,601,1630,Shamela0021524,76,0,1029,831,98
408,121,676,JK000098,545,625,1666,448,52
408,676,1630,JK000098,546,0,1169,766,80
408,121,1630,Sham19Y0038155,597,110,1616,1224,98
408,226,419,Shamela0022644,1179,1155,1500,90,32
408,121,327,Shamela0012293,690,123,330,166,98
408,1200,1630,Shamela0012293,690,362,513,115,32
408,121,1109,ShamAY0034419,118,671,1658,802,98
408,1109,1630,ShamAY0034419,119,0,522,421,99
409,0,487,Shamela0021524,76,1029,1514,395,97
409,0,487,JK000098,546,1169,1652,395,97
409,33,487,Sham19Y0038155,598,0,450,364,97
409,0,347,Shamela0012293,690,513,769,200,69
409,0,487,ShamAY0034419,119,522,1008,394,97
412,222,957,JK003609,1564,0,824,358,51
412,1035,1352,JK003609,1564,1285,1623,197,62
412,1138,1642,Shamela0001003,36,0,549,363,72
412,222,989,Shamela0000131,110,542,1554,348,40
413,0,1083,JK003609,1565,467,1696,741,68
413,1083,1640,JK003609,1566,0,588,332,61
413,0,1080,Shamela0001003,36,549,1716,773,75
413,1080,1640,Shamela0001003,37,0,557,340,67
413,0,629,Shamela0000131,111,1007,1720,430,66
413,629,1640,Shamela0000131,112,0,1056,595,59
414,0,1030,JK003609,1566,588,1596,696,77
414,1085,1638,JK003609,1567,15,634,420,78
414,0,1038,Shamela0001003,37,557,1578,731,81
414,1092,1658,Shamela0001003,38,0,616,443,82
414,0,605,Shamela0000131,112,1056,1617,434,86
414,605,1638,Shamela0000131,113,0,1032,690,71
415,0,818,JK003609,1567,754,1731,618,74
415,827,1437,JK003609,1568,0,690,393,60
415,0,1141,Shamela0001003,38,616,1734,831,82
415,1141,1437,Shamela0001003,39,90,441,238,80
415,0,573,Shamela0000131,113,1117,1699,389,73
415,573,1437,Shamela0000131,114,0,916,539,60
416,1395,1593,Shamela0000041,38,1046,1245,162,99
416,1413,1569,Shamela0007798,207,1071,1227,128,100
416,1395,1593,JK000081,275,296,681,147,46
416,1395,1593,Sham19Y0016953Vols,1010,646,845,162,99
416,1395,1593,Rafed0003257Vols,102,1072,1271,162,99
416,1395,1593,Rafed0003257Vols,108,613,812,162,99
416,1395,1593,Sham19Y0014579,17,1427,1626,162,99
416,1395,1593,JK001496,61,313,511,161,98
416,1406,1593,JK009362,119,0,188,154,99
416,1433,1593,JK009362,338,1385,1552,132,95
416,1428,1593,Sham19Y0007849,71,0,169,136,97
416,1395,1534,Sham19Y0007849,87,1486,1627,114,97
416,1395,1593,Shamela0023578,83,604,803,162,99
416,1469,1593,Sham19Y0147312,69,447,814,102,33
416,1395,1569,JK000065,109,1350,1524,142,100
416,1395,1557,JK006478,457,1407,1567,131,98
416,1395,1593,Shamela0030842,4,887,1268,147,47
416,1395,1593,QuranAnalysis001,1,1190,1389,162,99
416,1395,1593,JK009270,37,493,692,162,99
416,1380,1593,Shia001432Vols,10358,1394,1605,164,94
416,1395,1593,Shia001432Vols,22587,529,728,162,99
416,1395,1593,Sham19Y0023608,30,780,979,162,99
416,1373,1593,Shamela0021821,26,1072,1283,166,92
416,1395,1593,Rafed0003943Vols,23,22,221,162,99
416,1433,1593,JK000381,2054,392,553,132,99
416,1395,1593,JK000381,2933,1347,1546,162,99
416,1395,1593,Shamela0004473,6549,1462,1661,162,99
416,1395,1593,Shamela0010273,37,1073,1272,162,99
416,1395,1593,Sham19Y0013550,31,179,725,162,36
416,1395,1593,Sham19Y0023618,31,400,599,162,99
416,1395,1593,Sham19Y0021505,166,1272,1471,162,99
416,1395,1593,Shamela0001466,43,349,549,162,99
416,1395,1593,Sham19Y0020643,54,1285,1484,162,99
416,1380,1593,Shia002334,82,471,682,165,95
416,1395,1538,Shamela0023788,134,1280,1423,117,100
416,1395,1593,Shamela0023596,128,0,199,162,99
416,1395,1593,JK007018,11,1045,1248,162,97
416,1395,1593,Rafed0001713Vols,50,431,630,162,99
416,1395,1587,JK000079,7,1394,1584,155,98
416,1395,1593,Shamela0008473,217,382,581,162,99
416,1395,1593,Shamela0000922,28,594,1207,162,32
416,1395,1593,JK009396,32,306,505,162,99
416,1395,1593,JK009268,197,1159,1358,162,99
416,1388,1569,Masaha000554Vols,61,704,885,144,97
416,1395,1593,Hindawi017506357,54,952,1151,162,99
416,1395,1593,Sham19Y0020891,281,40,239,162,99
416,1395,1593,JK009266,208,1392,1590,162,100
416,1395,1593,Shamela0023632,76,485,684,162,99
416,1395,1569,Sham19Y0150960,781,532,706,142,100
416,1395,1593,Shamela0009231,92,762,961,162,99
417,797,1575,Shamela0021524,100,273,1170,589,77
417,854,1221,AOCP20251104062,247,1170,1566,289,86
417,1221,1575,AOCP20251104062,248,0,296,238,81
417,917,1575,JK000363,246,0,674,517,90
418,230,1608,AOCP20251104081,14,157,1125,770,67
418,0,464,Shamela0021524,100,1170,1655,378,93
418,464,1718,Shamela0021524,101,0,1267,1012,95
418,0,1399,AOCP20251104062,248,296,1773,1138,92
418,1399,1718,AOCP20251104062,249,0,322,250,93
418,0,1013,JK000363,246,674,1716,830,95
418,1013,1718,JK000363,247,0,713,562,95
419,0,437,Shamela0021524,101,1267,1699,351,97
419,437,1572,Shamela0021524,102,0,1148,900,95
419,0,1329,AOCP20251104062,249,322,1616,985,87
419,1329,1572,AOCP20251104062,250,0,295,197,80
419,0,897,JK000363,247,713,1611,710,96
419,897,1572,JK000363,248,0,685,541,96
420,755,1685,Tafsir02102,4128,488,1426,761,97
420,0,451,Shamela0021524,102,1148,1602,365,95
420,0,451,AOCP20251104062,250,295,750,365,95
420,605,1245,JK000082,77,1003,1664,489,89
420,1245,1685,JK000082,78,0,440,365,99
420,0,451,JK000363,248,685,1139,365,95
421,411,814,Kraken220413194022,366,604,876,128,36
421,407,644,Zaydiyya0000102,75,1168,1393,167,85
421,183,1210,JK000381,3445,592,1596,774,89
421,1210,1602,JK000381,3446,0,336,260,81
421,411,736,JK000381,3539,1304,1495,124,45
421,183,1518,Shamela0007663,109,245,1572,1006,89
421,160,1120,Shamela0021499,43,658,1625,719,86
421,1120,1602,Shamela0021499,44,0,494,346,80
422,0,1279,JK000381,3446,336,1530,923,87
422,1279,1526,JK000381,3447,0,249,193,95
422,0,1453,Shamela0007663,110,69,1520,1097,89
422,0,989,Shamela0021499,44,494,1495,724,84
422,989,1526,Shamela0021499,45,0,702,425,74
422,537,1359,Shamela0037325,2096,658,1559,592,77
422,1359,1526,Shamela0037325,2097,0,164,129,95
423,0,1477,JK000381,3447,249,1590,1040,84
423,1477,1628,JK000381,3448,0,152,117,94
423,0,785,Shamela0007663,111,71,976,483,57
423,0,984,Shamela0021499,45,702,1593,666,79
423,984,1628,Shamela0021499,46,0,643,495,92
423,0,314,Shamela0037325,2097,164,428,211,83
424,0,1597,JK000381,3448,152,1695,1201,88
424,0,1023,Shamela0021499,46,643,1695,792,87
424,1023,1676,Shamela0021499,47,0,718,515,87
425,859,1013,Kraken220413194022,2791,848,1010,113,86
425,859,1013,Kraken220413194022,2965,1088,1257,113,83
425,830,1412,JK000365,1871,985,1583,241,44
425,867,1213,Sham19Y0017807,34,489,738,181,61
425,875,1440,JK000362,1069,202,457,174,38
425,875,1440,Tess21012422,78,744,1000,169,37
425,859,1013,JK000374,1,278,440,114,87
425,921,1412,JK000374,46,605,1201,94,13
425,867,1440,JK000371,145,692,1084,236,46
425,867,1213,Shia001414,170,614,863,176,60
425,875,1412,Shamela0022653,90,1063,1403,195,42
425,875,1445,JK000368,139,782,1111,172,33
425,875,1143,Hindawi073920283,69,14,312,134,57
425,632,1088,JK000381,170,1004,1404,153,32
425,0,1509,JK000381,3449,84,1532,1078,84
425,875,1341,JK000001,157,1248,1437,95,23
425,867,1412,JK000330,772,393,972,227,38
425,875,1080,JK000583,252,323,530,92,50
425,632,1088,JK000376,75,535,951,149,30
425,0,836,Shamela0021499,47,718,1581,598,78
425,859,1509,Shamela0021499,48,0,640,478,88
425,875,1373,Masaha001961Vols,31,830,1023,97,25
425,801,1430,ShamAY0034397,44,138,405,93,15
426,5,1590,JK000381,3450,0,1562,1206,90
426,0,320,JK000376,75,867,1124,79,22
426,0,906,Shamela0021499,48,640,1542,677,88
426,900,1590,Shamela0021499,49,40,796,529,82
427,852,1260,JK000374,96,140,702,312,69
427,181,770,JK000371,382,128,524,139,22
427,846,1372,JK000371,389,285,969,271,44
427,852,1372,JK000381,2978,969,1429,222,43
427,16,1446,JK000381,3451,0,1557,1116,87
427,0,792,Shamela0007663,111,722,1525,617,92
427,0,792,Shamela0021499,49,796,1598,619,92
427,786,1576,Shamela0021499,50,31,972,603,79
427,439,667,Shamela0037325,2097,404,595,128,70
428,1361,1608,Kraken220413194022,2935,913,1185,167,67
428,1341,1580,JK000374,97,372,657,163,69
428,1361,1608,JK000374,148,224,500,167,67
428,1357,1608,JK000098,125,321,589,177,78
428,1361,1493,ShamIbadiyya0000038,245,1396,1571,99,67
428,1361,1608,JK000381,329,157,457,181,71
428,1361,1580,JK000381,336,620,882,161,74
428,1361,1608,JK000381,427,741,1047,181,70
428,0,1276,JK000381,3452,142,1605,948,75
428,1276,1608,JK000381,3453,0,372,258,84
428,1361,1608,JK000381,4182,312,604,188,78
428,1361,1608,Shamela0011730,510,444,746,182,71
428,1361,1608,JK000066,46,68,383,181,68
428,1374,1608,JK000330,660,0,282,169,68
428,1361,1580,AOCP20251104106,266,175,435,145,66
428,1341,1509,Shamela0007663,106,1305,1512,116,65
428,0,327,Shamela0021499,50,972,1518,244,55
428,335,1601,Shamela0021499,51,18,1413,985,84
429,0,1021,JK000381,3453,372,1513,791,83
429,1030,1594,JK000381,3454,53,708,395,69
429,0,232,Shamela0021499,51,1413,1647,184,91
429,232,1479,Shamela0021499,52,0,1594,949,72
430,102,330,Shia002356Vols,174,827,1055,185,100
430,717,930,Kraken220413194022,840,177,417,150,71
430,102,330,Meshkat00042488,241,713,941,185,100
430,102,330,Tafsir04056,3216,245,473,185,100
430,102,330,Rafed0000185Vols,556,439,667,185,100
430,102,330,Sham19Y0018103,2558,7,235,185,100
430,655,934,Sham19Y0016953Vols,877,287,584,151,52
430,0,330,Shamela0012935,174,349,662,188,70
430,102,330,Rafed0003257Vols,1204,36,264,185,100
430,65,330,Shamela0001524,122,1229,1485,196,91
430,102,330,JK000110,1040,1161,1389,185,100
430,91,330,JK000371,388,499,750,193,94
430,102,330,Sham19Y0009800,687,229,457,185,100
430,717,930,JK000382,969,722,890,121,66
430,102,330,Shamela0023578,644,1176,1404,185,100
430,579,930,JK001414,815,198,773,237,50
430,102,330,Sham19Y0018106,2686,824,1052,185,100
430,717,930,JK006950,1762,187,423,149,72
430,53,259,JK000368,119,805,1037,158,83
430,96,330,Sham19Y0020594,91,503,743,190,97
430,102,330,QuranAnalysis001,28,1057,1285,185,100
430,102,330,JK009270,833,1392,1620,185,100
430,102,330,Shamela0029743,137,876,1104,185,100
430,102,330,Shia001432Vols,6437,858,1086,185,100
430,102,330,Sham19Y0023608,575,1146,1374,185,100
430,102,330,Shamela0021821,300,1058,1286,185,100
430,151,330,Rafed0003943Vols,185,0,179,145,100
430,0,1075,JK000381,3454,617,1593,751,83
430,1075,1616,JK000381,3455,0,590,423,85
430,579,811,JK000381,7459,1085,1519,152,41
430,102,330,Sham19Y0018176,1486,844,1072,185,100
430,91,330,Shamela0007597,159,1208,1458,194,95
430,102,330,Rafed0003726Vols,193,1011,1239,185,100
430,102,330,Shamela0021715,6099,631,859,185,100
430,102,330,Shamela0005756,10595,526,755,185,99
430,102,330,JK000385,43,736,964,185,100
430,102,330,Sham19Y0013605,3140,614,842,185,100
430,102,330,Rafed0001713Vols,407,1242,1470,185,100
430,102,273,Shamela0008473,999,1390,1560,140,99
430,102,330,JK009396,255,773,1001,185,100
430,102,330,JK009268,1168,945,1173,185,100
430,0,1553,Shamela0021499,53,50,1638,1153,84
430,102,330,Masaha000554Vols,721,921,1154,178,94
430,102,330,Meshkat0014420,794,1165,1393,185,100
430,102,273,Rafed0003150Vols,393,1003,1174,140,100
430,102,330,PV2024060602,1040,1161,1389,185,100
430,102,330,Sham19Y0020891,1171,1061,1289,185,100
430,96,330,Sham19Y0013572,117,449,690,190,97
430,133,330,JK009266,2257,0,197,160,100
430,102,330,Shamela0023591,1858,1300,1528,185,100
431,500,637,Kraken220413194022,2897,1254,1419,105,75
431,479,656,Kraken220413194022,2934,480,681,114,69
431,487,776,Kraken220413194022,2960,206,510,183,65
431,500,641,JK000374,109,800,974,107,77
431,607,776,JK000374,110,45,269,91,48
431,479,637,JK000374,146,1246,1426,111,78
431,1205,1434,JK000374,155,980,1146,114,62
431,487,776,JK000374,173,500,851,201,69
431,1240,1429,JK000382,968,366,546,89,46
431,1205,1429,JK000098,492,500,699,136,73
431,472,776,Shamela0022653,88,995,1387,207,64
431,1233,1429,Rafed0002209Vols,575,1023,1261,87,39
431,1296,1429,Shamela0010284,730,349,499,81,63
431,496,641,Kraken21042913,22,1043,1223,111,77
431,607,782,Kraken21042913,23,175,391,92,51
431,496,776,JK000381,335,360,692,207,75
431,1257,1429,JK000381,484,402,603,132,80
431,500,749,JK000381,1206,15,430,172,50
431,483,749,JK000381,1268,941,1377,168,48
431,0,1015,JK000381,3455,590,1589,785,95
431,1015,1573,JK000381,3456,0,565,446,96
431,428,648,JK000381,4886,191,423,147,74
431,186,776,Shamela0004482,839,1033,1525,364,76
431,1213,1429,Shamela0004482,840,0,219,172,96
431,607,776,JK000066,18,657,868,89,51
431,607,787,JK000330,658,877,1102,95,50
431,496,637,JK000330,658,154,332,97,59
431,1187,1429,JK000330,759,1199,1470,144,66
431,487,776,AOCP20251104106,265,33,362,202,76
431,648,782,JK001017,1,1250,1411,81,59
431,607,776,JK001017,13,355,566,89,51
431,483,782,Shamela0007663,106,97,468,204,67
431,1296,1429,JK000063,74,1333,1483,81,63
431,0,1442,Shamela0021499,54,80,1611,1141,91
431,1442,1573,Shamela0021499,55,0,134,105,97
431,1233,1429,Shamela0037325,2071,774,1012,87,39
431,500,782,JK000364,42,28,359,206,75
431,496,674,Shamela0001463,81,1251,1460,127,78
432,0,1001,JK000381,3456,565,1571,791,96
432,969,1589,JK000381,3457,0,699,495,85
432,0,1322,Shamela0021499,55,134,1566,1027,87
432,1322,1589,Shamela0021499,56,0,341,215,76
433,1130,1482,Sham19Y0016953Vols,1292,701,1030,129,37
433,5,194,Shamela0006947,16515,1287,1470,135,86
433,501,786,Hindawi061571979,74,1121,1339,160,64
433,19,198,Sham19Y0020587,95,620,794,123,84
433,12,194,JK000381,335,703,880,131,87
433,5,194,JK000381,478,1212,1396,136,87
433,19,198,JK000381,2275,482,656,123,84
433,0,917,JK000381,3457,699,1633,718,93
433,917,1655,JK000381,3458,0,750,600,97
433,5,194,Shamela0011730,99,1153,1336,136,87
433,1130,1536,AOCP20251104106,243,440,817,221,60
433,12,194,JK001017,13,1007,1216,131,74
433,0,1228,Shamela0021499,56,341,1667,964,88
433,1237,1655,Shamela0021499,57,0,426,341,98
434,356,835,JK000075,15,547,1083,188,33
434,421,771,JK000381,2394,820,1144,162,43
434,356,835,JK000381,2886,369,886,226,46
434,449,771,JK000381,2969,239,520,227,84
434,0,738,JK000381,3458,750,1664,606,80
434,738,1651,JK000381,3459,0,584,343,39
434,504,713,JK000381,3465,1252,1498,174,84
434,499,713,JK000381,5227,1240,1454,177,99
434,350,702,JK000381,5259,473,893,246,64
434,504,713,JK000367,381,930,1139,174,100
434,835,983,Shamela0008353,275,1119,1335,80,48
434,356,835,JK000079,50,988,1524,188,33
434,0,1037,Shamela0021499,57,426,1630,840,84
434,1037,1651,Shamela0021499,58,0,798,462,69
434,504,713,Shamela0021499,65,412,658,174,84
434,449,794,Shamela0003055,809,1096,1318,112,30
435,1159,1497,Shamela0000041,2503,550,949,245,74
435,1123,1411,Shamela0001438,7856,1063,1339,193,82
435,1159,1411,Shamela0026390,16,99,371,182,80
435,639,744,Shamela0011790,1191,1329,1434,80,95
435,215,373,JK007590,16,1165,1334,124,92
435,639,757,JK007590,64,1214,1333,82,86
435,1155,1418,Kraken2108092202141,395,135,415,178,75
435,1123,1411,Sham19Y0017063,517,481,785,199,78
435,173,405,JK000362,1160,1219,1449,160,85
435,405,586,JK000362,1161,0,133,105,72
435,1123,1411,Sham19Y0127677,5540,938,1214,193,82
435,1228,1411,Sham19Y0122257,1495,289,531,136,69
435,167,364,Sham19Y0016953Vols,750,916,1109,141,90
435,1132,1425,JK000140,1137,768,1079,198,73
435,1132,1411,Shamela0012981,2136,948,1240,184,71
435,1173,1425,Sham19Y0038171,830,142,401,176,78
435,1173,1425,Sham19Y0038171,847,261,540,180,74
435,1173,1411,JK007104,418,398,639,160,76
435,1123,1411,Sham19Y0014119,218,135,439,199,78
435,173,586,Shamela0006947,16324,850,1211,227,70
435,634,753,ShamAY0038316,50,318,438,89,93
435,1173,1411,Shamela0021537,3868,808,1036,156,72
435,1173,1411,ShamAY0035035,3293,933,1181,167,78
435,1173,1411,JK000065,217,481,743,187,88
435,1132,1411,Sham19Y0148271,1382,881,1183,195,78
435,624,744,Shamela0035100,10056,472,620,88,75
435,1132,1411,JK000368,229,0,304,214,85
435,639,753,JK000062,144,215,329,86,93
435,639,753,Shamela0011789,284,418,528,78,86
435,1173,1411,JK001266,35,1118,1373,177,84
435,1126,1411,JK000166,8623,761,1131,198,64
435,1123,1431,Sham19Y0016976,791,150,471,209,76
435,173,436,Sham19Y0020587,97,356,695,184,68
435,1123,1411,Shamela0007606,155,6,363,203,71
435,1123,1411,Shamela0025794,1665,650,960,206,80
435,1132,1411,Shamela0025794,1972,1129,1433,196,78
435,1132,1411,ShamAY0037387,346,124,433,190,74
435,274,436,JK000381,410,0,156,112,89
435,607,827,JK000381,425,852,1181,145,56
435,177,328,JK000381,452,1391,1531,104,84
435,328,590,JK000381,453,0,221,126,62
435,177,532,JK000381,484,622,934,214,73
435,1141,1411,JK000381,640,683,969,197,80
435,634,753,JK000381,860,0,119,89,94
435,173,436,JK000381,2277,104,406,183,73
435,0,1085,JK000381,3459,584,1566,755,85
435,1085,1497,JK000381,3460,0,412,308,88
435,173,586,Shamela0011730,74,98,459,228,70
435,215,409,Shamela0011730,492,1368,1552,137,89
435,617,744,Shamela0011730,494,1304,1435,98,93
435,607,827,Shamela0011730,508,559,883,140,55
435,215,373,Shamela0004473,631,1237,1397,119,95
435,898,1109,Shamela0004473,2754,433,588,125,73
435,1132,1411,Shamela0004473,5667,415,730,206,76
435,1123,1411,Shamela0009810,1448,792,1099,201,77
435,1173,1411,JK009390,6277,690,914,146,68
435,1132,1411,JK000011,247,535,816,178,71
435,1222,1411,Sham19Y0145212,1711,0,215,145,84
435,1123,1411,JK000141,766,578,886,201,76
435,1132,1411,JK009298,73,409,786,191,61
435,1173,1459,JK000001,646,998,1301,189,70
435,1123,1411,JK007045,379,737,1022,186,72
435,1132,1411,JK000359,7,555,855,204,79
435,215,586,JK000066,18,1050,1475,173,48
435,130,827,JK000066,68,849,1227,237,38
435,215,369,JK000066,89,729,882,121,99
435,120,586,JK000330,759,557,972,294,77
435,215,369,AOCP20251104106,260,401,550,113,93
435,1123,1411,JK000675,71,851,1096,174,74
435,898,1109,JK001110,63,1003,1158,125,73
435,1132,1425,Shamela0000782,1176,463,773,198,73
435,1132,1411,JK000786,3041,741,1037,188,75
435,1064,1411,JK000475,1635,304,742,213,57
435,1132,1411,JK001202,3,137,424,187,75
435,1132,1411,Shamela0009642,25,416,718,188,74
435,1159,1411,Shamela0009642,296,402,672,185,82
435,0,827,Shamela0021499,58,798,1573,602,89
435,890,1497,Shamela0021499,59,0,639,470,90
435,1123,1411,Sham19Y0017791,788,476,781,200,78
435,1159,1411,JK009159,86,89,341,176,79
435,898,1109,Meshkat0014420,4451,470,625,125,73
435,1132,1411,Shamela0012293,1663,481,783,206,79
435,1123,1411,PV2024060602,4484,859,1167,201,76
435,1132,1425,PV2024060602,6922,502,813,198,73
435,173,586,Shamela0003055,596,918,1297,252,67
435,1132,1459,Shamela0003055,2810,475,861,226,68
435,1173,1411,Kraken220413030905,323,245,501,179,84
435,1132,1411,Shamela0001341,146,1141,1422,180,72
435,1173,1411,Shamela0001463,25,484,746,191,90
435,173,328,Shamela0001463,75,1435,1558,99,79
435,328,600,Shamela0001463,76,0,231,130,62
435,1132,1411,Shamela0023644,1435,500,779,200,82
435,1132,1411,ShamAY0032750,14,1002,1303,181,68
436,74,1306,JK009270,5161,719,1583,576,53
436,1306,1497,JK009270,5162,0,203,147,86
436,668,972,JK000381,1194,698,1017,112,31
436,60,1175,JK000381,3460,615,1489,685,76
436,1175,1497,JK000381,3461,0,330,248,92
436,583,924,JK010001,3547,1220,1465,145,54
436,60,850,Shamela0021499,59,882,1500,494,77
436,850,1497,Shamela0021499,60,0,600,461,87
437,152,334,Sham19Y0016953Vols,425,1106,1310,112,69
437,1391,1555,Rafed0002209Vols,594,1233,1409,119,82
437,98,442,JK009270,6089,1135,1477,222,75
437,574,711,JK009270,6090,13,147,105,96
437,152,350,JK000381,1289,11,414,97,30
437,0,772,JK000381,3461,348,1119,569,87
437,0,772,Shamela0021499,60,618,1486,590,83
437,1380,1555,JK001111,78,806,1004,124,78
438,916,1074,Shia001432Vols,8199,746,904,126,100
438,916,1074,Shamela0008473,237,1107,1265,126,100
438,1428,1581,ShamAY0036053,56,505,673,119,87
438,0,130,JK001111,78,1004,1134,105,100
439,0,501,JK000365,1997,37,554,397,95
439,0,501,ShamAY0036053,56,673,1190,396,95
440,928,1530,JK000082,200,183,786,471,99
440,928,1530,Shamela0037325,2236,917,1534,469,96
441,0,397,JK000082,200,786,1178,308,94
441,38,299,Shamela0037325,2237,0,254,190,81
443,169,510,Shamela0012094,59,1314,1624,249,90
443,510,1107,Shamela0012094,60,0,562,430,89
444,132,1187,JK000355,22,561,1626,837,94
444,1187,1619,JK000355,23,0,421,300,81
444,132,1559,JK006950,2009,188,1599,1084,90
444,132,1575,Shamela0012094,166,187,1609,1110,92
444,1336,1493,Hindawi035314719,54,219,359,112,89
444,132,1508,JK000381,7707,232,1603,1062,92
444,594,958,JK000235,146,1276,1565,209,68
444,958,1616,JK000235,147,0,644,470,82
445,0,993,JK000355,23,421,1543,768,83
445,993,1604,JK000355,24,0,774,455,69
445,0,1212,JK006950,2010,61,1577,901,72
445,1212,1604,JK006950,2011,0,397,315,96
445,0,1506,Shamela0012094,167,45,1642,1169,87
445,0,1145,JK000381,7708,114,1568,853,71
445,1140,1604,JK000381,7709,0,459,367,95
446,25,781,JK000355,24,781,1567,576,91
446,756,1521,JK000355,25,0,751,551,84
446,25,1138,JK006950,2011,404,1538,856,91
446,1138,1521,JK006950,2012,0,385,273,78
446,0,1387,Shamela0012094,168,140,1541,1069,92
446,25,1085,JK000381,7709,466,1547,820,92
446,1085,1521,JK000381,7710,0,432,309,79
446,763,957,JK006670,23,534,702,133,84
446,763,1415,JK000235,147,1030,1482,195,29
447,0,750,JK000355,25,751,1513,593,95
447,750,1494,JK000355,26,0,816,561,85
447,0,1086,JK006950,2012,385,1510,851,93
447,1086,1494,JK006950,2013,0,417,301,88
447,0,1292,Shamela0012094,169,138,1498,1013,92
447,1296,1494,Shamela0012094,170,0,203,147,90
447,0,1050,JK000381,7710,432,1514,824,93
447,1050,1494,JK000381,7711,0,460,328,87
447,483,686,JK006670,21,499,703,145,89
447,562,1386,JK000235,148,0,490,242,36
448,0,648,JK000355,26,816,1486,495,89
448,648,1485,JK000355,27,0,1095,556,63
448,0,911,JK006950,2013,417,1463,631,74
448,911,1485,JK006950,2014,0,746,418,69
448,0,1200,Shamela0012094,170,203,1472,879,82
448,1200,1485,Shamela0012094,171,0,301,221,91
448,1265,1485,Sham19Y0020587,73,709,1101,138,42
448,0,881,JK000381,7711,460,1436,625,79
448,896,1485,JK000381,7712,37,798,430,70
449,0,97,JK009231,22,98,209,70,84
449,107,292,Kraken220413194022,270,738,923,140,97
449,97,247,Kraken220413194022,935,1402,1551,111,95
449,107,371,Kraken220413194022,944,1282,1494,150,73
449,0,296,JK000350,66,859,1298,205,60
449,107,371,JK000350,161,301,538,155,76
449,102,285,JK000081,465,167,346,133,94
449,107,285,JK000081,557,467,647,134,96
449,102,285,JK000081,872,1148,1335,139,96
449,107,371,JK000077,43,798,1007,156,76
449,107,285,JK000077,75,129,306,133,97
449,107,285,JK000362,533,755,934,135,97
449,107,371,JK000362,1102,891,1111,157,76
449,107,285,JK000362,2034,814,992,135,98
449,107,285,Sham19Y0016953Vols,50,8,186,135,98
449,0,147,Sham19Y0016953Vols,887,446,582,79,71
449,0,97,Sham19Y0016953Vols,1086,1244,1342,73,98
449,0,97,JK000088,202,554,658,67,85
449,1280,1456,JK000096,11,581,729,103,71
449,107,371,JK000351,27,313,553,158,76
449,0,102,JK000351,80,490,608,70,77
449,107,296,Shamela0006947,16514,940,1128,143,97
449,107,256,Shamela0022647,14,1420,1568,116,99
449,107,371,Shamela0022647,38,784,998,156,76
449,1213,1523,JK000906,6184,441,732,229,92
449,73,265,JK009179,121,963,1176,123,74
449,107,285,JK001414,257,724,902,135,98
449,107,371,JK001414,901,484,692,157,76
449,97,285,JK001414,914,1039,1227,137,95
449,0,403,JK000355,27,1095,1475,283,89
449,406,1082,JK000355,28,0,711,525,88
449,0,97,Shamela0010463,302,1429,1540,70,84
449,0,97,Shamela0022653,248,27,141,72,83
449,0,102,Shamela0022653,272,1149,1250,75,96
449,0,781,JK006950,2014,746,1530,576,87
449,781,1082,JK006950,2015,0,308,234,90
449,0,1082,Shamela0012094,171,301,1435,832,90
449,107,292,Sham19Y0020587,73,525,709,140,97
449,0,97,JK000379,4,1040,1154,72,83
449,0,102,JK000379,29,953,1054,75,96
449,0,97,JK000379,57,139,235,72,98
449,97,265,JK000021,579,981,1174,120,80
449,0,296,Shamela0011353,160,952,1379,208,63
449,0,97,JK000381,49,416,514,71,96
449,478,886,JK000381,205,0,670,222,38
449,107,285,JK000381,1786,611,768,117,84
449,107,292,JK000381,2254,821,1005,140,97
449,107,285,JK000381,2424,1359,1537,134,96
449,0,97,JK000381,2911,38,140,72,92
449,107,316,JK000381,2974,431,632,141,86
449,107,285,JK000381,2995,1311,1489,135,98
449,107,292,JK000381,3249,281,466,139,96
449,107,285,JK000381,3279,1063,1241,135,98
449,107,292,JK000381,3989,1221,1405,140,97
449,118,371,JK000381,4468,0,229,150,75
449,107,285,JK000381,5666,1227,1405,135,98
449,0,722,JK000381,7712,798,1525,531,87
449,722,1082,JK000381,7713,0,365,279,91
449,107,296,Shamela0011730,98,800,988,143,97
449,107,285,Shamela0011730,693,605,783,134,97
449,1280,1456,ShamAY0036182,167,134,281,105,71
449,447,886,JK000376,110,686,1386,246,40
449,118,371,JK001226,71,0,226,147,75
449,107,371,Shamela0037325,2133,240,579,166,63
449,97,285,JK000146,281,1035,1224,135,93
449,0,296,JK000028,119,1090,1455,211,73
449,42,371,Tafsir09084,1038,526,813,151,52
449,453,910,Shamela0003055,2861,991,1398,260,61
449,1280,1456,JK000092,21,879,1027,103,71
449,97,371,JK000100,300,865,1086,160,76
449,447,910,Shamela0011380,172,218,599,259,64
450,78,444,JK000096,11,729,1140,287,85
450,693,1492,JK000096,12,324,1161,336,41
450,0,781,JK000906,6184,732,1513,620,98
450,781,1501,JK000906,6185,0,730,572,97
450,144,444,JK006670,23,740,1007,208,82
450,303,444,JK006670,25,466,837,104,33
450,946,1492,JK006670,28,68,497,222,49
450,144,438,ShamAY0036018,438,221,510,233,96
450,78,444,ShamAY0036182,167,281,1072,294,45
450,841,1364,ShamAY0036182,169,35,307,157,35
450,78,449,JK000092,21,1027,1436,284,85
450,693,1425,JK000092,22,651,1445,300,39
451,216,1492,JK000096,13,0,1442,835,69
451,0,753,JK000906,6185,730,1483,597,99
451,753,1492,JK000906,6186,0,741,590,98
451,5,865,JK006670,28,504,1419,469,56
451,875,1492,JK006670,29,63,657,426,83
451,5,389,ShamAY0036182,169,625,1129,280,69
451,619,971,ShamAY0036182,170,680,1515,211,31
451,971,1201,ShamAY0036182,171,0,219,168,89
451,1201,1472,ShamAY0036182,171,722,977,179,80
451,5,1173,JK000092,23,63,1443,763,66
451,1173,1492,JK000092,24,0,318,216,80
452,1299,1505,Sham19Y0145334,1545,340,621,107,45
452,19,802,JK000096,14,0,791,492,71
452,0,776,JK000906,6186,741,1513,620,99
452,776,1505,JK000906,6187,0,800,534,81
452,1296,1505,Shamela0012884,3227,813,1407,117,22
452,0,802,JK006670,29,657,1425,493,70
452,1296,1505,ShamAY0036182,151,600,777,132,79
452,1038,1191,ShamAY0036182,152,584,1004,111,32
452,204,806,ShamAY0036182,172,0,1137,354,36
452,1299,1505,Shamela0003118,2085,115,499,110,36
452,1038,1191,JK007117,1999,19,395,99,32
452,0,802,JK000092,24,318,1125,512,72
453,1272,1459,Masaha003104,107,63,244,132,89
453,1349,1453,JK010584,5,608,713,74,91
453,1349,1459,Zaydiyya0000236,3,1128,1237,80,91
453,193,576,Hindawi074636907,80,0,323,231,72
453,1290,1474,JK008001,720,821,1034,131,77
453,1290,1474,Shamela0022579,343,1214,1443,124,68
453,1349,1453,ShamAY0034059,3528,903,1008,75,92
453,1290,1474,Sham19Y0127677,3996,780,992,128,76
453,1349,1453,Tafsir01005,3620,127,232,75,92
453,0,783,Sham19Y0145334,1545,621,1359,452,68
453,754,1249,ShamIbadiyya0000050,338,937,1373,285,67
453,1349,1459,JK009229,517,446,554,79,91
453,1349,1453,Shamela0001002,1894,278,381,71,86
453,0,707,JK000906,6187,800,1506,562,99
453,707,1268,JK000906,6188,0,986,446,56
453,0,576,MMS00013,492,650,1225,419,86
453,0,458,MMS00013,929,0,476,338,84
453,442,576,MMS00013,931,1296,1421,82,80
453,1272,1474,Shamela0000736,1568,585,792,147,88
453,1304,1459,Shia001237Vols,1079,51,201,107,86
453,0,559,JK000533,672,1177,1446,197,45
453,1280,1474,JK000050,21,1063,1271,135,78
453,1304,1459,Shia001299,48,158,309,108,86
453,1272,1474,Rafed0002654Vols,2962,770,982,151,87
453,1349,1453,Rafed0002654Vols,11400,480,585,75,92
453,1304,1459,Shia001432Vols,13156,228,379,108,86
453,1294,1474,JK005005,226,724,905,137,93
453,0,576,JK000916,6087,504,1090,430,87
453,1272,1474,JK000916,6113,272,479,147,88
453,39,576,Shamela0012884,3228,0,534,388,85
453,1272,1474,Shamela0012884,3240,964,1165,139,83
453,1272,1474,Sham19Y0014592,1139,785,1023,139,73
453,897,1233,Sham19Y0014592,1410,0,288,188,63
453,764,1268,Shamela0009823,458,38,489,344,83
453,1300,1474,JK009390,5129,767,958,124,81
453,0,576,JK006670,34,565,839,204,45
453,1272,1474,Shia004092Vols,3337,933,1147,151,88
453,1349,1453,Shia004092Vols,11493,583,688,75,92
453,1272,1474,JK005004,179,821,1023,144,87
453,0,787,JK010671,1,255,1022,452,59
453,0,170,Masaha004568Vols,323,1367,1536,127,87
453,170,584,Masaha004568Vols,324,0,434,294,80
453,1272,1474,Shamela0010437,125,177,390,150,88
453,0,576,ShamAY0036182,151,777,1337,412,86
453,1349,1453,AOCP2023090610Vols,203,42,147,75,92
453,1324,1459,Masaha002064Vols,240,0,132,95,87
453,1272,1474,Shamela0026884,375,890,1105,134,77
453,0,576,Shamela0010798,2621,92,692,433,87
453,1290,1474,Shamela0010798,2637,916,1158,129,67
453,0,576,Shamela0003118,2085,499,1090,430,87
453,1249,1459,Shamela0003118,2093,1196,1435,141,70
453,14,576,AOCP20251104036,60,292,869,423,88
453,1244,1459,Masaha002872,264,575,803,145,79
453,1272,1474,JK005007,144,792,998,145,87
453,1290,1459,Masaha002880Vols,250,16,187,126,90
453,1290,1474,JK007082,21,509,752,132,68
454,264,562,ShamAY0034059,3860,73,350,205,84
454,176,562,JK007044,6565,1121,1418,223,70
454,207,570,Shamela0001524,3544,339,797,234,59
454,167,677,Shamela0021766,2613,400,928,287,61
454,161,562,JK000906,6188,986,1386,321,99
454,0,245,JK000906,6188,243,503,160,78
454,541,696,JK000906,6189,890,1055,108,81
454,849,1197,JK000906,6196,4,327,241,84
454,1231,1473,JK000906,6199,1033,1300,202,90
454,170,562,Zaydiyya0000133,123,674,1139,248,58
454,0,161,Shamela0000736,1568,792,954,127,95
454,195,562,JK006838,1735,742,1141,227,65
454,0,161,JK000533,698,107,297,122,77
454,290,659,Shia001432Vols,25609,0,388,188,52
454,0,161,JK005005,226,905,1067,129,98
454,195,570,JK000916,6112,95,545,243,61
454,0,186,Shamela0012884,3240,1165,1346,130,86
454,203,562,ShamAY0034447,1548,793,1237,243,62
454,176,526,Masaha001946Vols,897,963,1372,234,66
454,203,526,JK006670,53,636,981,165,52
454,0,161,JK006670,56,307,497,122,77
454,195,562,Shamela0004445,491,1056,1493,232,59
454,195,526,Shamela0004445,2486,46,434,219,65
454,0,161,JK005004,179,1023,1177,117,90
454,0,170,JK000583,836,1012,1182,130,95
454,0,161,Shamela0010437,125,390,549,127,96
454,183,663,Shia001401,71,791,1313,252,55
454,176,562,JK001236,230,274,775,240,54
454,186,659,ShamAY0036182,154,772,1254,275,58
454,0,186,ShamAY0036182,156,1173,1353,123,81
454,203,562,JK000467,1400,699,1131,229,59
454,4,161,Shamela0026884,375,1120,1315,103,66
454,170,659,JK001303,871,456,1229,231,32
454,195,570,Shamela0010798,2619,580,1030,241,61
454,176,513,JK000829,86,1041,1448,227,64
454,195,562,Shia003721Vols,401,256,696,229,60
454,0,161,JK005007,144,998,1169,127,90
455,217,339,Shamela0006947,7299,1157,1283,95,95
455,768,1242,Shamela0006947,15721,540,1033,359,86
455,768,1242,Shamela0006947,17617,594,1085,362,87
455,655,1248,JK000906,2350,876,1491,470,92
455,1424,1600,JK000906,4221,884,1068,147,95
455,768,1000,Zaydiyya0000153,124,1342,1583,189,91
455,217,339,JK009273,545,1464,1586,95,100
455,773,1141,JK000381,3567,1203,1577,267,81
455,768,1242,Shamela0011730,42,995,1487,358,86
455,768,1242,Kraken220413194135,46,492,985,355,85
455,748,1242,Hindawi030536269,799,818,1304,388,94
456,0,560,JK000906,4221,1068,1625,449,97
456,768,1349,JK000906,8522,1101,1691,470,96
456,1349,1628,JK000906,8523,0,286,217,92
456,8,358,JK009241,876,860,1247,268,85
457,0,317,JK000906,8523,286,625,260,92
457,338,607,JK000906,8523,1256,1541,211,92
458,486,682,ShamAY0035035,16,532,730,158,97
458,486,636,ShamAY0034419,2,421,571,123,100
458,486,694,Shia002214,6,366,985,161,31
460,152,541,Rafed0002209Vols,591,696,1412,296,49
460,842,976,JK000089,164,1397,1531,108,94
460,976,1617,JK000089,165,0,640,512,98
460,152,573,JK001111,75,243,922,313,55
461,1423,1640,Shamela0012094,7,664,890,181,95
461,1423,1640,Shamela0011353,255,655,872,183,99
461,0,540,JK000089,165,640,1312,411,75
461,1423,1640,Shamela0007663,3,1059,1274,178,96
462,0,732,Shamela0012094,7,890,1644,591,95
462,732,1283,Shamela0012094,8,0,595,407,80
462,0,818,Shamela0011353,255,872,1689,658,98
462,75,195,Shamela0011353,282,939,1058,94,99
462,0,413,Shamela0007663,3,1274,1686,333,98
462,413,843,Shamela0007663,4,0,429,351,99
462,75,195,ShamAY0036572,24,1192,1342,88,71
463,647,1178,Shamela0008555,85,1034,1482,329,72
463,1281,1553,Shamela0008555,86,6,280,213,97
463,651,1019,JK000116,152,1296,1538,188,61
463,1019,1553,JK000116,153,0,334,251,58
463,771,1217,JK000116,212,1093,1517,309,80
463,699,1499,JK006891,32,1076,1494,280,43
463,691,1553,JK006891,89,900,1393,331,45
463,771,1524,Shamela0030868,261,870,1578,483,75
463,1073,1247,Shamela0011334,97,1315,1488,132,93
463,673,1553,Shamela0008532,9,674,1519,634,86
463,647,1553,Shamela0011354,4,892,1358,347,47
463,1361,1553,Shamela0021537,719,845,1030,111,65
463,1281,1553,Shamela0021537,2552,186,902,192,33
463,1361,1553,ShamAY0033875,6,39,332,128,50
463,771,1087,ShamAY0034401,13,598,994,232,73
463,1078,1355,ShamAY0034401,20,1063,1512,188,51
463,1355,1553,ShamAY0034401,21,0,565,146,32
463,247,1095,Shamela0012094,54,648,1540,654,88
463,1095,1553,Shamela0012094,55,0,462,366,98
463,771,1553,Shamela0012094,217,98,528,327,51
463,663,1553,Shamela0007625,14,237,756,334,44
463,673,1553,Shamela0011379,314,482,1283,599,82
463,647,1339,Shamela0007664,54,1257,1553,215,37
463,1339,1553,Shamela0007664,55,0,213,157,88
463,771,1553,Shamela0007664,214,154,605,337,53
463,1361,1553,Shamela0007664,258,1299,1484,142,92
463,647,1553,Shamela0011353,171,406,891,363,49
463,771,1087,JK000381,786,0,377,218,69
463,1160,1553,JK000381,793,68,939,283,40
463,729,1065,Shamela0004473,10694,1096,1505,221,61
463,1078,1281,Shamela0004473,15809,1172,1445,137,59
463,754,1065,Shamela0004473,17113,76,351,201,78
463,1339,1553,Shamela0012027,160,898,1121,148,79
463,1365,1553,Rafed0000040Vols,947,305,441,102,68
463,647,1499,Shamela0002386,117,1079,1502,323,47
463,1073,1247,Shamela0002386,156,607,781,132,92
463,790,1553,Shamela0007663,122,10,429,319,52
463,673,1553,Shamela0007554,19,861,1366,324,43
463,691,1336,Shamela0037325,2428,1294,1569,190,36
463,1336,1553,Shamela0037325,2429,0,217,142,71
463,1348,1553,Shamela0036543,116,506,711,147,84
463,673,968,JK006875,7,1222,1505,215,86
463,925,1553,JK006875,8,3,603,456,90
463,651,1553,Shamela0011079,75,817,1330,333,44
463,1287,1553,Shamela0003055,182,800,1067,159,67
463,673,1019,Shamela0003055,253,1303,1612,238,82
463,1019,1553,Shamela0003055,254,0,575,409,89
463,771,1553,Shamela0003055,391,17,490,314,47
463,647,1553,Shamela0003055,1169,590,1031,336,45
463,712,1553,Shamela0003055,2105,0,657,503,72
463,673,1091,Shamela0003055,2516,1053,1507,310,80
463,1091,1553,Shamela0003055,2517,0,465,361,97
463,699,1553,Shamela0003055,2549,684,1135,300,43
463,771,979,Shamela0003055,2600,711,916,156,88
463,673,1553,Shamela0003055,2635,48,922,662,90
463,1361,1553,Shamela0003055,2690,1201,1397,148,95
463,1386,1553,Shamela0003055,2752,0,267,120,53
463,1361,1553,Shamela0003055,2758,239,539,138,55
463,673,1553,Shamela0003055,2765,921,1417,316,42
463,1345,1553,Shamela0003055,2844,31,245,156,92
463,651,1553,Shamela0003055,2865,292,812,333,44
463,1345,1553,Shamela0003055,3124,421,635,156,92
463,673,1553,Shamela0003055,3254,865,1367,325,43
463,1361,1553,Shamela0007620,5,1220,1563,142,50
463,673,1553,JK000348,32,457,1004,316,41
463,691,996,JK000348,88,1381,1569,141,56
463,1293,1553,JK000348,89,33,303,174,72
463,651,1553,Shamela0011380,175,704,1231,330,43
463,1311,1553,Hindawi093039714,32,354,541,123,62
464,0,393,Shamela0007603,2,1059,1426,212,59
464,393,590,Shamela0008555,47,792,944,115,69
464,0,579,Shamela0008555,86,280,915,458,85
464,0,393,JK000116,153,334,729,305,91
464,0,393,JK006891,33,29,386,213,60
464,0,393,Shamela0030868,262,30,417,296,88
464,43,579,Shamela0008532,10,0,534,425,95
464,0,182,Shamela0011354,4,1358,1551,144,87
464,393,590,Shamela0011073,27,611,761,116,70
464,0,457,Shamela0021537,2552,902,1516,332,63
464,0,590,ShamAY0034401,21,565,1394,434,62
464,393,590,Shamela0009943,426,1117,1307,118,68
464,0,628,Shamela0012094,55,462,1126,500,91
464,0,385,Shamela0007625,14,756,1049,193,58
464,0,252,Shamela0011379,314,1283,1540,197,90
464,252,569,Shamela0011379,315,0,318,251,94
464,0,393,Shamela0007664,214,605,1031,303,83
464,0,393,Shamela0011353,171,891,1313,303,84
464,0,424,JK000381,793,939,1525,305,61
464,678,982,JK000381,4153,1306,1608,246,98
464,982,1662,JK000381,4154,0,680,557,99
464,949,1229,Sham19Y0095660,1846,606,885,225,98
464,0,370,Shamela0012027,160,1121,1476,276,88
464,0,397,Shamela0002386,118,56,498,312,86
464,0,393,Shamela0007663,122,429,850,299,83
464,0,579,Shamela0036543,116,711,1293,455,93
464,0,579,JK006875,8,603,1135,405,82
464,0,393,Shamela0003055,36,514,883,212,59
464,357,590,Shamela0003055,83,0,237,150,73
464,0,569,Shamela0003055,254,575,1220,449,84
464,0,397,Shamela0003055,1169,1031,1479,297,81
464,0,579,Shamela0003055,2105,657,1252,456,90
464,0,607,Shamela0003055,2517,465,1111,423,76
464,0,393,Shamela0003055,2549,1135,1499,215,60
464,0,579,Shamela0003055,2635,922,1503,457,93
464,109,393,Shamela0003055,2691,0,329,223,80
464,0,579,Shamela0003055,2844,245,853,459,90
464,0,393,Shamela0003055,2865,812,1111,197,58
464,393,590,Shamela0003055,2946,273,440,117,71
464,0,579,Shamela0003055,3124,635,1293,462,85
464,0,393,Shamela0003055,3301,234,684,261,67
464,15,385,Shamela0007620,6,0,396,252,72
464,0,393,JK000348,32,1004,1360,213,60
464,0,393,JK000348,77,445,812,209,58
464,393,590,Shamela0011380,253,1142,1292,116,70
465,612,919,Zaydiyya0000102,68,607,1016,191,52
465,0,983,JK000381,4154,680,1661,794,97
465,983,1627,JK000381,4155,0,650,517,97
466,0,928,JK000381,4155,650,1576,745,98
466,928,1598,JK000381,4156,0,669,544,99
466,681,1397,JK000146,123,360,999,496,83
467,0,955,JK000381,4156,669,1608,747,95
467,955,1573,JK000381,4157,0,618,495,99
468,0,962,JK000381,4157,618,1574,777,99
468,962,1575,JK000381,4158,0,616,496,99
469,0,948,JK000381,4158,616,1562,754,97
470,709,1121,JK000381,4163,692,1083,317,93
472,1282,1385,JK000081,834,899,1002,82,100
472,1282,1385,JK000081,1018,1001,1104,82,100
472,1282,1385,Shamela0026102,61,758,861,82,100
472,1282,1385,JK001325,560,45,148,82,100
472,1282,1385,Hindawi094050268,14,153,256,82,100
472,1282,1392,Sham19Y0000760,24,43,151,85,97
472,1282,1392,Shamela0010614,478,757,865,85,97
472,1282,1385,Shamela0006945,27,845,949,80,97
472,1282,1385,JK001063,9,466,569,82,100
472,1282,1396,Sham19Y0020762,1943,1167,1280,78,84
472,1282,1392,Shamela0023775,86,734,842,85,97
472,1282,1396,JK006910,230,1410,1522,85,94
472,1282,1385,JK000062,175,376,478,80,98
472,1282,1388,JK009248,2110,646,752,82,98
472,1282,1385,JK000058,23,328,431,82,100
472,1282,1385,ShamAY0035792,212,489,592,82,100
472,1282,1385,JK000179,1918,1456,1559,82,100
472,1282,1385,Shamela0012406,2615,967,1070,82,100
472,1282,1392,Hindawi014758020,20,702,810,85,97
472,1282,1385,Shamela0023685,900,731,834,82,100
472,1282,1385,Sham19Y0026183,261,106,209,82,100
472,1282,1385,ShamAY0001760,34,775,878,82,100
472,1282,1392,Sham19Y0018318,21,594,702,85,97
472,1282,1385,Shamela0005446,519,727,830,82,100
472,1282,1385,Shia003636Vols,7056,160,263,82,100
472,1282,1385,Shia003636Vols,7074,334,437,82,100
472,1282,1396,Shia003636Vols,7245,443,555,85,94
472,1282,1385,Shia003636Vols,11696,134,237,82,100
472,1282,1385,Hindawi079405794,17,492,595,82,100
472,1282,1385,JK000082,12,0,103,82,100
472,1282,1385,JK000082,209,97,200,82,100
472,1282,1385,Shamela0023789,780,1002,1106,80,97
472,1282,1385,Shamela0023789,1574,581,685,80,97
472,1282,1385,Shamela0010512,104,325,428,82,100
472,1282,1385,Shamela0000515,66,128,231,82,100
472,1282,1385,Hindawi080268240,4,974,1077,82,100
472,1282,1392,Shamela0005406,52,451,559,85,97
472,1282,1385,Shamela0008160,24,1089,1192,82,100
472,1282,1385,JK010478,4,1188,1291,82,100
472,1282,1385,Shamela0000580,2,449,552,81,99
472,1282,1385,JK010743,99,799,902,82,100
472,1282,1385,Shamela0026568,839,1219,1322,82,100
472,1282,1392,JK001477,131,66,176,83,95
472,1282,1385,Shamela0000894,1123,580,685,82,98
472,1282,1385,JK009291,250,1216,1319,82,100
472,1282,1385,JK006919,633,959,1062,82,100
472,1282,1385,JK006919,654,937,1040,82,100
474,907,1037,Shamela0009943,207,26,156,102,98
477,1129,1394,Shamela0000041,2130,0,221,151,72
477,1120,1324,JK000081,1000,731,902,125,75
477,1006,1324,Shamela0007350,6,713,1287,167,35
477,1124,1394,JK008001,374,727,955,160,72
477,1124,1394,JK008001,5635,1108,1332,151,71
477,1124,1394,Tafsir07057,4291,962,1191,155,72
477,762,983,Tafsir04056,5193,917,1466,119,24
477,1124,1394,Tafsir02091,1752,15,250,160,74
477,1120,1394,JK009158,211,814,1067,156,69
477,1124,1394,Sham19Y0127677,1265,820,1049,163,73
477,1006,1461,Sham19Y0122257,3204,132,548,210,48
477,1120,1394,Tafsir01005,4849,1215,1444,156,72
477,1089,1324,JK000094,622,857,1062,128,64
477,1124,1394,Shamela0001404,343,863,1099,152,67
477,1124,1353,Sham19Y0038171,2243,321,513,126,67
477,1124,1461,JK000080,1343,223,593,169,51
477,1124,1394,JK009265,494,672,925,157,67
477,1129,1394,Shamela0021766,2152,1308,1543,154,72
477,1009,1394,Shamela0021766,3676,970,1239,179,57
477,1129,1394,Shamela0021766,4675,446,683,152,71
477,1124,1394,ShamAY0033108,1503,782,1017,160,74
477,1124,1394,Shamela0029677,951,761,984,141,64
477,771,935,JK000382,464,351,824,80,19
477,762,935,JK000382,684,899,1504,78,15
477,1009,1394,Shamela0023578,2602,702,959,174,57
477,1124,1394,Kraken220727035853,3861,834,1055,148,70
477,325,1536,JK000906,2743,217,1465,938,92
477,1009,1394,JK000906,8955,378,634,180,57
477,1124,1353,ShamAY0035035,8847,151,344,126,67
477,1124,1394,ShamAY0035960,563,1150,1392,161,75
477,1124,1394,ShamAY0035960,571,261,501,155,72
477,1006,1330,JK000098,295,950,1465,176,41
477,1124,1394,JK000098,731,695,922,144,64
477,1015,1394,JK000098,735,781,1156,168,50
477,216,555,Shamela0009943,320,1053,1559,212,44
477,555,1536,Shamela0009943,321,0,616,463,58
477,1107,1394,Tafsir09083,1248,885,1133,168,72
477,1124,1394,JK009270,4142,324,555,162,76
477,1124,1394,JK000337,21,1038,1284,154,70
477,1009,1394,Sham19Y0014404,1237,144,394,171,56
477,1009,1394,Shamela0012884,4245,583,835,176,56
477,1124,1324,JK000101,506,506,666,124,79
477,1124,1394,Shamela0021821,1547,807,1048,163,72
477,1124,1394,Shamela0023628,2919,388,620,154,72
477,1124,1394,Shamela0009810,103,191,425,157,68
477,1124,1394,JK009390,1143,69,292,157,71
477,1006,1394,Sham19Y0145212,3410,1020,1283,180,58
477,1120,1394,Tafsir10066,1486,658,890,160,73
477,1124,1394,Shamela0001466,2799,836,1031,136,64
477,1124,1324,Shamela0008363,204,626,781,121,77
477,1006,1324,Shamela0008363,428,724,923,148,58
477,1111,1394,Shamela0008363,435,8,253,160,71
477,853,1133,Shamela0008363,441,99,401,135,50
477,1124,1394,Shamela0004445,7266,111,359,158,69
477,1009,1394,Shamela0021715,11271,1345,1616,181,58
477,1124,1394,JK007045,847,1139,1368,158,73
477,1124,1394,Tafsir02096,1659,655,882,157,73
477,1124,1394,Zaydiyya0000454,77,575,802,156,69
477,1009,1394,JK000598,19,304,574,173,56
477,1120,1394,Shia001663Vols,13,1264,1499,160,69
477,1124,1394,Meshkat00042485,5492,111,346,154,72
477,1124,1394,Shamela0008473,4003,297,526,156,72
477,1120,1349,Rafed0003799Vols,849,832,1018,124,65
477,1124,1394,JK001187,160,506,740,156,68
477,1124,1394,Shamela0021659,726,977,1200,157,71
477,1009,1394,Shamela0037458,3539,326,578,177,56
477,1009,1394,JK000465,3331,118,370,177,56
477,1124,1394,Shamela0022921,142,19,250,157,70
477,1006,1394,Masaha000554Vols,4808,848,1115,179,56
477,1006,1461,JK000146,192,147,607,251,61
477,1009,1324,JK000146,196,466,762,159,62
477,1124,1394,Shamela0021602,23,321,553,156,71
477,1124,1394,Shamela0001426,39,398,651,167,72
477,1124,1461,PV2024060602,3758,94,481,185,54
477,1160,1394,Sham19Y0020891,2629,0,371,136,40
477,1006,1394,Sham19Y0020891,5190,510,773,180,58
477,1124,1394,JK000097,521,951,1193,161,75
477,1124,1394,JK000097,528,1164,1404,155,72
477,1124,1394,Tafsir09084,2040,547,784,161,74
477,1124,1394,JK000083,273,109,332,144,63
477,1124,1394,JK009266,7633,209,442,155,73
477,1006,1394,Sham19Y0016618,77,931,1195,180,56
477,1204,1394,Shamela0022769,1305,0,124,88,54
477,1129,1461,JK000090,42,590,971,186,56
478,168,451,Shamela0007350,10,851,1085,167,71
478,982,1277,Shamela0007350,33,253,575,171,59
478,173,461,JK000927,757,145,563,174,54
478,982,1370,JK000362,1211,915,1264,218,65
478,0,302,JK001039,46,890,1332,175,45
478,204,451,Masaha004387Vols,298,381,773,169,54
478,168,427,Shamela0021765,22,4,223,146,67
478,168,451,Shamela0021765,2500,450,695,165,68
478,897,1308,Shamela0010517,73,210,598,274,79
478,0,441,Shamela0010906,1015,425,994,195,40
478,168,451,Shamela0010906,1417,859,1082,163,72
478,204,302,Shamela0006947,9477,1044,1143,77,98
478,982,1370,Shamela0006947,17103,525,839,183,57
478,204,465,Sham19Y0023644,2537,346,575,118,53
478,178,332,Sham19Y0005414,411,1383,1525,104,85
478,168,451,Shamela0003722,1184,909,1152,164,69
478,0,623,JK007004,235,68,748,229,33
478,57,1485,JK000906,2744,0,1479,1108,92
478,168,446,ShamAY0035960,570,1023,1327,148,51
478,1110,1370,JK001254,29,0,207,139,67
478,204,416,AOCP2023090616,63,601,753,107,64
478,0,864,Shamela0009943,321,616,1506,668,91
478,864,1485,Shamela0009943,322,0,615,475,95
478,204,302,Shamela0035100,280,84,183,77,98
478,204,302,JK000337,29,240,338,77,100
478,168,451,JK000916,4606,642,907,164,64
478,1006,1370,JK000101,488,399,689,198,66
478,991,1370,Shamela0007664,95,577,881,201,64
478,0,289,Shamela0013075,96,1034,1471,170,45
478,173,461,ShamAY0035884,1532,186,570,141,44
478,991,1370,JK000381,1157,1052,1353,201,64
478,982,1370,JK000381,1215,566,874,179,52
478,204,306,JK009317,18,414,516,79,99
478,982,1370,Shamela0011730,168,766,1077,183,57
478,982,1382,Kraken220216061221,235,481,857,269,83
478,168,451,Shamela0008363,440,51,285,164,70
478,168,451,Shamela0021570,11,158,401,164,69
478,168,416,JK009175,41,232,413,128,66
478,122,416,JK000786,2663,1142,1328,137,58
478,922,1370,Shamela0037325,511,95,531,240,58
478,168,451,JK000485,572,165,409,164,69
478,168,451,JK006801,721,143,387,167,70
478,168,451,JK006801,1019,422,678,167,67
478,168,451,Sham19Y0149213,290,487,730,164,69
478,122,337,JK000146,191,1251,1468,155,88
478,897,1258,JK000146,196,1177,1513,240,78
478,168,451,JK000637,18,902,1149,162,67
478,168,416,JK000097,528,523,704,128,66
478,991,1370,Shamela0011352,4,761,1066,201,64
478,982,1370,Shamela0003055,645,783,1126,205,62
478,982,1370,Shamela0003055,786,437,760,199,62
478,991,1370,Shamela0018381,29,600,910,207,66
478,204,451,JK003504,71,506,860,155,53
478,982,1308,Sham19Y0016618,114,342,657,186,64
478,173,421,JK007059,15,110,414,161,67
478,168,302,JK000090,50,775,987,99,59
478,173,451,JK000090,164,651,884,160,69
479,1022,1192,JK000365,552,1326,1515,110,68
479,940,1151,JK000362,1047,524,835,129,52
479,1022,1237,JK001173,71,194,419,125,62
479,849,1237,Shamela0010906,6038,97,511,217,58
479,984,1237,ShamAY0038316,42,9,230,133,65
479,849,1237,JK000382,885,1156,1495,190,57
479,16,1500,JK000906,2745,0,1481,1174,98
479,879,1500,JK000098,284,667,1374,165,22
479,0,870,Shamela0009943,322,615,1486,687,98
479,870,1500,Shamela0009943,323,0,622,490,97
479,844,1237,Shamela0035100,7237,198,619,224,60
479,991,1237,JK000381,852,145,426,146,60
479,55,778,Shamela0008363,445,588,1318,478,75
479,849,1173,Rafed0000040Vols,489,1280,1546,180,69
479,849,1237,Shamela0037325,1717,920,1329,217,58
479,0,561,JK000146,193,940,1509,410,86
479,808,1237,JK000146,199,132,606,331,86
479,1296,1500,JK000146,200,327,527,129,76
479,952,1237,Shamela0012293,649,177,503,166,57
479,967,1128,Shamela0012293,1598,655,936,100,45
479,952,1237,Shamela0000894,671,1137,1401,175,75
479,800,1237,Shamela0000894,5769,46,502,232,58
479,833,1237,JK000090,144,755,1158,225,62
480,10,1440,JK000906,2746,0,1516,1139,93
480,0,174,JK000098,284,1374,1547,133,91
480,174,553,JK000098,285,79,456,294,94
480,737,1084,JK000098,286,1270,1560,228,82
480,0,789,Shamela0009943,323,622,1501,631,89
480,789,1509,Shamela0009943,324,0,703,552,94
480,715,1481,JK000146,197,480,1389,515,65
480,0,390,JK000146,200,527,1254,261,43
480,411,647,JK000146,201,252,511,167,78
481,470,875,JK000365,409,1168,1575,271,76
481,910,1162,JK000365,410,0,227,163,81
481,0,1393,JK000906,2747,56,1557,1032,78
481,1393,1515,JK000906,2748,0,128,98,95
481,0,865,Shamela0009943,324,703,1552,676,94
481,865,1515,Shamela0009943,325,0,517,383,69
481,333,1224,JK000146,137,531,1391,603,81
481,474,839,AOCP20251104097Vols,32,1186,1508,247,84
482,764,1281,Shamela0007350,32,1035,1577,343,73
482,1281,1518,Shamela0007350,33,0,231,157,80
482,814,1518,Shamela0006463,86,535,1250,477,79
482,742,1520,ShamAY0035960,550,533,1346,515,74
482,904,1518,JK001254,28,336,1246,432,58
482,909,1455,Shamela0007318,47,910,1505,373,75
482,814,1305,Shamela0009943,316,906,1480,374,82
482,1305,1513,Shamela0009943,317,0,206,132,79
482,748,1401,Shamela0009270,427,716,1407,433,75
482,962,1287,Zaydiyya0000454,90,1250,1615,242,81
482,1287,1518,Zaydiyya0000454,91,0,234,152,78
482,742,1337,JK000097,508,814,1445,389,72
482,760,1518,Shamela0003055,645,0,717,456,69
482,717,1170,JK000090,59,1048,1517,355,94
482,1170,1520,JK000090,60,0,357,276,96
483,99,683,Shamela0006387,1,423,1156,403,66
483,717,986,Shamela0006387,5,468,732,197,86
483,1022,1478,JK000362,1211,942,1430,337,86
483,1022,1478,Shamela0008476,2574,706,1166,333,90
483,1022,1288,Shamela0010517,73,321,583,175,81
483,991,1417,Shamela0006947,17103,534,958,218,58
483,1022,1328,JK000906,2744,965,1366,203,62
483,1117,1459,JK001254,29,0,346,232,81
483,1022,1328,Shamela0009943,322,127,500,201,65
483,1033,1215,Shamela0011379,260,1381,1585,119,72
483,1037,1478,JK000101,488,399,859,320,85
483,1022,1478,Shamela0007664,95,577,1042,340,91
483,7,305,Shamela0007664,95,290,581,213,85
483,30,1439,JK000381,1157,60,1469,999,82
483,1055,1411,JK000381,1158,205,783,177,39
483,30,193,JK000381,1215,505,656,106,81
483,1022,1328,JK000381,1215,652,879,170,71
483,991,1398,JK000381,1240,1106,1513,215,61
483,991,1417,Shamela0011730,168,775,1196,218,58
483,1033,1406,Kraken220216061221,235,512,1016,245,62
483,1336,1478,Kraken220413194135,177,91,228,100,87
483,14,450,Shamela0037325,509,592,909,212,56
483,1022,1351,Shamela0037325,511,219,576,236,82
483,717,998,Shamela0037325,512,1236,1500,205,87
483,14,245,Shamela0037325,512,1063,1280,141,69
483,1022,1251,JK000146,196,1288,1513,160,86
483,874,1478,Shamela0011352,4,604,1226,360,64
483,14,466,Shamela0011352,4,384,809,289,74
483,1022,1455,Shamela0003055,645,810,1273,283,76
483,1055,1355,Shamela0003055,646,104,562,156,43
483,1033,1328,Shamela0003055,786,446,765,209,82
483,30,409,Shamela0018381,28,1103,1492,290,92
483,436,1478,Shamela0018381,29,4,1074,777,87
483,0,1117,JK000090,60,357,1482,889,97
483,1117,1478,JK000090,61,0,361,271,93
484,982,1286,JK000362,1212,1003,1199,140,59
484,0,315,Shamela0008476,2574,1166,1480,99,25
484,315,918,Shamela0008476,2575,0,705,400,64
484,282,801,Shamela0006947,17103,581,848,150,36
484,48,683,JK000264,2392,667,1049,153,29
484,1022,1286,JK000382,359,861,1114,181,84
484,982,1286,JK000382,639,898,1166,196,80
484,0,1309,JK001254,29,63,1427,718,53
484,282,683,Shamela0007318,48,568,787,113,36
484,1022,1286,Shamela0035100,3812,305,484,123,58
484,632,1286,Shamela0011379,261,0,577,231,38
484,982,1286,JK000101,491,20,208,136,58
484,0,542,Shamela0007664,95,1042,1448,292,66
484,580,1286,Shamela0007664,96,22,851,406,57
484,0,1286,JK000381,1158,41,1383,773,62
484,213,797,JK000381,1240,1127,1433,162,35
484,282,801,Shamela0011730,168,822,1086,150,36
484,282,792,Kraken220413194135,177,109,362,129,30
484,166,797,Shamela0037325,511,95,536,193,34
484,1022,1286,Shamela0037325,773,1228,1435,157,76
484,0,382,Shamela0011352,4,1226,1483,194,63
484,382,918,Shamela0011352,5,0,568,307,55
484,209,1309,Shamela0003055,646,36,954,601,63
484,287,1286,Shamela0003055,786,483,1233,316,36
484,0,436,Shamela0018381,29,1074,1471,248,68
484,436,1286,Shamela0018381,30,0,1063,526,59
484,231,683,Sham19Y0016618,114,399,649,123,35
484,0,1107,JK000090,61,361,1448,855,96
484,1107,1446,JK000090,62,0,495,262,66
485,1321,1481,Kraken220413194022,2729,234,476,125,65
485,555,1002,JK000116,544,794,1220,325,90
485,1330,1481,Tafsir02102,1817,0,152,115,94
485,1197,1481,Shamela0007350,84,456,640,123,53
485,815,987,JK000362,1205,770,946,117,79
485,1020,1481,JK000362,1207,573,875,160,36
485,555,1076,Shamela0011334,224,519,994,303,67
485,1330,1481,Shia001174Vols,5627,634,780,115,94
485,1364,1481,Shamela0006947,17139,429,539,85,87
485,819,1348,JK000382,539,1184,1563,175,35
485,1348,1481,JK000382,540,0,204,98,58
485,1321,1481,JK000382,960,1057,1280,119,63
485,1321,1481,Shamela0006463,158,253,383,94,72
485,208,812,ShamAY0035960,558,359,879,257,44
485,547,1002,JK001254,54,1016,1510,326,79
485,1002,1481,JK001254,55,1069,1424,183,40
485,1321,1481,JK001414,2694,354,597,127,65
485,1321,1481,JK000098,292,1157,1390,126,68
485,1321,1481,JK000098,319,289,520,121,65
485,0,174,JK000585,1349,1205,1377,134,93
485,1020,1481,JK000337,41,544,1081,284,60
485,577,1481,JK000381,686,431,956,258,31
485,1020,1481,JK000381,712,234,547,162,36
485,1364,1481,Shamela0011730,174,1370,1480,85,87
485,0,174,Shamela0004473,15319,657,831,135,93
485,656,1472,Shamela0008363,380,258,511,165,26
485,555,1002,Shamela0002386,398,215,647,328,91
485,19,174,Shamela0008353,185,0,155,118,91
485,815,987,Shamela0037325,1591,1339,1501,117,84
485,208,812,JK000097,516,345,864,259,44
485,1040,1438,JK000097,516,1225,1496,136,41
485,547,898,Shamela0003055,672,1129,1509,254,79
485,1002,1481,Shamela0003055,673,1183,1538,183,40
485,1321,1481,Shamela0018381,56,444,671,122,65
485,1321,1481,Sham19Y0017581,340,695,937,127,65
485,0,819,JK000090,62,495,1470,645,82
485,819,1481,JK000090,63,0,666,519,97
485,0,174,JK000090,73,316,694,136,44
486,334,914,JK000116,542,243,412,136,28
486,0,132,Tafsir02102,1817,152,291,105,94
486,1202,1484,Tafsir02102,1817,310,597,227,97
486,334,857,Shamela0008476,2569,1031,1386,145,27
486,0,1484,ShamAY0035960,559,75,1388,836,64
486,0,140,JK001254,55,1424,1569,110,93
486,980,1484,JK001254,56,3,445,350,85
486,0,590,JK000585,1343,925,1424,345,71
486,593,1484,JK000585,1344,0,950,584,71
486,857,1167,Rafed0003943Vols,1590,1251,1538,76,20
486,334,916,Shamela0002386,395,1207,1390,137,29
486,1209,1484,Shamela0037325,1675,1103,1383,220,94
486,623,914,JK000325,3,1006,1507,97,20
486,0,1484,JK000097,517,48,1361,836,64
486,944,1484,Shamela0003055,674,98,632,372,78
486,350,914,JK000090,37,0,170,130,28
486,0,799,JK000090,63,666,1495,570,77
486,869,1484,JK000090,64,0,648,489,91
486,748,1484,JK000090,73,16,990,301,34
487,1092,1243,Shamela0005372,117,0,433,109,31
487,0,937,Tafsir02102,1817,597,1544,717,91
487,937,1548,Tafsir02102,1818,0,614,477,94
487,381,887,Tafsir01005,2399,908,1032,96,23
487,944,1290,Tafsir01005,4247,1249,1552,222,76
487,0,138,ShamAY0035960,559,1388,1519,102,94
487,138,1532,ShamAY0035960,560,0,1162,827,70
487,0,780,JK001254,56,445,1102,482,75
487,1290,1532,JK001254,56,1102,1317,169,88
487,0,373,JK001254,59,158,496,266,89
487,944,1290,Shamela0026047,437,341,726,222,62
487,0,662,JK000585,1344,950,1535,441,80
487,662,1545,JK000585,1345,0,1078,647,71
487,0,138,Shamela0037325,1675,1383,1521,101,88
487,138,1532,Shamela0037325,1676,0,1527,975,72
487,1012,1243,Shamela0037458,2979,183,596,171,49
487,1012,1290,JK000465,2840,1192,1447,191,81
487,293,674,Shamela0012293,138,167,463,234,75
487,0,293,Shamela0011212,2,888,1147,154,55
487,0,164,JK000097,517,1361,1518,120,91
487,164,1532,JK000097,518,0,1135,807,70
487,1348,1507,Shamela0036357,67,766,904,109,86
487,826,1286,Shamela0003055,303,18,492,360,90
487,0,381,Shamela0003055,304,474,1282,265,39
487,0,822,Shamela0003055,674,632,1306,480,69
487,0,373,Shamela0003055,677,558,899,264,87
487,0,280,Shamela0003055,734,1294,1539,143,53
487,0,937,JK000090,64,648,1566,716,92
487,937,1548,JK000090,65,0,610,480,95
487,0,422,JK000090,73,990,1401,273,77
488,0,816,Tafsir02102,1818,614,1534,634,83
488,822,1582,Tafsir02102,1819,13,778,599,94
488,250,560,JK001503,925,0,352,189,61
488,1243,1530,Shia001174Vols,5510,1023,1311,230,97
488,1239,1426,Shia001174Vols,5627,914,1103,147,96
488,114,418,ShamAY0035960,560,1169,1546,228,74
488,418,1582,ShamAY0035960,561,0,967,660,64
488,11,265,JK001254,56,1317,1549,181,86
488,570,1530,JK001254,57,151,1061,697,86
488,1212,1419,JK000098,319,1256,1472,146,79
488,11,391,JK000585,1345,1078,1522,290,78
488,391,1582,JK000585,1346,0,1216,811,76
488,1212,1582,JK000337,42,257,626,253,77
488,11,1458,Shamela0037325,1677,12,1546,1010,76
488,358,493,Sham19Y0123665,604,1327,1450,98,91
488,114,450,JK000097,518,1142,1551,254,76
488,560,1582,JK000097,519,7,935,626,68
488,570,1530,Shamela0003055,675,451,1429,694,82
488,11,346,Shamela0003055,675,58,372,247,89
488,0,832,JK000090,65,610,1533,661,87
488,832,1582,JK000090,66,0,747,588,95
488,358,463,JK000090,74,306,411,84,100
489,826,1007,JK000742,55,939,1153,133,76
489,799,1007,JK000742,159,439,726,151,64
489,813,991,Hindawi051419736,195,1253,1463,130,74
489,0,718,Tafsir02102,1819,778,1516,559,93
489,483,1007,Tafsir02102,1820,67,384,208,45
489,394,533,Shamela0007350,84,783,941,95,69
489,830,1001,Sham19Y0013252,1018,145,321,99,67
489,394,539,JK000362,1207,1124,1312,101,63
489,394,539,Sham19Y0016953Vols,403,154,343,102,63
489,813,1007,JK010248,7,1022,1219,119,64
489,830,991,JK001297,428,230,408,105,67
489,394,539,Shamela0006947,17139,696,863,96,64
489,394,539,Shamela0021537,109,641,820,106,69
489,394,539,JK000382,540,473,661,99,62
489,394,539,Shamela0006463,158,542,708,102,72
489,0,294,ShamAY0035960,561,967,1286,194,67
489,813,1001,ShamAY0035960,562,259,481,125,63
489,394,539,JK001254,24,11,212,106,62
489,0,738,JK001254,57,1061,1504,316,52
489,873,1007,JK001254,58,0,143,107,92
489,0,298,JK000098,320,157,453,215,85
489,0,294,JK000585,1346,1216,1506,225,93
489,285,1001,JK000585,1350,5,1095,490,54
489,804,1007,Shia001432Vols,18070,1327,1538,133,72
489,539,709,JK000337,34,867,1043,131,93
489,394,664,JK000337,35,512,887,143,44
489,0,298,JK000337,42,626,951,222,83
489,813,1007,Shamela0012884,101,641,835,119,64
489,394,539,JK000101,484,913,1096,101,65
489,760,1007,Shamela0023628,3515,430,664,140,62
489,221,539,JK000381,687,490,812,176,56
489,285,784,JK000381,712,914,1411,318,68
489,394,539,JK000381,1183,848,1013,99,70
489,394,539,JK000381,1247,610,776,102,72
489,394,539,Shamela0011730,175,90,248,95,67
489,1216,1487,Sham19Y0018607,4612,277,540,191,87
489,839,1001,Shamela0005756,2188,932,1098,96,68
489,1016,1481,Sham19Y0018260,2,17,524,361,88
489,0,312,Shamela0037325,1678,122,411,222,86
489,285,539,Shamela0037325,1680,94,431,193,72
489,0,294,JK000097,519,935,1178,165,63
489,813,1001,JK000097,520,131,353,125,63
489,216,1007,Shamela0003055,676,0,493,345,52
489,394,539,Shamela0018381,56,935,1110,99,66
489,400,533,JK000090,57,180,366,88,55
489,0,718,JK000090,66,747,1459,560,97
489,483,1007,JK000090,67,35,355,211,46
489,1007,1490,JK000090,68,328,809,380,97
489,126,272,JK000090,74,0,146,117,100
489,400,533,JK000090,95,1418,1578,89,64
490,781,1346,JK000171,4,208,768,206,37
490,781,1026,Shamela0004473,2730,1285,1530,135,66
490,703,1436,Sham19Y0018607,4617,535,1151,226,30
490,781,1026,AOCP20251104106,116,1205,1444,145,69
490,919,1346,Sham19Y0014556,827,7,425,132,31
490,0,1141,Sham19Y0018260,2,524,1577,721,72
490,1141,1523,Sham19Y0018260,3,0,351,213,66
490,0,749,JK000090,68,809,1548,589,96
490,749,1530,JK000090,69,0,791,611,95
491,1076,1302,Sham19Y0013624,12,1324,1524,103,50
491,133,624,Sham19Y0013624,13,642,1208,277,56
491,295,1515,JK001256,29,0,1501,637,47
491,624,1076,JK000171,4,0,220,158,42
491,399,1076,Shamela0004473,2730,849,1297,273,48
491,128,433,Sham19Y0018607,4617,1151,1456,241,98
491,1080,1426,Sham19Y0018607,4624,282,599,217,75
491,269,423,Sham19Y0023618,1499,985,1139,126,100
491,433,1076,AOCP20251104106,116,816,1217,257,48
491,678,1172,Sham19Y0014556,72,160,823,122,16
491,433,1076,Sham19Y0014556,826,1090,1498,264,49
491,0,1230,Sham19Y0018260,3,357,1550,896,87
491,1230,1581,Sham19Y0018260,4,0,362,257,83
491,0,797,JK000090,69,791,1576,626,96
491,797,1581,JK000090,70,0,834,621,91
492,576,901,JK001256,31,32,528,198,48
492,154,626,Shamela0001717,3944,481,839,176,42
492,1003,1349,Sham19Y0018607,4620,1197,1540,244,83
492,334,885,Sham19Y0018607,4620,0,600,416,85
492,1349,1532,Sham19Y0018607,4621,0,545,139,30
492,1383,1532,Shamela0026713,23,57,220,114,83
492,8,1165,Sham19Y0018260,4,253,1510,835,80
492,1165,1532,Sham19Y0018260,5,0,365,279,89
492,0,682,JK000090,70,834,1517,541,98
492,682,1532,JK000090,71,0,835,665,95
493,240,551,JK000279,442,804,1052,165,63
493,236,551,JK000279,774,186,439,167,64
493,240,562,Shamela0023645,209,298,615,212,74
493,227,595,JK000071,365,224,611,239,70
493,240,551,JK000764,41,436,740,189,66
493,236,562,JK009158,242,1083,1416,212,74
493,236,551,Shamela0008476,2572,406,724,215,78
493,271,551,JK000094,1248,21,316,185,69
493,236,551,JK009313,5198,696,1010,206,73
493,244,551,Sham19Y0037370,91,100,423,198,72
493,227,582,Shamela0006947,14159,181,554,233,69
493,236,551,ShamAY0038316,72,1118,1428,210,77
493,293,551,Shamela0021537,685,0,267,179,80
493,284,551,Shamela0007546,21,0,273,181,73
493,236,562,ShamAY0035960,579,630,961,220,76
493,236,562,JK001414,1731,557,877,211,74
493,227,551,JK006474,901,75,387,209,75
493,240,595,JK006950,100,1057,1370,184,56
493,236,562,JK006950,2579,1202,1521,212,75
493,227,562,Shamela0008514,83,917,1257,225,76
493,240,445,Shamela0011279,19,1372,1575,142,77
493,227,567,Shamela0006730,43,793,1151,233,77
493,271,551,JK000967,53,176,457,184,75
493,231,586,JK000967,454,246,601,246,82
493,236,551,JK000381,881,57,329,186,69
493,236,551,JK000381,1152,1223,1521,198,72
493,240,595,JK000381,5796,928,1241,184,56
493,236,562,JK000381,8278,581,900,212,75
493,236,551,Shamela0004473,10850,910,1221,213,79
493,0,602,Sham19Y0018607,4621,545,1147,434,86
493,227,562,Shamela0021751,7400,98,439,224,76
493,227,551,JK000983,913,145,445,210,76
493,231,582,Shamela0007669,730,870,1213,241,81
493,240,551,Sham19Y0018645,346,173,554,205,62
493,0,602,Sham19Y0018260,5,365,951,438,87
493,240,551,JK007078,172,782,1073,190,67
493,240,551,Shamela0012403,997,403,694,186,69
493,240,551,Shamela0012403,1025,229,552,205,72
493,240,551,JK006880,19,973,1344,202,62
493,240,614,Shamela0006656,14,758,1134,234,68
493,236,562,Shamela0018381,24,428,749,220,79
493,236,562,JK009160,11,1059,1393,208,70
493,231,582,JK000087,139,889,1214,230,77
493,0,602,JK000090,71,835,1434,468,94
493,620,1529,JK000090,72,0,917,712,94
494,145,395,JK011593,61,470,725,174,78
494,209,411,ShamAY0033728,23,428,643,150,86
494,148,392,JK009158,243,433,676,167,75
494,148,406,JK000140,1169,159,413,190,88
494,878,1201,JK000264,2392,1302,1496,77,24
494,425,1153,ShamAY0035960,559,7,947,325,33
494,395,1442,JK001254,58,1113,1515,286,33
494,801,971,Shamela0009065,203,1145,1426,90,38
494,878,1336,JK000585,1349,1177,1463,178,45
494,240,793,JK000337,41,682,1469,292,39
494,148,392,JK006833,177,296,552,182,84
494,206,392,Shamela0000327,11,71,257,138,91
494,871,1237,JK000381,1214,938,1508,113,21
494,878,1285,Shamela0004473,15319,630,831,156,48
494,148,392,Sham19Y0122406,1076,460,716,184,85
494,1153,1285,Shamela0008353,185,29,155,100,92
494,148,406,Shamela0000782,1210,221,486,192,86
494,148,392,Shamela0009698,11,678,932,182,84
494,148,392,PV2024060602,2430,458,714,184,85
494,259,406,PV2024060602,6954,0,150,116,94
494,419,1153,JK000097,517,87,919,299,33
494,1111,1508,Shamela0003055,304,641,1200,301,65
494,449,1508,Shamela0003055,677,0,477,297,33
494,148,392,Shamela0001727,398,334,590,184,85
494,164,392,Shamela0000767,32,0,218,167,89
494,878,1285,JK000090,62,474,675,151,46
494,351,801,JK000090,63,461,1119,214,34
494,813,1153,JK000090,64,0,203,118,40
494,0,607,JK000090,72,917,1527,478,96
494,607,1508,JK000090,73,0,914,673,86
495,5,491,Tafsir02102,1817,509,1017,332,79
495,966,1071,Tafsir02102,1818,1051,1156,84,100
495,441,794,Tafsir02102,1819,432,1058,256,50
495,966,1071,JK001503,925,179,285,81,96
495,23,388,Shia001174Vols,5631,876,1043,132,45
495,5,228,ShamAY0035960,559,1282,1519,147,73
495,228,441,ShamAY0035960,560,0,253,158,73
495,591,794,ShamAY0035960,561,981,1264,148,63
495,5,491,JK001254,56,374,774,263,64
495,441,794,JK001254,57,773,1251,237,57
495,5,441,JK001254,59,83,496,317,89
495,1239,1470,JK001254,59,504,674,118,61
495,5,441,JK000585,1344,852,1332,317,80
495,441,794,JK000585,1346,921,1484,249,53
495,1275,1509,JK000585,1347,675,881,143,77
495,441,794,JK000337,42,286,925,243,45
495,5,228,Shamela0037325,1675,1285,1521,151,77
495,228,441,Shamela0037325,1676,0,243,164,83
495,966,1071,Shamela0037325,1677,424,529,84,100
495,591,794,Shamela0037325,1678,130,390,154,72
495,1275,1509,Shamela0037325,1678,411,617,143,77
495,966,1071,Sham19Y0123665,604,1327,1431,83,99
495,29,388,Shamela0011212,2,843,1147,184,55
495,5,255,JK000097,517,1255,1518,170,76
495,255,441,JK000097,518,0,227,138,70
495,26,445,Shamela0003055,304,421,1282,325,46
495,5,491,Shamela0003055,674,561,960,264,64
495,1077,1248,Shamela0003055,675,265,460,136,87
495,1239,1470,Shamela0003055,677,907,1091,116,56
495,5,441,Shamela0003055,677,483,899,318,88
495,29,375,Shamela0003055,734,1249,1539,173,53
495,5,491,JK000090,64,560,1069,332,79
495,966,1071,JK000090,65,1049,1154,84,100
495,441,794,JK000090,66,402,1017,256,51
495,0,647,JK000090,73,914,1559,516,98
495,647,1511,JK000090,74,0,858,674,96
496,92,1021,JK001254,59,674,1450,579,76
496,1030,1338,JK001254,60,0,256,196,81
496,0,352,JK000585,1347,959,1416,247,66
496,352,1394,JK000585,1348,0,1163,729,75
496,0,635,Shamela0037325,1678,696,1406,415,69
496,635,1394,Shamela0037325,1679,0,907,553,75
496,92,472,Shamela0003055,677,1091,1466,285,92
496,472,1338,Shamela0003055,678,0,651,483,69
496,26,604,Shamela0000894,5769,993,1424,161,30
496,0,581,JK000090,74,858,1438,453,99
496,581,1394,JK000090,75,0,804,625,96
497,1205,1326,JK000742,159,509,755,95,46
497,719,856,Sham19Y0001729,2102,1231,1466,93,46
497,1199,1362,Tafsir02102,1820,200,443,123,59
497,716,1035,Sham19Y0014119,568,1298,1432,95,38
497,716,1035,JK000906,4287,508,652,104,41
497,716,852,Shamela0006463,5,944,1069,95,88
497,716,852,ShamAY0035960,556,846,984,106,97
497,1209,1446,ShamAY0035960,562,278,560,121,42
497,716,852,JK000098,303,330,454,94,88
497,716,852,Shamela0009943,307,28,166,106,97
497,716,852,JK001050,13,565,693,92,86
497,0,251,JK000585,1348,1163,1403,181,90
497,251,1111,JK000585,1349,0,978,493,54
497,1119,1371,JK000585,1350,650,1145,182,43
497,708,852,Shamela0023628,1833,312,434,86,78
497,716,852,ShamAY0035253,12,1325,1453,92,86
497,1195,1362,JK001435,20,501,746,112,56
497,719,852,Shamela0006547,120,185,297,84,81
497,719,852,JK000630,111,318,432,86,82
497,716,1035,Sham19Y0017903,965,641,775,95,38
497,817,1035,Sham19Y0020879,168,709,1107,59,14
497,0,606,Shamela0037325,1679,907,1455,423,85
497,719,852,Shamela0037458,1793,626,737,83,80
497,719,852,JK000707,14,733,965,90,46
497,716,852,JK000097,514,857,995,106,97
497,1209,1446,JK000097,520,150,432,121,42
497,1183,1362,JK000090,53,282,549,110,53
497,1199,1362,JK000090,67,168,414,126,61
497,0,664,JK000090,75,804,1459,523,97
497,664,1516,JK000090,76,0,892,660,91
497,1214,1367,JK000090,134,752,897,104,84
498,84,570,Shamela0013041,445,558,1080,340,77
498,112,570,Shamela0010283,13,76,633,274,56
498,112,595,JK000116,545,957,1551,312,62
498,288,570,JK008001,2148,1031,1370,191,67
498,84,608,JK009158,230,822,1432,307,56
498,425,558,ShamAY0034059,5784,444,630,96,62
498,382,558,JK007044,6237,552,919,117,40
498,152,604,Sham19Y0017063,1472,54,549,302,69
498,84,570,Shamela0008206,848,478,1073,304,60
498,254,570,Sham19Y0122257,3243,125,510,221,69
498,112,604,Shamela0011334,225,513,1145,310,60
498,152,472,JK000140,1110,1005,1447,159,36
498,84,570,Shamela0008273,1,694,1273,308,63
498,115,570,Sham19Y0014119,569,4,616,327,65
498,112,570,JK000629,4,23,563,236,52
498,288,579,Shamela0021766,49,497,818,184,64
498,219,615,Shamela0021766,4561,0,477,268,68
498,84,636,JK000142,1072,29,743,340,57
498,84,250,Sham19Y0014601,5806,1160,1362,114,71
498,382,636,Sham19Y0014601,5808,328,694,143,45
498,428,561,ShamAY0035035,9367,62,202,99,85
498,115,570,Shamela0007546,2,1068,1289,139,38
498,1013,1421,Shamela0006463,145,111,673,89,16
498,84,623,JK001045,5,637,1260,343,64
498,209,570,JK001254,10,0,432,252,70
498,412,628,JK000098,296,818,1009,119,63
498,152,604,JK000098,361,14,537,304,69
498,105,570,JK006476,1929,765,1289,284,63
498,84,570,JK000315,4,988,1380,229,55
498,84,341,Sham19Y0020591,1755,1106,1447,171,63
498,112,570,Sham19Y0016976,1739,709,1321,328,65
498,276,558,Sham19Y0016976,1740,331,660,158,57
498,115,904,Shamela0011279,2,901,1335,197,27
498,84,570,JK000585,1351,121,608,366,90
498,115,570,JK009336,804,313,955,305,57
498,84,570,JK001487,280,813,1441,320,62
498,84,570,JK000337,10,798,1398,327,67
498,288,570,Shamela0036446,1313,9,302,190,76
498,1185,1336,JK000381,1162,1231,1483,111,54
498,744,1233,JK000381,1162,6,536,300,66
498,84,558,JK001435,18,333,861,323,72
498,84,254,Shamela0009810,108,1402,1605,117,72
498,243,570,Shamela0009810,109,0,376,234,72
498,428,558,Shamela0010273,3420,145,271,95,88
498,84,636,JK009141,145,167,856,329,56
498,105,615,Sham19Y0145212,3449,545,1159,253,47
498,84,570,JK000141,42,109,689,351,73
498,84,604,Shamela0009270,403,482,1117,351,65
498,84,636,Sham19Y0131521,6106,456,1163,341,57
498,115,393,JK007045,858,1078,1415,179,63
498,408,570,JK007045,859,0,221,123,71
498,112,595,Shamela0002386,399,754,1354,313,61
498,152,570,Shamela0000782,1148,459,997,229,44
498,725,1157,Shamela0009698,8,444,1101,300,55
498,84,604,Shamela0008473,4160,775,1420,344,64
498,237,579,JK000102,162,0,402,230,67
498,744,1006,Shamela0037325,1526,1143,1448,196,78
498,152,615,JK001187,174,282,848,270,53
498,84,570,JK000325,5,480,1074,327,67
498,125,570,Sham19Y0017791,1941,0,598,318,64
498,84,570,Shamela0010480,1270,838,1486,273,48
498,84,570,PV2024060602,3760,371,951,351,73
498,152,636,PV2024060602,5669,5,627,300,57
498,152,558,PV2024060602,6895,722,1249,221,43
498,115,604,Sham19Y0014309,906,164,861,324,56
498,115,570,Shamela0003055,626,326,879,303,66
498,649,1233,Shamela0018381,34,7,696,357,61
498,1275,1456,Shamela0018381,35,120,668,124,28
498,1018,1171,JK009146,545,312,453,97,82
498,84,570,JK009153,64,556,1185,275,53
498,115,570,JK000090,40,483,1049,322,69
498,0,558,JK000090,76,892,1444,436,97
498,558,1456,JK000090,77,0,996,696,87
498,268,570,Zaydiyya0000220,14,569,1002,220,60
499,630,1494,JK000171,2,530,1317,493,61
499,648,1494,Shamela0004473,2729,11,805,496,63
499,678,1494,AOCP20251104106,115,5,798,432,53
499,725,877,Sham19Y0014556,25,1262,1422,111,86
499,678,1494,Sham19Y0014556,825,195,960,476,62
499,1354,1568,Sham19Y0018260,1,1137,1346,129,75
499,475,1568,JK000090,67,355,1503,883,94
499,0,446,JK000090,77,996,1435,332,90
500,579,909,Shamela0007350,44,0,316,185,61
500,846,1190,JK000335,8,1079,1447,250,81
500,901,1301,Shamela0012089,56,108,509,201,57
500,828,1397,Shamela0010906,3486,573,1126,403,82
500,405,824,Shamela0006947,12196,573,965,221,61
500,1133,1379,Shamela0006947,18684,685,869,130,65
500,566,780,JK000382,958,1117,1232,81,46
500,1133,1456,JK000906,6493,80,391,144,49
500,405,824,Shamela0006463,103,1150,1557,235,64
500,515,839,ShamAY0035960,573,24,366,213,70
500,376,824,JK001254,31,1112,1469,245,65
500,828,1511,JK001254,32,5,682,495,87
500,413,828,JK000098,314,1119,1548,325,92
500,498,824,Shamela0007318,79,120,409,208,76
500,1133,1416,Shamela0009943,333,781,1007,134,59
500,1133,1379,Shamela0009943,370,853,1040,127,64
500,384,736,Shamela0000248,66,848,1177,200,60
500,1133,1379,JK000166,10749,219,403,129,65
500,828,1247,Shamela0030623Vols,507,117,618,290,70
500,458,1301,JK000337,39,601,1559,638,82
500,570,824,Shamela0004473,7384,0,204,159,78
500,1133,1379,Shamela0004473,10240,125,309,129,65
500,498,824,Zaydiyya0000454,91,569,854,205,75
500,1133,1383,ShamAY0034179,270,77,267,130,64
500,542,824,Shamela0012861,3,513,673,104,46
500,1090,1247,Shamela0012861,12,0,160,109,76
500,0,295,Sham19Y0018260,1,1346,1621,217,90
500,436,909,Shamela0037325,714,980,1434,337,84
500,950,1247,Shamela0037325,717,5,352,221,77
500,1212,1397,Shamela0037325,717,1139,1484,119,41
500,566,780,Shamela0037325,1186,697,818,81,45
500,828,1247,JK000213,234,348,845,313,76
500,1212,1397,JK000213,235,151,496,119,41
500,458,839,JK000097,530,813,1183,238,70
500,376,1301,Shamela0003055,648,681,1491,554,70
500,1301,1511,Shamela0003055,649,0,234,159,82
500,954,1241,Shamela0026464,10,39,402,187,63
500,46,376,JK000090,68,0,328,264,99
500,396,1511,JK000090,78,0,1147,877,95
501,185,460,Shamela0001485,55,359,628,200,87
501,185,460,JK000094,1336,185,451,199,87
501,180,460,Shamela0005848,32,609,868,193,83
501,0,144,JK001254,32,682,818,107,93
501,226,460,Shamela0010013,287,283,531,174,86
501,173,360,Shamela0025864,14,992,1182,131,80
501,185,460,JK000022,3276,1135,1395,203,91
501,185,460,JK000388,239,933,1197,204,90
501,247,460,Sham19Y0022797,277,0,227,167,89
501,185,460,JK000135,417,830,1100,207,92
501,1174,1293,Shamela0037325,1667,494,617,96,96
501,173,460,JK007078,219,716,974,188,76
501,185,397,JK000295,34,1384,1583,157,91
501,247,460,Hindawi030536269,495,795,1003,167,96
501,0,144,Shamela0003055,649,234,371,110,95
501,226,460,Shamela0000432,3847,1287,1509,171,87
501,185,460,JK009178,2,1006,1255,187,80
501,173,460,Shamela0026894,1,929,1222,212,86
501,0,356,JK000090,78,1147,1500,284,99
501,356,604,JK000090,79,0,415,195,57
501,1174,1293,JK000090,91,1350,1469,96,100
501,958,1158,JK000090,91,366,540,142,86
502,67,283,Shamela0037325,1541,751,968,162,85
502,67,283,JK000090,97,425,658,169,87
502,328,493,JK000090,99,110,276,133,99
502,933,1070,JK000090,102,156,310,100,80
503,658,900,JK000362,1209,1220,1422,135,63
503,658,983,Tafsir01005,2399,177,529,216,68
503,790,983,JK000382,539,0,207,138,75
503,654,983,Shamela0006463,168,957,1313,213,66
503,654,987,JK001254,63,648,1010,228,71
503,654,983,Shamela0007318,159,534,890,214,67
503,681,928,JK000381,689,10,199,134,65
503,681,983,JK000381,711,35,329,203,76
503,654,961,Shamela0008363,380,973,1227,171,63
503,666,920,Rafed0000040Vols,322,0,264,169,69
503,654,972,Shamela0003055,681,1210,1558,222,71
503,658,933,JK009266,4094,1310,1593,185,71
503,705,983,JK000090,139,0,226,160,66
503,334,1005,JK000090,147,640,1297,370,58
503,1005,1216,JK000090,148,314,510,158,90
503,1394,1550,JK000090,151,0,155,124,94
504,582,843,JK010584,2,0,259,202,92
504,582,1334,Shamela0002300,8,1004,1334,192,30
504,582,843,Shamela0030594Vols,51,1046,1307,209,98
504,582,843,Shamela0030594Vols,108,413,674,206,97
504,561,737,JK000365,1200,70,255,132,88
504,594,1366,Shamela0012860,506,0,615,363,55
504,582,843,Shamela0006624,587,419,680,210,99
504,582,843,Shamela0001000,1161,583,845,211,99
504,582,1334,JK000373,96,724,1050,188,30
504,582,777,Shamela0011790,1259,1443,1637,155,97
504,582,1334,JK000362,89,343,679,191,30
504,606,853,Kraken210714194926,186,900,1116,146,66
504,582,843,JK003609,963,549,809,202,96
504,582,843,Sham19Y0127698,534,1241,1501,208,97
504,582,1334,Shamela0007516,28,1242,1572,188,30
504,582,791,Sham19Y0016664,95,1150,1360,168,98
504,670,843,Shia003764Vols,775,0,171,135,97
504,582,737,Shamela0006947,14223,23,178,126,100
504,582,737,ShamAY0038316,49,1138,1293,126,100
504,582,843,Sham19Y0029560,1437,516,723,168,79
504,582,843,Shamela0001002,1840,878,1133,196,88
504,582,843,AOCP202502141230,107,630,848,94,32
504,582,753,Shamela0006687,504,1433,1603,135,97
504,606,1334,JK000382,102,0,300,172,27
504,582,843,ShamAY0034643,49,449,710,210,99
504,582,843,Sham19Y0014483,82,1298,1559,202,96
504,582,791,Sham19Y0000259,198,1043,1252,168,99
504,582,843,Shamela0011682,377,616,875,202,92
504,582,737,Hindawi092963020,707,327,482,126,100
504,582,1334,JK000098,154,442,773,191,30
504,582,737,Shamela0009943,121,1007,1159,117,93
504,582,791,Shamela0012715,734,222,431,170,100
504,582,737,Shamela0012398,1305,1005,1160,126,100
504,582,843,Shamela0035100,9405,431,692,212,100
504,921,1479,Shamela0035100,9406,89,574,342,73
504,582,737,JK000101,8,1039,1194,123,98
504,582,843,JK000101,185,1355,1562,166,78
504,582,1334,Shamela0007664,155,632,1068,274,43
504,582,737,JK000381,859,574,729,126,100
504,582,1334,JK000381,1134,1047,1373,191,30
504,578,1334,Shamela0004473,5645,877,1194,146,23
504,582,737,AOCP20251104062,37,746,902,126,99
504,582,730,Shamela0007597,64,1317,1465,117,97
504,582,737,Shamela0008363,5,659,814,121,96
504,582,1334,Shamela0004445,5970,969,1306,190,27
504,582,843,Sham19Y0014580,108,1188,1392,167,78
504,582,737,Shamela0004482,575,5,160,123,98
504,582,843,Shamela0027084,365,457,664,165,78
504,561,722,Rafed0000040Vols,506,1464,1626,120,90
504,722,890,Rafed0000040Vols,507,0,149,101,75
504,582,737,Shamela0008353,99,1264,1419,123,98
504,582,1334,Sham19Y0011326,124,882,1211,186,29
504,561,730,Tafsir07055,3416,767,961,122,74
504,582,737,Hindawi059616186Vols,18,565,720,126,100
504,582,810,Shamela0009091,1142,1411,1582,136,73
504,582,791,Kraken22031816264700,224,587,792,158,93
504,561,730,JK010001,3327,976,1170,121,74
504,582,1334,Shamela0037325,1938,1125,1451,191,30
504,838,1479,Shamela0037325,1939,89,706,475,87
504,561,737,Shamela0037325,2115,1138,1323,133,89
504,582,737,JK000363,36,786,941,126,100
504,582,1334,JK000146,125,737,1169,273,43
504,582,1334,Shamela0012293,644,880,1205,187,27
504,582,1334,Shamela0012293,1438,204,541,185,27
504,582,1334,Shamela0012293,1838,285,621,186,28
504,582,737,Shamela0003055,609,1431,1586,126,100
504,582,1334,Shamela0018381,4,1183,1513,188,30
504,582,843,Sham19Y0026523,2048,175,436,208,98
504,582,843,Sham19Y0026523,5403,1033,1294,204,93
504,556,843,Shamela0026033,81,514,805,215,90
504,582,843,Shamela0009788,1888,122,382,202,96
504,582,1265,ShamAY0032251,20,252,506,130,23
504,582,741,Sham19Y0016618,10,838,997,125,97
504,571,843,Sham19Y0038093,90,1029,1243,168,75
504,582,716,Shamela0006739,1652,1366,1499,106,97
504,582,1334,JK000087,39,1287,1618,191,30
504,582,1334,ShamAY0034397,7,1291,1617,191,30
504,582,843,Sham19Y0020990,1102,7,211,167,78
504,139,703,JK000090,162,966,1590,452,87
504,703,1627,JK000090,163,0,909,708,90
505,1272,1428,Shamela0009654,25,146,301,99,80
505,1186,1458,Shamela0007350,10,854,1085,180,83
505,1214,1481,Masaha004387Vols,298,199,796,175,37
505,1181,1434,Shamela0021765,22,4,223,153,75
505,1204,1458,Shamela0021765,2500,364,695,190,73
505,1272,1448,Shamela0010906,1015,810,994,98,69
505,1204,1458,Shamela0010906,1417,736,1082,193,69
505,1272,1370,Shamela0006947,9477,1044,1143,77,98
505,1186,1458,Shamela0003722,1184,771,1152,193,65
505,1237,1463,JK000906,2744,111,405,165,71
505,1186,1350,Shamela0006463,26,1379,1500,96,72
505,1186,1453,ShamAY0035960,570,1026,1327,165,60
505,1237,1463,Shamela0009943,321,784,1074,168,72
505,1272,1370,Shamela0035100,280,84,183,77,98
505,1272,1370,JK000337,29,240,338,77,100
505,1181,1473,JK000916,4606,642,1280,171,31
505,1272,1378,JK009317,18,414,520,79,96
505,1186,1481,Shamela0008363,440,54,309,191,81
505,1181,1458,Shamela0021570,11,158,401,169,76
505,1186,1423,JK009175,41,235,413,133,70
505,1186,1423,JK000786,2663,1118,1328,138,71
505,1181,1458,JK000485,572,165,409,169,75
505,1181,1458,JK006801,721,143,387,156,68
505,1181,1458,JK006801,1019,422,678,175,79
505,1181,1468,Sham19Y0149213,290,487,734,172,75
505,1214,1374,JK000146,191,1242,1438,99,64
505,1181,1458,JK000637,18,902,1149,167,74
505,1186,1423,JK000097,528,526,704,133,70
505,1186,1386,JK000090,50,778,1004,119,60
505,0,680,JK000090,163,909,1592,537,96
505,680,1585,JK000090,164,0,1053,714,82
506,179,313,JK011153,5472,97,231,106,97
506,740,881,ShamAY0033733,54,0,298,108,45
506,117,313,JK000365,426,857,1021,124,77
506,473,829,Shamela0001000,278,901,1327,218,58
506,117,313,JK000116,544,178,343,125,77
506,1197,1417,Shamela0007350,10,868,1331,167,44
506,346,1007,Shamela0007350,18,344,1021,439,79
506,695,881,Shamela0001515,310,1247,1541,143,60
506,473,881,Shamela0005355,26,96,765,264,47
506,179,313,Shia000317Vols,803,529,661,102,91
506,179,313,ShamIbadiyya0000193,4353,1131,1308,109,75
506,527,829,Shamela0011056BK1,40,4,366,194,60
506,179,313,JK001039,46,872,1006,110,100
506,499,829,AOCP20251104145Vols,632,12,297,162,55
506,117,313,JK006962,217,639,894,134,61
506,1234,1390,Shamela0026460,16,1348,1502,120,95
506,473,829,ShamAY0032443,3562,193,551,181,52
506,179,313,JK007004,235,50,184,110,100
506,179,1282,Shamela0006463,28,436,1496,545,50
506,1282,1403,Shamela0006463,29,5,125,98,99
506,1197,1403,ShamAY0035960,571,994,1195,159,96
506,117,313,JK001254,22,602,877,133,60
506,170,313,Shamela0009943,321,589,733,112,95
506,1239,1398,Kraken2106220218081,240,1140,1306,123,91
506,478,881,JK000917,1208,135,590,212,50
506,720,829,Sham19Y0020762,561,457,566,84,97
506,997,1190,JK007538,20,178,375,139,86
506,117,313,Shamela0001687,4377,607,863,134,60
506,720,829,Shia001432Vols,7320,440,549,82,95
506,473,881,JK000337,15,182,839,270,48
506,179,299,JK000916,10725,1433,1552,98,99
506,179,313,JK000916,10726,491,625,107,97
506,1197,1417,Shamela0007664,190,1316,1551,147,77
506,179,313,Shamela0013075,96,1016,1150,110,100
506,1197,1420,JK000381,1137,111,339,143,72
506,1234,1403,JK000381,1379,667,835,133,97
506,1234,1403,JK000381,5038,1369,1538,132,96
506,491,829,EScr20120309,106,426,785,152,42
506,564,823,Shamela0012406,1657,0,239,159,70
506,179,313,Masaha001120,87,1011,1145,110,100
506,720,829,Shia001349Vols,149,755,864,82,95
506,346,881,Sham19Y0132403,82,85,639,357,73
506,179,313,Shia000075Vols,97,510,644,110,100
506,473,881,JK010552,45,62,719,269,48
506,117,313,Shamela0008363,439,1001,1158,125,78
506,1227,1403,Shamela0004445,834,579,741,127,89
506,499,881,Shamela0004445,4439,0,552,232,48
506,1202,1417,JK000385,89,1238,1539,156,61
506,179,313,JK000385,90,165,299,110,100
506,473,829,JK009306,53,835,1329,229,58
506,117,313,Shamela0002386,397,1208,1373,125,78
506,179,313,Tafsir09050,4463,890,1067,109,75
506,1197,1403,Shamela0008353,177,799,1014,147,81
506,598,901,Shamela0011788,290,37,362,126,40
506,478,881,Shamela0023789,233,791,1259,181,42
506,473,772,Sham19Y0018147,1004,617,1145,176,41
506,179,335,JK010621,28,947,1102,110,87
506,1239,1403,Shamela0037325,1082,153,322,128,93
506,720,881,AOCP2023090619,42,1054,1267,116,66
506,473,829,Shamela0003118,1507,472,926,230,59
506,179,313,JK000154,5803,171,305,110,100
506,564,829,JK010629,88,164,327,122,58
506,179,313,Shamela0021721,141,1252,1386,110,100
506,111,313,JK000146,188,1027,1250,137,77
506,117,305,JK009139,119,1259,1481,124,66
506,1197,1420,Shamela0018381,7,840,1079,155,77
506,179,313,JK000087,325,1040,1174,110,100
506,179,313,JK000090,53,5,139,110,100
506,0,313,JK000090,164,1053,1525,217,57
506,319,1535,JK000090,165,131,1458,937,87
506,1239,1403,JK007082,248,337,513,128,89
506,1239,1403,JK007082,688,1101,1285,129,86
507,885,997,Shamela0012722,191,1169,1341,87,65
507,716,874,Shamela0012722,191,345,501,118,94
507,41,176,Shamela0021525,148,0,471,94,24
507,370,583,Sham19Y0038155,187,149,360,161,94
507,243,583,Sham19Y0013250,326,900,1258,259,90
507,243,583,ShamAY0034574,97,130,492,258,89
507,90,1319,JK000090,166,0,1525,946,76
507,1319,1521,JK000090,167,0,202,158,97
508,729,986,Kraken220413202213,6,674,921,169,78
508,1307,1551,Shamela0037325,1980,413,659,182,89
508,779,1111,Sham19Y0020990,1762,1171,1508,249,91
508,1111,1302,Sham19Y0020990,1763,0,194,149,95
508,0,1333,JK000090,167,202,1539,1041,95
508,1333,1551,JK000090,168,0,222,166,92
509,1410,1576,Shamela0037325,1978,1038,1220,126,86
509,0,1247,Shamela0037325,1980,659,1586,706,68
509,1247,1436,Shamela0037325,1981,0,245,143,72
509,0,1332,JK000090,168,222,1595,1017,88
509,1332,1576,JK000090,169,0,260,190,90
510,0,430,Shamela0037325,1978,1220,1655,342,94
510,430,1644,Shamela0037325,1979,0,1171,896,89
510,0,1436,JK000090,169,260,1655,1074,90
510,1436,1644,JK000090,170,0,208,167,97
511,912,1124,Tafsir02102,1401,1073,1286,172,99
511,0,407,Shamela0037325,1979,1171,1579,324,98
511,407,713,Shamela0037325,1980,0,311,246,97
511,713,1550,Shamela0037325,1981,233,1087,668,96
511,0,1338,JK000090,170,208,1566,1063,96
511,1338,1550,JK000090,171,0,214,170,98
512,0,471,Shamela0037325,1981,1087,1554,358,94
512,471,920,Shamela0037325,1982,0,449,342,94
512,0,934,JK000090,171,214,1143,705,94
512,1340,1591,JK000090,177,0,401,185,56
513,1177,1345,Shamela0021537,2063,1413,1566,60,43
513,1177,1345,Shamela0021537,5389,1146,1299,60,43
513,386,580,Shamela0012094,180,1346,1540,155,100
513,48,327,JK000090,171,1165,1444,222,96
514,1337,1515,JK000365,1866,1282,1461,144,98
515,21,272,JK000365,1867,0,263,200,94
515,324,1250,JK000365,1868,122,1043,745,99
515,54,397,JK001173,354,21,605,117,19
516,729,1397,JK000365,1874,987,1600,493,90
516,1397,1597,JK000365,1875,0,200,161,98
516,827,1206,Shamela0037325,1965,912,1289,304,98
516,1206,1597,Shamela0037325,2068,90,498,314,94
517,0,1437,JK000365,1875,200,1658,1156,96
517,1437,1672,JK000365,1876,0,235,192,98
517,1262,1634,Shamela0037325,1882,1263,1633,303,99
517,0,926,Shamela0037325,2068,498,1438,741,95
518,0,1378,JK000365,1876,235,1597,1074,94
518,1368,1570,JK000365,1877,92,295,161,99
518,0,197,JK001245,9,899,1014,80,51
518,298,485,Shamela0035100,10847,1376,1534,126,81
518,485,737,Shamela0035100,10848,0,237,173,83
518,0,197,Shamela0036543,362,1326,1441,80,51
519,0,1340,JK000365,1877,295,1622,1071,97
519,1340,1654,JK000365,1878,0,316,257,99
520,0,1086,JK000365,1878,316,1514,863,90
520,1086,1478,JK000365,1879,0,394,311,99
520,41,492,Shamela0007664,130,27,491,354,95
521,0,1142,JK000365,1879,394,1360,768,83
521,1297,1570,Shamela0037325,2325,811,1254,169,43
521,1297,1570,JK001111,75,922,1370,177,45
522,0,792,JK001245,27,811,1495,363,47
522,0,535,JK000098,133,830,1564,402,67
522,535,1531,JK000098,134,0,994,795,98
522,0,1057,Rafed0002209Vols,592,282,1537,821,81
522,1057,1531,Rafed0002209Vols,593,0,477,382,98
522,0,184,Shamela0037325,2325,1254,1441,147,96
522,195,1531,Shamela0037325,2326,46,1387,1057,98
522,0,792,Shamela0036543,380,416,1096,355,46
522,0,184,JK001111,75,1370,1551,145,96
522,195,1531,JK001111,76,186,1522,1065,98
523,0,774,JK000098,134,994,1543,416,65
523,774,1539,JK000098,135,0,767,591,95
523,0,1054,Rafed0002209Vols,593,477,1540,825,96
523,1054,1539,Rafed0002209Vols,594,0,486,384,97
523,0,153,Shamela0037325,2326,1387,1543,123,96
523,153,1539,Shamela0037325,2327,0,1389,1078,96
523,0,1534,JK001111,77,0,1540,1215,97
524,8,504,JK001245,28,115,570,342,84
524,0,341,JK000098,135,767,1111,270,97
524,0,731,Rafed0002209Vols,594,486,1233,580,95
524,286,718,JK001017,84,323,595,218,62
524,135,718,Shamela0037325,2328,0,583,321,57
524,290,504,Shamela0036543,381,0,212,170,98
524,0,718,JK001111,78,6,726,578,98
525,1417,1541,Shamela0007830,48,1014,1135,91,88
525,1435,1541,Shamela0007830,74,676,782,85,100
525,1435,1541,JK007615,34,914,1022,84,97
525,1435,1541,Shamela0009427,262,284,389,85,99
525,948,1560,JK010637,65,720,1505,422,63
525,1221,1325,Shamela0010913,46,811,915,83,100
525,1221,1338,JK000533,253,924,1040,88,95
525,1422,1548,Shamela0006909,414,233,350,86,86
525,1435,1541,JK009320,88,781,887,84,99
525,1435,1541,Masaha003390Vols,609,978,1083,81,96
525,1435,1541,Shamela0008505,202,1179,1285,84,99
525,1221,1330,Sham19Y0019199,304,749,858,85,98
525,964,1325,Shamela0005448,62,368,916,127,21
525,1435,1541,JK000919BK2,88,936,1046,85,96
525,1221,1330,JK010743,52,83,191,86,99
526,18,352,Shamela0010548,554,822,1258,152,38
526,1224,1532,JK001460,98,800,1133,245,89
526,0,218,JK001460,615,1250,1574,167,64
526,218,834,JK001460,616,0,743,189,22
526,1224,1532,Shamela0035073,70,784,1118,248,90
526,36,834,JK010637,66,0,1232,352,28
526,433,610,JK010637,67,1315,1495,142,96
526,1224,1532,JK010637,68,1023,1356,250,91
526,0,179,Sham19Y0150966,789,1071,1299,104,59
526,1224,1532,Sham19Y0073350,119,430,756,246,91
526,1224,1532,JK001296,1,1016,1351,247,89
526,12,271,ShamAY0007299,4290,647,807,118,57
526,18,225,JK007143,178,799,1086,160,70
527,0,194,JK010637,68,1356,1549,160,99
527,194,956,JK010637,69,0,755,588,93
527,1403,1588,Shamela0006947,7296,1267,1467,148,92
527,0,400,Sham19Y0073350,119,756,1152,280,79
527,0,211,JK001296,1,1351,1569,152,77
527,211,851,JK001296,2,0,601,466,88
527,1403,1588,Rafed0003150Vols,49,427,592,116,72
528,1405,1522,Shamela0022666,24,349,474,94,93
528,1405,1522,Shamela0029677,704,247,345,77,82
528,1405,1522,JK000381,581,936,1054,94,99
528,1376,1522,Shamela0008353,187,993,1141,115,96
529,0,955,Shamela0022666,24,474,1485,757,92
529,955,1513,Shamela0022666,25,0,618,430,84
529,16,423,Shamela0029677,704,349,667,230,66
529,16,361,JK001254,17,1201,1565,228,70
529,0,454,JK000381,581,1054,1519,356,94
529,454,1513,JK000381,582,0,1096,811,89
529,1242,1513,Shamela0007597,69,1190,1598,181,52
529,0,402,Shamela0008353,187,1141,1542,319,99
529,402,1513,Shamela0008353,188,0,1130,881,96
529,16,423,Shamela0003055,634,171,562,275,79
530,0,235,Shamela0022666,25,618,799,143,76
530,294,711,Shamela0022666,29,1007,1443,337,92
530,738,1364,Shamela0022666,30,377,1421,461,54
530,294,961,Shamela0029677,709,878,1340,325,56
530,80,235,JK000382,425,514,662,112,89
530,314,624,JK001254,12,1293,1577,206,75
530,0,235,JK000381,582,1096,1277,143,76
530,294,711,JK000381,586,1085,1511,337,94
530,738,1364,JK000381,587,464,1506,461,54
530,0,414,Shamela0008353,188,1130,1545,334,98
530,414,1379,Shamela0008353,189,0,959,771,99
530,0,235,Shamela0012293,716,338,574,128,55
530,314,723,Shamela0003055,629,184,630,276,68
532,259,1559,JK001045,8,135,1547,992,85
532,262,1316,JK000331,21,1086,1493,265,31
532,1316,1563,JK000331,22,6,250,152,71
532,78,1545,Shamela0008353,191,115,1559,1104,89
532,259,1537,JK000325,8,193,1561,977,86
533,0,761,JK001045,9,5,774,578,92
533,698,1355,JK001045,10,369,1344,498,62
533,765,1349,Shamela0004473,3440,145,748,463,93
533,0,761,JK000331,22,250,531,203,32
533,0,1584,Shamela0008353,192,19,1474,1169,90
533,761,1040,Shamela0037325,1600,1364,1652,229,94
533,1040,1355,Shamela0037325,1601,0,330,245,91
533,17,761,JK000325,9,30,784,583,95
533,698,1355,JK000325,10,324,1260,487,60
534,0,240,Tafsir02102,1837,1140,1520,185,59
534,272,995,Tafsir02102,1838,0,670,518,88
534,1134,1400,Tafsir02102,1839,0,264,202,91
534,990,1353,JK000382,477,1226,1571,257,81
534,0,302,Shamela0010784,14,1056,1508,231,64
534,302,995,Shamela0010784,15,0,689,552,98
534,990,1400,Shamela0010784,16,145,574,324,91
534,0,684,Shamela0009943,358,751,1519,470,70
534,990,1400,Shamela0009943,359,1013,1394,289,84
534,684,995,Shamela0009943,359,0,291,228,89
534,0,995,JK000381,1843,271,1413,785,85
534,990,1400,JK000381,1844,863,1293,324,91
534,0,995,Shamela0011730,532,326,1468,790,85
534,990,1400,Shamela0011730,533,920,1341,316,89
534,106,1538,Shamela0008353,193,0,1436,1125,95
535,175,507,Tafsir02102,1836,686,951,182,61
535,16,831,Tafsir02102,1837,564,997,338,50
535,868,1377,Tafsir02102,1842,243,640,289,67
535,256,507,Shamela0010784,11,18,282,186,81
535,16,831,Shamela0010784,14,454,893,352,52
535,868,1377,Shamela0010784,27,682,1179,383,90
535,175,507,Shamela0009943,357,345,550,139,50
535,16,831,Shamela0009943,358,172,607,337,50
535,1128,1377,Shamela0009943,363,0,245,192,92
535,175,507,Shamela0007664,127,920,1187,186,62
535,16,838,Shamela0007664,128,786,1226,345,51
535,868,1377,Shamela0007664,129,431,824,295,70
535,160,507,JK000381,1839,936,1228,205,66
535,16,723,JK000381,1842,1131,1461,262,45
535,868,1255,JK000381,1855,1091,1464,284,88
535,160,507,Shamela0011730,528,1060,1350,208,67
535,16,668,Shamela0011730,531,1185,1459,215,40
535,668,831,Shamela0011730,532,0,163,134,100
535,868,1141,Shamela0011730,544,1190,1450,203,91
535,1141,1377,Shamela0011730,545,0,231,187,95
535,101,1377,Shamela0008353,194,0,1308,1019,95
536,126,607,JK001460,616,314,962,367,68
536,126,824,JK010637,66,809,1521,531,90
536,824,1373,JK010637,67,0,1312,429,40
536,560,841,Shamela0011755,765,796,1075,211,95
536,564,816,JK007143,178,1091,1334,188,94
537,0,293,Shia001111,2,1270,1575,211,81
537,0,303,Shia001544Vols,129,137,452,217,82
537,0,132,Shia003754Vols,674,434,567,106,97
539,1029,1458,Zaydiyya0000236,104,964,1487,338,80
539,1023,1340,Shia001111,24,1275,1590,250,97
539,1348,1458,Shia001111,25,106,216,86,100
539,1212,1458,Shia004673Vols,1140,354,692,156,53
539,1023,1458,Shia001544Vols,508,688,1220,342,80
539,1348,1458,Shia001544Vols,514,832,942,86,100
539,1029,1325,Shia001544Vols,634,1274,1584,236,93
539,1325,1458,Shia001544Vols,635,0,239,104,55
539,1023,1348,Shamela0012828,32,1252,1437,130,49
539,1029,1458,Shia001362Vols,163,188,751,337,74
539,1029,1348,Shia001432Vols,29640,1188,1525,227,82
539,1029,1458,Shia001432Vols,30517,1009,1572,334,74
539,1029,1458,Masaha001075,200,128,655,339,80
540,103,822,Shia001111,43,822,1591,579,92
540,822,1585,Shia001111,44,0,1003,603,73
540,103,1349,Shia001544Vols,762,189,1609,989,85
540,1349,1585,Shia001544Vols,763,0,348,187,65
540,251,400,Shia001544Vols,773,1135,1287,117,96
540,581,798,Shia001544Vols,777,177,395,169,95
540,999,1123,Shia001544Vols,782,363,487,103,100
540,1245,1400,Shia001544Vols,785,1307,1464,125,98
540,607,1488,Shia001544Vols,987,0,376,184,27
540,103,1141,Masaha001075,197,398,1607,822,83
540,1141,1585,Masaha001075,198,0,556,354,78
540,301,822,Tafsir04040,1466,1305,1738,346,81
540,999,1123,Tafsir04040,1467,33,157,103,100
542,60,1637,Shamela0008555,75,129,1328,872,63
542,629,1637,JK000116,204,319,1332,801,93
542,60,1637,Shamela0011073,54,129,1394,931,67
542,755,1598,Shamela0006947,18091,0,507,264,33
542,629,1303,Shamela0011573,32,854,1588,528,85
542,1303,1637,Shamela0011573,33,0,335,268,95
542,579,774,Shamela0007664,274,1445,1640,159,99
542,782,1637,Shamela0007664,275,0,847,695,98
542,659,912,Shamela0011353,188,891,1151,202,95
542,0,1321,Shamela0007597,264,193,1657,1019,83
542,1321,1637,Shamela0007597,265,0,395,236,71
542,558,1333,Sham19Y0132973,220,335,1111,601,91
542,584,1451,ShamAY0036141,16,685,1548,656,86
542,107,357,ShamAY0036141,16,25,257,161,74
542,1471,1598,ShamAY0036141,17,0,140,98,86
542,607,1637,JK001032,37,13,1035,802,91
542,629,1278,Shamela0003055,1159,897,1572,507,89
542,1278,1637,Shamela0003055,1160,0,360,297,99
542,60,629,Shamela0003055,2917,377,859,296,56
542,60,918,Shamela0003055,2974,935,1631,485,63
542,918,1637,Shamela0003055,2975,0,554,436,72
542,0,932,JK000087,190,710,1664,709,86
542,932,1637,JK000087,191,0,666,549,94
542,60,629,Shamela0011380,226,335,820,296,56
542,60,592,Shamela0011380,280,1240,1634,239,47
542,592,1637,Shamela0011380,281,0,858,682,77
543,0,333,Shamela0008555,75,1328,1632,234,85
543,333,610,Shamela0008555,76,0,275,224,98
543,717,1600,Shamela0008555,77,660,1502,634,83
543,0,288,JK000116,204,1332,1619,226,95
543,288,610,JK000116,205,0,316,259,98
543,0,272,Shamela0011073,54,1394,1647,196,87
543,272,610,Shamela0011073,55,0,380,274,88
543,717,1532,Shamela0011073,56,748,1645,639,85
543,0,610,Shamela0011573,33,335,946,475,93
543,0,610,Shamela0007664,275,847,1452,488,98
543,717,1600,Shamela0007664,277,428,1338,707,94
543,13,610,Shamela0007597,265,439,1074,470,90
543,723,1600,Shamela0007597,267,196,1183,656,78
543,122,603,ShamAY0036141,17,147,601,263,62
543,717,1049,ShamAY0036141,18,321,650,199,70
543,1216,1549,ShamAY0036141,18,1251,1581,217,69
543,0,591,JK001032,37,1035,1620,444,88
543,906,1207,JK001032,39,74,300,179,73
543,0,610,Shamela0003055,1160,360,974,481,94
543,0,610,Shamela0003055,2975,554,1145,467,93
543,717,1600,Shamela0003055,2977,54,960,690,91
543,0,610,JK000087,191,666,1282,494,99
543,717,1600,JK000087,193,314,1225,707,94
543,0,610,Shamela0011380,281,858,1439,458,91
543,717,1600,Shamela0011380,283,280,1185,683,90
544,587,1005,Shamela0011354,60,1007,1398,284,77
544,1104,1561,Shamela0011354,62,0,477,301,71
544,601,803,Hindawi073920283,156,1293,1495,161,98
544,0,152,Shamela0007664,277,1338,1488,122,98
544,587,1005,JK000381,85,437,847,316,93
544,1063,1561,JK000381,87,0,485,379,89
544,581,1005,Shamela0012027,163,1119,1521,287,77
544,0,145,Shamela0007597,267,1183,1323,113,94
544,587,740,Shamela0007663,66,1431,1611,116,77
544,740,1005,Shamela0007663,67,0,272,208,93
544,1031,1561,Shamela0007663,68,730,991,207,46
544,587,846,Shamela0007554,20,688,978,208,86
544,686,1005,Shamela0008983,3,0,311,240,93
544,1031,1399,Shamela0008983,4,1130,1522,296,92
544,1419,1561,Shamela0008983,5,5,146,115,97
544,587,835,JK000235,178,421,793,114,31
544,587,846,Shamela0011079,74,1268,1553,203,84
544,587,894,Shamela0003055,2763,1023,1342,218,77
544,587,1005,Shamela0003055,2859,700,1070,273,75
544,569,835,Shamela0003055,3144,346,723,110,30
544,587,846,Shamela0003055,3255,689,974,202,85
544,587,992,Shamela0003055,3299,365,717,259,73
544,587,992,Shamela0007620,4,326,684,260,72
544,0,145,JK000087,193,1225,1370,119,100
544,587,1005,Shamela0011380,170,380,750,274,75
544,0,145,Shamela0011380,283,1185,1330,117,98
545,0,311,Shamela0007568,51,1354,1622,209,79
545,298,1537,Shamela0007568,52,9,1235,906,87
545,1217,1424,Sham19Y0016953Vols,254,391,696,114,49
545,0,529,Shamela0011354,62,477,958,362,81
545,382,1093,Hindawi073920283,157,47,470,294,49
545,157,378,Shamela0011353,37,0,166,116,64
545,416,1537,Shamela0011353,43,457,1199,489,51
545,405,1262,Shamela0011353,238,744,1569,636,90
545,1262,1537,Shamela0011353,239,0,269,198,88
545,0,1112,JK000381,87,485,1600,885,96
545,1112,1537,JK000381,88,0,424,334,99
545,118,378,Shamela0012027,155,426,633,149,69
545,416,732,Shamela0012027,158,1194,1517,193,64
545,732,1537,Shamela0012027,159,0,424,305,45
545,0,553,Shamela0012027,164,955,1519,377,73
545,118,378,Shamela0012027,169,216,422,149,69
545,118,378,Shamela0012027,392,185,389,147,68
545,1360,1524,Shamela0007597,81,769,957,105,67
545,0,409,Shamela0007663,68,991,1428,322,88
545,368,1537,Shamela0007663,69,41,1230,865,87
545,8,400,Shamela0007554,20,1214,1632,307,87
545,0,1371,Shamela0008983,5,146,1569,1084,93
545,1371,1537,Shamela0008983,6,0,167,133,99
545,0,558,Shamela0011079,75,144,709,400,81
545,118,378,Shamela0003055,2709,978,1184,149,69
545,416,1537,Shamela0003055,2716,532,1290,504,52
545,0,571,Shamela0003055,2764,306,818,353,69
545,0,282,Shamela0003055,2778,1281,1542,196,81
545,0,282,Shamela0003055,2860,1333,1641,224,87
545,282,571,Shamela0003055,2861,0,285,192,76
545,0,368,Shamela0003055,3255,1204,1604,289,86
545,368,571,Shamela0003055,3256,0,196,129,73
545,0,571,Shamela0003055,3300,200,787,408,79
545,0,571,Shamela0007620,5,90,603,358,70
545,118,378,Shamela0011380,6,681,887,149,69
545,416,1537,Shamela0011380,13,174,937,507,52
545,0,571,Shamela0011380,171,617,1234,415,79
546,66,1481,Shamela0007568,53,244,1504,893,76
546,439,745,JK000298,583,1249,1398,87,33
546,173,1503,Shamela0011353,44,0,860,646,59
546,66,755,Shamela0011353,239,760,1453,533,94
546,755,1503,Shamela0011353,240,0,608,422,68
546,0,955,JK000381,88,424,1352,726,94
546,997,1503,JK000381,89,141,644,390,95
546,10,1382,Shamela0012027,159,630,1497,632,56
546,90,914,Shamela0007597,268,597,1433,586,83
546,66,1447,Shamela0007663,70,233,1508,914,80
546,0,1068,Shamela0008983,6,167,1451,779,72
546,1068,1503,Shamela0008983,7,0,433,341,95
546,75,1503,Shamela0003055,2717,3,964,707,59
546,5,512,Shamela0011380,13,1145,1521,264,63
546,512,1503,Shamela0011380,14,0,618,453,55
547,1193,1494,JK000088,231,1172,1473,246,100
547,0,207,Shamela0011353,44,860,1087,148,81
547,0,207,Shamela0011353,240,608,813,154,94
547,9,207,JK000381,89,649,846,150,96
547,0,207,Shamela0012027,160,115,343,144,79
547,59,207,Shamela0007597,269,133,402,104,48
547,0,207,Shamela0007663,71,54,258,153,93
547,9,207,Shamela0008983,7,438,633,149,95
547,0,207,Shamela0003055,2717,964,1191,155,86
547,9,207,Shamela0011380,14,623,837,143,83
548,0,832,Shamela0001524,2432,99,906,565,76
548,48,832,JK000088,232,0,764,607,94
549,1154,1385,Kraken21040815,150,1159,1391,185,98
549,1129,1385,ShamAY0034059,4314,399,647,199,94
549,1184,1347,JK009237,4438,564,738,111,76
550,538,1109,Kraken220413194022,2472,890,1459,428,91
550,1118,1530,Kraken220413194022,2473,0,413,294,84
550,798,1346,Kraken220413194022,2506,1085,1543,358,79
550,1346,1530,Kraken220413194022,2507,0,173,135,88
550,684,1530,Kraken220413194022,2526,0,830,612,88
550,517,1492,JK000365,486,509,1506,749,92
550,517,1511,JK000362,947,458,1119,501,62
550,749,1373,JK001173,54,3,578,430,85
550,517,1530,JK000382,378,218,1248,743,86
550,538,1439,JK001414,2433,70,984,670,89
550,790,1530,JK001414,2468,264,927,496,81
550,538,1530,JK001414,2487,128,1105,717,87
550,538,1483,JK000098,216,450,1408,703,89
550,538,1239,Shamela0007623,25,729,1427,539,94
550,1239,1530,Shamela0007623,26,0,288,223,93
550,807,950,JK000381,5433,1340,1481,108,93
550,950,1373,JK000381,5434,0,360,271,80
550,878,1151,ShamAY0038640,480,1209,1461,187,81
550,517,1146,Kraken211005012007,192,876,1530,463,83
550,1146,1369,Kraken211005012007,193,0,219,162,90
550,538,1483,Sham19Y0020879,180,474,1410,719,94
550,538,1530,Shamela0037325,930,85,1083,740,89
550,517,1530,Shamela0011123,56,231,1256,741,86
550,695,807,AOCP20251104080,183,514,622,78,87
550,538,1530,Sham19Y0017581,68,179,1177,744,90
550,798,1173,Sham19Y0017581,103,1175,1552,292,95
550,1173,1530,Sham19Y0017581,104,0,335,256,89
550,538,1530,Sham19Y0017581,124,315,1339,741,88
552,86,1209,Kraken220413194022,2472,0,1036,754,81
552,0,1209,Kraken220413194022,2525,331,1512,859,84
552,154,646,Kraken220413194022,2546,873,1495,316,61
552,646,963,Kraken220413194022,2547,0,314,222,82
552,323,478,Kraken220413194022,2548,1122,1276,107,77
552,478,1058,Kraken220413194022,2549,260,836,413,84
552,1064,1209,JK000365,486,551,699,98,74
552,0,724,JK000362,404,812,1518,534,90
552,724,1058,JK000362,405,0,330,245,92
552,0,437,JK000362,946,1180,1508,249,70
552,446,1209,JK000362,947,0,589,422,67
552,1058,1209,JK000382,378,274,419,104,79
552,0,991,JK001414,2432,558,1460,674,83
552,991,1209,JK001414,2433,0,219,157,84
552,939,1209,JK001414,2487,0,277,197,86
552,154,963,JK001414,2508,375,1316,546,70
552,478,649,JK001414,2510,1325,1500,130,89
552,323,478,JK001414,2510,658,812,107,77
552,649,1058,JK001414,2511,0,405,288,85
552,0,570,JK000098,215,974,1512,397,84
552,613,1209,JK000098,216,0,597,436,88
552,0,333,Shamela0007623,24,1196,1511,240,88
552,333,1209,Shamela0007623,25,0,870,634,87
552,171,1058,JK000381,1582,0,808,621,87
552,323,863,JK000381,2598,226,693,354,81
552,313,963,Shamela0011730,716,195,733,412,79
552,1064,1209,Kraken211005012007,192,918,1066,98,74
552,0,588,Sham19Y0020879,179,974,1533,432,90
552,588,1209,Sham19Y0020879,180,0,615,444,86
552,0,979,Shamela0037325,929,609,1491,667,83
552,979,1209,Shamela0037325,930,0,232,167,84
552,1058,1209,Shamela0011123,56,260,410,119,98
552,500,799,Shamela0011212,12,169,452,204,82
552,804,1058,Shamela0003055,593,386,655,187,88
552,500,799,Shamela0003055,744,1128,1411,204,82
552,0,885,Sham19Y0017581,67,636,1484,637,86
552,885,1209,Sham19Y0017581,68,0,326,239,88
552,0,759,Sham19Y0017581,123,744,1492,569,89
552,759,1205,Sham19Y0017581,124,0,458,323,85
552,154,963,Sham19Y0017581,146,171,1126,547,69
552,478,826,Sham19Y0017581,148,1156,1506,252,84
552,323,478,Sham19Y0017581,148,491,647,109,78
552,261,869,Sham19Y0017581,149,370,861,258,51
553,1450,1637,JK000065,374,41,231,154,96
554,7,275,Shamela0023606,302,33,307,196,83
554,7,716,JK000065,375,33,760,571,95
555,1343,1505,Shia002356Vols,374,979,1138,130,98
555,1337,1505,Shamela0000041,919,935,1326,137,42
555,1343,1505,Meshkat00042488,513,476,1065,132,27
555,1343,1505,JK000791,757,1222,1384,132,100
555,1337,1505,JK000362,969,531,699,137,100
555,1337,1490,Sham19Y0016953Vols,1521,136,289,125,100
555,1337,1505,Rafed0003257Vols,2409,1013,1190,135,93
555,677,1162,Shamela0011354,60,630,992,235,58
555,1337,1472,Tafsir05047,258,396,595,79,48
555,1343,1505,Tafsir06048,355,583,986,132,39
555,1343,1505,Shamela0006947,1570,88,250,132,100
555,1337,1505,ShamAY0033108,637,1156,1491,137,49
555,1343,1505,Shamela0023578,1205,589,920,132,48
555,1343,1531,Sham19Y0147312,739,610,795,144,93
555,1343,1523,Tafsir09083,458,612,965,133,45
555,1337,1523,JK006950,42,935,1118,148,97
555,1350,1505,Shia002382Vols,650,0,223,127,69
555,1343,1505,QuranAnalysis001,67,80,242,132,100
555,1343,1505,JK009270,1618,594,755,132,99
555,1343,1505,Shamela0029743,311,958,1120,132,100
555,1337,1505,Shamela0021821,616,238,406,134,97
555,1343,1505,Shamela0023628,1296,315,477,132,100
555,1343,1505,Rafed0003943Vols,430,139,301,132,100
555,681,1543,JK000381,83,737,1578,667,93
555,1332,1505,JK000381,3915,210,383,139,97
555,1337,1523,JK000381,5738,704,887,148,97
555,677,1162,Shamela0012027,163,761,1115,238,59
555,873,1162,Shamela0012027,265,138,326,138,57
555,1343,1505,JK007018,223,915,1081,132,97
555,1343,1505,Rafed0001713Vols,836,948,1110,132,100
555,1343,1518,Shamela0008473,1932,725,898,139,97
555,677,1505,Shamela0007663,66,452,1375,598,75
555,728,970,Shamela0007554,20,155,404,160,81
555,681,1586,Shamela0008983,1,81,971,701,93
555,1343,1505,JK009396,481,1361,1523,132,100
555,1343,1505,JK009268,1964,857,1019,132,100
555,1337,1505,Shamela0037458,1280,303,848,134,30
555,1343,1498,ShamIbadiyya0000075,270,987,1196,126,74
555,1343,1531,Sham19Y0020891,2096,79,253,142,92
555,681,970,Shamela0011079,74,700,972,172,74
555,731,1162,Shamela0003055,2859,174,438,192,57
555,728,970,Shamela0003055,3255,147,386,157,82
555,681,895,Shamela0003055,3299,192,428,105,56
555,1343,1505,Shamela0023591,3151,1240,1402,132,100
555,1343,1505,Shamela0023591,3164,394,556,132,100
555,1343,1505,Shamela0023632,1311,284,446,132,100
555,731,873,Shamela0011380,169,1397,1528,89,81
555,873,1162,Shamela0011380,170,0,132,104,45
556,582,712,Shamela0000041,839,1357,1487,107,100
556,714,1011,Shamela0002300,767,722,1024,239,96
556,719,1011,Shamela0010283,3359,1255,1547,241,100
556,714,952,JK000373,204,0,238,197,100
556,582,712,Meshkat00042488,449,886,1314,107,30
556,582,719,Tafsir04038,162,920,1057,110,97
556,719,1011,Tafsir04056,3848,1292,1584,241,100
556,725,1011,Shamela0023833,363,1127,1413,236,100
556,582,712,JK000791,661,808,938,107,100
556,576,729,JK001420,329,1162,1459,120,49
556,725,1011,Rafed0003257Vols,1738,1420,1706,236,100
556,582,712,Rafed0003257Vols,2113,772,902,107,100
556,719,1011,JK000374,98,1137,1429,241,100
556,582,712,Shamela0006947,470,1197,1327,107,100
556,571,712,ShamAY0038316,141,1132,1273,116,100
556,576,712,ShamAY0033108,563,107,475,112,36
556,725,1011,Shia001269,1,744,1030,236,100
556,725,988,Shamela0023578,946,1306,1568,218,99
556,725,1011,ShamAY0001202,1,99,385,236,100
556,586,712,Sham19Y0147312,638,0,451,104,27
556,847,1011,JK006838,2,0,164,134,100
556,222,586,JK006950,42,1102,1450,280,95
556,227,569,JK006950,80,51,393,275,100
556,719,1011,JK006950,4119,98,390,241,100
556,582,712,QuranAnalysis001,57,1174,1304,107,100
556,582,712,JK009270,1436,1399,1529,107,100
556,582,712,Shamela0029743,269,1199,1329,107,100
556,725,1011,Shia001432Vols,3190,955,1240,235,99
556,725,1011,Sham19Y0023608,904,1299,1585,236,100
556,582,712,Sham19Y0023608,1144,282,412,107,100
556,582,712,Sham19Y0014404,413,90,372,107,46
556,582,712,Shamela0021821,547,804,934,107,100
556,582,712,Shamela0023628,1136,560,690,107,100
556,0,240,Shamela0011353,32,466,624,109,55
556,725,1011,Rafed0003943Vols,280,1036,1322,236,100
556,576,712,Rafed0003943Vols,352,307,443,108,97
556,0,1577,JK000381,84,44,1593,1255,97
556,571,712,JK000381,2694,1302,1443,116,100
556,714,1011,JK000381,3422,1059,1356,245,100
556,222,586,JK000381,5738,871,1219,280,95
556,324,569,JK000381,5776,0,245,197,100
556,719,1011,JK000381,9819,382,674,241,100
556,725,1011,Shamela0010273,600,1307,1593,236,100
556,582,712,Shamela0010273,752,123,253,107,100
556,582,725,Sham19Y0023618,558,9,151,113,96
556,714,1011,Shamela0004445,147,89,401,244,94
556,714,1011,Shamela0004445,731,985,1282,245,100
556,719,1011,JK000330,217,310,602,241,100
556,719,1011,JK000330,262,243,535,241,100
556,582,725,Meshkat00057178,1326,836,1296,115,30
556,725,1011,Masaha002028Vols,825,720,1006,236,100
556,725,1011,Rafed0001713Vols,604,379,665,236,100
556,582,712,Rafed0001713Vols,750,65,195,107,100
556,725,1011,Shamela0008473,1431,807,1093,236,100
556,582,725,Shamela0008473,1758,1345,1490,113,93
556,576,712,Rafed0003799Vols,1582,568,1109,112,25
556,1037,1280,Shamela0007554,20,445,684,188,94
556,0,582,Shamela0008983,1,971,1555,457,96
556,582,1602,Shamela0008983,2,0,1070,815,91
556,725,1011,JK009396,341,162,448,236,100
556,582,712,JK009396,416,15,145,107,100
556,725,1011,JK009268,1533,1333,1619,236,100
556,714,1011,Shamela0021499,20,666,963,245,100
556,0,233,Shamela0037325,2465,281,424,113,61
556,582,712,Shamela0037458,1117,781,911,107,100
556,582,712,Meshkat0014420,1491,409,539,107,100
556,725,1011,Shamela0012293,1020,315,601,236,100
556,725,1011,Sham19Y0020891,1601,621,907,236,100
556,1037,1280,Shamela0011079,74,1013,1264,187,90
556,813,1011,Shamela0003055,97,0,198,163,100
556,0,240,Shamela0003055,2704,1239,1397,109,55
556,719,1011,Shamela0003055,2748,112,404,241,100
556,1037,1280,Shamela0003055,2859,438,696,185,87
556,1037,1280,Shamela0003055,3255,427,685,185,87
556,813,1011,Shia003721Vols,56,0,197,161,98
556,582,712,JK009266,3604,491,621,107,100
556,725,1011,Shamela0023591,2458,493,779,236,100
556,582,712,Shamela0023591,2879,561,691,107,100
556,582,712,Shamela0023632,1164,1142,1272,107,100
556,1037,1280,Shamela0011380,170,132,376,185,91
557,407,707,Shamela0011354,60,977,1238,172,64
557,1238,1433,Shamela0011354,98,1040,1282,148,74
557,1142,1427,Shamela0006947,18021,766,1149,211,67
557,1238,1427,Shamela0011573,25,253,440,148,96
557,1238,1427,JK000098,587,1164,1353,151,98
557,1238,1427,Shamela0009943,461,1004,1191,152,98
557,463,664,Hindawi073920283,156,1293,1495,159,97
557,0,707,JK000381,85,24,693,523,89
557,407,707,Shamela0012027,163,1100,1361,170,63
557,1165,1427,Shamela0002386,175,973,1150,120,56
557,445,707,Shamela0007554,20,684,978,210,86
557,0,546,Shamela0008983,2,1070,1646,402,82
557,425,696,JK000235,178,400,793,116,31
557,1238,1427,ShamAY0034419,130,1194,1383,151,98
557,445,703,Shamela0011079,74,1264,1549,201,83
557,1238,1427,Shamela0003055,1152,284,472,149,96
557,445,707,Shamela0003055,2763,1019,1316,209,86
557,445,703,Shamela0003055,2859,696,982,206,87
557,445,696,Shamela0003055,3144,553,723,114,56
557,445,707,Shamela0003055,3255,685,974,205,85
557,430,707,Shamela0003055,3299,345,654,215,85
557,1238,1427,Shamela0003055,3304,86,273,148,96
557,430,707,Shamela0007620,4,306,621,218,84
557,1238,1421,Shamela0007620,8,1280,1461,142,96
557,445,703,Shamela0011380,170,376,661,206,87
558,1431,1602,JK000350,148,565,731,124,82
558,1431,1602,JK001226,148,1008,1173,124,82
558,1431,1602,JK001226,263,146,312,124,82
558,4,598,JK001226,267,551,1098,436,89
559,139,842,Kraken220413194022,985,988,1473,222,31
559,139,842,Shamela0008555,71,324,638,230,40
559,381,604,JK000350,99,1096,1309,163,89
559,0,799,JK000350,148,731,1532,609,93
559,799,1475,JK000350,149,0,677,532,97
559,139,842,JK000365,466,39,594,248,33
559,163,363,Shamela0007568,27,929,1146,130,64
559,135,842,Sham19Y0016953Vols,631,402,751,235,39
559,142,842,Sham19Y0016953Vols,706,696,981,223,39
559,142,325,Sham19Y0016953Vols,825,1247,1401,122,81
559,135,842,Sham19Y0016953Vols,954,556,1054,240,34
559,142,842,Sham19Y0016953Vols,1389,0,325,215,36
559,139,842,Shamela0011354,112,444,750,227,40
559,139,842,Shamela0011073,50,182,497,232,40
559,135,842,AOCP20251104081,631,487,1028,236,34
559,163,842,AOCP20251104081,778,552,862,215,37
559,160,333,AOCP20251104081,781,298,509,129,75
559,139,325,Masaha004105Vols,268,142,324,140,91
559,405,604,JK000142,466,480,684,154,95
559,163,810,ShamAY0034401,23,239,554,203,36
559,135,823,JK001414,116,1126,1553,216,35
559,142,333,JK001414,148,176,376,153,95
559,139,842,JK001414,965,277,765,226,32
559,188,842,JK000355,9,787,1112,209,36
559,142,311,Shamela0009943,475,1429,1593,130,92
559,281,842,JK006950,1304,0,387,158,29
559,163,842,JK006950,1585,529,821,206,36
559,160,333,JK006950,1588,1072,1264,117,75
559,139,325,JK006950,1957,818,980,125,83
559,188,842,JK006950,1996,478,808,209,36
559,142,842,JK006950,2017,553,824,214,37
559,142,333,JK006950,2063,545,715,128,81
559,142,333,JK006950,2080,558,730,131,83
559,192,842,JK006950,2143,992,1267,208,39
559,135,842,JK006950,3160,882,1205,238,41
559,188,842,Shamela0012094,153,908,1199,208,38
559,405,604,Sham19Y0020591,744,1104,1309,155,95
559,142,333,JK001011,124,50,243,147,90
559,405,599,Shamela0026764,21,1294,1510,147,85
559,388,604,JK000021,1283,988,1214,160,87
559,142,325,Shia004509,124,539,731,147,94
559,142,325,JK000381,113,1292,1453,128,86
559,229,842,JK000381,226,0,373,178,29
559,163,810,JK000381,795,517,813,208,37
559,142,724,JK000381,5441,955,1510,286,49
559,135,842,JK000381,7001,379,871,230,32
559,199,842,JK000381,7283,0,251,190,35
559,160,333,JK000381,7286,503,695,117,75
559,139,325,JK000381,7655,789,951,125,83
559,188,842,JK000381,7694,525,855,209,36
559,142,842,JK000381,7715,599,870,214,37
559,142,333,JK000381,7761,729,899,128,81
559,142,333,JK000381,7778,796,968,131,83
559,192,763,JK000381,7841,1321,1516,143,30
559,135,810,JK000381,8859,1288,1578,212,38
559,142,319,AOCP20251104062,167,57,226,132,91
559,388,604,JK000367,264,662,909,160,82
559,388,608,JK009141,1125,790,999,146,80
559,405,604,Sham19Y0131521,2736,1096,1301,155,95
559,139,842,JK000385,51,950,1250,232,41
559,476,714,Rafed0000040Vols,1115,287,714,154,43
559,192,325,JK000330,1054,501,634,108,100
559,421,604,Shamela0008473,3877,0,185,145,98
559,163,363,Shamela0007663,60,454,671,130,64
559,142,325,JK000376,17,477,656,142,96
559,160,753,JK000376,131,1207,1527,160,28
559,0,397,JK001226,148,1173,1569,315,99
559,397,1475,JK001226,149,0,1076,853,98
559,388,608,JK001226,184,1238,1489,161,81
559,0,1177,JK001226,263,312,1500,919,95
559,1177,1475,JK001226,264,0,300,236,97
559,192,859,Shamela0012769,39,515,775,190,35
559,142,325,JK000363,163,1158,1334,138,91
559,142,842,JK000146,12,750,1309,259,39
559,405,604,PV2024060602,5063,362,566,154,95
559,169,842,Shamela0003055,324,589,879,211,37
559,163,567,Shamela0003055,364,947,1346,139,28
559,384,604,Shamela0003055,2910,575,814,161,86
559,139,842,Shamela0003055,2970,1030,1332,232,41
559,388,604,JK000087,166,895,1117,136,70
559,384,604,Shamela0011380,219,858,1098,159,85
559,264,842,Shamela0011380,277,0,194,152,32
560,6,842,JK000350,149,677,1514,646,92
560,0,627,JK001226,149,1076,1489,332,65
560,343,932,JK001226,150,75,669,474,98
560,6,734,JK001226,264,300,1001,562,95
561,937,1522,Shamela0009943,32,1124,1646,426,89
561,937,1495,Shamela0012398,1820,906,1617,265,36
562,594,770,Sham19Y0036072,300,32,397,133,46
562,668,834,Sham19Y0148535,160,157,378,80,45
562,1266,1477,AOCP20251104145Vols,257,906,1118,126,72
562,594,779,JK010638,106,6,193,132,90
562,1266,1473,JK000418,323,1085,1296,108,66
562,1266,1477,Shamela0012398,939,16,230,128,77
562,1230,1473,Hindawi052406949,2,217,442,156,80
562,1266,1473,Hindawi052406949,9,1058,1267,146,88
562,1007,1121,Rafed0002267,55,58,172,90,100
562,1007,1121,JK010625,101,970,1083,78,85
562,1237,1473,Shia003986,68,742,960,148,78
562,1266,1477,Shamela0001584,388,95,315,112,66
562,1258,1473,Hindawi097260461,77,1146,1363,151,88
562,1266,1473,Shamela0010273,2015,234,444,125,72
562,1266,1473,Tafsir02096,1919,616,824,138,85
562,658,774,Shamela0009775,55,701,869,87,66
562,1007,1126,Shamela0000580,136,948,1067,90,95
562,1007,1121,JK009233,320,177,290,90,99
562,1011,1121,JK009365,8,725,835,87,100
562,1266,1473,ShamAY0038438,34,1296,1501,131,81
562,1230,1473,Shamela0000432,6183,856,1090,157,80
562,1308,1473,Hindawi046486938,68,0,166,115,88
564,537,924,JK000116,155,126,563,304,83
564,537,924,Shamela0007567,7,293,730,296,79
564,502,924,Shamela0011354,28,508,973,311,79
564,541,765,Shamela0007664,214,1280,1552,172,77
564,765,924,Shamela0007664,215,0,155,128,96
564,541,924,Shamela0011353,172,182,605,300,85
564,16,494,Shia004509,75,218,694,291,69
564,16,482,Shamela0012027,57,1102,1552,276,69
564,165,494,Shamela0012027,62,477,1128,254,45
564,552,924,Shamela0012027,63,957,1316,293,95
564,541,924,Shamela0002386,118,1019,1429,300,88
564,541,930,Shamela0007663,101,3,405,288,84
564,16,494,JK001226,332,907,1372,291,70
564,329,494,JK001226,338,365,510,117,86
564,552,924,JK001226,339,329,686,291,94
564,384,924,Shamela0003055,2987,829,1248,313,71
566,1072,1633,JK000116,518,962,1491,412,87
566,1093,1337,Shamela0008532,20,1307,1489,150,71
566,1072,1291,Shamela0012094,257,1052,1265,177,94
566,1093,1334,Shamela0007625,19,1136,1386,180,83
566,1093,1330,Shamela0007625,24,420,652,173,80
566,1093,1337,Shamela0011379,310,881,1063,150,71
566,1072,1459,Shamela0007664,282,1280,1634,268,81
566,1459,1633,Shamela0007664,283,0,176,143,98
566,1144,1633,Shamela0011353,192,0,461,359,84
566,1072,1633,Shamela0002386,375,1034,1563,412,87
566,1072,1633,Shamela0007663,134,664,1193,411,87
566,1093,1330,ShamAY0036141,16,297,544,184,85
566,1072,1633,Shamela0037325,2224,1092,1621,414,87
566,1093,1337,Shamela0003055,250,92,274,150,71
566,1162,1633,Shamela0003055,2253,1023,1627,289,54
566,1093,1337,Shamela0003055,2646,763,945,150,71
566,1093,1330,Shamela0003055,2913,157,384,177,83
566,1072,1633,JK000087,169,205,735,414,87
566,1093,1330,Shamela0011380,222,533,760,175,83
567,924,1115,Shamela0008555,74,1372,1560,130,83
567,965,1369,JK000116,152,890,1184,227,66
567,0,164,JK000116,518,1491,1658,126,88
567,164,924,JK000116,519,0,931,591,77
567,924,1369,Shamela0008476,63,746,1057,236,63
567,929,1369,Shamela0008532,9,267,568,230,62
567,914,1490,Shamela0011082,40,465,906,283,58
567,924,1115,Shamela0011073,53,1364,1551,134,85
567,924,1376,Shamela0006947,20285,484,939,342,88
567,924,1369,ShamAY0033606,43,1205,1526,237,63
567,929,1312,Shamela0011211,36,1199,1544,121,25
567,929,1604,Shamela0007625,13,291,942,499,88
567,917,1604,Shamela0011379,295,246,951,507,84
567,924,1259,Shamela0007664,259,566,869,191,62
567,0,924,Shamela0007664,283,176,1256,728,82
567,924,1369,Shamela0011353,37,397,877,363,91
567,0,924,Shamela0011353,192,461,1457,648,73
567,1079,1598,Shamela0011438,429,0,602,379,74
567,924,1362,Shamela0012027,155,866,1339,352,89
567,0,805,Shamela0007597,238,240,980,546,81
567,1119,1386,Shamela0007597,242,49,440,169,52
567,98,924,Shamela0002386,376,0,996,647,78
567,0,430,Shamela0007663,134,1193,1627,346,97
567,430,1604,Shamela0007663,135,0,1580,862,64
567,933,1614,Shamela0007554,27,357,1034,491,85
567,0,788,ShamAY0036141,10,690,1464,543,79
567,64,924,Shamela0037325,2225,0,1015,678,81
567,924,1369,Shamela0036543,115,786,1105,240,64
567,924,1369,JK006875,15,1122,1445,247,65
567,933,1369,Shamela0011079,74,215,677,336,87
567,929,1614,Shamela0003055,174,171,866,529,92
567,917,1604,Shamela0003055,234,375,1090,536,90
567,1207,1386,Shamela0003055,477,0,249,119,57
567,105,805,Shamela0003055,2254,0,647,483,82
567,924,1369,Shamela0003055,2524,1174,1497,246,64
567,929,1369,Shamela0003055,2634,1221,1532,243,65
567,1069,1369,Shamela0003055,2710,0,324,243,91
567,924,1369,Shamela0003055,2768,451,950,332,79
567,924,1352,Shamela0003055,2865,1117,1543,332,92
567,1352,1604,Shamela0003055,2866,0,231,171,82
567,924,1115,Shamela0003055,2974,575,762,134,85
567,929,1318,Shamela0003055,3159,963,1295,121,26
567,929,1389,Shamela0003055,3187,1186,1624,338,86
567,1389,1604,Shamela0003055,3188,0,208,161,91
567,933,1604,Shamela0003055,3262,789,1449,483,85
567,914,1389,Shamela0003055,3362,1132,1474,239,58
567,0,788,JK000087,169,735,1522,645,99
567,825,1604,JK000087,170,29,1125,611,68
567,924,1369,Shamela0011380,6,1122,1602,347,85
567,924,1604,Shamela0011380,176,29,687,500,88
567,924,1115,Shamela0011380,280,867,1055,131,84
568,348,708,JK009313,5655,1089,1428,258,85
568,260,825,Shamela0023695,1230,612,1114,372,80
568,255,825,Sham19Y0036571,100,138,691,435,91
568,348,788,Shamela0031372,115,587,810,143,39
569,558,1581,Shamela0001524,1114,585,1653,560,52
569,558,804,Shamela0012320,105,1296,1551,180,86
569,819,1617,Shamela0012320,106,146,1070,543,65
569,558,1617,JK000906,7769,143,1201,866,99
569,558,1525,MMS00013,1800,373,1628,661,62
569,561,1525,Sham19Y0026523,6425,74,1311,641,58
570,10,894,Shamela0001524,1115,41,552,346,46
570,0,425,Shamela0012320,106,1070,1492,308,87
570,1187,1608,Shamela0012320,108,337,851,280,66
570,0,402,JK000906,7769,1201,1608,327,98
570,474,1644,JK000906,7770,45,1256,947,94
570,0,998,MMS00013,1801,89,1546,542,42
570,1187,1608,MMS00013,1802,910,1430,276,64
570,4,333,Sham19Y0026523,6425,1311,1636,241,87
571,111,977,Shamela0012320,113,311,1013,514,69
571,0,427,JK000906,7770,1256,1683,354,99
571,427,1267,JK000906,7771,0,838,683,98
572,1206,1430,Shamela0023775,537,612,893,176,77
573,133,682,Shia002356Vols,861,1223,1522,237,54
573,760,1285,Shia002356Vols,863,820,1431,343,66
573,1285,1500,Shia002356Vols,865,542,758,170,99
573,1285,1500,Shamela0000041,1893,744,1337,170,36
573,1289,1476,Shamela0002300,138,965,1204,147,78
573,1254,1500,Shamela0007798,7102,596,902,196,80
573,862,1061,Shamela0007798,7104,213,672,107,26
573,133,525,Shamela0010283,2606,646,913,160,50
573,1289,1500,Shamela0010283,2609,1197,1473,166,74
573,996,1289,Shamela0010283,2609,294,437,116,48
573,1289,1497,JK000326,4,880,1210,153,59
573,1373,1500,Meshkat00042488,1255,0,535,100,23
573,1212,1500,Tafsir02102,3153,186,483,229,95
573,804,1500,Hindawi019640759,37,93,780,339,50
573,133,1194,Hindawi063827241,90,123,876,512,57
573,133,682,JK000791,1730,801,1100,238,54
573,495,974,JK000791,1733,657,1073,218,53
573,1233,1500,JK000791,1737,0,268,212,99
573,1285,1500,Kraken220413030927,14,579,799,167,96
573,133,551,JK001420,637,497,932,137,25
573,976,1500,JK001420,638,668,930,150,31
573,862,1500,Rafed0003257Vols,4036,158,897,441,73
573,133,551,ShamAY0000055,193,117,381,212,63
573,1303,1500,Shia001382,21,0,178,139,88
573,1285,1500,Shamela0006947,21799,780,996,170,99
573,867,1198,Shamela0037473BK1,119,844,1152,193,69
573,133,684,JK009362,5969,838,1140,238,54
573,1289,1500,JK009362,5989,0,214,167,97
573,652,885,Shamela0023578,2309,1374,1560,116,62
573,885,1500,Shamela0023578,2310,0,715,422,72
573,1303,1500,Shia001423Vols,159,1089,1287,156,99
573,804,1399,JK000911,146,761,1511,233,29
573,760,974,Sham19Y0147312,1516,886,1469,144,28
573,475,1500,MMS00013,506,272,1214,602,65
573,475,1285,MMS00013,945,755,1514,420,50
573,1285,1500,MMS00013,946,3,225,170,96
573,1285,1500,JK006478,7017,745,963,170,97
573,1343,1500,Shamela0011365,8,1034,1192,123,99
573,1194,1497,Shamela0022593,1875,243,850,219,46
573,1285,1446,JK000917,1222,1346,1506,127,99
573,0,652,Shamela0023775,537,893,1536,515,98
573,652,1500,Shamela0023775,538,0,842,673,97
573,753,1038,Sham19Y0145435,1197,484,1121,193,37
573,133,1285,Sham19Y0145435,5094,135,1046,579,56
573,1285,1500,Sham19Y0145435,5097,927,1143,170,99
573,133,1399,QuranAnalysis001,164,534,1558,669,60
573,1399,1500,QuranAnalysis001,165,0,102,80,99
573,475,974,JK009270,3527,617,931,252,62
573,976,1336,JK009270,3531,1372,1578,169,57
573,1336,1500,JK009270,3532,0,165,129,99
573,760,904,Shamela0010551,350,726,861,108,93
573,1285,1500,Shamela0010551,352,225,443,170,98
573,133,992,Shamela0029743,764,440,969,411,59
573,976,1500,Shamela0029743,767,293,667,299,71
573,133,1194,Shia001432Vols,4389,790,1544,515,57
573,976,1500,Shia001432Vols,4390,0,374,299,71
573,1013,1481,Shia001432Vols,4392,0,482,224,43
573,1303,1476,Shia001432Vols,19622,604,795,120,76
573,133,682,Sham19Y0023608,2885,326,625,238,54
573,647,885,Sham19Y0023608,2887,1286,1580,107,33
573,1285,1500,Sham19Y0023608,2892,20,237,170,99
573,475,974,Shamela0012884,3826,419,735,252,62
573,976,1500,Shamela0012884,3833,171,545,299,71
573,647,992,Shamela0021821,1362,671,1078,185,45
573,1370,1500,Shamela0021821,1365,0,131,102,99
573,976,1347,Shamela0012851,316,1269,1578,178,47
573,862,1198,Shamela0023628,2681,314,682,206,66
573,976,1414,Shamela0023628,2684,857,1145,231,65
573,133,867,Rafed0003943Vols,1194,484,882,314,53
573,976,1446,Rafed0003943Vols,1197,1330,1643,240,63
573,133,682,Shamela0004473,8312,502,801,238,54
573,760,1500,Shamela0004473,8313,12,935,507,66
573,1356,1500,Shamela0004473,8806,0,145,113,99
573,862,1194,JK000961,108,408,770,203,66
573,133,682,Shamela0010273,2203,271,570,238,54
573,760,1212,Shamela0010273,2208,651,1097,253,63
573,1212,1500,Shamela0010273,2214,338,764,230,67
573,1285,1500,ShamAY0034048,13,1129,1345,170,99
573,475,1194,Sham19Y0023618,1268,935,1502,366,59
573,976,1500,Sham19Y0023618,1270,415,790,299,70
573,133,1285,Shamela0004445,531,5,917,579,56
573,1285,1500,Shamela0004445,535,286,502,170,99
573,1285,1500,Rafed0000040Vols,943,1270,1486,170,99
573,1285,1500,Tafsir07076,5424,985,1456,169,45
573,1285,1500,Sham19Y0020642,430,156,371,170,99
573,1289,1500,JK000330,988,1139,1351,167,99
573,125,434,Rafed0000110,152,570,896,159,45
573,1285,1476,Rafed0000110,154,404,686,150,67
573,760,974,JK007018,526,598,804,165,95
573,1285,1500,JK007018,528,861,1080,168,96
573,133,974,Shamela0010523,81,991,1495,402,59
573,976,1500,Shamela0010523,84,186,560,299,71
573,133,682,Rafed0001713Vols,1866,1114,1413,238,54
573,490,1205,Rafed0001713Vols,1871,287,1293,376,45
573,976,1500,Rafed0001713Vols,1875,775,1150,299,70
573,1285,1500,Shamela0008473,3547,641,857,170,99
573,976,1322,Shamela0000922,937,517,869,163,42
573,133,682,JK009396,1091,893,1192,238,54
573,760,974,JK009396,1093,940,1145,165,95
573,1285,1500,JK009396,1097,1204,1420,170,99
573,133,932,JK009268,3583,1071,1532,367,57
573,976,1500,JK009268,3584,292,666,299,71
573,475,904,Shamela0037458,3071,1092,1338,196,57
573,976,1343,Shamela0037458,3077,373,589,176,58
573,1343,1500,Shamela0037458,3078,1399,1557,123,99
573,1285,1500,Masaha000554Vols,4036,1214,1431,168,96
573,77,551,Shamela0007292,78,626,940,228,59
573,133,682,Meshkat0014420,3491,1043,1342,238,54
573,689,992,Meshkat0014420,3495,659,932,180,72
573,1285,1500,Meshkat0014420,3500,275,490,170,99
573,985,1481,Shia003749,407,305,762,222,44
573,1303,1500,Shia001156,6,995,1193,156,99
573,133,1152,Shia003721Vols,440,815,1528,480,56
573,1285,1500,Shia003721Vols,444,1026,1242,170,99
573,133,551,JK009266,7069,133,397,212,63
573,1285,1500,JK009266,7092,1075,1289,169,98
573,800,1285,Hindawi041584975,40,953,1531,314,64
573,996,1418,Shamela0037473BK2,79,785,1106,209,54
573,184,1500,Shamela0023591,5311,0,1079,713,62
573,844,1285,Shamela0023591,5344,351,921,284,59
573,1285,1500,Shamela0023591,5350,133,350,170,99
573,1285,1500,Shamela0023632,2679,697,914,170,99
573,1303,1476,Zaydiyya0000295Vols,1671,1299,1472,136,100
573,1285,1500,Hindawi036246035,282,20,236,170,99
573,1285,1500,Zaydiyya0000220,279,685,901,170,99
574,122,880,Shamela0023775,541,801,1544,586,94
574,880,1564,Shamela0023775,542,0,742,544,90
575,993,1470,Sham19Y0016953Vols,397,164,699,304,58
575,998,1181,Shamela0022666,74,169,326,95,53
575,1054,1543,Shamela0011354,61,105,587,374,88
575,577,1213,JK000351,99,59,546,259,42
575,998,1470,AOCP20251104081,784,942,1315,263,65
575,577,1181,Shamela0009943,426,1117,1389,171,34
575,0,158,Shamela0023775,542,742,893,118,95
575,677,1300,JK000381,85,1023,1562,423,82
575,1300,1587,JK000381,86,0,288,241,98
575,1181,1466,JK000381,231,1135,1422,234,98
575,577,1213,JK000381,4538,691,1178,259,42
575,998,1470,JK000381,7289,933,1294,272,69
575,998,1181,JK000367,367,1221,1380,86,55
575,1054,1543,Shamela0012027,164,203,685,372,88
575,998,1181,Shamela0012027,343,832,985,84,53
575,577,993,Sham19Y0011326,9,587,823,186,56
575,1181,1587,Shamela0007663,67,538,968,338,94
575,587,1587,Shamela0008983,3,424,1433,794,95
575,1181,1466,JK000376,137,1367,1654,234,98
575,998,1587,Shamela0003055,2860,102,582,342,62
575,810,1503,Shamela0003055,3299,873,1571,354,47
575,782,1587,Shamela0007620,4,804,1609,448,54
575,756,1561,Shamela0011380,170,904,1585,456,63
578,1405,1578,JK001016,30,692,865,139,98
578,1405,1578,Sham19Y0029600,107,208,382,137,96
579,1464,1604,JK007128,448,1251,1402,111,88
579,1460,1598,Shamela0005644,395,1191,1344,100,77
579,30,149,Sham19Y0000760,1165,855,971,85,91
579,938,1235,JK009296,975,1136,1416,196,74
579,0,747,JK001016,30,865,1591,581,94
579,747,1626,JK001016,31,0,883,673,90
579,1464,1604,Rafed0002654Vols,2542,119,521,111,33
579,1451,1626,Rafed0002654Vols,6273,285,472,146,93
579,0,466,Sham19Y0029600,107,382,1566,340,35
579,405,1140,Sham19Y0029600,108,158,1285,571,60
579,1140,1626,Sham19Y0029600,109,639,1128,376,92
579,728,866,Sham19Y0029600,111,1255,1389,108,95
579,1464,1604,Shia004092Vols,2959,288,690,111,33
579,1451,1626,Shia004092Vols,6594,419,607,145,92
579,327,975,Kraken210713085803,24,945,1649,516,88
579,975,1626,Kraken210713085803,25,0,656,492,86
579,149,516,Kraken210713085803,63,266,585,257,84
580,0,220,JK001016,31,883,1105,181,98
580,6,181,Sham19Y0029600,110,310,484,143,98
580,0,173,Kraken210713085803,25,656,834,140,91
580,616,917,Shamela0011539,1694,847,1201,206,71
591,900,1618,Shamela0031371,196,33,796,490,74
592,0,830,Shamela0031371,196,796,1584,508,67
593,412,791,JK007640,257,327,726,305,94
594,1038,1415,JK007640,59,336,732,302,94
595,598,743,JK007640,266,266,417,118,94
595,1329,1526,Shamela0004473,890,346,491,101,65
597,294,742,JK007640,108,762,1449,251,38
597,821,974,JK007640,295,558,717,123,95
599,1228,1415,JK009320,24,1023,1205,128,77
602,944,1420,Sham19Y0122096,823,323,810,333,79
602,829,1154,Shamela0008555,38,1232,1513,212,81
602,1154,1513,Shamela0008555,39,0,146,115,39
602,940,1513,JK000116,166,1077,1288,135,28
602,865,1238,Tafsir02102,1343,843,1338,165,36
602,865,1513,Shamela0008532,29,702,1180,229,37
602,834,1513,Shamela0011073,18,482,905,321,59
602,742,1513,Shamela0006947,4357,329,1105,557,85
602,865,1238,Shamela0006947,8490,697,1195,169,37
602,865,1513,Shamela0009943,439,273,770,246,38
602,865,1052,JK006950,1589,422,729,136,54
602,865,1232,Shamela0007625,31,1149,1497,229,71
602,865,1238,JK000381,141,760,1254,168,36
602,742,1513,Shamela0012027,191,154,875,508,78
602,865,1513,Shamela0012027,251,266,758,338,62
602,865,1238,JK000376,45,865,1361,165,36
602,742,1513,ShamAY0036141,29,260,853,379,56
602,865,1513,Shamela0003055,2655,274,745,228,37
602,829,1513,Shamela0003055,2937,307,734,326,59
602,742,1091,JK000087,188,1186,1473,207,75
602,1015,1513,JK000087,189,0,442,351,87
602,829,1513,Shamela0011380,245,85,508,323,59
603,0,1123,Shamela0008555,39,146,1005,639,67
603,1368,1612,JK000116,155,710,1214,171,39
603,1368,1612,Shamela0011354,28,977,1192,171,84
603,0,885,Shamela0011073,18,905,1540,456,58
603,885,1123,Shamela0011073,19,0,196,148,73
603,0,381,Shamela0006947,4357,1105,1491,302,97
603,381,1169,Shamela0006947,4358,0,853,602,86
603,4,405,Shamela0006947,15556,392,743,227,65
603,1360,1612,Shamela0006947,20285,424,1033,114,20
603,898,1169,Shamela0010284,8,0,299,198,80
603,1471,1612,Shamela0007625,15,1384,1531,114,94
603,1368,1612,Shamela0011353,172,609,850,171,79
603,844,1141,Shamela0012027,190,587,929,234,83
603,0,687,Shamela0012027,191,875,1488,447,79
603,690,830,Shamela0012027,192,5,132,104,90
603,844,1169,Shamela0007663,141,1032,1407,242,78
603,0,679,ShamAY0036141,29,853,1509,389,57
603,679,1115,ShamAY0036141,30,0,473,292,67
603,0,394,JK001032,26,623,811,135,42
603,844,1169,Shamela0011079,73,1012,1381,247,81
603,229,405,Shamela0003055,482,337,508,105,65
603,0,1066,Shamela0003055,2937,734,1538,596,66
603,0,1057,JK000087,189,442,1547,812,89
603,0,1123,Shamela0011380,245,508,1370,639,67
604,0,419,JK000116,155,1214,1630,347,98
604,419,1577,JK000116,156,0,1221,826,78
604,26,438,Shamela0007567,7,1250,1653,325,93
604,438,1577,Shamela0007567,8,0,1478,852,70
604,0,435,Shamela0011354,28,1192,1619,357,97
604,435,1577,Shamela0011354,29,0,1127,859,90
604,357,528,Shamela0006947,20285,1130,1301,141,99
604,67,1577,Shamela0007625,16,0,1523,1115,86
604,0,641,Shamela0011353,172,850,1474,514,96
604,0,1429,Shamela0002386,119,89,1603,1086,84
604,0,605,Shamela0007663,63,956,1559,499,98
604,0,231,Shamela0007554,29,1428,1652,187,95
604,231,1577,Shamela0007554,30,0,1412,976,80
604,0,1577,Shamela0003055,3118,48,1323,917,67
604,0,1057,Shamela0003055,3265,416,1615,795,78
604,1059,1577,Shamela0003055,3266,9,555,347,73
605,14,281,JK000116,156,1221,1535,210,82
605,281,1552,JK000116,157,0,1334,974,87
605,21,1334,Shamela0007567,9,8,1561,993,77
605,1334,1552,Shamela0007567,10,0,227,166,90
605,0,410,Shamela0011354,29,1127,1537,325,96
605,410,1552,Shamela0011354,30,4,1099,859,92
605,98,1552,Shamela0007625,17,0,1366,1058,88
605,974,1278,Shamela0007664,217,1306,1593,236,93
605,0,222,Shamela0007664,256,585,776,136,76
605,1410,1552,Shamela0007664,259,21,163,104,94
605,0,324,Shamela0011353,197,1005,1333,255,96
605,0,1287,Shamela0002386,120,143,1531,982,84
605,1287,1477,Shamela0002386,121,0,190,154,100
605,970,1278,Shamela0007663,64,537,829,239,94
605,0,328,Shamela0007663,64,195,541,257,91
605,0,155,Shamela0007554,30,1412,1563,119,95
605,155,1552,Shamela0007554,31,0,1542,1064,82
605,0,302,Shamela0003055,3118,1323,1624,238,97
605,549,1552,Shamela0003055,3119,38,770,542,64
605,0,792,Shamela0003055,3266,555,1495,596,76
605,792,1552,Shamela0003055,3267,0,823,585,85
606,0,309,JK000116,157,1334,1554,175,70
606,309,737,JK000116,158,0,414,316,91
606,0,737,Shamela0007567,10,227,1022,492,70
606,0,538,Shamela0011354,30,1099,1530,339,78
606,538,856,Shamela0011354,31,0,277,210,75
606,270,715,Shamela0007625,18,0,440,337,93
606,0,483,Shamela0007664,218,16,415,301,76
606,0,483,Shamela0007664,259,163,560,298,75
606,374,698,Shamela0002386,121,141,476,244,85
606,73,712,Shamela0007554,32,7,563,428,81
606,0,495,Shamela0003055,3119,770,1221,301,71
606,0,712,Shamela0003055,3267,823,1487,473,77
607,411,1583,JK000353,1,40,1150,754,71
607,581,1583,Shamela0000350,1,115,1324,658,65
607,1059,1454,Shia001663Vols,34,670,892,166,51
607,1213,1583,JK006876,19,0,460,233,58
607,865,1045,Shamela0012293,1017,103,287,134,85
607,1462,1565,Shamela0012293,1022,121,223,80,98
607,411,1583,JK006872,1,244,1418,744,67
607,585,1583,Shamela0003055,70,281,1404,727,76
607,1059,1583,Shamela0003055,409,0,676,312,52
607,415,576,Shamela0003055,1026,824,1010,112,74
607,411,576,Shamela0003055,2482,894,1040,86,56
607,1059,1583,Hindawi093039714,27,673,1259,391,80
608,58,241,JK000353,1,1408,1615,135,73
608,241,1640,JK000353,2,0,1563,1019,74
608,218,1051,Shamela0000350,2,240,1301,531,57
608,1076,1640,Shamela0000350,3,2,1032,388,43
608,1236,1475,ShamAY0038440,188,942,1168,178,85
608,76,355,Shia001663Vols,34,920,1226,184,67
608,665,871,Shamela0012293,1030,79,266,150,88
608,1165,1375,Shamela0012293,1033,680,1081,164,46
608,1386,1640,Shamela0012293,1034,586,834,184,83
608,26,1258,JK006872,2,39,1599,885,66
608,1264,1640,JK006872,3,0,386,282,82
608,26,1489,Shamela0003055,71,23,1680,1058,73
608,1489,1640,Shamela0003055,72,0,151,108,84
608,475,1024,Shamela0003055,84,3,478,214,41
608,400,620,Shamela0000894,1355,1309,1525,155,81
609,96,1546,JK000353,3,0,1659,937,61
609,309,1321,Shamela0000350,4,213,1524,655,55
609,194,804,JK006876,21,58,514,252,42
609,1261,1506,Shamela0012293,1045,0,222,168,86
609,0,786,JK006872,3,386,1638,487,45
609,786,1602,JK006872,4,0,706,527,75
609,0,1084,Shamela0003055,72,151,1655,736,57
609,1084,1602,Shamela0003055,73,0,641,393,73
609,399,798,Shamela0003055,89,425,753,233,69
610,1034,1587,AOCP20240501183,221,407,1007,424,85
610,1034,1497,Shamela0001438,5441,992,1474,354,88
610,1034,1587,ShamAY0033581,2,696,1303,431,87
610,1034,1587,JK009381,10,653,1189,395,82
610,1031,1587,JK000071,26,763,1384,446,89
610,1034,1379,JK008001,194,1102,1465,258,84
610,1034,1472,JK000724,115,1099,1549,321,85
610,1065,1445,Sham19Y0017063,10,228,728,294,73
610,1031,1587,Sham19Y0014249,95,902,1465,417,85
610,1199,1587,Sham19Y0127677,2987,0,444,314,87
610,1034,1570,AOCP20251104103Vols,86,1137,1520,276,61
610,1034,1587,Shamela0011334,208,686,1262,435,93
610,1253,1587,Shamela0001524,640,0,390,271,85
610,1034,1559,Sham19Y0038171,2301,240,820,404,84
610,1034,1415,JK000080,117,190,601,302,92
610,1031,1436,JK000080,688,1035,1480,318,88
610,1084,1587,Shamela0005816,198,101,642,386,87
610,1031,1581,Shamela0012089,19,80,645,416,88
610,1034,1587,JK000130,1070,195,764,420,89
610,1034,1508,Sham19Y0014119,2,16,591,343,71
610,1170,1587,Shamela0021766,19,0,435,323,88
610,1230,1587,Shamela0009898,199,0,379,273,88
610,1034,1587,JK000142,1065,79,665,422,85
610,1135,1587,Shamela0021537,1948,599,1027,296,71
610,1034,1550,Shamela0029677,1281,810,1341,400,90
610,1031,1587,Shamela0029677,2005,164,753,433,88
610,1041,1587,JK000384,9,0,591,419,85
610,1034,1587,JK000384,106,111,696,394,78
610,1034,1587,Shamela0023578,71,103,698,417,84
610,1048,1587,ShamAY0036031,1,72,649,433,93
610,1034,1587,JK009179,60,29,572,391,82
610,1034,1559,ShamAY0035035,9135,803,1380,402,83
610,1185,1587,Shamela0026039,315,0,423,305,87
610,1034,1587,JK000098,189,759,1367,444,90
610,1034,1587,ShamAY0033910,1061,557,1126,420,89
610,135,983,JK000353,4,496,1397,552,66
610,991,1587,JK000353,5,0,599,463,93
610,1034,1415,Sham19Y0017729,2,1110,1519,289,84
610,563,1587,Shamela0000350,6,0,1455,663,52
610,1189,1587,Sham19Y0148271,1691,0,458,321,86
610,1034,1587,JK001140,39,516,1114,432,88
610,1034,1445,Sham19Y0013614,11,400,928,315,73
610,1113,1508,Sham19Y0013614,12,0,506,288,68
610,1034,1570,Sham19Y0020638,7,913,1510,426,87
610,1065,1284,JK000166,185,760,1012,170,85
610,937,1587,Shamela0008514,15,556,1298,477,75
610,1253,1581,Sham19Y0020591,1744,887,1274,266,84
610,1031,1587,Shamela0006610,1166,745,1351,435,87
610,1034,1570,Sham19Y0016976,22,1092,1470,273,60
610,1034,1559,JK000585,1813,602,1121,392,89
610,1034,1587,JK009336,84,314,921,433,86
610,1038,1581,Shamela0025794,99,0,606,409,82
610,1065,1284,Sham19Y0132963,207,694,937,168,84
610,1163,1587,Shamela0036446,12,0,469,342,90
610,1011,1587,Sham19Y0014592,88,399,1031,436,82
610,1034,1559,JK000021,112,40,409,270,62
610,1034,1264,JK006833,141,557,786,167,91
610,1189,1587,Shamela0012836,3,0,464,322,85
610,1034,1559,Shamela0004473,12800,73,636,405,87
610,1031,1292,Shamela0004473,12802,1150,1417,200,94
610,1034,1587,Shamela0004473,13740,527,1127,430,86
610,1269,1581,Shamela0004473,13979,0,356,230,78
610,1034,1587,ShamAY0033872,10,262,865,430,86
610,1034,1587,JK009390,4428,214,750,399,85
610,1034,1587,JK009141,1,905,1438,400,84
610,1065,1587,Shamela0008381,12,0,590,420,88
610,1031,1587,Shamela0008381,1352,84,700,440,88
610,1034,1587,Shamela0008204,8,341,957,426,84
610,1034,1587,Sham19Y0131521,6064,511,1096,422,85
610,1034,1587,Shamela0001442,1061,162,765,429,86
610,1031,1587,Shamela0012014,26,408,1028,446,89
610,1048,1284,Shamela0005756,630,833,1093,170,78
610,1065,1315,Shamela0005756,638,489,740,188,91
610,1166,1587,ShamIbadiyya0000438,51,0,473,337,87
610,1031,1587,Shamela0011244,12,275,896,438,86
610,1034,1415,Sham19Y0122406,84,514,942,289,81
610,1031,1587,JK007045,5,184,764,437,92
610,1065,1494,JK000566,2,365,981,279,52
610,1034,1550,Tafsir07076,28,985,1534,399,87
610,1034,1587,Tafsir07076,2863,449,1051,426,85
610,1034,1587,Shamela0002386,367,745,1353,444,90
610,1246,1587,Shamela0023423,67,0,396,273,84
610,1034,1559,JK007065,53,922,1494,411,87
610,89,664,JK006876,18,93,589,359,73
610,1034,1587,JK000475,2621,187,755,418,88
610,1084,1587,Shamela0037325,305,0,571,405,88
610,1034,1297,Sham19Y0020944,1086,1251,1494,193,92
610,1034,1585,ShamAY0032870,24,134,718,418,87
610,1000,1587,Shamela0012293,500,687,1338,460,87
610,301,462,Shamela0012293,1049,850,1011,130,100
610,851,983,Shamela0012293,1074,414,551,106,96
610,983,1587,Shamela0012293,1076,624,1272,466,86
610,1034,1587,PV2024060602,2059,849,1471,430,83
610,1094,1587,PV2024060602,5662,0,545,390,87
610,1034,1587,PV2024060602,8151,342,911,420,89
610,135,462,JK006872,4,1208,1570,250,84
610,462,1587,JK006872,5,54,1463,765,60
610,1071,1587,Sham19Y0013572,112,0,574,410,88
610,1031,1587,Sham19Y0149697,126,297,874,429,90
610,1011,1587,Sham19Y0149697,2632,464,1099,446,87
610,1034,1587,Sham19Y0014309,32,121,705,438,93
610,135,607,Shamela0003055,73,1018,1561,369,82
610,607,1587,Shamela0003055,74,0,1290,692,65
610,395,983,Shamela0003055,85,948,1446,327,65
610,1034,1587,Shamela0001727,27,723,1345,430,83
610,1031,1587,Sham19Y0018568,24,282,906,441,87
610,1031,1253,Sham19Y0017745,25,1387,1610,168,92
610,1253,1587,Sham19Y0017745,26,0,390,271,85
610,1034,1587,Shamela0006739,72,684,1291,416,82
610,1034,1587,Shamela0006739,74,576,1176,431,87
610,1016,1587,Sham19Y0008889,46,141,781,440,83
611,102,329,JK000071,27,0,214,159,84
611,0,329,Sham19Y0017063,10,766,1079,232,85
611,0,342,AOCP20251104103Vols,87,122,449,239,83
611,50,329,Shamela0011334,209,365,640,197,83
611,0,385,JK000080,689,170,586,248,67
611,0,329,Sham19Y0014119,2,581,902,231,83
611,0,329,JK000384,3,543,922,237,75
611,0,996,JK000353,5,599,1571,737,86
611,991,1632,JK000353,6,8,998,508,62
611,69,1117,Shamela0000350,7,0,1380,727,60
611,0,329,Sham19Y0013614,12,496,817,230,83
611,0,329,Sham19Y0016976,23,146,463,232,84
611,0,329,JK009336,84,921,1237,231,84
611,0,409,Shamela0025794,99,629,1051,255,69
611,1150,1492,Zaydiyya0000132,267,95,569,188,44
611,0,420,Shamela0012836,3,464,848,251,71
611,0,329,JK009141,117,772,1093,228,81
611,0,385,Shamela0008381,12,590,998,263,74
611,0,385,Shamela0008381,1352,700,986,140,39
611,0,329,Shamela0012014,26,1028,1338,229,84
611,0,329,ShamIbadiyya0000438,51,473,781,228,85
611,0,329,Shamela0011244,12,896,1206,229,84
611,0,329,JK007045,5,764,1081,231,84
611,0,406,Tafsir07076,29,39,432,278,80
611,0,329,Tafsir07076,2863,1051,1368,230,83
611,0,329,JK007065,54,30,347,228,82
611,0,336,Sham19Y0020879,432,265,637,251,81
611,389,693,JK006876,18,668,1023,185,64
611,0,329,Sham19Y0017791,11,488,805,232,84
611,116,342,Shamela0012293,551,286,625,103,30
611,0,385,Shamela0012293,1034,350,1044,257,43
611,0,306,Shamela0012293,1076,1272,1556,220,86
611,512,768,Shamela0012293,1077,1114,1418,162,59
611,306,498,Shamela0012293,1077,0,209,154,90
611,631,1020,Shamela0012293,1078,329,979,268,46
611,102,1365,JK006872,6,0,1550,962,73
611,1365,1632,JK006872,7,39,338,210,84
611,0,260,Shamela0003055,74,1290,1556,208,96
611,260,1557,Shamela0003055,75,0,1644,1004,72
611,336,616,Shamela0003055,86,44,793,199,32
611,389,693,Shamela0003055,88,804,1151,186,66
611,0,329,Sham19Y0017745,26,390,703,232,85
612,1077,1264,Shamela0006947,19665,1368,1538,126,83
612,6,648,JK000353,6,1010,1652,502,93
612,648,1611,JK000353,7,0,912,725,91
612,0,216,Shamela0000350,8,1131,1414,163,70
612,365,1345,Shamela0000350,9,291,1472,579,53
612,1389,1611,Shamela0000350,10,26,221,108,58
612,35,470,Shamela0012293,1091,234,668,255,65
612,388,693,Shamela0012293,1092,595,1102,224,53
612,1084,1253,Shamela0012293,1096,989,1136,102,72
612,1107,1602,Shamela0012293,1097,0,774,252,34
612,6,1175,JK006872,7,350,1619,887,81
612,1175,1611,JK006872,8,6,449,321,83
612,0,1296,Shamela0003055,76,102,1618,952,73
612,1296,1611,Shamela0003055,77,0,305,233,83
613,0,384,JK000353,7,912,1303,286,85
613,0,384,Shamela0000350,10,223,951,289,47
613,0,384,JK006872,8,449,829,267,80
613,0,384,Shamela0003055,77,305,683,283,90
614,1001,1186,Shamela0009943,26,928,1115,152,98
615,1312,1635,Shamela0009943,20,417,793,231,69
618,648,1612,Shamela0012320,242,0,973,803,97
618,1319,1612,Shamela0004473,11639,927,1240,145,47
619,763,941,Shamela0009775,80,77,253,137,97
620,75,1159,Shia004456Vols,4357,356,1219,527,50
620,131,1213,Zaydiyya0000142,1533,925,1591,518,56
620,1213,1624,Zaydiyya0000142,1534,0,397,308,90
620,131,1402,Shia001561,77,391,1613,939,88
620,1402,1624,Shia001561,78,0,221,173,96
622,472,791,JK009301,261,398,598,150,57
622,472,795,Sham19Y0023644,7353,1204,1410,143,54
622,46,200,Shamela0012398,844,1409,1570,119,94
622,200,1533,Shamela0012398,845,0,1606,1082,81
622,46,1182,Sham19Y0013571,2,214,1594,900,79
622,1187,1597,Sham19Y0013571,3,22,425,321,95
622,472,795,Sham19Y0036540,4767,253,457,147,56
622,46,764,Shamela0037325,1588,822,1547,564,96
622,764,1597,Shamela0037325,1589,0,1007,658,77
622,46,844,JK000213,503,613,1419,628,96
622,844,1597,JK000213,504,56,802,595,96
622,46,844,ShamAY0035744,2,611,1427,631,96
622,844,1597,ShamAY0035744,3,84,829,593,95
623,0,1282,Shamela0012398,846,67,1584,1030,81
623,0,1075,Sham19Y0013571,3,425,1681,824,77
623,0,509,Shamela0037325,1589,1007,1626,401,76
623,509,1282,Shamela0037325,1590,0,885,603,81
623,0,749,JK000213,504,802,1675,602,82
623,749,1282,JK000213,505,0,641,421,79
623,0,743,ShamAY0035744,3,829,1672,583,80
623,743,1305,ShamAY0035744,4,0,678,428,76
625,1292,1536,Tafsir02102,945,838,1091,185,88
625,1292,1536,JK007044,5370,836,1070,170,81
625,1292,1536,Shamela0021766,990,873,1096,174,89
625,1292,1536,Shamela0021766,3829,1290,1516,164,84
625,1292,1536,ShamAY0038127,8,677,921,161,76
625,1292,1536,JK000476,14,594,869,193,88
625,1081,1404,JK000906,2012,656,1646,234,29
625,1404,1534,JK000906,2013,0,130,103,99
625,1292,1536,Tafsir09083,289,1192,1428,182,93
625,1292,1536,Kraken220413030759,734,0,271,182,84
625,1292,1536,Shamela0011314,112,232,472,177,89
625,1292,1536,JK000022,1420,673,946,185,86
625,1292,1536,JK000022,2901,387,654,185,88
625,1241,1536,Sham19Y0023608,796,555,931,222,73
625,1292,1536,JK000436,57,194,439,193,99
625,1324,1536,Shamela0012884,1375,0,213,168,99
625,1430,1536,Shamela0036446,929,0,107,85,99
625,1292,1536,JK000179,2890,838,1083,193,99
625,1292,1536,Sham19Y0014328,422,789,1042,185,88
625,1292,1536,Shamela0023685,1465,569,835,193,90
625,1081,1536,Shamela0005756,11407,844,1240,202,50
625,1292,1536,Sham19Y0132973,527,575,843,186,87
625,891,1281,Rafed0001713Vols,534,797,1226,243,64
625,902,1281,Shamela0008473,161,1265,1532,165,51
625,1385,1536,Shamela0008473,1288,0,146,114,93
625,1292,1536,Shamela0037458,802,193,438,193,99
625,902,1057,JK000465,25,504,659,124,97
625,1292,1536,JK000465,829,1135,1380,193,99
625,1162,1536,JK000637,2189,937,1359,233,63
625,1292,1536,Shamela0012740,6,229,496,190,90
625,1162,1536,Tafsir09084,566,1116,1477,226,69
625,1324,1536,JK000083,68,0,237,168,89
625,1292,1536,JK001329,330,741,986,176,87
625,1292,1536,Shamela0026568,1367,207,474,193,90
625,1296,1536,Shamela0000432,4732,207,413,154,80
625,1292,1520,JK001492,247,152,365,150,77
625,1334,1536,JK000883,112,0,227,160,88
626,118,304,JK000458,733,226,387,130,85
626,304,462,JK000458,734,940,1097,122,92
626,304,462,ShamAY0034059,1103,734,931,122,73
626,118,304,JK000906,2012,766,950,152,98
626,304,757,JK000906,2017,1002,1445,337,92
627,172,790,Sham19Y0016946,473,747,1373,326,55
627,307,689,Sham19Y0013252,5632,1204,1449,126,38
627,1337,1553,Sham19Y0013252,5633,135,746,131,27
627,172,559,Sham19Y0018103,2232,852,1445,198,35
627,217,822,JK001227,298,702,1208,371,74
627,221,1626,JK000166,4380,82,1253,905,78
627,172,432,Sham19Y0018176,1247,1047,1395,153,53
627,432,822,Sham19Y0018176,1248,0,354,261,82
627,217,745,Shamela0009270,371,780,1500,327,53
627,264,830,Shamela0000140,750,10,533,341,68
627,1377,1574,Shamela0000140,750,554,728,128,81
627,172,740,Sham19Y0016684,1266,295,635,233,49
627,241,595,Sham19Y0018272,968,59,465,224,59
627,1134,1566,Sham19Y0018272,968,465,848,309,87
628,0,266,JK000166,4380,1253,1519,219,99
628,60,231,Sham19Y0132524,2770,0,169,135,97
628,0,160,Sham19Y0131521,6240,39,197,123,88
629,0,261,Zaydiyya0000062,821,1244,1559,175,64
629,50,633,JK000298,1657,58,361,224,47
629,36,417,JK007044,546,1066,1417,260,86
629,0,633,JK007044,5224,52,777,448,75
629,0,246,ShamIbadiyya0000193,1826,1279,1578,161,62
629,257,627,ShamIbadiyya0000193,1827,0,369,260,85
629,84,633,Shia004456Vols,2663,0,504,362,83
629,0,217,Sham19Y0122257,333,1004,1280,152,64
629,217,633,Sham19Y0122257,334,117,530,292,86
629,0,633,Sham19Y0122257,2760,493,1185,450,79
629,0,204,Shia002185Vols,3406,1188,1463,140,60
629,211,633,Shia002185Vols,3407,0,446,292,80
629,0,505,JK001496,991,962,1539,360,74
629,0,633,JK000906,4550,540,1253,442,74
629,36,633,ShamAY0035035,4399,730,1481,406,64
629,0,633,Zaydiyya0000013,80,257,893,386,67
629,0,633,JK001412,358,674,1389,429,72
629,36,633,Shia000181,352,104,354,175,37
629,0,276,Shamela0001466,1235,1262,1613,191,64
629,276,633,Shamela0001466,1236,3,367,255,86
629,0,633,JK000001,996,260,948,424,72
629,0,627,JK010191,15,661,1306,427,78
629,0,627,ShamIbadiyya0000109,7317,510,1214,436,74
629,0,627,Tafsir09050,1868,27,720,418,72
629,0,330,Zaydiyya0000059,45,1136,1542,231,67
629,330,633,Zaydiyya0000059,46,0,349,214,77
629,0,633,Zaydiyya0000398,144,310,1014,449,77
629,0,618,Zaydiyya0000286,62,871,1573,437,74
629,36,633,Sham19Y0020891,2885,576,1431,423,60
629,0,457,Zaydiyya0000295Vols,1850,1036,1541,308,72
629,0,190,Zaydiyya0000046,82,1284,1557,131,56
629,190,633,Zaydiyya0000046,83,0,472,304,79
630,1180,1370,Shamela0031382,119,838,1032,148,94
630,1252,1370,JK007140,9083,0,117,95,99
630,1143,1370,Sham19Y0150966,404,922,1151,175,94
630,1143,1370,Shamela0001687,6432,475,710,179,94
630,1143,1370,Masaha0003164Vols,2822,427,668,165,83
630,1143,1370,Sham19Y0133358,231,1129,1359,168,88
630,1143,1370,Masaha000955Vols,1100,969,1195,175,93
631,1190,1448,Rafed0002654Vols,8270,763,1046,194,83
631,1190,1396,ShamAY0034447,1875,1019,1272,152,74
631,1190,1476,Shamela0023735,2405,968,1268,226,94
631,1190,1476,Shia004092Vols,13126,1098,1409,215,84
631,1021,1190,Shia004092Vols,13126,73,259,126,77
631,1021,1194,ShamAY0007299,2712,133,392,129,62
631,1190,1476,ShamAY0007299,2712,1248,1490,170,70
631,1021,1190,JK007059,21,305,491,126,77
631,1190,1352,JK007059,21,1330,1486,119,89
633,1292,1412,Shamela0005372,141,861,983,89,94
633,1289,1401,JK003609,793,1012,1124,88,100
633,1289,1401,AOCP20251104103Vols,47,604,714,85,97
633,1289,1401,JK010473,84,861,974,88,99
633,1289,1401,Shia002185Vols,209,1095,1207,88,100
633,1289,1401,JK009362,9581,1289,1401,88,100
633,1289,1401,Shamela0006687,291,23,135,88,100
633,1289,1401,JK000007,126,200,312,88,100
633,1300,1401,Shamela0003722,7190,0,100,79,99
633,1289,1401,Shamela0009702,577,1282,1394,68,61
633,1289,1401,Shamela0006651,48,73,185,86,98
633,1289,1401,JK010322,71,16,128,88,100
633,1289,1397,JK009391,309,652,759,85,99
633,1289,1401,Shamela0000736,5662,217,329,88,100
633,1289,1401,JK010766,473,705,817,86,98
633,1289,1401,Shamela0010016,23,61,173,77,87
633,1292,1412,Sham19Y0020762,682,1104,1226,88,93
633,1289,1401,Sham19Y0020762,820,832,949,87,94
633,1289,1401,JK001099,118,906,1020,88,98
633,1289,1401,JK001016,88,233,345,88,100
633,1289,1401,ShamAY0038086,59,460,571,88,99
633,1289,1397,Shamela0037559,27,708,816,84,99
633,1289,1401,JK009248,27,1289,1401,88,100
633,1289,1407,JK001480,1135,989,1105,91,98
633,1281,1404,ShamAY0033942,24,464,587,90,94
633,1289,1401,Sham19Y0029600,269,1261,1372,87,99
633,1289,1407,Sham19Y0029600,270,260,378,89,97
633,1281,1401,Shamela0000558,160,951,1071,90,95
633,1289,1407,Shamela0010273,517,1194,1313,88,92
633,1289,1401,Sham19Y0021505,340,1184,1296,88,100
633,1289,1401,Shamela0026536,228,987,1571,68,14
633,1289,1401,JK007613,168,77,191,88,98
633,1289,1401,Shamela0026552,196,106,218,88,100
633,1289,1401,Shamela0023789,366,838,950,88,100
633,1289,1401,JK000919BK1,393,874,986,88,100
633,1289,1401,JK009230,130,1360,1472,88,100
633,1289,1401,JK011658,219,258,370,88,100
633,1289,1401,Sham19Y0016435,80,1128,1240,88,100
634,275,783,JK000268,8,801,1264,291,64
634,275,619,Kraken220413194022,2439,1189,1529,268,94
634,619,853,Kraken220413194022,2440,0,235,179,85
634,652,826,Kraken220413194022,2479,1320,1496,131,83
634,275,474,JK000365,1200,1335,1535,151,90
634,481,826,JK000365,1201,3,355,280,96
634,248,432,JK000373,149,1380,1583,130,76
634,432,853,JK000373,150,0,421,345,99
634,248,442,Tafsir02102,2982,654,847,137,86
634,275,541,Shamela0023606,324,662,948,167,64
634,275,725,JK000362,6,1152,1594,354,95
634,725,853,JK000362,7,0,128,103,98
634,275,853,JK000362,128,690,1261,456,96
634,244,853,JK000362,407,903,1543,465,85
634,244,853,JK000362,948,821,1409,474,95
634,248,541,Shamela0030868,28,33,313,214,90
634,264,442,Sham19Y0016953Vols,778,649,842,120,75
634,244,494,Sham19Y0016953Vols,1018,620,816,146,74
634,275,853,JK000094,6,269,857,465,96
634,275,494,Shamela0001524,2417,1321,1509,118,64
634,290,541,Shia001174Vols,4418,332,702,168,54
634,275,541,JK000088,214,678,964,177,68
634,275,632,Shamela0006947,14223,1202,1563,279,92
634,632,826,Shamela0006947,14224,0,194,156,97
634,652,826,JK000382,518,752,926,140,97
634,607,826,JK000382,557,1353,1576,182,98
634,275,841,Shamela0005890,353,259,698,285,57
634,244,853,JK001063,7,101,735,481,92
634,244,591,JK000065,379,202,555,236,76
634,275,826,JK001414,2401,187,731,425,90
634,652,826,JK001414,2441,22,198,131,83
634,275,841,Shamela0009943,166,228,691,283,56
634,275,853,Shamela0007623,1,229,803,460,97
634,290,541,Shamela0008571,1,906,1121,143,67
634,244,853,JK000101,304,926,1551,465,89
634,275,541,JK000101,305,160,448,177,68
634,240,535,Shamela0007664,67,756,1038,215,90
634,275,853,JK000381,946,598,1169,457,97
634,275,853,JK000381,4733,242,818,460,96
634,240,541,JK000381,4994,897,1178,216,90
634,244,422,JK000381,5338,1388,1582,125,77
634,422,853,JK000381,5339,0,425,346,97
634,294,859,Shamela0004473,15174,587,1123,428,92
634,275,541,Shamela0008208,1,618,905,177,68
634,244,853,Shamela0008363,121,583,1208,465,89
634,275,667,Sham19Y0013250,125,1274,1596,226,70
634,248,853,Shamela0008353,62,11,607,468,93
634,248,853,Shamela0011146,65,983,1546,439,88
634,275,783,Sham19Y0020879,22,141,596,275,60
634,338,714,JK000082,1,474,969,160,31
634,290,541,Shia001615Vols,2708,1134,1504,168,54
634,338,714,Shamela0037325,27,427,920,161,31
634,275,853,Shamela0037325,891,410,981,457,96
634,248,853,Shamela0012293,689,390,1009,469,90
634,275,841,JK000213,283,721,1185,282,55
634,275,619,Shamela0003055,2335,324,671,267,96
634,290,541,Shamela0003055,3031,384,596,143,68
634,275,853,Shamela0003055,3073,444,1002,441,92
634,275,853,Sham19Y0016928,39,218,1093,452,63
634,275,853,Sham19Y0017581,33,501,1073,448,91
634,652,826,Sham19Y0017581,75,911,1087,129,80
634,255,853,JK000090,104,226,861,459,86
635,71,580,Sham19Y0001729,2261,1007,1483,374,91
635,580,1470,Sham19Y0001729,2262,0,930,658,84
635,68,685,Shamela0010283,3222,824,1464,459,85
635,685,1470,Shamela0010283,3223,0,742,540,81
635,71,868,Shamela0023833,163,608,1484,585,81
635,868,1470,Shamela0023833,164,0,597,435,86
635,68,282,Shamela0012981,719,1220,1416,142,80
635,311,1470,Shamela0012981,720,0,1051,759,78
635,188,734,Masaha004387Vols,125,962,1491,372,80
635,734,1470,Masaha004387Vols,126,0,714,519,84
635,496,1018,Masaha004387Vols,129,178,645,233,50
635,747,1193,Shamela0001524,901,0,384,212,59
635,71,1160,Shamela0010906,77,615,1508,650,73
635,1174,1470,Shamela0010906,78,10,202,146,59
635,318,1022,Sham19Y0009800,398,0,656,435,71
635,91,1109,Sham19Y0009800,448,510,1513,667,74
635,1109,1470,Sham19Y0009800,449,0,346,262,88
635,408,1018,Shamela0026141,2,0,458,244,43
635,722,982,Shamela0010637,115,60,308,182,85
635,473,1470,JK000911,499,210,824,415,51
635,91,520,ShamAY0035035,5395,1028,1534,299,71
635,520,1470,ShamAY0035035,5396,0,1089,636,67
635,71,1470,Shamela0009862,158,4,1395,991,82
635,71,836,JK006838,331,778,1481,495,76
635,836,1470,JK006838,332,0,568,421,79
635,68,450,JK006474,2119,1075,1466,295,92
635,450,1470,JK006474,2120,0,1004,718,82
635,71,461,Sham19Y0148271,1162,1104,1498,301,93
635,461,1470,Sham19Y0148271,1163,0,1022,785,94
635,71,660,Shamela0035100,483,1035,1496,325,67
635,737,1470,Shamela0035100,484,0,594,448,74
635,59,1332,Sham19Y0145435,192,165,1456,941,87
635,110,1470,JK000159,550,114,1387,744,59
635,59,1378,Shamela0009783BK1,755,236,1453,887,80
635,71,1160,Shamela0025794,1345,357,1445,831,92
635,1160,1470,Shamela0025794,1346,0,342,248,90
635,715,1470,JK000916,11248,0,575,356,58
635,150,1470,Shamela0000347,681,3,1112,834,77
635,68,950,ShamAY0034447,2092,532,1461,654,85
635,962,1470,ShamAY0034447,2093,0,561,398,87
635,107,727,ShamAY0037387,115,940,1479,418,84
635,727,1470,ShamAY0037387,116,0,749,576,95
635,188,1013,Shamela0095735,139,804,1406,348,47
635,110,806,Shamela0012406,502,932,1536,435,72
635,806,1470,Shamela0012406,503,0,606,457,85
635,68,562,Shamela0004445,1079,971,1453,357,86
635,562,1470,Shamela0004445,1080,0,857,620,81
635,91,1355,JK000001,1382,159,1454,916,84
635,178,950,JK000333,225,713,1435,383,51
635,962,1404,JK000333,226,0,339,249,68
635,44,483,JK000330,1024,1035,1473,345,97
635,483,1470,JK000330,1025,0,981,772,97
635,71,737,JK007065,1211,769,1438,467,82
635,737,1470,JK007065,1212,0,746,552,88
635,71,552,Masaha002028Vols,445,1038,1532,366,88
635,552,1470,Masaha002028Vols,446,0,971,653,80
635,68,1038,Masaha002064Vols,6,397,1443,699,80
635,1038,1470,Masaha002064Vols,7,0,421,316,88
635,71,976,JK001303,226,477,1321,578,75
635,243,1470,Shamela0003118,298,0,1225,882,84
635,94,1470,JK000637,1834,90,1410,1006,89
635,77,841,Shamela0012855,2,628,1457,561,82
635,841,1470,Shamela0012855,3,0,586,440,84
635,94,1470,Shamela0009770,171,5,1362,955,81
635,71,788,Shamela0000432,4067,351,1143,514,78
635,734,1018,Shamela0000432,4087,509,766,188,84
635,71,450,Shamela0009567,517,1082,1450,279,88
635,450,1470,Shamela0009567,518,0,1054,800,94
635,71,1470,JK001492,833,38,1100,743,64
635,1038,1360,Hindawi042908302,25,1180,1493,235,88
636,20,316,JK000330,1026,789,1069,218,90
636,684,1482,JK000330,1028,485,1270,631,97
638,1278,1620,Kraken220413194022,2533,834,1145,213,73
638,692,1620,Kraken220413194022,2770,495,1380,554,67
638,1278,1620,JK000365,766,1160,1466,217,76
638,848,1005,JK010475,319,1440,1613,107,70
638,679,942,Zaydiyya0000102,62,1318,1571,176,79
638,542,1620,Tafsir02102,1813,163,887,477,51
638,699,1620,Shamela0007350,66,474,1352,610,75
638,703,1620,AOCP20251104139,7,777,1585,527,62
638,679,1266,JK000362,862,663,1171,376,74
638,699,965,JK000362,1325,1349,1632,206,85
638,965,1620,JK000362,1326,0,612,432,76
638,1278,1620,Hindawi031861395,234,726,1050,217,74
638,699,1266,Sham19Y0016953Vols,1664,946,1416,355,74
638,658,1266,Shamela0006947,5553,955,1521,386,72
638,726,1278,Shamela0006947,12290,1115,1626,357,71
638,1278,1620,Shamela0006947,12291,0,280,195,69
638,703,1395,Shamela0006947,17136,0,681,475,77
638,795,955,Rafed0003376Vols,1314,0,187,128,83
638,1402,1620,Shamela0021537,1176,6,198,136,76
638,703,1620,JK000382,344,458,1383,634,76
638,679,1266,JK000382,520,1009,1571,394,75
638,1266,1620,JK000382,521,0,357,231,72
638,699,1021,JK000382,789,1226,1560,242,85
638,1021,1266,JK000382,790,0,213,165,82
638,699,1266,JK000906,106,490,1076,420,83
638,726,1620,Shamela0006463,142,465,1273,557,71
638,1278,1620,ShamAY0035960,566,1132,1451,215,74
638,699,1449,JK001254,48,893,1625,515,78
638,1278,1530,JK001414,2494,1289,1518,149,67
638,692,1620,JK001414,2736,44,967,638,77
638,1272,1620,JK000098,631,151,485,208,68
638,562,839,JK000098,632,1271,1560,212,86
638,839,1620,JK000098,633,0,769,584,90
638,699,1266,Shamela0007318,127,1080,1583,368,75
638,1272,1620,Shamela0007318,128,0,292,205,71
638,842,1144,Shamela0009943,195,1308,1651,222,76
638,1272,1620,Shamela0009943,196,169,521,224,72
638,495,789,Shamela0009943,366,1243,1534,195,80
638,789,1620,Shamela0009943,367,0,846,654,94
638,632,1620,Shamela0012398,575,0,1040,767,88
638,1278,1620,Shamela0012094,47,1182,1489,216,77
638,1278,1620,Sham19Y0020587,63,479,804,218,76
638,666,902,JK000342,5,1261,1511,192,92
638,907,1612,JK000342,6,13,784,525,81
638,562,1261,Shamela0007664,86,387,1108,542,88
638,1278,1620,Shamela0011353,14,721,1023,211,75
638,973,1266,Shamela0011353,138,375,664,205,81
638,699,1620,JK000381,689,662,1294,350,40
638,1272,1620,JK000381,1185,982,1323,215,70
638,562,1576,JK000381,1187,525,1546,754,85
638,653,1620,JK000381,1216,315,1256,717,88
638,699,897,JK000381,1243,1384,1581,159,94
638,902,1395,JK000381,1244,11,469,329,77
638,1278,1620,JK000381,2245,6,283,197,71
638,703,1209,JK000381,3932,237,661,309,72
638,699,1266,JK000381,4173,655,1150,344,69
638,670,1395,Shamela0011730,171,909,1611,489,77
638,670,1250,Shamela0004473,2693,978,1594,464,89
638,1250,1620,Shamela0004473,2694,0,347,254,82
638,699,1201,Shamela0030312,52,1038,1554,374,84
638,1266,1620,Shamela0030312,53,478,796,229,77
638,1278,1620,Shamela0037614,146,552,876,217,74
638,1278,1598,Sham19Y0132973,663,677,1045,194,59
638,842,1398,Rafed0000040Vols,115,979,1595,417,79
638,913,1266,Rafed0000040Vols,275,0,368,272,87
638,726,1266,Rafed0000040Vols,283,221,804,371,74
638,692,1239,AOCP20251104106,62,1065,1635,391,80
638,1239,1620,AOCP20251104106,63,0,368,241,70
638,459,1169,Shamela0008353,19,1066,1666,380,60
638,772,1266,Shamela0008353,63,0,499,341,78
638,562,880,Tafsir07055,3402,1313,1569,182,65
638,880,1620,Tafsir07055,3403,0,795,547,81
638,1278,1620,Tafsir07055,3410,305,629,217,74
638,670,1395,Kraken220413194135,180,249,948,471,74
638,692,1328,Shamela0006549,104,959,1615,456,78
638,1328,1620,Shamela0006549,105,0,261,184,77
638,562,1620,JK010001,3314,219,1227,714,77
638,1278,1620,JK010001,3321,649,957,198,67
638,1272,1620,Shamela0037325,1259,982,1323,215,70
638,562,1526,Shamela0037325,1261,544,1548,741,88
638,670,1066,Shamela0037325,1271,846,1307,320,84
638,699,1144,Shamela0012293,619,301,805,325,76
638,1278,1620,JK000097,524,875,1175,196,68
638,666,1078,JK000923,27,1061,1467,305,85
638,666,1620,JK000923,28,249,1162,577,72
638,1278,1620,JK000083,11,919,1229,216,76
638,1278,1620,Shamela0003055,319,191,510,217,76
638,699,1620,Shamela0003055,666,524,1420,629,78
638,1278,1620,Shamela0003055,3557,0,307,216,77
638,1272,1620,Shamela0018381,58,1136,1470,209,68
638,562,1272,Shamela0018381,60,836,1607,554,85
638,1272,1620,Shamela0018381,61,0,344,261,92
638,1278,1620,Sham19Y0017581,132,450,763,216,74
638,692,870,Sham19Y0017581,382,1394,1573,142,92
638,870,1620,Sham19Y0017581,383,0,742,496,73
638,692,1620,JK000090,152,578,1524,635,75
638,1278,1576,JK000090,158,1289,1559,184,73
639,368,820,Kraken220413194022,2536,0,400,145,28
639,219,530,Kraken220413194022,2772,730,1395,190,32
639,442,820,Shamela0007350,63,1000,1227,144,48
639,0,234,Shamela0007350,66,1352,1580,152,76
639,205,867,Shamela0007350,67,120,723,357,57
639,73,820,AOCP20251104139,8,0,897,410,49
639,685,831,JK000362,260,1189,1337,94,77
639,0,172,JK000362,1326,612,841,115,62
639,676,867,JK000362,1326,1038,1238,138,83
639,442,831,Shamela0006947,12288,236,476,143,47
639,0,342,Shamela0006947,12291,280,663,207,59
639,442,822,Shamela0006947,17134,847,1096,143,49
639,682,809,JK000375,29,1333,1445,80,80
639,442,820,JK000382,326,636,1014,158,38
639,219,387,JK000382,345,1328,1492,128,94
639,358,740,JK000382,346,844,1566,228,39
639,387,504,JK000382,346,372,496,95,94
639,219,530,JK000382,522,264,943,196,33
639,504,867,JK000382,523,75,596,263,59
639,682,820,JK000382,533,91,214,93,86
639,442,831,Shamela0006463,139,1117,1352,145,48
639,0,234,Shamela0006463,142,1273,1465,142,77
639,219,729,JK001254,49,1012,1485,310,64
639,0,234,JK001254,49,156,360,156,85
639,342,822,JK001414,2497,533,982,161,29
639,0,219,JK001414,2736,967,1229,147,69
639,219,516,JK001414,2738,459,1121,185,31
639,358,867,JK001414,2739,4,780,289,43
639,419,831,JK000098,632,0,311,144,39
639,0,591,JK000098,633,769,1508,420,67
639,591,883,JK000098,634,0,442,211,59
639,442,831,Shamela0007318,124,563,801,144,47
639,0,342,Shamela0007318,128,292,650,202,59
639,413,1284,Shamela0009943,197,64,997,333,34
639,0,696,Shamela0009943,367,846,1520,537,95
639,685,822,JK000113,17,1359,1496,96,86
639,682,822,JK000113,42,1221,1368,103,90
639,0,408,Shamela0012398,575,1040,1517,301,78
639,408,1017,Shamela0012398,576,0,570,419,83
639,358,783,JK000342,9,885,1525,246,45
639,0,172,JK000101,42,1168,1377,118,70
639,0,676,Shamela0007664,86,1148,1511,241,42
639,413,831,JK000381,1186,818,1153,147,38
639,0,867,JK000381,1188,45,1164,611,64
639,554,820,JK000381,1242,680,885,125,60
639,442,820,Shamela0011730,170,276,517,143,49
639,0,234,Shamela0004473,2694,347,584,166,82
639,676,867,Shamela0004473,2697,25,214,137,91
639,696,820,JK000331,54,1079,1212,80,76
639,0,234,Shamela0030312,53,796,1045,151,72
639,205,822,Shamela0030312,54,238,1139,408,53
639,682,820,Shamela0037614,149,112,243,93,86
639,0,234,Rafed0000040Vols,116,243,495,160,80
639,219,368,Rafed0000040Vols,117,1402,1554,113,87
639,603,867,Rafed0000040Vols,119,0,465,196,53
639,0,234,AOCP20251104106,63,368,606,151,73
639,358,844,AOCP20251104106,65,874,1546,285,47
639,0,172,Tafsir07055,3403,795,1001,129,81
639,442,820,Kraken220413194135,178,1217,1457,144,49
639,0,234,Shamela0006549,105,261,482,150,76
639,358,867,Shamela0006549,107,679,1370,305,50
639,413,831,Shamela0037325,1260,820,1155,147,38
639,0,867,Shamela0037325,1262,80,1236,642,66
639,342,820,JK000083,14,38,470,167,31
639,0,143,Shamela0003055,666,1420,1594,93,66
639,219,867,Shamela0003055,667,791,1417,410,68
639,682,820,Shamela0003055,692,35,174,93,79
639,0,744,Shamela0018381,61,344,1463,543,59
639,342,820,Sham19Y0017581,134,1126,1548,162,30
639,0,234,Sham19Y0017581,383,742,965,156,79
639,219,530,Sham19Y0017581,385,54,719,192,32
639,358,682,Sham19Y0017581,385,1242,1578,162,49
639,676,867,Sham19Y0017581,386,154,329,137,91
639,0,199,Shamela0000894,94,876,1099,122,66
639,219,530,JK000090,154,875,1560,202,34
639,358,867,JK000090,155,520,1239,289,46
641,1030,1433,Shamela0009943,18,1255,1653,321,98
642,198,415,Shamela0009943,197,1098,1358,163,75
642,1357,1612,Shamela0012398,1159,550,806,205,98
642,1357,1612,Shamela0012398,2371,800,1056,205,98
642,1357,1612,Shamela0031366,221,1057,1313,203,97
642,1357,1612,JK007054,572,1111,1364,195,94
643,0,171,Shamela0012398,1159,806,978,130,95
643,0,171,Shamela0012398,2371,1056,1229,135,98
643,1084,1440,JK000089,137,1017,1459,263,72
643,0,171,Shamela0031366,221,1313,1485,129,95
644,784,936,Shia002356Vols,195,931,1067,110,89
644,784,936,Shamela0000041,524,664,800,110,89
644,0,303,JK000791,374,78,529,148,36
644,178,303,Rafed0003257Vols,1325,207,326,94,95
644,0,194,JK009362,1777,482,681,130,74
644,784,936,Shamela0023578,735,1252,1388,110,89
644,178,303,JK000906,1670,408,532,98,99
644,784,1081,Sham19Y0147312,405,1257,1500,133,47
644,784,936,JK006476,259,1075,1211,110,89
644,784,936,QuranAnalysis001,32,248,384,110,89
644,784,936,JK009270,884,1152,1288,110,89
644,784,936,Shamela0029743,154,207,343,110,89
644,784,936,Shia001432Vols,2471,209,345,110,89
644,784,945,Sham19Y0014404,259,1203,1356,115,84
644,178,303,Shamela0012884,1188,752,871,94,95
644,784,936,Shamela0021821,332,635,771,110,89
644,784,936,Rafed0003943Vols,203,932,1068,110,89
644,0,553,Shamela0004473,12843,761,1115,178,33
644,0,303,Shamela0004473,12855,557,1207,211,40
644,784,938,Shamela0010273,436,1127,1267,110,87
644,821,1494,JK000089,138,0,524,390,69
644,784,936,Tafsir10066,235,826,962,110,89
644,784,936,JK000330,1061,128,264,110,89
644,784,936,JK007018,117,298,434,110,89
644,784,936,JK009396,269,162,298,110,89
644,784,936,JK009268,1257,1078,1214,110,89
644,784,936,Shamela0023591,2003,476,612,110,89
645,1124,1392,Kraken220413194022,2875,1242,1530,182,79
645,1118,1392,JK000373,20,89,357,174,73
645,1118,1392,JK000362,1471,0,277,181,76
645,1060,1392,Sham19Y0016953Vols,557,1023,1352,208,74
645,1124,1392,JK000374,87,6,294,184,79
645,1060,1392,JK000374,161,1053,1501,206,57
645,1153,1400,ShamIbadiyya0000050,3339,325,571,158,78
645,1118,1405,JK000064,885,775,1068,195,78
645,1124,1327,Shamela0023578,2003,1294,1503,98,49
645,1124,1400,JK001414,2392,225,481,166,69
645,1124,1327,Sham19Y0148271,1353,614,829,103,49
645,1124,1327,Rafed0003462,250,46,282,106,46
645,1153,1327,Shamela0010273,1734,565,784,94,48
645,152,999,JK000089,177,271,1117,678,97
645,999,1392,JK000089,178,1083,1516,291,83
645,1124,1327,Rafed0003630Vols,1701,908,1144,106,46
645,1124,1327,Shamela0004445,615,0,146,92,54
645,1181,1327,Sham19Y0017816,124,997,1218,104,58
645,1175,1405,Shamela0010895,20,275,510,166,89
645,1124,1327,Shamela0026884,27,906,1131,104,45
645,1124,1327,Shia003721Vols,523,1321,1467,92,54
645,1124,1400,Sham19Y0017581,23,911,1166,166,69
645,1124,1392,JK000100,421,436,700,177,79
645,1175,1405,JK000087,561,1120,1359,169,90
645,1118,1392,ShamAY0034397,3,1291,1562,181,78
646,1103,1423,Shia002356Vols,1021,408,719,255,97
646,912,1097,Shamela0000041,1470,10,195,151,100
646,1221,1482,Shamela0000041,2166,794,1119,210,79
646,1103,1322,Shamela0007798,7809,194,882,143,23
646,1221,1379,Meshkat00042488,1460,1029,1187,129,100
646,1103,1489,JK000791,1965,17,396,310,98
646,229,454,JK000362,1460,631,877,177,91
646,1137,1322,Tafsir10098,1311,213,685,151,39
646,52,454,Shamela0022666,3,641,940,234,71
646,1103,1423,Shamela0022666,3,945,1271,263,98
646,885,1097,Rafed0003257Vols,3315,446,745,173,70
646,1103,1461,Rafed0003257Vols,4481,1235,1592,294,99
646,912,1414,Tafsir09068,985,742,1416,188,24
646,229,1531,JK000805,24,112,1557,1026,86
646,1103,1322,JK001496,1944,819,1037,180,99
646,1103,1482,JK009362,6770,1314,1692,310,99
646,1112,1322,Shamela0029677,1176,1231,1441,172,100
646,859,1097,Shamela0023578,1848,749,987,193,100
646,1103,1482,Shamela0023578,2643,627,1006,310,100
646,1103,1440,Shamela0023578,2645,490,1637,277,29
646,1103,1322,Sham19Y0147312,1695,422,641,180,100
646,1322,1482,Sham19Y0147312,1696,866,1026,130,100
646,1207,1423,JK006478,7678,0,215,177,99
646,1118,1379,JK006474,2557,891,1355,214,56
646,1103,1263,JK000368,120,1346,1506,132,100
646,859,1097,QuranAnalysis001,123,686,924,193,100
646,1181,1482,QuranAnalysis001,196,0,301,245,100
646,1103,1322,JK009270,4232,1024,1242,180,99
646,1322,1482,JK009270,4236,1167,1327,130,100
646,912,1097,Hindawi073920283,141,678,863,151,100
646,1103,1482,Shamela0029743,905,299,678,310,100
646,1103,1482,Shia001432Vols,770,1033,1411,310,99
646,334,480,Shia001432Vols,1052,581,729,117,98
646,859,1097,Shia001432Vols,2492,505,743,192,99
646,1103,1482,Shia001432Vols,2509,478,857,310,100
646,1103,1329,Shia001432Vols,18440,1435,1665,186,96
646,912,1097,Sham19Y0023608,2298,1214,1399,151,100
646,1112,1245,Sham19Y0023608,2773,488,621,110,100
646,1103,1423,Sham19Y0023608,3315,654,974,263,100
646,1227,1379,Sham19Y0014404,1259,998,1652,88,15
646,1118,1350,Shamela0012884,4307,630,970,190,68
646,912,1097,Shamela0021821,1028,716,902,151,99
646,1078,1423,Shamela0021821,1569,1161,1506,271,95
646,859,1097,Shamela0023628,2266,1094,1332,193,100
646,1103,1423,Shamela0023628,2951,922,1242,263,100
646,859,1097,Rafed0003943Vols,915,406,644,193,100
646,1103,1482,Rafed0003943Vols,1313,568,947,310,100
646,1103,1379,JK000381,526,1050,1333,227,97
646,52,454,JK000381,561,1182,1483,236,72
646,1161,1423,JK000381,562,0,262,214,100
646,1172,1400,JK000381,893,479,719,146,75
646,859,1097,JK000381,4895,661,899,193,100
646,229,1339,JK000381,5319,435,1573,877,93
646,1339,1552,JK000381,5320,0,212,174,98
646,1165,1322,Shamela0004473,8162,423,580,124,96
646,1103,1275,Shamela0004473,10568,1191,1363,142,100
646,1103,1423,Shamela0010273,2657,492,812,263,100
646,1268,1482,ShamAY0036821,1649,0,209,169,97
646,1103,1379,Sham19Y0013550,473,811,1416,180,33
646,1103,1322,Sham19Y0023618,1429,482,701,180,100
646,1103,1423,Shamela0004445,610,1285,1611,263,98
646,1103,1350,Shamela0004482,586,1387,1602,157,77
646,1137,1293,Meshkat00057178,3100,783,1290,90,20
646,912,1097,JK007018,393,358,543,148,97
646,1103,1482,Shamela0010523,212,1019,1398,310,100
646,811,1322,Tafsir07055,3241,416,886,284,68
646,912,1161,Tafsir07055,3242,641,870,116,48
646,1275,1423,Tafsir02094,3271,482,1010,120,27
646,1103,1429,Rafed0001713Vols,2210,740,1066,265,99
646,1103,1423,Shamela0008473,4060,564,884,263,100
646,912,1322,Shamela0008473,4061,234,460,120,30
646,1103,1482,Shamela0000922,1055,358,1143,237,37
646,811,1322,JK010001,3152,875,1355,280,66
646,912,1161,JK010001,3153,1169,1404,108,36
646,859,1036,JK009396,824,1185,1362,145,100
646,1165,1423,JK009396,1318,0,258,211,100
646,1103,1482,JK009268,3933,531,910,310,100
646,859,1039,Shamela0037458,2327,1361,1540,147,99
646,1221,1482,Shamela0037458,3631,1195,1456,212,100
646,1103,1322,Shamela0022712,209,219,438,180,100
646,1103,1482,Shia002380Vols,662,544,1230,310,55
646,1103,1423,Masaha000554Vols,4934,802,1116,255,96
646,1184,1322,Meshkat0014420,3905,0,138,113,100
646,1322,1482,Meshkat0014420,3906,672,832,130,100
646,334,478,Sham19Y0020891,4262,603,747,116,100
646,1103,1252,Sham19Y0020891,5290,1393,1541,123,99
646,912,1322,Tafsir09084,2074,236,473,122,31
646,1103,1423,Shia003721Vols,519,769,1095,263,98
646,1103,1275,JK009266,7709,1427,1597,142,98
646,1275,1423,JK009266,7710,0,148,121,100
646,229,1066,Shamela0009637,25,590,1573,647,81
646,1066,1552,Shamela0009637,26,0,531,389,89
646,615,811,Shamela0023591,4351,687,1199,137,32
646,859,1097,Shamela0023591,4466,417,655,193,100
646,912,1097,Shamela0023591,4489,417,602,151,100
646,1103,1482,Shamela0023591,5837,892,1271,310,100
646,1103,1234,Shamela0023591,5847,1493,1623,109,99
646,1322,1482,Shamela0023591,5852,516,676,130,100
646,1165,1322,Shamela0023632,3003,0,157,128,100
646,1322,1482,Shamela0023632,3004,736,896,130,100
646,1103,1404,Zaydiyya0000044,61,1320,1627,247,97
647,0,320,Shia002356Vols,1191,509,824,251,97
647,549,728,Shamela0000041,868,800,988,129,72
647,18,344,Shamela0000041,2449,949,1460,247,59
647,0,344,JK000373,266,531,668,97,34
647,0,173,JK000791,2217,1338,1510,138,99
647,0,344,Rafed0003257Vols,4931,7,341,262,95
647,0,1072,JK000805,25,22,1319,712,61
647,0,344,JK009362,8030,1143,1478,262,94
647,497,1048,Shamela0023578,1147,959,1425,254,53
647,18,344,Shamela0023578,3006,970,1460,246,61
647,0,181,Sham19Y0147312,1883,341,522,145,100
647,0,225,QuranAnalysis001,228,1284,1508,180,99
647,18,344,JK009270,5020,1136,1452,248,94
647,0,181,Shamela0029743,1055,993,1174,145,100
647,0,344,Shia001432Vols,2519,433,767,262,95
647,0,344,Shamela0021821,1781,860,1193,261,94
647,136,344,Shamela0023628,3285,117,313,152,90
647,142,344,Rafed0003943Vols,1501,244,435,148,91
647,0,1048,JK000381,5320,212,1454,726,65
647,0,181,Shamela0004473,3805,1352,1532,145,99
647,0,145,Tafsir07053,229,1481,1626,114,98
647,153,344,Tafsir07053,230,0,178,132,86
647,0,188,Tafsir07053,235,1415,1601,150,98
647,0,344,Tafsir07053,254,1346,1518,122,44
647,0,181,Shamela0010273,3167,893,1074,145,100
647,0,181,Sham19Y0023618,1658,334,515,145,100
647,0,264,JK000385,54,513,777,210,100
647,82,344,Rafed0001713Vols,2564,1239,1598,196,66
647,0,264,Shamela0008473,4534,894,1157,209,99
647,0,264,JK009396,1529,368,632,210,100
647,0,344,JK009268,4261,120,454,262,95
647,0,181,Meshkat0014420,4363,807,988,145,100
647,0,192,Shamela0012293,2038,892,1084,153,100
647,0,344,Shamela0001419,507,352,559,146,53
647,0,344,Shia001626Vols,459,568,927,262,88
647,0,181,JK009266,8481,378,559,145,100
647,0,841,Shamela0009637,26,531,1638,555,56
647,851,1072,Shamela0009637,27,6,250,160,80
647,534,1048,Shamela0023591,2997,224,736,123,19
647,0,344,Shamela0023591,6343,1044,1378,262,95
647,0,181,Shamela0023591,6346,1022,1203,145,100
647,166,344,Shamela0023591,6358,139,307,129,89
647,0,264,Shamela0023632,3366,756,1020,210,100
648,620,899,JK000545,106,1084,1342,171,75
648,903,1596,JK000545,107,200,942,538,89
649,0,159,JK000545,107,942,1101,128,100
649,202,1514,JK000545,108,83,1398,1033,97
650,1168,1526,JK000365,1099,323,1128,278,42
650,1171,1459,JK001173,205,824,1090,213,91
650,1168,1420,Shamela0021512,246,1329,1575,195,94
650,1168,1526,Kraken211005012007,331,140,694,275,59
650,710,1157,AOCP20251117016Vols,115,878,1158,83,19
650,1168,1526,Shamela0036543,311,1017,1489,253,64
651,0,308,JK000365,1099,1128,1436,250,100
651,1038,1562,JK000365,1189,135,685,403,89
651,1173,1348,JK000373,335,534,709,138,100
651,1173,1348,Shamela0007520,4,400,575,138,100
651,0,308,JK001173,206,37,345,250,100
651,1038,1290,Shamela0006947,14170,1263,1508,193,95
651,1290,1562,Shamela0006947,14171,0,287,212,90
651,1038,1402,JK006892,84,1167,1347,121,41
651,1177,1451,JK006950,1977,1121,1371,197,89
651,1173,1451,JK000368,376,408,698,215,91
651,1173,1348,Shamela0011379,327,1088,1263,138,100
651,1177,1451,JK000381,7675,1107,1357,197,89
651,1173,1348,Shamela0008381,834,1133,1308,138,100
651,0,308,Shamela0021512,247,233,541,250,100
651,0,308,Kraken211005012007,331,694,993,237,94
651,0,157,Shia001663Vols,277,150,300,122,95
651,41,361,Shamela0036543,312,0,305,237,91
652,332,673,Kraken220413194022,579,428,817,202,63
652,309,442,Kraken220413194022,899,1419,1549,103,96
652,442,560,Kraken220413194022,900,0,119,94,97
652,193,560,Kraken220413194022,925,753,1099,258,84
652,332,550,Kraken220413194022,2113,1344,1572,171,91
652,367,560,Kraken220413194022,2733,950,1139,139,89
652,183,560,Sham19Y0017101,133,1095,1436,249,80
652,15,709,JK000365,1189,795,1496,550,97
652,709,1473,JK000365,1190,0,772,587,93
652,305,560,JK000365,1432,195,463,197,92
652,305,560,JK000081,63,309,540,168,84
652,332,560,JK000081,482,599,857,179,87
652,309,560,JK000071,12,598,831,158,72
652,305,574,Tafsir10098,667,565,811,168,78
652,332,560,Sham19Y0016953Vols,650,823,1053,167,83
652,301,560,Sham19Y0016953Vols,708,1213,1471,203,98
652,305,567,Sham19Y0016953Vols,960,218,589,197,66
652,211,560,Sham19Y0016953Vols,987,50,376,252,89
652,301,560,Sham19Y0016953Vols,1391,232,512,202,91
652,357,560,Sham19Y0016953Vols,1529,7,209,157,97
652,305,584,JK001173,250,544,766,157,70
652,124,560,Shamela0022666,85,23,459,285,74
652,332,560,JK000094,506,1256,1490,152,76
652,183,560,Shamela0036076,9,719,1086,259,79
652,309,560,Shamela0008532,29,0,214,167,84
652,391,560,Tess21012422,84,0,170,133,98
652,380,560,Shamela0011354,7,0,180,141,99
652,15,1119,Shamela0006947,14171,389,1492,873,98
652,1119,1473,Shamela0006947,14172,0,346,266,91
652,124,560,Shamela0022647,17,840,1227,279,75
652,301,560,JK006892,61,1183,1381,151,71
652,560,776,JK006892,84,1347,1559,165,94
652,780,1409,JK006892,85,5,543,412,82
652,301,560,JK000903,25,1030,1266,173,81
652,305,560,JK000383BK1,50,372,616,187,90
652,309,560,Kraken220413202218,1086,1174,1410,160,75
652,316,560,Shamela0023578,3228,104,325,166,85
652,332,560,JK001414,569,1220,1480,173,84
652,301,560,JK001414,877,342,607,203,96
652,124,438,JK001414,903,1275,1521,179,67
652,438,560,JK001414,904,0,122,97,100
652,332,560,JK001414,2104,496,745,178,90
652,301,560,JK001414,2698,1055,1326,196,91
652,305,560,JK000098,187,695,963,198,93
652,301,560,Shamela0009943,429,1105,1348,184,87
652,301,560,Shamela0022653,136,202,436,173,82
652,301,560,Shamela0022653,263,856,1119,203,96
652,309,560,ShamAY0038455,64,107,360,184,91
652,301,560,JK000378,165,687,953,197,93
652,332,560,JK006950,940,823,1078,173,85
652,183,560,JK006950,1863,119,496,271,83
652,332,560,JK006950,2040,315,556,180,93
652,301,560,JK006950,2266,898,1143,176,81
652,301,567,JK006950,2331,992,1158,120,57
652,309,560,JK006950,2358,79,334,162,69
652,287,560,JK006950,2830,150,434,207,90
652,316,560,ShamAY0038073,4,539,740,153,78
652,305,560,JK000368,340,458,730,171,69
652,355,560,JK000368,349,11,216,161,99
652,301,560,Sham19Y0020587,25,626,893,200,94
652,305,493,ShamAY0037807,34,1360,1553,143,92
652,301,560,JK000379,20,586,849,203,96
652,305,560,Shamela0011211,72,1039,1311,189,88
652,301,567,JK000372,11,632,835,149,71
652,211,560,JK000372,38,639,1262,227,43
652,324,560,JK000022,2870,698,885,137,72
652,183,560,Sham19Y0147665,33,1013,1396,271,82
652,411,550,ShamAY0036481,8,525,1028,108,27
652,301,560,JK000381,233,873,1128,187,86
652,124,560,JK000381,631,536,964,288,76
652,301,560,JK000381,2209,631,892,200,95
652,124,560,JK000381,2976,1022,1389,279,78
652,301,550,JK000381,3066,1272,1520,195,97
652,332,560,JK000381,3611,512,743,172,88
652,301,560,JK000381,3653,826,1082,187,85
652,309,560,JK000381,3661,342,598,194,94
652,301,560,JK000381,5624,1018,1241,171,80
652,332,560,JK000381,6637,701,956,173,85
652,205,560,JK000381,7561,0,332,254,87
652,332,560,JK000381,7738,406,647,180,93
652,301,530,JK000381,7964,1388,1602,152,78
652,301,567,JK000381,8030,49,215,120,57
652,211,560,JK000381,8056,292,882,220,43
652,301,560,JK000381,8529,0,262,201,95
652,305,560,Shamela0004473,269,148,403,186,91
652,279,514,Shamela0004473,5452,1299,1526,147,75
652,301,560,Shamela0004473,13362,54,319,200,93
652,309,514,Shamela0004473,17102,1452,1633,120,68
652,193,560,JK000367,373,875,1230,262,86
652,301,560,Shamela0007597,351,502,759,198,94
652,305,514,Shamela0011578,24,1248,1461,163,95
652,305,574,JK000385,68,629,926,207,87
652,294,560,Shamela0002386,282,436,713,193,87
652,301,560,ShamAY0034385,10,241,504,195,88
652,305,514,Sham19Y0011326,74,1231,1440,140,78
652,332,560,Sham19Y0011326,96,162,406,170,86
652,332,560,JK000082,114,817,1085,166,78
652,301,560,JK000376,139,932,1187,187,86
652,301,560,Shamela0037325,651,318,573,187,86
652,301,560,JK000028,112,378,647,199,92
652,438,567,JK000028,315,0,130,100,96
652,211,508,JK000028,343,1014,1543,172,38
652,305,560,Shamela0003055,515,503,783,189,85
652,301,560,Shamela0003055,2654,1089,1311,161,74
652,305,542,Shamela0003055,3203,1346,1587,182,93
652,301,424,Sham19Y0017581,344,1421,1594,89,64
652,424,560,Sham19Y0017581,345,0,135,106,98
653,1312,1531,Shamela0008555,92,0,221,171,87
653,0,701,JK000365,1190,772,1466,550,98
653,701,1531,JK000365,1191,0,713,530,73
653,0,1122,Shamela0006947,14172,346,1499,892,96
653,1289,1531,Shamela0006947,14173,0,243,178,79
653,53,1460,JK006892,85,543,1287,548,49
653,498,1465,Shamela0004473,11264,571,1360,385,43
653,1289,1531,Shamela0007597,386,376,654,189,78
653,1289,1531,Shamela0003055,2111,373,634,187,81
654,5,847,Shamela0008555,92,225,875,387,49
654,0,832,JK000365,1191,713,1540,656,98
654,832,1499,JK000365,1192,0,731,531,90
654,0,1287,Shamela0006947,14173,243,1516,983,94
654,1289,1499,Shamela0006947,14174,5,223,170,96
654,19,339,JK006892,85,1280,1466,144,55
654,339,1489,JK006892,86,0,746,563,60
654,24,640,Sham19Y0095660,1632,651,1204,427,86
654,0,684,Shamela0007597,386,654,979,217,39
654,5,847,Shamela0003055,2111,638,1220,453,67
655,1215,1497,JK000918,140,486,810,207,77
655,0,761,JK000365,1192,731,1533,610,94
655,761,1575,JK000365,1193,0,829,660,97
655,452,1108,JK000791,173,825,1395,248,36
655,1248,1478,Shamela0008970,128,0,269,180,82
655,0,755,Shamela0006947,14174,223,1005,604,95
655,187,1192,JK006892,86,752,1495,588,71
655,931,1060,JK000917,999,44,260,106,59
655,886,1078,JK000381,5086,1429,1597,132,84
655,1215,1478,JK000977,688,0,286,187,80
655,899,1187,JK000447,33,19,356,187,65
655,902,1267,JK000435,29,34,696,217,38
655,1215,1478,Sham19Y0017817,446,570,869,206,85
655,899,1108,JK000484,442,1067,1242,136,79
656,55,380,Shamela0000041,234,577,975,137,35
656,55,318,Shamela0007798,1257,1211,1561,122,38
656,0,810,JK000365,1193,829,1628,628,90
656,810,1695,JK000365,1194,0,882,715,96
656,515,856,JK000791,94,654,1145,238,56
656,55,463,JK000791,173,1411,1659,172,48
656,874,1377,Shamela0006947,14174,1082,1591,411,98
656,1377,1695,Shamela0006947,14175,0,317,258,94
656,55,380,Shamela0021766,299,773,1145,124,33
656,0,1695,JK006892,87,61,1378,1036,72
656,55,380,Shamela0023578,330,194,623,129,31
656,55,380,Sham19Y0014404,142,1188,1578,134,34
656,55,211,Shamela0001466,231,944,1229,97,41
657,0,371,JK000365,1194,882,1231,281,93
657,0,371,Shamela0006947,14175,317,665,281,93
657,0,304,JK006892,87,1378,1676,242,98
657,191,371,Shamela0007597,383,569,748,118,75
657,96,319,JK001042,41,361,548,144,80
658,801,1128,Shamela0009943,460,334,703,255,80
660,451,1237,JK000365,1105,320,1108,642,98
660,119,260,Rafed0002341Vols,1290,1374,1515,108,97
660,119,264,JK000916,1562,917,1062,108,95
660,119,260,JK000916,14218,139,281,105,94
660,119,260,Shia003636Vols,4095,546,687,108,97
661,860,1120,JK000365,1213,158,410,200,96
661,893,1120,Shamela0007597,384,474,719,178,91
661,866,1061,JK000146,277,380,657,144,66
666,400,537,Shia001432Vols,24472,1282,1456,94,71
667,506,658,Shamela0007798,3718,285,437,118,98
667,506,678,Shamela0008473,1773,683,846,117,86
667,496,658,Meshkat0014420,1517,1225,1388,120,92
668,743,999,Kraken220413194022,2440,0,251,184,79
668,776,950,Kraken220413194022,2479,1320,1496,131,83
668,665,950,JK000365,1201,70,355,232,97
668,665,999,JK000373,150,109,445,264,94
668,665,849,JK000362,6,1411,1594,152,97
668,849,977,JK000362,7,0,128,103,98
668,665,977,JK000362,128,949,1261,254,98
668,665,983,JK000362,407,1231,1547,246,87
668,665,995,JK000362,948,1096,1422,262,95
668,665,983,JK000094,6,544,861,260,97
668,756,950,Shamela0006947,14224,0,194,156,97
668,776,950,JK000382,518,752,926,140,97
668,731,950,JK000382,557,1353,1576,182,98
668,665,977,JK001063,7,423,735,259,99
668,665,950,JK001414,2401,445,731,223,87
668,776,950,JK001414,2441,22,198,131,83
668,665,977,Shamela0007623,1,489,803,255,97
668,665,977,JK000101,304,1239,1551,254,98
668,665,977,JK000381,946,857,1169,252,97
668,665,977,JK000381,4733,507,818,256,98
668,665,977,JK000381,5339,112,425,257,98
668,665,977,Shamela0004473,15174,805,1117,255,98
668,665,977,Shamela0008363,121,896,1208,254,98
668,665,983,Shamela0008353,62,299,614,254,95
668,665,977,Shamela0011146,65,1276,1546,222,85
668,665,980,Shamela0037325,891,669,984,252,96
668,665,983,Shamela0012293,689,701,1017,254,95
668,665,977,Shamela0003055,3073,690,1002,253,97
668,665,999,Sham19Y0016928,39,729,1120,249,76
668,665,999,Sham19Y0017581,33,760,1089,250,84
668,776,950,Sham19Y0017581,75,911,1087,129,80
668,665,980,JK000090,104,529,864,254,89
669,707,1024,JK007640,121,133,582,249,69
670,0,775,JK000364,29,939,1641,542,83
670,775,1691,JK000364,30,0,899,706,94
671,42,763,Shamela0007568,42,214,686,367,62
671,42,660,Shamela0006947,8030,1232,1603,290,57
671,660,898,Shamela0006947,8031,0,227,180,92
671,0,253,JK000364,2,49,291,187,92
671,0,759,JK000364,30,899,1623,562,89
671,759,1671,JK000364,31,0,797,653,85
672,537,692,Shamela0006947,8031,231,387,123,97
672,0,959,JK000364,31,797,1711,733,91
672,959,1411,JK000364,32,0,497,294,65
673,1214,1561,JK000331,31,99,436,259,92
673,524,1276,JK000364,32,795,1555,583,91
673,1276,1561,JK000364,33,0,275,211,91
674,670,808,JK000365,313,0,254,70,36
674,568,808,JK001254,1,1312,1540,150,73
674,376,758,JK000381,3461,85,623,78,13
674,0,953,JK000331,31,436,1432,742,90
674,0,1191,JK000364,33,275,1532,933,90
674,675,828,Shamela0003055,618,0,174,91,63
675,1030,1392,JK000676,791,444,809,150,36
675,1036,1345,JK000098,547,1221,1596,127,31
676,1330,1641,Shamela0006947,8029,586,834,160,63
676,520,1132,JK000676,848,346,733,286,57
676,1414,1623,JK000364,13,1205,1409,165,97
676,216,1641,JK000364,36,76,1276,949,79
677,0,756,Shamela0006947,8029,834,1557,556,88
677,0,341,JK000364,36,1276,1614,258,91
677,341,1099,JK000364,37,0,532,410,66
678,1084,1651,JK000364,34,210,775,454,97
679,0,404,Shamela0006947,8030,437,823,285,83
679,0,866,JK000364,34,775,1649,668,90
679,866,1574,JK000364,35,0,403,295,50
680,782,1015,Shamela0006947,8030,901,1141,170,87
680,0,1120,JK000364,35,403,1232,654,71
681,364,720,JK000364,35,1264,1568,226,75
682,134,745,Shamela0006947,8031,396,1033,449,87
682,231,754,JK003608,3458,402,937,403,92
684,946,1623,Shamela0006624,840,759,1398,493,89
684,1117,1284,Shamela0001242,138,789,928,113,83
684,929,1614,Rafed0002341Vols,1760,880,1292,305,55
684,946,1438,Shamela0012715,1059,1167,1617,362,90
684,1438,1614,Shamela0012715,1060,0,176,126,89
686,475,761,JK007640,311,1072,1335,197,83
687,1258,1580,Shamela0007568,41,480,803,258,99
687,1258,1580,Shamela0007663,100,761,1080,249,96
688,0,574,Shamela0007568,41,803,1361,421,89
688,0,574,Shamela0007663,100,1080,1553,372,79
689,1155,1492,JK003502,1915,1253,1614,265,87
689,1162,1608,Shamela0001242,1056,186,590,297,77
690,0,478,JK003502,1916,130,929,295,43
690,357,647,JK003502,1917,1473,1750,144,47
690,647,970,JK003502,1918,0,333,248,93
692,1291,1646,Shamela0012094,70,703,1068,281,92
693,0,221,Shamela0012094,70,1068,1264,151,85
693,935,1308,Shamela0004445,2997,319,713,294,91
693,935,1308,Rafed0003489,286,651,1039,289,90
697,1058,1361,Shamela0009775,79,1235,1538,235,96
697,1361,1504,Shamela0009775,80,0,144,113,99
698,0,442,Shamela0009775,80,144,587,349,98
699,1091,1255,JK006982,1,38,167,94,71
699,693,1328,Kraken220413194022,1229,486,1062,231,35
699,832,1328,Kraken220413194022,2967,801,1246,265,65
699,1467,1618,JK000165,4,1330,1474,111,91
699,974,1237,Shamela0022666,1,66,280,144,62
699,1446,1618,Shamela0010906,7044,117,299,121,79
699,1081,1638,AOCP20251104081,1,1349,1631,210,46
699,832,1328,Shamela0021524,83,190,574,216,50
699,1091,1255,JK006950,2286,1340,1469,94,71
699,832,1328,JK000381,4731,164,646,314,66
699,1091,1255,JK000381,7985,325,454,94,71
699,1081,1328,Shamela0004473,9430,1362,1536,123,59
699,829,1641,AOCP20251104062,1,618,1390,555,81
699,819,1573,Sham19Y0001994,618,983,1671,494,74
699,1435,1618,Shamela0031366,484,167,406,104,54
699,819,1320,JK000366,16,1176,1660,376,87
699,832,1328,JK000366,27,1000,1384,216,50
699,838,1376,Shia001561,73,734,995,209,46
699,832,1081,Shamela0037325,2031,1298,1517,181,86
699,829,1641,JK000363,1,656,1391,567,83
699,974,1641,JK000364,1,404,830,306,56
699,819,1380,JK000364,17,11,512,395,82
700,1172,1586,ShamAY0034384,1,974,1382,279,75
700,16,337,ShamAY0034384,1,435,693,201,75
700,1265,1549,Shamela0006624,764,1287,1573,188,73
700,1265,1586,JK000676,785,800,1118,214,74
700,16,337,Shamela0013088,32,983,1242,202,75
700,1290,1586,Shamela0013088,33,11,344,229,83
700,1296,1586,Hindawi073920283,37,523,745,165,67
700,16,337,AOCP20251104062,1,1407,1692,221,80
700,1172,1586,AOCP20251104062,2,418,867,312,82
700,16,337,Sham19Y0001994,619,79,392,205,68
700,1132,1586,Sham19Y0001994,619,784,1347,327,66
700,16,337,LMN20201019,1,497,755,203,75
700,1172,1586,LMN20201019,1,1027,1436,281,75
700,16,264,JK000363,1,1408,1628,169,77
700,1132,1586,JK000363,2,389,867,344,85
700,56,913,JK000369,1,197,1242,512,50
701,928,1102,Shamela0006624,767,577,752,110,80
701,271,386,Shamela0006624,767,376,491,92,100
701,432,643,Shamela0011790,678,661,850,131,77
701,711,1089,Shamela0011790,679,0,378,271,89
701,432,643,Sham19Y0145334,316,699,898,130,69
701,845,1089,Sham19Y0145334,317,0,248,169,86
701,663,1089,Shamela0006947,8036,945,1369,278,80
701,704,1094,Shamela0006947,18869,172,576,275,86
701,276,386,JK000676,787,1447,1557,88,100
701,932,1113,JK000676,788,0,170,114,80
701,169,271,Shamela0021524,3,382,484,80,100
701,766,986,Shamela0021524,4,1280,1499,170,96
701,986,1089,Shamela0021524,5,0,100,61,76
701,663,932,Shamela0021524,10,1266,1535,149,65
701,932,1094,Shamela0021524,11,0,164,119,94
701,1125,1445,Shamela0021524,58,1173,1499,247,93
701,730,1089,Shamela0001002,836,936,1308,246,83
701,751,1089,Shamela0005890,31,1177,1519,254,93
701,663,1089,Shamela0009943,15,265,693,279,79
701,663,1064,Shamela0012398,1764,1110,1468,249,76
701,766,1094,ShamAY0032275,286,465,794,230,87
701,142,276,Shamela0004473,562,245,411,88,67
701,794,1089,Shamela0004473,562,1106,1393,130,49
701,103,516,Shamela0004473,9431,1196,1578,256,75
701,516,663,Shamela0004473,9432,0,135,104,89
701,148,276,Sham19Y0001994,620,1164,1272,85,84
701,663,986,Shamela0031366,659,1205,1529,192,71
701,125,381,ShamAY0035828,5,250,472,156,77
701,125,287,ShamAY0035828,12,783,992,102,63
701,704,1094,Shamela0006674,97,1010,1409,254,80
701,704,1094,JK000366,38,881,1257,271,86
701,766,1094,Shamela0000131,115,153,472,225,87
701,142,386,Shamela0037325,2031,1035,1278,155,70
701,125,276,JK000363,4,1187,1320,91,76
701,1125,1432,JK000364,4,1287,1594,241,96
701,704,1094,JK000364,5,951,1347,281,89
701,159,330,JK000364,13,426,588,98,63
701,928,1106,JK000364,32,637,811,109,79
701,704,1094,Sham19Y0026523,3490,121,518,252,79
702,26,751,MMS00008,143,6,462,362,61
702,108,449,Shamela0006947,8034,732,1026,218,80
702,41,751,Shamela0006947,18872,552,1210,520,91
702,759,914,Shamela0006947,18873,252,686,122,34
702,85,449,Shamela0021524,9,830,1164,238,81
702,1179,1527,Shamela0021524,63,0,349,280,98
702,138,453,Shamela0021524,88,1192,1505,241,95
702,453,751,Shamela0021524,89,0,310,240,95
702,751,914,Shamela0021524,89,873,1314,130,36
702,132,449,Shamela0012398,1764,481,790,235,92
702,174,449,Hindawi073920283,40,414,686,205,92
702,592,751,ShamAY0032275,358,86,246,121,91
702,0,751,AOCP20251104062,6,132,964,581,86
702,805,1527,AOCP20251104062,7,222,1402,577,60
702,1094,1527,Sham19Y0001994,622,181,607,337,95
702,0,751,Sham19Y0001994,625,60,822,575,91
702,805,1114,Sham19Y0001994,626,122,615,234,59
702,169,307,Sham19Y0017878,81,614,946,65,25
702,85,449,Shamela0031366,658,730,1067,240,82
702,0,583,ShamAY0035828,12,1079,1639,431,89
702,751,914,ShamAY0035828,13,741,1189,130,35
702,583,751,ShamAY0035828,13,0,175,134,91
702,7,255,Shamela0006674,100,1315,1508,140,66
702,255,751,Shamela0006674,101,0,491,388,97
702,751,914,Shamela0006674,101,1051,1488,128,36
702,155,422,Shamela0031371,183,1476,1742,194,90
702,422,561,Shamela0031371,184,0,139,109,97
702,0,219,JK000366,13,1384,1612,177,95
702,219,751,JK000366,14,0,529,417,98
702,751,914,JK000366,14,1091,1535,130,36
702,921,1169,JK000366,15,313,549,143,67
702,1110,1527,JK000366,75,723,1184,338,90
702,187,449,JK000763,11,0,246,183,87
702,0,751,JK000363,6,244,1029,589,92
702,805,1527,JK000363,7,294,1423,576,62
702,0,315,JK000364,2,1249,1568,252,97
702,315,751,JK000364,3,0,428,334,95
702,982,1527,JK000364,14,967,1494,375,81
702,7,751,Sham19Y0026523,3493,421,1108,530,88
702,751,914,Sham19Y0026523,3494,114,560,129,35
703,579,1246,ShamAY0034384,2,494,1178,495,86
703,579,1246,Shamela0006624,765,585,899,233,43
703,405,579,Shamela0011790,678,807,959,124,86
703,410,579,Sham19Y0145334,316,854,1007,121,85
703,681,1395,Shamela0006947,8033,257,672,221,33
703,579,1246,JK000676,786,36,352,236,44
703,579,1251,Shamela0021524,9,130,446,241,44
703,0,405,Shamela0021524,63,349,758,328,95
703,583,728,Shamela0005890,30,1395,1537,112,96
703,728,1251,Shamela0005890,31,0,166,127,30
703,579,1246,Shamela0013088,33,1002,1318,234,43
703,681,1395,Shamela0009943,11,855,1307,221,32
703,579,1246,Shamela0012398,1764,109,421,242,45
703,579,931,Hindawi073920283,38,554,911,273,96
703,579,1251,ShamAY0032275,351,993,1304,240,45
703,583,931,Shamela0004473,562,498,837,264,95
703,405,681,Shamela0004473,9432,130,392,201,88
703,549,973,AOCP20251104062,4,1266,1730,320,84
703,973,1632,AOCP20251104062,5,0,831,523,75
703,0,209,AOCP20251104062,7,1402,1620,171,94
703,209,405,AOCP20251104062,8,0,190,157,96
703,549,874,Sham19Y0001994,620,1272,1597,243,93
703,464,1395,Sham19Y0001994,621,30,568,373,47
703,0,389,Sham19Y0001994,622,607,1000,315,95
703,579,1246,Shamela0027084,26,792,1106,238,44
703,579,1246,LMN20201019,2,512,829,232,43
703,579,1251,Shamela0031366,658,29,345,240,44
703,1254,1632,JK000366,33,1081,1542,295,72
703,579,931,JK000366,34,1046,1397,278,99
703,0,410,JK000366,75,1184,1608,325,93
703,549,842,JK000363,4,1320,1615,218,93
703,842,1632,JK000363,5,0,945,622,78
703,0,170,JK000363,7,1423,1592,140,98
703,170,405,JK000363,8,0,239,188,93
703,405,1632,JK000364,8,290,1292,660,57
703,0,149,JK000364,14,1494,1642,123,98
703,149,464,JK000364,15,0,326,211,77
703,579,766,Sham19Y0038093,122,896,1093,143,91
704,1453,1628,ShamAY0034384,1,1390,1571,143,95
704,49,591,Shamela0023156,126,748,1274,399,83
704,465,591,Shamela0006624,767,104,230,99,98
704,1104,1347,Shamela0007568,40,805,1073,182,79
704,408,596,Shamela0011790,678,981,1158,113,74
704,89,451,Shia004456Vols,100,300,565,150,49
704,95,451,Sham19Y0016953Vols,1811,1191,1564,265,77
704,451,638,Sham19Y0016953Vols,1812,0,200,128,76
704,49,268,MMS00008,141,1411,1650,181,88
704,268,596,MMS00008,142,0,365,256,84
704,465,596,Sham19Y0145334,316,1057,1190,101,94
704,95,750,Shamela0006947,8033,615,1448,422,58
704,1104,1347,Shamela0006947,8035,799,1073,186,79
704,1410,1696,AOCP20251104081,4,242,531,235,98
704,465,591,Shamela0021524,3,1247,1370,98,96
704,465,638,Shamela0021524,10,1125,1270,111,80
704,581,1224,Shamela0021524,22,579,1185,384,61
704,1462,1696,Shamela0021524,67,0,235,192,99
704,465,638,Shamela0005890,31,394,557,111,74
704,1453,1696,Shamela0013088,33,352,603,199,96
704,95,412,Shamela0009943,11,1250,1608,251,82
704,403,591,Shamela0009943,12,40,234,138,86
704,675,1095,LMN20200406,2,569,1027,342,89
704,1088,1347,LMN20200406,10,1031,1311,207,90
704,465,638,Shamela0012398,1764,969,1114,110,79
704,1088,1347,Shamela0012398,1765,152,432,199,83
704,403,591,Hindawi073920283,38,1051,1208,115,77
704,1088,1368,Hindawi073920283,40,781,1071,204,80
704,1116,1356,ShamAY0032275,353,486,773,176,74
704,89,451,Shia001555Vols,99,834,1099,150,49
704,1368,1696,AOCP20251104062,3,39,346,249,91
704,0,591,AOCP20251104062,5,831,1478,473,88
704,675,1095,AOCP20251104062,145,351,809,342,89
704,1088,1347,AOCP20251104062,153,1074,1400,205,76
704,465,596,Shamela0004445,6519,893,1024,102,97
704,1506,1696,Sham19Y0001994,620,220,397,128,78
704,49,1095,Sham19Y0001994,621,450,1651,718,63
704,1095,1224,Sham19Y0001994,622,28,163,102,94
704,1453,1587,LMN20201019,1,1444,1584,111,94
704,1587,1696,LMN20201019,2,0,110,88,99
704,465,638,Shamela0031366,659,1064,1209,111,80
704,675,1095,ShamAY0035828,61,584,1034,337,87
704,1088,1347,ShamAY0035828,69,696,977,205,87
704,675,1058,Zaydiyya0000109,123,1368,1652,218,65
704,22,638,JK000366,34,0,656,436,75
704,675,975,JK000366,43,1409,1719,242,91
704,465,653,JK000366,59,148,471,128,47
704,89,403,JK000366,68,822,1169,261,89
704,465,634,Shamela0000131,115,546,723,111,70
704,1368,1696,JK000363,3,115,429,255,93
704,0,591,JK000363,5,945,1582,469,88
704,813,1095,JK000363,142,0,320,229,85
704,1088,1347,JK000363,150,376,656,204,87
704,0,268,JK000364,8,1292,1583,209,84
704,268,628,JK000364,9,0,417,272,80
705,0,234,ShamAY0034384,2,71,331,180,84
705,1198,1639,ShamAY0034384,3,800,1331,346,79
705,48,234,Shamela0006624,765,228,411,126,77
705,1198,1639,Shamela0006624,766,257,600,205,47
705,1186,1639,Shamela0007568,40,131,368,182,48
705,1198,1639,Shamela0006947,8035,61,296,177,48
705,1198,1581,Shamela0006947,18873,1154,1489,219,67
705,227,619,AOCP20251104081,12,1322,1684,275,82
705,619,870,AOCP20251104081,13,0,251,203,98
705,48,234,JK000676,785,1314,1497,126,77
705,1198,1366,JK000676,786,1393,1553,126,91
705,0,217,Shamela0021524,67,235,449,166,94
705,0,234,Shamela0013088,33,603,839,180,92
705,1198,1639,Shamela0013088,34,930,1461,342,77
705,1198,1639,Shamela0009943,13,758,987,175,48
705,0,217,AOCP20251104062,3,346,559,164,94
705,227,773,AOCP20251104062,13,1219,1785,448,94
705,773,1195,AOCP20251104062,14,0,519,336,78
705,1198,1639,AOCP20251104062,59,1036,1467,338,92
705,0,222,Sham19Y0001994,620,397,636,174,89
705,227,934,Sham19Y0001994,623,475,1042,451,77
705,0,234,LMN20201019,2,110,345,180,93
705,1198,1639,LMN20201019,3,459,995,344,77
705,1198,1581,Shamela0006674,102,396,735,220,67
705,1400,1553,Shamela0001037,167,743,914,117,87
705,1198,1639,JK000366,19,771,1205,344,96
705,75,227,Shamela0037325,2790,1032,1184,121,98
705,0,227,JK000363,3,429,653,172,94
705,227,865,JK000363,13,1024,1677,523,97
705,865,1195,JK000363,14,0,364,265,88
705,1198,1639,JK000363,58,1051,1481,339,93
705,1198,1548,JK000364,10,1015,1358,273,96
705,227,575,JK000364,11,1304,1647,281,97
705,575,1190,JK000364,12,0,601,486,96
705,1198,1581,Sham19Y0026523,3494,1034,1378,226,68
706,1097,1489,ShamAY0034384,2,1182,1572,318,98
706,0,273,ShamAY0034384,3,1331,1603,223,99
706,273,1065,ShamAY0034384,4,0,849,629,90
706,1101,1535,Shamela0006624,765,920,1314,321,89
706,0,900,Shamela0006624,766,600,1329,568,75
706,1101,1385,Shamela0007568,39,1322,1533,172,73
706,1385,1517,Shamela0007568,40,0,139,102,90
706,1049,1538,Shamela0006947,8034,1008,1451,299,71
706,123,570,Shamela0006947,18874,0,289,203,55
706,1305,1489,AOCP20251104081,13,256,439,140,93
706,1101,1535,JK000676,786,373,765,320,89
706,0,893,JK000676,787,127,849,559,75
706,1031,1412,Shamela0021524,9,1137,1538,281,83
706,0,556,Shamela0021524,12,1088,1648,445,95
706,556,980,Shamela0021524,13,0,491,337,83
706,1097,1351,Shamela0013088,33,1322,1576,210,98
706,1351,1619,Shamela0013088,34,0,269,213,98
706,135,1065,Shamela0013088,35,0,970,742,93
706,1049,1538,Shamela0009943,13,141,599,295,68
706,1101,1588,Hindawi073920283,37,1069,1522,336,78
706,0,577,Hindawi073920283,50,1184,1633,338,69
706,85,984,ShamAY0032275,354,0,906,676,87
706,1101,1489,ShamAY0034377,2,21,370,284,88
706,119,556,Shamela0001584,1325,1406,1623,119,34
706,1017,1619,AOCP20251104062,14,458,1100,445,84
706,119,1065,AOCP20251104062,60,0,1055,753,86
706,1065,1619,Sham19Y0001994,623,1042,1580,435,96
706,1097,1619,LMN20201019,2,841,1361,420,98
706,0,625,LMN20201019,3,995,1626,504,96
706,625,1065,LMN20201019,4,0,474,344,89
706,1031,1412,Shamela0031366,658,1040,1433,266,75
706,0,625,Shamela0031366,661,1013,1658,504,94
706,625,980,Shamela0031366,662,0,408,282,83
706,946,1619,ShamAY0035828,10,192,1242,449,52
706,0,980,ShamAY0035828,11,221,1038,624,75
706,0,570,Shamela0006674,102,765,1131,259,55
706,0,450,JK000366,19,1205,1653,366,99
706,450,1070,JK000366,20,0,682,494,89
706,1017,1619,JK000363,14,303,941,449,86
706,48,1065,JK000363,59,0,1055,809,93
706,1097,1425,JK000364,10,1354,1666,256,94
706,0,1070,JK000364,11,155,1272,851,92
706,0,255,Sham19Y0026523,3494,1408,1583,119,58
707,0,322,ShamAY0034384,3,144,466,260,99
707,0,319,Shamela0006624,765,1350,1594,193,74
707,869,1421,Shamela0006947,8026,0,530,391,80
707,785,1302,Shamela0006947,18873,863,1137,198,46
707,895,1366,AOCP20251104081,12,837,1308,382,97
707,0,319,JK000676,786,801,1043,192,73
707,0,245,Shamela0021524,10,533,776,198,99
707,785,1302,JK000998,48,284,551,197,46
707,0,327,Shamela0013088,34,279,604,263,99
707,1181,1426,Hindawi061571979,75,505,759,178,76
707,129,292,Hindawi061571979,76,1269,1420,119,90
707,30,287,Hindawi073920283,38,0,185,144,69
707,361,537,AOCP20251104062,5,1544,1729,140,92
707,582,1558,AOCP20251104062,13,71,1112,782,90
707,0,408,AOCP20251104062,14,1111,1586,295,76
707,582,1136,Sham19Y0001994,622,1020,1599,437,90
707,1136,1584,Sham19Y0001994,623,0,459,355,89
707,103,408,Sham19Y0001994,624,0,319,205,81
707,0,198,LMN20201019,2,1371,1572,161,97
707,0,245,Shamela0031366,659,437,681,199,99
707,0,245,ShamAY0035828,10,1252,1496,199,99
707,785,1302,Shamela0006674,102,103,379,203,48
707,397,903,JK000366,18,995,1619,403,77
707,908,1647,JK000366,19,6,767,561,85
707,431,718,JK000363,6,0,361,155,48
707,624,1604,JK000363,13,0,1020,782,91
707,0,408,JK000363,14,951,1374,295,86
707,397,563,JK000364,9,1490,1656,137,100
707,544,1584,JK000364,10,3,987,734,83
707,129,338,Sham19Y0026523,2881,107,313,159,96
707,785,1302,Sham19Y0026523,3494,741,1017,203,48
708,768,1019,Shamela0004473,561,1276,1517,186,93
708,0,946,AOCP20251104062,3,646,1597,737,95
708,946,1587,AOCP20251104062,4,0,572,362,65
708,253,497,Sham19Y0001994,619,1401,1619,166,81
708,497,721,Sham19Y0001994,620,0,220,165,94
708,0,869,JK000363,3,683,1552,687,96
708,869,1587,JK000363,4,0,671,475,77
709,1103,1505,Shamela0011790,673,942,1451,311,72
709,1505,1678,Shamela0011790,674,45,220,133,95
709,549,976,MMS00008,141,843,1154,245,70
709,578,836,Sham19Y0145334,305,22,312,130,43
709,1251,1678,Sham19Y0145334,317,860,1484,319,62
709,16,268,Shamela0001584,1528,1101,1360,151,63
709,0,268,Shamela0001584,1986,901,1092,132,55
709,0,534,AOCP20251104062,4,572,1096,437,97
709,534,953,AOCP20251104062,184,842,1329,314,75
709,541,979,Shamela0004445,6519,158,697,327,73
709,0,534,Sham19Y0001994,620,754,1146,322,71
709,0,534,ShamAY0035828,12,258,791,435,95
709,1298,1678,JK000366,49,824,1314,291,73
709,541,853,JK000366,76,1163,1612,245,67
709,0,534,JK000363,4,671,1195,437,97
709,534,953,JK000363,181,820,1307,316,76
709,541,953,JK000364,15,500,1078,308,65
709,0,928,JK000364,17,679,1608,746,95
709,979,1678,JK000364,18,697,1293,470,82
709,572,885,JK000364,19,925,1327,205,56
710,0,1139,Shamela0011790,674,220,1587,923,82
710,1139,1471,Shamela0011790,677,1277,1606,269,98
710,1250,1543,Sham19Y0145334,305,0,312,225,88
710,8,1139,Sham19Y0145334,318,0,1368,906,80
710,1207,1605,AOCP20251104062,184,885,1198,210,60
710,1207,1605,Shamela0004445,6519,194,538,211,56
710,96,502,JK000366,50,6,402,279,74
710,1207,1560,JK000366,76,1199,1612,188,45
710,1207,1605,JK000363,181,863,1176,210,60
710,1207,1605,JK000364,15,536,989,209,46
710,1207,1605,JK000364,17,1248,1561,210,60
710,0,228,JK000364,18,1293,1592,178,72
710,232,1638,JK000364,19,0,1360,1062,88
711,1147,1325,Shamela0021524,55,1341,1521,133,90
711,148,533,JK000369,2,429,825,311,95
711,502,826,JK000369,2,1258,1601,256,89
711,826,1147,JK000369,3,0,321,245,97
711,1400,1603,JK000369,3,834,1040,161,94
711,1147,1405,JK000369,5,1153,1421,194,90
712,977,1503,MMS00008,144,239,720,338,78
712,950,1503,AOCP20251104062,186,367,938,402,83
712,950,1503,JK000363,183,321,872,419,92
712,205,487,JK000369,1,1242,1519,185,80
712,458,790,JK000369,2,10,337,254,96
712,0,205,JK000369,3,1040,1261,151,81
713,0,993,MMS00008,144,720,1272,391,49
713,0,1107,Shamela0021524,28,136,1045,693,77
713,0,315,AOCP20251104062,186,938,1304,232,77
713,320,1473,AOCP20251104062,187,145,1503,905,83
713,0,1107,Shamela0031366,677,311,1221,693,76
713,533,993,JK000366,55,24,485,369,99
713,0,320,JK000363,183,872,1181,240,95
713,320,1473,JK000363,184,80,863,591,61
713,993,1414,JK000363,185,149,568,326,97
714,829,996,Shamela0011790,678,800,959,128,92
714,98,315,MMS00008,144,1267,1534,163,73
714,829,996,Sham19Y0145334,316,838,1007,129,91
714,829,996,Shamela0004473,9432,123,290,123,86
714,1104,1533,AOCP20251104062,15,136,668,325,73
714,67,543,AOCP20251104062,188,0,999,358,44
714,1120,1383,Sham19Y0001994,624,1431,1682,164,72
714,1104,1533,JK000363,15,0,506,326,78
714,0,440,JK000363,184,863,1460,337,69
714,849,996,JK000364,8,295,441,117,92
715,293,477,AOCP20251104081,16,649,855,138,78
715,54,257,Shamela0021524,48,1377,1572,156,91
715,1220,1388,Shamela0021524,56,253,743,119,30
715,0,276,AOCP20251104062,15,668,914,192,82
715,604,806,AOCP20251104062,16,812,1191,103,29
715,1220,1388,ShamAY0035828,76,428,918,118,30
715,0,276,JK000363,15,506,751,189,82
715,591,806,JK000363,16,594,985,109,30
715,1559,1661,JK000364,18,92,195,82,99
715,311,483,JK000369,3,1313,1517,137,82
715,1220,1388,JK000369,8,105,595,119,30
716,1025,1468,AOCP20251104081,3,0,589,277,57
716,0,156,AOCP20251104081,13,743,897,117,89
716,1051,1468,AOCP20251104062,2,873,1513,280,55
716,1016,1468,ShamAY0001760,215,502,972,356,96
716,1051,1468,ShamAY0035828,8,938,1554,284,58
716,1051,1468,JK000363,2,873,1463,282,60
716,0,192,JK000363,32,42,234,148,92
716,0,202,JK000364,18,195,394,157,95
716,202,604,JK000369,4,1209,1685,299,78
716,604,919,JK000369,5,0,321,237,92
717,21,156,AOCP20251104081,3,648,837,96,62
717,202,560,Shamela0021524,55,733,1276,281,61
717,21,165,Shamela0005890,30,806,953,94,72
717,0,160,ShamAY0001760,215,972,1132,124,99
717,21,194,ShamAY0035828,9,25,200,97,62
717,40,176,JK000363,3,4,131,96,91
717,560,889,JK000369,3,321,736,244,70
717,202,560,JK000369,5,544,1087,281,61
717,894,1592,JK000369,6,460,1468,552,66
718,786,1112,ShamAY0035828,18,242,532,214,81
718,1165,1457,ShamAY0035828,19,969,1397,221,62
718,0,111,JK000369,6,1468,1596,81,80
718,116,440,JK000369,7,0,354,264,89
718,506,1112,JK000369,9,572,1164,274,43
718,1165,1586,JK000369,11,140,804,292,53
719,594,821,AOCP20251104081,7,588,897,157,61
719,40,550,ShamAY0035828,20,657,1203,380,82
719,27,152,JK000369,11,1349,1481,91,82
719,152,550,JK000369,12,0,453,306,82
719,586,988,JK000369,13,777,1420,284,54
719,988,1551,JK000369,14,0,914,445,59
720,1147,1317,Shamela0011790,677,558,725,137,97
720,1338,1470,Shamela0011790,681,911,1030,85,81
720,1147,1470,Sham19Y0145334,321,316,1076,227,36
720,253,756,Shamela0021524,99,145,816,378,71
720,1306,1514,Shamela0004473,9432,1006,1244,127,66
720,0,426,JK000369,14,914,1623,323,56
720,426,970,JK000369,15,0,685,417,76
720,970,1514,JK000369,21,907,1315,148,28
721,33,487,AOCP20251104081,4,1127,1580,322,87
721,33,265,Shamela0021524,99,1048,1286,187,96
721,845,1064,JK000369,16,1295,1562,163,73
721,1059,1475,JK000369,17,12,548,207,39
721,52,265,JK000369,22,0,220,172,96
721,265,834,JK000369,23,90,956,414,59
722,183,420,AOCP20251104081,7,205,540,165,59
722,192,671,JK000369,15,674,1324,362,67
722,0,198,JK000369,17,548,758,147,86
722,721,1508,JK000369,18,216,1441,549,55
723,30,479,Shamela0011790,681,684,842,86,23
723,30,498,JK000369,19,108,808,346,61
723,498,1418,JK000369,20,130,1427,674,64
724,173,390,AOCP20251104062,162,813,1071,167,78
724,173,390,Shamela0037325,2048,215,425,170,96
724,173,390,JK000363,159,131,343,172,97
724,4,573,JK000369,21,514,887,185,34
724,980,1295,JK000369,23,1103,1463,248,86
724,1295,1532,JK000369,24,0,291,183,78
724,588,813,JK000369,28,1271,1590,159,60
725,1115,1298,Shamela0011790,679,655,847,142,90
725,1130,1293,Sham19Y0145334,307,6,174,128,93
725,673,882,Shamela0004473,796,1460,1587,103,60
725,882,1305,Shamela0004473,797,0,438,308,85
725,686,1582,Shamela0004473,9434,379,1076,450,59
725,1130,1298,Shamela0004445,6458,1344,1550,115,67
725,0,1041,JK000369,24,291,1558,802,77
725,1041,1582,JK000369,25,0,696,415,72
725,1130,1298,Rafed0002163Vols,79,0,171,129,92
726,925,1158,Shamela0006624,766,1396,1679,186,79
726,870,1538,Shamela0011790,676,57,785,526,89
726,117,655,Shamela0011790,679,937,1483,415,93
726,661,821,Shamela0011790,680,12,174,124,90
726,160,813,Sham19Y0145334,307,241,962,421,69
726,1015,1535,Sham19Y0145334,320,0,527,413,96
726,925,1231,JK000676,787,922,1274,229,77
726,4,111,JK006950,2513,87,191,79,96
726,925,1206,Hindawi073920283,43,1083,1393,215,82
726,4,111,JK000381,8211,803,907,79,96
726,140,600,Shamela0004473,797,543,1074,337,77
726,4,111,AOCP20251104062,76,511,615,79,96
726,174,813,Shamela0004445,6459,88,1037,369,46
726,1367,1538,JK000366,50,1193,1364,130,94
726,4,111,JK000363,75,72,176,79,96
726,0,111,JK000369,25,696,804,83,97
726,117,821,Rafed0002163Vols,79,264,949,508,86
727,1171,1673,Shamela0011790,681,0,405,279,65
727,1323,1673,Sham19Y0145334,307,1075,1391,224,76
727,1074,1459,JK000098,373,1360,1651,210,62
727,1509,1673,JK000098,374,19,182,124,91
727,167,726,JK006950,2521,310,453,95,20
727,167,726,JK000381,8219,1047,1190,95,20
727,167,726,AOCP20251104062,84,1033,1176,98,21
727,418,631,JK000363,60,0,502,166,39
727,167,726,JK000363,83,453,596,98,21
728,0,234,Shamela0011790,681,405,641,173,90
728,247,630,AOCP20251104081,9,274,604,200,53
728,247,625,JK000098,373,823,1061,183,58
728,0,225,JK000098,374,182,409,181,99
728,861,1139,AOCP20251104062,87,703,1061,203,68
728,247,630,AOCP20251104062,88,708,1242,301,69
728,1167,1391,AOCP20251104062,89,258,552,150,59
728,630,857,JK000363,86,1367,1613,183,91
728,1167,1391,JK000363,87,1206,1469,153,67
728,247,630,JK000363,87,49,527,301,78
729,678,1140,ShamAY0034380,18,182,710,255,55
729,1196,1327,Shamela0011790,676,1097,1236,102,92
729,1196,1327,Sham19Y0145334,320,848,987,104,93
729,791,1104,Shamela0001404,120,75,640,149,28
729,733,1140,Shamela0006947,16623,30,492,243,59
729,1395,1613,AOCP20251104081,6,32,221,129,72
729,810,1165,JK006950,2487,204,609,283,84
729,727,1140,JK006950,2526,850,1329,216,52
729,791,1174,JK000381,1106,554,944,197,57
729,733,1140,JK000381,3591,840,1300,241,58
729,656,1165,JK000381,8185,674,1374,368,61
729,727,1140,JK000381,8225,107,586,216,52
729,678,1140,Shamela0011730,121,451,979,255,55
729,810,1147,AOCP20251104062,94,4,377,270,88
729,791,1165,ShamAY0035828,45,15,464,296,80
729,1196,1359,JK000366,51,71,229,110,84
729,678,1140,Shamela0037325,2042,1003,1524,255,55
729,656,1165,JK000363,92,679,1438,393,62
729,1392,1613,JK000369,25,854,1075,166,92
730,695,889,Shamela0021524,55,1336,1521,142,89
730,695,962,JK000369,5,1148,1412,201,91
730,0,339,JK000369,25,1075,1421,268,96
730,478,713,JK000369,26,880,1116,158,83
730,895,1524,JK000369,28,95,758,459,83
731,48,282,JK000369,27,1387,1614,178,94
731,282,448,JK000369,28,0,163,121,90
731,506,794,JK000369,28,802,1119,223,86
732,149,375,Shamela0008476,2564,969,1188,176,92
732,546,1249,Shamela0008476,2566,0,528,341,57
732,840,1023,JK000101,7,28,279,119,59
732,1342,1570,Shamela0007664,137,0,221,173,92
732,133,379,JK000381,1131,692,909,170,81
732,331,788,JK000381,1132,1074,1533,338,92
732,788,1570,JK000381,1133,0,851,620,89
732,331,1003,AOCP20251104062,35,880,1613,510,86
732,1003,1570,AOCP20251104062,36,3,567,435,93
732,149,375,JK000331,37,770,995,186,99
732,331,638,JK000331,99,422,727,211,85
732,1183,1566,JK000331,99,673,855,102,31
732,3,379,JK000363,33,314,722,209,58
732,331,923,JK000363,34,912,1508,447,93
732,923,1570,JK000363,35,0,658,503,93
732,375,1570,Shamela0003055,608,94,1200,820,80
732,133,379,Shamela0018381,1,523,759,185,89
732,338,716,Shamela0018381,2,1106,1526,280,83
732,716,1566,Shamela0018381,3,0,941,665,85
732,375,1249,Sham19Y0016618,8,652,1580,687,89
732,1249,1566,Sham19Y0016618,9,0,328,163,53
733,835,1275,Shamela0002300,8,1004,1435,300,75
733,835,990,Shamela0030594Vols,51,1046,1201,123,98
733,835,990,Shamela0030594Vols,108,413,568,121,96
733,639,743,JK000365,1199,581,684,82,99
733,835,1250,JK000365,1200,100,600,320,77
733,847,1193,Shamela0012860,506,0,438,205,54
733,835,990,Shamela0006624,587,419,574,126,100
733,835,990,Shamela0001000,1161,583,739,126,99
733,996,1250,JK000373,59,966,1234,197,89
733,835,1250,JK000373,96,724,1131,298,81
733,900,1256,JK000373,126,0,348,266,89
733,1005,1256,JK000373,172,1054,1341,152,59
733,1009,1256,JK000373,285,723,977,192,90
733,835,990,Shamela0011790,1259,1443,1598,123,98
733,835,1250,JK000362,89,343,829,302,70
733,639,743,JK000362,1478,691,795,82,100
733,835,990,JK003609,963,549,704,120,96
733,835,983,Sham19Y0127698,534,1241,1390,118,97
733,639,743,Shia001174Vols,1354,62,162,79,96
733,455,1214,Shamela0007516,28,901,1634,546,82
733,1216,1463,Shamela0007516,29,6,253,198,99
733,1005,1250,Shamela0010906,6894,130,357,161,71
733,835,990,Sham19Y0016664,95,1150,1305,126,100
733,1005,1250,JK000371,242,815,1067,176,77
733,64,260,Shamela0006947,5556,526,721,162,99
733,556,923,Shamela0006947,5585,1321,1586,203,66
733,923,1584,Shamela0006947,5586,0,430,304,55
733,639,743,Shamela0006947,14222,477,581,82,100
733,835,1250,Shamela0006947,14223,23,471,321,86
733,835,990,ShamAY0038316,49,1138,1293,126,100
733,835,990,Sham19Y0029560,1437,516,671,126,100
733,835,990,Shamela0001002,1840,878,1033,126,100
733,645,883,Shamela0029677,666,327,915,118,22
733,1005,1250,Sham19Y0151020,94,1124,1376,176,77
733,835,990,Shamela0006687,504,1433,1588,123,98
733,859,1250,JK000382,102,0,408,280,76
733,835,990,ShamAY0034643,49,449,604,124,98
733,835,990,Sham19Y0014483,82,1298,1453,118,94
733,1005,1250,ShamAY0035035,104,257,475,163,77
733,64,229,ShamAY0035035,220,201,349,116,85
733,835,990,Sham19Y0000259,198,1043,1198,124,98
733,64,260,JK001254,47,706,951,159,78
733,835,983,Shamela0011682,377,616,764,120,100
733,835,990,Hindawi092963020,707,327,482,126,100
733,835,1256,JK000098,154,442,927,306,71
733,1005,1256,JK000098,544,1177,1490,176,64
733,1287,1463,JK000098,606,0,176,131,88
733,645,1085,Shamela0009943,121,639,1202,233,46
733,835,990,Shamela0012715,734,222,377,126,100
733,835,990,Shamela0012398,1305,1005,1160,126,100
733,1005,1250,JK006950,95,586,842,191,90
733,835,990,Shamela0035100,9405,431,586,126,100
733,64,229,JK000166,10664,936,1083,115,84
733,639,750,Shamela0036427,177,277,388,82,94
733,64,260,JK000101,7,991,1316,148,55
733,273,1463,JK000101,8,485,1393,573,53
733,632,1030,JK000101,185,782,1586,242,38
733,1030,1250,JK000101,186,0,257,155,68
733,990,1275,JK000101,472,1007,1352,193,64
733,64,260,Shamela0007664,137,323,602,162,69
733,1466,1571,Shamela0007664,137,1578,1682,78,94
733,492,1619,Shamela0007664,155,267,1515,736,70
733,639,750,Sham19Y0132524,2804,920,1031,81,93
733,835,1414,JK000381,859,574,1052,243,44
733,64,260,JK000381,1133,1020,1275,163,76
733,273,1430,JK000381,1134,437,1639,872,83
733,1430,1619,JK000381,1135,0,221,141,75
733,996,1250,JK000381,1483,3,269,179,75
733,1005,1250,JK000381,2816,731,983,176,77
733,1009,1250,JK000381,4146,245,493,173,76
733,1005,1250,JK000381,4153,601,857,191,90
733,996,1250,JK000381,5367,805,1086,197,85
733,1005,1250,JK000381,5791,459,715,191,90
733,835,1256,Shamela0004473,5645,882,1288,249,63
733,64,260,AOCP20251104062,36,669,970,162,64
733,273,1619,AOCP20251104062,37,89,1619,1025,79
733,835,1256,Kraken220216061221,20,25,824,295,44
733,1466,1575,JK000331,37,1081,1186,78,91
733,64,342,JK000331,99,855,1575,181,27
733,424,983,Shamela0007597,64,946,1465,389,83
733,69,260,Shamela0007597,66,535,785,154,74
733,273,424,Shamela0007597,67,760,924,118,88
733,56,260,Shamela0008363,4,627,960,150,54
733,273,1463,Shamela0008363,5,148,1015,544,51
733,823,1193,Shamela0004445,5970,957,1342,244,69
733,835,1463,Shamela0004482,575,5,988,430,52
733,835,990,Shamela0027084,365,457,612,123,98
733,835,975,Rafed0000040Vols,506,1487,1626,114,99
733,64,260,Shamela0008353,22,826,1021,161,98
733,556,1389,Shamela0008353,99,1085,1575,362,52
733,1389,1584,Shamela0008353,100,0,206,145,87
733,64,229,ShamAY0034179,273,283,430,116,85
733,556,1463,Sham19Y0011326,124,636,1541,646,81
733,835,1000,Tafsir07055,3416,808,969,124,93
733,1005,1250,JK000082,202,708,940,164,73
733,835,990,Hindawi059616186Vols,18,565,720,126,100
733,835,983,Shamela0009091,1142,1411,1558,118,97
733,996,1250,Shamela0011258,163,848,1157,179,66
733,835,1000,JK010001,3327,1017,1178,123,92
733,639,743,Shamela0037325,1853,1426,1530,60,58
733,835,1250,Shamela0037325,1938,1125,1568,302,76
733,835,1178,Shamela0037325,2115,1168,1519,269,91
733,64,260,JK000363,35,758,1013,163,76
733,273,1619,JK000363,36,185,1609,1024,84
733,1005,1250,JK000152,315,913,1146,156,66
733,835,1256,JK000146,125,737,1267,300,66
733,835,1250,Shamela0012293,644,880,1286,298,81
733,697,1267,Shamela0012293,1438,0,642,331,54
733,827,1250,Shamela0012293,1838,277,770,303,71
733,1091,1250,Shamela0012293,2531,641,810,104,68
733,1267,1463,Shamela0003055,304,91,273,119,71
733,64,260,Shamela0003055,608,1273,1544,163,72
733,273,1102,Shamela0003055,609,815,1682,633,84
733,1102,1463,Shamela0003055,610,0,464,282,76
733,64,260,Shamela0003055,665,296,557,159,73
733,64,260,Shamela0018381,3,1068,1358,163,67
733,273,1262,Shamela0018381,4,523,1675,738,76
733,1262,1619,Shamela0018381,5,0,444,269,73
733,835,990,Sham19Y0026523,2048,175,330,122,97
733,835,990,Sham19Y0026523,5403,1033,1188,126,100
733,835,990,Shamela0026033,81,545,699,119,93
733,835,990,Shamela0009788,1888,122,277,120,96
733,835,1250,ShamAY0032251,20,252,568,242,69
733,273,416,Sham19Y0016618,9,1356,1510,116,90
733,64,260,Sham19Y0016618,9,364,647,159,67
733,639,1619,Sham19Y0016618,10,717,1194,324,39
733,835,969,Shamela0006739,1652,1366,1499,106,97
733,556,1178,JK000087,39,1227,1591,291,56
733,806,1178,ShamAY0034397,7,1283,1595,256,83
734,789,1661,JK000098,351,469,1422,680,87
734,0,707,JK000101,9,142,713,416,66
734,0,1577,Shamela0007664,138,39,1663,1158,80
734,0,763,JK000381,1135,221,1067,629,89
734,796,1661,JK000381,1138,35,1000,683,87
734,388,680,Shamela0004473,633,303,581,231,93
734,127,763,AOCP20251104062,38,0,705,499,85
734,796,954,AOCP20251104062,40,1418,1598,127,84
734,930,1661,AOCP20251104062,41,0,831,561,80
734,39,1670,JK000331,100,205,1355,735,48
734,58,388,Shamela0007597,65,16,422,251,71
734,0,680,Shamela0007597,66,1002,1538,360,59
734,883,1661,Shamela0011146,74,95,797,461,66
734,39,763,JK000363,37,5,774,593,92
734,905,1661,JK000363,40,0,845,598,87
734,113,388,Shamela0011352,4,74,384,225,87
734,796,1333,Shamela0003055,611,306,902,346,64
734,1463,1661,Shamela0003055,819,626,812,148,92
734,0,631,Shamela0003055,3547,791,1414,377,63
734,0,763,Shamela0018381,5,434,1307,624,85
734,796,1342,Shamela0018381,8,834,1479,415,77
734,1342,1661,Shamela0018381,9,0,334,253,94
734,0,429,Sham19Y0016618,10,1184,1651,350,89
734,429,686,Sham19Y0016618,11,0,247,198,89
734,965,1661,Shamela0006739,1859,0,742,532,86
735,387,573,Zaydiyya0000102,123,200,401,142,90
735,387,573,Zaydiyya0000102,152,108,358,141,72
735,729,1026,Tafsir02102,1831,619,1080,162,40
735,1072,1278,AOCP20251104139,102,0,184,129,75
735,1007,1278,Sham19Y0016953Vols,425,826,1207,150,44
735,691,1026,Shamela0006947,5554,153,548,235,71
735,1030,1150,Shamela0006947,18685,1517,1636,94,98
735,784,1026,JK001254,67,34,338,150,60
735,763,1026,JK000098,36,951,1322,178,57
735,770,1026,Shamela0009943,114,1169,1488,150,49
735,1072,1278,Shamela0007664,78,909,1243,158,58
735,0,98,Shamela0007664,139,84,189,77,93
735,1064,1281,JK000381,655,163,620,76,17
735,0,98,JK000381,1138,1000,1098,77,100
735,239,859,JK000381,1140,641,1519,472,65
735,859,1007,JK000381,1141,87,309,107,58
735,725,1207,JK000381,1143,1233,1658,179,34
735,1077,1278,JK000381,2605,1106,1250,109,69
735,1039,1168,Shamela0004473,15444,1398,1524,100,96
735,1067,1278,Shamela0004473,15445,12,208,137,82
735,1007,1168,Shamela0004473,15482,1204,1407,121,73
735,1067,1231,Shamela0004473,15492,782,975,94,57
735,239,932,AOCP20251104062,43,546,1602,536,63
735,938,1503,AOCP20251104062,44,12,1276,428,41
735,1030,1278,JK000331,37,1322,1564,193,97
735,0,98,JK000331,100,1355,1453,77,100
735,106,842,JK000331,101,444,1548,518,55
735,1026,1225,JK000331,103,1334,1630,156,65
735,691,1026,Shamela0008353,20,404,835,240,67
735,770,1026,Shamela0008353,71,1113,1397,144,51
735,766,1026,Shamela0008353,84,800,1173,176,57
735,239,384,Shamela0011146,31,908,1070,108,78
735,0,253,Shamela0011146,74,797,1342,164,37
735,0,98,JK000363,40,845,943,77,100
735,239,897,JK000363,42,579,1501,511,68
735,897,1503,JK000363,43,7,1262,460,45
735,1064,1281,JK000363,106,224,708,74,15
735,766,1026,Shamela0011352,2,184,643,178,47
735,239,608,Shamela0003055,611,908,1450,278,62
735,608,1503,Shamela0003055,612,0,768,352,38
735,1067,1231,Shamela0003055,618,521,816,94,38
735,784,1026,Shamela0003055,685,757,1061,150,60
735,0,98,Shamela0003055,819,812,910,77,100
735,0,98,Shamela0018381,9,334,432,77,100
735,239,1033,Shamela0018381,11,206,1374,594,62
735,725,1278,Shamela0018381,14,825,1512,252,38
735,766,1030,Sham19Y0016618,55,1130,1502,180,58
735,691,897,Sham19Y0016618,80,1150,1398,143,68
735,232,666,Shamela0006739,1862,649,1233,234,45
736,0,1013,AOCP20251104139,96,584,1615,764,86
736,874,999,Shamela0008476,2576,1407,1532,95,90
736,1160,1387,Shamela0006947,21158,290,512,98,48
736,0,1221,JK000381,1200,237,1580,932,81
736,1221,1545,JK000381,1201,0,329,248,95
736,1160,1387,JK000381,1330,1120,1342,98,48
736,0,1013,Shamela0004473,15446,0,1077,792,88
736,0,378,AOCP20251104062,44,1276,1657,313,98
736,378,1569,AOCP20251104062,45,0,1283,856,76
736,0,501,JK000331,87,1137,1634,396,91
736,501,1507,JK000331,88,0,1090,750,83
736,0,1491,Shamela0008353,245,339,1595,884,70
736,0,207,Shamela0011146,72,1367,1576,169,97
736,207,1148,Shamela0011146,73,0,1259,691,65
736,1148,1387,Shamela0011146,76,1241,1485,174,89
736,1387,1569,Shamela0011146,77,0,161,119,76
736,1160,1387,Shamela0011258,7,221,443,98,48
736,0,303,JK000363,43,1262,1567,250,98
736,303,1569,JK000363,44,0,1375,936,79
736,0,911,Shamela0003055,612,768,1659,702,90
736,917,1569,Shamela0003055,613,0,758,486,78
736,0,1148,Shamela0018381,74,239,1585,876,76
736,1148,1569,Shamela0018381,75,32,446,315,94
736,1148,1507,Shamela0000894,653,1101,1453,275,96
737,861,1355,Shamela0008476,2577,328,833,323,73
737,0,829,JK000381,1201,333,1534,647,65
737,861,1472,JK000381,1202,331,958,480,92
737,795,1057,Shamela0004473,15446,1072,1631,201,43
737,1057,1419,Shamela0004473,15447,0,378,275,88
737,0,275,AOCP20251104062,45,1283,1560,157,71
737,275,1472,AOCP20251104062,46,0,1499,952,77
737,204,716,JK000331,88,1026,1541,374,89
737,795,1472,JK000331,89,4,687,531,92
737,385,1472,Shamela0008353,246,55,918,552,60
737,4,385,Shamela0011146,77,161,499,223,69
737,124,1419,JK000363,45,0,1589,1011,77
737,0,837,Shamela0003055,613,758,1381,407,55
737,861,1464,Shamela0003055,614,157,750,456,89
737,0,837,Shamela0018381,75,446,1384,648,83
737,861,1472,Shamela0018381,76,113,827,481,82
737,355,501,Shamela0000894,654,4,151,117,99
738,583,740,JK000365,326,166,302,104,76
738,583,740,JK000365,542,357,493,112,86
738,583,740,JK000362,136,754,890,112,86
738,612,744,JK000362,1352,824,948,90,79
738,579,740,Sham19Y0016953Vols,433,177,317,115,86
738,579,740,Sham19Y0016953Vols,1519,571,716,118,90
738,583,740,Shamela0010906,3463,933,1081,95,68
738,583,752,ShamAY0033633,82,759,929,98,64
738,579,748,JK001414,2382,313,475,127,90
738,579,744,Shamela0009943,353,784,928,116,86
738,579,740,JK000113,10,1314,1454,115,86
738,576,740,Shamela0022653,168,1351,1489,107,77
738,1028,1202,Shamela0038011,309,663,837,139,99
738,583,740,Shamela0012884,947,1101,1291,106,65
738,579,752,Sham19Y0151019,19,134,319,103,61
738,583,740,Sham19Y0151019,46,78,236,96,65
738,0,733,JK000381,1203,773,1535,580,94
738,733,1326,JK000381,1204,0,593,462,93
738,583,740,JK000381,1288,74,210,112,86
738,583,740,JK000381,1311,397,543,117,90
738,576,740,JK000381,1636,69,207,107,77
738,583,740,JK000381,5077,498,625,99,77
738,170,320,Shamela0004473,6578,948,1102,118,94
738,170,316,Shamela0004473,9186,1117,1261,108,91
738,0,236,AOCP20251104062,47,1341,1597,187,91
738,236,1598,AOCP20251104062,48,0,1534,1087,86
738,583,740,Kraken220216061221,15,803,947,107,79
738,1028,1298,JK000331,107,978,1249,219,98
738,729,1028,Sham19Y0095660,578,604,907,228,88
738,583,729,Shamela0030312,14,1413,1559,87,62
738,583,1245,Shamela0007597,65,993,1567,348,57
738,612,740,Shamela0004445,4836,329,451,85,80
738,583,740,Sham19Y0018318,105,1239,1421,115,74
738,583,740,Sham19Y0022797,216,666,823,92,62
738,579,744,ShamAY0034179,256,677,847,97,62
738,60,1576,JK000363,47,0,1606,1213,91
738,583,740,JK000146,6,1045,1197,109,80
738,583,740,JK000146,126,1104,1251,117,89
738,583,740,Shamela0012293,671,304,444,103,74
738,583,971,Shamela0012293,6406,508,1028,266,61
738,583,740,JK000028,127,1189,1367,115,75
738,839,1028,Shamela0003055,64,146,335,137,82
738,583,740,Shamela0003055,566,1042,1182,103,74
738,579,740,Shamela0003055,616,744,894,120,90
738,542,740,Shamela0003055,3517,1278,1470,150,89
738,0,744,Shamela0018381,77,731,1564,587,86
738,744,1319,Shamela0018381,78,0,580,463,96
738,583,740,Zaydiyya0000220,249,22,170,95,68
739,69,310,ShamAY0034384,4,1369,1602,185,94
739,310,428,ShamAY0034384,5,0,299,89,37
739,69,199,Shamela0013088,35,1490,1611,98,93
739,199,428,Shamela0013088,36,0,401,171,52
739,22,408,AOCP20251104062,97,1187,1556,271,86
739,417,1627,AOCP20251104062,99,155,1709,970,75
739,69,428,LMN20201019,4,996,1521,268,61
739,423,1627,Shamela0037325,2108,74,1276,982,99
739,22,428,JK000363,96,556,1121,304,64
739,423,856,JK000363,97,1142,1598,343,90
739,856,1627,JK000363,98,0,974,623,76
740,1106,1591,Shamela0011790,680,407,835,323,78
740,1106,1485,Sham19Y0145334,309,871,1180,232,72
740,7,971,AOCP20251104062,100,0,1490,748,61
740,0,329,Shamela0037325,2108,1276,1605,268,100
740,0,329,JK000363,98,974,1322,267,93
740,373,1068,JK000363,99,0,1096,484,51
741,93,646,Kraken220413194140,366,428,935,262,49
741,89,646,PV20220525,1534,34,465,255,52
741,59,1057,AOCP20251104062,101,356,1562,786,80
741,1057,1577,AOCP20251104062,102,518,1123,402,81
741,1000,1491,Shamela0004445,6390,1094,1605,196,36
741,59,415,JK000363,99,1199,1552,282,96
741,415,1057,JK000363,100,0,854,502,72
741,1057,1224,JK000363,100,1436,1610,122,85
741,1224,1577,JK000363,101,0,383,282,90
742,1065,1420,ShamAY0034380,1,1205,1603,257,77
742,1379,1518,ShamAY0034380,2,171,310,108,89
742,1065,1518,Shamela0006947,16565,89,842,353,55
742,1065,1518,JK000381,3575,520,1273,353,55
742,1065,1299,Shamela0011730,104,1355,1627,193,82
742,1299,1518,Shamela0011730,105,0,480,160,40
742,1083,1518,Kraken220413194135,111,0,734,325,52
742,393,784,Shamela0037325,2088,1085,1469,319,98
742,784,1679,Shamela0037325,2098,348,1254,725,95
743,166,428,ShamAY0034380,14,18,373,170,53
743,997,1511,Shamela0011790,680,928,1238,239,57
743,88,297,Shamela0006947,16618,1138,1481,162,57
743,88,428,JK000381,3587,541,1027,224,52
743,88,428,Shamela0011730,117,93,579,224,52
743,1467,1589,AOCP20251104062,123,1034,1492,85,22
743,88,428,Kraken220413194135,124,400,1092,221,39
743,0,353,Shamela0037325,2098,1254,1606,288,99
744,367,768,ShamAY0034384,5,474,918,203,48
744,367,768,Shamela0013088,36,570,1007,204,49
744,0,121,AOCP20251104062,123,1551,1678,94,92
744,129,1373,AOCP20251104062,124,0,1461,889,70
744,1319,1580,AOCP20251104062,125,63,367,191,76
744,170,827,Kraken220413030924,370,763,923,110,21
744,0,861,Shamela0004445,6391,735,1562,463,57
744,1348,1575,Shamela0004445,6398,304,491,119,62
744,367,768,LMN20201019,5,124,561,204,49
744,367,851,Rafed0000040Vols,910,1069,1262,136,34
744,1063,1332,Shamela0031366,664,758,1021,198,90
744,1119,1332,ShamAY0035828,24,0,217,164,94
744,996,1315,Sham19Y0018147,2236,550,879,231,82
744,0,1119,JK000363,120,561,1574,790,86
744,1319,1580,JK000363,121,576,868,182,75
744,1119,1373,JK000363,121,0,344,190,68
745,404,970,Sham19Y0145334,313,175,636,266,51
745,13,921,AOCP20251104062,125,470,1659,698,71
745,997,1595,AOCP20251104062,126,15,675,471,88
745,449,821,Shamela0004445,6401,19,639,260,50
745,13,481,JK000363,121,971,1569,365,75
745,481,1595,JK000363,122,0,1204,830,80
746,643,798,ShamAY0034384,5,1150,1305,127,99
746,0,330,AOCP20251104062,126,675,1052,262,85
746,469,1249,AOCP20251104062,132,913,1671,462,59
746,1358,1613,AOCP20251104062,134,0,726,207,34
746,1343,1613,Shamela0004445,6401,855,1473,150,26
746,619,1601,Shamela0037325,2099,710,1685,790,98
746,643,798,JK000363,97,364,519,123,93
746,0,330,JK000363,122,1204,1534,262,97
746,538,1322,JK000363,129,0,754,464,60
746,1322,1613,JK000363,130,767,1470,229,39
747,0,688,Sham19Y0145334,312,725,1348,426,75
747,0,438,Hindawi073920283,57,288,606,133,34
747,706,1369,AOCP20251104062,133,854,1436,448,77
747,0,1276,AOCP20251104062,134,726,1433,545,51
747,65,1276,Shamela0004445,6402,0,836,495,45
747,706,1133,Hindawi026859690,46,844,1113,191,52
747,0,1276,Shamela0031366,665,691,1366,513,48
747,131,1276,ShamAY0035828,25,0,617,475,50
747,0,706,Shamela0037325,2100,13,707,556,97
747,742,1369,JK000363,130,0,546,424,76
747,175,1589,JK000363,131,0,1123,555,37
748,0,518,AOCP20251104062,137,1242,1756,375,80
748,522,1649,AOCP20251104062,138,0,1484,856,68
748,0,1134,JK000363,134,213,1628,833,67
748,1134,1649,JK000363,135,0,543,415,93
749,0,186,AOCP20251104062,138,1484,1685,147,90
749,186,1372,AOCP20251104062,139,0,1637,899,66
749,1372,1568,AOCP20251104062,140,0,199,143,89
749,1213,1568,ShamAY0035828,28,992,1379,218,65
749,0,908,JK000363,135,543,1607,705,81
749,908,1568,JK000363,136,0,976,516,64
750,0,400,AOCP20251104062,140,199,516,241,71
750,375,1338,AOCP20251104062,141,593,1653,613,63
750,561,715,AOCP20251104062,143,230,388,117,92
750,4,413,Shamela0004445,6413,1020,1315,156,41
750,0,400,JK000363,136,976,1292,242,72
750,500,1430,JK000363,138,83,969,601,73
750,468,715,JK000363,139,1044,1246,134,67
751,1282,1485,Sham19Y0017747,842,903,1092,145,87
751,820,1561,Kraken220413194022,1228,0,428,326,53
751,1290,1437,Sham19Y0013252,3472,1338,1470,100,83
751,1290,1485,Sham19Y0018103,1469,989,1170,140,88
751,1344,1485,JK000110,481,0,120,97,85
751,1282,1485,JK006897,244,490,777,121,47
751,754,1008,Sham19Y0147674,4,177,518,96,28
751,1290,1529,ShamAY0035250,24,756,1021,149,70
751,1290,1485,Sham19Y0016584,1595,386,567,140,88
751,743,1561,JK001414,1199,516,1035,386,56
751,799,1172,Shamela0009943,222,584,854,187,60
751,1019,1165,Shamela0009943,491,17,354,93,33
751,799,1172,Shamela0012398,1767,7,363,266,88
751,1290,1485,Sham19Y0018106,1444,409,590,140,88
751,1290,1485,Sham19Y0020638,1454,561,738,130,82
751,743,1561,Hindawi073920283,129,686,1082,305,46
751,1290,1485,Shamela0000347,407,144,324,138,87
751,743,1561,Sham19Y0150961,35,224,625,289,44
751,0,256,AOCP20251104062,143,741,1038,207,86
751,342,1561,AOCP20251104062,159,210,1132,692,67
751,1290,1485,Sham19Y0018176,789,968,1149,140,88
751,342,689,Shamela0004445,6430,74,379,221,72
751,1290,1485,Shamela0021715,3177,692,873,138,87
751,1319,1485,Sham19Y0013605,1981,0,147,118,88
751,685,1561,ShamAY0035828,52,383,959,439,60
751,1290,1485,Shamela0037837,247,742,923,140,88
751,1290,1485,Sham19Y0016684,745,261,442,140,88
751,0,256,JK000363,140,75,372,206,85
751,342,806,JK000363,155,1163,1628,361,91
751,806,1561,JK000363,156,0,455,343,54
751,1344,1485,PV2024060602,481,0,120,97,85
751,1290,1485,JK009324,1156,190,371,140,88
751,1282,1485,JK000201,1382,1061,1255,136,77
752,0,1075,Kraken220413194022,1228,428,1654,822,78
752,1075,1230,Kraken220413194022,1229,0,150,123,96
752,1376,1641,Sham19Y0145334,314,202,449,154,63
752,0,547,JK001414,1199,1035,1625,415,80
752,557,1271,JK001414,1200,0,881,555,74
752,117,993,Shamela0009943,222,792,1357,363,46
752,117,993,Shamela0012398,1767,301,948,450,56
752,199,838,Hindawi073920283,129,1120,1442,158,26
752,487,656,Hindawi073920283,130,560,742,131,88
752,155,961,Sham19Y0150961,35,664,1515,549,71
752,4,493,AOCP20251104062,159,1139,1671,377,82
752,480,1656,AOCP20251104062,160,3,1570,890,68
752,4,591,ShamAY0035828,52,966,1568,428,79
752,591,1359,ShamAY0035828,53,0,970,612,76
752,4,1051,JK000363,156,462,1653,831,83
752,1051,1656,JK000363,157,0,775,434,66
753,253,792,Sham19Y0145334,314,492,1118,243,40
753,100,842,AOCP20251104062,161,0,851,575,82
753,911,1584,AOCP20251104062,162,40,1071,522,61
753,259,792,Shamela0000131,109,359,997,239,40
753,864,1160,Shamela0037325,2047,1272,1567,240,99
753,1160,1584,Shamela0037325,2048,0,425,343,99
753,0,743,JK000363,157,775,1630,586,83
753,889,1230,JK000363,158,941,1536,249,49
753,1244,1584,JK000363,159,0,343,274,99
754,987,1622,Kraken220413194022,159,367,964,436,81
754,1002,1622,JK000350,27,18,640,452,83
754,217,716,Sham19Y0145334,314,1203,1632,175,37
754,1101,1622,JK001414,145,0,487,365,84
754,1002,1622,JK000098,591,245,841,415,77
754,1113,1622,Shamela0009943,468,0,458,333,78
754,913,1622,JK006950,2060,422,1110,493,81
754,953,1622,JK006950,2075,683,1291,436,75
754,1073,1622,Shia004509,121,0,684,424,75
754,913,1622,JK000381,7758,627,1315,493,81
754,953,1622,JK000381,7773,944,1552,436,75
754,0,493,AOCP20251104062,162,1071,1710,362,69
754,493,920,AOCP20251104062,163,0,364,245,61
754,1177,1622,AOCP20251104062,164,0,481,334,82
754,211,772,Shamela0004445,6501,955,1586,312,59
754,0,561,Shamela0037325,2048,425,986,460,99
754,0,937,JK000363,159,343,1349,616,66
754,913,1622,JK000363,160,827,1572,544,88
754,1410,1622,Shamela0003055,1079,135,345,160,87
755,0,577,Kraken220413194022,159,964,1563,443,85
755,577,1550,Kraken220413194022,160,0,927,705,88
755,0,830,JK000350,27,640,1498,601,79
755,485,740,JK000350,28,198,574,95,25
755,826,1141,JK000350,29,1192,1504,236,86
755,1141,1550,JK000350,30,0,406,308,92
755,1035,1550,JK000350,205,682,1210,378,86
755,179,984,Zaydiyya0000102,87,0,439,288,40
755,516,630,Sham19Y0016953Vols,1388,870,981,58,64
755,464,773,AOCP20251104081,794,540,1012,87,19
755,516,740,JK000383BK1,37,128,320,81,32
755,516,732,Shamela0021537,3888,1457,1566,81,47
755,0,1062,JK001414,145,487,1559,808,88
755,1062,1550,JK001414,146,0,461,343,84
755,0,647,JK000098,591,841,1549,509,86
755,647,1550,JK000098,592,0,895,673,89
755,0,1069,Shamela0009943,468,458,1544,798,85
755,1069,1517,Shamela0009943,469,0,416,308,82
755,472,773,JK006950,1601,732,1141,102,28
755,599,773,JK006950,1971,1274,1516,79,40
755,0,500,JK006950,2060,1110,1644,396,88
755,500,1550,JK006950,2061,0,1014,777,89
755,0,292,JK006950,2075,1291,1636,226,77
755,279,830,JK006950,2076,5,503,393,88
755,826,1550,JK006950,2078,339,1054,513,81
755,223,1517,Shamela0011211,41,301,1398,490,41
755,423,577,JK001011,104,595,752,122,96
755,491,1196,JK001011,105,167,1135,381,43
755,989,1187,JK001011,106,153,348,138,80
755,1374,1550,JK001011,110,1084,1243,127,89
755,464,740,JK005012,3,1197,1489,77,24
755,1029,1517,Shamela0011353,211,0,452,338,83
755,525,793,Shamela0011353,213,0,247,186,84
755,0,789,Shia004509,121,684,1542,630,90
755,793,1550,Shia004509,122,5,823,576,85
755,510,658,Shia004509,127,31,181,85,70
755,599,773,JK000381,5674,1141,1403,79,38
755,472,773,JK000381,7299,162,571,102,28
755,599,773,JK000381,7669,1262,1505,79,41
755,0,287,JK000381,7758,1315,1637,224,81
755,287,1550,JK000381,7759,0,1226,948,90
755,61,830,JK000381,7774,39,782,565,86
755,826,1550,JK000381,7776,552,1267,513,81
755,0,1157,AOCP20251104062,164,481,1660,864,87
755,1157,1550,AOCP20251104062,165,0,440,307,86
755,61,1550,JK000363,161,48,1533,1177,96
755,835,1410,JK000235,48,645,1019,233,48
755,8,510,JK000235,48,247,693,308,70
755,0,223,Shamela0003055,1079,345,601,162,73
755,223,1517,Shamela0003055,1329,225,1291,493,42
755,1035,1327,Shamela0003055,2917,1260,1560,176,62
755,1035,1327,Shamela0011380,226,1198,1490,173,61
756,0,585,Kraken220413194022,160,927,1489,435,91
756,585,1522,Kraken220413194022,161,0,928,687,88
756,0,1056,JK000350,30,406,1513,790,84
756,1056,1522,JK000350,31,0,462,346,88
756,1014,1501,JK000350,180,991,1484,353,83
756,0,323,JK000350,205,1210,1540,254,94
756,0,1046,JK001414,146,461,1490,792,93
756,1046,1522,JK001414,147,0,473,353,88
756,0,721,JK000098,592,895,1510,452,77
756,721,1522,JK000098,593,0,723,545,81
756,62,1373,Shamela0009943,469,429,1528,772,69
756,0,501,JK006950,2061,1014,1502,378,93
756,501,1522,JK006950,2062,0,1021,771,89
756,0,491,JK006950,2078,1054,1512,362,91
756,491,1522,JK006950,2079,0,1090,757,81
756,259,401,JK001011,111,532,675,112,97
756,634,793,JK001011,112,0,161,128,98
756,62,1349,Shamela0011353,211,465,1546,799,75
756,1349,1522,Shamela0011353,212,0,166,120,85
756,0,693,Shia004509,122,823,1510,530,93
756,688,1522,Shia004509,123,0,856,623,88
756,279,798,Shia004509,127,417,1106,273,41
756,1014,1243,Shia004509,128,1068,1299,169,89
756,1334,1501,Shia004509,130,794,1485,128,22
756,0,315,JK000381,7759,1226,1520,234,92
756,315,1522,JK000381,7760,0,1215,916,90
756,0,249,JK000381,7776,1267,1484,172,84
756,249,1522,JK000381,7777,0,1331,951,85
756,0,1081,AOCP20251104062,165,440,1578,805,85
756,1091,1522,AOCP20251104062,166,0,370,293,82
756,568,787,ShamAY0036141,13,178,375,133,73
756,16,1514,JK000363,162,0,1530,1152,92
756,568,1422,JK000235,48,1092,1601,336,47
756,394,1522,Shamela0003055,2918,0,1208,622,55
756,469,1522,Shamela0011380,227,0,1084,549,53
757,0,598,Kraken220413194022,161,928,1519,443,90
757,598,1453,Kraken220413194022,162,0,829,596,83
757,509,832,Sham19Y0017101,130,928,1208,176,67
757,805,1188,Sham19Y0017101,136,918,1312,223,64
757,0,1026,JK000350,31,462,1475,766,92
757,1026,1453,JK000350,32,0,417,322,90
757,982,1342,JK000350,148,727,1066,170,44
757,0,671,JK000350,207,748,1469,511,88
757,671,1041,JK000350,208,0,350,116,28
757,1139,1329,JK000365,466,39,229,138,84
757,1163,1329,Shamela0007568,27,929,1117,130,85
757,1142,1329,Sham19Y0016953Vols,825,1247,1401,124,81
757,1160,1329,AOCP20251104081,781,298,501,131,79
757,1139,1329,Masaha004105Vols,268,142,324,143,93
757,1163,1329,ShamAY0034401,23,239,438,132,81
757,0,982,JK001414,147,473,1463,737,90
757,982,1453,JK001414,148,0,488,363,90
757,0,765,JK000098,593,723,1486,576,91
757,765,1142,JK000098,594,0,391,256,77
757,824,1329,JK000355,9,701,961,131,28
757,0,1142,Shamela0009943,470,140,1245,796,83
757,937,1315,Shamela0009943,475,1280,1593,181,56
757,1160,1329,JK006950,1588,1072,1256,119,79
757,509,778,JK006950,1860,12,253,161,72
757,1139,1329,JK006950,1957,818,980,128,83
757,231,832,JK006950,1972,154,553,173,30
757,824,1329,JK006950,1996,392,652,131,28
757,0,578,JK006950,2062,1021,1523,383,82
757,578,1453,JK006950,2063,0,841,626,85
757,0,496,JK006950,2079,1090,1546,351,87
757,496,1453,JK006950,2080,0,842,633,81
757,1196,1329,JK006950,2143,992,1139,108,90
757,778,1139,JK006950,2179,399,920,194,44
757,824,1329,Shamela0012094,153,826,1071,129,28
757,509,832,Sham19Y0147665,30,615,896,177,67
757,0,137,JK001011,117,1265,1388,98,89
757,1142,1441,JK001011,124,50,341,228,94
757,0,1183,Shamela0011353,212,166,1353,813,78
757,0,636,Shia004509,123,856,1510,494,93
757,636,1453,Shia004509,124,0,880,617,86
757,0,307,Shia004509,131,1190,1495,153,51
757,1208,1441,Shia004509,132,209,465,137,59
757,1142,1329,JK000381,113,1292,1453,127,83
757,835,1139,JK000381,166,895,1207,184,64
757,778,1233,JK000381,225,1379,1529,74,18
757,1163,1329,JK000381,795,517,716,132,81
757,1142,1329,JK000381,5441,955,1128,134,88
757,231,832,JK000381,5675,70,470,173,30
757,1160,1329,JK000381,7286,503,687,119,79
757,1139,1329,JK000381,7655,789,951,128,83
757,231,832,JK000381,7670,138,537,173,30
757,824,1329,JK000381,7694,439,699,131,28
757,0,379,JK000381,7760,1215,1533,247,79
757,379,1453,JK000381,7761,0,1025,766,86
757,0,235,JK000381,7777,1331,1549,166,85
757,235,1453,JK000381,7778,0,1080,821,83
757,1196,1329,JK000381,7841,1321,1468,108,90
757,778,1139,JK000381,7877,761,1282,194,44
757,0,1086,AOCP20251104062,166,370,1500,833,91
757,1093,1453,AOCP20251104062,167,0,390,279,86
757,1154,1329,JK000330,1054,460,634,118,84
757,1163,1329,Shamela0007663,60,454,642,130,85
757,968,1329,JK000376,17,330,656,178,52
757,805,1139,JK000376,71,338,724,213,65
757,778,1329,JK000376,131,1190,1456,167,35
757,243,370,JK001226,11,933,1060,98,96
757,509,832,JK001226,33,967,1247,179,68
757,1139,1342,JK001226,148,1312,1506,154,94
757,1139,1342,JK001226,263,451,658,153,88
757,778,1196,Shamela0012769,13,228,730,278,64
757,1196,1329,Shamela0012769,39,515,648,108,100
757,0,1419,JK000363,163,9,1456,1098,93
757,805,1381,JK000235,49,202,451,165,34
757,913,1329,JK000146,12,575,942,202,55
757,1163,1329,Shamela0003055,364,947,1136,131,86
757,0,395,Shamela0003055,1327,738,1089,253,80
757,411,847,Shamela0003055,2919,0,442,289,79
757,824,1329,Shamela0003055,2968,356,587,125,28
757,0,603,Shamela0011380,227,1094,1573,194,32
757,603,847,Shamela0011380,228,0,264,161,76
757,824,1329,Shamela0011380,274,922,1153,125,28
758,0,906,Kraken220413194022,162,829,1540,554,74
758,906,1571,Kraken220413194022,163,0,852,508,71
758,683,879,Shamela0008555,69,725,892,121,77
758,544,906,Shamela0008555,72,41,316,156,51
758,0,1037,JK000350,32,417,1557,769,80
758,1037,1571,JK000350,33,0,505,363,80
758,174,583,JK000350,208,876,1370,310,76
758,660,887,Tafsir02102,2720,1109,1321,150,80
758,697,887,Sham19Y0016953Vols,632,578,810,127,63
758,0,136,Shamela0011082,22,1438,1574,110,98
758,142,993,Shamela0011082,23,0,814,557,74
758,683,887,Shamela0011354,96,238,431,149,88
758,683,879,Shamela0011073,48,478,643,123,78
758,674,906,Shamela0011073,51,50,227,132,70
758,674,853,JK000371,214,292,460,129,90
758,0,1030,JK001414,148,488,1551,797,90
758,1030,1571,JK001414,149,0,718,424,71
758,0,1053,JK000098,594,399,1541,791,82
758,1053,1393,JK000098,595,0,402,216,60
758,683,879,JK000355,10,1148,1319,121,74
758,0,220,Shamela0009943,470,1253,1454,160,89
758,220,1393,Shamela0009943,471,0,1057,717,68
758,683,879,JK006950,1997,829,1000,121,74
758,0,683,JK006950,2063,841,1526,525,90
758,683,1557,JK006950,2064,0,1062,677,77
758,0,686,JK006950,2080,842,1514,503,86
758,686,1571,JK006950,2081,0,1032,638,73
758,683,879,Shamela0012094,154,1225,1400,123,75
758,516,993,Shamela0012094,177,833,1250,300,76
758,0,459,Shamela0007625,20,627,1113,228,51
758,127,435,JK001011,125,1232,1546,214,78
758,577,1002,JK001011,127,968,1410,306,82
758,615,887,Shia004509,118,678,940,203,91
758,0,618,Shia004509,124,880,1501,473,90
758,618,1541,Shia004509,125,0,1131,707,76
758,683,887,JK000381,116,974,1146,134,81
758,683,879,JK000381,7695,892,1063,121,74
758,0,452,JK000381,7761,1025,1501,365,92
758,452,1557,JK000381,7762,0,1271,838,78
758,0,421,JK000381,7778,1080,1498,323,91
758,421,1571,JK000381,7779,0,1286,817,74
758,0,1150,AOCP20251104062,167,390,1615,861,80
758,1165,1571,AOCP20251104062,168,142,612,321,83
758,683,887,Shamela0012027,346,438,628,144,85
758,544,906,JK000385,53,167,489,190,64
758,683,887,JK000376,20,239,411,134,81
758,660,887,JK001226,275,1019,1227,150,80
758,0,448,ShamAY0036141,20,918,1536,238,44
758,0,1445,JK000363,164,35,1592,1097,82
758,583,923,JK000235,49,661,953,206,73
758,683,887,Shamela0003055,252,960,1191,140,73
758,544,906,Shamela0003055,2971,735,1020,160,56
758,0,993,Shamela0003055,3345,97,1048,670,78
758,683,879,Shamela0011380,275,406,556,108,69
758,544,906,Shamela0011380,277,1121,1375,147,51
759,0,554,JK006950,2064,1059,1558,359,76
759,554,1541,JK006950,2065,0,804,631,77
759,0,342,JK000381,7762,1268,1547,189,66
759,342,1541,JK000381,7763,0,1024,801,80
759,0,1182,AOCP20251104062,168,612,1660,759,73
759,1182,1541,AOCP20251104062,169,0,336,231,77
759,346,1125,Shamela0004445,6503,347,1138,490,69
759,0,1541,JK000363,165,186,1531,1010,78
760,122,636,JK006950,2068,1125,1660,422,95
760,636,1619,JK006950,2069,0,1254,765,74
760,122,438,JK000381,7766,1311,1625,260,99
760,438,1619,JK000381,7767,0,1475,927,76
760,122,881,AOCP20251104062,172,743,1558,606,90
760,896,1619,AOCP20251104062,173,143,911,571,90
760,122,1071,JK000363,169,395,1632,752,73
760,1071,1619,JK000363,170,0,553,436,96
761,866,1537,JK006950,2068,303,997,537,94
761,0,327,JK006950,2069,1254,1577,258,95
761,327,780,JK006950,2070,0,453,366,100
761,866,1537,JK000381,7766,489,1183,537,94
761,121,780,JK000381,7768,3,666,534,99
761,895,1517,Shamela0004473,5769,995,1588,452,86
761,977,1537,AOCP20251104062,172,0,566,442,95
761,0,672,AOCP20251104062,173,911,1623,531,90
761,866,1278,JK000363,168,1146,1565,334,96
761,1278,1537,JK000363,169,0,267,205,94
761,0,780,JK000363,170,553,1342,624,96
762,0,1405,JK006950,2067,106,1510,1063,92
762,1405,1502,JK006950,2068,0,97,76,97
762,0,1220,JK000381,7765,341,1559,930,92
762,1220,1502,JK000381,7766,0,283,218,97
762,0,717,Shamela0004473,5769,57,787,504,81
762,0,319,AOCP20251104062,170,1285,1617,236,84
762,319,1502,AOCP20251104062,171,16,1299,914,88
762,0,564,JK000363,167,915,1534,422,82
762,569,1502,JK000363,168,4,939,731,97
763,776,983,JK000350,15,513,722,155,93
763,800,983,JK000350,36,303,630,138,52
763,753,983,JK000350,37,9,268,160,77
763,753,983,JK000350,44,943,1179,141,68
763,772,983,JK000350,152,1118,1345,162,90
763,776,983,JK000350,178,1104,1330,161,90
763,0,180,JK006950,2068,97,266,138,92
763,352,1599,JK006950,2071,0,1369,976,85
763,776,989,JK006950,2180,1155,1324,118,68
763,780,983,Shia004509,85,151,314,112,68
763,0,180,JK000381,7766,283,452,138,92
763,180,1597,JK000381,7769,35,1572,1092,84
763,800,989,JK000381,7879,4,151,112,74
763,0,180,AOCP20251104062,171,1299,1468,138,92
763,219,682,AOCP20251104062,174,1186,1653,366,95
763,682,1599,AOCP20251104062,175,0,1071,705,79
763,776,983,JK001226,47,382,590,156,94
763,776,983,JK001226,81,1160,1378,161,93
763,772,983,JK001226,153,136,363,162,90
763,753,983,JK001226,273,90,322,145,71
763,753,989,JK001226,285,682,948,146,62
763,185,967,JK000363,171,754,1571,618,93
763,967,1599,JK000363,172,0,755,507,80
764,0,176,JK006950,2071,1369,1571,143,87
764,701,1360,JK006950,2072,1100,1737,517,92
764,184,748,JK006950,2072,6,593,438,90
764,1360,1705,JK006950,2073,0,349,274,96
764,0,748,JK000381,7770,3,802,584,88
764,701,1139,JK000381,7770,1309,1720,335,89
764,1139,1705,JK000381,7771,0,575,456,96
764,0,564,AOCP20251104062,175,1071,1665,452,91
764,701,1669,AOCP20251104062,176,761,1763,766,90
764,0,748,JK000363,172,755,1553,586,89
764,701,1705,JK000363,173,354,1354,805,96
764,1090,1705,JK000364,22,819,1435,476,93
765,0,1269,JK006950,2073,349,1590,952,89
765,1269,1645,JK006950,2074,0,368,304,97
765,0,1052,JK000381,7771,575,1599,775,86
765,1052,1645,JK000381,7772,0,585,481,98
765,0,1606,AOCP20251104062,177,37,1666,1227,88
765,0,278,JK000363,173,1354,1631,219,98
765,285,1645,JK000363,174,32,1334,1033,91
765,0,170,JK000364,22,1435,1603,133,98
766,0,1194,JK006950,2074,368,1736,932,80
766,1194,1386,JK006950,2075,4,197,158,97
766,0,966,JK000381,7772,585,1729,751,77
766,966,1386,JK000381,7773,0,421,339,95
766,0,1661,AOCP20251104062,178,40,1734,1088,69
766,0,334,JK000363,174,1334,1668,276,98
766,318,1661,JK000363,175,151,1480,874,73
767,87,417,AOCP20251104062,179,0,355,254,86
767,391,614,AOCP20251104062,180,220,500,171,76
767,614,1258,AOCP20251104062,182,794,1309,296,48
767,15,268,Sham19Y0001994,628,305,540,174,81
767,7,261,JK000363,175,1459,1714,203,95
767,261,417,JK000363,176,0,203,115,70
767,391,614,JK000363,177,97,331,171,90
767,614,1258,JK000363,179,777,1244,295,49
767,1258,1535,JK000369,29,718,991,211,95
768,460,683,Shamela0010283,7699,41,232,132,74
768,330,705,Shamela0010283,7721,575,859,169,50
768,425,683,JK001414,1200,950,1643,124,20
768,850,1339,Hindawi061571979,66,210,819,289,51
768,431,683,JK000370,1,109,436,184,67
768,284,467,AOCP20251104062,182,1309,1652,150,52
768,467,1485,AOCP20251104062,183,0,631,469,56
768,355,740,Kraken2107192215372,432,460,1014,269,55
768,335,1450,Shamela0004445,6517,988,1676,512,53
768,1046,1339,Shamela0004445,6518,872,1087,158,63
768,850,1485,Sham19Y0001994,628,885,1219,266,50
768,1046,1339,Sham19Y0001994,629,457,663,150,63
768,335,919,ShamAY0035828,54,1081,1607,337,59
768,919,1485,ShamAY0035828,55,0,266,195,40
768,1046,1266,ShamAY0035828,56,150,357,102,42
768,355,1485,JK000366,76,15,729,569,61
768,284,850,JK000363,179,1244,1411,137,29
768,399,1485,JK000363,180,0,651,528,59
768,1209,1339,JK000363,181,0,141,104,91
768,216,740,JK000364,24,59,513,299,68
768,0,420,JK000369,29,991,1419,262,65
769,157,300,Shamela0009943,5,195,334,113,97
769,885,1301,Shamela0012398,1768,552,774,87,24
769,764,1301,AOCP20251104062,183,744,1277,332,65
769,764,1301,Shamela0004445,6518,148,590,269,53
769,764,1003,Sham19Y0001994,628,1332,1607,154,59
769,1003,1290,Sham19Y0001994,629,0,239,174,74
769,885,1301,Shamela0031366,671,1122,1440,167,42
769,764,1301,ShamAY0035828,55,394,1313,314,40
769,764,1301,JK000363,180,764,1293,332,65
769,1367,1611,JK000364,25,0,185,149,74
769,1194,1608,JK000369,30,1189,1542,255,74
769,0,885,JK000369,30,241,1194,582,63
770,1021,1252,Shamela0021524,49,715,925,169,89
770,692,1010,Shamela0021524,50,845,1191,210,65
770,147,401,Shamela0003722,180,294,561,198,92
770,1021,1246,Shamela0012398,1759,91,270,143,78
770,137,283,Shamela0035100,4100,414,573,102,75
770,803,1010,ShamAY0032275,215,1039,1306,151,66
770,147,401,JK000916,1640,495,754,191,89
770,596,1021,AOCP20251104062,179,388,939,281,56
770,147,401,AOCP20251104062,185,788,1049,197,91
770,147,271,Sham19Y0017372,733,858,982,99,100
770,1021,1252,Shamela0031366,652,852,1062,169,89
770,692,1010,Shamela0031366,653,17,413,208,58
770,147,275,ShamAY0035828,58,507,630,99,96
770,137,283,Sham19Y0013250,321,6,174,106,78
770,137,337,Shamela0037325,884,470,675,112,62
770,1021,1252,Shamela0037325,2029,1263,1473,169,89
770,1021,1277,JK000363,176,1392,1658,181,81
770,596,1021,JK000363,176,236,740,279,60
770,147,421,JK000363,182,771,1054,205,88
770,0,401,JK000364,25,185,580,316,97
770,76,570,JK000369,31,0,218,153,39
770,1291,1594,JK000369,31,907,1107,156,61
770,147,271,ShamAY0038630,469,300,425,99,99
771,1536,1703,Shamela0011790,675,101,266,131,97
771,1536,1675,Sham19Y0145334,318,1495,1630,106,94
771,213,819,JK000369,31,218,882,498,87
772,0,918,Shamela0011790,675,266,1129,626,77
772,953,1577,Shamela0011790,682,263,937,497,90
772,0,918,Sham19Y0145334,319,29,891,627,77
772,1062,1577,Sham19Y0145334,322,44,560,412,98
772,953,1577,AOCP20251104062,252,710,1432,496,84
772,953,1285,JK000363,250,1148,1530,266,85
772,1285,1577,JK000363,251,0,294,233,98
772,262,1577,JK000364,25,626,1495,671,63
773,0,589,Shamela0011790,682,937,1526,464,98
773,589,1490,Shamela0011790,683,0,904,715,98
773,0,957,Sham19Y0145334,322,560,1512,758,98
773,957,1490,Sham19Y0145334,323,0,540,419,97
773,377,652,Hindawi073920283,62,776,997,179,80
773,0,204,AOCP20251104062,252,1432,1636,160,97
773,204,1490,AOCP20251104062,253,0,1335,1006,94
773,0,1217,JK000363,251,294,1512,968,98
773,1217,1490,JK000363,252,0,274,212,98
774,0,607,Shamela0011790,683,904,1514,477,96
774,607,1548,Shamela0011790,684,0,939,742,97
774,0,976,Sham19Y0145334,323,540,1516,768,97
774,976,1548,Sham19Y0145334,324,0,576,452,97
774,361,619,Hindawi073920283,62,1027,1289,205,96
774,0,195,AOCP20251104062,253,1335,1528,156,98
774,202,1548,AOCP20251104062,254,0,1392,1038,90
774,0,1239,JK000363,252,274,1512,972,95
774,1239,1548,JK000363,253,0,309,241,96
774,728,1548,JK000364,26,75,571,387,59
775,611,1079,Shamela0006624,763,1115,1584,352,93
775,1079,1495,Shamela0006624,764,0,417,333,98
775,607,1460,Shamela0007568,43,656,1520,649,94
775,0,470,Shamela0011790,684,939,1409,370,99
775,492,1460,JK003609,1570,49,724,473,61
775,0,1138,Sham19Y0145334,324,576,1486,646,70
775,1138,1460,Sham19Y0145334,325,0,140,107,42
775,607,774,JK000676,789,1457,1626,120,88
775,774,1495,JK000676,790,0,726,566,97
775,611,1415,Shamela0021524,60,764,1569,616,95
775,611,1495,Shamela0009943,16,413,1310,687,95
775,611,1460,Hindawi073920283,62,18,608,441,65
775,611,1267,AOCP20251104062,250,996,1700,500,87
775,1267,1495,AOCP20251104062,251,0,227,181,98
775,0,220,AOCP20251104062,254,1392,1610,173,97
775,220,470,AOCP20251104062,255,0,250,194,99
775,492,1460,Shamela0000131,116,799,1439,449,58
775,611,857,JK000363,248,1338,1584,188,94
775,857,1495,JK000363,249,0,641,492,95
775,0,470,JK000363,253,309,778,367,98
775,538,857,JK000364,5,40,261,176,69
775,0,470,JK000364,26,571,989,324,87
776,0,340,Shamela0006624,764,417,757,268,97
776,0,340,Shamela0007568,44,38,203,126,45
776,189,340,Sham19Y0145334,325,133,283,116,95
776,0,340,JK000676,790,726,1066,266,97
776,0,345,Shamela0021524,61,82,426,270,97
776,0,230,Shamela0009943,16,1310,1538,180,96
776,230,340,Shamela0009943,17,0,110,87,98
776,7,149,Hindawi061571979,66,1423,1564,113,98
776,149,340,Hindawi061571979,67,0,191,150,97
776,0,340,AOCP20251104062,251,227,564,266,96
776,0,340,JK000363,249,641,980,269,98
777,756,1181,JK003609,1569,527,934,301,92
777,1172,1357,AOCP20251104062,205,1358,1543,142,93
777,762,1048,AOCP20251104062,235,1354,1602,164,72
777,1054,1181,AOCP20251104062,236,2,131,82,81
777,762,985,Kraken2107192215372,758,2448,2661,139,78
777,756,1181,JK000366,86,627,1086,285,81
777,756,953,Shamela0000131,115,1359,1540,128,82
777,953,1181,Shamela0000131,116,0,225,166,95
777,1172,1459,JK000363,203,177,469,221,92
777,797,1181,JK000363,234,0,342,238,79
778,0,621,AOCP20251104062,206,103,759,468,88
778,634,1306,AOCP20251104062,234,339,1020,512,91
778,1312,1452,AOCP20251104062,235,136,556,109,32
778,0,621,JK000363,203,469,1127,470,88
778,634,1306,JK000363,232,564,1248,522,93
778,1312,1452,JK000363,233,400,775,111,37
779,0,1456,AOCP20251104062,243,203,1707,1125,88
779,1456,1608,AOCP20251104062,244,0,200,123,75
779,0,1071,JK000363,241,522,1587,823,89
779,1071,1608,JK000363,242,0,540,435,98
780,1010,1182,AOCP20251104062,225,1378,1649,116,52
780,1182,1554,AOCP20251104062,226,0,372,289,96
780,0,1004,AOCP20251104062,244,200,1253,801,93
780,1134,1554,JK000363,224,0,422,329,97
780,0,1004,JK000363,242,540,1547,804,98
781,0,1025,AOCP20251104062,226,372,1558,796,83
781,1030,1497,AOCP20251104062,227,51,515,358,94
781,0,962,JK000363,224,422,1496,750,87
781,962,1497,JK000363,225,0,539,413,96
782,0,421,AOCP20251104062,227,515,933,331,97
782,0,421,JK000363,225,539,959,333,98
784,825,1524,AOCP20251104062,240,342,1037,537,96
784,825,1524,JK000363,238,521,1222,542,97
785,1289,1527,AOCP20251104062,237,0,296,196,79
785,6,513,AOCP20251104062,240,1089,1595,399,98
785,513,1199,AOCP20251104062,241,0,725,532,90
785,1229,1527,JK000363,235,235,584,234,80
785,0,300,JK000363,238,1222,1521,237,99
785,300,1199,JK000363,239,0,899,701,97
786,285,828,Shamela0021524,84,1156,1360,162,36
786,0,1295,AOCP20251104062,237,296,1681,1015,89
786,1295,1572,AOCP20251104062,238,0,278,217,93
786,285,828,JK000366,40,270,480,163,37
786,0,993,JK000363,235,584,1575,780,96
786,993,1572,JK000363,236,0,580,455,95
787,1377,1591,AOCP20251104062,199,732,951,171,95
787,0,1146,AOCP20251104062,238,278,1669,900,79
787,1377,1591,JK000363,196,967,1182,171,97
787,0,1020,JK000363,236,580,1598,806,97
787,1020,1306,JK000363,237,0,284,225,96
788,0,663,AOCP20251104062,199,951,1660,518,91
788,663,1489,AOCP20251104062,200,0,878,657,93
788,0,445,JK000363,196,1182,1627,360,100
788,448,1489,JK000363,197,0,1043,819,98
789,1026,1549,AOCP20251104062,194,1072,1633,410,87
789,0,643,AOCP20251104062,200,878,1523,494,95
789,643,1021,AOCP20251104062,201,0,378,292,96
789,1026,1450,JK000363,191,1225,1639,334,95
789,0,409,JK000363,197,1043,1452,306,93
789,409,1017,JK000363,198,0,609,482,98
790,120,1253,AOCP20251104062,195,0,1180,888,93
790,0,1253,JK000363,192,100,1354,987,97
791,880,1215,Shamela0021524,46,654,1049,261,82
791,1289,1559,Shamela0021524,47,0,270,220,99
791,85,498,Shamela0021524,70,757,1170,329,98
791,85,590,AOCP20251104062,211,998,1502,399,97
791,880,1215,AOCP20251104062,232,1159,1552,260,81
791,1215,1559,AOCP20251104062,233,413,755,277,97
791,64,498,JK000366,20,1132,1567,335,95
791,57,234,JK000363,208,1372,1550,132,84
791,234,590,JK000363,209,0,357,283,98
791,880,1146,JK000363,230,1197,1522,206,78
791,1146,1559,JK000363,231,0,862,332,47
791,57,590,JK000364,12,776,1299,405,94
792,0,840,Shamela0021524,47,270,1259,613,71
792,0,742,AOCP20251104062,233,755,1542,548,79
792,0,699,JK000363,231,862,1559,514,83
792,699,840,JK000363,232,0,292,98,41
793,739,1133,JK001227,274,91,375,211,67
793,1269,1520,Sham19Y0037370,24,870,1090,154,74
793,223,500,Shamela0006947,19528,1302,1502,122,51
793,1283,1539,Shamela0009943,47,477,743,202,93
793,739,984,Sham19Y0017729,146,409,587,134,68
793,1279,1520,Sham19Y0011402,181,1298,1522,160,80
793,1302,1520,Shamela0026113,13,874,1073,140,78
793,223,516,JK000381,724,1258,1470,127,51
793,1242,1491,Shamela0009804,106,1044,1266,149,72
793,223,500,Shamela0011730,729,227,427,122,51
793,715,1133,JK000001,3198,873,1336,189,43
793,780,1133,Sham19Y0132973,229,749,1091,146,38
793,1242,1491,ShamAY0035781,38,1284,1506,149,72
793,242,500,Shamela0008473,4452,943,1247,150,59
793,1269,1539,Shia004512,111,1106,1406,217,89
793,1273,1520,Shamela0005973,58,138,368,157,75
793,233,500,Tafsir09084,2298,728,952,166,76
793,1296,1520,Shamela0006739,437,875,1082,146,79
794,588,813,JK000788,2744,1026,1277,89,44
794,1168,1578,JK005202,2711,488,847,261,73
794,642,813,JK000364,40,10,189,130,89
794,1413,1562,JK000369,26,7,160,108,87
795,0,197,JK005202,2711,847,1027,138,86
795,0,197,JK000369,26,1289,1473,142,89
796,821,1233,Kraken220413194022,1317,1107,1535,328,94
796,1233,1601,Kraken220413194022,1318,0,372,296,97
796,821,1592,ShamAY0038464,33,854,1409,393,61
796,821,1601,JK001414,1290,73,874,629,96
797,0,1286,Kraken220413194022,1318,372,1607,989,93
797,1286,1618,Kraken220413194022,1319,0,336,270,97
797,209,1528,ShamAY0038464,34,18,1154,842,76
797,1103,1618,JK000094,998,707,1220,290,62
797,0,723,JK001414,1290,874,1559,546,92
797,723,1618,JK001414,1291,0,885,717,97
797,1286,1482,Sham19Y0095660,584,491,689,159,98
798,4,1143,Kraken220413194022,1319,342,1479,859,93
798,1143,1470,Kraken220413194022,1320,0,328,256,95
798,890,1470,JK000279,822,1165,1452,218,47
798,0,902,JK000279,824,12,903,666,88
798,886,1309,ShamAY0038464,34,1138,1532,302,90
798,1309,1470,ShamAY0038464,35,0,166,125,90
798,0,374,JK000094,998,1220,1596,278,92
798,374,1470,JK000094,999,0,1154,815,85
798,4,648,JK001414,1291,892,1537,498,96
798,648,1470,JK001414,1292,0,842,646,95
799,0,1051,Kraken220413194022,1320,328,1486,818,87
799,1051,1558,Kraken220413194022,1321,0,508,393,93
799,290,579,JK000279,663,1006,1308,159,62
799,295,1424,JK000279,822,91,995,599,58
799,44,144,JK000279,823,0,100,79,100
799,1227,1558,JK000764,52,367,602,161,59
799,0,1190,ShamAY0038464,35,166,1184,732,71
799,261,1317,JK000041,48,0,1318,748,67
799,1195,1558,JK000041,49,22,286,203,64
799,222,444,Shamela0007435,544,225,426,153,89
799,567,868,JK000094,90,1223,1527,238,94
799,868,1170,JK000094,91,0,310,243,96
799,1195,1558,JK000094,518,423,685,196,62
799,0,319,JK000094,999,1154,1472,248,98
799,319,1558,JK000094,1000,0,1315,968,88
799,1195,1529,JK000122,1041,696,926,184,66
799,536,1003,JK006888,7,52,434,298,78
799,0,520,JK001414,1292,842,1371,389,90
799,536,1558,JK001414,1293,0,1039,824,96
799,230,402,JK000005,324,1365,1533,129,95
799,402,562,JK000005,325,0,515,120,29
799,453,1116,JK000005,325,828,1503,450,82
799,1195,1558,JK000005,326,791,1033,196,65
799,295,444,JK000967,518,361,510,108,92
799,290,520,Shamela0021688,102,157,395,139,65
799,44,144,Sham19Y0095660,952,800,900,79,100
799,1227,1558,Shamela0012027,461,464,704,168,62
799,567,1127,Sham19Y0131521,5987,607,1263,267,45
799,648,1122,Shamela0012031,185,946,1454,274,59
799,562,993,ShamAY0035828,98,1168,1539,298,84
799,993,1170,ShamAY0035828,99,0,183,144,96
799,222,520,Tafsir07055,3427,786,1429,218,43
799,491,885,Tafsir07055,3428,45,481,308,87
799,222,520,JK010001,3338,812,1409,203,42
799,491,881,JK010001,3339,28,358,231,68
799,567,1127,Sham19Y0020944,1067,6,654,264,45
799,648,861,Shamela0036543,824,23,238,173,98
799,1227,1558,JK000637,202,945,1184,168,62
799,567,1170,JK000083,317,245,835,454,88
799,0,562,Shamela0003055,2920,892,1256,281,63
799,536,1003,Shamela0003055,3569,22,404,297,78
799,651,861,JK000187,34,1151,1362,164,93
799,0,562,Shamela0011380,229,630,993,276,61
799,1227,1558,JK000883,2128,267,497,161,60
800,0,770,Kraken220413194022,1321,508,1324,557,84
800,51,401,ShamAY0038464,35,1184,1527,236,76
800,401,770,ShamAY0038464,36,0,338,264,90
800,55,199,JK000041,49,909,1072,107,80
800,55,268,ShamAY0034230,5321,0,202,119,65
800,0,248,JK000094,1000,1315,1570,161,72
800,251,751,JK000094,1001,7,784,356,57
800,0,474,JK001414,1293,1039,1548,365,90
800,474,770,JK001414,1294,0,298,228,95
800,348,656,JK000990,555,664,975,236,92
800,55,199,JK000005,327,873,1037,110,85
800,55,268,Shamela0021688,101,1095,1307,115,61
800,1214,1541,JK000381,5104,686,1036,236,74
800,55,199,Tafsir07055,3429,87,269,112,78
800,1276,1541,Shamela0003055,3833,617,889,190,76
800,55,199,JK000187,34,1377,1555,110,76
801,200,343,Zaydiyya0000102,68,45,169,97,86
801,247,1180,JK000906,11619,0,497,296,38
801,0,641,JK000381,5104,1036,1683,502,96
801,641,1551,JK000381,5105,0,926,710,93
801,0,976,Shamela0003055,3833,889,1556,486,61
801,976,1551,Shamela0003055,3834,0,361,277,58
802,178,581,JK006950,2274,1173,1530,171,51
802,184,453,JK000381,4172,723,979,131,52
802,0,586,JK000381,5105,926,1535,413,76
802,586,1116,JK000381,5106,0,511,378,86
802,178,586,JK000381,7973,123,486,175,52
802,359,1116,Shamela0037325,670,0,805,553,81
802,0,1116,Shamela0003055,3834,361,1172,504,50
806,0,277,JK000365,1123,1294,1583,218,94
806,277,1528,JK000365,1124,0,1324,987,91
806,0,131,JK001173,207,1465,1596,102,98
806,131,604,JK001173,208,0,402,321,84
806,16,918,JK006892,30,576,958,290,40
806,701,1417,JK006892,100,637,867,170,29
806,882,1068,JK000368,389,1275,1531,139,62
807,305,673,Shia002356Vols,286,669,1036,301,99
807,1022,1267,Shia002356Vols,289,0,244,197,99
807,305,682,Shamela0000041,759,817,1289,307,78
807,628,1043,Shamela0000041,762,947,1496,327,73
807,920,1371,Shamela0000041,764,225,757,304,64
807,975,1212,Shamela0007798,3368,287,574,170,73
807,0,206,JK000365,1124,1324,1544,163,92
807,206,1594,JK000365,1125,0,1428,1132,97
807,832,1212,JK000365,1320,512,888,285,92
807,305,553,Shamela0010283,3361,1301,1548,205,99
807,553,677,Shamela0010283,3362,0,124,101,100
807,1122,1267,Shamela0010283,3363,0,145,118,100
807,682,1043,Zaydiyya0000062,415,368,730,294,99
807,682,992,JK000791,574,1052,1625,248,53
807,1043,1267,Shamela0008476,2284,508,732,181,100
807,1043,1267,Shamela0008476,2295,1333,1557,181,100
807,682,1043,JK001420,292,694,1186,294,73
807,437,1107,Rafed0003257Vols,1882,690,1664,541,67
807,1107,1267,Rafed0003257Vols,1883,0,160,129,100
807,682,1043,Hindawi086148607,127,543,904,294,100
807,920,1212,Shamela0006947,11616,0,631,237,46
807,1212,1594,JK006892,100,959,1190,163,52
807,628,1267,Shamela0021537,55,377,879,284,48
807,1022,1278,Shamela0021537,86,0,257,204,98
807,1043,1267,Shamela0021537,435,20,244,181,100
807,764,1267,Shamela0021537,463,60,563,409,100
807,1043,1267,Shamela0021537,1640,402,626,181,100
807,1043,1267,Shamela0021537,2195,292,516,181,100
807,1043,1267,Shamela0021537,2608,609,833,181,100
807,1043,1267,Shamela0021537,5635,754,978,181,100
807,1043,1267,Shamela0021537,6050,1314,1538,181,100
807,682,1043,Shamela0029677,1318,857,1144,227,77
807,1022,1267,Shia001269,2,122,364,187,92
807,305,812,Shamela0023578,1027,184,828,357,68
807,682,1315,Shamela0023578,1032,78,694,491,95
807,1043,1267,Hindawi020604026,231,1115,1339,181,100
807,295,437,JK006478,3311,1035,1229,116,73
807,437,764,Sham19Y0018252,5,211,941,267,44
807,844,1163,JK006476,392,580,905,254,96
807,305,812,JK000378,83,642,1236,361,74
807,305,635,JK000917,538,1230,1559,272,99
807,764,1424,JK006950,1670,787,1241,334,61
807,437,764,Shia002333,32,517,1148,260,50
807,305,950,QuranAnalysis001,49,635,1584,520,66
807,950,1267,QuranAnalysis001,50,0,317,258,100
807,682,1047,JK009270,1232,1117,1487,295,97
807,1043,1267,JK009270,1239,629,853,181,100
807,417,1315,Shamela0029743,234,23,1220,694,69
807,305,1267,Shia001432Vols,7089,177,1060,713,90
807,295,809,Shia001432Vols,28826,960,1545,365,76
807,437,764,Sham19Y0023608,993,608,1240,261,50
807,764,1267,Sham19Y0023608,998,394,897,409,100
807,320,673,Sham19Y0014404,368,0,559,291,63
807,764,1212,JK009257,211,96,1373,364,35
807,1058,1278,JK000101,364,0,225,176,96
807,772,1267,Sham19Y0014592,1430,331,694,278,69
807,305,682,Shamela0021821,478,942,1328,309,97
807,764,1267,Shamela0021821,485,262,765,409,100
807,461,764,Shamela0021735,750,0,365,243,81
807,682,1043,Shamela0023628,1013,430,791,294,100
807,1043,1267,Shamela0023628,1016,1315,1539,181,100
807,437,764,Rafed0003943Vols,304,900,1532,261,50
807,944,1267,Rafed0003943Vols,306,0,323,263,100
807,764,1424,JK000381,7368,357,811,334,61
807,772,1267,Shamela0004473,2851,907,1297,305,76
807,764,1278,Shamela0004473,2874,996,1511,415,99
807,1043,1267,Shamela0004473,3834,1193,1417,181,100
807,796,1212,Shamela0004473,4225,0,416,337,100
807,764,1097,Shamela0004473,5146,1388,1720,272,99
807,628,1250,Shamela0004473,5246,1000,1633,497,96
807,764,1267,Shamela0004473,5901,280,783,409,100
807,731,1267,Shamela0004473,16102,0,555,422,93
807,809,1132,JK000367,14,0,323,262,100
807,305,677,Shamela0010273,660,408,998,270,56
807,1043,1346,Shamela0010273,666,1072,1360,203,84
807,305,1043,ShamAY0036821,738,321,1356,584,68
807,437,764,Sham19Y0013550,190,572,1194,259,50
807,682,1278,Sham19Y0023618,498,265,863,481,99
807,1043,1267,Sham19Y0095660,297,1374,1598,181,100
807,1089,1267,Sham19Y0095660,364,777,955,144,100
807,437,832,Shamela0004445,465,519,924,320,96
807,764,1132,Sham19Y0020642,344,1191,1558,299,99
807,764,1267,Sham19Y0020642,412,828,1331,409,100
807,305,764,JK000330,242,685,1584,372,50
807,305,812,JK000330,296,160,754,361,74
807,635,1267,JK000330,300,855,1519,450,80
807,299,461,Meshkat00057178,1203,378,998,122,24
807,354,772,JK007018,169,214,1079,312,43
807,764,1267,JK007018,170,530,1039,409,98
807,992,1267,Masaha002028Vols,829,1096,1361,189,85
807,1043,1267,Tafsir07055,3205,1135,1359,181,100
807,359,673,Rafed0001713Vols,651,0,314,259,100
807,682,1278,Rafed0001713Vols,658,593,1181,442,91
807,305,644,Shamela0008473,1586,1216,1557,279,98
807,354,677,Shamela0008473,1592,812,1396,260,54
807,628,1290,Shamela0008473,1604,577,1260,455,72
807,1043,1267,JK010001,3116,760,984,181,100
807,305,558,JK009396,365,1308,1560,209,99
807,950,1267,JK009396,370,0,317,258,100
807,305,764,JK009268,1620,5,769,369,59
807,628,1267,JK009268,1630,416,1070,438,73
807,1043,1267,Shamela0037325,2797,362,586,181,100
807,628,1267,Shamela0037325,2940,1029,1531,284,48
807,984,1267,Shamela0037458,999,357,746,222,70
807,689,1267,Meshkat0014420,1311,808,1375,422,88
807,764,1267,Sham19Y0147597,950,575,1078,409,100
807,354,677,Tafsir09084,732,320,907,260,54
807,1043,1267,Shamela0003055,4575,1385,1608,181,99
807,441,832,Shia003721Vols,375,0,394,317,98
807,1043,1267,JK009266,3216,846,1070,181,100
807,305,536,Shamela0023591,2599,1364,1594,191,99
807,536,1043,Shamela0023591,2600,0,812,406,61
807,1043,1282,Shamela0023591,2631,482,715,186,96
807,305,682,Shamela0023632,1012,460,834,307,98
807,682,1043,Shamela0023632,1021,96,457,294,100
807,1043,1282,Shamela0023632,1025,543,776,186,96
807,354,673,Shamela0009231,785,104,638,263,59
808,0,152,JK000365,1125,1428,1595,120,89
808,152,1527,JK000365,1126,0,1410,1102,96
808,0,341,JK006892,100,1190,1484,227,85
808,341,1527,JK006892,101,0,568,430,44
808,209,411,ShamAY0035562,49,1426,1627,160,99
808,411,759,ShamAY0035562,50,0,344,261,89
808,141,759,Shamela0003055,2836,41,675,486,95
809,1075,1254,JK000350,9,486,672,134,92
809,1071,1259,JK000365,917,809,998,138,93
809,0,124,JK000365,1126,1410,1533,97,99
809,124,1494,JK000365,1127,0,1315,1016,90
809,1079,1219,JK000362,1511,17,195,104,74
809,1071,1219,JK000362,1729,1316,1501,109,75
809,1075,1380,Sham19Y0016953Vols,1680,582,893,137,48
809,1071,1259,JK001173,149,724,914,140,94
809,0,1494,JK001173,208,423,1274,674,56
809,43,345,JK006892,101,574,782,162,65
809,1075,1219,JK000382,107,951,1132,106,75
809,1075,1219,JK001414,441,1246,1427,106,75
809,1075,1254,JK000381,4883,711,892,82,41
809,1075,1219,JK000381,5575,1264,1445,106,75
809,1075,1278,JK000330,12,715,921,139,88
810,915,1156,Shamela0000041,464,757,1179,141,36
810,732,1142,JK000365,768,143,415,184,55
810,0,185,JK000365,1127,1315,1502,145,96
810,185,1625,JK000365,1128,0,1513,1175,94
810,732,1142,JK000362,24,807,1042,162,47
810,691,1625,Shamela0008476,2622,638,1355,398,42
810,857,1110,Shamela0008476,2634,163,417,194,94
810,691,1087,Sham19Y0016953Vols,961,908,1454,313,69
810,857,1162,Sham19Y0016953Vols,1405,6,335,235,87
810,274,652,JK001173,208,1294,1495,165,53
810,846,1625,JK001173,209,0,392,317,50
810,857,1091,Shamela0010541,84,1367,1601,190,99
810,857,1091,Rafed0003257Vols,1168,1064,1298,188,98
810,857,1195,Shamela0006947,19526,103,515,214,58
810,283,1526,JK006892,101,800,1447,500,48
810,857,1091,JK001276,89,472,706,189,98
810,691,1091,JK000998,374,560,1110,304,66
810,857,1087,JK006478,2402,709,940,189,99
810,691,1080,JK006950,1503,1106,1644,307,69
810,691,1091,QuranAnalysis001,27,588,1138,314,69
810,857,1062,JK009270,816,1401,1605,169,99
810,691,1091,Shamela0029743,132,39,589,314,69
810,846,1100,Shia001432Vols,1896,928,1182,199,96
810,857,1091,Sham19Y0023608,552,1124,1358,188,98
810,857,1091,Shamela0021821,294,908,1141,191,99
810,857,1195,JK000381,722,170,530,211,62
810,593,1142,JK000381,3918,538,823,217,48
810,691,1142,JK000381,7201,254,869,352,69
810,691,1195,Shamela0011730,726,398,1094,336,55
810,857,1087,Shamela0004473,7550,947,1177,189,100
810,851,1142,Shamela0004473,7930,219,510,238,100
810,891,1095,Shamela0004473,11238,0,204,166,100
810,732,1625,Shamela0004473,14690,11,1173,711,73
810,857,1091,Shamela0010273,377,1045,1279,188,98
810,691,1087,ShamAY0036821,523,238,781,310,69
810,857,1091,Sham19Y0023618,313,329,563,188,98
810,857,1091,Sham19Y0095660,1622,1299,1533,189,98
810,857,1087,Shia002394Vols,629,733,964,186,97
810,691,1091,Shamela0011578,26,343,892,316,70
810,691,1087,Shamela0005756,15350,445,994,313,69
810,732,1142,Sham19Y0018318,100,1035,1617,322,67
810,732,1142,Shamela0021512,114,385,615,182,53
810,857,1091,Rafed0001713Vols,393,638,872,188,98
810,857,1091,Shamela0008473,975,126,360,189,98
810,857,1091,JK009396,251,808,1042,189,98
810,768,1091,Masaha002064Vols,194,790,1263,251,64
810,857,1087,Sham19Y0020891,1140,560,790,188,99
810,691,1087,JK000028,124,64,611,313,69
810,654,1142,Shamela0003055,2325,163,741,385,81
810,1100,1625,Shamela0003055,2346,70,638,389,83
810,691,1091,Shamela0023591,1814,562,1112,313,69
811,121,377,JK000365,1129,0,255,207,99
811,0,377,JK001173,209,392,770,306,99
811,0,377,Shamela0003055,2346,638,1015,306,100
813,409,564,Shamela0021524,102,604,753,112,91
813,409,564,JK000363,248,141,290,112,91
817,1054,1260,Sham19Y0023644,5826,1135,1317,141,83
817,1054,1260,Shamela0011789,294,1355,1561,165,97
817,576,841,Shamela0010273,799,268,521,166,75
817,1054,1252,Shamela0006686BK1,113,1044,1242,163,100
817,1054,1184,Masaha004661,283,1011,1147,107,95
817,1054,1252,Kraken220208041043,384,988,1187,161,98
818,515,806,JK009301,26,595,903,127,44
818,0,400,Kraken21042901,259,776,1388,241,48
818,0,400,Kraken220414225447,95,134,666,268,60
818,0,213,Shamela0010273,799,78,284,160,93
818,400,1535,Kraken220208041040,1317,406,1521,729,70
819,0,1267,Kraken220208041040,1318,225,1609,907,76
819,1301,1636,Kraken220208041040,1319,0,319,242,84
821,1065,1381,ShamAY0035035,8747,17,274,198,77
821,1080,1403,JK009273,560,794,1181,242,76
821,1065,1384,JK000066,25,414,708,217,82
821,1095,1381,JK011730,184,656,932,205,83
821,1071,1381,Zaydiyya0000413Vols,1343,76,378,221,83
822,111,298,AOCP20251104131Vols,123,0,417,151,43
822,76,298,JK009273,560,1181,1405,175,93
822,84,298,JK001157,633,856,1066,166,93
822,76,298,JK009241,725,59,276,165,90
822,84,298,JK000066,25,708,918,164,92
822,84,298,JK011730,184,932,1138,158,87
823,495,1640,JK000381,681,0,1134,899,93
823,43,682,JK006875,29,924,1554,445,81
823,682,1640,JK006875,30,0,1051,768,88
823,43,519,Shamela0003055,2538,1031,1530,332,79
823,519,1640,Shamela0003055,2539,0,1088,848,89
824,999,1146,Sham19Y0016953Vols,1558,1192,1364,115,85
824,935,1146,Shamela0022653,329,912,1119,122,65
824,999,1181,Shamela0022653,350,495,703,112,63
824,1011,1146,JK006950,2503,1034,1184,89,69
824,999,1143,JK000379,107,1292,1461,113,85
824,0,642,JK000381,681,1134,1676,425,80
824,671,1562,JK000381,682,0,1149,689,72
824,1007,1146,JK000381,2961,1159,1279,94,86
824,1011,1146,JK000381,8202,140,290,89,69
824,1007,1146,JK000079,36,171,310,109,100
824,981,1154,JK000079,61,317,566,115,58
824,1040,1186,Shamela0008473,2430,432,578,95,83
824,1011,1146,JK000363,65,974,1143,104,78
824,0,598,JK006875,30,1051,1647,480,97
824,598,1562,JK006875,31,0,903,694,88
824,1040,1171,Tafsir09084,1194,507,638,91,88
824,0,627,Shamela0003055,2539,1088,1650,389,73
824,627,1562,Shamela0003055,2540,0,1057,729,83
824,1015,1146,ShamAY0034320,34,688,822,102,96
825,1420,1530,Shamela0030868,117,118,223,83,95
825,941,1572,Shamela0012094,82,460,979,385,73
825,0,211,JK000381,682,1152,1368,167,85
825,0,217,JK006875,31,903,1133,175,86
825,1416,1530,Shamela0003055,2236,1050,1164,86,91
825,0,217,Shamela0003055,2540,1057,1287,171,84
826,0,138,Shamela0004473,3214,1379,1517,108,93
827,468,852,Shamela0004473,3215,142,526,313,100
828,740,1017,Shamela0004473,3215,530,820,188,75
829,189,405,JK007084,853,958,1157,116,68
829,207,405,Sham19Y0017747,1063,590,771,107,60
829,207,405,JK007041,2525,846,1020,107,68
829,207,320,Sham19Y0017529,25,606,777,87,63
829,207,320,MMS00030,624,1145,1258,87,96
829,1072,1549,Shamela0011354,38,280,761,381,98
829,198,320,ShamAY0033627,41,614,898,93,40
829,207,320,ShamIbadiyya0000050,1763,1065,1179,88,96
829,1111,1403,Shamela0009859,86,530,774,158,66
829,203,320,JK009148,133,694,809,90,95
829,1072,1549,Shamela0012094,121,725,1224,382,95
829,203,320,ShamAY0038440,20,849,966,91,97
829,207,320,Shamela0029774,4,817,930,91,100
829,207,405,Sham19Y0014592,2245,1040,1222,110,61
829,207,320,JK000021,1288,821,937,87,93
829,198,320,JK000179,1226,1214,1335,93,95
829,185,320,Sham19Y0132974,192,1269,1402,102,94
829,1072,1549,JK000367,283,582,1067,380,97
829,198,320,Shamela0029783,4,257,382,90,89
829,207,405,ShamAY0038409,131,751,1055,110,44
829,207,320,JK006908,119,1236,1408,88,63
829,1072,1284,Shamela0007663,131,124,335,165,96
829,207,618,JK007021,254,411,782,106,20
829,142,320,Shamela0023591,2270,390,584,106,69
829,119,320,Shamela0023644,736,1042,1350,111,44
830,272,558,Shamela0008555,106,678,976,189,67
830,0,834,Shamela0011354,38,761,1565,646,93
830,840,1351,Shamela0011354,39,0,511,406,95
830,0,811,Shamela0009859,86,774,1345,430,63
830,0,306,Shamela0012094,121,1224,1540,247,94
830,306,1351,Shamela0012094,122,0,1039,834,97
830,1407,1604,Shamela0012094,128,93,282,149,93
830,1415,1604,Shamela0012094,144,595,780,146,95
830,0,518,JK000367,283,1067,1578,389,85
830,518,1351,JK000367,284,0,823,652,95
830,1415,1604,JK000367,291,1217,1407,151,98
830,474,749,Shamela0007663,131,1288,1558,222,98
830,8,437,Shamela0007663,131,335,727,317,88
830,749,1351,Shamela0007663,132,0,583,465,95
830,272,558,Shamela0003055,2126,83,379,190,68
831,1142,1526,Shamela0009859,90,428,820,294,88
831,108,530,Shamela0012094,111,1199,1490,207,57
831,0,1130,Shamela0012094,128,282,1490,874,89
831,1130,1526,Shamela0012094,129,0,430,317,90
831,0,258,Shamela0012094,144,780,1019,137,63
831,0,125,JK000367,291,1407,1539,97,90
831,125,1526,JK000367,292,0,1472,1100,92
832,429,1555,Shamela0011354,42,455,1485,809,88
832,0,677,Shamela0009859,90,820,1414,465,84
832,1328,1555,Shamela0009859,91,7,203,136,72
832,0,1112,Shamela0012094,129,430,1590,865,90
832,1112,1555,Shamela0012094,130,0,475,347,89
832,49,1555,JK000367,293,0,1524,1183,95
832,449,869,Shamela0007554,21,1149,1543,301,89
832,1272,1555,Shamela0007554,22,128,419,212,86
832,429,994,Shamela0011079,25,985,1503,385,83
832,449,643,Shamela0003055,3256,1401,1592,145,88
832,643,1555,Shamela0003055,3257,0,705,418,50
833,32,1464,Shamela0011354,43,0,1441,1099,94
833,0,1011,Shamela0012094,130,475,1508,774,92
833,1011,1464,Shamela0012094,131,0,549,343,78
833,563,795,Shamela0012094,221,746,994,170,86
833,28,1464,JK000367,294,0,1458,1092,92
833,0,1084,Shamela0007554,22,419,1490,831,95
833,126,1460,Shamela0011079,26,192,1489,955,87
833,540,700,Shamela0011079,35,347,551,125,76
833,0,770,Shamela0003055,3257,705,1502,598,92
833,770,1102,Shamela0003055,3258,0,324,248,93
834,398,624,Tafsir04056,5396,1023,1499,130,34
834,379,624,Sham19Y0016953Vols,1537,903,1148,195,100
834,474,624,Shamela0011082,7,469,607,101,85
834,136,967,Shamela0011354,44,0,594,368,55
834,1049,1530,Shamela0011354,73,15,298,214,55
834,1173,1399,Masaha004105Vols,210,905,1172,168,76
834,443,624,JK001496,1424,0,184,145,98
834,385,624,JK006478,6464,1243,1485,190,98
834,1099,1530,Shamela0009859,94,276,555,203,57
834,366,624,Zaydiyya0000328,534,109,683,170,37
834,511,624,JK006476,1072,744,872,86,85
834,0,793,Shamela0012094,131,549,1443,621,87
834,1019,1513,Shamela0012094,172,41,411,245,61
834,898,1530,Shamela0012094,173,867,1272,291,56
834,902,1117,Shamela0012094,174,743,988,133,64
834,385,659,QuranAnalysis001,144,707,978,197,90
834,385,645,JK009270,3179,1212,1470,196,95
834,379,635,Shamela0011211,34,614,840,163,81
834,385,659,Shamela0029743,674,768,1039,197,90
834,385,664,Shia001432Vols,2497,151,427,204,92
834,416,624,Sham19Y0014404,943,429,949,164,39
834,374,659,Shamela0012884,3495,337,619,205,90
834,385,664,Shamela0021821,1213,673,955,202,89
834,374,624,JK000381,4651,1159,1408,197,99
834,374,624,JK000381,4724,1107,1357,199,100
834,35,793,JK000367,295,0,798,592,91
834,898,1360,JK000367,327,1179,1518,257,68
834,1360,1530,JK000367,328,0,172,139,98
834,385,624,Tafsir07053,106,1103,1342,190,100
834,385,659,ShamAY0036821,1443,803,1073,197,91
834,504,664,Hindawi046286097,115,1160,1495,86,34
834,898,1530,Shamela0007597,276,539,1120,310,50
834,1411,1530,Shamela0007597,342,0,223,73,39
834,511,659,Shamela0002386,197,574,713,102,85
834,917,1399,ShamAY0038409,131,370,938,143,21
834,374,659,JK001110,86,103,385,206,90
834,385,624,Shamela0008473,3215,1182,1420,189,99
834,942,1530,Shamela0007663,47,424,1055,190,24
834,898,1530,JK001226,251,281,767,375,73
834,385,635,JK009396,967,870,1114,194,97
834,385,659,JK009268,3281,17,288,197,90
834,511,659,Shamela0037458,2711,738,883,96,82
834,374,659,Meshkat0014420,3211,344,626,206,90
834,511,624,Shamela0012293,1903,0,113,89,100
834,0,802,Shamela0011079,27,5,474,335,51
834,898,1530,Shamela0011079,103,564,1039,358,69
834,379,624,Shamela0003055,3157,184,429,195,100
834,474,624,Shamela0003055,3330,1039,1177,101,85
834,385,635,JK009266,6562,506,750,194,97
835,335,466,JK006985,8,188,318,101,96
835,187,450,JK000383BK1,60,963,1444,149,33
835,335,450,JK001414,1742,768,883,93,100
835,335,450,JK001414,1913,224,338,90,96
835,81,735,Shamela0009943,420,315,1000,415,64
835,335,450,JK006950,2590,1067,1182,93,100
835,335,457,JK006950,2749,518,639,98,98
835,335,450,JK006950,2790,171,286,90,97
835,335,466,JK006950,3120,886,1016,101,96
835,335,450,JK006950,3323,560,673,90,97
835,457,573,Shamela0012094,110,645,765,91,95
835,81,573,Shamela0012094,172,411,652,181,45
835,0,284,Shamela0012094,173,1272,1560,226,95
835,284,735,Shamela0012094,174,0,454,362,98
835,335,450,JK000381,8289,418,533,93,100
835,335,457,JK000381,8448,277,398,98,98
835,335,466,JK000381,8819,1153,1283,101,96
835,335,450,JK000381,9022,1029,1142,90,97
835,335,457,Shamela0004473,7601,1047,1168,94,95
835,0,735,JK000367,328,172,905,582,98
835,0,339,Shamela0007597,276,1120,1534,204,61
835,457,685,Shamela0007554,9,154,382,181,96
835,0,735,JK001226,251,767,1512,587,97
835,335,450,JK000235,330,822,935,90,97
835,0,472,Shamela0011079,103,1039,1530,370,92
835,457,573,Shamela0011079,108,873,994,93,95
835,450,694,Shamela0003055,2769,235,470,179,89
835,457,685,Shamela0003055,3244,66,293,179,95
835,335,450,Shamela0000432,5842,1250,1363,90,97
836,0,178,Shamela0011354,40,1455,1634,148,98
836,188,1374,Shamela0011354,41,0,584,457,48
836,0,764,Shamela0009859,87,1288,1616,249,40
836,764,1441,Shamela0009859,88,5,665,432,71
836,0,821,Shamela0012094,124,721,1568,649,94
836,821,1482,Shamela0012094,125,0,846,515,76
836,508,661,Shamela0012094,144,175,328,119,94
836,0,1031,JK000367,286,500,1541,791,92
836,1031,1482,JK000367,287,0,596,335,68
836,77,661,Shamela0012293,1287,1003,1363,264,54
837,151,621,Shamela0011354,41,537,952,299,78
837,7,1161,Shamela0009859,88,665,1228,371,38
837,0,629,Shamela0012094,125,846,1497,498,93
837,629,1172,Shamela0012094,126,0,619,433,85
837,324,520,Shamela0012094,144,354,550,156,100
837,906,1140,Shamela0012094,236,1287,1512,174,89
837,0,959,JK000367,287,596,1525,722,90
837,946,1172,JK000367,288,54,276,157,79
838,899,1224,JK007640,258,133,469,255,95
839,816,1115,JK007640,189,1139,1450,232,93
839,1115,1371,JK007640,190,0,322,197,77
839,816,1043,Rafed0002163Vols,276,892,1314,139,37
840,1339,1541,JK000381,75,338,521,146,89
841,772,924,JK009152,642,811,963,122,99
841,968,1204,JK000116,531,520,867,173,62
841,968,1204,Tafsir04056,5193,991,1348,151,53
841,772,924,Sham19Y0013252,1925,1140,1309,122,89
841,772,1113,Sham19Y0018103,956,193,461,150,49
841,932,1204,JK000360,50,863,1172,162,58
841,932,1196,JK000362,1267,711,991,169,68
841,1036,1204,Sham19Y0122257,3244,71,330,109,50
841,958,1204,Shamela0011334,219,902,1240,178,65
841,968,1259,Shamela0012981,946,520,896,188,60
841,772,924,JK000110,249,868,1037,122,89
841,968,1204,Sham19Y0014119,569,659,950,158,65
841,763,987,Shamela0006947,15206,1207,1494,156,68
841,924,1288,Shamela0006947,15207,380,676,199,64
841,263,447,JK000772,174,0,183,146,99
841,968,1145,JK000142,1072,1163,1451,131,56
841,1051,1204,Sham19Y0014601,5810,0,485,113,29
841,968,1196,JK000382,464,416,892,144,37
841,968,1204,JK000382,465,481,810,173,65
841,932,1204,JK000382,684,899,1322,176,51
841,928,1204,Shamela0010784,8,775,1103,194,72
841,968,1204,Shamela0003722,896,204,546,167,60
841,932,1288,JK000906,2404,347,753,197,55
841,772,924,Sham19Y0016584,988,236,405,122,89
841,766,1301,JK000355,5,245,718,303,63
841,932,1306,Shamela0009943,453,236,644,185,49
841,1048,1204,JK006474,1950,0,223,116,65
841,950,1204,Kraken2106220218081,1111,172,461,149,60
841,755,928,JK001324,276,610,800,117,69
841,766,1301,JK006950,1992,4,487,303,62
841,775,928,JK006950,2043,0,152,123,99
841,950,1204,JK000315,5,969,1266,147,57
841,168,336,ShamAY0033606,11,454,619,124,83
841,729,1306,Shamela0012094,94,1073,1454,213,43
841,0,750,Shamela0012094,100,599,1179,450,73
841,1312,1558,Shamela0012094,100,1175,1368,154,77
841,746,1048,Shamela0012094,102,1266,1580,241,94
841,1048,1325,Shamela0012094,103,19,270,195,89
841,779,1301,Shamela0012094,149,656,1095,285,59
841,968,1204,JK000329,11,192,513,175,68
841,968,1204,JK000474,347,959,1308,166,58
841,987,1204,Sham19Y0020591,1757,259,562,158,65
841,772,924,Shamela0006610,363,699,852,123,99
841,968,1204,Sham19Y0016976,1740,1054,1345,158,65
841,1027,1158,Shamela0030623Vols,387,0,176,102,73
841,958,1250,JK000585,1351,1058,1436,187,59
841,968,1204,JK009336,806,225,566,166,60
841,968,1179,JK000337,11,233,555,155,59
841,968,1204,ShamAY0035253,49,817,1157,168,61
841,775,928,JK009137,1386,26,179,121,98
841,924,1226,Shia004509,148,942,1299,161,51
841,876,1306,JK000381,73,0,253,142,38
841,0,1051,JK000381,75,521,1546,830,97
841,1051,1558,JK000381,76,0,489,390,95
841,947,1321,JK000381,167,1149,1506,203,61
841,703,936,JK000381,220,408,669,147,67
841,928,1288,JK000381,221,317,797,190,41
841,924,1204,JK000381,1213,898,1186,176,69
841,932,1175,JK000381,1494,356,685,134,47
841,928,1204,JK000381,1837,258,548,179,70
841,928,1204,JK000381,1858,1010,1283,155,60
841,766,1301,JK000381,7690,53,536,303,62
841,763,928,JK000381,7741,116,287,131,94
841,924,1288,Shamela0011730,9,666,962,198,64
841,928,1204,Shamela0011730,526,374,702,194,72
841,950,1204,JK000799,7,368,703,160,57
841,1079,1204,JK009141,146,19,139,77,78
841,932,1306,Shamela0012027,172,589,1051,211,53
841,968,1204,Sham19Y0131521,6107,121,466,173,62
841,1036,1204,Shamela0008363,441,0,145,100,74
841,968,1204,Shamela0001442,1068,489,835,173,62
841,968,1204,Shamela0004445,10,219,567,175,62
841,772,924,Shamela0021715,1730,298,466,122,89
841,772,987,Shamela0005756,4155,412,738,141,54
841,161,1558,JK000385,37,0,1468,1105,92
841,1446,1558,JK000385,53,1234,1349,91,97
841,161,746,JK000385,113,899,1476,219,34
841,958,1204,JK007045,859,277,550,147,65
841,1079,1204,Rafed0000040Vols,103,5,147,91,80
841,772,924,Sham19Y0013605,1386,87,256,122,89
841,950,1175,Zaydiyya0000454,89,291,558,128,56
841,968,1204,JK000630,102,5,371,171,57
841,950,1204,JK006874,18,374,710,157,56
841,763,987,Kraken220413194135,9,562,846,155,67
841,932,1175,Shamela0011258,175,91,459,148,47
841,947,1321,JK000376,72,642,1018,218,65
841,928,1161,JK000376,126,1419,1590,117,60
841,1161,1288,JK000376,127,0,367,87,29
841,968,1204,Sham19Y0020944,1094,668,1013,173,62
841,968,1204,Sham19Y0017791,1942,428,719,158,65
841,168,336,Shamela0036543,81,275,440,124,83
841,958,1204,Shamela0001440Vols,302,293,645,176,62
841,772,924,Sham19Y0016684,401,951,1119,121,89
841,772,987,Shamela0001875,450,812,1055,144,70
841,950,1204,JK009159,77,30,325,154,61
841,968,1204,JK000146,192,1007,1350,170,61
841,772,924,PV2024060602,249,868,1037,122,89
841,968,1204,PV2024060602,5669,1047,1394,173,62
841,950,1204,Sham19Y0014309,908,153,508,178,62
842,1258,1381,JK007128,573,1339,1461,89,88
842,911,1079,JK000116,163,0,158,123,91
842,1255,1437,Sham19Y0013252,1925,829,1004,139,95
842,1255,1447,Sham19Y0018103,955,1325,1505,143,92
842,1255,1437,Sham19Y0146127,1057,93,284,110,66
842,851,1079,Shamela0008476,63,302,487,138,75
842,851,1079,Shamela0011334,78,1193,1403,158,86
842,1255,1437,Shamela0008273,14,358,571,133,77
842,1255,1437,Shamela0001524,1209,714,889,139,95
842,1255,1437,JK000110,249,570,745,139,95
842,1258,1447,JK009313,4123,1251,1462,130,78
842,1246,1420,Shamela0006947,15206,1392,1580,140,91
842,847,1175,Shamela0006947,15210,1095,1360,173,63
842,1231,1420,JK000383BK1,26,40,238,141,88
842,1231,1420,JK000383BK1,83,183,371,138,89
842,851,1079,JK000906,2409,78,301,149,74
842,980,1420,Sham19Y0017724,229,628,1069,177,39
842,1255,1437,Shamela0000736,6169,725,1008,132,57
842,847,1079,Shamela0009943,458,134,352,152,77
842,1255,1437,Sham19Y0018106,855,792,967,139,95
842,1255,1437,JK006950,2043,306,485,140,96
842,1246,1420,Zaydiyya0000067,33,572,771,135,84
842,851,1513,ShamAY0033606,10,56,588,253,38
842,851,1079,ShamAY0033606,88,1178,1388,158,86
842,824,1030,Shamela0012094,100,1397,1574,119,67
842,1030,1513,Shamela0012094,101,0,465,367,94
842,45,843,Shamela0012094,103,304,1119,620,94
842,980,1437,Sham19Y0020594,10,645,1105,169,31
842,1255,1437,Shia001432Vols,11812,209,400,135,87
842,1246,1437,JK009336,1595,1074,1295,145,81
842,1255,1368,Shamela0025794,1094,1323,1448,80,80
842,1255,1437,Shamela0000347,232,679,854,138,94
842,0,1079,JK000381,76,489,1498,797,91
842,1086,1513,JK000381,77,0,406,324,94
842,1246,1420,JK000381,220,661,824,122,82
842,1255,1437,JK000381,7741,441,620,140,96
842,1255,1447,Shia001353,336,1286,1472,141,89
842,1255,1420,Masaha001946Vols,463,1142,1309,130,94
842,1246,1420,Shamela0011730,9,52,240,140,91
842,1255,1447,Sham19Y0018176,467,271,451,143,92
842,1255,1437,JK000141,252,546,757,129,75
842,86,274,Shamela0012027,136,1355,1529,133,89
842,911,1513,Shamela0012027,137,0,458,205,34
842,847,1079,Shamela0012027,177,577,796,154,78
842,1255,1437,Shamela0012027,257,148,323,139,95
842,843,1129,Shamela0008381,34,1182,1470,191,77
842,1246,1420,Shamela0007597,277,943,1161,134,75
842,1255,1437,Shamela0004445,2740,988,1167,134,90
842,1255,1447,Shamela0021715,1728,862,1041,143,92
842,1255,1437,Shia001416,361,1358,1536,134,92
842,1255,1437,Shamela0005756,4152,561,736,139,95
842,72,1511,JK000385,38,0,1514,1110,90
842,1255,1420,Sham19Y0013605,1385,256,414,126,94
842,851,1079,Shamela0002386,127,624,814,142,77
842,1024,1437,JK007065,568,26,374,190,60
842,1255,1420,Shamela0096283,110,569,766,133,83
842,851,1079,Sham19Y0011326,153,377,587,158,86
842,843,1129,Sham19Y0011326,158,645,893,173,71
842,851,1079,Shamela0012001,18,739,941,158,86
842,851,1079,JK006870,15,716,926,158,86
842,851,1198,Shamela0007663,96,1195,1546,203,61
842,847,1079,JK000376,118,964,1136,133,68
842,1246,1420,JK000376,126,59,241,140,95
842,847,1019,JK000376,136,1336,1491,126,90
842,1246,1420,JK001303,696,278,466,132,87
842,86,274,Shamela0036543,79,1361,1535,133,89
842,922,1513,Shamela0036543,80,0,456,198,33
842,1255,1437,Shamela0001875,450,620,800,134,89
842,1255,1420,ShamAY0034005,1022,654,852,116,73
842,1255,1437,PV2024060602,249,570,745,139,95
842,1255,1437,PV2024060602,3970,814,1025,129,75
842,985,1443,Sham19Y0013572,614,335,755,170,38
842,1255,1437,JK000484,2044,1039,1250,131,76
842,1255,1437,Rafed0003489,35,957,1136,134,90
843,803,954,Shamela0008532,49,66,262,105,69
843,1130,1311,Shamela0022653,160,919,1166,115,58
843,0,603,ShamAY0033606,10,588,1078,374,73
843,118,1601,Shamela0012094,104,76,1567,1179,96
843,0,147,ShamAY0038440,188,41,204,103,75
843,836,954,Sham19Y0023608,3838,96,263,87,67
843,0,1190,JK000381,77,406,1594,962,98
843,1190,1601,JK000381,78,0,408,325,97
843,1140,1311,JK000381,1628,0,237,115,60
843,0,603,Shamela0012027,137,458,963,384,75
843,0,667,JK000385,39,3,681,529,92
843,803,971,JK000385,159,726,983,119,58
843,0,667,Sham19Y0011326,155,224,824,477,85
843,832,960,Shamela0008473,4575,1028,1204,94,68
843,0,603,Shamela0036543,80,456,969,391,77
843,832,960,Tafsir09084,2363,575,752,94,67
843,466,954,Shamela0003055,2674,1276,1489,124,31
843,836,960,Tafsir09071,1088,1012,1201,85,57
844,347,520,Shamela0011285,28,272,677,124,35
844,23,433,ShamAY0033606,10,1118,1533,313,88
844,23,171,Shamela0012094,101,585,750,110,84
844,1151,1339,Shamela0012094,101,746,932,143,91
844,166,1151,Shamela0012094,105,253,1148,695,85
844,722,1467,Shamela0012094,106,581,1011,248,37
844,0,1167,JK000381,78,408,1572,943,99
844,1167,1500,JK000381,79,0,325,263,97
844,23,1021,Shamela0012027,137,1003,1562,404,48
844,23,845,JK000385,39,737,1625,645,87
844,845,1155,JK000385,40,0,390,238,74
844,343,1114,Sham19Y0011326,155,824,1663,572,79
844,347,986,Shamela0007663,97,606,1166,446,84
844,23,1021,Shamela0036543,80,1009,1577,401,47
845,1291,1461,JK000355,14,1138,1307,132,96
845,1291,1461,JK006950,2001,866,1035,132,96
845,27,312,Shamela0012094,92,85,356,210,90
845,340,1536,Shamela0012094,94,68,1333,935,91
845,1291,1461,Shamela0012094,158,1163,1332,132,96
845,18,248,JK000381,70,1184,1412,161,81
845,329,1404,JK000381,72,407,1514,833,92
845,1291,1461,JK000381,7699,912,1081,132,96
845,1162,1536,Shamela0012027,138,80,625,129,25
845,1295,1445,Shamela0007663,76,767,917,121,99
845,1162,1536,Shamela0036543,81,54,638,134,23
845,647,1213,Shamela0003055,2693,49,631,409,80
845,988,1536,Shamela0003055,2848,923,1329,165,32
845,546,956,Shamela0003055,2879,1114,1530,259,67
845,908,1213,Shamela0000894,5581,1121,1464,236,84
845,988,1536,Shamela0011380,160,602,977,165,34
845,546,881,Shamela0011380,189,1177,1515,206,65
846,0,141,ShamAY0033606,11,817,956,109,98
846,1072,1463,Shamela0012094,92,379,754,287,91
846,0,241,Shamela0012094,94,1333,1552,175,90
846,241,1072,Shamela0012094,95,0,848,645,93
846,980,1077,Shamela0012094,98,593,690,72,94
846,0,1430,JK000381,73,132,1439,997,85
846,0,141,Shamela0012027,138,625,764,109,98
846,0,141,Shamela0036543,81,638,777,109,98
846,319,642,ShamAY0035562,19,883,1174,162,58
846,415,670,Shamela0003055,2693,1251,1557,180,70
846,670,1016,Shamela0003055,2694,0,330,252,87
846,1170,1458,Shamela0003055,2698,430,673,157,69
846,911,1492,Shamela0003055,2879,152,887,221,30
846,1170,1458,Shamela0023644,967,732,1018,153,58
846,1212,1458,Shamela0011380,188,4,204,129,66
846,911,1492,Shamela0011380,189,223,950,221,30
847,1113,1553,Shamela0011354,134,354,920,232,46
847,134,588,ShamAY0033606,12,10,552,289,60
847,0,806,Shamela0012094,92,721,1512,630,96
847,872,1432,Shamela0012094,95,954,1513,448,97
847,124,1547,JK000381,74,6,1542,1070,82
847,8,277,Shamela0012027,138,1291,1482,125,55
847,296,588,Shamela0012027,139,22,361,183,58
847,18,277,Shamela0036543,81,1308,1513,129,56
847,166,531,Shamela0003055,461,339,696,178,51
847,14,576,Shamela0003055,2879,304,950,303,51
847,166,472,Shamela0003055,3234,1271,1517,142,53
847,14,576,Shamela0011380,189,375,1013,298,50
847,296,588,JK000201,4258,36,338,183,64
848,0,292,Shamela0012094,96,127,450,214,78
848,636,1173,Shamela0012094,96,909,1431,377,84
848,1173,1342,Shamela0012094,97,1385,1558,135,95
848,1342,1558,Shamela0012094,98,0,227,172,94
848,0,292,JK000381,75,11,333,214,78
849,0,589,Shamela0012094,98,227,842,462,92
850,822,1334,Shamela0012094,82,997,1580,383,79
850,1334,1620,Shamela0012094,83,0,297,232,94
851,0,1411,Shamela0012094,83,297,1687,1120,95
851,1411,1706,Shamela0012094,84,0,294,236,93
852,55,254,JK000081,1077,1370,1567,152,91
852,254,523,JK000081,1078,0,278,207,89
852,55,523,Shamela0006947,12852,922,1355,327,85
852,1423,1605,Tafsir01006,4,1340,1526,150,96
852,0,1293,Shamela0012094,84,294,1597,1036,97
852,1293,1605,Shamela0012094,85,0,316,259,98
852,1432,1605,JK000179,6,1336,1553,123,69
852,1432,1605,Shamela0001466,9,712,933,126,69
852,1432,1600,Shia002394Vols,17,1247,1418,128,90
852,1432,1605,Shamela0021715,6706,345,522,143,96
852,1423,1605,Meshkat00042485,72,919,1105,150,96
853,956,1450,JK000081,18,1074,1394,119,24
853,956,1450,Shamela0023606,16,350,674,119,24
853,188,730,Kraken220829164229,7,343,813,330,72
853,78,338,Kraken220727035853,5411,331,593,195,86
853,71,261,Tafsir01006,6,1473,1664,152,90
853,261,730,Tafsir01006,7,0,481,378,96
853,0,1317,Shamela0012094,85,316,1633,1055,97
853,1317,1601,Shamela0012094,86,0,295,229,95
853,78,264,Shamela0001466,13,1433,1626,142,83
853,135,443,JK011712,686,1296,1536,133,48
853,71,298,Meshkat00042485,94,1273,1502,181,92
853,373,730,Meshkat00042485,97,919,1276,286,96
854,0,1348,Shamela0012094,86,295,1664,1086,95
854,1348,1627,Shamela0012094,87,0,376,220,73
855,0,1257,Shamela0012094,87,376,1644,1025,98
855,1257,1653,Shamela0012094,88,0,419,322,94
856,0,1121,Shamela0012094,88,419,1640,909,91
856,1121,1615,Shamela0012094,89,0,351,285,70
857,635,959,JK000576,125,658,1013,193,65
857,641,827,Shamela0000041,900,99,274,137,94
857,631,909,JK000081,10,1167,1415,178,81
857,658,893,Tafsir02102,37,43,291,179,89
857,635,819,Tafsir02102,1731,677,869,132,83
857,635,819,Tafsir07057,1916,696,888,132,83
857,631,909,Shamela0023606,8,490,758,193,87
857,658,889,Shamela0023606,83,842,1086,180,93
857,641,959,Sham19Y0017063,63,112,473,155,41
857,635,753,Sham19Y0122257,253,718,840,91,96
857,635,863,Shamela0012089,11,871,1088,162,88
857,635,827,Sham19Y0014119,23,1125,1321,137,83
857,631,786,Shamela0006947,9302,643,817,104,74
857,631,863,Shamela0021766,1389,11,239,173,91
857,635,959,Shamela0021766,1498,1339,1612,164,64
857,631,909,JK000098,97,609,885,195,84
857,0,1167,Shamela0012094,89,351,1598,931,91
857,1176,1642,Shamela0012094,90,8,473,372,92
857,635,863,Shamela0000248,1,1023,1240,153,78
857,635,827,Sham19Y0016976,201,576,774,142,86
857,635,959,Shamela0025794,851,49,399,194,62
857,631,959,Shamela0036446,29,893,1204,192,69
857,631,877,Shamela0023628,1252,439,663,165,84
857,635,959,Shamela0007597,4,26,441,209,63
857,635,959,Sham19Y0018318,8,518,821,186,65
857,635,959,JK007045,38,296,578,162,64
857,635,827,Shamela0009698,1,594,777,137,89
857,631,959,Shamela0012001,4,757,1148,207,61
857,626,857,Shamela0037325,965,1261,1488,165,87
857,631,909,Shamela0037325,2218,824,1090,192,87
857,658,863,Shamela0037325,2650,521,728,137,75
857,658,801,Sham19Y0023625,2801,1184,1342,107,87
857,635,863,JK000637,2206,387,614,166,87
857,631,769,Sham19Y0020891,5193,118,235,91,84
857,653,959,JK000873,4,0,372,177,58
857,631,844,JK000083,61,1291,1494,149,88
857,635,959,Shamela0003055,372,21,317,214,83
857,635,863,Shamela0009567,672,425,663,167,85
857,658,801,Sham19Y0008889,110,944,1103,105,86
857,658,889,JK000090,17,1066,1310,180,93
858,0,1289,Shamela0012094,90,473,1716,995,93
858,1289,1679,Shamela0012094,91,0,393,320,99
859,0,1000,Shamela0012094,91,393,1337,763,92
860,49,1510,Tafsir02102,4156,361,1468,734,59
860,49,361,JK000382,418,422,724,237,93
860,75,510,JK000381,5284,904,1335,347,97
860,600,929,JK000381,5298,1199,1508,243,92
860,929,1510,JK000381,5299,0,585,448,94
860,600,887,Shamela0011123,22,1223,1493,211,92
861,0,603,JK000381,5299,585,1239,464,89
862,917,1029,Sham19Y0017747,1639,934,1045,70,79
862,780,1661,JK000116,138,748,1118,255,34
862,197,1233,Shamela0023606,401,165,1631,751,59
862,1237,1661,Shamela0023606,402,10,432,335,94
862,197,1160,JK000064,412,212,1640,694,56
862,1173,1661,JK000064,413,6,503,395,97
862,1456,1661,Hindawi073920283,147,1180,1395,168,93
862,197,955,Hindawi073920283,147,279,800,313,50
862,917,1029,Shamela0000347,894,0,111,70,79
862,717,1088,Sham19Y0017437,91,986,1324,231,71
862,917,1029,Shamela0009111,125,1163,1274,70,79
863,781,985,Shamela0000041,2656,149,333,135,80
863,0,310,Shamela0023606,402,432,755,242,92
863,486,903,Shamela0023606,404,1022,1443,332,97
863,903,1573,Shamela0023606,405,0,674,531,95
863,0,310,JK000064,413,503,817,247,97
863,486,820,JK000064,415,1087,1448,267,90
863,820,1573,JK000064,416,0,811,602,90
863,781,1078,Sham19Y0014404,1582,847,1210,187,60
863,781,985,Shamela0023628,3539,262,446,135,80
863,857,1078,Shamela0007597,328,562,886,153,56
863,786,1120,JK000465,4161,0,627,157,28
863,499,1380,ShamAY0033100,1,160,484,214,29
864,0,655,Shamela0023606,405,674,1395,516,85
864,0,655,JK000064,416,811,1550,512,83
864,170,664,Hindawi073920283,148,331,807,240,49
865,468,644,JK009313,3770,1295,1477,132,90
865,472,644,Shamela0010637,285,1132,1308,131,92
865,285,508,ShamAY0037387,368,906,1128,75,30
865,468,644,JK001249,113,820,994,136,96
865,468,644,JK001249,189,1028,1202,138,97
865,654,1110,JK001249,190,248,711,364,97
865,468,644,Sham19Y0023625,1210,297,471,136,96
865,654,922,Sham19Y0023625,1710,1281,1552,213,96
865,922,1110,Sham19Y0023625,1712,59,250,151,98
865,414,840,Kraken220413030905,350,180,680,92,14
865,468,644,ShamAY0034134,832,658,832,136,96
867,826,1538,Shia001111,28,735,1430,547,94
867,310,802,JK009229,1092,452,1018,323,69
867,826,1538,Shia001544Vols,574,774,1469,547,94
867,872,1371,Shia001544Vols,636,1062,1585,396,92
867,1371,1563,Shia001544Vols,637,4,186,140,89
867,329,802,JK000906,6191,314,803,372,94
867,357,802,Shamela0009823,457,97,534,348,97
867,421,802,Shamela0012845,59,504,963,263,67
867,333,802,ShamAY0036182,159,804,1285,300,73
867,872,1015,Tafsir04040,747,1315,1458,114,100
867,551,710,Kraken22021606122303,9,149,307,125,98
867,527,738,Shia001369,12,1025,1234,165,97
868,1371,1525,Sham19Y0014088,29,1288,1452,101,80
868,1277,1475,Shamela0023700,1348,0,274,158,72
868,1311,1515,Shamela0001438,4508,874,1081,143,80
868,1311,1519,Shamela0001438,4509,1297,1521,160,89
868,1250,1525,Sham19Y0017747,2317,549,874,202,76
868,1159,1525,Shamela0002300,10,774,1133,212,62
868,1282,1525,Shamela0002300,56,945,1221,183,84
868,1250,1525,ShamAY0033728,4,677,967,193,79
868,1250,1525,Kraken220218125253,495,586,861,174,74
868,1311,1525,Kraken220218125253,858,518,753,165,88
868,1282,1525,JK000116,159,536,742,148,77
868,1250,1525,Tafsir02102,1529,72,374,202,82
868,1254,1525,JK000071,252,382,683,196,80
868,1311,1515,JK008001,75,81,288,143,80
868,1319,1525,JK008001,809,6,214,163,98
868,1311,1525,JK008001,6186,104,336,167,90
868,1250,1525,JK000360,31,596,885,210,89
868,1259,1525,Sham19Y0017063,1301,712,979,205,94
868,1250,1525,Shamela0008206,493,1061,1358,198,82
868,1311,1525,Sham19Y0127677,2672,1096,1328,165,90
868,1311,1515,Sham19Y0127677,2673,160,367,143,80
868,1291,1525,Sham19Y0122257,2973,327,596,140,63
868,1282,1525,Sham19Y0035312BK2,9,763,1044,182,82
868,1277,1525,Sham19Y0035312BK2,32,948,1246,192,81
868,1250,1525,JK009329,11,1026,1337,200,79
868,1254,1525,JK000140,834,1053,1341,207,89
868,1250,1525,Shamela0010517,2017,237,543,200,80
868,1401,1525,JK007104,422,1063,1193,96,94
868,1250,1525,Sham19Y0014119,501,264,540,212,95
868,1360,1525,ShamIbadiyya0000050,2237,587,754,128,97
868,1235,1525,Shamela0021766,697,1059,1345,212,90
868,1287,1525,Shamela0021524,94,587,851,182,86
868,1277,1525,Shamela0021537,3975,362,588,155,78
868,1407,1525,Sham19Y0029676,512,0,119,90,97
868,1250,1525,Kraken22021606122302,70,781,1084,208,85
868,1407,1525,JK000123,1437,0,120,89,95
868,1282,1525,ShamAY0035000,22,953,1234,175,78
868,1250,1525,Kraken22021606123002,15,490,1183,190,33
868,1250,1525,JK000600,2,458,754,194,81
868,1263,1523,ShamAY0032918,3,433,692,184,84
868,1395,1525,Sham19Y0016976,1543,0,132,101,97
868,1277,1525,JK001000,10,150,425,179,80
868,1250,1525,JK001412,291,953,1250,196,81
868,1250,1525,Shamela0036446,1054,555,847,210,89
868,1250,1525,Shamela0023628,1116,884,1179,205,86
868,1259,1525,Shamela0012836,6,574,858,193,83
868,1277,1525,JK000216,28,1138,1478,181,67
868,1311,1523,Tafsir03033,212,747,962,166,97
868,1319,1525,Shamela0095735,562,69,277,161,97
868,1319,1475,JK001249,372,6,225,125,71
868,1282,1525,Shamela0004473,5658,47,338,180,78
868,1250,1478,Shamela0004473,8322,1359,1599,165,84
868,1250,1525,Shamela0004473,13998,620,902,181,74
868,1250,1525,Shamela0004473,17149,378,677,197,81
868,1250,1523,Sham19Y0148531,223,661,942,197,85
868,1291,1525,JK009390,2902,256,518,171,82
868,1291,1515,JK009390,2990,343,578,148,75
868,1319,1523,JK009141,1057,21,227,160,98
868,1250,1525,Sham19Y0023618,546,311,600,200,85
868,1250,1525,Sham19Y0145212,3162,1167,1443,212,95
868,1277,1525,Shamela0001466,688,928,1161,165,83
868,1311,1525,Shamela0007597,161,0,231,166,90
868,1277,1525,Rafed0003726Vols,1799,1070,1321,175,83
868,1250,1525,Shamela0012014,27,185,487,200,81
868,1250,1475,ShamAY0034500,3,725,966,150,75
868,1259,1525,Shamela0011244,37,637,916,193,85
868,1250,1525,JK007045,773,531,792,197,88
868,1250,1525,ShamIbadiyya0000109,7749,519,804,197,83
868,1254,1525,Sham19Y0148529,281,481,795,196,77
868,1254,1525,Shamela0023423,312,1119,1420,205,84
868,1401,1525,Shamela0023423,316,876,1114,94,50
868,206,736,EScr20120913,89,567,1150,320,61
868,1250,1525,Shamela0000782,857,1033,1325,210,89
868,1287,1523,Tafsir07055,972,191,431,112,48
868,1277,1523,MMS00020,111,850,1133,177,80
868,1311,1475,Shamela0021659,1540,1243,1422,129,89
868,1250,1525,Shamela0037458,1093,222,516,209,88
868,1356,1525,Sham19Y0023625,2894,843,1029,131,89
868,1240,1525,JK001336,118,832,1151,204,78
868,1250,1525,JK000146,178,235,542,210,84
868,1254,1525,PV2024060602,6619,765,1053,207,89
868,1311,1525,JK009274,1113,424,656,161,88
868,1401,1523,Tafsir04040,232,63,185,95,100
868,1401,1525,Tafsir04040,1764,329,458,97,96
868,1277,1525,Tafsir09084,2485,18,272,183,86
868,1254,1525,Sham19Y0018568,83,345,648,204,83
868,1319,1525,ShamAY0034320,1,1151,1359,161,97
868,1254,1478,Sham19Y0017745,87,1323,1572,163,79
868,1254,1525,JK000100,8,1098,1379,191,82
868,1254,1525,Sham19Y0008889,209,232,531,197,81
869,1038,1276,JK009237,2359,52,282,170,83
869,1048,1276,JK009237,2360,0,220,162,83
869,311,1014,JK000906,4967,315,1033,542,93
869,993,1276,Shamela0009943,447,701,1023,200,76
869,315,856,Shamela0023591,4167,265,775,275,57
870,264,1166,JK000906,5450,152,1061,707,94
870,1243,1591,JK000906,7086,0,351,279,95
870,1187,1591,Shamela0009943,446,1083,1495,320,93
870,1202,1591,Shamela0009943,459,0,399,311,94
870,1187,1591,Shamela0012027,178,450,866,325,95
871,806,1037,JK000906,7085,1327,1543,175,92
871,0,770,JK000906,7086,351,1118,628,99
871,1143,1612,JK000906,11182,547,1009,357,94
871,68,770,Shamela0009943,447,0,695,571,98
871,800,1037,Shamela0009943,458,1311,1538,179,90
871,0,151,Shamela0009943,459,399,551,121,98
871,800,1037,Shamela0012027,178,228,450,181,93
872,0,979,Shamela0006947,2158,598,1601,747,88
872,979,1475,Shamela0006947,2159,0,486,389,97
872,0,524,JK000906,7404,1051,1579,410,91
872,524,1500,JK000906,7405,0,978,739,89
873,1002,1289,JK000576,21,829,1116,218,91
873,1002,1289,Shamela0023700,1669,1160,1443,214,89
873,1002,1289,Shamela0001438,6370,485,775,218,89
873,1008,1289,Tafsir04003,3133,957,1264,202,77
873,1002,1211,JK007043,626,1227,1451,159,86
873,1002,1289,JK007043,1989,945,1266,213,83
873,1123,1289,Shamela0021493,222,0,172,130,96
873,1002,1289,JK008001,4007,944,1233,218,89
873,981,1301,Tafsir07057,2528,103,421,239,93
873,47,405,Tafsir07057,4432,1064,1371,249,85
873,1008,1289,Tafsir02091,1644,54,328,182,74
873,1002,1289,ShamAY0034059,4880,929,1224,195,77
873,1002,1188,Sham19Y0146127,2901,1263,1443,140,89
873,1191,1289,Sham19Y0146127,2902,7,105,77,100
873,1097,1289,ShamIbadiyya0000193,3164,0,196,114,62
873,1002,1289,Sham19Y0127677,4248,532,821,218,89
873,1002,1255,Shamela0012981,378,468,709,182,89
873,1002,1289,Shamela0001524,2895,766,1046,204,83
873,1094,1289,JK009313,2116,0,200,143,87
873,1002,1289,Shamela0021765,1642,963,1260,214,85
873,1002,1289,JK000130,885,503,799,204,79
873,1039,1274,Sham19Y0009800,1003,891,1187,154,63
873,1002,1289,Sham19Y0029560,76,484,766,199,81
873,1002,1289,JK000264,1946,18,314,204,79
873,1008,1289,ShamAY0033108,1405,731,1005,182,74
873,981,1519,JK000906,4082,768,1540,427,68
873,1008,1289,JK000906,8352,547,859,203,77
873,47,724,JK000906,9372,609,1272,531,96
873,1002,1289,Shamela0009702,337,255,533,211,88
873,1002,1289,JK006838,1058,630,916,211,86
873,0,760,Shamela0009943,446,308,1083,596,94
873,1002,1199,Shamela0012862,444,1271,1463,140,82
873,1002,1289,ShamAY0033910,877,1018,1313,204,79
873,1002,1289,Sham19Y0017729,259,1154,1432,207,84
873,1112,1289,Rafed0002209Vols,1735,6,172,123,86
873,1002,1295,Sham19Y0145435,5336,348,635,217,88
873,1002,1289,JK000533,1707,1181,1461,205,83
873,1002,1289,JK000585,1110,470,767,221,89
873,1008,1289,Shia001432Vols,2592,180,469,204,83
873,1019,1289,Shia001432Vols,7131,0,267,199,87
873,47,724,Sham19Y0023608,3387,598,1276,536,96
873,1002,1289,JK009336,2275,1148,1426,205,85
873,1002,1289,JK000370,90,507,802,203,78
873,1068,1289,JK000916,10915,15,251,170,89
873,1002,1289,JK000916,15740,998,1334,219,78
873,1002,1289,Shamela0012884,2530,587,883,220,89
873,1002,1289,ShamAY0034282,1270,584,886,221,90
873,1002,1199,Shamela0036446,876,1340,1525,136,79
873,989,1289,Shamela0021821,1455,605,890,205,81
873,1002,1289,JK009137,2893,348,655,203,80
873,999,1289,Shamela0004473,10915,714,1017,212,83
873,1002,1179,JK000469,1428,1228,1419,141,90
873,1002,1289,JK009390,5654,21,311,218,89
873,1123,1289,Sham19Y0131521,3631,6,174,127,94
873,1002,1289,Shamela0004445,1947,591,879,209,85
873,1002,1289,Shamela0012415,703,796,1106,219,85
873,1002,1295,Shamela0021570,205,778,1050,206,86
873,1002,1289,Tafsir09050,3234,372,661,167,60
873,1002,1255,ShamAY0033053,326,762,1014,177,82
873,1068,1289,Meshkat00042485,5187,635,883,171,87
873,1002,1289,JK000786,4182,40,332,220,90
873,1002,1289,JK000475,737,521,815,204,79
873,1002,1274,Sham19Y0127713,1074,1127,1381,188,84
873,415,724,Shamela0037325,2568,350,642,230,91
873,415,724,Shamela0037325,2595,202,494,229,91
873,1002,1289,JK000485,188,1108,1396,221,91
873,981,1215,JK000465,1667,1302,1554,175,85
873,1002,1248,JK000754,1617,1291,1523,167,80
873,1123,1289,Shamela0003118,4616,0,168,127,94
873,1002,1289,Shamela0010480,482,1128,1438,219,85
873,1002,1268,Shamela0010480,483,1171,1449,210,94
873,1002,1289,Shamela0001875,1205,824,1092,198,82
873,1002,1295,JK000637,2008,679,964,217,89
873,1002,1289,PV2024060602,7966,661,957,204,79
873,1002,1157,JK000484,5396,1314,1467,117,86
873,1157,1289,JK000484,5397,0,137,102,95
873,1002,1289,Masaha001838,36,1043,1320,204,83
873,1002,1289,JK001492,1076,467,741,193,76
874,778,1139,JK000906,3402,159,519,288,99
874,0,638,JK000906,4083,8,629,497,95
874,0,608,Shamela0009943,459,742,1352,483,98
874,894,993,JK000113,55,835,934,76,97
874,894,1150,JK001138,161,292,609,78,25
874,638,998,Tafsir09083,492,469,931,239,64
874,894,993,Shamela0012398,300,287,386,78,100
874,894,993,Sham19Y0020762,1813,458,557,78,100
874,894,993,Shamela0003583,29,420,519,78,100
874,0,536,Sham19Y0023608,1794,584,1012,340,79
874,894,998,Shia004021,174,342,494,80,66
874,894,993,Sham19Y0021505,291,472,571,78,100
874,0,376,Shamela0012027,178,1181,1556,297,99
874,376,608,Shamela0012027,179,0,232,186,96
874,894,993,Shamela0007473,19,5,104,78,100
874,894,1150,Masaha001075,337,527,765,80,38
874,894,993,Shamela0023789,627,1341,1440,78,100
874,632,858,JK009268,2085,269,640,93,26
874,876,993,Hindawi030536269,863,621,736,83,90
874,798,993,Sham19Y0020891,2234,315,487,120,77
875,1252,1423,Sham19Y0038155,297,1413,1583,137,97
875,1423,1604,Sham19Y0038155,298,0,183,149,98
875,365,608,Sham19Y0036540,579,1037,1327,195,82
876,0,960,Sham19Y0038155,298,183,940,600,77
877,622,894,Shamela0037325,2467,1219,1491,218,100
879,1022,1378,Shamela0001000,764,12,370,274,96
879,1022,1378,Shamela0011790,690,26,383,269,95
879,952,1378,JK000298,2802,779,1182,286,84
879,1022,1378,Kraken22041319410300,276,16,343,164,48
879,1085,1378,ShamAY0034059,7049,0,139,103,44
879,1022,1378,Shamela0007435,704,1009,1364,273,97
879,1022,1378,JK001325,366,637,999,276,96
879,1022,1378,Shia001391,13,1205,1556,274,96
879,1022,1378,JK003609,4566,774,1130,261,93
879,1022,1131,Shamela0006744,428,1546,1654,85,99
879,1131,1378,Shamela0006744,429,0,248,185,93
879,1022,1378,Shia003764Vols,627,977,1335,275,96
879,952,1373,JK009229,82,784,1213,277,78
879,1008,1378,Shamela0001002,518,487,870,283,92
879,1022,1378,Hindawi081316951,307,388,746,273,96
879,1022,1378,JK000418,345,468,1273,240,38
879,1022,1378,Sham19Y0000259,383,593,949,274,96
879,1022,1117,Sham30K0033307,121,1483,1577,74,98
879,1022,1177,Sham30K0033307,330,1244,1399,117,97
879,1022,1177,Sham30K0033307,539,1014,1169,117,97
879,906,1323,Shamela0012398,1223,1134,1526,215,56
879,1008,1378,Shamela0010479,4,787,1112,222,76
879,1022,1378,Shamela0006730,196,645,1001,278,98
879,1055,1378,JK007014,168,0,328,209,69
879,1022,1378,JK007062,55,105,461,275,97
879,1022,1378,Sham19Y0132974,79,19,375,272,96
879,898,1378,ShamAY0037021,311,656,1085,300,75
879,1074,1378,Shamela0004445,5855,0,306,234,96
879,1022,1378,Shamela0027084,146,327,685,275,97
879,1022,1191,JK010658,108,1462,1631,129,97
879,1191,1378,JK010658,109,0,187,145,96
879,1008,1378,ShamAY0033741,43,5,368,275,93
879,1003,1378,Shia001400,62,103,481,276,92
879,1022,1323,ShamAY0033552,5,1285,1588,230,96
879,1022,1378,JK010550,136,510,865,265,94
879,1022,1378,Shamela0009091,1071,21,380,274,95
879,1022,1378,Masaha001075,336,1039,1396,277,97
879,1074,1378,JK001336,849,0,304,237,98
879,1022,1378,ShamAY0032251,66,944,1276,245,87
879,1022,1342,ShamAY0034018,74,1293,1617,235,93
880,707,1523,JK007641,204,479,1364,618,87
880,779,1523,Zaydiyya0000236,116,429,664,170,27
880,475,632,ShamAY0005375,164,116,383,107,51
880,166,386,Shamela0001242,180,312,535,148,81
880,530,632,Shamela0000623BK1,77,1178,1318,80,72
880,530,632,JK000037,1,667,772,80,97
880,172,434,Kraken220208041038,271,994,1256,198,96
880,166,386,Shia003764Vols,368,953,1191,150,77
880,475,584,JK009229,322,437,605,86,64
880,172,430,Sham19Y0023644,7170,1299,1505,148,73
880,172,434,Sham19Y0014483,87,19,229,150,74
880,172,386,Sham19Y0000259,575,729,889,107,65
880,475,632,Sham19Y0000259,625,167,493,123,47
880,800,1523,Sham19Y0000259,768,0,311,233,39
880,797,1523,Sham19Y0038155,6,0,312,230,38
880,475,632,Sham19Y0038155,155,482,852,124,42
880,172,434,Shamela0012406,4118,813,1021,151,74
880,475,632,Sham19Y0021505,418,1143,1466,121,47
880,172,434,Shamela0004445,5705,1274,1482,151,74
880,475,584,JK009306,233,870,1039,86,64
880,177,434,Kraken220413194105,1551,19,277,185,88
880,181,434,Kraken220413194105,2308,1090,1346,181,88
880,172,434,Shamela0023764BK4,22,536,744,151,74
880,788,1523,Hindawi085205353,102,981,1303,237,39
880,166,386,Sham19Y0014197,461,199,438,151,78
880,172,434,Shia001369,18,1165,1323,115,56
880,475,632,JK009365,206,1058,1585,122,29
880,172,434,Shamela0006739,905,379,642,199,97
880,788,1523,JK007540,16,401,679,206,34
881,112,1379,JK007641,205,0,1388,931,84
881,84,1456,Zaydiyya0000236,116,664,1501,375,31
881,84,1456,Sham19Y0000259,768,311,826,367,34
881,84,1456,Sham19Y0038155,6,312,875,417,38
881,247,661,Kraken220413194105,69,1301,1468,82,26
881,84,531,Hindawi085205353,102,1303,1509,157,44
881,757,1456,Hindawi085205353,103,0,300,212,38
881,242,1068,JK007540,16,700,942,122,19
882,0,880,JK007641,206,103,1235,652,71
882,994,1112,Shamela0001000,1428,826,944,78,77
882,1011,1112,Zaydiyya0000062,32,277,378,75,88
882,313,880,Zaydiyya0000236,117,46,383,165,34
882,1011,1112,Sham19Y0036072,122,439,540,75,88
882,1004,1112,JK006907,239,206,314,81,94
882,994,1220,Sham19Y0127698,567,513,686,115,60
882,1011,1112,Tafsir05047,7,432,533,75,88
882,1004,1366,Shia003764Vols,606,569,734,125,43
882,1011,1370,ShamIbadiyya0000050,253,433,856,184,50
882,1004,1366,JK009229,239,373,704,125,30
882,1011,1112,JK001496,93,388,489,75,88
882,1004,1118,Shamela0029677,876,187,301,83,92
882,994,1366,Shamela0012398,1094,481,656,127,42
882,994,1118,Rafed0002209Vols,2024,1407,1531,83,78
882,1011,1112,Shia002378,223,743,844,75,88
882,983,1118,Shamela0004445,5542,863,1008,96,84
882,1011,1118,Shia003961Vols,151,428,534,85,99
882,1011,1112,JK010771,192,761,862,79,98
882,1011,1145,Shamela0021536,176,399,528,92,85
882,994,1112,Shamela0009091,952,885,1003,77,76
882,1011,1112,Shamela0037345,137,528,629,75,88
882,1011,1366,JK001336,604,323,684,160,44
882,1011,1112,Sham19Y0020891,384,24,125,75,88
882,1011,1366,JK006851,492,761,919,118,41
882,1011,1112,JK009365,576,1156,1257,75,88
883,10,1242,Shia001372,167,32,1388,584,48
883,0,272,Shia001362Vols,112,1150,1441,172,70
883,272,1396,Shia001362Vols,113,0,1161,672,63
883,0,1051,Zaydiyya0000474,258,261,1374,553,55
883,1055,1389,Zaydiyya0000474,259,18,467,154,36
883,10,879,Shia001432Vols,27880,462,1400,421,51
883,797,1394,Shia001432Vols,27881,0,562,281,50
883,13,1346,Shia001432Vols,29584,0,1411,886,73
883,289,698,Shia001432Vols,30352,0,476,242,61
883,193,1012,Shia001432Vols,30434,6,837,378,49
883,0,619,Shia001432Vols,30490,800,1519,285,46
883,0,773,Shia001432Vols,30592,643,1422,478,69
883,813,1396,Shia001432Vols,30593,0,666,349,59
883,0,547,Shia000042,385,828,1406,346,72
883,547,1396,Shia000042,386,0,920,468,54
883,0,407,JK009241,493,991,1418,276,79
883,407,1396,JK009241,494,0,990,690,82
883,0,414,JK009298,162,1069,1507,273,74
883,414,1396,JK009298,163,0,996,686,79
883,92,1012,Shia001367,119,168,1164,463,51
883,159,1355,Masaha001075,527,0,1356,696,58
883,121,1204,Zaydiyya0000024,66,0,1079,546,54
884,982,1085,JK003502,1056,364,468,80,98
884,982,1085,JK000081,339,1222,1325,81,100
884,982,1085,Shamela0006947,11858,346,449,81,100
884,982,1085,JK010753,73,113,645,81,19
884,982,1093,Hindawi082959503,159,308,472,84,65
884,982,1085,Shamela0004445,5312,530,633,81,100
884,982,1089,JK000385,88,1230,1339,81,94
884,944,1085,Shamela0008473,131,1344,1463,89,80
884,944,1089,Shamela0008473,2080,602,749,89,78
884,982,1085,JK010754,68,544,889,80,29
884,982,1089,Shamela0028175,21,1383,1538,83,68
884,982,1085,Shamela0012293,1984,878,981,81,100
884,982,1085,Shamela0012293,2335,150,253,81,100
884,755,1264,JK000100,424,261,770,401,98
886,1131,1354,Shamela0011354,41,1228,1447,177,96
886,1367,1602,Shamela0011354,82,45,262,170,89
886,1131,1398,Shamela0009859,89,1123,1346,157,72
886,1131,1354,Shamela0012094,127,1254,1472,175,95
886,845,1071,Shamela0012094,222,21,255,174,92
886,1131,1354,JK000367,289,1264,1483,177,96
886,1367,1602,JK000367,335,611,852,169,81
886,1131,1315,Shia004519,43,572,756,149,98
886,1131,1503,Shamela0007554,9,1096,1429,194,63
886,1131,1370,Kraken220413194118,653,673,890,162,80
886,1131,1503,Shamela0003055,3244,1007,1336,189,61
887,0,1349,Shamela0011354,82,262,1160,624,54
887,119,1458,Shamela0009859,94,679,1554,686,63
887,0,837,JK000367,335,852,1618,608,89
887,837,1538,JK000367,336,0,815,556,84
887,334,913,Shamela0008381,244,39,272,185,40
887,1020,1354,Shamela0007597,44,1188,1594,244,68
887,116,753,Shamela0007663,94,1017,1584,454,87
887,758,1044,Shamela0007663,95,0,646,225,43
887,999,1538,JK000376,146,707,1194,172,30
887,1015,1206,Shamela0003055,2695,1248,1441,135,77
888,579,868,JK011153,400,100,396,164,66
888,663,833,Shamela0098087,38,163,342,131,91
888,663,833,Shamela0001438,4011,283,450,132,96
888,663,833,Shamela0001438,7793,271,438,123,83
888,674,833,Sham19Y0017747,1057,893,1057,121,86
888,674,833,JK007127,55,504,663,127,99
888,620,833,ShamAY0033728,75,1222,1455,146,71
888,663,833,Shamela0010283,1170,381,548,131,96
888,0,295,JK000116,166,1085,1322,126,44
888,0,304,Tafsir02102,1343,1007,1307,212,83
888,663,833,JK008001,5947,1114,1280,134,97
888,674,833,Sham19Y0147311,23,1207,1366,128,100
888,579,833,JK000105,512,10,267,154,69
888,579,833,Shamela0010908,53,693,1102,161,47
888,598,828,ShamIbadiyya0000193,818,949,1157,152,80
888,663,833,Sham19Y0127677,2221,325,492,132,96
888,663,833,Sham19Y0127677,5471,773,940,123,83
888,663,833,JK000487,239,1264,1431,131,96
888,0,304,Sham19Y0016953Vols,812,70,380,216,83
888,579,833,JK000943,24,197,458,162,75
888,0,304,Shamela0008532,29,765,1065,212,84
888,674,833,Sham19Y0038171,812,1271,1435,126,94
888,579,833,Shamela0008970,23,220,462,151,70
888,663,868,Shamela0021765,360,380,589,141,77
888,0,304,Shamela0006947,8490,860,1164,216,85
888,588,828,Shamela0006947,15214,890,1148,177,79
888,0,304,Shamela0006947,15556,219,429,132,49
888,112,304,AOCP20251104081,782,0,197,131,81
888,588,833,JK000383BK1,28,387,637,182,86
888,663,833,Hindawi081316951,289,797,973,131,93
888,593,828,JK000906,2406,640,883,173,80
888,558,833,JK005202,306,406,813,162,48
888,598,833,JK000355,14,122,356,172,85
888,0,295,Shamela0009943,439,401,660,162,64
888,579,828,Shamela0009943,455,610,833,170,83
888,163,1531,Shamela0009859,95,8,623,425,38
888,0,304,JK006950,1589,507,813,214,85
888,602,754,JK006950,2000,1382,1537,105,76
888,674,833,Shamela0007360,80,900,1058,126,98
888,579,833,JK000148,348,491,873,163,50
888,598,833,Shamela0012094,158,144,379,172,85
888,9,295,Sham19Y0023608,983,1362,1468,80,35
888,663,833,Shamela0025794,2023,826,992,134,97
888,0,350,Shamela0007625,31,1237,1488,131,44
888,674,824,Shamela0023695,1217,1395,1549,114,85
888,579,833,Shamela0007664,244,594,856,159,73
888,579,818,Shamela0001453,211,1185,1411,147,76
888,674,833,Zaydiyya0000142,1549,255,419,121,86
888,0,304,JK000381,141,919,1223,216,85
888,719,828,JK000381,202,0,109,87,100
888,588,805,JK000381,237,1346,1565,163,86
888,0,304,JK000381,241,859,1145,207,85
888,20,304,JK000381,7287,0,286,198,84
888,708,833,JK000381,7699,0,125,100,100
888,588,828,Shamela0011730,16,1038,1297,177,79
888,579,833,JK000386,1150,1012,1255,161,73
888,579,833,Sham19Y0132416,95,547,812,151,68
888,0,667,JK000367,336,815,1504,530,95
888,667,1531,JK000367,337,0,897,668,89
888,663,833,JK009390,2425,216,383,132,96
888,663,856,JK009390,5876,942,1165,136,70
888,593,828,Shamela0012027,174,1017,1257,173,83
888,0,350,Shamela0012027,191,362,619,131,43
888,0,723,Shamela0007597,357,737,1136,246,39
888,0,304,Shamela0004482,825,507,794,198,76
888,674,833,JK000001,638,567,774,126,75
888,674,833,Sham19Y0014153,65,1122,1281,128,100
888,598,828,Tafsir09050,838,1056,1264,152,80
888,579,833,JK000675,112,248,507,160,70
888,674,833,JK006883,1,654,813,128,100
888,607,833,JK000786,3022,795,1069,146,63
888,0,299,JK000176,894,321,594,84,31
888,0,304,JK000376,45,1027,1330,212,83
888,579,828,JK000376,107,638,867,167,84
888,588,833,JK000376,143,1004,1253,186,88
888,0,304,JK000376,146,1194,1480,207,85
888,0,284,ShamAY0036141,29,484,706,113,46
888,607,833,Shamela0012843,11,809,1034,155,84
888,616,833,Sham19Y0023625,427,822,1264,153,41
888,674,833,ShamAY0038405,52,930,1095,121,86
888,579,833,JK000154,381,140,384,157,74
888,0,304,Shamela0011079,97,517,813,209,84
888,6,295,Shamela0003055,475,354,659,164,58
888,0,304,Shamela0003055,2655,337,633,213,86
888,0,538,Shamela0003055,2694,427,1175,416,68
888,66,304,Shamela0003055,2886,0,213,146,75
888,663,828,JK009324,498,187,347,124,93
888,667,833,Kraken220204081839,175,39,211,129,93
888,616,833,JK000287,8,273,518,144,74
888,0,253,Shamela0011380,195,1313,1538,159,76
888,579,833,JK000787BK1,21,1218,1468,159,75
888,579,833,ShamAY0034134,155,727,990,163,72
889,369,609,Kraken220413194022,2949,296,536,153,70
889,365,609,JK000350,231,528,753,141,68
889,365,609,JK000365,581,663,875,133,60
889,369,609,JK000365,1537,397,676,168,71
889,386,609,JK000081,677,1020,1276,159,78
889,411,609,JK007106,11,9,258,108,51
889,421,609,Shia003488Vols,306,726,913,131,82
889,369,609,Sham19Y0016953Vols,339,75,330,171,79
889,365,609,Sham19Y0016953Vols,384,241,459,164,84
889,369,609,Sham19Y0016953Vols,564,787,1014,168,84
889,369,609,Sham19Y0016953Vols,700,876,1084,160,84
889,382,609,Sham19Y0016953Vols,997,1197,1358,125,70
889,471,622,Sham19Y0016953Vols,1030,0,139,108,89
889,369,609,JK000374,162,158,395,155,72
889,181,609,JK000064,376,356,714,190,45
889,181,609,JK001414,428,948,1240,192,56
889,177,609,JK000355,14,477,805,190,52
889,15,1184,Shamela0009859,95,619,1514,669,68
889,177,609,JK006950,2001,200,533,190,52
889,369,609,JK006950,2048,1129,1351,159,80
889,382,593,Shamela0010488,352,1245,1471,134,73
889,177,609,Shamela0012094,158,500,800,173,50
889,382,606,JK000474,3912,675,932,149,71
889,382,603,JK000474,3946,732,1003,146,69
889,441,609,Sham19Y0127656,19,267,516,121,61
889,382,609,JK000022,2898,191,364,119,66
889,382,593,Shamela0025794,4222,193,381,141,82
889,441,609,JK000916,23111,244,507,107,49
889,405,609,JK000381,51,1067,1227,125,78
889,263,650,JK000381,149,76,412,201,64
889,369,609,JK000381,2620,1200,1455,162,72
889,365,609,JK000381,2880,793,1072,168,73
889,421,609,JK000381,3430,1084,1270,147,98
889,427,609,JK000381,5563,221,401,142,98
889,177,609,JK000381,7699,246,579,190,52
889,369,609,JK000381,7746,1280,1502,159,80
889,15,725,JK000367,337,893,1527,500,87
889,725,1506,JK000367,338,21,825,617,93
889,382,609,JK000367,369,449,667,161,86
889,382,609,Shamela0001466,504,70,307,143,72
889,259,609,Shamela0004445,7094,748,1251,162,35
889,177,609,JK000082,570,127,630,225,45
889,263,650,JK000376,53,296,630,194,60
889,369,609,Shamela0012769,59,403,623,165,85
889,435,609,JK000063,30,393,531,108,79
889,430,609,Shamela0021499,28,0,177,140,98
889,462,609,JK001032,27,7,154,114,98
889,157,577,JK000146,151,1242,1541,198,58
889,1204,1312,JK000146,152,79,189,83,94
889,382,606,JK000637,48,296,596,128,53
889,535,1376,Shamela0003055,2695,0,649,477,68
889,224,609,Shamela0096337,179,0,325,180,47
889,369,609,JK000087,24,185,417,153,77
890,698,882,Shamela0030868,128,263,432,126,84
890,0,1508,Shamela0009859,96,205,1431,982,80
890,698,865,Shamela0007664,246,886,1054,129,96
890,698,865,Shamela0011353,226,1076,1245,126,93
890,0,720,JK000367,338,825,1571,573,94
890,720,1601,JK000367,339,0,858,685,93
890,865,1470,Shamela0012027,340,679,1250,465,93
890,698,906,Shamela0007663,88,1085,1298,136,80
890,165,532,Shamela0012293,1290,91,328,178,57
890,878,1470,Shamela0011079,78,347,816,371,74
890,47,601,Shamela0003055,2695,663,1066,286,61
890,949,1601,Shamela0003055,2696,298,924,453,79
890,949,1152,Shamela0003055,2883,558,990,158,44
890,949,1152,Shamela0011380,193,539,971,158,44
891,932,1074,JK009158,243,876,1292,94,27
891,1208,1469,Shamela0023606,187,1127,1352,143,66
891,644,1414,Shamela0011354,82,1164,1396,181,29
891,892,1074,Shamela0021537,2528,1358,1568,130,76
891,892,1074,Shamela0021537,3125,335,509,129,88
891,885,1074,Shamela0021537,5327,74,247,129,85
891,892,1074,Shamela0021537,6335,1327,1537,130,76
891,1208,1469,JK000064,493,482,709,144,66
891,1208,1448,JK000381,3605,893,1092,146,75
891,0,771,JK000367,339,858,1624,620,98
891,771,1645,JK000367,340,0,839,679,94
891,892,1074,Shamela0037325,2966,517,727,130,76
892,0,1368,Shamela0009859,97,54,566,350,30
892,0,752,JK000367,340,839,1633,584,87
892,752,1605,JK000367,341,0,987,684,84
892,467,862,Shamela0007597,313,136,541,265,69
893,1319,1484,Tafsir02102,3327,114,280,139,99
893,1126,1385,Shamela0011354,83,0,181,144,69
893,1053,1484,Shamela0009859,97,1142,1438,235,67
893,0,570,JK000367,341,987,1561,442,95
893,570,1484,JK000367,342,0,945,716,93
893,1040,1364,Shamela0012027,340,1262,1585,251,95
894,0,1297,Tafsir02102,3327,280,1581,1034,97
894,1297,1538,Tafsir02102,3328,0,242,193,99
894,181,1538,Shamela0011354,83,181,1304,884,80
894,254,1153,Shamela0009859,98,0,550,403,56
894,29,302,Shamela0007625,33,1276,1548,214,94
894,368,1538,Shamela0007625,34,0,1152,910,95
894,870,1157,Shamela0007664,248,1254,1523,210,91
894,1157,1538,Shamela0007664,249,0,398,305,94
894,877,1538,Shamela0011353,228,423,994,443,82
894,0,597,JK000367,342,945,1560,483,96
894,597,1538,JK000367,343,0,943,740,96
894,0,1408,Shamela0012027,341,121,1538,1122,98
894,1408,1538,Shamela0012027,354,1001,1132,107,99
894,915,1297,Shamela0008381,247,648,953,150,42
894,932,1195,Shamela0007597,354,1054,1251,79,31
894,870,1538,Shamela0007663,75,245,905,525,97
894,920,1378,JK000376,90,1335,1603,138,38
894,15,1254,Shamela0011079,93,406,1515,862,84
894,1254,1538,Shamela0011079,94,0,275,210,88
894,162,1338,Shamela0003055,2697,639,1543,608,59
895,773,1339,ShamAY0033623,26,663,1234,155,22
895,762,1040,Sham19Y0001729,393,451,825,158,52
895,762,1040,Shamela0001438,6070,1169,1513,165,56
895,1034,1566,Shamela0001438,7290,255,1182,413,54
895,1034,1423,Shamela0001438,8353,902,1273,281,88
895,1288,1566,Shamela0001438,8354,35,296,204,90
895,1091,1566,JK000326,8,0,993,374,46
895,1034,1152,ShamAY0038083,51,1415,1536,94,95
895,1152,1566,ShamAY0038083,52,0,887,324,44
895,762,1435,ShamAY0038083,75,647,934,169,29
895,1023,1213,Kraken230106005528,1014,1264,1485,129,72
895,762,1040,Shamela0001304,22,738,1081,164,55
895,0,518,Tafsir02102,3328,242,778,412,94
895,1034,1205,Shamela0009631,117,1407,1584,128,88
895,1213,1566,Shamela0009631,118,0,786,264,41
895,1034,1566,JK008001,5824,163,1271,403,44
895,807,1040,JK008001,5835,0,298,137,52
895,762,967,Sham19Y0016934,1128,1177,1458,100,44
895,1034,1157,JK000624,93,1319,1442,91,90
895,1288,1566,JK000624,94,657,988,208,76
895,1034,1566,Sham19Y0013252,4001,345,1337,416,51
895,1023,1427,Shamela0000107,305,1201,1652,199,53
895,783,997,Shamela0000107,306,0,507,118,30
895,1034,1417,Sham19Y0018103,1634,1073,1444,279,88
895,1288,1566,Sham19Y0018103,1635,223,514,204,81
895,762,1040,Sham19Y0127677,4065,815,1159,165,56
895,1034,1179,Sham19Y0127677,5066,1265,1412,111,90
895,1179,1566,Sham19Y0127677,5067,0,773,302,47
895,1034,1566,JK000080,1,316,1355,422,50
895,1034,1423,JK000080,881,45,417,290,91
895,1034,1405,JK000110,560,732,1528,291,44
895,1405,1566,JK000110,561,29,191,128,96
895,0,252,Shamela0011354,83,1304,1527,181,88
895,252,762,Shamela0011354,84,0,389,312,75
895,1410,1566,Shamela0010517,1379,183,336,121,94
895,1034,1400,JK009245,357,911,1267,279,93
895,1288,1566,JK009245,358,136,430,206,82
895,1040,1423,JK000383BK1,29,739,1575,299,43
895,1016,1410,Shamela0021537,1519,973,1340,210,61
895,853,1508,Shamela0021537,1520,18,372,177,31
895,1034,1259,Shamela0021537,1753,1318,1545,175,93
895,1259,1566,Shamela0021537,1754,0,763,241,39
895,848,1417,Shamela0021537,2013,1151,1430,133,28
895,762,1339,JK009216,26,531,1145,163,22
895,1107,1427,ShamAY0035035,6136,7,536,232,53
895,1034,1230,Sham19Y0016584,1794,1317,1515,151,92
895,1230,1417,Sham19Y0016584,1795,0,172,128,83
895,1288,1566,Sham19Y0016584,1795,1203,1497,207,83
895,1288,1503,Sham19Y0016584,1796,103,571,92,24
895,1040,1566,JK006478,5891,615,1523,366,48
895,721,1001,Shamela0012828,26,1131,1473,138,47
895,0,683,Shamela0009943,413,401,1116,523,86
895,113,668,Shamela0009859,98,575,984,324,72
895,1034,1566,Shia002069Vols,764,304,1326,412,49
895,1288,1566,Sham19Y0018106,1638,894,1184,204,81
895,1034,1417,Sham19Y0018106,1638,196,567,279,88
895,1288,1566,Kraken230110004547,528,988,1276,195,79
895,1034,1423,Kraken230110004547,528,132,685,286,63
895,1034,1417,Shamela0011755,580,806,1248,278,74
895,1288,1566,Shamela0011755,581,0,288,202,81
895,1450,1566,Sham19Y0127656,261,0,165,90,68
895,1023,1400,JK007070,593,459,827,282,91
895,634,1372,JK007070,704,319,864,157,20
895,1034,1566,JK009336,2870,488,1514,419,50
895,118,762,Shamela0007625,32,576,1124,441,83
895,1034,1410,JK000916,4418,1120,1523,265,78
895,1288,1566,JK000916,4419,351,694,211,75
895,762,1040,ShamAY0034282,2629,534,855,156,55
895,1034,1566,Shamela0036446,1308,343,1378,419,49
895,1034,1566,Sham19Y0014592,1958,442,1431,419,51
895,118,695,Shamela0007664,207,26,790,459,74
895,0,628,Shamela0007664,249,398,1010,489,96
895,1034,1427,JK000021,2053,629,1495,300,42
895,118,695,Shamela0011353,153,555,1319,453,73
895,0,547,Shamela0011353,228,994,1538,435,97
895,1023,1427,JK000961,314,154,590,242,64
895,1034,1479,Sham19Y0018176,893,649,1547,348,47
895,0,583,JK000367,343,943,1522,464,98
895,583,1566,JK000367,344,0,1009,779,95
895,1034,1566,JK009390,518,153,1086,415,54
895,762,1040,JK009390,5574,1127,1473,165,56
895,0,113,Shamela0012027,354,1132,1245,91,100
895,1091,1566,Shamela0012014,6,0,975,379,47
895,1034,1566,Shamela0021715,3660,289,1281,416,51
895,1126,1343,Shamela0021715,3661,1189,1548,175,59
895,1288,1562,Shamela0021715,3662,954,1574,211,42
895,1034,1157,Shamela0005756,7552,1327,1451,92,91
895,1163,1566,Shamela0005756,7553,0,861,319,45
895,1034,1213,JK000001,1678,1325,1516,141,89
895,1213,1566,JK000001,1679,0,810,266,40
895,1288,1566,Sham19Y0013605,2166,1189,1479,204,81
895,1104,1417,Sham19Y0013605,2166,0,297,223,87
895,1405,1566,ShamIbadiyya0000074,1490,377,538,121,92
895,1040,1427,JK009321,327,1023,1450,274,75
895,1288,1566,JK009321,328,204,488,185,72
895,1034,1417,JK000675,50,1087,1519,257,70
895,1034,1410,JK007065,476,1097,1495,279,82
895,1288,1566,JK007065,477,337,626,202,81
895,1034,1417,Shamela0026389,226,1077,1479,273,79
895,1288,1566,Shamela0026389,227,259,587,208,77
895,1047,1566,Shamela0096283,201,0,975,406,51
895,1034,1417,JK001236,90,1119,1495,281,88
895,1288,1566,JK001236,91,208,497,203,81
895,892,1553,Shamela0000140,66,316,1556,223,19
895,0,628,Shamela0007663,75,905,1536,489,93
895,1034,1365,Shamela0036191,5,1246,1579,258,94
895,1288,1566,Shamela0036191,6,357,647,204,81
895,1034,1566,ShamAY0002038,363,468,1443,418,52
895,762,967,JK000063,201,1263,1541,128,56
895,1288,1566,JK009268,2985,54,362,207,79
895,1034,1417,Shamela0012403,75,629,1044,268,76
895,1034,1310,Shamela0021659,288,1194,1472,218,95
895,1310,1566,Shamela0021659,289,0,651,197,36
895,1219,1427,Shamela0037837,556,529,761,128,68
895,1410,1566,JK000913,4312,1097,1250,121,94
895,1034,1566,Sham19Y0016684,866,157,1148,416,51
895,1034,1417,Shamela0003118,1660,908,1324,275,78
895,1095,1427,Sham19Y0023625,2757,713,1559,208,29
895,1427,1566,Shamela0038740,818,996,1136,110,96
895,81,707,JK000146,153,1030,1582,339,59
895,1023,1400,Shamela0012293,981,792,1129,209,63
895,0,113,Shamela0012293,3179,281,393,90,99
895,1034,1405,PV2024060602,560,732,1528,291,44
895,1405,1566,PV2024060602,561,29,191,128,96
895,1034,1566,JK009274,236,232,1162,415,54
895,1040,1200,Sham19Y0013572,524,1335,1499,127,94
895,1200,1566,Sham19Y0013572,525,0,857,289,41
895,113,518,Shamela0003055,2698,724,984,200,59
895,118,762,Shamela0003055,2886,493,1040,440,83
895,1417,1566,JK009324,2095,39,192,118,94
895,118,762,Shamela0011380,196,307,855,437,83
896,0,223,Shamela0001438,7290,1182,1406,175,98
896,0,223,Shamela0001438,8354,296,513,169,95
896,0,223,JK000326,8,993,1224,167,89
896,0,223,ShamAY0038083,52,887,1123,174,93
896,0,223,Shamela0009631,118,786,995,153,81
896,0,223,JK008001,5824,1271,1488,169,95
896,0,223,JK000624,94,988,1244,170,84
896,0,180,Sham19Y0013252,4001,1337,1517,142,98
896,0,217,Shamela0000107,283,5,234,141,74
896,0,223,Sham19Y0018103,1635,514,738,175,98
896,0,223,Sham19Y0127677,5067,773,997,175,98
896,3,187,JK000080,1,1355,1536,142,97
896,0,223,JK000110,561,191,415,175,98
896,223,1071,Shamela0011354,84,401,905,410,59
896,3,223,JK009245,358,430,650,173,99
896,0,261,JK000383BK1,30,143,415,190,87
896,0,247,Shamela0021537,1754,763,1038,185,84
896,52,316,Shamela0021537,6189,16,274,117,49
896,0,223,ShamAY0035035,6136,1271,1520,162,78
896,37,223,Sham19Y0016584,1796,0,187,147,98
896,3,223,JK006478,5892,0,198,143,77
896,235,1118,Shamela0009859,98,990,1552,445,61
896,1143,1565,Shamela0009859,99,0,269,205,58
896,0,210,Shia002069Vols,764,1326,1531,156,91
896,0,210,Sham19Y0018106,1638,1184,1395,164,98
896,0,223,Sham19Y0018106,1639,86,310,175,98
896,3,217,Kraken230110004547,528,1276,1486,160,93
896,0,223,Shamela0011755,581,288,508,172,96
896,0,140,Sham19Y0127656,261,165,302,104,95
896,24,240,JK009336,2871,0,223,164,92
896,235,970,Shamela0007625,32,1130,1602,345,54
896,3,162,Shamela0036446,1308,1378,1536,125,99
896,247,589,Shamela0007664,207,812,1082,214,76
896,0,223,JK000021,2054,173,409,174,93
896,247,589,Shamela0011353,153,1341,1606,214,76
896,0,223,Sham19Y0018176,894,89,313,175,98
896,0,633,JK000367,344,1009,1564,443,87
896,633,1576,JK000367,345,0,1021,727,84
896,0,223,JK009390,518,1086,1311,175,98
896,3,322,Shamela0012014,6,975,1290,187,68
896,0,223,Shamela0021715,3660,1281,1505,175,98
896,0,223,Shamela0021715,3663,19,455,169,49
896,0,223,Shamela0005756,7553,861,1085,175,98
896,3,223,JK000001,1679,810,1026,154,85
896,21,223,Sham19Y0013605,2167,0,203,160,98
896,3,223,JK000675,51,590,864,170,78
896,3,223,JK007065,477,626,847,173,98
896,0,223,Shamela0026389,227,587,828,161,82
896,0,223,Shamela0096283,201,975,1199,175,98
896,0,223,JK001236,91,497,709,165,93
896,37,223,Shamela0000140,67,334,676,142,51
896,0,223,Shamela0036191,6,647,871,175,98
896,0,240,Shamela0012403,76,200,471,171,78
896,0,223,Shamela0021659,289,651,875,175,98
896,3,140,JK000913,4312,1250,1380,103,94
896,0,223,Sham19Y0016684,866,1148,1372,175,98
896,3,223,Shamela0003118,1661,543,799,169,83
896,0,223,Sham19Y0023625,2758,138,352,139,67
896,0,223,Shamela0038740,818,1136,1360,175,98
896,149,410,JK000146,154,89,337,200,94
896,0,223,PV2024060602,561,191,415,175,98
896,0,223,JK009274,236,1162,1386,175,98
896,3,223,Sham19Y0013572,525,857,1078,173,98
896,235,931,Shamela0003055,2886,1046,1572,383,66
896,235,970,Shamela0011380,196,861,1409,413,66
897,5,692,Shamela0009859,99,269,750,370,66
897,0,550,Shamela0007625,33,22,523,405,91
897,40,406,Shamela0007664,244,1182,1565,290,92
897,40,385,Shamela0011353,222,1133,1490,266,89
897,385,582,Shamela0011353,223,0,193,138,87
897,807,1272,JK000381,2414,706,1091,128,26
897,0,567,JK000367,345,1021,1578,447,97
897,567,1562,JK000367,346,0,1002,804,99
897,40,582,Shamela0007663,87,37,607,411,88
897,0,1023,Zaydiyya0000413Vols,4090,264,1550,755,69
897,5,223,Shamela0003055,460,255,667,150,44
897,0,485,Shamela0003055,816,989,1476,389,98
897,0,550,Shamela0003055,2887,65,588,421,94
897,5,208,Shamela0003055,3233,1176,1570,141,42
897,0,166,Shamela0011380,196,1431,1589,129,95
897,166,550,Shamela0011380,197,0,362,288,93
898,679,1162,Shamela0007625,33,531,886,276,70
898,0,586,JK000367,346,1006,1593,477,98
898,586,1556,JK000367,347,0,994,776,97
898,327,655,Zaydiyya0000413Vols,1098,862,1263,215,63
898,320,655,Zaydiyya0000413Vols,2003,986,1316,255,89
898,679,1162,Shamela0003055,2887,596,945,276,71
898,679,1162,Shamela0011380,197,370,719,273,70
899,1295,1501,Tafsir01005,3421,615,959,116,41
899,645,974,Shamela0009859,99,750,1008,199,73
899,1295,1504,ShamAY0034338,37,745,1092,118,43
899,645,983,Shamela0007625,33,886,1222,270,96
899,0,517,JK000367,347,994,1534,417,95
899,517,1504,JK000367,348,0,1005,776,95
899,645,997,Shamela0012027,342,4,354,278,96
899,1295,1501,Shamela0012014,98,101,550,112,31
899,107,333,Shamela0012293,1290,530,754,175,96
899,1329,1501,Sham19Y0149697,5429,88,368,106,47
899,645,1226,Shamela0003055,2887,945,1525,445,92
899,1226,1393,Shamela0003055,2888,0,163,121,94
899,645,1381,Shamela0011380,197,719,1425,552,93
900,1246,1580,Shamela0011354,84,933,1278,255,92
900,1035,1208,Shamela0009859,99,1008,1178,134,94
900,0,486,JK000367,348,1005,1485,371,95
900,486,1580,JK000367,349,0,1130,875,94
900,1031,1450,Shamela0012027,342,362,764,322,93
900,1043,1214,Shamela0012293,1290,761,949,139,90
900,0,205,Shamela0003055,2888,156,371,155,83
900,53,205,Shamela0011380,198,25,167,111,90
901,897,1002,Shamela0009607,598,0,105,82,98
901,284,491,JK007602,73,476,696,158,90
902,868,1256,Shamela0008532,42,646,1034,282,82
902,1246,1534,Shamela0008532,43,789,1062,211,88
902,853,1534,Shamela0011354,92,136,814,514,88
902,1164,1534,Shamela0011354,119,932,1256,224,72
902,28,187,Shamela0012722,207,235,394,112,89
902,172,386,Shamela0012094,180,614,808,136,78
902,677,1534,Shamela0012094,181,0,884,690,96
902,172,361,Shamela0012094,183,607,1104,92,23
902,802,1534,Shamela0007664,213,149,884,591,99
902,1246,1534,JK000385,63,511,785,208,87
902,905,1256,JK000385,139,6,367,264,86
902,853,1256,Shamela0003055,2668,180,602,303,85
902,1246,1534,Shamela0003055,2669,267,535,208,89
903,47,490,Shamela0008555,72,1260,1580,233,60
903,804,1127,JK006891,54,1023,1273,159,54
903,167,1046,Shamela0030868,135,39,803,502,64
903,822,1563,Shamela0030868,138,689,1459,592,95
903,1127,1241,Shamela0030868,235,17,127,88,94
903,0,370,Shamela0008532,43,1062,1519,293,79
903,379,804,Shamela0008532,44,0,561,337,73
903,1016,1563,Shamela0008532,48,0,605,420,85
903,216,571,Shamela0008532,51,432,927,212,45
903,0,716,Shamela0011354,92,814,1532,579,99
903,849,1241,Shamela0011354,94,1095,1493,295,88
903,0,272,Shamela0011354,119,1256,1493,189,86
903,272,804,Shamela0011354,120,0,770,329,51
903,859,1500,Shamela0011354,140,656,1296,464,84
903,47,565,Shamela0011073,51,1199,1581,281,63
903,804,1127,Shamela0006947,18359,835,1091,159,54
903,258,706,JK006892,64,931,1218,172,41
903,849,1421,JK006892,65,617,1115,353,71
903,849,1241,ShamAY0033875,7,1034,1433,282,81
903,952,1563,Shamela0009943,442,0,617,478,93
903,0,657,Shamela0012094,181,884,1542,528,98
903,657,1563,Shamela0012094,182,0,915,711,95
903,258,706,Shamela0012094,202,592,892,173,40
903,216,1313,Shamela0011379,307,385,1538,804,81
903,1313,1563,Shamela0011379,308,0,292,189,76
903,0,686,Shamela0007664,213,884,1573,552,97
903,686,897,Shamela0007664,214,0,200,132,66
903,414,897,Shamela0007664,218,1316,1547,185,46
903,897,1329,Shamela0007664,219,0,432,341,98
903,849,1127,Shamela0011353,34,572,798,172,75
903,868,1169,Shamela0007597,348,1056,1366,176,61
903,0,571,JK000385,63,785,1489,451,78
903,854,1563,JK000385,158,552,1291,528,84
903,804,1408,Shamela0007554,23,125,729,418,79
903,804,1127,Shamela0003055,142,955,1205,159,54
903,216,636,Shamela0003055,246,1077,1583,333,79
903,636,1563,Shamela0003055,247,0,944,674,82
903,822,1241,Shamela0003055,490,552,936,294,87
903,849,1105,Shamela0003055,1168,279,479,156,76
903,0,791,Shamela0003055,2669,535,1519,619,77
903,849,1421,Shamela0003055,2673,1011,1521,377,78
903,1333,1563,Shamela0003055,2674,0,250,172,81
903,216,571,Shamela0003055,2677,87,569,213,46
903,868,1120,Shamela0003055,2696,1083,1321,184,92
903,948,1127,Shamela0003055,2707,0,131,99,66
903,1099,1241,Shamela0003055,2749,785,928,98,85
903,849,1241,Shamela0003055,2759,1141,1533,282,82
903,47,571,Shamela0003055,2972,479,868,285,64
903,804,1408,Shamela0003055,3258,430,1050,417,77
903,849,1127,Shamela0011380,3,1203,1433,174,76
903,47,571,Shamela0011380,278,796,1180,281,63
904,106,796,Shamela0030868,139,0,698,559,98
904,0,920,Shamela0008532,48,605,1575,692,83
904,0,728,Shamela0009943,442,617,1587,569,70
904,728,967,Shamela0009943,443,0,260,178,81
904,0,652,Shamela0012094,182,915,1572,518,95
904,673,1555,Shamela0012094,183,0,846,640,88
904,0,961,Shamela0011379,308,292,1283,711,82
904,0,276,JK000385,158,1291,1578,220,92
904,276,961,JK000385,159,0,1196,542,55
904,0,548,Shamela0003055,247,944,1565,425,82
904,548,961,Shamela0003055,248,0,394,306,89
904,0,961,Shamela0003055,2674,250,1272,716,81
905,1103,1666,Shamela0008532,32,0,604,355,65
905,1063,1666,Shamela0011354,129,832,1330,278,44
905,1063,1660,JK006892,63,1087,1681,473,95
905,0,746,Shamela0012094,183,846,1592,592,94
905,859,1666,Shamela0012094,201,500,1339,636,89
905,1086,1666,Shamela0011379,298,0,700,366,58
905,1063,1666,JK000385,91,705,1468,468,74
905,1063,1643,Shamela0003055,237,189,871,450,79
905,915,1656,Shamela0003055,2657,751,1585,409,50
905,1219,1635,Shamela0003055,2676,977,1286,123,28
906,1039,1532,Shamela0008555,73,49,641,279,50
906,42,406,Shamela0008532,32,805,1545,273,44
906,406,828,Shamela0008532,33,0,609,313,60
906,996,1224,Shamela0008532,44,70,460,174,55
906,1044,1532,Shamela0011073,52,10,573,272,51
906,0,1593,JK006892,64,7,1584,1237,93
906,0,344,Shamela0012094,201,1339,1685,273,96
906,344,1636,Shamela0012094,202,0,1337,1036,93
906,149,483,Shamela0012094,203,612,918,177,65
906,1294,1603,Shamela0012094,204,0,506,186,42
906,0,452,Shamela0011379,298,700,1603,346,46
906,452,883,Shamela0011379,299,0,646,320,58
906,902,1224,Shamela0011379,307,530,963,195,50
906,1062,1532,JK000385,64,5,874,370,51
906,42,828,JK000385,92,73,1468,596,51
906,891,1069,Shamela0011212,119,1354,1530,143,98
906,891,1093,Shamela0011079,3,760,967,152,87
906,0,338,Shamela0003055,237,949,1548,267,54
906,281,883,Shamela0003055,238,16,912,424,56
906,42,807,Shamela0003055,2658,203,1536,581,52
906,937,1224,Shamela0003055,2669,860,1434,219,47
906,937,1532,Shamela0003055,2972,624,1435,350,48
906,891,1093,Shamela0003055,3295,109,310,163,99
906,891,1093,Shamela0003055,3309,276,464,151,92
906,891,1078,Shamela0007620,13,828,1000,137,91
906,937,1421,Shamela0011380,278,938,1581,260,44
907,871,1021,Shamela0008532,32,1086,1288,114,71
907,0,184,Shamela0008532,44,865,1355,141,35
907,871,1158,JK006892,64,155,478,164,61
907,33,240,JK006892,65,0,206,165,98
907,566,1028,Shamela0012094,201,1178,1661,244,50
907,0,263,Shamela0012094,202,1337,1613,209,90
907,263,1585,Shamela0012094,203,0,1344,1002,91
907,871,1012,Shamela0011379,298,1102,1265,105,81
907,0,240,JK000385,66,532,1340,194,29
907,871,1158,JK000385,92,362,949,173,36
907,86,240,Shamela0011212,119,1188,1334,116,92
907,0,246,Shamela0011079,3,1218,1463,198,99
907,871,1028,Shamela0003055,237,1350,1529,120,84
907,871,1158,Shamela0003055,2658,485,1068,164,35
907,0,176,Shamela0003055,2670,325,830,138,34
908,195,496,Shamela0008555,73,340,651,161,61
908,831,1324,Shamela0030868,141,868,1384,159,29
908,195,496,Shamela0011073,52,277,583,163,62
908,210,590,JK006892,64,1288,1584,176,54
908,948,1565,Shamela0012094,184,190,790,471,91
908,210,669,Shamela0012094,202,977,1419,223,51
908,0,210,Shamela0012094,203,1344,1579,166,87
908,210,764,Shamela0012094,204,0,655,421,75
908,195,496,Shamela0003055,2972,1139,1445,163,62
908,195,339,Shamela0011380,278,1440,1581,107,89
909,25,621,Shamela0012094,184,809,1435,465,92
910,764,1236,JK010475,286,624,909,190,47
910,1295,1530,JK010475,287,0,249,182,87
910,0,458,Shia001111,89,1107,1546,331,87
910,0,458,Shia001544Vols,1539,592,1031,331,87
910,342,458,Shia001544Vols,1559,1150,1266,92,100
910,0,458,Shia001362Vols,284,340,784,333,87
910,0,458,Shia000042,331,715,1169,327,84
910,243,458,Shamela0023582,1,280,468,124,68
910,0,458,Masaha001075,405,693,1151,330,84
910,315,416,ShamAY0037152,32,1024,1125,79,100
910,0,458,Shia003754Vols,677,973,1412,331,87
911,0,936,JK010475,287,249,1582,732,66
911,902,1460,JK010475,288,0,507,401,85
914,0,473,JK010475,341,917,1251,270,67
914,0,473,JK000906,345,543,881,269,66
914,0,572,JK000100,333,1128,1673,453,94
914,601,838,JK000100,334,1462,1695,187,97
914,838,1643,JK000100,335,0,811,654,98
915,229,670,JK010475,341,1300,1590,166,39
915,254,647,JK000906,345,961,1125,129,39
915,0,791,JK000100,335,811,1602,640,99
915,791,1174,JK000100,336,0,383,304,98
916,988,1244,JK001245,27,949,1158,155,73
916,988,1244,JK000098,133,968,1224,202,98
916,988,1244,Rafed0002209Vols,592,418,676,201,97
916,988,1198,Shamela0037325,2325,1392,1603,161,95
916,988,1244,Shamela0036543,380,550,807,196,94
916,1058,1244,JK001111,76,0,186,147,98
917,511,862,Shamela0006947,7296,762,1039,138,39
918,1297,1635,Zaydiyya0000338,29,1186,1512,260,90
918,1079,1635,Zaydiyya0000062,420,741,1247,361,74
918,1126,1635,JK001496,553,666,1150,401,94
918,1132,1570,JK000906,2464,1211,1648,356,96
918,242,1019,JK000906,3470,676,1480,572,81
918,1291,1455,Shia004092Vols,295,1551,1719,128,89
918,1126,1487,Sham19Y0020891,1729,1260,1607,288,95
918,1487,1635,Sham19Y0020891,1730,0,137,115,91
918,1054,1635,Shia002374Vols,134,886,1453,459,94
918,1308,1635,Shamela0023591,2645,0,320,246,84
919,977,1396,JK000365,1866,1089,1463,226,53
919,1396,1578,JK000365,1867,0,182,145,98
919,977,1463,JK001173,353,1209,1536,185,39
919,0,233,JK001496,553,1150,1373,172,92
919,0,534,JK000906,2465,67,703,343,64
919,0,233,Sham19Y0020891,1730,137,360,172,92
919,0,163,Shia002374Vols,134,1453,1606,119,90
919,9,239,Shamela0023591,2645,325,547,166,88
920,0,112,JK000365,1867,182,294,87,97
920,413,1232,JK000365,1886,716,1615,607,77
920,1232,1574,JK000365,1887,0,341,269,99
920,680,1574,Shia004456Vols,4351,0,871,689,93
920,537,865,Shia004456Vols,4359,967,1627,241,43
920,941,1214,Shia004456Vols,4361,801,1286,217,53
920,1289,1574,Shia004456Vols,4363,203,620,221,66
920,705,919,JK001173,355,1436,1607,141,79
920,973,1570,JK001173,356,12,361,215,44
921,0,1147,JK000365,1887,341,1490,917,99
921,1147,1506,JK000365,1888,0,366,283,96
921,0,510,Shia004456Vols,4351,871,1466,399,83
921,107,571,Shia004456Vols,4365,206,714,362,88
921,571,689,Shia004456Vols,4365,1181,1346,90,69
921,32,357,JK001173,356,377,702,262,100
922,0,1240,JK000365,1888,366,1583,980,96
922,1240,1602,JK000365,1889,0,363,283,96
922,908,1545,Shia004456Vols,4352,195,804,459,86
922,171,350,Shia004456Vols,4352,0,195,146,90
923,0,1248,JK000365,1889,363,1624,1000,96
923,1248,1647,JK000365,1890,0,400,326,99
923,860,1570,Shia004456Vols,4352,804,1564,556,88
924,0,214,JK000365,1890,400,615,174,99
924,984,1194,Shamela0001000,290,613,825,166,96
924,984,1194,Shamela0011790,2441,87,297,162,94
924,984,1194,Rafed0000167,118,983,1355,162,54
924,984,1194,ShamAY0005375,86,272,482,165,95
924,984,1194,JK007580,57,985,1205,165,93
924,0,193,Shia004456Vols,4353,90,291,157,95
924,984,1194,JK003609,1618,489,699,165,96
924,0,214,JK001173,357,83,284,129,64
924,984,1194,Zaydiyya0000161,477,701,995,163,68
924,984,1194,Shia003764Vols,961,19,230,162,94
924,961,1194,Shamela0006947,3765,957,1131,128,69
924,984,1194,Sham19Y0000259,1124,621,831,168,98
924,984,1194,Hindawi030807493,181,1143,1353,168,98
924,977,1194,Sham19Y0020762,433,248,464,175,99
924,946,1194,Sham19Y0020762,1829,501,737,177,88
924,984,1194,Sham19Y0013226,100,356,565,169,99
924,984,1194,Shamela0035888,199,569,780,165,97
924,984,1194,Shamela0036515,1327,577,786,155,91
924,984,1194,Sham19Y0021505,344,1089,1298,168,97
924,984,1194,Sham19Y0095660,1361,28,239,166,96
924,1035,1194,Shia004092Vols,234,926,1085,129,100
924,946,1194,Shamela0005446,630,265,507,191,94
924,984,1194,Shamela0028175,40,809,1019,165,96
924,984,1194,JK006900,1602,869,1024,123,73
924,984,1194,Rafed0001515,65,1351,1557,164,95
924,984,1194,ShamAY0037109,176,697,907,167,97
925,1039,1287,Hindawi057468526,76,284,894,131,25
926,5,349,Shamela0009943,59,688,1203,95,16
927,863,1616,Shamela0012094,20,0,758,599,96
928,1110,1603,Shamela0010906,6258,684,995,221,53
928,529,678,JK006892,116,107,244,93,78
928,871,1263,ShamAY0035035,8441,709,1094,159,35
928,1066,1603,Shamela0035100,7614,210,764,397,86
928,0,678,Shamela0012094,20,758,1423,540,97
928,938,1577,Shamela0006739,1332,902,1561,508,93
929,5,336,Kraken220413194022,3110,1152,1529,188,53
929,418,1125,Kraken220413194022,3111,308,1231,347,40
929,1151,1332,Kraken220413194022,3112,7,187,125,79
929,5,682,Shamela0006741,58,790,1572,396,54
929,713,1332,Shamela0006741,59,18,1177,338,32
929,5,816,Shamela0010906,6258,995,1602,432,65
929,849,1488,Shamela0010906,6259,148,844,392,67
929,5,867,JK000375,145,350,1541,502,47
929,1013,1332,JK000375,146,93,724,221,43
929,116,773,ShamAY0035035,8441,1105,1284,136,25
929,0,773,Shamela0035100,7614,764,1541,606,95
929,776,1488,Shamela0035100,7615,0,1082,487,56
929,175,723,Shamela0011379,106,0,344,230,52
929,916,1488,Shamela0037325,1757,4,457,305,65
929,992,1125,Hindawi059507481,62,169,299,102,91
929,5,688,Shamela0003055,799,0,488,351,62
929,0,1461,Shamela0006739,1333,27,1491,1165,99
930,167,709,Shamela0010906,6257,744,1276,397,85
930,312,687,Shamela0010906,6325,573,1129,273,58
930,0,485,Shamela0035100,7615,1082,1480,260,62
930,485,767,Shamela0035100,7616,0,290,203,82
930,460,709,Shamela0011379,105,0,255,206,97
930,432,687,Shamela0037325,1804,0,436,197,55
930,333,709,Shamela0003055,798,0,394,300,90
930,0,709,Shamela0006739,1334,28,680,517,87
930,1009,1501,Shamela0006739,1341,757,1252,391,95
931,1236,1571,Shamela0007568,76,943,1270,264,96
931,1259,1571,Shamela0011379,97,722,1018,239,93
931,668,923,Hindawi059507481,188,0,255,204,99
931,1259,1571,Shamela0003055,790,862,1158,239,93
931,79,387,Shamela0006739,1338,1246,1550,245,98
931,492,960,Shamela0006739,1344,920,1527,352,71
932,875,996,JK000350,202,683,804,86,89
932,0,286,Shamela0007568,76,1270,1614,235,81
932,286,1634,Shamela0007568,77,0,1349,1087,98
932,0,582,Shamela0011379,97,1018,1660,475,89
932,582,1589,Shamela0011379,98,0,1649,799,59
932,0,435,Shamela0003055,790,1158,1653,361,87
932,435,1523,Shamela0003055,791,0,1499,874,71
933,0,254,Shamela0007568,77,1349,1604,203,98
933,260,951,Shamela0007568,78,0,692,563,99
933,370,849,Shamela0010906,6251,1098,1583,385,97
933,105,353,Shamela0010906,6251,0,247,201,97
933,35,353,Shamela0011379,99,1016,1326,251,96
933,358,963,Shamela0011379,100,473,1076,469,94
933,353,817,Shamela0037325,1754,1110,1574,368,95
933,817,945,Shamela0037325,1755,0,127,103,98
933,35,353,Shamela0003055,792,1154,1469,256,98
933,358,967,Shamela0003055,793,614,1263,479,89
934,868,1066,JK000365,1199,137,326,145,87
934,1281,1571,Shamela0007568,78,1020,1281,206,86
934,864,1072,Shamela0007568,80,524,725,163,96
934,1281,1571,Shamela0010906,6253,892,1154,205,85
934,868,1066,Shamela0006947,14222,34,223,142,86
934,1373,1571,Shamela0011379,102,0,178,144,87
934,868,1066,Shamela0037325,1757,599,788,145,87
934,1281,1571,Shamela0037325,1760,606,868,205,85
934,868,1066,Shamela0037325,2114,1313,1502,145,87
934,1281,1571,Shamela0003055,795,49,312,210,87
935,0,332,Shamela0007568,78,1281,1611,262,98
935,332,1539,Shamela0007568,79,0,1356,931,83
935,0,384,Shamela0010906,6253,1154,1542,297,94
935,384,1543,Shamela0010906,6254,0,1465,878,73
935,0,1293,Shamela0011379,102,178,1581,1019,89
935,1293,1543,Shamela0011379,103,0,314,199,78
935,598,823,AOCP20251104106,340,928,1168,159,81
935,1432,1539,Shamela0007663,95,1082,1189,86,100
935,1135,1407,Shamela0037325,1755,1077,1376,205,80
935,0,476,Shamela0037325,1760,868,1345,347,90
935,501,823,JK000954,18,379,668,172,60
935,0,1135,Shamela0003055,795,312,1556,887,87
935,1135,1543,Shamela0003055,796,0,508,329,79
936,1134,1325,Shamela0035100,10204,1401,1600,147,86
936,1112,1358,Rafed0002209Vols,589,527,832,186,73
936,1169,1358,JK001111,73,0,201,144,87
937,173,530,Sham19Y0013783,2005,1052,1541,246,60
937,1152,1620,JK000098,132,896,1498,293,60
937,905,1121,Rafed0002209Vols,583,183,468,171,74
937,37,530,Rafed0002209Vols,588,675,1299,369,70
937,914,1616,Rafed0002209Vols,595,829,1346,400,70
937,1161,1620,Sham19Y0017372,612,63,592,267,61
937,1485,1620,JK000066,54,450,579,102,93
937,37,549,JK000066,58,153,333,125,30
937,359,530,AOCP20251104106,278,5,167,126,89
937,934,1121,Shamela0037325,2321,0,255,147,71
937,37,530,JK001111,72,34,658,367,71
937,921,1616,JK001111,79,207,731,389,68
938,54,392,JK000098,133,0,360,217,71
938,4,392,Sham19Y0017372,612,605,1024,294,87
938,4,392,JK000066,54,584,988,244,68
939,404,766,Shamela0008555,197,329,701,257,79
939,1100,1669,Shamela0007568,81,57,627,426,90
939,407,729,JK000071,355,862,1212,264,91
939,407,729,ShamAY0034059,1100,507,833,248,87
939,551,1029,ShamAY0034059,2382,48,508,211,39
939,404,608,Sham19Y0146127,3578,1226,1475,139,60
939,353,729,AOCP20251104131Vols,715,153,633,294,73
939,404,729,JK009329,11,617,959,267,95
939,404,1029,JK000080,22,140,694,377,70
939,407,729,ShamIbadiyya0000433,54,1077,1415,262,94
939,398,729,Shamela0021537,141,1091,1490,266,81
939,404,686,Shamela0021537,3338,1205,1535,230,84
939,357,547,JK009362,782,906,1049,114,73
939,407,547,JK009362,953,247,368,97,85
939,1153,1669,Sham19Y0038155,110,178,691,417,98
939,346,1029,Shia002264,17,726,1354,397,60
939,404,766,Shamela0009841,5,915,1289,259,80
939,361,740,Shamela0008514,72,379,820,290,80
939,404,721,JK000474,3459,1019,1409,162,50
939,407,751,JK000916,11653,145,532,205,63
939,353,766,Sham19Y0014592,64,805,1368,325,69
939,361,729,Sham19Y0014592,858,1139,1531,288,87
939,361,729,JK009137,3126,908,1332,239,61
939,404,729,Shamela0021688,181,19,372,267,92
939,407,729,Shamela0096178,50,1073,1419,262,92
939,404,729,JK001249,371,126,491,267,89
939,395,729,Shamela0004473,14701,683,1041,267,89
939,407,761,Shamela0004473,17115,305,722,277,78
939,404,729,Shamela0008381,522,1281,1635,267,91
939,407,729,Shamela0008381,596,955,1310,265,90
939,395,666,Shamela0008381,665,1288,1583,221,91
939,407,729,Shamela0008381,1388,1187,1537,261,90
939,395,640,Shamela0008381,5586,1319,1588,199,90
939,346,729,Shamela0007669,700,422,789,272,82
939,407,729,Shamela0012014,53,381,736,265,90
939,434,766,Shamela0004445,4165,326,698,216,64
939,407,729,Shamela0011244,49,586,943,264,89
939,407,740,Shamela0004482,619,877,1266,268,83
939,407,729,Sham19Y0014283,6,163,523,264,89
939,407,729,Shamela0023423,349,706,1053,262,91
939,404,729,JK009408,1717,731,1076,232,77
939,458,729,JK006874,11,0,300,223,89
939,357,513,Shamela0036091,278,1361,1529,126,91
939,513,947,Shamela0036091,279,0,427,275,66
939,0,151,Shamela0037325,2583,782,940,117,88
939,407,935,Shamela0037325,2586,252,802,380,79
939,407,729,Shamela0009993,7,456,832,260,83
939,357,729,ShamAY0035911,5,974,1335,282,87
939,404,766,Shamela0003055,2279,584,958,259,80
939,407,729,Sham19Y0018568,109,951,1310,264,89
939,404,729,JK000484,6573,38,406,262,86
939,361,761,Sham19Y0016618,41,205,662,305,80
939,407,729,Sham19Y0017745,124,1165,1500,258,93
939,407,729,Sham19Y0008889,287,37,381,264,93
939,1145,1669,JK000087,205,1010,1535,424,98
940,0,688,Shamela0007568,81,627,1327,556,96
940,197,536,Shamela0010013,370,162,558,143,40
940,0,696,Sham19Y0038155,110,691,1387,567,98
940,325,536,AOCP20251104144,249,80,442,120,40
940,295,536,ShamAY0002038,86,194,384,156,78
940,73,692,JK000087,206,3,625,507,98
941,1082,1276,Shia001111,48,1381,1593,161,90
941,1276,1626,Shia001111,49,0,586,286,59
941,720,977,Shia001111,52,416,738,209,79
941,1082,1606,Shia001544Vols,811,826,1601,429,67
941,472,717,Shia001544Vols,812,772,1018,180,85
941,1332,1505,Shia001544Vols,898,0,242,137,70
941,720,977,Shia001544Vols,957,61,382,208,79
941,786,901,Shia001544Vols,961,183,298,93,100
941,720,971,Shia001362Vols,221,376,637,133,50
941,720,971,Shia001432Vols,30547,1148,1409,133,50
941,1082,1332,Shia003636Vols,1980,746,1016,208,92
941,1082,1626,Zaydiyya0000367,78,672,1053,200,37
941,720,901,Shia002389Vols,2806,1305,1499,146,93
942,237,393,Shia001111,2,1420,1575,127,99
942,6,131,Shia001111,49,609,778,99,73
942,237,403,Shia002185Vols,1198,91,251,130,96
942,237,670,Shia001544Vols,129,286,545,207,59
942,237,644,Shia001544Vols,308,237,436,148,45
942,6,131,Shia001544Vols,812,44,213,99,73
942,6,131,Shia001544Vols,901,1105,1274,99,73