ms1,b1,e1,id2,ms2,b2,e2,ch_match,matches_percent
1,0,1543,Shamela0007318,1,15,1460,1163,93
2,1150,1487,Sham19Y0017903,504,417,750,203,65
2,1150,1435,Shamela0021809,2535,1152,1452,183,69
2,1159,1487,Shamela0021809,2538,7,313,169,55
2,1150,1487,Shamela0036446,178,257,592,209,68
2,1162,1487,Sham19Y0014309,1618,232,536,177,59
2,1127,1435,JK009159,89,1174,1485,159,59
2,1150,1487,Sham19Y0148271,1902,765,1111,209,66
2,1150,1487,JK007065,1287,643,974,203,66
2,321,1041,JK000201,1318,1034,1567,409,68
2,1127,1487,Sham19Y0146127,3515,290,686,191,53
2,1127,1496,Shamela0003055,623,513,819,170,50
2,726,1023,Shamela0003055,632,248,546,237,97
2,1150,1468,Sham19Y0132524,467,303,639,202,69
2,1150,1487,Shamela0001875,303,540,895,221,71
2,1127,1419,Shamela0001875,1053,1159,1467,184,67
2,1122,1487,Shamela0008381,726,48,411,228,68
2,1127,1496,JK000384,52,1008,1387,212,59
2,1150,1487,Sham19Y0017729,243,316,652,205,66
2,1170,1405,Sham19Y0018144,423,1251,1501,123,52
2,1170,1487,Shamela0030543,17,879,1233,170,50
2,1150,1415,JK007049,191,1222,1473,140,55
2,1127,1487,Shamela0000894,5913,872,1242,224,66
2,103,1501,Shamela0007318,2,0,1517,1096,87
2,1150,1419,PV2024060602,2317,1194,1480,164,64
2,1170,1468,PV2024060602,7340,1238,1485,133,48
2,1110,1487,JK001492,618,862,1224,154,39
2,1198,1487,JK000302,2161,59,361,179,65
2,1127,1487,JK000094,1414,1028,1365,190,55
2,1079,1549,JK000098,303,675,1131,352,92
2,1127,1501,JK000098,304,33,523,180,43
2,1170,1487,ShamAY0033910,256,49,388,198,66
2,1150,1422,JK000977,471,1174,1469,164,63
2,1170,1487,JK000130,259,1080,1419,198,66
2,1150,1491,JK009336,1375,700,1029,208,68
2,1339,1487,JK001045,4,550,702,118,97
2,1150,1487,Shamela0025794,4608,873,1211,209,67
2,726,1017,JK001254,15,1207,1497,231,97
2,1127,1487,Shamela0009943,314,945,1411,207,51
2,1150,1440,Sham19Y0013667,2574,1197,1504,175,65
2,1159,1537,Sham19Y0013667,2575,746,1089,182,56
2,1150,1487,JK007045,504,0,316,191,63
2,1122,1400,Shamela0008353,176,1266,1444,91,41
2,1150,1542,Shamela0001727,285,1055,1469,220,60
2,1127,1481,Sham19Y0001729,119,833,1184,196,57
2,1150,1487,Shamela0001524,483,903,1233,203,66
2,1127,1545,JK000786,3188,987,1408,226,56
2,1127,1487,JK007043,2262,445,781,216,67
2,1150,1545,JK000488,48,227,636,202,55
2,1150,1487,Sham19Y0017616,89,202,538,205,66
2,1159,1487,JK000470,232,90,461,241,80
2,1127,1545,Shamela0007767,14,394,819,229,57
2,1170,1533,JK000475,244,223,592,188,56
2,1127,1419,JK000475,1868,1066,1399,175,60
2,1083,1506,Shamela0007350,2,981,1410,288,74
2,1150,1487,JK009141,144,198,510,187,61
2,1127,1506,JK000337,3,806,1265,279,75
3,534,794,Shamela0001453,19,0,268,205,94
3,698,1439,Shamela0006610,924,274,854,245,34
3,689,1439,Shamela0006610,1104,245,1357,376,39
3,566,808,Sham19Y0017063,744,0,238,170,83
3,479,794,Sham19Y0014309,39,115,434,220,80
3,531,794,Sham19Y0014827,598,0,262,204,96
3,455,966,JK000764,176,169,806,179,31
3,447,966,JK009159,90,688,1244,289,57
3,832,1115,JK009159,91,940,1240,208,85
3,1164,1415,Sham19Y0148271,1435,970,1292,165,61
3,450,794,JK001435,16,240,602,256,85
3,488,798,Shia000814VolsBK4,1795,811,1133,228,86
3,434,794,JK000649,52,494,750,172,55
3,479,794,Sham19Y0013614,471,1194,1471,203,81
3,544,794,Sham19Y0013614,472,0,238,184,92
3,689,1115,Shamela0013174,2233,900,1340,219,53
3,675,1115,JK007039,350,865,1372,242,56
3,531,832,Sham19Y0146127,2588,0,309,218,84
3,849,1397,Sham19Y0146127,2589,293,839,194,37
3,497,1268,Sham19Y0146127,3515,499,1214,331,44
3,736,1115,JK000221,604,84,506,239,69
3,450,608,Shamela0028107,74,906,1087,123,86
3,450,974,Shamela0028107,620,860,1439,340,67
3,450,889,JK001202,23,65,552,293,72
3,450,818,JK007048,11,877,1250,257,83
3,242,755,JK000559,900,1080,1470,199,46
3,759,1457,JK000559,901,3,783,396,56
3,479,794,Sham19Y0016976,1086,43,324,206,82
3,479,794,Sham19Y0014119,307,864,1149,206,82
3,434,794,Shamela0021479,208,576,959,279,89
3,892,1422,JK000637,18,82,710,306,54
3,698,1397,JK000637,1349,42,874,300,40
3,434,832,Shamela0002863,1845,1067,1475,280,83
3,675,1108,Shamela0002863,1846,620,1126,192,40
3,450,794,JK000776,125,310,665,264,91
3,447,794,Shamela0001440Vols,234,755,1128,260,85
3,698,1422,Shamela0009567,8,321,1140,391,51
3,832,1115,Shamela0009567,411,87,405,203,79
3,479,808,Sham19Y0020891,3878,913,1251,239,85
3,479,794,Kraken230110004547,3,468,1036,212,43
3,450,811,Shamela0026440,28,925,1256,215,68
3,1227,1364,Shamela0026324,5042,1070,1212,109,96
3,698,1036,Shamela0026324,5406,952,1337,171,48
3,920,1434,JK000465,853,1189,1389,102,25
3,450,794,Shamela0023100,525,403,773,265,88
3,450,880,Shamela0023100,695,910,1359,248,63
3,450,824,JK009160,245,801,1193,231,64
3,1249,1434,JK011153,3816,560,781,131,74
3,1213,1439,JK011153,4829,932,1252,163,62
3,479,794,Kraken230106005528,17,25,295,180,68
3,1164,1434,JK000142,762,789,1088,168,66
3,472,786,ShamIbadiyya0000155,106,1016,1364,193,66
3,727,1048,Sham19Y0127677,51,322,591,126,44
3,864,1376,Sham19Y0127677,5632,287,871,219,41
3,920,1434,Shamela0037458,821,1276,1477,118,26
3,534,794,Sham19Y0131336,1303,0,271,194,85
3,488,1115,JK000474,4195,1134,1457,176,34
3,450,832,JK000484,4853,262,658,280,87
3,434,811,JK000484,6461,570,969,266,81
3,497,1223,JK000484,6462,101,964,331,42
3,708,1300,Shamela0012884,1403,203,835,231,37
3,447,832,JK000677,131,8,429,277,81
3,434,824,LAL2013020402,22,76,319,148,46
3,447,832,Sham19Y0013241,1745,891,1283,281,88
3,849,1258,Sham19Y0013241,1746,116,635,190,43
3,1164,1434,Sham19Y0020591,1229,112,411,168,66
3,450,782,Shamela0009698,12,551,903,256,90
3,497,1108,Sham19Y0006684,3666,0,683,393,67
3,179,374,Shamela0007318,4,214,371,126,79
3,832,1129,Shamela0008473,1312,893,1226,207,77
3,889,1062,JK000165,3186,1283,1491,91,53
3,864,1411,JK000165,3704,937,1468,315,61
3,450,824,JK000725,267,179,560,268,82
3,447,600,JK009152,1449,1295,1448,104,76
3,450,794,Shamela0026654,5,665,1027,260,88
3,479,763,Sham19Y0145212,2123,462,751,221,94
3,1213,1439,Sham19Y0006538,274,967,1286,162,62
3,242,786,JK009336,94,815,1283,310,67
3,920,1434,JK009336,95,886,1109,126,28
3,1164,1466,Shamela0025794,1487,1041,1401,184,61
3,689,1268,Shamela0025794,2861,315,922,268,50
3,884,1333,JK009137,2516,0,840,170,22
3,450,824,JK009137,2517,194,569,241,73
3,849,1268,JK000382,880,590,955,213,57
3,479,808,JK007045,503,1086,1392,218,78
3,889,1108,Zaydiyya0000054,280,1137,1439,141,58
3,698,1108,Sham19Y0014462,61,787,1239,203,51
3,497,824,Sham19Y0014462,156,0,374,238,79
3,1213,1439,JK000154,5055,910,1230,163,62
3,403,892,Tafsir02100,158,361,899,322,71
3,450,786,JK001503,3011,131,494,257,88
3,920,1198,Shamela0012220,1654,726,882,78,33
3,450,794,Shamela0023700,1733,948,1312,254,85
3,864,1115,JK000227,656,601,941,165,62
3,450,824,Shamela0026428,36,866,1239,264,81
3,849,1268,JK000754,2070,454,1055,193,32
3,1210,1434,JK000754,2071,0,255,169,79
3,450,794,JK009408,1493,709,1069,256,86
3,447,794,JK009138,626,699,1023,232,79
3,242,591,JK007043,2261,972,1435,187,47
3,591,824,JK007043,2262,0,280,172,77
3,434,808,JK007043,2424,806,1237,281,81
3,447,777,Shamela0013033,114,1045,1402,256,90
3,466,1072,Shamela0029677,2013,676,1544,411,57
3,708,1300,JK000488,206,215,853,263,45
3,832,1397,Tafsir02102,981,869,1438,270,58
3,889,1115,Tafsir07057,1251,12,276,164,78
3,479,794,ShamAY0034059,5832,727,1084,228,76
3,899,1448,JK000585,1734,0,818,286,36
3,450,843,JK000585,4098,276,764,255,60
3,434,794,JK000585,4100,825,1192,272,89
3,447,794,ShamAY0032970,6,138,526,271,87
3,434,794,Shamela0009182,20,1162,1387,157,53
3,434,794,Shamela0009182,576,742,972,160,52
3,479,763,Sham19Y0017747,1671,1285,1575,219,92
3,242,889,JK000475,1655,485,1153,338,56
3,488,892,JK000475,2555,0,439,257,68
3,434,794,ShamAY0034282,2178,680,1031,241,77
3,920,1439,JK000961,56,1024,1229,106,25
3,310,794,JK000961,167,327,700,258,64
3,488,755,JK000264,2392,457,722,164,64
3,434,824,JK000147,2523,570,966,279,85
4,964,1262,Shamela0021809,1942,1247,1470,150,62
4,306,566,Shamela0021765,1805,797,1098,178,71
4,306,549,JK000317,4,896,1146,181,86
4,306,913,Shamela0012862,12,826,1172,182,33
4,964,1413,Shamela0023700,1666,601,981,256,65
4,356,701,Shamela0029677,2014,1215,1532,137,43
5,463,709,JK007063,496,973,1227,175,75
5,1369,1492,ShamAY0034447,330,1325,1465,99,87
5,968,1280,ShamAY0034447,330,16,487,181,49
5,900,1109,ShamAY0035960,556,802,1053,160,82
5,944,1069,JK000090,76,52,190,98,90
5,463,776,Shamela0009270,219,979,1280,188,65
5,830,1082,Shamela0009270,380,995,1374,176,60
5,811,1030,Shamela0009270,409,1213,1411,120,64
5,463,951,Shamela0009270,424,593,1110,212,43
5,867,1076,JK000630,111,235,439,141,86
5,947,1109,Shamela0037458,1793,626,771,97,76
5,317,709,JK000485,1233,506,898,180,40
5,886,1076,Shamela0009698,8,902,1086,126,79
5,292,745,Shamela0007318,5,440,1004,352,76
5,737,1069,JK000707,14,435,965,163,35
5,947,1082,Shamela0006547,120,185,310,94,89
5,804,1109,Shamela0010632,25,431,904,183,47
5,870,1076,Shamela0004445,7,133,351,142,81
5,937,1096,Shamela0012293,1319,851,1009,112,88
5,292,719,JK000098,289,135,605,245,62
5,940,1336,JK000098,303,326,675,259,80
5,944,1069,Shamela0012034,497,716,852,95,88
5,900,1109,JK000097,514,813,1064,160,82
5,913,1109,Shamela0009943,307,0,206,140,86
5,848,1101,ShamAY0035253,12,1220,1475,155,69
5,804,1069,Shamela0035100,8369,385,712,180,67
5,900,1069,JK006476,694,1182,1321,96,74
5,830,1069,Sham19Y0001729,2102,1080,1463,143,43
5,0,327,Shamela0029677,2014,1198,1484,160,59
5,944,1109,Shamela0023628,1833,320,468,99,76
5,772,1076,JK000585,1349,417,726,159,59
5,305,709,JK000489,2,594,949,206,55
5,0,505,Shamela0007350,4,213,1018,329,49
5,855,1101,Sham19Y0020879,168,874,1107,126,61
5,789,1076,JK001050,13,389,700,182,69
5,894,1082,JK009141,144,528,773,137,70
6,1210,1324,Shamela0036446,502,421,535,91,100
6,1196,1318,Kraken220413202218,283,714,830,90,91
6,1164,1324,JK006877,29,1180,1324,105,83
6,954,1324,Sham19Y0014309,1978,971,1396,158,38
6,641,991,ShamAY0034447,1685,3,316,198,67
6,1109,1318,Sham19Y0017535,105,994,1206,126,75
6,1164,1318,ShamAY0035960,569,1021,1176,117,93
6,641,795,JK007065,737,911,1401,103,26
6,945,1390,JK007065,1006,160,518,188,54
6,90,546,Shamela0000736,1446,848,972,88,24
6,1210,1318,Shamela0021715,8071,441,549,86,100
6,954,1318,Shamela0012014,85,797,1150,162,54
6,1164,1318,Shamela0003055,627,295,458,116,88
6,90,572,JK000883,2204,281,456,110,29
6,90,254,ShamAY0034569,516,80,242,125,96
6,90,357,ShamAY0033586,5,1173,1412,133,62
6,90,546,ShamAY0033586,7,935,1080,98,27
6,212,441,ShamAY0033586,130,539,865,114,40
6,1164,1318,ShamAY0034005,635,484,639,117,93
6,1164,1318,JK000090,41,856,1019,116,88
6,1164,1318,Sham19Y0132524,1468,59,215,117,92
6,1210,1335,Shamela0001438,4330,1218,1355,95,87
6,1210,1318,JK009274,1024,328,436,86,100
6,954,1318,Shamela0008381,4671,168,438,149,51
6,1164,1433,JK000325,5,218,492,152,66
6,1210,1318,JK008001,6407,1189,1297,86,100
6,1164,1318,Shamela0000767,3631,564,725,117,89
6,1159,1318,Tafsir01005,4519,1148,1309,121,92
6,706,909,Sham19Y0018176,2617,841,1394,126,28
6,1177,1318,ShamIbadiyya0000050,1698,86,206,94,84
6,476,667,Sham19Y0127677,306,66,394,56,17
6,1210,1318,Sham19Y0127677,2376,946,1054,86,100
6,296,546,JK000474,535,93,204,71,35
6,1177,1318,JK000080,714,1236,1373,109,97
6,1210,1318,Shamela0005756,12599,654,763,86,99
6,706,840,JK000110,1987,968,1368,103,32
6,1164,1335,Shamela0000894,6813,373,667,126,54
6,296,407,JK000532,783,1232,1364,77,76
6,681,883,JK000762,34,1153,1366,118,65
6,120,878,Shamela0007318,5,984,1541,349,53
6,878,1335,Shamela0007318,6,0,716,284,44
6,706,840,PV2024060602,1987,968,1368,103,32
6,1164,1318,PV2024060602,2819,1142,1298,117,92
6,660,795,Shamela0008473,3824,846,984,92,84
6,1201,1318,JK000165,2720,772,890,89,95
6,1164,1324,JK007083,196,252,523,121,55
6,90,244,ShamAY0034644,238,937,1102,118,89
6,1187,1335,Shamela0012293,65,233,371,107,90
6,706,840,Sham19Y0013252,10613,195,638,103,29
6,1210,1318,Shamela0021659,1442,518,626,86,100
6,706,991,JK000098,295,735,1199,158,42
6,1164,1338,JK000977,1323,427,595,124,88
6,954,1318,JK009336,1719,383,653,155,53
6,1164,1318,JK000097,527,560,696,102,81
6,1164,1335,JK001045,5,388,567,131,89
6,1164,1318,Sham19Y0013572,1197,523,767,117,61
6,1164,1318,Sham19Y0122257,1961,394,650,120,59
6,1187,1343,Shamela0009924,47,550,696,109,87
6,1196,1318,JK007045,495,1184,1316,94,90
6,1201,1318,JK000166,6933,974,1093,89,94
6,1164,1318,ShamAY0034338,58,1289,1443,113,91
6,1164,1318,Shamela0001727,787,1018,1174,117,92
6,706,840,Sham19Y0018106,4304,527,1073,102,23
6,90,568,JK009408,486,740,1094,107,24
6,1164,1318,JK009390,2621,262,414,103,79
6,1177,1318,Sham19Y0020638,624,216,354,109,96
6,678,795,Tafsir07057,4150,211,337,93,92
6,90,357,Sham19Y0017797,10,363,572,131,62
6,98,546,Sham19Y0017797,11,466,1032,171,35
6,296,546,Sham19Y0017797,14,572,872,97,33
6,1182,1324,Shamela0000107,4872,331,543,108,64
6,1164,1318,Sham19Y0122406,2045,1202,1358,117,92
6,923,1318,Shamela0023628,741,841,1147,160,50
6,1210,1324,JK007070,533,48,181,91,85
6,168,546,ShamAY0032780,42,0,229,107,31
6,848,1330,Shamela0007350,5,150,575,274,63
6,923,1324,JK000961,238,270,556,166,52
6,945,1318,JK000961,401,323,655,139,35
6,1201,1318,JK000264,1652,21,134,89,95
6,1164,1335,JK000337,9,267,446,130,88
7,461,800,JK001333,83,657,1007,163,54
7,432,796,JK001435,19,183,504,177,54
7,1114,1412,JK000675,136,577,879,223,92
7,745,1006,JK000429,14,1064,1326,195,89
7,1122,1394,Shamela0021765,448,110,401,147,55
7,432,639,JK000090,48,1195,1405,143,77
7,710,1006,JK000021,975,934,1225,215,86
7,510,1006,JK000099,107,518,1105,260,49
7,114,361,Shia001432Vols,10310,411,790,127,35
7,0,256,JK008001,622,426,697,108,35
7,1114,1412,JK000141,750,1031,1304,179,73
7,1114,1412,JK000474,4137,60,359,222,90
7,748,1006,Shamela0026884,574,0,260,194,87
7,432,639,Shamela0008473,3159,661,851,142,84
7,808,1006,Masaha001946Vols,1160,0,195,142,88
7,748,1006,Sham19Y0038171,326,95,347,165,77
7,432,800,Shamela0012862,574,356,786,170,47
7,694,1006,ShamAY0034002,13,135,451,224,86
7,805,1006,Shamela0010488,204,4,216,143,82
7,1114,1412,Shamela0025794,3557,182,455,183,77
7,688,1006,Shamela0026390,8,1096,1401,236,90
7,1114,1465,JK000312,480,211,563,192,64
7,1122,1450,ShamAY0032818,1,1094,1438,175,59
7,114,361,Shia003636Vols,11448,431,619,142,70
7,432,639,ShamAY0033053,433,505,698,146,87
7,432,665,Shamela0012981,2134,1105,1338,162,80
7,748,1006,Sham19Y0017817,476,576,845,181,78
7,488,639,Tafsir09084,1587,606,757,111,90
7,432,639,JK001293BK1,1584,1188,1384,147,86
7,0,333,JK000916,9071,1231,1442,139,50
7,805,1006,JK007070,244,54,256,154,89
7,748,1006,ShamAY0035035,884,881,1132,164,77
7,114,361,Shia001334,212,474,854,127,35
7,128,361,Shamela0003118,2976,0,176,131,67
7,114,361,Zaydiyya0000142,3125,644,829,142,71
7,432,665,JK009141,1255,462,671,145,73
7,432,796,JK000337,25,755,1200,197,53
8,1225,1451,JK000682,683,640,916,152,65
8,884,1200,Shamela0036446,1140,897,1249,184,61
8,1228,1451,Shia003488Vols,515,938,1159,102,49
8,884,1200,Sham19Y0017063,1465,576,1046,216,59
8,1251,1451,JK001039,70,335,573,125,64
8,964,1200,JK006950,2110,23,329,158,65
8,833,1210,Shamela0021766,1231,617,1175,244,57
8,128,296,Sham19Y0149697,1681,953,1310,133,46
8,1228,1373,ShamAY0034447,185,242,439,88,53
8,58,365,Sham19Y0148271,1322,0,385,234,72
8,871,1373,Sham19Y0148271,1354,223,785,246,46
8,0,549,ShamAY0035960,569,557,1068,309,61
8,871,1240,Shamela0026566,131,609,1152,225,53
8,875,1200,Sham19Y0013614,792,599,1081,218,58
8,929,1200,MMS00013,2753,5,345,179,65
8,884,1373,Shamela0037837,227,231,748,231,52
8,1053,1200,Shamela0021715,2200,48,199,105,84
8,875,1265,Shamela0021715,5378,22,495,191,48
8,871,1200,AOCP20240501183,246,477,1021,224,53
8,884,1200,Sham19Y0016946,202,237,585,186,62
8,549,880,ShamIbadiyya0000229,1951,381,671,192,71
8,499,880,Shamela0000432,4262,414,754,215,68
8,26,365,Shamela0021765,640,659,1086,253,70
8,871,1282,ShamAY0034005,1236,330,928,236,48
8,880,1200,Sham19Y0016976,1731,5,421,214,62
8,875,1376,Sham19Y0014119,566,781,1335,247,48
8,0,544,JK000090,46,781,1498,281,42
8,502,899,JK000090,48,729,1119,282,84
8,884,1200,Masaha004661,5,567,952,175,53
8,875,1186,ShamIbadiyya0000193,62,179,516,137,45
8,884,1200,Shamela0001438,670,1120,1446,165,55
8,884,1200,Shamela0001438,2168,319,736,192,55
8,884,1205,JK009274,145,992,1323,166,55
8,58,343,JK009274,312,1112,1471,213,70
8,494,880,Shamela0009567,754,15,438,216,56
8,0,365,JK006833,263,426,886,281,74
8,875,1114,Sham19Y0013605,1589,1255,1549,127,51
8,929,1193,Sham19Y0013605,2851,1199,1492,150,57
8,884,1193,Zaydiyya0000454,133,0,323,163,55
8,884,1200,Sham19Y0127656,163,130,492,185,61
8,884,1200,Sham19Y0127656,395,745,1095,168,55
8,875,1200,Sham19Y0017791,1932,238,720,218,58
8,950,1376,Sham19Y0017791,1933,0,673,204,33
8,499,848,JK001332,64,1035,1426,208,68
8,0,296,JK000384,478,640,1118,215,54
8,0,226,JK000325,4,1238,1489,170,82
8,128,553,JK000325,5,70,281,136,38
8,875,1175,Sham19Y0018103,1127,1171,1531,175,58
8,875,1200,Kraken230110004547,404,403,776,180,56
8,884,1200,JK000630,108,940,1352,185,55
8,907,1205,JK008001,4400,477,775,156,56
8,553,1200,JK008001,4403,74,869,347,52
8,58,303,JK008001,6065,1245,1502,193,91
8,161,296,JK008001,6066,7,336,104,39
8,0,365,JK000381,1405,881,1308,244,67
8,875,1200,JK000381,7808,91,563,212,57
8,26,218,Tafsir01005,5043,1327,1524,141,83
8,0,335,JK009160,243,1060,1465,230,66
8,0,383,JK009160,244,942,1382,237,63
8,499,1200,JK009160,391,978,1504,356,62
8,1053,1200,Sham19Y0018176,579,44,195,105,84
8,875,1200,Sham19Y0018176,1285,188,567,177,54
8,0,365,JK000141,859,165,604,275,75
8,128,296,Tafsir02104,584,161,526,123,41
8,499,880,JK000238,143,177,500,206,66
8,884,1200,Rafed0001826,183,214,543,175,57
8,0,296,Shamela0011258,83,637,1316,222,40
8,875,1124,ShamIbadiyya0000050,2027,23,413,160,52
8,16,350,ShamIbadiyya0000050,2347,95,482,230,67
8,875,1182,Sham19Y0127677,307,1113,1440,156,52
8,884,1200,Sham19Y0127677,1351,684,1097,189,54
8,1110,1451,JK000474,3048,271,624,134,37
8,884,1128,Shamela0005756,5088,1136,1430,133,53
8,884,1218,Shamela0005756,9815,1082,1455,174,53
8,549,1048,Shamela0005756,9816,398,723,134,29
8,875,1373,JK000110,330,33,593,228,49
8,13,296,Shamela0012884,1991,837,1311,213,55
8,499,880,JK009379,27,600,919,206,67
8,530,880,Sham19Y0132973,39,1138,1433,190,67
8,13,296,Sham19Y0132973,47,518,1202,188,34
8,0,365,ShamAY0033583,9,674,1141,280,73
8,13,296,Tafsir06048,1160,445,1107,162,27
8,0,365,Shamela0012861,4,1166,1512,238,71
8,0,360,JK000314,17,676,1131,259,70
8,0,230,Shamela0009810,1612,1292,1530,179,91
8,128,296,Shamela0009810,1613,66,442,130,43
8,875,1200,Shamela0096283,132,652,1038,196,61
8,16,829,Shamela0007318,6,721,1537,615,92
8,829,1205,Shamela0007318,7,0,374,296,99
8,875,1373,PV2024060602,330,33,593,223,43
8,880,1200,PV2024060602,3377,133,551,213,62
8,0,365,PV2024060602,4577,407,846,275,75
8,884,1373,PV2024060602,7533,75,640,232,49
8,0,365,Shamela0008473,1771,333,793,282,75
8,0,296,Shamela0008473,1938,592,1270,219,39
8,0,365,Shamela0008473,2632,339,790,274,73
8,1228,1451,Shia002093,137,734,1008,137,56
8,462,880,Shamela0004445,471,724,1176,220,53
8,875,1218,Shamela0012293,836,852,1293,196,53
8,1228,1451,JK006838,77,1086,1363,128,52
8,16,296,Sham19Y0038171,2492,520,1190,160,30
8,875,1200,Sham19Y0013252,2416,156,542,196,61
8,875,1200,Sham19Y0013252,5744,352,731,177,54
8,16,218,Sham19Y0013252,9364,1135,1317,114,64
8,884,1205,Shamela0021659,127,944,1275,166,55
8,58,272,Shamela0021659,443,1275,1498,166,89
8,128,296,Shamela0021659,444,24,405,133,43
8,871,1200,JK007117,879,183,708,222,54
8,1053,1205,JK009152,773,53,210,93,67
8,871,1200,Shamela0012406,194,148,650,221,55
8,871,1200,Shamela0000041,739,757,1273,227,57
8,875,1200,ShamAY0033632,148,407,806,192,58
8,0,221,JK000098,148,1276,1496,176,99
8,221,549,JK000098,149,0,352,234,81
8,16,451,JK000098,289,1094,1529,350,99
8,16,283,Sham19Y0145212,1247,149,430,196,83
8,1074,1210,Sham19Y0145212,3439,898,1041,104,90
8,934,1373,JK000130,452,0,492,209,50
8,871,1200,JK009336,2340,672,1057,199,63
8,0,530,JK000097,527,102,588,279,55
8,0,303,JK000841,19,597,919,242,93
8,13,355,Sham19Y0023618,582,111,531,250,72
8,67,553,JK001045,5,0,438,262,57
8,843,1200,Shamela0025794,1535,366,902,227,54
8,0,365,Shamela0025794,1632,466,915,275,73
8,462,880,Shamela0025794,1967,161,601,218,53
8,0,303,Shamela0025794,4879,1149,1465,242,94
8,143,296,Shamela0025794,4880,0,368,121,41
8,871,1200,JK000030,95,477,973,223,58
8,0,329,JK000030,173,1070,1472,243,72
8,871,1200,ShamAY0032963,4,679,1099,198,58
8,934,1205,Sham19Y0016584,1201,1026,1334,172,65
8,875,1200,Sham19Y0016584,2553,286,665,177,54
8,884,1200,Sham19Y0013572,1034,1124,1498,190,61
8,82,376,Sham19Y0122257,987,15,596,166,33
8,929,1210,Sham19Y0122257,3231,268,640,199,67
8,0,365,JK000312,556,545,961,257,70
8,0,365,JK000056,56,355,763,243,70
8,16,365,JK000056,215,688,1118,246,66
8,884,1200,Zaydiyya0000153,211,249,592,172,57
8,104,365,JK000095,164,5,524,122,29
8,499,1218,Shamela0022921,166,179,774,390,63
8,26,383,AOCP20251104096,32,284,737,257,67
8,0,303,JK008250Vols,549,1081,1387,213,82
8,13,350,JK001137,18,574,1021,238,63
8,16,303,JK007045,250,1134,1435,213,84
8,143,296,JK007045,251,0,347,118,42
8,875,1210,JK007045,856,521,993,214,57
8,494,1044,JK000166,4469,822,1151,136,28
8,0,303,Tafsir02100,151,1136,1439,216,84
8,161,296,Tafsir02100,152,19,310,100,41
8,1228,1451,Shamela0009642,71,1150,1340,122,70
8,875,1200,Shamela0010283,2521,989,1371,194,60
8,861,1200,JK009324,939,219,591,195,61
8,871,1200,Shamela0001466,613,710,1176,218,60
8,880,1200,Shamela0001727,1345,7,425,213,62
8,0,343,Shamela0012981,1961,898,1292,244,74
8,871,1200,Sham19Y0001729,2134,677,1157,221,59
8,875,1200,Sham19Y0018106,1061,791,1177,196,61
8,884,1048,Sham19Y0023644,474,1219,1432,113,68
8,1274,1451,Shamela0001524,678,780,980,100,61
8,0,371,Shamela0001441,38,562,1005,272,72
8,499,880,JK001227,41,408,748,205,63
8,13,283,JK001227,55,901,1556,174,30
8,1114,1451,ShamAY0032921,177,724,1208,188,48
8,929,1200,Sham19Y0014404,357,15,323,173,66
8,875,1200,Sham19Y0016684,493,345,731,196,61
8,875,1200,Sham19Y0016684,1287,456,835,177,54
8,884,1205,JK009390,302,424,755,166,55
8,26,277,JK009390,612,1129,1404,180,80
8,128,296,JK009390,613,19,403,132,42
8,884,1200,JK009390,1249,93,506,185,54
8,0,296,Shamela0007798,4062,268,921,183,32
8,1228,1451,Sham19Y0022797,16,885,1248,162,55
8,0,549,Shamela0004473,3439,447,974,305,60
8,880,1200,Shamela0004473,15397,564,982,213,62
8,871,1200,Sham19Y0020638,1088,436,940,221,56
8,13,365,Tafsir09084,827,904,1351,270,73
8,13,365,Tafsir09084,929,791,1205,239,68
8,880,1200,Sham19Y0017616,404,950,1365,213,62
8,884,1200,Shia003721Vols,377,817,1191,170,52
8,0,365,Tafsir02102,1583,824,1278,275,72
8,833,1200,Shamela0023628,974,394,816,212,62
8,884,1373,ShamAY0034059,1338,848,1399,247,49
8,1244,1451,ShamAY0033590,2,552,753,115,65
8,1228,1451,JK000367,127,71,354,142,60
8,875,1200,Kraken220727035853,115,459,905,188,52
8,880,1138,Shamela0010441,39,1057,1416,172,57
8,0,350,JK000475,2548,1055,1453,231,69
8,1053,1200,JK000489,8,36,199,106,83
8,871,1373,Shamela0023578,1000,578,1246,254,43
8,16,350,Shamela0023578,1207,914,1331,225,65
8,16,899,Shamela0007350,5,585,1443,608,79
8,1262,1451,Shamela0007350,6,0,228,147,82
8,8,371,Shamela0021536,49,995,1436,256,68
8,875,1200,JK009141,132,646,1126,208,54
8,0,296,JK009141,731,484,1095,159,28
8,0,371,JK009141,986,972,1403,257,68
8,0,365,JK000337,8,673,1139,279,73
8,1228,1389,JK000337,17,1204,1390,121,83
9,541,805,JK007082,452,341,621,184,80
9,612,995,Shamela0001453,48,0,424,187,54
9,0,356,JK000682,683,916,1413,262,64
9,1095,1512,JK000764,186,411,765,192,55
9,596,948,Shamela0021766,2039,1077,1365,172,61
9,596,805,Shamela0021766,3676,954,1164,142,85
9,0,301,ShamAY0034447,184,1153,1477,163,56
9,66,641,Zaydiyya0000131,4,4,718,215,30
9,580,805,ShamAY0035960,563,1077,1322,165,86
9,563,805,ShamAY0035960,571,183,427,179,90
9,577,805,Shamela0012740,35,251,510,165,81
9,560,805,JK005004,1018,1281,1497,158,78
9,608,805,Shamela0008363,204,593,781,127,78
9,924,1309,Shamela0008363,416,0,350,195,63
9,541,805,Shamela0021821,1547,705,973,185,84
9,929,1059,Shamela0003055,4109,1326,1462,100,91
9,596,805,Shamela0003055,4389,797,1009,148,86
9,596,805,JK000637,2286,1047,1255,145,85
9,37,356,JK000637,2784,1079,1475,213,66
9,541,805,Shamela0021602,23,203,476,195,87
9,596,1145,JK000090,42,540,1204,299,49
9,0,392,JK000090,46,204,765,271,59
9,541,805,Shamela0009594,3,83,366,193,86
9,541,805,JK000022,2176,608,870,181,81
9,27,356,Shamela0013041,988,971,1419,226,58
9,929,1059,Shamela0008476,510,506,642,100,91
9,81,356,Kraken22041319410300,58,531,959,191,55
9,0,392,JK001332,151,856,1386,261,58
9,596,805,Sham19Y0020891,5190,502,697,138,83
9,599,758,JK000146,88,1365,1537,122,89
9,622,805,JK000146,196,577,762,121,80
9,596,805,JK000465,3331,102,296,143,87
9,612,805,Tafsir01005,4849,1186,1374,138,89
9,541,805,JK000141,39,1116,1385,194,86
9,37,392,Sham19Y0013666,11,481,880,203,60
9,550,805,JK000598,19,239,498,184,88
9,596,805,Shamela0037458,3539,310,504,143,87
9,37,650,JK000474,3048,695,1337,255,39
9,604,948,JK000080,1343,186,593,190,50
9,596,805,Shamela0012884,4245,554,761,143,82
9,550,805,JK000083,273,0,276,194,87
9,622,768,Shamela0010273,2613,890,1028,107,91
9,541,805,Shamela0009810,103,76,348,193,86
9,900,1331,Shamela0007318,7,691,1127,338,94
9,563,805,PV2024060602,3758,4,251,178,87
9,1095,1309,Shamela0008473,3534,297,543,163,83
9,1095,1309,Shamela0008473,3973,1246,1487,162,84
9,541,805,Shamela0008473,4003,169,452,195,84
9,37,356,Shia002093,137,1079,1441,174,52
9,27,356,Shamela0004445,873,58,428,205,65
9,541,805,Shamela0004445,7266,0,282,196,86
9,1126,1309,JK000101,380,225,409,137,93
9,622,805,JK000101,506,487,666,121,79
9,646,805,Shamela0000041,2130,0,151,114,91
9,550,805,JK009158,211,737,993,168,76
9,900,1309,JK000098,289,135,898,279,44
9,599,805,JK000098,295,1245,1450,137,82
9,596,948,JK000098,300,653,936,205,73
9,1090,1309,JK000098,510,416,638,155,79
9,596,805,JK000098,731,650,863,159,94
9,599,805,Sham19Y0145212,3410,1015,1207,136,82
9,596,805,JK009270,4142,266,485,150,86
9,541,805,Shamela0008234,28,13,283,184,85
9,1095,1309,Shamela0009076,256,1064,1305,169,87
9,417,805,JK009265,494,455,851,213,59
9,0,438,JK000467,2171,906,1427,235,53
9,563,805,JK000097,528,1105,1330,164,83
9,37,279,Shamela0006624,111,1173,1452,148,61
9,1126,1309,Shamela0023606,19,680,864,137,93
9,0,356,Sham19Y0127700,5,51,488,256,70
9,599,948,Sham19Y0122257,3204,127,548,184,48
9,631,805,JK000312,24,0,167,124,88
9,1095,1515,Sham19Y0132403,81,1055,1402,200,55
9,905,1087,Shamela0037325,2822,601,785,145,96
9,1090,1309,JK000102,154,1099,1344,166,84
9,596,805,JK000906,8955,362,561,142,85
9,563,805,Shamela0001404,343,762,1026,157,73
9,604,768,Shamela0001466,2799,799,961,123,95
9,560,778,JK005007,785,1323,1516,136,74
9,0,356,Shamela0001524,678,980,1396,202,58
9,541,742,Shamela0021794,33,1298,1511,143,80
9,0,209,ShamAY0032921,177,1208,1476,156,70
9,596,805,Sham19Y0014404,1237,104,324,145,79
9,81,356,JK009390,2054,633,1063,194,55
9,128,641,Sham19Y0022797,17,18,502,207,41
9,541,805,Shamela0029677,951,643,925,203,90
9,1095,1309,Tafsir09084,1797,1096,1341,163,83
9,596,805,Tafsir09084,2040,504,710,149,90
9,596,805,Shamela0001426,39,340,566,148,84
9,580,805,JK000064,355,907,1137,153,79
9,1095,1309,Tafsir02102,3148,976,1207,163,88
9,0,188,JK001293BK1,454,687,893,113,68
9,596,805,Tafsir07057,4291,905,1117,152,87
9,37,398,Shamela0012579,666,438,936,228,56
9,560,805,Shamela0012579,2141,877,1118,171,85
9,88,398,Shamela0012579,2328,0,433,190,53
9,588,805,Shamela0023628,2919,323,551,160,89
9,37,398,ShamAY0033590,2,824,1201,189,54
9,604,805,JK009266,7633,172,372,152,96
9,37,641,JK000367,127,425,951,259,45
9,1126,1309,Sham19Y0020868,29,354,616,136,65
9,541,805,Shamela0023578,2602,634,890,184,89
9,604,874,Shamela0007350,6,1084,1369,195,84
9,0,398,Shamela0007350,6,228,603,293,91
9,915,1309,Shamela0007350,7,4,405,280,83
9,61,356,Shamela0003118,312,12,428,226,66
9,550,805,JK000063,267,459,739,183,78
9,0,646,JK000337,18,89,799,324,45
9,541,805,JK000337,21,925,1210,199,88
10,1241,1524,Shamela0009702,387,256,567,222,88
10,1266,1515,Shamela0007664,306,386,623,129,59
10,1082,1524,Shamela0001453,49,101,431,169,41
10,1266,1515,Shamela0006947,16189,917,1159,129,58
10,1163,1515,Shamela0021809,632,531,876,235,79
10,1163,1524,Shamela0021809,2004,37,435,250,76
10,1244,1524,Shamela0036446,1358,782,1092,203,79
10,1144,1524,Shamela0001304,6,998,1263,161,51
10,1163,1490,Shamela0036515,707,791,1075,184,66
10,1169,1524,JK000764,304,8,342,192,62
10,1258,1515,JK000069,142,555,789,177,84
10,60,646,JK009159,89,281,932,343,59
10,175,610,JK000159,528,970,1379,254,66
10,1232,1524,Rafed0002209Vols,1911,543,871,213,81
10,1235,1524,ShamAY0035960,555,667,999,221,83
10,1118,1524,Shamela0012818,5,967,1413,275,71
10,1163,1310,JK000675,358,1266,1443,93,67
10,1310,1524,JK000675,359,0,264,161,75
10,1209,1524,Shamela0000782,1206,0,362,245,84
10,1286,1515,Shamela0003055,627,0,263,175,82
10,1144,1524,JK000883,419,23,484,246,62
10,1241,1524,JK000090,41,510,831,212,82
10,1227,1524,Shamela0001438,7511,719,1082,208,67
10,1219,1524,Shamela0026484,208,334,1041,191,31
10,1124,1524,Shamela0009270,423,459,936,238,56
10,1244,1524,JK009236,102,520,791,198,82
10,1029,1515,Shamela0003722,2777,901,1240,160,33
10,1163,1402,JK000362,277,534,766,156,78
10,1205,1524,JK009160,251,161,560,205,62
10,1266,1515,Shamela0011730,52,820,1062,129,58
10,1266,1515,Shamela0012094,208,1087,1324,131,60
10,1241,1524,Sham19Y0127677,5246,274,642,204,65
10,905,1281,JK000474,3357,1116,1383,85,22
10,1118,1522,JK000474,3402,194,638,253,63
10,1333,1524,JK000679,149,0,215,150,86
10,1163,1524,PV2024060602,6950,323,714,256,79
10,1199,1524,JK000653,21,297,626,216,72
10,1244,1524,JK000101,548,977,1273,203,81
10,1244,1524,JK000546,11,220,449,146,58
10,92,484,JK000098,361,1071,1501,273,73
10,484,654,JK000098,362,0,328,133,50
10,1244,1524,Sham19Y0145212,1737,1110,1426,211,82
10,1258,1524,JK000481,569,0,334,191,69
10,1244,1524,JK009336,937,417,756,205,74
10,1235,1524,JK000097,513,827,1140,207,78
10,1241,1515,JK001254,10,1006,1314,209,84
10,1244,1524,Sham19Y0122257,1530,327,647,214,83
10,1205,1524,JK001171,118,576,807,150,54
10,1169,1402,JK000382,349,294,537,157,79
10,1169,1402,JK000382,637,1106,1343,161,81
10,1244,1524,JK007045,390,803,1131,196,70
10,1163,1490,Shamela0037551,71,1178,1462,184,66
10,1144,1524,Shamela0012981,986,113,671,244,53
10,1150,1524,Shamela0023700,573,587,989,252,73
10,60,610,JK000533,526,341,892,313,62
10,1118,1524,JK009408,653,614,1084,274,69
10,1241,1524,Shamela0004473,9623,968,1268,205,82
10,1244,1398,Tafsir02102,1951,1219,1388,117,86
10,1163,1398,Shamela0011146,87,99,310,141,71
10,92,610,JK001187,144,573,1075,300,67
10,1163,1524,JK000140,1165,579,970,256,79
10,3,938,Shamela0007350,11,452,1131,475,60
10,1244,1524,JK001236,275,224,438,131,51
10,1343,1515,Shamela0003118,2850,0,177,110,67
10,182,610,JK000337,5,0,511,314,75
10,1205,1524,Shamela0021494,329,683,1043,204,62
11,258,452,ShamAY0033741,20,418,632,134,72
11,302,452,JK000298,4502,613,808,110,70
11,703,1048,JK009159,174,677,1010,220,72
11,1135,1496,ShamAY0034447,46,772,1130,233,71
11,182,339,JK000675,76,1226,1406,95,67
11,244,452,Shamela0000782,353,0,226,140,74
11,261,465,JK000637,3632,279,485,120,67
11,302,452,JK007006,1533,363,557,110,71
11,302,452,JK009274,853,1128,1276,110,92
11,812,1061,Zaydiyya0000359,94,212,479,192,84
11,164,658,JK000021,889,827,1260,151,30
11,175,452,JK000021,2032,462,734,174,73
11,158,711,Shamela0010798,3164,311,857,213,36
11,133,452,Shamela0007435,770,790,1153,230,77
11,261,452,JK001012,350,740,930,113,68
11,269,452,Shia001432Vols,26910,859,1055,130,79
11,302,452,JK008001,6145,101,260,110,86
11,283,452,Tafsir01005,5441,6,184,127,89
11,261,452,JK000080,230,1151,1353,131,76
11,812,1048,JK001297,43,58,251,137,71
11,302,452,JK001297,422,1222,1390,95,63
11,258,469,Shamela0012884,5268,338,531,126,71
11,287,788,Shamela0026884,592,0,395,173,33
11,258,452,JK009379,66,559,741,121,73
11,193,452,JK000485,596,1061,1311,182,87
11,118,452,JK009150,333,0,302,202,72
11,292,452,Shamela0010273,3109,1102,1264,109,79
11,193,452,PV2024060602,6130,548,822,172,75
11,164,465,Shamela0008473,5020,871,1178,190,72
11,164,452,Shia003101Vols,152,799,1066,169,72
11,175,465,Shamela0004445,67,597,899,189,74
11,193,452,Shamela0012862,820,1153,1411,163,73
11,283,452,Shia001383,91,681,857,117,79
11,261,452,JK000098,290,200,391,144,91
11,158,452,Shamela0009107BK1,2,1027,1333,205,80
11,269,452,Shia004012,114,76,266,130,81
11,283,452,Shia001171,550,306,460,113,81
11,236,452,Shamela0036543,2121,374,610,122,60
11,258,452,Sham19Y0014592,928,1170,1401,135,69
11,587,1048,Sham19Y0132403,41,803,1365,320,66
11,480,812,Shamela0036357,1410,1065,1401,208,75
11,283,452,Shamela0008353,430,1335,1518,119,77
11,193,465,ShamAY0033053,533,714,1010,178,72
11,193,452,Shamela0012981,1661,776,1039,168,75
11,241,452,Sham19Y0023644,144,560,784,153,83
11,1226,1496,JK000533,1666,1187,1452,192,87
11,302,452,JK009390,2018,304,452,110,92
11,302,452,Tafsir09084,2597,1275,1418,92,69
11,133,517,JK000916,3828,1123,1448,215,68
11,94,686,JK000916,3829,178,753,272,45
11,115,435,Shamela0012579,492,800,1059,149,60
11,305,452,ShamAY0034059,6609,790,931,105,86
11,193,452,JK000140,345,825,1099,172,75
11,21,452,Shamela0023578,2957,589,1011,196,43
11,1213,1496,Shamela0007350,13,754,1054,220,92
11,525,1123,Shamela0007350,19,0,555,397,77
11,269,452,Shamela0003118,1418,0,189,135,86
11,207,452,JK000629,16,89,338,179,88
11,207,452,JK000629,484,1106,1339,154,71
11,236,452,JK009245,814,672,909,152,76
11,193,452,JK009141,1065,491,734,151,66
11,1143,1449,JK000337,6,930,1361,236,69
12,334,554,JK000735,72,334,541,138,72
12,0,120,ShamAY0034447,46,1130,1247,92,95
12,1046,1520,Shamela0003055,623,566,957,234,54
12,412,570,JK000637,2406,1323,1459,94,75
12,400,511,Shamela0001438,8087,383,503,84,90
12,334,517,Shamela0009567,661,403,597,122,77
12,334,788,ShamAY0032826,1068,597,953,188,49
12,276,546,JK000485,953,1124,1322,133,65
12,811,1309,Shamela0007318,2,1141,1517,177,41
12,1309,1520,Shamela0007318,3,36,247,171,99
12,764,1295,ShamAY0032952,3,209,808,411,84
12,334,724,ShamAY0034644,281,749,1134,134,33
12,531,778,JK000098,303,1249,1492,190,92
12,778,1520,JK000098,304,0,738,583,96
12,334,517,Shamela0025794,1739,35,236,129,80
12,1046,1520,JK001254,7,126,498,239,57
12,352,517,JK000486,327,1216,1376,116,90
12,140,592,Shamela0030623Vols,383,417,807,173,45
12,276,511,Shamela0030623Vols,410,784,1043,136,64
12,380,517,Shamela0001524,544,319,479,107,85
12,740,1295,JK007043,2262,360,781,159,34
12,276,511,Shamela0012579,1448,1102,1316,132,73
12,334,554,JK000475,2212,370,586,138,72
12,0,106,Shamela0007350,13,1054,1183,83,80
12,409,511,Shamela0003118,3212,825,927,80,100
12,352,517,JK000943,79,190,385,124,79
13,633,988,JK001333,91,1082,1473,230,68
13,205,614,Shamela0021809,3038,16,468,293,77
13,667,988,Shamela0021809,3072,4,335,230,85
13,345,602,Kraken220413202218,1203,387,672,175,72
13,732,998,Kraken220413030928,179,932,1221,192,76
13,768,1003,Sham19Y0017063,322,0,266,180,85
13,729,1129,Shamela0023685,997,469,871,230,65
13,667,900,JK000764,174,1214,1442,167,85
13,729,1134,JK000069,117,156,532,227,65
13,633,1134,JK001435,17,812,1395,279,57
13,683,1003,JK007054,808,409,737,181,60
13,143,614,Shamela0021570,95,360,858,290,70
13,143,614,JK006801,1224,921,1381,285,70
13,732,1003,Shamela0003055,624,434,732,215,89
13,249,642,Shia002069Vols,367,0,401,259,74
13,667,998,Shamela0008970,181,829,1198,248,83
13,289,570,Shamela0021765,694,1179,1472,189,75
13,729,988,Sham19Y0016976,564,454,749,206,87
13,1205,1448,Rafed0002654Vols,6056,1266,1512,198,97
13,312,614,JK000637,797,0,311,203,75
13,712,988,JK000090,40,1119,1432,220,88
13,345,614,Shamela0001438,4642,667,976,199,76
13,759,988,JK009274,901,281,528,151,67
13,662,1134,Sham19Y0131521,5185,51,520,275,61
13,279,778,JK000022,2059,0,589,294,55
13,0,289,Shamela0010906,1411,735,985,105,39
13,0,350,Shamela0010906,3352,1162,1448,118,36
13,391,623,JK000001,3209,77,273,129,68
13,729,1134,Sham19Y0017791,520,0,359,233,64
13,667,988,Shamela0001442,986,465,800,238,84
13,286,778,JK001332,265,701,1239,285,59
13,732,1134,JK000325,4,516,945,242,57
13,732,998,Shamela0009099,92,420,714,204,85
13,326,614,JK000829,144,0,311,205,77
13,179,462,JK000002,36,852,1123,171,70
13,783,1003,JK008001,3737,935,1360,175,51
13,345,637,JK008001,6073,964,1348,210,65
13,732,1021,JK009160,248,311,568,158,59
13,667,994,JK009160,251,713,1039,177,56
13,667,1134,JK000142,884,55,527,278,62
13,286,447,JK011712,664,140,279,109,86
13,729,1145,JK009313,5382,953,1360,232,60
13,316,602,Zaydiyya0000328,635,1128,1457,194,67
13,345,637,Sham19Y0127677,2772,1069,1399,206,74
13,192,614,JK000474,4359,4,471,301,77
13,732,1003,JK000080,1189,236,551,212,84
13,729,988,Shamela0026568,880,1304,1577,191,83
13,286,637,Sham19Y0132973,86,874,1254,231,71
13,667,895,Sham19Y0020591,1438,359,597,173,89
13,729,988,Hindawi030536269,257,1023,1291,201,94
13,205,447,JK000485,1337,1125,1373,170,80
13,462,614,JK000485,1338,0,159,114,85
13,732,988,Sham19Y0132416,144,236,503,190,85
13,732,1134,PV2024060602,5481,0,408,244,66
13,783,1105,JK005020,911,1072,1382,158,53
13,732,998,Shamela0011279,3,882,1157,201,88
13,286,614,Sham19Y0038171,1201,989,1432,189,48
13,312,637,Sham19Y0038171,2486,568,961,222,67
13,783,988,Shamela0021659,1360,592,799,143,77
13,732,1003,MMS00016,144,847,1141,197,77
13,800,994,Kraken220413030905,304,0,248,150,75
13,732,1003,JK000098,360,926,1233,216,87
13,749,988,Shia002264,567,304,644,179,66
13,186,614,JK000481,582,632,1109,305,77
13,312,602,JK009251,9,395,747,206,69
13,736,982,EScr20120309,248,0,220,166,81
13,1205,1428,Shia004092Vols,6385,1284,1503,175,93
13,667,1134,JK000467,405,114,851,294,47
13,732,1134,JK001045,4,731,1118,237,62
13,289,623,JK000030,133,287,678,241,73
13,786,1003,JK001254,8,0,238,174,91
13,729,988,JK000415,420,982,1211,158,69
13,94,439,Shamela0012750,392,936,1383,170,45
13,424,614,Shamela0012750,393,0,174,125,78
13,729,1134,JK007004,234,615,923,226,68
13,732,988,JK000010,106,641,924,200,88
13,667,994,ShamAY0035253,46,416,862,211,54
13,732,1134,JK007045,240,563,933,247,71
13,286,614,Sham19Y0036110,79,1127,1479,226,75
13,732,998,Shamela0007546,3,1104,1381,202,88
13,647,1134,Shamela0012981,1131,188,631,233,48
13,159,515,Shamela0023700,2475,1072,1474,215,65
13,662,1134,Shamela0001524,1712,726,1202,287,68
13,127,614,Shamela0021481,243,409,924,334,77
13,286,602,JK001227,101,1000,1375,226,72
13,119,614,JK009408,2128,558,1129,320,67
13,165,614,JK000778,585,498,989,300,72
13,223,614,JK000778,1068,0,446,288,77
13,729,953,JK009390,2185,1156,1375,127,61
13,321,637,JK009390,3097,695,1051,224,75
13,732,968,Shamela0004473,3438,1272,1513,187,94
13,754,982,Sham19Y0017817,65,0,234,167,86
13,797,982,Shamela0004482,653,950,1154,143,87
13,732,988,JK000105,1116,138,426,203,88
13,216,637,Shamela0010900,17,119,577,289,73
13,136,586,ShamAY0034585,408,594,1449,249,33
13,286,462,Zaydiyya0000013,165,1018,1176,107,72
13,667,1134,Shamela0012579,1103,259,971,270,47
13,312,637,ShamAY0035035,9755,325,718,215,65
13,289,1134,Shamela0007350,10,64,898,442,57
13,286,462,Shamela0021536,97,1196,1357,111,75
13,667,1003,JK000337,4,744,1126,264,87
13,667,895,Sham19Y0014601,5146,491,729,173,89
13,809,1134,Sham19Y0014601,5147,0,352,183,56
14,703,1462,Shamela0036446,1462,0,842,537,78
14,488,1462,JK000263,57,17,1047,532,54
14,631,1390,JK001435,47,9,701,361,51
14,0,246,JK000159,1164,57,357,172,69
14,527,1462,Shamela0008363,464,182,1162,393,41
14,565,1462,Sham19Y0005725,35,245,1169,426,50
14,842,1413,JK006801,150,0,576,245,43
14,488,1462,JK000883,442,412,1203,398,43
14,854,1390,JK000883,1635,29,547,260,52
14,631,964,Shamela0021765,523,717,1503,183,28
14,971,1408,Shamela0021765,524,77,516,238,59
14,0,249,Shamela0029725,14,691,962,190,88
14,0,258,Rafed0002654Vols,6057,33,284,191,93
14,0,249,Rafed0002654Vols,8401,988,1243,193,94
14,17,222,Rafed0002654Vols,9051,1070,1466,151,47
14,0,249,Rafed0002654Vols,11171,443,702,196,96
14,27,246,Rafed0002654Vols,12514,302,685,139,44
14,615,964,JK000637,3893,1121,1443,237,83
14,935,1462,JK000637,3894,0,593,379,78
14,1129,1462,Shamela0021602,104,1000,1292,204,73
14,615,1256,JK000776,527,789,1444,335,56
14,494,1462,JK000776,529,46,1137,697,78
14,464,748,JK006833,69,1256,1494,139,57
14,748,1462,JK006833,70,0,640,391,59
14,664,1442,Zaydiyya0000359,94,501,908,300,48
14,986,1319,Shamela0013041,202,833,1184,187,61
14,867,1229,JK000001,345,0,340,198,62
14,1017,1397,Sham19Y0122096,984,230,615,218,65
14,664,1447,JK008001,2871,159,1088,442,54
14,588,1462,JK000381,1742,37,931,442,53
14,645,1229,JK009298,144,867,1329,265,50
14,620,1031,JK009313,4200,552,774,158,47
14,0,249,Shamela0022341,9,911,1175,174,78
14,464,740,JK000598,17,1196,1468,153,58
14,740,1462,JK000598,18,0,711,451,71
14,635,986,JK000080,247,543,886,198,61
14,623,1413,JK000080,1343,552,1428,579,81
14,620,1136,Shamela0012884,4750,1160,1496,181,41
14,842,1447,Shamela0012884,5010,0,618,295,50
14,794,1462,JK000083,267,28,685,338,55
14,0,233,Shamela0004445,3633,1176,1416,172,86
14,571,859,Shamela0004445,7271,1233,1504,200,85
14,864,1462,Shamela0004445,7272,0,648,433,80
14,623,1223,Sham19Y0038171,413,89,805,282,42
14,935,1447,Sham19Y0038171,415,4,529,253,49
14,488,1462,Shamela0012862,890,54,1078,680,79
14,541,1132,JK001492,991,996,1404,270,55
14,620,1031,JK001303,582,28,237,157,48
14,464,1462,JK009158,210,104,1169,676,75
14,623,1164,JK000098,300,895,1444,416,94
14,1164,1462,JK000098,301,0,300,240,99
14,623,1462,JK000098,738,529,1364,655,97
14,971,1462,Shamela0008234,26,0,464,252,56
14,541,763,JK000248,33,377,577,151,86
14,571,775,JK009265,499,1321,1504,138,86
14,775,1462,JK009265,500,0,725,477,78
14,0,258,Shia004092Vols,6386,53,303,190,93
14,0,241,Shia004092Vols,8694,1304,1549,187,94
14,0,249,Shia004092Vols,11283,279,532,192,94
14,27,246,Shia004092Vols,12481,10,395,139,44
14,17,246,Shia004092Vols,13177,908,1328,165,50
14,553,1462,JK000483,46,543,1441,423,47
14,583,1462,ShamAY0033053,546,0,966,633,80
14,480,986,Shamela0012981,1819,887,1377,332,78
14,977,1462,Shamela0012981,1820,13,520,355,86
14,535,1361,Zaydiyya0000049,546,580,1154,230,30
14,664,1462,Shamela0021794,36,10,842,419,54
14,488,1462,Shamela0021794,37,393,1440,557,58
14,1051,1462,Shamela0021794,39,0,451,243,61
14,986,1319,Shamela0021794,40,0,358,182,60
14,635,1150,Shamela0021794,41,881,1480,252,46
14,1150,1462,Shamela0021794,42,0,318,137,47
14,603,1447,JK000786,528,470,1376,418,49
14,893,1447,JK009390,47,30,584,265,49
14,664,1462,JK009390,3139,115,849,493,75
14,515,1462,Shamela0007798,8493,500,1202,460,56
14,541,763,Shamela0004473,7785,593,793,151,86
14,488,1462,Sham19Y0017817,400,58,875,361,37
14,928,1462,Shamela0029677,946,6,522,277,57
14,737,1319,Shamela0029677,947,896,1324,221,44
14,488,1390,JK000105,189,163,1004,386,45
14,851,1462,JK000105,216,7,721,375,60
14,65,249,JK000916,16251,0,192,143,94
14,470,1462,Shamela0010480,946,507,1339,395,40
14,61,246,ShamAY0034059,4308,1066,1267,142,87
14,664,1129,JK007070,928,1039,1522,290,67
14,1047,1223,ShamAY0035035,1298,34,256,103,50
14,1178,1462,Shamela0007350,20,1140,1420,209,91
14,0,249,Shamela0007350,20,479,742,184,84
14,0,249,Shamela0003118,4756,975,1233,194,95
14,480,1369,JK000063,275,631,1503,362,41
14,603,1447,Shamela0008206,811,219,1084,420,50
15,0,495,Shamela0036446,1462,842,1419,359,73
15,0,460,ShamAY0033926,44,259,746,236,48
15,33,460,JK001487,243,224,646,203,53
15,807,1382,Shamela0008232,6,405,1287,400,53
15,33,460,Shamela0021765,524,598,1029,219,56
15,0,495,JK000637,3894,593,1188,356,70
15,33,460,Shamela0001438,90,264,703,248,66
15,0,474,JK000776,528,237,671,262,61
15,0,272,JK000776,529,1137,1467,205,76
15,0,495,JK006833,70,640,1222,375,78
15,625,929,Shamela0010906,1975,654,928,133,45
15,286,460,JK008001,2872,194,353,114,76
15,0,551,JK000381,1742,931,1496,282,53
15,0,582,JK000598,18,711,1324,361,64
15,33,460,Sham19Y0127677,38,340,755,220,59
15,0,495,JK000080,1344,58,660,364,72
15,24,460,Shamela0012884,5010,667,1100,218,56
15,894,1336,JK000599,45,443,893,295,73
15,0,495,Shamela0004445,7272,648,1213,349,73
15,75,460,Sham19Y0038171,415,588,955,203,61
15,0,295,Shamela0012862,890,1078,1459,211,67
15,0,203,JK009158,210,1169,1436,153,72
15,203,590,JK009158,211,0,349,218,65
15,0,613,JK000098,301,300,881,448,89
15,0,149,JK000098,738,1364,1512,119,99
15,149,568,JK000098,739,0,391,312,90
15,5,495,JK009265,500,725,1286,332,69
15,0,465,ShamAY0033053,546,974,1519,332,70
15,0,504,Shamela0012981,1820,520,1121,364,71
15,710,1478,Shamela0010835,17,561,1409,513,68
15,0,460,Shamela0021794,36,842,1303,262,60
15,75,460,Shamela0021794,39,544,950,219,61
15,75,460,JK000786,529,64,459,208,60
15,33,460,JK009390,47,641,1059,218,58
15,697,1336,Shamela0007798,8493,506,1177,252,36
15,264,934,Shamela0007798,8494,0,438,224,40
15,807,1336,Shamela0004473,8476,764,1304,362,76
15,0,460,Shamela0029677,946,522,991,250,55
15,0,247,Shamela0029677,947,255,718,117,29
15,0,559,JK000105,216,721,1369,298,51
15,0,495,JK007070,929,234,619,209,44
15,212,460,ShamAY0035035,1300,41,268,145,71
15,724,1478,Shamela0030592Vols,17,175,999,510,70
16,371,1100,Kraken220413194022,2734,0,871,509,70
16,416,1031,JK000263,16,351,1110,445,71
16,416,873,Shamela0023685,1151,1030,1619,334,68
16,873,1075,Shamela0023685,1152,0,198,138,81
16,302,1070,ShamAY0035960,562,605,1545,568,74
16,175,1141,Shamela0030340,5,43,1176,692,75
16,266,915,Sham19Y0123510,257,786,1546,435,65
16,915,1100,Sham19Y0123510,258,0,204,139,84
16,289,559,Shamela0002863,794,1126,1426,198,80
16,559,1100,Shamela0002863,795,0,707,404,70
16,416,774,JK000090,41,1049,1466,270,80
16,817,1100,JK000090,42,140,436,207,82
16,302,1100,Sham19Y0017581,345,515,1467,580,74
16,302,1100,JK001414,2699,129,1062,577,75
16,302,507,JK000378,165,1328,1521,147,88
16,507,1100,JK000378,166,0,731,430,72
16,297,507,JK000494,52,1248,1447,149,87
16,492,1108,JK000494,53,0,743,457,75
16,416,721,Shamela0026568,1041,1206,1547,229,82
16,721,1075,Shamela0026568,1042,0,441,242,65
16,437,725,Shamela0012884,4750,1210,1496,197,77
16,725,1100,Shamela0012884,4751,0,579,273,58
16,289,1100,Sham19Y0013241,455,575,1510,590,76
16,445,1100,Sham19Y0132973,643,0,772,480,75
16,302,817,JK000083,221,767,1341,372,80
16,835,1100,JK000083,222,9,321,199,78
16,83,529,Shamela0012861,2,53,389,205,54
16,445,662,Sham19Y0132416,39,1248,1456,156,87
16,662,1156,Sham19Y0132416,40,0,629,336,65
16,289,1279,Shamela0008473,4483,40,1146,634,65
16,283,733,Shamela0004445,6974,974,1456,334,83
16,739,1108,Shamela0004445,6975,8,514,273,65
16,283,1282,Shamela0004445,7271,227,1289,643,68
16,289,457,Sham19Y0038171,413,1295,1472,115,77
16,457,1108,Sham19Y0038171,414,0,819,486,72
16,289,774,JK001492,992,592,970,229,55
16,0,451,JK000098,365,1128,1549,325,88
16,451,1511,JK000098,366,0,1165,819,87
16,416,1025,Shamela0010488,49,103,1005,324,43
16,283,1100,JK009265,196,572,1514,582,74
16,283,1279,JK009265,499,299,1374,624,65
16,302,1108,JK000097,520,477,1451,584,73
16,662,952,AOCP20251104096,66,1244,1636,202,62
16,652,1031,JK007044,1663,112,410,169,52
16,180,597,Shamela0010835,16,974,1510,308,71
16,597,1100,Shamela0010835,17,0,568,378,82
16,445,1332,JK000105,188,59,1321,526,46
16,180,502,ShamAY0034585,81,1130,1428,147,52
16,289,1017,ShamAY0035035,1298,656,1534,519,71
16,658,1031,ShamAY0035035,10089,766,1265,266,64
16,302,522,ShamAY0035950,122,1196,1429,157,80
16,514,745,ShamAY0035950,123,948,1230,178,79
16,757,1100,ShamAY0035950,124,0,446,256,70
16,42,374,JK000337,15,1223,1480,118,38
16,374,1141,JK000337,16,0,940,525,67
16,289,1100,JK000147,321,440,1460,602,73
16,180,952,Shamela0030592Vols,16,573,1522,581,75
17,1005,1187,Shamela0007318,7,1289,1471,144,99
17,0,302,JK000098,366,1165,1467,240,100
18,3,213,ShamAY0034447,46,794,1237,114,29
18,116,227,ShamAY0035960,568,1265,1398,90,83
18,705,1028,JK000675,428,749,1066,166,60
18,116,463,JK000090,55,169,514,129,36
18,321,507,JK000325,5,1240,1425,125,84
18,532,737,Shamela0007318,8,205,423,117,66
18,353,630,JK000098,295,1122,1235,84,39
18,248,474,JK000098,364,1070,1282,148,83
18,321,577,JK001045,6,36,270,143,67
18,280,902,Shamela0007350,6,847,1121,164,33
18,801,1353,Shamela0007350,7,828,1269,245,50
18,3,430,Shamela0007350,13,754,1363,187,33
18,110,430,JK000337,7,122,535,138,32
18,248,499,JK000337,15,994,1255,152,77
18,1161,1393,JK000337,16,925,1239,170,67
19,660,1090,ShamAY0035990,225,285,465,130,37
19,1265,1491,ShamAY0035990,226,0,218,167,92
19,457,903,Masaha004105Vols,22,588,1524,311,41
19,903,1491,Masaha004105Vols,23,0,695,444,78
19,472,1279,Shamela0021809,2353,352,1532,598,63
19,660,1485,Shamela0036446,1165,205,1018,603,87
19,517,1491,Sham19Y0017063,1519,385,1495,685,73
19,499,1401,Shamela0023685,737,400,1507,629,68
19,759,1491,Shamela0023685,763,122,604,324,52
19,1019,1391,Sham19Y0122397,75,22,431,166,45
19,368,639,JK007063,394,1031,1357,184,72
19,660,1491,JK007063,395,139,1041,630,85
19,449,639,Sham19Y0148271,1831,1214,1453,129,67
19,660,1491,Sham19Y0148271,1832,226,1152,638,85
19,499,748,JK007065,339,876,1390,147,35
19,748,1485,JK007065,340,0,717,537,88
19,663,1485,Sham19Y0013614,812,87,915,601,86
19,660,913,Shamela0037837,839,1053,1346,175,70
19,922,1485,Shamela0037837,840,90,780,386,65
19,1012,1279,Shamela0021715,5421,878,1108,175,78
19,539,1485,Shamela0021715,5998,4,1173,675,69
19,375,1077,Shamela0021821,1012,25,1039,400,47
19,668,1491,ShamAY0034005,1263,0,859,612,85
19,660,1485,Sham19Y0016976,1814,49,880,603,86
19,572,949,AOCP2023090638Vols,68,808,1617,233,35
19,513,1485,Sham19Y0014119,589,213,1327,682,73
19,770,1485,Shamela0001438,7581,0,694,519,88
19,576,1415,Shamela0001438,8361,579,1468,416,44
19,1136,1491,Shamela0001438,8362,0,377,274,89
19,770,1485,JK009274,445,4,706,520,87
19,489,1015,Shamela0009898,44,887,1485,338,67
19,1019,1485,Shamela0009898,45,11,476,340,87
19,489,1233,Shamela0010906,134,438,1449,529,64
19,1246,1485,Shamela0010906,135,5,233,179,94
19,1012,1279,Sham19Y0013605,2866,510,740,175,78
19,660,1485,Sham19Y0013605,3096,400,1523,610,65
19,510,894,JK010322,27,757,1333,198,40
19,517,1485,Sham19Y0127656,456,99,1236,687,72
19,517,1442,Sham19Y0017791,2005,924,1477,255,29
19,930,1485,Sham19Y0017791,2006,10,574,417,88
19,837,1485,Sham19Y0017791,2009,14,1080,465,53
19,660,1485,JK000384,307,214,1121,610,81
19,489,1485,Shamela0005816,44,223,1307,681,74
19,1012,1279,Sham19Y0018103,2298,989,1219,175,78
19,472,832,Sham19Y0018103,2514,867,1484,215,43
19,832,1485,Sham19Y0018103,2515,0,638,489,92
19,660,1485,Kraken230110004547,629,105,971,608,84
19,660,1481,Sham19Y0018144,105,183,1032,587,82
19,660,1485,JK008001,4332,520,1334,609,89
19,596,1491,JK009160,195,0,1194,665,68
19,1012,1279,Sham19Y0018176,1295,231,461,175,78
19,472,1090,Sham19Y0018176,1451,572,1458,410,57
19,1090,1485,Sham19Y0018176,1452,0,369,284,89
19,864,1491,Sham19Y0020594,134,302,1204,394,52
19,576,1485,Sham19Y0127677,5306,23,973,614,74
19,660,1485,Shamela0010803,22,392,1243,609,85
19,1012,1279,Shamela0005756,9866,484,714,175,78
19,472,890,Shamela0005756,10484,748,1436,251,44
19,894,1485,Shamela0005756,10485,0,585,445,92
19,660,1485,Shamela0026568,701,601,1449,603,85
19,759,1491,Shamela0026568,727,1018,1511,333,54
19,1012,1279,JK000110,897,308,538,175,78
19,748,1485,JK000110,1016,0,715,548,91
19,517,748,Shamela0012884,2997,601,1022,146,44
19,1023,1438,Shamela0012884,2997,1042,1473,270,74
19,546,1423,Shamela0026884,565,9,1436,618,52
19,705,1485,Shamela0096283,321,24,779,575,90
19,0,316,Shamela0007318,8,765,1080,237,88
19,510,1491,Shamela0007318,9,65,998,728,92
19,1012,1279,PV2024060602,897,308,538,175,78
19,748,1485,PV2024060602,1016,0,715,548,91
19,457,884,Shamela0008473,2773,704,1467,301,49
19,884,1491,Shamela0008473,2774,0,646,455,84
19,462,759,Shamela0004445,1179,940,1475,163,37
19,759,1485,Shamela0004445,1180,0,702,537,91
19,483,1282,JK006838,389,17,766,354,42
19,1012,1279,Sham19Y0013252,5771,275,505,175,78
19,472,1485,Sham19Y0013252,6155,128,1384,705,68
19,576,1442,Shamela0021659,620,518,1434,590,74
19,660,1485,JK009152,2231,187,1026,599,84
19,660,1491,Shamela0012406,528,31,966,554,65
19,499,767,JK001303,259,1016,1440,176,51
19,770,1491,JK001303,260,7,711,534,89
19,1069,1491,Shamela0000041,1435,0,447,308,82
19,556,1491,JK000098,146,0,934,725,95
19,903,1485,Sham19Y0145212,3569,75,656,439,91
19,1246,1485,Sham19Y0145212,3570,7,236,168,88
19,770,1455,JK000977,179,1037,1359,168,31
19,520,1485,Sham19Y0014328,523,284,1113,519,60
19,510,903,ShamAY0037387,141,741,1458,276,48
19,903,1491,ShamAY0037387,142,0,604,459,93
19,660,1485,JK009336,3231,128,973,605,85
19,660,1491,Shamela0012031,36,253,1169,623,83
19,472,701,Shamela0025794,3351,965,1490,158,38
19,701,1491,Shamela0025794,3352,20,834,609,92
19,510,1233,Sham19Y0127700,87,505,1460,496,62
19,1012,1279,Sham19Y0016584,2568,24,254,175,78
19,660,1348,Sham19Y0016584,2827,802,1516,508,84
19,660,1395,Sham19Y0122257,3335,422,630,110,17
19,869,1485,Sham19Y0122257,3336,532,1140,459,90
19,472,1447,ShamAY0037386,11,129,1454,713,67
19,45,316,Shamela0037325,2822,208,471,209,97
19,499,1012,JK007045,885,689,1349,346,63
19,1090,1485,JK007045,886,0,381,289,90
19,489,1395,Shamela0035100,540,817,1460,219,22
19,869,1485,Shamela0035100,541,0,637,471,90
19,513,741,Shamela0008353,731,690,1310,146,30
19,656,792,Shamela0008353,732,256,383,99,91
19,741,1360,Meshkat00042488,935,692,1530,448,64
19,660,1485,Sham19Y0009800,471,130,964,592,83
19,439,1423,Shamela0010835,69,40,1459,709,62
19,454,894,Shamela0023700,24,743,1396,261,47
19,416,1325,Sham19Y0001729,68,369,1466,586,63
19,1012,1279,Sham19Y0018106,2428,933,1163,175,78
19,472,1246,Sham19Y0018106,2649,430,1467,521,61
19,1246,1485,Sham19Y0018106,2650,0,228,179,94
19,483,864,Shamela0001524,1800,840,1479,245,46
19,869,1485,Shamela0001524,1801,4,635,444,82
19,472,917,Sham19Y0016684,1395,745,1438,273,48
19,917,1485,Sham19Y0016684,1396,0,555,426,91
19,368,949,Shia001421Vols,211,459,1461,373,47
19,930,1491,Shia001421Vols,212,0,647,425,80
19,576,1485,JK009390,1144,21,986,623,75
19,499,1485,JK009390,7539,221,1248,644,71
19,505,1491,Tafsir09084,1374,356,1374,534,52
19,499,1485,ShamAY0034434,82,132,1209,689,76
19,489,841,Shamela0023644,381,944,1496,221,49
19,1053,1485,Shamela0023644,382,486,956,310,78
19,483,1344,Shamela0023628,2224,357,1480,595,63
19,84,309,Shamela0007350,8,0,214,142,74
19,394,770,JK000337,18,1075,1482,264,78
19,770,1491,JK000337,19,0,764,555,89
19,546,1485,Shamela0012935,117,9,1053,654,74
19,439,639,Shamela0030592Vols,55,1044,1289,131,66
19,660,1491,Shamela0030592Vols,56,100,1051,636,82
19,875,1491,Shamela0030592Vols,57,0,388,255,48
20,47,908,ShamAY0035990,226,438,1349,631,82
20,0,752,Masaha004105Vols,23,699,1465,546,84
20,752,1193,Masaha004105Vols,24,0,568,342,73
20,1218,1482,Masaha004105Vols,24,1059,1371,185,73
20,7,1193,Shamela0021809,2354,222,1408,878,87
20,1193,1484,Shamela0021809,2355,129,902,174,25
20,0,462,Shamela0036446,1165,1018,1464,345,92
20,462,1484,Shamela0036446,1166,0,1437,741,62
20,3,1259,Sham19Y0017063,1520,0,1482,904,72
20,1259,1484,Sham19Y0017063,1521,0,446,173,47
20,0,1218,Shamela0023685,738,80,1435,876,76
20,1222,1484,Shamela0023685,739,79,518,199,56
20,559,1259,Shamela0021766,4180,271,1513,378,35
20,0,422,JK007063,395,1041,1457,326,96
20,422,1193,JK007063,396,0,778,593,93
20,1218,1419,JK007063,396,1270,1485,160,92
20,722,1068,ShamAY0034447,2237,943,1400,229,61
20,7,326,Sham19Y0148271,1832,1157,1487,251,93
20,326,1316,Sham19Y0148271,1833,0,1483,750,62
20,0,803,JK007065,340,717,1465,581,90
20,807,1484,JK007065,341,0,1146,497,53
20,0,582,Sham19Y0013614,812,915,1465,428,90
20,582,1484,Sham19Y0013614,813,0,1373,646,57
20,1230,1419,JK009291,22,1394,1579,109,69
20,0,718,Shamela0037837,840,780,1454,515,88
20,718,1168,Shamela0037837,841,0,437,321,86
20,1259,1484,Shamela0037837,842,23,495,171,44
20,0,292,Shamela0021715,5998,1173,1455,218,92
20,299,1482,Shamela0021715,5999,0,1459,850,70
20,1247,1442,Shamela0021715,6000,127,330,137,81
20,0,722,Shamela0021715,6004,312,1432,531,58
20,722,908,Shamela0021715,6005,0,279,145,63
20,1247,1442,Shamela0021715,6007,437,673,138,71
20,545,1462,Sham19Y0016946,520,577,1185,394,52
20,0,605,ShamAY0034005,1263,859,1464,455,90
20,605,1484,ShamAY0034005,1264,0,1333,649,59
20,0,617,Sham19Y0016976,1814,880,1464,455,91
20,617,1484,Sham19Y0016976,1815,0,1342,620,56
20,130,1354,Sham19Y0014119,590,0,1468,880,71
20,1247,1442,Sham19Y0014119,591,294,494,139,84
20,0,828,Shamela0001438,7581,694,1462,590,89
20,828,1482,Shamela0001438,7582,0,1063,460,52
20,7,1044,Shamela0001438,8362,382,1476,801,91
20,1218,1482,Shamela0001438,8363,648,939,199,84
20,0,823,JK009274,445,706,1460,586,89
20,828,1193,JK009274,446,7,356,256,86
20,1222,1482,JK009274,446,786,1052,189,85
20,0,998,Shamela0009898,45,476,1446,737,91
20,998,1482,Shamela0009898,46,0,785,343,52
20,1247,1438,Shamela0009898,47,63,260,135,82
20,1222,1442,Shamela0001440Vols,514,197,460,162,77
20,0,1193,Shamela0010906,135,233,1402,874,88
20,1218,1482,Shamela0010906,136,228,491,196,91
20,1271,1457,Shamela0010906,137,540,707,111,66
20,7,1193,Sham19Y0013605,3097,0,1122,856,89
20,1222,1484,Sham19Y0013605,3098,710,1182,197,51
20,214,1432,Sham19Y0127656,457,0,1493,866,69
20,1247,1442,Sham19Y0127656,458,198,404,137,80
20,0,938,Sham19Y0017791,2006,574,1459,684,90
20,938,1484,Sham19Y0017791,2007,0,1041,393,46
20,0,417,Sham19Y0017791,2009,1080,1483,308,91
20,417,1168,Sham19Y0017791,2010,0,1011,537,63
20,1200,1462,Sham19Y0017791,2011,986,1340,183,63
20,1247,1442,Sham19Y0017791,2012,157,366,137,78
20,462,1102,JK000384,302,638,1383,456,72
20,1168,1462,JK000384,303,46,579,185,42
20,1222,1477,JK000384,308,1221,1495,182,78
20,462,1193,JK000384,308,12,763,544,87
20,1200,1482,JK000325,6,72,359,204,85
20,158,1384,Shamela0005816,45,0,1493,877,70
20,0,850,Sham19Y0018103,2515,638,1454,614,87
20,850,1482,Sham19Y0018103,2516,0,921,449,59
20,0,481,Kraken230110004547,629,971,1439,349,88
20,481,1482,Kraken230110004547,630,0,1315,712,65
20,481,1482,Sham19Y0018144,106,4,1416,696,58
20,130,1193,JK008001,4333,0,995,755,88
20,1222,1484,JK008001,4334,178,603,200,58
20,807,1442,JK000146,141,989,1454,216,38
20,278,1349,JK009160,196,0,1445,792,66
20,0,1143,Sham19Y0018176,1452,369,1451,823,89
20,1143,1484,Sham19Y0018176,1453,0,837,249,36
20,0,1193,Kraken230106005528,1139,198,1459,851,81
20,1218,1482,Kraken230106005528,1140,325,735,188,56
20,0,285,Sham19Y0020594,134,1204,1476,211,90
20,285,1164,Sham19Y0020594,135,0,960,625,76
20,1222,1482,Sham19Y0020594,136,848,1137,194,83
20,0,538,Sham19Y0127677,5306,973,1445,367,85
20,538,1482,Sham19Y0127677,5307,0,1254,660,62
20,190,1424,Shamela0010803,23,0,1485,887,71
20,1247,1442,Shamela0010803,24,221,421,139,84
20,0,915,Shamela0005756,10485,585,1457,654,86
20,919,1482,Shamela0005756,10486,3,853,402,57
20,26,1218,Shamela0026568,702,0,1337,857,75
20,1241,1484,Shamela0026568,703,0,461,183,49
20,0,756,JK000110,1016,715,1447,548,88
20,763,1442,JK000110,1017,0,1391,483,42
20,1218,1457,JK000484,524,1018,1292,141,56
20,496,1164,Shamela0012884,2998,802,1481,489,85
20,1193,1477,Shamela0012884,2999,224,760,174,39
20,180,1247,Shamela0026884,566,0,1489,777,62
20,1247,1482,Shamela0026884,567,0,246,180,90
20,0,718,Shamela0096283,321,779,1455,521,90
20,718,1484,Shamela0096283,322,0,1245,548,53
20,0,481,Shamela0007318,9,998,1479,382,99
20,481,1484,Shamela0007318,10,0,1010,800,99
20,0,756,PV2024060602,1016,715,1447,548,88
20,763,1442,PV2024060602,1017,0,1391,483,42
20,0,823,Shamela0008473,2774,646,1497,636,92
20,828,1484,Shamela0008473,2775,7,1382,496,45
20,466,938,Shamela0004445,462,1154,1360,144,37
20,0,819,Shamela0004445,1180,702,1458,585,88
20,819,1484,Shamela0004445,1181,0,1179,480,50
20,1222,1462,Shamela0012293,1080,608,902,126,47
20,55,1293,Sham19Y0013252,6156,0,1475,882,71
20,0,1193,Shamela0021659,621,43,1153,847,88
20,1222,1484,Shamela0021659,622,104,572,194,50
20,0,422,JK009152,2231,1026,1434,315,92
20,422,1482,JK009152,2232,0,1315,760,69
20,1285,1442,JK009152,2233,0,167,116,85
20,0,512,Shamela0012406,528,966,1476,399,97
20,259,1484,Shamela0012406,529,5,1486,761,54
20,0,860,JK001303,260,711,1479,588,84
20,1222,1477,JK001303,261,806,1064,167,77
20,860,1193,JK001303,261,0,328,254,93
20,0,1058,Shamela0000041,1435,444,1443,761,89
20,0,545,JK000098,146,934,1472,427,97
20,545,1484,JK000098,147,0,937,737,97
20,0,505,Sham19Y0145212,3569,656,1517,378,53
20,512,837,Sham19Y0145212,3570,0,307,237,90
20,1222,1373,Sham19Y0145212,3575,337,507,113,84
20,1247,1442,Sham19Y0145212,3576,195,396,138,82
20,0,590,Sham19Y0014328,523,1113,1472,269,55
20,1222,1482,Sham19Y0014328,524,766,1043,194,86
20,726,1193,Sham19Y0014328,524,0,344,257,67
20,0,893,ShamAY0037387,142,604,1487,643,86
20,1218,1484,ShamAY0037387,143,783,1265,105,21
20,893,1193,ShamAY0037387,143,0,303,228,91
20,0,519,JK009336,3231,973,1461,375,89
20,519,1484,JK009336,3232,0,1361,699,62
20,1222,1462,ShamAY0033075,66,1128,1379,163,77
20,1200,1482,JK001045,6,304,578,207,89
20,278,1255,Shamela0012031,37,0,1473,759,64
20,1255,1482,Shamela0012031,38,0,243,178,91
20,7,629,Shamela0025794,3352,839,1468,487,95
20,629,1193,Shamela0025794,3353,0,572,442,95
20,1218,1482,Shamela0025794,3353,1052,1328,201,90
20,1259,1482,Shamela0025794,3354,25,266,165,84
20,0,1193,Sham19Y0127700,88,217,1334,858,89
20,1218,1484,Sham19Y0127700,89,173,627,207,56
20,0,1193,Sham19Y0016584,2828,133,1436,857,77
20,1222,1482,Sham19Y0016584,2829,285,563,193,85
20,1288,1442,Sham19Y0016584,2830,0,157,110,84
20,117,756,Sham19Y0122257,3337,956,1557,466,91
20,990,1275,Sham19Y0122257,3338,986,1546,198,43
20,1247,1442,Sham19Y0122257,3339,1273,1474,138,82
20,0,1222,ShamAY0037386,12,22,1364,922,83
20,1230,1442,JK000132,111,675,1100,132,38
20,0,1123,JK007045,886,381,1453,814,89
20,1123,1482,JK007045,887,0,654,264,49
20,0,555,JK007044,6404,561,1488,412,54
20,555,908,JK007044,6405,0,762,256,41
20,7,837,Shamela0035100,541,642,1479,626,90
20,837,1484,Shamela0035100,542,0,917,469,62
20,1271,1457,Shamela0035100,543,951,1118,111,66
20,0,1218,Meshkat00042488,936,126,1253,856,87
20,0,567,Sham19Y0009800,471,964,1478,393,86
20,563,1484,Sham19Y0009800,472,0,1295,657,61
20,0,1193,Shamela0010835,70,86,1350,901,86
20,1193,1482,Shamela0010835,71,62,580,228,55
20,1285,1482,Shamela0023700,25,3,163,109,68
20,0,1185,Sham19Y0001729,69,174,1407,875,85
20,1222,1442,Sham19Y0001729,70,431,1063,102,18
20,0,1193,Sham19Y0018106,2650,228,1357,861,89
20,1222,1484,Sham19Y0018106,2651,203,675,197,51
20,0,860,Shamela0001524,1801,635,1466,621,87
20,860,1482,Shamela0001524,1802,0,946,448,58
20,0,930,Sham19Y0016684,1396,555,1450,671,87
20,1222,1482,Sham19Y0016684,1397,565,842,193,86
20,0,803,Shia001421Vols,212,647,1487,622,92
20,803,1482,Shia001421Vols,213,0,1445,521,45
20,515,1484,JK009390,1145,0,1496,696,56
20,1288,1438,JK009390,1146,0,160,111,85
20,148,1193,JK009390,7540,0,992,734,85
20,1225,1484,JK009390,7541,0,472,160,37
20,1265,1482,Sham19Y0020638,76,1087,1319,162,85
20,1271,1442,Sham19Y0020638,77,0,182,124,84
20,0,1193,Tafsir09084,1375,170,1445,897,85
20,1193,1484,Tafsir09084,1376,184,745,213,48
20,252,1477,ShamAY0034434,83,0,1494,885,71
20,807,1218,JK006886,67,762,956,136,42
20,807,1442,JK000105,577,851,1308,215,38
20,0,481,Shamela0023644,382,956,1477,347,82
20,1218,1411,Shamela0023644,383,1261,1473,150,88
20,225,1193,Shamela0023644,383,0,777,528,62
20,466,938,Shia003721Vols,372,785,991,144,37
20,0,1193,Shamela0023628,2225,137,1279,872,90
20,1222,1482,Shamela0023628,2226,114,391,195,87
20,1222,1462,JK000585,1451,1159,1412,180,87
20,1222,1484,ShamIbadiyya0000438,151,388,835,127,28
20,0,670,JK000337,19,764,1470,518,91
20,670,1484,JK000337,20,0,898,622,86
20,0,422,Shamela0012935,117,1053,1454,311,91
20,422,1482,Shamela0012935,118,0,1347,749,66
20,1247,1438,Shamela0012935,119,0,185,128,79
20,0,414,Shamela0030592Vols,56,1051,1478,324,94
20,414,1457,Shamela0030592Vols,57,0,1503,776,63
21,516,1015,ShamAY0035990,228,735,1229,242,46
21,713,1066,JK007111,148,0,521,225,49
21,105,1066,Masaha004105Vols,25,0,1052,702,81
21,0,970,Shamela0021809,2355,693,1530,479,49
21,604,907,Shamela0036446,1166,1051,1500,221,62
21,457,1066,Sham19Y0017063,1521,74,701,226,30
21,457,1066,Shamela0023685,739,195,776,225,32
21,457,1066,Shamela0021766,4181,75,650,225,32
21,0,1066,JK007063,397,75,1192,656,60
21,0,438,ShamAY0034447,2247,813,1468,305,57
21,438,879,ShamAY0034447,2248,0,591,275,51
21,0,1066,Sham19Y0148271,1834,183,1243,743,79
21,457,949,Sham19Y0013614,813,1004,1477,210,38
21,626,1066,Sham19Y0146127,268,0,566,260,50
21,473,970,Shamela0037837,842,145,617,205,37
21,611,1066,Shamela0021715,6000,39,420,193,42
21,611,1066,Shamela0021715,6007,255,913,193,29
21,145,1066,ShamAY0034005,1265,0,943,552,60
21,457,970,Sham19Y0016976,1815,973,1469,229,40
21,498,1066,Sham19Y0014119,591,5,589,210,30
21,611,1066,Masaha001961Vols,638,357,576,139,37
21,0,970,Shamela0001438,8363,943,1507,418,52
21,560,1066,Shamela0001438,8364,7,563,396,88
21,0,743,Shamela0009898,46,789,1522,547,90
21,743,1066,Shamela0009898,47,0,356,249,86
21,457,907,Sham19Y0013605,3098,823,1246,111,19
21,611,1066,Sham19Y0127656,458,116,496,193,42
21,457,1066,Sham19Y0017791,2007,672,1296,296,44
21,789,1066,Sham19Y0017791,2012,140,539,205,63
21,617,1066,JK000384,306,79,667,260,49
21,0,1066,JK000384,309,8,1065,548,49
21,0,1066,Shamela0005816,46,99,1177,790,88
21,457,1066,Sham19Y0018103,2516,756,1372,225,30
21,795,1066,Kraken230110004547,631,0,309,200,80
21,117,1066,Sham19Y0018144,107,0,944,668,81
21,789,1071,JK008001,4334,550,863,207,82
21,0,1153,JK009160,197,128,1210,733,71
21,457,1066,Sham19Y0018176,1453,478,1094,226,30
21,617,1388,Shamela0012415,51,151,960,227,25
21,789,1252,Shamela0010803,24,204,639,252,62
21,457,1066,Shamela0005756,10486,687,1307,225,30
21,457,1066,Shamela0026568,703,93,721,227,30
21,457,1066,JK000110,1017,865,1481,225,30
21,0,1153,Shamela0026884,567,250,1412,477,35
21,719,1066,Tafsir06048,615,0,425,197,55
21,457,1066,Shamela0096283,322,886,1502,226,30
21,0,481,Shamela0007318,10,1010,1490,383,99
21,481,1503,Shamela0007318,11,0,756,599,72
21,457,1066,PV2024060602,1017,865,1481,225,30
21,0,316,Shamela0008473,2775,1170,1485,244,94
21,316,1066,Shamela0008473,2776,0,815,548,78
21,457,1066,Shamela0004445,1181,828,1437,225,31
21,457,1066,Sham19Y0013252,6157,36,652,225,30
21,457,1071,Shamela0021659,622,207,833,226,30
21,839,1071,JK009152,2233,0,272,171,78
21,0,1166,Shamela0012406,530,4,1146,806,81
21,473,1057,JK001303,261,900,1500,291,44
21,0,551,JK000098,147,937,1492,439,98
21,551,1076,JK000098,148,0,526,410,97
21,789,998,Sham19Y0145212,3576,178,417,156,82
21,812,1066,Masaha004387Vols,191,0,302,144,53
21,604,1066,Sham19Y0014328,524,796,1404,326,67
21,0,426,ShamAY0037387,143,1055,1488,336,96
21,417,1066,ShamAY0037387,144,0,628,276,37
21,400,1066,Shamela0012851,35,86,656,264,40
21,0,1066,Shamela0012031,38,247,1335,790,86
21,159,1066,Shamela0025794,3354,0,973,712,91
21,457,1066,Sham19Y0127700,89,289,876,222,31
21,520,1057,Sham19Y0122257,3339,998,1555,203,30
21,457,1076,JK007045,887,491,1137,234,31
21,485,1015,Meshkat00042488,937,447,882,161,30
21,607,1020,Sham19Y0009800,472,911,1499,148,23
21,0,1153,Shamela0010835,71,584,1376,438,39
21,457,1060,Sham19Y0001729,70,545,1149,276,42
21,457,1066,Sham19Y0018106,2651,316,932,226,30
21,457,1066,Shamela0001524,1802,781,1397,225,30
21,457,1066,Sham19Y0016684,1397,678,1293,225,30
21,0,252,Shia001421Vols,213,1246,1495,196,96
21,252,1066,Shia001421Vols,214,0,868,257,23
21,457,1066,JK009390,7541,96,731,221,29
21,825,998,Sham19Y0020638,77,0,206,129,79
21,0,970,Tafsir09084,1376,745,1507,544,65
21,541,1066,Tafsir09084,1377,0,354,245,53
21,0,1066,ShamAY0034434,84,9,1044,744,82
21,0,1150,Shamela0023644,384,74,1230,591,49
21,617,1278,JK000916,1007,147,1018,285,34
21,478,1066,Shamela0023628,2226,247,890,262,38
21,460,1066,ShamIbadiyya0000438,151,440,1087,216,28
21,0,970,JK000337,20,898,1461,417,52
21,574,1066,JK000337,21,0,540,345,72
21,806,1066,Shamela0012935,119,0,281,180,75
21,0,1388,Shamela0030592Vols,58,28,1425,767,56
22,81,553,Shamela0006947,17600,1081,1589,296,68
22,1044,1330,Shamela0021809,366,369,584,131,55
22,7,636,Shamela0036446,1316,183,879,355,58
22,81,636,Sham19Y0014309,1139,485,1101,350,66
22,1078,1240,JK000298,174,599,900,105,43
22,0,731,Sham19Y0148271,2006,652,1395,493,74
22,1091,1431,Shamela0023582,368,0,262,159,53
22,0,636,JK000675,466,526,1145,465,85
22,647,1525,JK000675,502,224,771,334,44
22,1087,1292,Shamela0012014,199,827,1071,117,51
22,0,629,Shamela0000782,1245,631,1330,471,78
22,41,636,Shamela0003055,714,105,778,415,71
22,81,423,ShamAY0034005,1142,1157,1529,211,62
22,1073,1431,JK000917,708,33,283,145,48
22,1078,1240,Shamela0001438,118,69,382,104,41
22,145,636,Shamela0001438,1650,0,572,312,64
22,743,1525,Shamela0001438,6698,0,391,219,31
22,94,636,JK009274,348,0,632,338,62
22,1087,1292,JK009274,1045,950,1221,119,48
22,924,1431,Shamela0001440Vols,387,0,298,184,42
22,1091,1321,JK000232,687,996,1229,122,63
22,41,636,JK000022,2892,807,1306,314,62
22,52,636,Shamela0009270,220,249,898,400,70
22,41,664,JK000021,271,258,969,344,55
22,0,636,JK000001,580,158,842,347,48
22,118,636,JK008001,243,17,613,322,62
22,710,1228,JK008001,1173,1121,1436,168,35
22,819,1113,JK008001,2391,0,204,69,23
22,743,1431,Tafsir01005,2501,611,1236,334,51
22,664,1511,JK009160,256,631,1472,623,88
22,81,636,Kraken230106005528,423,633,1257,351,66
22,7,636,Sham19Y0127677,718,97,813,362,57
22,710,1525,Sham19Y0127677,4535,411,847,290,43
22,647,1525,JK000474,1505,573,1098,296,37
22,1091,1406,JK000474,1507,207,516,156,58
22,1087,1292,JK000484,6804,417,661,117,51
22,0,636,Shamela0030327,12,286,981,432,69
22,1064,1240,JK000216,16,746,1061,109,43
22,225,636,JK009379,105,7,490,253,62
22,0,652,Shamela0007318,11,756,1393,520,97
22,0,513,PV2024060602,6985,942,1516,381,76
22,519,629,PV2024060602,6986,4,120,87,93
22,1087,1292,Masaha001946Vols,1053,969,1220,115,49
22,0,423,Shamela0004445,69,1134,1546,292,76
22,423,636,Shamela0004445,70,0,213,162,89
22,7,502,Sham19Y0038171,120,1046,1612,284,56
22,7,636,Sham19Y0038171,730,435,1093,338,49
22,1087,1270,Sham19Y0038171,1600,1258,1486,107,50
22,7,636,Shamela0021659,471,691,1400,361,58
22,1087,1292,Shamela0021659,1465,446,692,119,52
22,7,553,JK000071,479,11,628,283,51
22,1044,1340,JK000055,241,177,397,134,56
22,0,636,Shamela0010488,325,504,1084,398,69
22,0,713,Shamela0025794,1411,410,1097,476,76
22,1044,1297,Shamela0025794,3916,190,810,149,30
22,225,636,Sham19Y0014592,104,15,500,253,61
22,1008,1288,JK000946,43,268,540,153,66
22,374,602,JK000166,8758,119,560,95,22
22,1008,1297,Shamela0023700,341,405,678,157,66
22,7,553,Sham19Y0001729,378,909,1428,324,67
22,7,553,Sham19Y0001729,379,206,808,324,60
22,660,1525,JK009408,450,205,703,291,37
22,967,1288,JK009408,2122,752,1044,164,61
22,7,636,JK009390,655,639,1412,357,53
22,1087,1292,JK009390,2683,674,921,119,52
22,710,1522,JK009390,5802,993,1422,240,33
22,1091,1406,JK007043,1439,202,488,130,46
22,739,1431,JK000871,1332,0,576,329,54
22,675,1431,JK000871,1746,240,875,386,58
22,1064,1358,Shamela0023591,3413,813,1043,136,53
22,41,636,JK000742,148,227,782,333,64
22,743,1431,Sham19Y0133367,150,837,1429,308,48
22,7,636,ShamAY0035035,3099,618,1267,320,46
22,1087,1321,Shamela0008203,37,386,657,130,52
22,0,636,Sham19Y0020868,536,399,1036,464,82
22,266,629,JK000140,1201,0,410,275,82
22,0,636,Masaha004844,55,583,1189,342,53
22,282,629,JK009141,1067,0,808,223,34
22,664,1180,JK000337,13,955,1472,394,93
22,1180,1525,JK000337,14,0,356,271,94
22,0,342,JK000337,23,1189,1540,281,96
22,346,642,JK000337,24,0,294,231,95
23,335,656,Shamela0001453,106,1076,1397,214,77
23,335,865,Shamela0001453,155,666,1206,254,49
23,728,1052,Kraken220413194022,421,594,870,157,59
23,820,1429,Shamela0036446,1051,0,691,396,64
23,960,1336,JK000116,184,5,324,209,66
23,752,1052,JK006950,1707,581,839,155,62
23,728,1052,JK006950,3986,201,458,149,56
23,836,1429,Shamela0021766,3243,4,685,348,58
23,1023,1446,Shamela0021766,3609,860,1277,256,66
23,1023,1433,Shamela0021766,3692,453,867,245,66
23,1023,1336,Shamela0021766,4602,950,1260,217,80
23,723,1052,ShamAY0034447,2041,682,1125,240,67
23,836,1424,Sham19Y0148271,910,683,1437,330,49
23,738,1328,JK001435,75,751,1435,388,66
23,0,160,ShamAY0035960,570,793,952,124,93
23,428,865,ShamAY0035960,571,560,910,205,58
23,735,1336,JK007065,455,726,1479,439,71
23,246,656,Shamela0000736,4747,44,428,224,58
23,689,1283,MMS00013,81,918,1563,371,67
23,728,1328,Sham19Y0146127,2814,813,1455,424,77
23,728,1328,JK006478,9122,669,1258,259,45
23,728,965,JK006478,9240,965,1175,112,53
23,0,166,JK000675,502,771,938,121,86
23,755,1328,Shamela0021715,8796,40,506,301,62
23,735,1336,ShamAY0034005,971,104,830,426,69
23,531,670,Shamela0012531,196,0,139,105,97
23,25,160,JK000090,50,546,681,105,97
23,735,1094,Sham19Y0132524,2282,421,896,250,64
23,1061,1336,Sham19Y0132524,2283,145,431,191,75
23,970,1336,Shamela0001438,1802,1161,1541,264,82
23,474,656,Shamela0001438,3573,608,795,112,78
23,0,160,Shamela0001438,6698,391,550,122,92
23,1000,1336,JK009274,382,0,253,175,60
23,335,665,JK000846,17,758,1069,226,83
23,928,1446,JK000371,417,0,679,330,58
23,745,970,JK000232,567,1274,1503,132,62
23,975,1336,JK000232,568,20,376,245,77
23,728,1305,JK000022,939,770,1513,416,67
23,728,1212,Shamela0009270,216,877,1508,339,64
23,728,1113,Zaydiyya0000087BK1,23,1096,1466,211,65
23,728,1052,JK001414,409,795,1080,164,60
23,738,1336,JK000384,285,108,777,422,73
23,728,965,Sham19Y0020891,6533,1194,1404,112,53
23,728,1328,Shia001432Vols,18061,878,1479,257,45
23,728,1336,Shia001432Vols,18645,657,1175,310,58
23,728,1336,Shia001432Vols,19651,85,646,237,43
23,735,970,Sham19Y0018144,2263,922,1444,166,41
23,978,1336,Sham19Y0018144,2264,0,405,264,76
23,738,1336,Sham19Y0018144,2265,389,1147,436,69
23,491,656,JK008001,29,1007,1182,111,82
23,0,160,JK008001,1174,112,271,122,92
23,975,1328,JK008001,2486,1108,1493,262,82
23,865,1328,JK000381,3481,674,1181,279,63
23,752,1052,JK000381,7405,183,441,155,62
23,728,1052,JK000381,9686,312,569,149,56
23,728,1336,JK009160,61,428,1064,409,73
23,735,1336,JK009160,86,814,1448,389,67
23,735,1336,JK009160,250,173,808,388,67
23,0,166,JK009160,257,15,185,132,96
23,728,1336,JK009160,397,475,1149,401,66
23,752,1446,JK000799,5,591,1313,493,78
23,970,1296,Sham19Y0127677,834,1157,1508,239,81
23,474,656,Sham19Y0127677,1899,991,1152,112,76
23,0,160,Sham19Y0127677,4535,847,1006,125,96
23,714,1429,JK000791,1229,71,739,345,55
23,0,166,JK000474,1505,1098,1269,126,90
23,992,1342,JK000484,5256,0,343,255,85
23,728,1336,Shamela0012884,4168,650,1156,309,61
23,728,1336,JK009268,2732,886,1478,239,42
23,752,1336,Sham19Y0122173,466,750,1443,330,56
23,1023,1300,JK009379,132,1227,1527,205,81
23,728,965,JK001496,2451,656,871,112,53
23,728,1336,JK000485,550,729,1445,442,74
23,728,1356,JK000485,1405,15,791,445,69
23,487,1446,JK006874,16,470,1456,542,62
23,752,909,Shamela0007318,11,1393,1549,120,93
23,909,1494,Shamela0007318,12,0,555,442,92
23,794,1336,PV2024060602,3311,0,624,354,63
23,728,1336,PV2024060602,6858,669,1331,318,50
23,836,1336,Shamela0008473,3924,297,991,311,53
23,689,970,Shamela0004445,1039,470,680,123,54
23,735,1336,JK006838,309,84,711,405,72
23,728,1336,JK000315,7,557,1203,336,57
23,970,1336,Shamela0002386,142,124,528,226,62
23,728,1429,JK001492,1032,363,1144,377,56
23,728,1328,Sham19Y0013252,1546,252,802,306,61
23,970,1336,Shamela0021659,504,633,916,198,63
23,755,1336,Sham19Y0145212,2804,362,1327,415,52
23,770,1433,JK009336,1171,425,1181,442,67
23,0,160,JK000097,528,293,453,124,93
23,438,656,JK000097,529,0,194,141,83
23,836,1120,Shamela0025794,424,984,1449,185,49
23,500,928,Sham19Y0013572,501,1092,1502,163,43
23,928,1433,Sham19Y0013572,502,12,541,317,66
23,728,1336,JK000486,155,389,943,284,55
23,836,1336,Sham19Y0122257,2636,739,1298,344,70
23,738,1336,JK007007,104,693,1319,377,67
23,728,1336,Sham19Y0014592,218,779,1288,309,60
23,752,1017,Sham19Y0014592,2167,1163,1531,181,61
23,1023,1336,Sham19Y0014592,2168,5,341,229,80
23,1023,1238,JK007104,6,859,1091,163,83
23,755,1336,JK007045,680,166,802,389,70
23,738,1162,JK000166,6181,89,459,232,62
23,759,1328,JK000166,7857,11,473,297,61
23,759,1336,JK000940,133,801,1515,411,70
23,728,1336,Tafsir02100,86,474,1204,418,68
23,728,1328,JK009324,576,413,947,296,56
23,728,1238,Shamela0001466,3866,820,1294,244,52
23,738,928,Shamela0001727,1278,1196,1451,138,67
23,928,1336,Shamela0001727,1279,5,490,297,74
23,809,1283,Shamela0023700,2720,657,1148,320,74
23,890,1336,Sham19Y0001729,2099,5,494,318,75
23,735,1336,Shamela0001524,1118,703,1413,435,72
23,728,1336,JK000435,418,402,990,307,57
23,0,202,JK009408,450,703,919,147,82
23,996,1336,JK009408,2257,0,377,249,77
23,970,1336,JK009390,698,9,298,196,62
23,524,656,JK009390,2074,179,323,102,91
23,836,1446,Shamela0001419,537,81,803,336,52
23,728,1328,Shamela0021499,81,743,1383,308,52
23,728,1433,Shamela0007798,7731,666,1430,350,50
23,738,1429,JK007043,964,7,914,465,62
23,752,1189,Sham19Y0020638,1022,977,1548,315,67
23,770,1177,Sham19Y0017616,367,937,1476,303,69
23,738,1072,Sham19Y0122406,3383,1082,1541,239,64
23,770,1342,Shamela0023628,2107,11,698,415,73
23,728,1336,JK009266,9004,286,794,206,38
23,728,1336,JK000475,2482,691,1419,412,66
23,477,865,Shamela0007350,7,420,747,170,52
23,745,1494,Shamela0007350,8,214,897,511,82
23,898,1336,Shamela0023653,58,0,546,319,71
23,0,477,JK000337,14,356,814,182,36
23,278,656,JK000337,22,272,689,272,82
23,728,1336,Shamela0008210,20,0,734,437,70
23,850,1342,Masaha002028Vols,325,8,603,298,55
24,541,1026,Sham19Y0020944,1094,606,1120,238,47
24,789,1026,Shamela0021809,416,0,210,116,55
24,784,1041,Sham19Y0017063,1473,0,230,124,56
24,554,832,JK000116,530,1243,1517,211,95
24,538,1119,JK000116,531,455,1042,257,46
24,420,926,JK000764,177,240,702,328,79
24,361,784,Shamela0000736,1492,1069,1487,272,74
24,784,1238,Shamela0000736,1493,0,521,210,45
24,538,1026,Tafsir04056,5193,926,1474,222,41
24,700,1026,Shamela0008363,441,0,235,106,32
24,557,1026,Shamela0003055,625,663,1074,309,80
24,554,1026,Sham19Y0016976,1740,1020,1454,215,45
24,554,901,Sham19Y0011326,277,682,1057,263,87
24,554,901,Sham19Y0011326,278,268,605,256,91
24,554,1026,Sham19Y0014119,569,625,1059,215,45
24,557,1057,JK000090,40,40,483,312,75
24,437,901,Shamela0001440Vols,302,146,619,248,56
24,476,1089,Sham19Y0131521,6107,0,630,295,50
24,554,1026,JK000360,50,872,1280,207,44
24,499,1041,Shamela0009270,418,0,573,397,85
24,437,1026,Shamela0003722,896,26,653,289,50
24,538,1026,Zaydiyya0000454,89,224,642,215,50
24,554,1026,Sham19Y0017791,1942,394,828,215,45
24,448,1026,Shamela0001442,1068,345,943,284,48
24,593,1026,Shia001368,265,976,1362,278,78
24,315,1231,Shamela0029953Vols,8,264,1050,427,52
24,557,901,Shamela0012001,79,0,316,236,83
24,557,1018,JK000362,1267,660,1055,185,44
24,742,1044,Rafed0000040Vols,103,15,272,125,46
24,443,793,Sham19Y0018144,617,1166,1502,260,92
24,793,1026,Sham19Y0018144,618,0,231,178,96
24,538,1026,JK000146,192,942,1468,236,45
24,554,978,JK000381,1494,371,723,175,47
24,705,1018,JK000381,5057,1035,1269,133,48
24,0,157,JK009160,88,251,430,122,83
24,557,1431,JK001098,37,201,636,332,47
24,448,836,JK000142,1072,968,1451,217,52
24,541,1041,JK000799,7,316,831,277,58
24,554,978,Shamela0011258,175,106,497,187,46
24,246,1007,JK000474,347,575,1403,310,38
24,647,1026,Sham19Y0020591,1757,259,671,185,48
24,541,1044,JK006874,18,322,842,277,59
24,0,157,Shamela0007318,12,555,712,127,100
24,448,863,PV2024060602,5669,852,1425,234,48
24,448,1026,Shamela0004445,10,20,676,292,48
24,659,901,Shamela0012293,2516,798,1100,188,77
24,437,1026,JK000315,5,811,1423,286,51
24,554,797,Shamela0002386,386,572,812,186,95
24,329,700,JK009152,71,1140,1520,226,66
24,700,1026,JK009152,72,0,713,244,42
24,527,1089,JK000098,173,777,1329,433,97
24,443,1026,JK000098,363,12,487,231,43
24,557,1041,Sham19Y0145212,3450,353,797,222,46
24,557,1026,JK001254,9,228,638,311,81
24,705,1052,Sham19Y0122257,3244,162,468,170,52
24,538,1026,JK001259,96,958,1423,355,91
24,482,901,JK000382,464,0,876,192,27
24,437,1026,JK000382,465,323,944,294,48
24,538,1089,JK000382,684,914,1499,252,48
24,464,1041,Shamela0009943,312,921,1415,365,79
24,557,1026,ShamAY0035253,49,786,1272,200,42
24,538,1026,JK000906,6487,765,1308,224,42
24,437,1012,Shamela0026553,5,861,1394,387,82
24,160,629,JK001293BK1,254,492,803,138,38
24,458,1057,JK000329,11,54,683,307,51
24,395,901,JK000585,1351,854,1380,252,51
24,554,890,Shamela0011334,219,414,762,252,87
24,784,1026,JK009141,146,29,248,115,52
24,443,921,JK000337,11,85,608,256,53
24,604,1026,Sham19Y0014601,5810,143,593,157,35
24,554,901,JK006870,52,221,571,263,94
25,431,923,JK001333,78,21,322,162,40
25,431,1051,JK001333,92,626,1032,170,28
25,518,1030,Sham19Y0020944,1094,611,1275,284,48
25,721,919,Shamela0021809,416,47,210,111,66
25,721,1035,Sham19Y0017063,1473,52,367,138,47
25,526,797,Shia004509,148,973,1282,185,71
25,529,919,Sham19Y0014309,908,119,613,228,50
25,518,919,JK000116,531,463,975,266,60
25,418,824,JK000764,177,223,639,186,43
25,567,797,JK006950,1992,195,438,122,52
25,537,919,JK009159,77,0,463,246,57
25,366,721,Shamela0000736,1492,1076,1446,178,53
25,518,919,Tafsir04056,5193,934,1474,242,51
25,670,1035,Shamela0008363,441,19,318,148,46
25,529,1239,Shamela0003055,625,663,1460,431,60
25,1239,1492,Shamela0003055,626,0,252,202,99
25,567,797,JK000355,5,436,669,124,53
25,526,919,Sham19Y0016976,1740,1020,1454,224,52
25,526,1039,Sham19Y0014119,569,625,1133,246,45
25,529,919,JK000090,40,40,435,157,38
25,740,919,Shamela0001438,4352,995,1156,113,72
25,740,919,JK009274,1029,727,938,113,58
25,423,802,Shamela0001440Vols,302,138,654,239,55
25,423,679,Shamela0001440Vols,456,550,784,128,57
25,479,919,Sham19Y0131521,6107,0,574,294,58
25,526,1035,JK000360,50,872,1340,255,51
25,498,919,Shamela0009270,418,0,558,230,46
25,418,919,Shamela0003722,896,7,653,300,55
25,518,919,Zaydiyya0000454,89,232,642,207,54
25,721,911,JK001414,2392,510,637,93,63
25,526,1035,Sham19Y0017791,1942,394,894,250,47
25,442,919,Shamela0001442,1068,345,943,311,60
25,315,919,Shamela0029953Vols,8,271,862,239,38
25,562,1035,JK000630,102,0,635,244,44
25,721,919,Rafed0000040Vols,103,89,256,119,71
25,450,785,Sham19Y0018144,617,1166,1499,181,57
25,740,919,JK008001,125,516,670,103,67
25,518,919,JK000146,192,950,1468,250,54
25,526,887,JK000381,1213,915,1262,181,53
25,526,887,JK000381,1837,277,623,186,54
25,526,1035,JK000381,1858,1029,1400,197,42
25,567,797,JK000381,7690,244,487,122,52
25,526,887,Shamela0011730,526,393,791,199,54
25,529,1039,JK001098,37,201,693,177,34
25,442,811,JK000142,1072,968,1366,212,59
25,740,919,JK000142,1073,5,167,115,75
25,518,1057,JK000799,7,321,948,247,41
25,567,797,Shamela0012094,149,813,1046,124,53
25,526,872,Shamela0011258,175,106,507,169,48
25,740,919,Sham19Y0127677,2397,439,601,113,72
25,320,900,JK000474,347,701,1403,313,50
25,526,887,Shamela0010784,8,794,1178,201,56
25,442,611,Sham19Y0020591,1756,1233,1476,117,62
25,611,919,Sham19Y0020591,1757,259,671,192,51
25,518,1039,JK006874,18,327,906,260,46
25,1250,1501,Shamela0007318,12,712,964,201,98
25,442,851,PV2024060602,5669,852,1448,283,58
25,442,919,Shamela0004445,10,20,676,315,57
25,461,919,JK000315,5,836,1423,277,53
25,740,919,Shamela0021659,1588,625,786,113,72
25,518,952,JK000098,173,792,1423,207,35
25,952,1501,JK000098,174,0,547,430,97
25,423,1501,JK000098,363,0,1089,824,92
25,529,919,Sham19Y0145212,3450,353,783,222,52
25,529,919,JK009336,806,181,671,253,59
25,529,1492,JK001254,9,228,1277,613,65
25,375,670,Shamela0030623Vols,386,1101,1429,196,70
25,485,919,JK000382,464,0,763,272,41
25,431,919,JK000382,465,323,944,322,59
25,518,919,JK000382,684,922,1429,264,60
25,467,919,Shamela0009943,312,921,1400,199,44
25,557,919,Shamela0009943,328,0,493,220,50
25,1250,1501,ShamAY0035253,16,217,481,194,89
25,529,919,ShamAY0035253,49,786,1272,252,58
25,128,586,ShamAY0035253,50,493,951,100,17
25,518,919,JK000906,6487,773,1308,246,53
25,412,797,Shamela0012981,946,337,840,232,52
25,711,919,JK009390,2648,51,249,117,64
25,740,952,JK001469,50,0,198,129,72
25,467,905,Shamela0026553,5,882,1394,208,42
25,461,919,JK000329,11,54,646,345,71
25,518,919,JK001187,174,878,1388,220,46
25,412,829,JK000585,1351,901,1439,265,58
25,518,919,Shamela0011334,219,863,1342,248,57
25,442,760,JK009141,145,1110,1434,175,55
25,721,919,JK009141,146,81,248,119,71
25,334,836,JK000337,11,9,600,260,49
25,549,919,Sham19Y0014601,5810,273,593,147,38
26,347,651,PV20230913,77,757,959,152,59
26,825,1094,ShamAY0034447,1685,482,786,178,72
26,351,950,ShamAY0035960,562,0,778,267,35
26,1314,1500,ShamAY0035960,570,961,1148,144,97
26,899,1094,JK000201,3942,136,329,127,73
26,1356,1500,Shamela0008363,440,31,176,114,99
26,906,1098,Shamela0021715,11043,389,600,147,86
26,324,651,Shamela0021715,11044,1192,1472,154,49
26,286,651,Shamela0003055,725,357,660,197,59
26,347,651,Sham19Y0011326,285,6,208,152,59
26,1303,1500,JK000090,50,702,967,155,74
26,1356,1500,JK000090,164,628,775,108,90
26,194,604,Shamela0009270,405,802,1356,296,65
26,1329,1500,Shamela0010906,1417,801,973,123,84
26,338,651,Shamela0012001,83,146,388,159,55
26,760,1246,JK009160,404,872,1274,205,45
26,880,1094,Shamela0005756,15368,542,773,146,73
26,347,655,Shamela0005756,15373,60,310,150,51
26,896,1094,Shamela0012884,4083,743,996,145,71
26,347,651,Shamela0012293,2535,1032,1240,152,58
26,347,651,Shamela0002386,394,747,949,152,59
26,30,526,JK000098,296,1045,1526,381,94
26,526,659,JK000098,297,0,133,104,100
26,1379,1500,Shamela0012034,505,1186,1350,96,72
26,778,1094,JK000467,2115,90,454,194,65
26,194,470,JK000097,519,1246,1554,210,83
26,1311,1500,JK000097,528,458,629,131,87
26,862,1094,Shamela0009783BK4,108,1011,1267,147,68
26,899,1083,JK000166,10758,1341,1522,118,71
26,324,651,JK000166,10761,698,974,151,48
26,1311,1500,JK009175,41,154,338,130,81
26,1323,1500,JK000786,2663,1055,1253,126,77
26,347,651,Shamela0004473,15332,501,708,152,58
26,347,651,Shamela0004473,15752,916,1118,152,59
26,906,1114,ShamAY0032820,3,0,223,148,77
26,700,1237,JK000337,11,600,1229,316,57
26,1148,1500,JK000337,14,532,955,253,73
27,936,1185,Sham19Y0017903,957,286,638,192,69
27,883,1200,Shamela0001453,68,1047,1358,162,63
27,891,1185,Shamela0021809,41,375,748,170,52
27,334,732,Sham19Y0014309,1171,1112,1273,104,32
27,334,883,JK009159,5,8,419,147,27
27,936,1185,Shamela0021766,426,1207,1440,170,84
27,891,1185,Sham19Y0148271,10,217,877,221,42
27,902,1185,JK007065,240,43,376,200,72
27,313,795,JK007065,967,792,1491,254,44
27,925,1185,Shamela0013174,751,0,253,136,62
27,0,462,Shamela0008363,440,176,616,144,26
27,313,840,Shamela0037837,998,489,1075,213,34
27,955,1365,Shamela0021765,2005,733,1411,179,33
27,891,1290,ShamAY0034005,861,123,614,243,58
27,936,1185,Sham19Y0016976,700,1227,1577,192,68
27,933,1185,Sham19Y0014119,189,1023,1391,193,66
27,334,883,ShamIbadiyya0000193,943,743,974,111,25
27,936,1117,JK000162,243,1174,1405,124,64
27,933,1117,Shamela0001438,6404,566,756,113,69
27,933,1185,Shamela0001438,6425,986,1206,160,77
27,758,1337,Shamela0009567,666,43,756,181,23
27,209,925,Shamela0009270,296,398,1055,227,30
27,115,379,Shamela0010906,2201,0,281,113,41
27,101,379,Shamela0010906,2452,643,895,116,46
27,124,379,Shamela0010906,2828,1103,1371,117,44
27,101,239,Shamela0010906,2861,1215,1388,92,68
27,101,392,Shamela0010906,2874,360,626,133,54
27,101,379,Shamela0010906,3767,1182,1437,114,41
27,891,1185,JK000021,765,1143,1414,146,55
27,899,1212,JK000021,766,175,514,197,69
27,920,1185,JK001012,369,1155,1483,182,66
27,1200,1405,ShamAY0035884,1532,90,296,143,87
27,891,1185,JK001207,21,132,460,169,57
27,891,1192,Sham19Y0018144,1045,965,1270,171,62
27,933,1337,JK008001,523,63,425,183,52
27,891,1185,Shamela0012415,185,1162,1440,153,58
27,384,906,Sham19Y0127677,1768,985,1170,62,13
27,933,1342,Sham19Y0127677,4302,97,625,196,41
27,891,1185,ShamIbadiyya0000279,262,612,982,163,50
27,785,1185,JK000080,538,302,851,224,50
27,933,1171,Shamela0012884,792,1306,1497,131,67
27,933,1337,Rafed0001713Vols,298,1162,1469,198,58
27,327,969,Shamela0007318,12,1078,1526,264,46
27,969,1185,Shamela0007318,13,0,236,172,91
27,933,1185,Shia001237Vols,967,215,451,167,79
27,891,1185,Shamela0027095,19,475,739,161,66
27,403,1013,Sham19Y0038171,2647,129,456,80,14
27,891,1204,Shamela0012524,64,847,1270,201,56
27,891,1185,JK009152,659,419,688,180,73
27,891,1337,Shamela0000041,312,114,638,241,55
27,883,1337,Shamela0021315,156,312,818,203,48
27,317,883,JK000098,297,940,1438,355,78
27,490,883,JK000098,360,0,565,302,67
27,936,1185,Tafsir04040,930,755,987,167,80
27,891,1185,JK000977,719,967,1330,228,78
27,891,1337,ShamAY0033672,7,50,1012,252,32
27,891,1117,JK000481,440,761,993,158,80
27,438,984,JK009336,1013,0,619,159,22
27,891,1117,JK000467,1688,517,731,157,84
27,891,1185,Shamela0025794,4052,956,1325,162,50
27,369,891,Sham19Y0013572,1023,4,414,169,34
27,899,1342,JK000486,46,0,557,270,60
27,891,1185,Shamela0030623Vols,241,582,908,197,73
27,891,1185,Shamela0030594Vols,17,231,1005,227,37
27,883,1185,Shamela0009317,36,685,971,157,62
27,916,1160,ShamAY0034080,157,858,1398,125,25
27,334,987,Tafsir09050,966,559,879,185,35
27,337,588,JK009324,3820,525,756,131,58
27,936,1337,Shamela0001404,205,346,834,200,45
27,462,991,Shamela0012981,1992,321,1257,184,24
27,337,823,JK001263,73,0,300,164,42
27,1188,1405,Sham19Y0023644,2537,167,375,126,64
27,933,1185,JK009390,6058,991,1417,154,43
27,920,1185,Shamela0004473,7510,869,1094,136,62
27,785,1185,Sham19Y0020638,326,42,628,216,39
27,933,1185,Tafsir09084,302,1190,1402,133,63
27,916,1185,Kraken210622021806,955,302,626,177,64
27,1192,1405,JK000916,4606,1016,1209,147,88
27,308,454,JK000100,73,1188,1334,112,97
27,334,840,Shamela0023628,1113,802,1238,233,53
27,804,1185,JK009266,1565,548,925,204,61
27,514,1064,ShamAY0035035,7924,809,1133,114,25
27,384,883,ShamAY0035035,10099,1198,1525,131,30
27,313,883,Shamela0010441,45,106,795,205,28
27,933,1337,Shamela0023578,436,399,774,210,56
28,0,536,Tafsir04003,3902,200,618,132,24
28,238,654,ShamAY0035960,568,547,911,266,80
28,246,520,Shamela0003055,638,1174,1452,205,87
28,234,431,JK000090,52,1267,1478,145,80
28,431,654,JK000090,53,0,293,136,57
28,743,1496,JK000090,165,158,1131,463,56
28,880,1293,JK000917,1208,135,590,228,53
28,0,552,ShamIbadiyya0000193,4353,811,1356,167,26
28,1022,1293,Shamela0011788,290,42,317,120,44
28,296,552,Sham19Y0014608,85,184,463,133,54
28,0,311,ShamAY0035884,1532,296,663,169,51
28,1108,1293,AOCP2023090619,42,1042,1267,122,63
28,410,600,Shamela0008544,660,1008,1215,140,83
28,303,600,Shamela0010013,147,800,1169,197,63
28,875,1298,Shamela0005355,26,96,770,275,47
28,277,588,Sham19Y0007233,86,121,467,198,64
28,875,1241,Shamela0001000,278,901,1327,229,59
28,317,588,Sham19Y0150966,506,283,568,192,77
28,371,563,JK000087,325,1003,1207,123,65
28,1152,1293,ShamAY0033733,54,0,298,111,46
28,710,880,JK010552,44,1091,1411,102,38
28,875,1293,JK010552,45,62,719,281,49
28,924,1298,Shamela0004445,4439,6,557,241,50
28,1108,1293,Shamela0001515,310,1247,1541,147,61
28,706,1015,Shamela0012406,1656,786,1507,202,33
28,981,1293,Shamela0012406,1657,0,453,204,52
28,234,588,JK000098,364,253,605,278,98
28,436,1496,Shamela0012034,506,179,1282,545,50
28,758,939,Shamela0011056BK1,39,1079,1529,122,32
28,944,1241,Shamela0011056BK1,40,4,366,196,61
28,238,654,JK000097,526,221,585,266,80
28,740,1184,Sham19Y0018147,1004,0,1145,277,30
28,246,592,JK001254,22,548,931,253,77
28,234,588,JK000415,130,498,907,236,65
28,855,1241,JK009306,53,729,1329,253,51
28,710,1293,Sham19Y0132403,82,68,639,394,75
28,740,1056,Sham19Y0017724,119,90,701,219,42
28,303,536,Sham19Y0017724,171,151,437,131,53
28,880,1293,Shamela0023789,233,791,1259,187,44
28,0,558,Shamela0035100,280,113,476,177,38
28,299,588,Shia001626Vols,354,62,409,210,73
28,0,552,Tafsir09050,4463,569,1115,167,26
28,0,238,Sham19Y0023644,2537,375,802,172,51
28,277,600,JK000778,553,661,1045,231,72
28,0,185,JK000916,4606,1209,1425,116,66
28,364,536,JK000916,10724,762,943,113,70
28,762,1241,ShamAY0037109,214,286,1098,309,45
28,1379,1496,Shamela0007350,10,1085,1205,93,97
28,743,1298,Shamela0007350,18,344,919,439,94
28,299,584,Shamela0007350,19,564,859,229,96
28,780,1241,Shamela0003118,1507,0,926,307,39
28,317,563,JK003609,4239,452,732,176,73
28,875,1293,JK000337,15,182,839,283,49
28,238,584,JK000337,28,982,1376,271,84
29,5,125,JK007082,248,393,513,95,97
29,5,120,Kraken2106220218081,240,1190,1306,91,96
29,5,125,ShamAY0035960,571,1076,1195,97,99
29,432,819,JK005004,300,4,400,298,92
29,552,819,Rafed0002654Vols,6457,266,542,206,92
29,458,819,JK000637,2932,0,435,269,73
29,5,125,JK000090,165,1131,1251,98,100
29,1125,1428,Shamela0001438,2254,596,890,182,62
29,1186,1486,Shamela0001438,4653,567,851,149,53
29,403,819,JK000022,1256,342,813,326,85
29,495,819,JK005005,326,0,329,248,90
29,1154,1428,JK008001,6087,968,1210,168,69
29,5,125,JK000381,1137,210,330,95,97
29,5,125,JK000381,1379,715,835,95,97
29,5,125,JK000381,5038,1417,1538,94,95
29,1161,1428,Sham19Y0127677,1382,336,570,161,68
29,399,843,JK000474,576,473,1017,336,76
29,1025,1428,Shamela0021635,20,76,513,298,82
29,399,512,ShamAY0032854,29,1324,1476,89,74
29,522,843,ShamAY0032854,30,7,368,232,77
29,5,125,Shamela0004445,834,621,741,94,96
29,403,843,Masaha001831,36,17,544,333,78
29,360,495,Sham19Y0038171,2398,1323,1492,101,75
29,495,819,Sham19Y0038171,2399,0,339,252,91
29,5,125,Shamela0012034,506,1282,1403,98,99
29,552,819,Shia004092Vols,6772,492,762,206,94
29,321,571,JK009137,1439,1227,1489,173,80
29,571,819,JK009137,1440,0,257,192,91
29,5,149,Shamela0037325,1082,201,330,101,86
29,399,819,JK009325,2039,670,1132,321,85
29,1025,1449,JK005007,127,494,877,257,69
29,399,702,JK005007,227,1192,1499,233,92
29,1161,1428,JK009390,1298,1142,1375,160,67
29,1042,1428,Zaydiyya0000013,199,836,1185,197,59
29,399,819,ShamAY0035035,9524,47,499,328,89
29,5,120,Shamela0007350,10,1205,1320,94,100
29,1088,1326,Shamela0007350,14,368,566,155,79
29,141,829,JK000337,12,690,1432,467,73
29,829,1444,JK000337,13,0,749,398,59
29,5,125,JK000385,89,1418,1533,91,93
30,946,1176,JK000764,556,27,217,109,57
30,403,733,ShamAY0035960,570,260,568,215,77
30,515,733,JK000090,50,0,228,153,79
30,1070,1189,Shamela0001438,1581,283,421,94,84
30,550,733,Shamela0001438,8343,3,184,121,76
30,6,478,JK000022,843,715,1252,274,55
30,470,733,JK000022,1102,0,278,188,82
30,865,1176,JK000022,1278,828,1105,217,88
30,534,733,JK000022,2580,0,200,139,81
30,1067,1176,JK000001,3236,1313,1421,85,99
30,1070,1176,Sham19Y0127677,688,1094,1199,83,99
30,1004,1275,Shamela0012884,1845,366,630,160,66
30,1004,1275,Shamela0012884,4419,866,1162,154,63
30,1004,1401,Shamela0007318,13,650,1128,281,69
30,916,1176,Shamela0004445,6943,0,257,186,88
30,1070,1176,Shamela0096551,165,1196,1301,83,99
30,865,1176,JK000467,2700,63,372,183,72
30,403,658,JK000097,527,1234,1472,167,77
30,970,1275,JK000030,186,77,360,152,58
30,998,1275,Shamela0010283,2742,257,525,146,56
30,916,1182,Shamela0012704,8,198,452,178,79
30,916,1275,Shamela0012704,9,64,432,200,65
30,475,733,JK009390,769,185,456,181,80
30,1004,1176,JK009390,841,840,992,102,76
30,1236,1372,ShamAY0002038,92,1187,1322,90,74
30,865,1176,JK000742,115,958,1264,185,65
30,403,723,Shamela0007350,15,577,894,233,86
30,417,733,JK000629,492,0,291,199,76
30,359,1048,JK000337,12,232,971,336,49
30,6,291,JK000337,18,717,1031,226,89
30,816,1275,JK000337,24,301,840,278,62
31,1095,1469,JK001435,18,986,1418,227,64
31,1084,1477,Shamela0010906,141,11,418,305,94
31,931,1090,Shamela0010906,949,281,464,113,77
31,931,1109,Shamela0010906,1758,342,530,111,72
31,970,1187,Shamela0010906,2201,12,281,127,60
31,931,1477,Shamela0010906,2452,636,1185,409,91
31,938,1192,Shamela0010906,2685,922,1244,122,47
31,970,1187,Shamela0010906,2828,1106,1371,133,60
31,931,1125,Shamela0010906,2861,1208,1429,125,71
31,1101,1469,JK000021,586,939,1342,209,64
31,1160,1469,JK000325,7,0,295,162,62
31,576,928,JK005005,131,793,1285,203,44
31,10,859,Sham19Y0018315,3,590,1342,474,61
31,135,607,Shamela0010025,4,955,1475,357,83
31,611,859,Shamela0010025,5,0,248,179,83
31,135,484,Shamela0009357,3,1073,1474,263,79
31,484,859,Shamela0009357,4,0,366,266,84
31,56,730,JK000532,845,783,1070,126,21
31,311,1090,ShamAY0032826,505,492,1080,310,46
31,311,1140,ShamAY0032826,506,279,863,310,45
31,1084,1477,JK000485,533,204,606,306,95
31,1084,1477,Shamela0029728,13,647,1061,291,86
31,80,859,Masaha001832,19,8,906,533,69
31,1084,1475,JK000707,13,1046,1449,284,87
31,1101,1387,JK001492,477,365,694,189,71
31,194,859,Shamela0012752,24,0,735,483,79
31,1084,1387,JK000467,1198,762,1109,189,67
31,1151,1469,JK001045,7,34,309,162,60
31,931,1477,Shamela0035100,547,274,860,371,77
31,1084,1475,Sham19Y0001729,1025,300,701,283,87
31,104,752,ShamAY0033566,5,212,672,248,39
31,931,1477,Shamela0010480,1566,792,1323,338,74
31,302,863,Shamela0030054,3,0,574,355,67
31,1151,1469,Shamela0007350,14,934,1262,234,88
31,0,868,Shamela0030665,44,277,1188,485,57
31,286,1173,JK000337,10,0,807,441,55
32,449,673,JK000764,315,166,736,125,29
32,8,270,Shamela0021765,2312,144,509,168,54
32,0,328,Shamela0010906,141,418,754,227,84
32,0,270,Shamela0010906,2452,1185,1455,215,100
32,0,316,JK000485,533,606,932,222,85
32,0,307,Shamela0029728,13,1061,1367,213,83
32,13,307,JK000707,14,0,293,193,77
32,384,718,JK009179,151,455,921,146,36
32,458,657,JK000315,3,1126,1299,133,84
32,1255,1479,ShamAY0032887,2,40,277,157,80
32,0,320,Shamela0035100,547,860,1184,231,89
32,0,264,Sham19Y0001729,1025,707,982,191,84
32,0,129,Shamela0010480,1566,1323,1452,99,95
32,129,392,Shamela0010480,1567,0,282,113,34
32,660,963,Shamela0007350,20,747,1056,212,79
33,3,405,Kraken220413194022,2477,0,690,300,54
33,507,650,Kraken220413194022,2478,195,328,99,85
33,3,449,Shamela0036446,920,326,736,119,28
33,970,1181,Kraken220413202218,206,1018,1230,161,95
33,866,1195,JK001487,322,765,1070,236,89
33,7,449,JK007065,431,983,1392,115,26
33,0,330,JK007065,432,869,1377,242,60
33,507,650,JK007065,433,1083,1216,99,85
33,880,1181,JK007065,872,1135,1433,230,95
33,899,1181,EScr20112614,98,436,670,160,71
33,826,1175,Shamela0005737,82,567,888,252,90
33,7,650,Shamela0037837,956,149,1062,199,22
33,902,1181,Shamela0095735,710,474,752,198,89
33,7,582,Shamela0021715,7463,681,1540,163,18
33,832,1181,JK001202,17,565,895,235,83
33,860,1195,Shamela0000782,1246,657,1014,258,90
33,930,1195,Shamela0003055,714,1045,1304,194,93
33,0,330,ShamAY0034005,866,318,746,216,62
33,427,650,ShamAY0034005,867,551,764,143,80
33,253,612,JK000090,132,15,314,178,55
33,813,1175,Shamela0009270,222,737,1103,266,88
33,0,169,Shamela0009270,384,1020,1201,126,89
33,522,650,Shamela0009270,386,0,124,96,93
33,0,330,Sham19Y0017581,72,941,1473,241,57
33,507,650,Sham19Y0017581,73,1169,1302,99,85
33,0,128,Shamela0003722,7891,1359,1497,94,83
33,0,330,JK001414,2434,858,1425,238,53
33,507,650,JK001414,2435,1170,1303,99,85
33,0,405,JK001414,2438,173,924,299,50
33,507,650,JK001414,2439,487,620,99,85
33,7,449,ShamAY0038638,147,1096,1438,108,29
33,930,1195,JK000362,319,637,898,194,92
33,7,449,JK000967,486,326,751,162,36
33,7,449,Sham19Y0018176,1827,761,1168,118,27
33,866,1181,JK000141,754,675,954,210,83
33,902,1181,JK000081,444,0,253,181,81
33,698,1200,JK000733,16,232,694,293,66
33,0,274,JK000474,2421,1037,1443,178,52
33,507,650,JK000474,2422,1349,1488,106,93
33,7,449,JK000110,1322,1138,1481,116,32
33,7,650,Shamela0000894,31,671,1120,215,36
33,860,1181,Shamela0009810,1428,906,1186,215,85
33,0,1481,Shamela0007318,14,170,1484,901,70
33,7,449,PV2024060602,1322,1138,1481,111,25
33,860,1181,PV2024060602,3538,491,803,245,96
33,866,1181,PV2024060602,4472,908,1187,210,83
33,860,1195,PV2024060602,6986,876,1232,258,90
33,7,449,Shamela0008473,4202,17,411,116,24
33,860,1181,Shamela0009619,5,451,766,244,96
33,930,1181,Shamela0011279,7,216,466,195,98
33,0,467,Shamela0022549,319,215,1004,262,41
33,7,650,Sham19Y0013252,7038,5,913,197,21
33,7,449,Shamela0000041,600,488,920,126,30
33,954,1181,Kraken220413030905,318,525,748,166,93
33,807,1181,JK009190,45,696,1051,239,79
33,0,169,Shamela0000347,812,738,917,119,83
33,0,467,Shamela0021315,72,95,826,249,40
33,0,330,JK007078,59,825,1399,239,52
33,507,650,JK007078,60,1269,1408,112,97
33,7,449,JK009336,280,352,832,164,37
33,934,1181,JK009336,2676,0,242,184,93
33,860,1181,Shamela0025794,1410,924,1249,234,85
33,3,449,JK000279,512,529,877,158,43
33,0,169,Sham19Y0013572,462,1208,1388,126,90
33,187,405,Sham19Y0013572,463,67,398,175,65
33,954,1181,Sham19Y0013572,885,478,707,174,95
33,981,1181,Sham19Y0014592,864,0,196,151,96
33,0,650,Sham19Y0132403,149,523,828,222,41
33,899,1481,Shamela0022921,168,470,952,266,51
33,0,444,ShamAY0032887,2,277,1075,322,50
33,902,1181,Shamela0007546,7,795,1065,202,91
33,516,650,Shamela0001466,509,1375,1502,87,82
33,7,449,Shamela0001466,509,312,767,117,23
33,0,309,Shamela0012403,249,942,1441,219,55
33,507,650,Shamela0012403,250,1268,1403,107,93
33,860,1181,Shamela0001727,1506,372,684,245,96
33,7,449,Sham19Y0018106,3160,193,600,118,27
33,7,449,Sham19Y0016684,1640,1130,1513,112,27
33,899,1181,Sham19Y0020638,1238,237,513,216,96
33,7,650,Sham19Y0020638,1416,38,955,196,21
33,902,1181,JK001469,42,632,908,190,86
33,7,449,Sham19Y0150960,1296,793,1212,104,25
33,899,1195,Tafsir02102,209,635,902,206,86
33,196,612,JK000742,158,453,844,214,54
33,899,1181,Tafsir07057,286,1304,1577,205,93
33,860,1181,Sham19Y0122406,3917,706,1018,245,96
33,7,467,JK009362,5568,1001,1147,54,15
33,7,449,JK009266,1801,181,650,116,25
33,860,1099,JK000140,1201,1166,1409,183,93
33,902,1181,Shamela0023578,2400,0,274,214,96
33,444,664,Shamela0007350,25,0,146,104,57
33,866,1181,Shamela0008206,888,281,583,232,91
33,7,396,Shamela0008210,9,82,532,179,45
33,462,650,Shamela0008210,10,257,431,127,80
34,352,606,Kraken220413194022,2841,315,579,186,86
34,382,606,JK000116,509,4,169,92,48
34,373,606,JK001487,51,362,625,162,78
34,637,853,JK001487,67,866,1092,149,81
34,305,716,JK000764,178,146,522,218,67
34,92,293,JK000764,314,594,775,139,84
34,305,606,JK000764,315,441,747,193,79
34,623,853,JK000764,318,1009,1258,174,88
34,362,721,JK001435,11,78,398,132,43
34,92,277,JK001435,20,219,393,122,81
34,674,869,JK000065,75,0,209,126,73
34,394,606,JK000065,84,711,925,151,87
34,505,606,JK000090,54,0,101,79,100
34,1120,1418,JK000929,153,1059,1398,211,77
34,1279,1418,JK009313,3465,123,271,99,76
34,1138,1418,JK000568,20,142,461,201,78
34,373,570,JK000911,9,371,749,89,25
34,23,1452,Shamela0007318,15,0,1154,556,38
34,111,293,Shamela0007318,22,500,677,124,82
34,373,606,JK009179,151,669,905,180,97
34,370,606,JK009158,136,1083,1397,158,62
34,339,627,JK009158,231,892,1143,128,52
34,679,853,JK000071,69,1051,1227,124,84
34,1187,1452,ShamAY0037387,294,1172,1438,196,86
34,370,576,JK001214,24,1111,1400,135,57
34,615,869,JK001214,40,726,1015,178,76
34,1217,1418,JK000467,1870,0,232,152,81
34,373,606,Shamela0009783BK1,22,1103,1371,159,75
34,391,606,JK007004,188,856,1080,160,91
34,400,606,JK007004,234,0,201,152,92
34,637,853,JK000316,15,7,240,146,76
34,679,853,Shamela0037325,226,1193,1380,136,90
34,391,606,Shamela0037325,249,683,904,166,94
34,373,606,Shamela0007798,9043,202,460,156,77
34,373,606,Sham19Y0145435,888,477,745,147,66
34,637,853,JK000100,34,772,985,152,84
34,679,895,Shamela0007350,24,390,634,139,65
34,352,606,JK000374,51,856,1113,180,84
34,489,606,Shamela0008206,450,0,136,86,82
34,637,853,Shamela0008206,464,1099,1325,149,81
34,305,606,JK000337,31,779,1082,201,84
34,352,606,Shamela0007663,19,754,1017,190,89
35,353,913,Shamela0021809,1455,801,1498,417,72
35,925,1236,Shamela0021809,1456,11,302,213,87
35,451,858,JK010248,6,1019,1368,218,57
35,454,913,JK000116,538,178,524,260,69
35,1307,1461,JK000116,545,1182,1341,110,84
35,942,1461,JK001487,280,746,1228,202,35
35,451,851,JK009229,1430,299,779,179,37
35,1307,1461,Shamela0021766,4561,57,218,111,86
35,554,858,JK007063,494,1161,1397,181,73
35,946,1461,JK001435,18,268,723,202,38
35,499,878,Shamela0008363,439,461,733,137,38
35,359,1094,Shamela0021765,1992,117,905,446,67
35,451,870,Shamela0021688,16,494,847,119,24
35,454,913,Sham19Y0011326,285,372,721,255,66
35,430,913,Sham19Y0011326,289,226,596,265,65
35,1318,1461,Shamela0001438,2055,316,445,97,83
35,645,913,Shamela0001438,4294,977,1334,174,54
35,645,913,JK009274,1013,394,856,177,44
35,946,1461,Sham19Y0131521,6106,393,876,234,46
35,952,1461,Shamela0009270,403,427,880,213,40
35,641,878,AOCP2023090617,5,774,966,148,77
35,708,878,Zaydiyya0000359,21,1387,1549,125,91
35,925,1461,Shamela0003722,3575,869,1412,202,33
35,363,913,Sham19Y0038093,41,667,1462,375,56
35,451,851,Hindawi051419736,194,1144,1549,205,47
35,1073,1420,Hindawi051419736,196,1348,1517,116,40
35,952,1461,JK000325,5,432,867,208,40
35,454,913,Shamela0012001,84,966,1309,250,65
35,451,858,Shia001432Vols,18075,330,727,198,46
35,645,878,JK008001,2146,1192,1461,161,69
35,1318,1461,JK008001,2148,1028,1174,109,94
35,451,913,JK000146,187,867,1321,245,52
35,999,1461,JK000142,1072,0,451,206,44
35,544,878,JK009313,1100,909,1161,183,65
35,645,913,Sham19Y0127677,2363,1016,1372,171,54
35,622,858,Shamela0005756,2188,1168,1342,129,67
35,451,913,Shamela0012884,100,384,844,233,48
35,946,1391,Sham19Y0020591,1755,1043,1452,180,40
35,580,1122,JK000485,1300,0,547,305,57
35,0,114,Shamela0007318,15,1154,1305,90,74
35,946,1461,Shamela0008473,4160,712,1189,231,45
35,490,1080,JK005020,759,82,627,302,56
35,338,1420,Shamela0004445,9,504,1467,534,51
35,433,795,Shamela0004445,38,847,1074,155,52
35,454,752,Shamela0012293,2538,452,631,130,54
35,320,983,JK000315,5,151,878,369,55
35,451,1461,Shamela0002386,399,198,1144,390,36
35,645,878,Sham19Y0038171,2328,617,1104,158,39
35,645,858,Sham19Y0013252,1018,399,562,127,73
35,645,913,Shamela0021659,1584,399,762,179,56
35,952,1461,JK000653,301,0,647,182,28
35,255,913,Shamela0012406,49,357,1062,455,75
35,255,496,Shamela0000041,2639,1369,1604,135,69
35,513,1083,Shamela0000041,2640,0,597,338,59
35,942,1461,JK009158,230,746,1238,194,35
35,454,1195,JK000098,296,112,676,445,74
35,1307,1461,JK000098,361,150,310,118,93
35,925,1461,Shamela0022418,1,215,700,212,41
35,473,913,JK000467,983,0,594,307,59
35,513,1112,JK000467,1077,0,761,365,53
35,307,1009,JK000467,1112,418,1211,422,60
35,1020,1438,JK000467,1203,15,422,155,34
35,437,913,Sham19Y0018147,30,23,562,257,46
35,946,1461,JK001045,5,581,1024,219,42
35,353,1127,Shamela0025794,402,425,1331,575,78
35,946,1461,JK009153,64,455,971,186,32
35,1307,1461,JK001254,10,67,226,114,89
35,1307,1461,JK000102,162,39,192,113,89
35,925,1385,ShamAY0035253,13,806,1482,163,23
35,370,1160,Shamela0012220,497,725,1142,194,30
35,454,946,JK001263,73,508,1058,242,46
35,451,913,Sham19Y0023644,112,743,1252,292,61
35,645,913,JK009390,2602,1097,1461,179,55
35,523,1160,JK000742,56,0,588,229,35
35,1318,1461,JK001187,174,463,622,101,80
35,925,1364,Shamela0010480,1270,736,1098,174,42
35,946,1461,Shamela0008273,1,625,1065,216,41
35,513,1094,Shamela0012579,2785,0,680,347,59
35,645,795,ShamAY0035035,9362,504,650,115,94
35,454,878,Shamela0007350,4,932,1199,135,35
35,942,1461,Shamela0008206,848,411,861,202,36
35,255,913,JK000629,3,170,933,432,66
35,1047,1461,JK000629,4,0,414,134,28
35,454,1461,Shamela0011334,225,149,900,384,38
35,925,1371,JK001050,13,808,1458,156,23
35,946,1461,JK009141,145,104,569,218,43
35,1006,1461,JK000337,10,776,1187,193,41
35,442,701,Shamela0008210,12,0,233,137,58
35,1017,1458,Shamela0008210,25,0,541,155,26
35,934,1438,Sham19Y0014601,5807,421,1059,186,29
35,1352,1461,Sham19Y0014601,5808,8,399,79,26
35,454,913,JK006870,54,180,527,260,69
36,7,148,Sham19Y0020944,1094,224,434,103,62
36,658,1168,Shamela0021809,1455,811,1413,244,47
36,391,1168,Sham19Y0014309,906,164,779,285,38
36,7,152,JK000116,545,1341,1544,109,68
36,0,152,JK001487,280,1228,1445,108,63
36,0,1097,JK009159,76,295,787,249,26
36,320,1101,JK001435,18,298,817,261,38
36,7,152,Shamela0003055,626,676,883,114,69
36,7,352,Sham19Y0131521,6106,876,1287,139,32
36,7,175,Shamela0009270,403,880,1132,115,57
36,271,1197,Shamela0013041,445,464,1100,354,44
36,190,533,Shamela0003722,3575,756,1151,191,59
36,7,133,Zaydiyya0000454,89,13,135,96,96
36,0,156,JK000325,5,867,1082,120,70
36,333,1128,JK000630,102,730,1467,307,37
36,416,746,Shamela0026324,1878,7,380,154,45
36,271,1137,JK000141,42,29,618,316,42
36,7,179,JK000142,1072,451,722,122,57
36,271,925,Sham19Y0020591,1755,1043,1355,197,37
36,271,1137,PV2024060602,3760,291,880,316,42
36,7,179,PV2024060602,5669,335,606,122,57
36,271,1152,Shamela0008473,4160,712,1348,326,41
36,720,1084,JK000315,4,950,1384,206,57
36,7,133,Shamela0002386,399,1144,1269,99,99
36,0,133,Sham19Y0038171,2328,1028,1165,105,97
36,799,1168,Shamela0000041,2640,40,434,185,55
36,0,179,JK009158,230,1238,1423,122,84
36,381,1238,JK000098,296,574,1064,293,40
36,0,152,JK000098,361,310,523,115,68
36,263,1084,Shamela0022418,1,237,836,260,34
36,391,1168,JK009336,804,313,968,275,35
36,749,1152,Sham19Y0018147,30,51,527,202,48
36,0,165,JK001045,5,1024,1260,124,66
36,271,533,JK009153,64,455,734,172,71
36,0,156,JK001254,10,226,440,120,70
36,271,533,Shamela0012581,484,927,1255,169,63
36,777,1152,Sham19Y0023644,112,743,1217,208,53
36,819,1437,JK000742,56,0,555,279,50
36,650,1148,Shamela0010480,1270,757,1486,259,42
36,0,133,ShamAY0035035,9367,66,202,105,96
36,0,152,Shamela0008206,848,861,1077,108,63
36,7,156,Shamela0011334,225,900,1117,109,64
36,7,179,JK009141,145,569,835,122,57
36,0,152,JK000337,10,1187,1402,120,70
36,758,1168,Shamela0008210,12,0,451,322,88
36,344,533,Shamela0008210,25,0,221,125,65
36,271,882,Sham19Y0014601,5806,1097,1362,169,34
37,167,519,Shamela0021809,2700,929,1383,199,50
37,758,956,JK000473,112,1111,1431,147,55
37,179,523,Sham19Y0148271,1949,234,688,198,51
37,167,410,JK000022,1451,323,636,152,57
37,176,519,JK000141,752,188,623,182,49
37,410,586,ShamAY0032826,471,1029,1221,133,86
37,176,401,Shamela0009810,1424,931,1212,139,58
37,243,1266,Shamela0007318,16,5,865,490,56
37,176,519,PV2024060602,4470,429,864,182,47
37,410,586,Shamela0000041,1334,824,1019,139,88
37,179,398,Shamela0025794,3464,1229,1515,150,65
37,210,519,Shamela0025794,3470,418,795,154,46
37,176,390,JK000786,3059,1220,1485,144,65
37,167,376,JK000786,3879,1171,1426,142,67
38,29,296,JK001333,93,616,922,196,78
38,24,500,JK001435,21,648,1321,361,66
38,520,1103,Shamela0007318,16,793,1427,428,84
38,722,875,JK000098,149,1172,1323,119,98
38,60,393,JK000055,379,1021,1447,228,65
38,1155,1453,Shamela0021477,579,337,674,118,33
38,42,500,Shamela0025794,1304,201,799,287,55
38,1023,1453,Shamela0007350,13,0,361,208,59
39,298,717,JK001487,286,760,1285,276,67
39,980,1393,Shamela0008363,471,313,754,239,64
39,980,1218,JK000883,1458,358,593,154,74
39,269,677,Rafed0002654Vols,2013,434,915,273,68
39,48,692,JK000090,43,485,1098,332,54
39,1032,1400,JK000090,44,20,306,181,54
39,367,671,Shamela0001438,5981,694,1058,194,67
39,483,671,Shamela0000140,1248,1286,1462,127,81
39,489,671,JK008001,6303,17,202,139,94
39,375,671,Sham19Y0127677,4109,272,643,195,67
39,272,615,Shamela0012884,2773,1208,1454,161,58
39,378,671,Sham19Y0014283,18,303,674,193,66
39,269,671,Shamela0008473,2569,459,934,273,69
39,483,671,JK000315,7,16,189,127,82
39,483,671,Shamela0029743,498,1032,1224,144,92
39,980,1218,JK009158,247,775,996,148,72
39,269,677,Shia004092Vols,2431,755,1235,273,68
39,980,1218,Sham19Y0132403,21,1203,1407,138,70
39,483,656,JK000906,4927,1349,1525,135,93
39,375,671,JK009390,5599,184,553,194,67
39,378,656,Tafsir07057,2841,1086,1431,189,66
39,537,711,Shamela0007350,14,0,181,122,86
39,375,889,Shamela0008206,854,9,635,258,46
40,964,1108,JK010248,3,1135,1277,101,90
40,1140,1433,Sham19Y0148271,1727,812,1133,200,76
40,537,647,JK007065,411,0,134,85,80
40,1157,1433,Sham19Y0146127,3048,816,1263,167,48
40,1157,1433,Shamela0021715,11038,838,1239,162,53
40,1151,1360,Shamela0000782,1348,433,732,117,50
40,1157,1433,JK001087,39,709,1156,170,49
40,521,647,ShamAY0034005,1279,1133,1283,97,82
40,1200,1438,JK000090,44,514,805,180,77
40,524,647,Sham19Y0132524,2590,1244,1396,95,79
40,1140,1433,JK000022,618,132,445,194,74
40,1140,1433,Shamela0009270,245,1036,1390,205,71
40,1157,1433,Shamela0009270,380,67,533,168,47
40,521,647,ShamAY0001760,126,725,900,94,69
40,1157,1392,Sham19Y0013605,5076,1202,1529,145,56
40,499,647,Sham19Y0013605,5082,682,840,114,88
40,1157,1433,Sham19Y0018103,4260,559,961,162,52
40,499,647,Sham19Y0018103,4264,592,750,114,88
40,926,1246,JK000630,147,738,1128,160,49
40,521,647,Sham19Y0018144,2498,1308,1461,97,79
40,1157,1388,JK009160,238,220,572,145,53
40,1157,1314,Sham19Y0018176,2616,1248,1457,109,65
40,199,647,Sham19Y0018176,2619,160,514,177,46
40,1157,1433,JK000474,3424,121,523,162,52
40,537,647,Shamela0005756,9998,468,781,86,34
40,1157,1433,Shamela0005756,15365,1001,1387,154,52
40,199,647,JK000110,1989,317,654,171,45
40,1157,1430,JK000484,5657,1013,1465,165,47
40,979,1102,Shamela0012884,4517,1103,1223,92,95
40,559,851,JK000842,506,606,883,129,50
40,656,1020,ShamAY0032826,573,191,645,185,52
40,926,1246,Shamela0026884,198,814,1149,155,47
40,0,136,JK009379,63,131,283,105,87
40,304,851,Shamela0012861,22,576,929,147,33
40,434,541,Shamela0007318,16,1422,1528,85,99
40,541,672,Shamela0007318,17,0,125,93,90
40,1200,1441,Shamela0007318,17,111,356,191,98
40,199,647,PV2024060602,1989,317,654,171,45
40,521,647,PV2024060602,3434,1037,1192,97,80
40,931,1360,PV2024060602,7080,467,1065,173,36
40,1140,1433,Shamela0008473,2426,727,1041,200,76
40,1151,1336,JK006838,1219,1111,1347,88,44
40,1157,1433,Sham19Y0013252,10612,615,1017,162,52
40,499,647,Sham19Y0013252,10623,659,822,114,86
40,1151,1336,JK000653,27,1069,1374,108,46
40,1157,1433,JK000653,36,359,793,169,50
40,1140,1433,Shamela0012406,5,258,584,200,75
40,1157,1433,JK009158,134,999,1245,109,44
40,499,647,Shamela0005772,202,969,1118,112,91
40,1151,1433,JK001214,26,91,371,119,46
40,1140,1438,Shamela0009783BK1,25,221,525,199,77
40,1140,1433,Shamela0025794,3777,169,482,197,75
40,987,1300,Shamela0025794,3779,345,643,126,43
40,1140,1366,ShamAY0033598,135,797,1145,127,46
40,1157,1403,Sham19Y0016584,4879,132,477,150,56
40,499,647,Sham19Y0016584,4884,157,315,114,88
40,521,647,Sham19Y0013572,427,567,722,97,80
40,1157,1433,Sham19Y0132403,93,750,1153,162,52
40,1140,1433,JK001277,4,523,854,205,75
40,499,647,JK009324,3749,322,476,112,89
40,521,647,Shamela0001727,1402,895,1050,97,80
40,1157,1433,Sham19Y0001729,2103,572,1021,178,51
40,1157,1433,Sham19Y0018106,4303,404,806,162,52
40,499,647,Sham19Y0018106,4306,968,1131,114,86
40,987,1433,JK007043,2566,1076,1475,215,56
40,1157,1433,JK007043,2567,267,537,124,50
40,521,647,Sham19Y0020638,1157,1251,1402,95,80
40,987,1438,Sham19Y0145435,126,405,952,239,56
40,1151,1438,JK000742,56,959,1296,220,81
40,521,647,JK000916,25975,1198,1353,97,80
40,521,647,Sham19Y0122406,3699,568,723,97,80
40,931,1360,JK000140,1295,741,1339,173,36
40,94,647,Shamela0007350,16,12,984,342,43
40,967,1441,Shamela0007350,18,957,1369,264,62
40,1157,1433,JK000374,53,185,617,167,50
40,521,647,Shamela0003118,7696,1149,1304,97,80
40,1157,1433,JK009141,144,893,1277,156,53
40,521,647,JK009141,1430,497,628,82,69
40,1135,1433,Shamela0007663,20,904,1328,169,50
41,682,971,Shamela0021809,2700,956,1250,173,70
41,177,385,ShamAY0033926,243,496,730,155,85
41,1085,1332,JK000764,180,192,436,159,74
41,660,819,JK009229,1320,1341,1522,105,76
41,819,971,JK009229,1321,0,152,121,100
41,157,396,JK005004,320,1049,1300,163,78
41,660,833,Sham19Y0020642,117,1107,1300,111,73
41,157,385,JK006801,969,289,530,152,75
41,1187,1332,JK000090,140,766,884,94,81
41,1118,1332,JK000022,732,230,436,139,75
41,665,971,JK000141,752,152,469,240,96
41,671,782,JK009256BK1,2920,762,882,80,86
41,766,971,JK000080,573,958,1178,163,93
41,1174,1317,Shamela0012884,4322,31,204,104,76
41,135,385,JK000482,151,381,630,163,79
41,1174,1363,Shamela0012861,6,385,546,122,81
41,665,971,Shamela0009810,1424,895,1212,240,96
41,1174,1344,Shamela0007318,17,865,1035,137,100
41,665,971,PV2024060602,4470,393,710,240,96
41,1187,1317,Shamela0021493,266,292,416,95,88
41,766,971,Sham19Y0023618,1695,1267,1469,161,98
41,682,968,Shamela0025794,3464,1219,1515,168,67
41,665,980,JK000312,481,669,995,241,94
41,1118,1332,JK000487,160,1209,1385,139,82
41,1118,1332,Shamela0008494,92,346,544,137,79
41,763,971,JK001429,19,770,994,160,90
41,763,971,Shamela0004473,15579,1109,1339,165,90
41,1042,1332,JK000916,6215,615,865,170,67
41,766,971,Shamela0010710,215,918,1118,149,89
41,766,971,JK001236,30,632,849,161,91
41,1174,1332,Shamela0003118,2127,330,473,114,89
41,106,385,Shamela0008206,949,636,907,171,73
41,183,396,JK000629,112,399,639,158,84
41,77,389,JK000337,9,478,791,201,77
41,701,1131,JK000337,22,0,417,258,70
41,1025,1495,JK000337,27,189,760,316,61
41,696,971,Zaydiyya0000024,2,726,1053,168,62
42,609,881,ShamAY0033926,288,729,1000,153,65
42,609,888,ShamAY0034447,577,24,286,184,82
42,0,197,JK000430,14,1196,1474,161,70
42,643,850,Shamela0021765,2808,1221,1435,123,65
42,609,881,JK000022,942,501,779,170,71
42,643,888,Shamela0012884,3136,1085,1325,155,76
42,1294,1482,Shamela0007318,17,1035,1219,145,95
42,236,403,Shamela0009076,225,836,1149,127,50
42,689,888,JK000467,2713,0,205,130,75
42,236,579,Shamela0029458,6,407,824,193,54
42,633,888,JK009153,12,0,242,170,84
42,236,388,Shamela0036357,1515,1020,1196,110,78
42,609,881,JK000483,294,986,1255,159,67
42,236,388,Shamela0005832,106,83,242,106,81
42,0,197,Sham19Y0023644,623,1102,1375,154,68
42,1294,1482,Tafsir02102,1834,1144,1340,145,89
42,236,388,JK001293BK1,1180,762,921,106,81
42,30,197,Shamela0003118,7584,11,288,129,57
42,239,624,JK000629,23,502,1046,212,46
42,959,1268,JK000337,17,7,686,221,39
42,236,470,JK000337,25,1089,1474,168,55
42,470,588,JK000337,26,0,161,88,72
42,0,197,JK000337,27,760,1038,160,70
43,0,309,Shamela0007318,17,1219,1527,249,99
43,309,1600,Shamela0007318,18,0,1276,1024,96
43,0,836,Tafsir02102,1834,1340,1570,178,25
44,875,1050,JK007063,497,457,611,110,74
44,858,1103,JK000022,851,200,434,118,49
44,1077,1303,JK000022,1689,1026,1250,146,75
44,830,1022,JK000022,2044,100,300,144,85
44,852,1022,Shamela0010906,2237,193,363,118,81
44,1400,1552,Sham19Y0013605,5079,1019,1172,121,99
44,1400,1552,Sham19Y0018103,4262,657,810,121,99
44,870,1022,Shia001432Vols,18011,629,1008,116,36
44,1400,1552,Sham19Y0018176,2618,4,157,121,99
44,875,1022,ShamIbadiyya0000050,5216,637,777,96,76
44,1400,1552,Shamela0005756,15372,57,210,121,99
44,1400,1552,JK000110,1988,132,285,121,99
44,867,1022,JK009379,36,815,1252,116,31
44,0,383,Shamela0007318,18,1276,1641,302,95
44,867,1548,Shamela0007318,19,926,1397,250,39
44,1400,1552,PV2024060602,1988,132,285,121,99
44,1400,1552,Sham19Y0013252,10613,903,1056,121,99
44,875,1219,Sham19Y0023618,1476,844,1057,128,46
44,887,1022,Kraken220413030759,808,1093,1240,109,89
44,1400,1552,Sham19Y0016584,4881,594,747,121,99
44,858,1215,Sham19Y0014592,96,987,1406,156,47
44,852,1022,Shamela0035100,2046,974,1148,118,79
44,858,1022,JK000906,9431,1355,1514,111,81
44,1400,1552,Sham19Y0018106,4305,4,157,121,99
44,1400,1552,Sham19Y0016684,2028,1316,1469,121,99
44,10,453,Tafsir02102,1835,33,197,136,37
44,858,1022,JK000742,139,1271,1443,121,84
45,1104,1464,Kraken220413194022,2842,307,680,242,75
45,1267,1464,Sham19Y0017063,1457,859,1065,156,94
45,1241,1464,Sham19Y0014309,901,53,315,139,62
45,1258,1464,Shamela0006739,710,1022,1271,164,82
45,681,837,JK000298,3795,1042,1189,89,65
45,0,281,Shamela0021766,1044,1086,1361,207,90
45,1215,1464,JK001435,9,1055,1365,177,72
45,1261,1464,ShamAY0035960,541,1001,1229,162,88
45,1261,1464,JK007054,423,896,1158,143,69
45,0,267,JK000065,384,495,751,199,92
45,1241,1464,JK007065,201,598,865,158,75
45,1241,1464,Sham19Y0013614,787,27,265,164,80
45,1258,1464,MMS00013,8,9,240,125,68
45,1215,1464,Sham19Y0146127,3048,813,1107,197,84
45,1192,1464,Shamela0037837,769,1021,1408,202,64
45,1258,1459,Sham19Y0016953Vols,754,654,849,125,70
45,671,972,JK000675,379,356,612,148,59
45,1225,1464,Shamela0021715,5044,683,937,121,50
45,1176,1464,Shamela0021715,5045,784,1157,182,62
45,1186,1464,Shamela0021715,11038,811,1094,215,93
45,1206,1464,Shamela0021715,11039,57,802,202,34
45,1186,1464,Shamela0000782,1348,408,715,142,46
45,1218,1464,JK001087,39,709,1017,171,71
45,1206,1464,ShamAY0034005,1219,422,779,168,61
45,1241,1425,Sham19Y0016976,1717,1311,1508,132,76
45,1241,1464,Sham19Y0014119,563,494,732,164,80
45,733,985,JK000637,3484,0,259,188,88
45,1218,1431,Shamela0009270,245,1053,1244,120,64
45,1215,1464,Shamela0009270,380,64,377,173,70
45,1225,1464,Sham19Y0013605,2730,807,1062,128,53
45,1228,1464,Sham19Y0013605,2731,769,1077,168,69
45,1104,1464,Sham19Y0013605,5076,864,1459,233,44
45,0,303,Sham19Y0013605,5079,1185,1479,205,82
45,1258,1464,Sham19Y0127656,379,1000,1259,140,67
45,703,985,JK001012,322,570,859,187,76
45,0,361,Sham19Y0017729,217,382,681,216,75
45,1225,1464,Sham19Y0018103,2166,1150,1405,128,53
45,1186,1464,Sham19Y0018103,2167,457,818,185,65
45,1186,1464,Sham19Y0018103,4260,532,816,215,93
45,0,267,Sham19Y0018103,4262,823,1087,197,88
45,1258,1464,Shamela0012001,84,391,671,148,67
45,0,267,JK000381,1836,68,331,198,89
45,1093,1464,Tafsir01005,2891,189,500,191,61
45,1215,1459,JK009160,238,217,490,159,72
45,1314,1464,Sham19Y0018176,1210,0,170,117,85
45,1104,1418,Sham19Y0018176,2616,946,1457,230,56
45,0,303,Sham19Y0018176,2618,170,464,205,82
45,0,267,Shamela0011730,525,232,493,194,88
45,1215,1459,JK000474,3424,118,401,175,78
45,675,985,JK000474,3938,3,328,221,84
45,703,972,JK000080,574,1191,1501,197,79
45,1225,1464,Shamela0005756,9434,380,641,128,52
45,1186,1464,Shamela0005756,9435,827,1207,182,62
45,1186,1464,Shamela0005756,15365,974,1240,199,87
45,0,267,Shamela0005756,15372,223,488,197,88
45,1186,1464,JK000110,828,846,1208,186,65
45,1104,1299,JK000110,1986,1099,1431,142,53
45,1299,1464,JK000110,1987,0,168,132,97
45,0,303,JK000110,1988,298,594,205,82
45,1215,1464,JK000484,5657,1010,1305,197,84
45,0,267,JK000484,5968,1037,1282,161,65
45,0,267,Shamela0010784,7,523,786,198,89
45,0,176,JK000216,53,845,1028,134,90
45,0,281,Shamela0009292,83,294,569,213,92
45,101,273,Shamela0007318,20,0,171,140,98
45,927,1464,Shamela0007318,20,41,998,284,32
45,1186,1464,PV2024060602,828,846,1208,186,65
45,1104,1299,PV2024060602,1986,1099,1431,142,53
45,1299,1464,PV2024060602,1987,0,168,132,97
45,0,303,PV2024060602,1988,298,594,205,82
45,1186,1464,PV2024060602,7080,739,1048,143,47
45,10,250,Shamela0008473,2280,0,250,170,80
45,1109,1464,Shamela0008473,2426,674,933,130,45
45,1186,1464,Shamela0004445,18,19,337,179,67
45,1225,1464,JK006838,1219,1123,1353,131,58
45,0,160,Shamela0026378,34,276,431,114,87
45,1186,1464,Sham19Y0013252,5466,673,1035,186,65
45,1089,1464,Sham19Y0013252,10612,284,872,281,60
45,0,267,Sham19Y0013252,10613,1069,1333,197,88
45,1206,1464,Sham19Y0013252,10617,884,1442,151,33
45,1186,1459,JK000653,27,1044,1374,139,44
45,1186,1464,JK000653,36,314,655,180,66
45,1218,1464,Shamela0012406,5,276,468,115,56
45,0,267,ShamAY0033592,21,324,596,201,87
45,0,267,Shamela0000041,658,486,741,190,85
45,1285,1464,Kraken210714194926,108,1112,1311,142,88
45,467,598,JK000071,298,159,495,60,22
45,1314,1464,Sham19Y0145212,3424,970,1156,109,73
45,0,267,Shamela0027096,6,33,283,194,90
45,0,281,JK009265,447,272,559,204,83
45,1267,1464,JK009336,802,1158,1399,138,72
45,0,281,JK009336,2645,65,335,200,84
45,1261,1431,JK000097,499,1247,1408,120,84
45,0,267,Shamela0025794,1574,1177,1437,195,88
45,1186,1464,Shamela0025794,3766,967,1332,151,45
45,1186,1464,Shamela0025794,3779,458,782,163,55
45,0,267,Shamela0023606,169,997,1253,199,92
45,1192,1464,ShamAY0033598,135,774,1123,152,53
45,1225,1459,Sham19Y0016584,2426,650,899,123,53
45,1186,1464,Sham19Y0016584,2427,164,526,186,65
45,1186,1464,Sham19Y0016584,4879,105,389,215,93
45,0,203,Sham19Y0016584,4881,760,962,148,86
45,1258,1464,Sham19Y0122142,834,414,657,130,65
45,1258,1464,Sham19Y0122257,3216,633,857,159,88
45,1192,1464,Sham19Y0132403,93,728,1007,204,90
45,285,1016,Sham19Y0132403,94,318,988,493,84
45,1062,1464,JK000382,472,791,1122,208,58
45,1258,1464,JK007045,853,731,940,148,83
45,1258,1464,JK000368,228,674,938,110,45
45,1225,1464,Shamela0009642,26,112,409,172,73
45,1104,1464,JK009324,3744,631,1101,223,60
45,0,267,JK009324,3745,304,568,197,88
45,1215,1464,Shamela0006549,33,314,607,197,84
45,1203,1464,Shamela0006549,34,201,531,177,68
45,0,289,Shamela0001466,545,434,715,206,86
45,0,289,Shamela0001466,546,1065,1346,206,86
45,1192,1459,Shamela0012981,992,735,1066,139,45
45,1186,1464,Sham19Y0001729,2103,529,863,203,74
45,1225,1464,Sham19Y0018106,2275,956,1211,128,53
45,1186,1464,Sham19Y0018106,2276,267,629,186,65
45,1186,1464,Sham19Y0018106,4303,369,661,208,89
45,0,267,Sham19Y0018106,4305,170,434,197,88
45,1186,1464,Sham19Y0016684,1233,340,702,186,65
45,0,273,Sham19Y0020638,889,707,978,204,89
45,1258,1464,Sham19Y0020638,1292,1202,1452,141,70
45,1186,1464,Sham19Y0145435,126,608,823,129,56
45,1241,1448,Sham19Y0145435,4902,1225,1473,131,62
45,0,273,ShamAY0034815,571,81,352,202,88
45,0,267,Shamela0010480,1251,229,494,203,92
45,1258,1464,JK000100,73,595,845,141,70
45,1258,1448,Shamela0023628,1832,1234,1475,131,69
45,1186,1464,JK000140,1295,1013,1322,143,47
45,0,285,JK001236,77,576,867,212,88
45,1104,1464,JK000374,52,851,1229,246,76
45,1203,1464,JK000374,53,161,478,180,72
45,0,267,JK009226,543,478,754,199,87
45,1104,1464,JK009141,144,805,1131,227,75
45,1186,1464,Shamela0008210,4,1031,1392,208,73
45,1104,1464,Shamela0007663,20,786,1187,258,78
45,1203,1464,Shamela0007663,21,113,424,178,72
46,6,146,JK001333,77,393,515,86,79
46,426,647,JK007010,65,1116,1395,140,57
46,0,263,Kraken220413194022,2842,680,942,201,92
46,0,143,Shamela0036446,1312,428,572,111,97
46,1107,1488,Shamela0036446,1313,604,1052,241,64
46,0,263,Sham19Y0017063,1457,1065,1310,188,88
46,0,143,Sham19Y0014309,901,337,488,112,94
46,753,959,JK001487,246,1123,1344,130,68
46,116,263,Shamela0006739,711,0,169,110,81
46,1107,1488,Shamela0021766,48,306,744,239,65
46,1204,1488,Shamela0021766,4480,0,329,166,59
46,0,190,JK007060,1447,1416,1599,126,81
46,0,143,ShamAY0035960,541,1229,1376,110,93
46,1107,1488,ShamAY0035960,549,173,610,234,64
46,0,267,JK007054,423,1177,1462,201,86
46,0,263,JK007065,201,887,1148,202,94
46,0,263,Sham19Y0013614,787,265,510,188,88
46,396,652,JK005004,243,545,813,132,52
46,1107,1488,JK000583,106,758,1198,232,62
46,16,143,JK000201,4530,0,130,99,96
46,0,263,Sham19Y0146127,3048,1120,1397,200,90
46,747,953,Shamela0008363,465,1249,1429,130,77
46,1107,1488,Shamela0008363,492,45,496,244,61
46,16,480,Shamela0037837,770,0,440,225,50
46,0,263,Shamela0021715,11038,1094,1362,208,97
46,54,263,Shamela0021715,11040,441,886,161,45
46,1051,1488,Shamela0000782,1135,8,713,280,49
46,423,652,ShamAY0036163,5,788,1054,149,63
46,0,263,Sham19Y0016976,1718,40,285,188,88
46,0,480,Sham19Y0014119,563,732,1224,229,43
46,1107,1488,Shamela0001438,4296,204,516,160,44
46,423,652,Shamela0001438,6105,569,816,133,56
46,1088,1488,JK009274,1014,27,521,165,34
46,1078,1469,Sham19Y0131521,6111,762,1156,193,47
46,6,245,Shamela0009270,380,397,647,135,61
46,1004,1488,Shamela0009270,404,297,798,382,93
46,480,584,JK000001,664,818,964,82,69
46,71,263,Sham19Y0013605,5077,0,197,152,96
46,0,263,Sham19Y0017791,1920,380,625,188,88
46,0,143,Sham19Y0020891,3957,285,922,112,22
46,1057,1447,Sham19Y0020891,4072,1159,1548,237,70
46,1057,1488,Sham19Y0020891,6399,183,695,259,62
46,0,263,Sham19Y0018103,4260,816,1084,208,97
46,6,263,Kraken230110004547,144,195,473,202,91
46,0,508,Shamela0012001,84,693,1060,250,62
46,423,652,JK008001,744,1159,1406,133,56
46,1107,1488,JK008001,2147,587,1207,240,45
46,1107,1488,JK008001,2149,290,732,241,61
46,6,146,JK000698,30,597,727,87,76
46,423,647,JK000465,551,241,637,139,40
46,1083,1275,Tafsir01005,110,1147,1456,152,60
46,0,263,Tafsir01005,2891,500,765,193,88
46,753,969,Tafsir01005,5450,316,559,140,69
46,699,969,Tafsir01005,5795,679,970,153,63
46,0,263,Sham19Y0018176,2617,47,315,208,97
46,753,901,Tafsir02104,557,1290,1453,91,70
46,1088,1469,Zaydiyya0000076BK12,5,14,428,273,80
46,1092,1488,Sham19Y0127677,2369,878,1309,167,37
46,423,652,Sham19Y0127677,3912,532,779,133,56
46,0,263,Shamela0005756,15365,1240,1510,207,96
46,0,263,JK000110,1987,168,437,208,97
46,0,140,JK000484,5657,1318,1465,108,90
46,423,647,Shamela0012884,957,1048,1461,140,38
46,1125,1488,Shamela0012884,4898,510,945,228,59
46,747,969,Shamela0009698,14,1121,1357,133,68
46,6,146,Zaydiyya0000413Vols,1071,204,326,86,79
46,0,143,Zaydiyya0000413Vols,1074,931,1069,102,89
46,0,369,Shamela0007318,20,998,1374,295,98
46,0,263,PV2024060602,1987,168,437,208,97
46,1024,1488,PV2024060602,6882,618,1343,288,47
46,1228,1488,Shamela0008473,4641,0,324,150,51
46,1048,1488,JK000459,236,0,444,339,94
46,480,584,Sham19Y0038171,867,33,179,82,69
46,378,647,Shamela0026378,61,551,884,173,60
46,0,263,Sham19Y0013252,10612,872,1140,208,97
46,1107,1488,Shamela0021659,1584,927,1238,156,43
46,0,143,JK007117,961,982,1154,111,81
46,0,263,Shamela0010781,429,1186,1460,201,91
46,1042,1480,Shamela0003298,13,854,1392,181,32
46,378,560,Shamela0021315,165,776,1079,137,58
46,1158,1488,Sham19Y0145212,3453,739,1137,203,63
46,753,969,Shamela0008234,26,1315,1515,131,71
46,6,143,AOCP20251104034,78,0,159,107,85
46,83,263,JK009336,803,0,183,141,95
46,1083,1488,JK009336,805,482,1077,263,55
46,0,143,Shamela0005772,201,229,376,112,96
46,0,143,JK000097,500,31,178,110,93
46,1125,1488,JK000097,507,477,905,227,65
46,0,143,JK000028,56,1056,1202,112,97
46,6,146,ShamAY0033598,135,1218,1341,87,80
46,123,263,Sham19Y0016584,4880,6,149,111,97
46,6,140,AOCP2025021445,82,1031,1172,100,88
46,1107,1411,AOCP2025021445,142,982,1199,155,61
46,1107,1488,Sham19Y0122257,3247,146,585,239,65
46,0,263,Sham19Y0132403,93,1007,1276,208,97
46,0,143,JK000382,472,1122,1266,111,97
46,0,263,JK007045,853,940,1185,188,88
46,1107,1488,JK007045,860,751,1191,239,65
46,0,263,JK001277,5,103,375,191,83
46,1004,1488,Shamela0009642,29,82,583,386,96
46,1113,1488,Shamela0010283,12,961,1391,226,64
46,0,143,JK009324,3744,1101,1246,112,97
46,0,267,Shamela0006549,33,620,920,196,80
46,0,245,Sham19Y0001729,2102,699,951,146,65
46,0,480,Sham19Y0001729,2103,876,1303,239,53
46,0,263,Sham19Y0018106,4303,661,929,208,97
46,1083,1488,Shamela0007798,8773,879,1316,177,40
46,0,263,Sham19Y0020638,1293,218,486,208,97
46,1083,1488,Tafsir09084,2395,213,799,262,52
46,423,652,Sham19Y0150960,175,1023,1284,144,62
46,1107,1488,Shamela0022593,2567,756,1150,198,53
46,378,647,ShamAY0033549,3,46,628,177,36
46,0,263,Shamela0023628,1833,39,320,207,91
46,1078,1488,Shamela0023628,3350,619,1201,263,56
46,423,647,ShamAY0034059,756,159,442,139,55
46,480,584,ShamAY0035035,3363,128,274,82,69
46,1042,1488,Shamela0012318,135,675,1181,227,46
46,1024,1469,JK000140,1097,899,1433,212,40
46,1107,1488,Shamela0023578,3089,416,861,240,64
46,0,223,JK000374,52,1229,1454,177,97
46,753,959,Shamela0008206,815,603,826,130,68
46,423,647,Zaydiyya0000259,242,77,357,153,64
46,0,263,JK009141,144,1131,1400,208,97
46,67,263,Shamela0008210,5,7,229,156,87
46,0,263,Shamela0007663,20,1187,1449,201,92
46,378,652,JK000943,34,238,599,205,72
47,816,1485,Shamela0036446,1313,604,1310,405,65
47,462,668,JK001487,246,1123,1344,131,69
47,462,668,JK009159,288,399,591,125,71
47,816,1424,Shamela0021766,48,306,1027,379,64
47,913,1420,Shamela0021766,4480,0,604,302,61
47,816,1417,ShamAY0035960,549,173,892,364,61
47,816,1485,JK000583,106,758,1472,380,59
47,456,662,Shamela0008363,465,1249,1429,131,77
47,816,1403,Shamela0008363,492,45,758,360,62
47,760,1395,Shamela0000782,1135,8,981,396,51
47,816,1485,Shamela0001438,4296,204,725,262,43
47,797,1339,JK009274,1014,27,685,220,35
47,787,1178,Sham19Y0131521,6111,762,1156,193,47
47,482,678,JK006833,74,0,201,128,74
47,713,1485,Shamela0009270,404,297,1133,610,90
47,766,1156,Sham19Y0020891,4072,1159,1548,237,70
47,766,1453,Sham19Y0020891,6399,183,956,359,56
47,1054,1343,Shia001432Vols,18076,0,322,165,57
47,816,1339,JK008001,2147,587,1410,321,46
47,816,1380,JK008001,2149,290,978,340,60
47,792,984,Tafsir01005,110,1147,1456,152,60
47,462,678,Tafsir01005,5450,316,559,141,69
47,446,678,Tafsir01005,5795,709,970,148,68
47,462,610,Tafsir02104,557,1290,1453,92,71
47,797,1485,Zaydiyya0000076BK12,5,14,623,397,66
47,801,1424,Sham19Y0127677,2369,878,1482,250,38
47,834,1408,Shamela0012884,4898,510,1230,365,60
47,456,678,Shamela0009698,14,1121,1357,134,68
47,733,1255,PV2024060602,6882,618,1396,332,51
47,937,1424,Shamela0008473,4641,0,611,283,53
47,757,1485,JK000459,236,0,756,566,93
47,816,1339,Shamela0021659,1584,927,1378,212,43
47,751,1189,Shamela0003298,13,854,1392,181,32
47,867,1412,Sham19Y0145212,3453,739,1408,332,62
47,462,678,Shamela0008234,26,1315,1515,132,71
47,462,678,JK000055,463,650,864,140,77
47,792,1420,JK009336,805,482,1355,395,56
47,834,1417,JK000097,507,477,1186,357,62
47,816,1267,AOCP2025021445,142,982,1447,204,43
47,816,1424,Sham19Y0122257,3247,146,863,377,64
47,816,1395,JK007045,860,751,1443,360,64
47,713,1485,Shamela0009642,29,82,895,614,94
47,822,1309,Shamela0010283,12,961,1540,287,60
47,792,1255,Shamela0007798,8773,879,1369,220,45
47,792,1417,Tafsir09084,2395,213,1081,390,54
47,816,1469,Shamela0022593,2567,756,1376,324,53
47,901,1485,JK000742,55,0,591,330,58
47,787,1403,Shamela0023628,3350,619,1470,379,56
47,751,1424,Shamela0012318,135,675,1332,327,48
47,733,1178,JK000140,1097,899,1433,212,40
47,816,1424,Shamela0023578,3089,416,1152,371,59
47,462,668,Shamela0008206,815,603,826,131,68
47,816,1485,JK000629,5,216,876,380,59
48,659,848,Sham19Y0007729,235,709,894,122,78
48,659,848,JK000138,126,814,975,117,77
48,611,848,Shamela0009270,394,19,319,175,71
48,340,848,JK000465,4068,1180,1328,109,27
48,704,848,JK011712,673,1226,1403,113,78
48,1244,1486,Shamela0005756,11304,227,541,120,45
48,848,961,Shamela0000894,579,710,823,92,100
48,405,848,Shamela0012884,5063,625,759,104,29
48,618,848,Shamela0008473,4817,105,358,165,79
48,1230,1486,Shamela0004445,13,703,969,132,56
48,696,848,JK000676,277,1129,1313,121,81
48,405,848,Sham19Y0036571,16,633,779,111,31
48,625,848,JK000467,1195,205,478,169,76
48,332,848,JK001160,49,639,870,139,32
48,385,848,JK000166,4290,1158,1464,161,44
48,618,848,JK000940,36,156,389,176,92
48,640,848,Shamela0004473,13103,0,240,153,77
48,659,848,JK000990,346,956,1117,117,77
48,385,848,ShamAY0036018,416,1032,1187,115,31
49,318,602,JK001333,92,884,1186,218,92
49,318,602,JK001435,19,744,1053,219,91
49,793,1044,ShamAY0035960,568,881,1139,184,90
49,1251,1452,Shamela0003055,638,576,764,149,91
49,336,643,Shamela0003055,638,136,449,192,71
49,1227,1452,JK000090,51,1073,1286,165,88
49,333,1044,JK000090,51,99,695,399,68
49,367,895,Shamela0001438,4881,549,1030,208,42
49,408,602,Shamela0001438,4882,661,840,124,78
49,1238,1452,Shamela0001438,5577,926,1094,124,71
49,403,602,Shamela0009898,205,579,910,144,56
49,1146,1452,JK000022,46,1144,1420,209,84
49,65,432,Shamela0010906,4545,424,803,202,65
49,1227,1452,Shamela0012062,216,1160,1343,137,73
49,468,602,Shamela0006617,682,695,839,102,91
49,403,602,Shamela0005816,204,805,1136,144,56
49,408,602,JK008001,2613,135,314,124,78
49,380,602,JK008001,2615,1198,1407,162,94
49,1251,1452,JK008001,4911,287,440,121,74
49,444,602,JK009160,404,0,200,110,71
49,408,602,Sham19Y0127677,2908,205,383,124,78
49,1251,1452,Sham19Y0127677,3199,928,1103,139,85
49,408,602,Shamela0012884,3427,79,271,120,71
49,1251,1452,Shamela0007318,21,237,439,162,99
49,408,602,Shamela0012862,203,103,284,122,76
49,793,1044,JK000097,526,555,793,168,82
49,1266,1452,Kraken220413030759,173,744,942,135,78
49,336,643,JK001254,21,960,1243,192,73
49,408,602,ShamAY0033053,442,892,1080,122,73
49,408,602,Shamela0012981,1529,450,636,122,75
49,1213,1452,JK000786,3698,1075,1274,155,78
49,1213,1452,JK000786,3797,54,260,158,78
49,408,602,JK009390,3954,543,726,124,77
49,380,643,JK009390,3956,176,403,153,70
49,1251,1452,JK009390,4269,0,171,131,78
49,432,602,ShamAY0034434,232,83,294,129,78
49,813,1044,Shamela0000956,111,351,621,172,81
49,1146,1452,ShamAY0035035,7146,275,522,191,77
49,745,1452,JK000337,29,719,1335,450,77
50,815,1079,JK007001,17,512,786,172,73
50,341,683,JK001435,19,1119,1407,149,45
50,836,1079,Sham19Y0146127,3583,578,816,165,78
50,557,795,Shamela0008363,441,572,825,186,92
50,573,795,Sham19Y0131521,3001,852,1066,150,81
50,858,1133,Shamela0003722,4052,422,722,182,67
50,387,795,Shamela0012062,292,786,1183,260,76
50,42,174,Shamela0012062,293,852,1003,99,83
50,469,795,JK000146,193,292,556,200,75
50,909,1079,Sham19Y0127677,3146,640,800,109,77
50,836,1079,JK000484,6580,410,676,175,81
50,879,1133,Shamela0007318,21,576,831,201,99
50,909,1087,JK000094,29,212,410,129,83
50,560,795,Sham19Y0018147,670,1113,1405,164,69
50,557,795,Shamela0023700,2850,75,352,170,75
50,590,795,JK000533,3289,0,231,163,87
50,557,795,JK000778,1218,106,382,177,79
50,830,1079,Shamela0038194,9,337,608,179,81
50,391,753,Tafsir09084,2414,0,320,141,40
50,557,795,Shamela0001426,45,637,883,183,93
50,836,1269,JK000916,13418,810,1240,224,54
50,821,1083,JK000916,21791,597,872,198,89
50,560,896,Shamela0007350,23,390,710,189,70
50,825,1147,Sham19Y0017533,63,774,1132,240,83
50,882,1133,Shamela0003118,4011,901,1169,164,66
50,909,1079,Shamela0003118,6256,120,302,126,86
50,830,1202,JK009226,898,172,494,198,61
50,584,795,JK000337,30,0,232,167,89
51,919,1071,JK000764,178,0,157,91,74
51,1290,1457,JK000764,314,622,786,120,87
51,1293,1457,ShamAY0034320,11,4,146,106,78
51,1283,1457,JK000065,84,43,216,125,86
51,1290,1451,Shamela0008363,441,1324,1491,127,95
51,118,425,Shamela0003055,639,120,323,151,60
51,470,629,JK000090,133,218,379,114,80
51,1249,1451,JK000090,134,484,679,136,78
51,121,311,Shamela0007318,21,1321,1491,137,89
51,1279,1474,Shamela0007318,22,496,700,154,93
51,311,635,Shamela0007318,22,0,514,260,62
51,1293,1457,Shamela0010463,646,55,197,107,79
51,1293,1457,JK000071,257,1359,1501,107,79
51,118,425,JK001254,22,947,1150,151,60
51,865,1023,JK007004,233,1241,1411,123,90
51,851,1063,Shamela0037325,104,800,989,141,82
51,0,622,Shamela0007350,23,770,1405,298,50
51,673,1249,JK000337,31,17,679,370,65
52,18,182,JK001487,248,413,585,113,80
52,692,1018,JK001487,283,675,1000,167,56
52,685,1014,JK000764,178,907,1247,195,61
52,1350,1485,Kraken220216061206,26,147,283,88,74
52,1240,1485,JK000022,74,39,284,169,78
52,856,1014,JK001295,412,1289,1444,115,85
52,639,1018,Shamela0007435,858,268,724,185,46
52,692,1014,Shamela0026921,7,365,682,160,53
52,253,586,JK000474,2232,123,504,152,44
52,884,1014,Shamela0012884,2011,828,966,94,81
52,253,586,JK000083,258,827,1219,146,41
52,15,215,Shamela0007318,22,790,989,157,99
52,341,586,Shamela0008473,661,319,570,120,50
52,628,1014,Sham19Y0038171,254,836,1247,210,58
52,1350,1485,Kraken210714194926,80,1077,1226,107,89
52,253,586,Shamela0008234,9,426,831,155,42
52,777,1018,Sham19Y0132403,23,8,259,140,62
52,346,586,Sham19Y0132403,44,170,469,125,45
52,818,1014,Sham19Y0132403,49,4,227,142,75
52,856,1014,Shamela0008353,184,553,926,120,40
52,856,1024,JK000906,1182,347,522,120,77
52,856,1014,JK000331,41,276,598,124,48
52,808,1149,Shamela0004473,15338,628,1087,244,62
52,253,586,Shamela0029677,937,170,560,142,41
52,628,1014,ShamAY0035035,157,384,877,192,42
52,28,616,Shamela0007350,24,161,941,305,40
52,18,172,Shamela0008206,816,1277,1441,108,80
52,692,1014,Shamela0008206,851,73,399,169,56
52,696,1014,ShamAY0032888BK2,4,747,1061,163,52
52,856,1014,Sham19Y0016618,112,342,680,122,45
52,1187,1485,JK000337,30,854,1147,194,75
52,677,1014,JK000337,33,68,443,248,82
53,415,758,JK001333,29,1050,1468,261,76
53,1196,1458,JK001333,64,562,844,203,87
53,1023,1176,JK001333,78,1047,1205,111,81
53,1206,1458,JK000682,572,747,990,173,81
53,1023,1176,ShamAY0034447,302,480,655,110,73
53,821,1105,JK001435,20,1199,1482,145,51
53,0,288,Kraken220216061206,26,283,563,195,81
53,821,1014,JK000090,54,360,539,135,84
53,1206,1458,Shamela0008243,113,22,295,178,73
53,5,294,Shamela0001438,5772,65,300,162,70
53,0,294,JK000022,74,284,576,212,88
53,5,294,JK008001,240,42,321,161,62
53,5,294,Sham19Y0127677,4200,414,653,160,69
53,1023,1176,JK000083,86,1312,1474,107,83
53,499,800,Shamela0012861,10,655,862,154,62
53,0,240,Shia003729Vols,121,127,371,148,69
53,889,1187,Shamela0007318,22,994,1307,198,70
53,468,795,Shamela0008473,2871,1479,1665,96,33
53,450,800,Shamela0008473,4598,515,959,129,28
53,0,284,Kraken210714194926,80,1226,1528,199,82
53,1196,1458,Sham19Y0132403,29,865,1152,194,81
53,363,1176,JK000382,419,678,1481,427,51
53,1196,1458,Shamela0012704,51,90,387,163,66
53,1223,1458,JK000786,3957,0,236,177,91
53,468,800,JK000435,210,99,314,91,32
53,5,288,JK009390,5069,1154,1429,177,77
53,468,800,Shamela0007798,5941,1141,1351,93,33
53,499,800,Shamela0037033,33,1175,1487,142,46
53,499,800,JK000374,23,76,323,102,36
53,0,294,JK000337,30,1147,1447,216,87
53,499,800,Shamela0007663,17,719,962,103,37
54,222,491,JK009159,285,363,760,187,60
54,222,491,ShamAY0034447,317,968,1372,196,62
54,1010,1239,JK006474,1215,0,188,143,76
54,222,491,MMS00013,13,15,403,181,57
54,326,491,Hindawi036246035,277,178,398,126,71
54,825,1347,Shamela0021765,2025,507,1073,297,62
54,190,552,JK000090,133,939,1202,166,57
54,842,1351,Shamela0026668,460,0,590,285,52
54,222,491,Shamela0009270,383,137,579,205,59
54,222,491,Hindawi051419736,196,86,367,147,58
54,333,491,Shamela0022769,10,1005,1195,124,82
54,888,1347,Shia001432Vols,18163,176,637,272,67
54,222,491,Tafsir01005,107,290,697,205,64
54,313,491,Shamela0012884,98,505,1160,130,24
54,885,1239,Shamela0012884,1930,1064,1408,248,86
54,190,491,JK000911,11,72,486,170,46
54,267,399,Shamela0007318,22,1387,1518,104,99
54,399,664,Shamela0007318,23,0,214,161,74
54,244,495,Shamela0010463,337,885,1279,145,42
54,770,1239,Tafsir02011,527,69,577,292,71
54,355,491,JK009241,412,0,189,106,70
54,222,491,Shamela0009783BK1,35,696,1081,188,61
54,819,1239,Shamela0025794,4096,465,897,317,90
54,225,552,JK000056,203,1134,1255,79,30
54,830,1239,Shamela0005806,13,13,425,253,72
54,225,552,Shamela0008353,475,651,816,95,33
54,355,495,Shamela0011363,11,0,201,110,68
54,770,1239,Shamela0012981,1106,437,900,272,66
54,786,1351,ShamAY0032921,79,736,1380,300,50
54,809,1347,Shamela0007798,3964,191,696,238,48
54,222,438,Sham19Y0145435,896,1140,1429,147,64
54,337,491,Hindawi081859390,28,1340,1547,121,73
54,836,1239,ShamAY0034438,125,13,414,271,82
54,225,629,Shamela0007350,26,201,675,297,77
54,819,1239,JK009141,1209,695,1065,241,69
54,225,552,Shamela0007663,25,738,874,95,35
55,993,1485,JK000159,1510,175,647,314,72
55,1115,1485,JK006474,2596,0,415,291,87
55,981,1485,JK000583,355,900,1449,379,84
55,599,800,JK000784,320,237,427,147,90
55,989,1476,JK000429,73,2,567,365,80
55,947,1485,JK006801,811,324,913,364,72
55,624,800,Shamela0021821,326,761,926,123,86
55,599,800,AOCP20240501183,302,799,980,138,86
55,974,1476,Shamela0021765,2569,222,777,331,68
55,599,786,ShamAY0034005,896,173,361,121,75
55,927,1407,Shamela0030240,8,961,1461,374,92
55,599,800,Shamela0010906,299,263,455,136,84
55,599,800,JK000021,1309,865,1057,146,89
55,599,800,JK000085,21,174,380,150,87
55,942,1412,ShamAY0033623,10,1020,1519,355,87
55,572,800,JK000141,561,943,1202,160,75
55,962,1485,JK000141,799,497,1064,371,76
55,974,1485,Sham19Y0007233,168,596,1129,395,90
55,981,1455,JK000216,388,414,922,335,75
55,205,328,Shamela0026884,324,140,321,85,60
55,958,1315,Sham19Y0132973,476,1102,1486,241,71
55,1315,1485,Sham19Y0132973,477,0,177,126,88
55,981,1485,ShamAY0033659,12,443,982,369,81
55,1016,1485,JK000485,441,0,509,355,85
55,599,800,JK000314,33,326,523,150,91
55,962,1229,Shamela0009810,1505,1233,1515,189,78
55,1229,1485,Shamela0009810,1506,5,284,199,87
55,100,1163,Shamela0007318,23,304,1469,596,54
55,1163,1491,Shamela0007318,24,0,329,267,99
55,572,770,PV2024060602,4279,1186,1413,138,72
55,962,1485,PV2024060602,4517,743,1310,371,76
55,927,1485,JK000707,609,892,1471,425,89
55,955,1485,Shamela0008473,4209,816,1406,386,77
55,599,800,Shamela0004445,1575,964,1200,141,70
55,947,1476,Shamela0004445,7082,868,1458,398,84
55,599,800,JK006838,694,42,231,143,87
55,572,800,JK001492,175,87,396,142,54
55,599,800,JK009152,1696,313,497,143,89
55,599,800,Shamela0000041,509,139,383,149,77
55,599,800,Shamela0013122,327,1125,1322,147,88
55,947,1303,JK009265,308,1190,1489,208,69
55,1303,1476,JK009265,309,0,194,137,86
55,962,1485,JK000312,512,652,1227,371,75
55,599,786,JK000056,113,333,495,112,74
55,993,1455,Sham19Y0018272,1666,23,533,323,72
55,922,1485,JK001160,200,625,1227,396,79
55,572,800,Shamela0035100,115,235,495,143,68
55,599,800,Shamela0005716,19,1203,1396,149,91
55,958,1485,Sham19Y0036110,116,541,1120,373,76
55,947,1412,Shamela0012704,50,969,1465,337,82
55,918,1479,Sham19Y0001729,1781,801,1387,424,89
55,927,1485,JK009191,19,442,992,405,85
55,599,800,JK000786,1943,589,775,139,83
55,962,1485,ShamAY0033660,32,177,739,392,84
55,984,1476,JK007070,674,243,827,358,76
55,942,1485,JK009216,10,715,1296,405,86
55,947,1412,JK009216,10,11,522,347,83
55,958,1485,Shamela0021536,287,621,1184,357,72
56,807,1041,Shamela0009702,472,177,458,135,56
56,14,485,Shamela0021809,1420,952,1379,218,51
56,627,1212,Sham19Y0017063,1463,456,891,263,47
56,614,888,Shamela0023685,803,337,596,157,60
56,614,1212,Sham19Y0014045,239,88,672,351,63
56,617,1212,Shamela0021766,3731,1084,1515,263,47
56,571,1133,Sham19Y0148271,1308,764,1397,316,59
56,14,237,Sham19Y0017535,17,960,1222,164,77
56,636,1036,Sham19Y0017535,139,0,417,270,76
56,588,1437,JK007065,905,155,1262,453,45
56,614,1437,Sham19Y0013614,791,424,994,331,43
56,435,1101,Shamela0021715,3891,138,988,353,50
56,715,1030,Shamela0021715,5380,0,296,203,70
56,1221,1437,Shamela0021715,5392,448,1045,148,31
56,571,1133,Shamela0021715,9721,4,790,356,55
56,571,1114,Shamela0021715,11119,280,984,353,60
56,667,1036,Shamela0021715,11120,12,706,272,46
56,848,1142,JK001202,23,765,1032,148,55
56,14,237,Shamela0021821,1104,946,1188,156,80
56,435,1133,Shia002069Vols,723,217,971,380,56
56,588,1212,ShamAY0034005,1236,1011,1444,282,50
56,614,1437,Sham19Y0016976,1727,425,995,331,43
56,614,873,Sham19Y0014119,565,1158,1462,188,75
56,836,1437,Sham19Y0014119,566,7,248,162,32
56,579,1030,Shamela0029863,17,144,634,330,82
56,571,1036,Sham19Y0131521,6042,1055,1419,248,61
56,579,1046,Shamela0009270,160,233,749,333,76
56,576,996,Sham19Y0013605,2252,345,877,282,61
56,579,1133,Sham19Y0013605,2852,136,727,323,66
56,858,1212,Sham19Y0013605,4570,0,337,172,55
56,660,1030,Sham19Y0013605,5118,123,532,273,78
56,617,1030,Sham19Y0127656,748,520,964,275,68
56,614,1437,Sham19Y0017791,1929,698,1268,331,43
56,1138,1437,Sham19Y0017791,1930,568,921,92,22
56,576,1030,Sham19Y0018103,1715,945,1511,308,63
56,579,1030,Sham19Y0018103,2284,272,756,294,72
56,1221,1437,Sham19Y0018103,2289,119,719,148,31
56,614,1030,Sham19Y0018103,3832,949,1409,302,78
56,571,923,Sham19Y0018103,4292,1088,1500,251,70
56,715,1041,Kraken230110004547,404,0,299,197,66
56,579,1437,JK000949,7,189,1072,461,54
56,357,1133,Sham19Y0018144,2392,496,1448,383,44
56,579,1288,Sham19Y0018144,2393,515,1175,356,50
56,863,1030,Tafsir01005,5061,250,405,113,82
56,435,1030,Sham19Y0018176,943,3,721,330,47
56,579,807,Sham19Y0018176,1285,1210,1489,162,72
56,614,1212,Sham19Y0018176,2351,866,1489,354,64
56,571,1030,Sham19Y0018176,2636,77,579,319,72
56,614,1010,ShamIbadiyya0000730,93,1155,1575,262,67
56,735,1030,Kraken230106005528,859,0,233,164,68
56,571,1036,JK000142,1060,93,458,248,61
56,576,1030,Shamela0005756,7878,286,852,308,63
56,598,903,Shamela0005756,9817,1190,1547,202,62
56,614,1167,Shamela0005756,14261,557,1102,328,66
56,672,1030,Shamela0005756,15436,0,359,233,68
56,614,888,Shamela0026568,739,910,1171,154,59
56,435,1030,JK000110,599,694,1413,326,45
56,579,1133,JK000110,890,267,854,324,67
56,1221,1437,JK000110,892,53,654,148,31
56,614,893,JK000110,1752,1200,1520,209,80
56,571,821,JK000110,2004,1203,1471,172,70
56,821,1030,JK000110,2005,0,233,150,74
56,795,1036,Sham19Y0020591,1733,158,386,169,85
56,430,1133,Shamela0029704,14,141,889,390,59
56,614,1030,Shamela0096283,213,747,1270,298,67
56,61,1437,Shamela0007318,25,55,1061,627,50
56,435,1030,PV2024060602,599,694,1413,326,45
56,579,1133,PV2024060602,890,267,854,324,67
56,1221,1437,PV2024060602,892,53,654,148,31
56,614,893,PV2024060602,1752,1200,1520,209,80
56,571,821,PV2024060602,2004,1203,1471,172,70
56,821,1030,PV2024060602,2005,0,233,150,74
56,571,1030,PV2024060602,3378,327,852,291,62
56,715,1036,PV2024060602,5657,58,345,223,84
56,30,485,PV2024060602,6624,119,553,211,48
56,614,1010,Shamela0008473,785,569,980,218,55
56,571,1046,Shamela0008473,2005,684,1224,300,62
56,30,485,Shamela0008473,3109,633,1039,199,48
56,571,1036,Shamela0009082,706,755,1260,336,76
56,571,1357,JK006838,1299,233,988,371,45
56,435,1030,Sham19Y0013252,4205,46,773,330,47
56,579,1030,Sham19Y0013252,5744,884,1367,294,73
56,1244,1437,Sham19Y0013252,5752,5,582,136,30
56,571,1212,Sham19Y0013252,9370,736,1434,364,60
56,627,1212,Sham19Y0013252,9371,13,469,282,56
56,571,843,Sham19Y0013252,10672,1173,1464,190,73
56,843,1030,Sham19Y0013252,10673,17,198,132,83
56,576,1437,JK009152,2496,441,1137,346,42
56,627,903,Sham19Y0145212,3434,1165,1524,211,70
56,627,1030,JK009270,4388,411,1396,287,35
56,435,873,Shamela0012027,220,1068,1488,224,51
56,435,1342,ShamAY0037387,265,345,1159,341,39
56,617,1437,JK009336,2339,61,1031,387,41
56,588,1084,ShamAY0038083,100,201,762,320,64
56,854,1133,Shamela0025794,1436,5,288,145,61
56,821,1036,Shamela0009523,25,977,1209,143,74
56,636,1030,JK000279,880,822,1118,201,61
56,617,1036,JK009137,1447,1151,1454,204,56
56,631,1030,Sham19Y0016584,1890,470,966,288,68
56,579,1133,Sham19Y0016584,2554,99,695,322,65
56,614,744,Sham19Y0016584,4337,6,142,105,94
56,631,1212,Sham19Y0016584,4337,731,1440,292,46
56,571,897,Sham19Y0016584,4915,372,742,226,69
56,614,1041,Sham19Y0013572,937,935,1370,292,78
56,14,237,JK000486,47,183,443,158,75
56,627,938,Sham19Y0122257,3226,1094,1513,239,69
56,691,1041,Sham19Y0016928,8,0,364,228,66
56,576,1167,Sham19Y0013667,5626,151,634,300,57
56,627,1437,JK007045,855,863,1349,288,39
56,614,753,JK007044,6204,380,643,106,49
56,848,1378,Tafsir02100,155,1055,1423,211,49
56,617,1030,JK009324,2184,1033,1521,272,63
56,617,1030,JK009324,3770,72,302,171,52
56,571,1030,Shamela0001727,1346,209,734,291,62
56,588,1142,Shamela0012981,1852,342,876,235,43
56,576,1030,Sham19Y0018106,1735,511,1077,308,63
56,579,1030,Sham19Y0018106,2411,429,913,294,72
56,1221,1437,Sham19Y0018106,2416,270,870,148,31
56,614,1030,Sham19Y0018106,3911,375,835,302,78
56,571,1030,Sham19Y0018106,4328,704,1206,319,72
56,636,1437,Sham19Y0023644,479,0,779,376,48
56,667,1030,Shamela0021751,7396,0,362,249,74
56,14,237,JK000786,3738,80,338,156,73
56,576,1030,Sham19Y0016684,925,970,1536,308,63
56,579,1010,Sham19Y0016684,1287,1001,1464,278,71
56,614,1036,Sham19Y0020638,1089,490,941,294,75
56,617,1030,Tafsir09084,968,1026,1497,284,69
56,729,1030,Sham19Y0122406,3558,0,335,216,76
56,920,1437,JK000475,2553,0,471,192,38
56,576,1030,JK009141,140,461,918,288,65
56,571,1212,JK009141,998,818,1474,312,53
56,14,237,JK009141,1037,947,1182,149,71
57,5,163,Shamela0036446,1141,342,481,107,86
57,5,163,Masaha003955Vols,384,1180,1319,108,86
57,1100,1274,Tafsir04003,3182,648,832,135,90
57,696,904,JK007065,622,1202,1427,114,63
57,5,163,JK007065,905,1101,1239,108,87
57,1100,1274,Tafsir04056,6075,169,361,133,85
57,5,157,Shamela0021715,3892,1188,1347,99,70
57,5,163,Shamela0021715,5392,883,1021,108,87
57,1073,1283,JK007048,28,781,1001,144,80
57,5,163,Shamela0001438,3038,427,565,108,87
57,5,163,JK009274,1051,1076,1239,108,75
57,868,1292,Shamela0010906,360,625,1096,219,52
57,1042,1433,Shamela0010906,1041,85,394,206,61
57,5,305,JK000021,198,182,441,135,53
57,5,163,Sham19Y0013605,2857,653,791,108,87
57,5,163,Sham19Y0127656,396,993,1131,108,87
57,5,163,Sham19Y0018103,2289,557,695,108,87
57,5,163,JK000949,7,894,1049,108,78
57,5,510,Sham19Y0018144,2394,77,865,240,33
57,36,701,JK008001,4401,0,374,159,28
57,885,1274,JK008001,5199,523,939,163,38
57,5,163,Sham19Y0018176,1289,271,409,108,87
57,5,163,Sham19Y0127677,2460,1201,1331,99,81
57,5,163,Shamela0005756,9833,142,280,108,87
57,5,163,JK000110,892,491,630,108,86
57,5,483,Shamela0007318,25,1074,1521,343,86
57,483,1318,Shamela0007318,26,0,589,315,43
57,5,163,PV2024060602,892,491,630,108,86
57,949,1212,Shamela0009082,1582,405,803,116,36
57,10,157,Shamela0004445,6977,610,738,99,85
57,1067,1292,JK006838,804,537,779,137,62
57,1108,1274,JK007084,452,244,406,124,92
57,5,163,Sham19Y0013252,5752,420,558,108,87
57,5,163,Shamela0021659,1472,220,358,107,86
57,36,163,JK009270,4388,0,140,84,66
57,10,157,JK009265,199,109,237,99,85
57,5,461,JK009336,2339,873,1187,129,33
57,1094,1274,ShamAY0033596,94,614,780,112,72
57,5,163,JK009137,1448,34,172,107,86
57,5,163,Sham19Y0013572,938,217,355,108,87
57,1086,1283,JK008250Vols,590,594,824,146,79
57,5,163,Sham19Y0013667,5627,228,368,108,86
57,868,1292,Shamela0035100,176,785,1258,219,53
57,5,163,Shamela0001727,1345,1217,1389,108,71
57,5,163,Sham19Y0018106,2416,708,846,108,87
57,5,406,Sham19Y0023644,479,627,945,134,37
57,10,163,JK000137,2198,1360,1494,104,86
57,876,1274,Shamela0021751,7490,200,640,183,38
57,5,163,JK009390,2691,616,755,108,86
57,1010,1292,JK007043,1799,824,1143,181,65
57,5,311,Shamela0004473,15943,287,512,121,51
57,5,163,Sham19Y0020638,1089,124,284,108,76
57,5,391,Sham19Y0017616,404,527,901,141,39
57,5,163,Sham19Y0013253,538,1066,1228,108,75
57,10,305,ShamAY0032955,9,705,1040,137,46
57,5,305,JK000475,2553,296,637,141,49
57,5,163,JK009141,1374,773,924,108,80
58,0,132,JK001333,160,1268,1430,95,75
58,3,152,JK001487,267,1112,1264,111,92
58,3,152,JK009159,175,1020,1168,91,74
58,3,375,Sham19Y0148271,2092,1053,1372,141,40
58,1012,1372,JK000159,1404,505,1059,118,20
58,3,774,Shamela0021765,2505,902,1432,244,36
58,3,576,JK000637,3254,440,1064,235,40
58,1128,1329,Masaha001961Vols,1022,1159,1395,157,83
58,1022,1329,Shamela0026662,45,245,513,141,54
58,0,152,Shamela0001438,7991,1170,1346,107,79
58,3,247,Shamela0009567,799,548,850,146,59
58,3,152,JK006833,169,629,806,111,80
58,1157,1325,Shamela0010906,361,0,194,118,72
58,527,1041,Shamela0010906,365,898,1423,212,42
58,522,1394,Shamela0010906,1041,591,1156,358,52
58,0,556,Shamela0010906,1041,394,952,250,49
58,443,1036,Shamela0010906,1042,604,1294,151,20
58,3,232,JK000630,99,1133,1387,124,59
58,22,152,Shamela0026324,5469,1006,1144,92,86
58,0,152,JK009313,5336,1190,1340,102,84
58,1008,1367,JK009313,5337,452,832,178,55
58,0,247,Sham19Y0127677,5663,993,1300,132,52
58,3,247,JK000474,4814,982,1332,134,49
58,606,757,JK000474,4873,279,494,109,65
58,3,152,JK000482,347,1235,1390,110,90
58,210,1046,Shamela0007318,26,741,1376,433,64
58,1084,1352,Shamela0004445,1692,846,1170,198,77
58,1055,1346,JK006838,804,1055,1358,167,63
58,1012,1404,JK000315,14,44,563,272,66
58,17,258,JK000315,14,0,297,128,57
58,1071,1325,JK001303,373,143,387,154,71
58,1084,1325,JK010561,861,455,728,170,75
58,0,152,JK000467,1569,793,986,107,72
58,448,694,JK000467,1671,572,1089,89,20
58,3,247,Shamela0025794,5373,977,1258,128,51
58,1012,1316,JK001336,877,1027,1389,183,62
58,1055,1325,Shamela0035100,177,68,361,177,71
58,835,1282,JK000166,4908,36,495,83,14
58,22,247,Shamela0012220,1840,168,459,132,58
58,1128,1325,Hindawi074603536Vols,222,430,647,133,72
58,3,152,JK000786,3479,509,677,100,77
58,3,152,JK000786,4136,516,688,101,75
58,319,779,JK009408,2426,572,1035,164,34
58,1153,1329,Shamela0022593,2019,137,362,130,72
58,1128,1329,Shamela0009770,422,384,620,156,83
58,3,152,Sham19Y0020879,191,248,424,112,80
58,3,152,Shamela0008206,835,1069,1221,111,92
58,1148,1329,Shamela0023653,426,459,660,122,69
58,1071,1329,Shamela0012935,246,960,1273,186,76
58,1071,1375,Shamela0023833,634,321,673,212,74
58,1071,1282,Masaha002028Vols,1274,1354,1592,159,84
59,719,1078,Shamela0021570,401,1118,1467,150,44
59,716,923,JK000090,54,1263,1483,155,83
59,750,923,Masaha001961Vols,105,642,852,139,82
59,740,923,ShamAY0032275,179,573,773,131,77
59,719,1083,Shamela0009270,142,774,1234,207,53
59,719,923,Shamela0031366,441,373,591,149,81
59,791,923,JK001297,314,332,467,97,82
59,750,1083,Shamela0000894,4959,70,398,149,46
59,750,1106,JK000485,321,1073,1466,157,37
59,750,923,Shamela0010273,476,686,873,130,86
59,702,1106,Shamela0008473,2140,1057,1508,207,53
59,8,655,JK000315,14,566,1376,451,68
59,772,923,JK009315,1,1364,1499,94,74
59,750,1083,JK009315,31,158,421,138,50
59,719,1064,JK009152,709,583,1039,184,49
59,954,1179,Shamela0022418,4,1088,1319,153,79
59,740,923,Sham19Y0014592,1225,610,816,121,68
59,69,665,Sham19Y0014592,1617,675,1158,354,72
59,747,923,Sham19Y0014592,2482,850,1045,118,70
59,772,923,JK000382,610,949,1117,122,89
59,747,923,Tafsir09084,1043,893,1067,129,86
59,747,923,Shamela0023628,707,583,795,141,83
59,736,913,Shamela0023578,793,1212,1414,141,87
60,763,1241,JK000083,258,721,1219,276,65
60,511,1028,Shamela0012861,19,220,745,205,34
60,913,1241,Shamela0012861,21,644,996,244,83
60,205,715,Shamela0007318,27,5,552,285,50
60,863,1241,Shamela0029677,937,123,560,265,75
60,451,1193,Sham19Y0020868,499,455,952,320,50
61,11,760,JK009159,176,909,1456,269,40
61,40,858,Tafsir04056,7190,575,1380,386,46
61,52,902,Shamela0021765,2777,223,1311,639,70
61,200,902,JK000637,3794,0,942,526,68
61,0,725,JK006833,205,607,1537,561,74
61,582,921,Zaydiyya0000359,94,988,1219,183,65
61,636,850,JK000213,464,75,392,162,62
61,593,850,Rafed0000040Vols,95,449,788,190,66
61,52,237,JK000465,349,798,978,141,94
61,0,886,Shamela0011077BK1,209,342,1234,277,28
61,251,410,Sham19Y0127677,2722,0,136,89,63
61,52,237,Shamela0037458,345,1114,1293,140,93
61,8,902,JK000474,2232,5,1435,694,59
61,40,760,JK000080,1241,661,1574,542,71
61,760,902,JK000080,1242,0,222,115,63
61,90,237,JK001297,548,1166,1333,121,88
61,40,902,Shamela0012884,5105,629,1470,419,48
61,40,850,Sham19Y0132973,410,264,1555,600,56
61,0,410,JK000083,258,932,1410,318,83
61,349,902,JK000083,259,11,722,384,62
61,0,786,Shamela0012861,19,220,590,216,30
61,0,738,Shamela0012861,21,739,1478,487,70
61,738,1047,Shamela0012861,22,0,352,164,53
61,1097,1280,Shamela0012861,26,1211,1411,97,60
61,52,793,Zaydiyya0000413Vols,1597,75,932,528,69
61,8,984,Shamela0007318,27,375,1555,747,75
61,984,1280,Shamela0007318,28,0,296,234,99
61,0,237,Shamela0008473,661,324,570,167,77
61,0,695,Shamela0004445,7112,1233,1588,188,31
61,1163,1280,JK009152,2530,119,233,88,96
61,0,764,Shamela0008234,9,542,1482,568,73
61,195,452,Tafsir04040,1583,229,535,191,76
61,246,902,JK009265,340,51,626,266,40
61,0,695,JK000467,1074,1151,1518,192,32
61,0,902,JK000467,2733,448,1292,398,45
61,0,902,Sham19Y0132403,44,170,1422,703,69
61,593,850,Shamela0037325,1385,637,1074,179,50
61,0,237,Shamela0026075,38,258,395,100,52
61,0,850,Shamela0022921,56,474,1068,316,39
61,0,237,Shamela0022921,57,636,869,116,62
61,52,237,JK000906,891,746,945,140,84
61,52,738,JK000906,10860,806,1387,287,45
61,687,858,Shamela0021794,28,976,1123,98,65
61,349,902,Shamela0021794,72,9,528,250,45
61,0,410,Shamela0021794,73,199,638,313,86
61,86,546,JK009390,3731,1022,1477,297,68
61,556,902,JK009390,3732,10,465,248,63
61,0,237,Shamela0029911,384,655,944,177,73
61,636,850,ShamAY0035745,5,820,1137,162,62
61,0,902,Shamela0029677,937,275,1485,683,68
61,582,1005,Shamela0029677,1742,38,507,94,15
61,0,189,Sham19Y0020868,499,497,952,150,40
61,0,902,JK000724,85,516,1352,404,45
62,1236,1446,Shamela0021766,4135,778,1023,163,80
62,537,1081,ShamAY0034447,304,911,1489,429,91
62,1193,1540,ShamAY0034447,307,141,634,259,63
62,154,379,ShamAY0034447,581,912,1164,160,79
62,726,1540,MMS00013,3,0,1042,488,51
62,1193,1540,Shamela0009270,364,425,876,246,65
62,151,379,JK000630,147,223,471,159,77
62,1239,1540,Shia001432Vols,17859,1205,1533,222,78
62,1248,1540,JK000465,3548,1031,1442,223,66
62,648,840,JK009256BK1,3472,58,245,134,89
62,1236,1500,Shamela0037458,3819,916,1200,185,73
62,1239,1441,Meshkat00057178,3403,1112,1337,151,77
62,668,973,Shamela0012884,2011,337,633,218,86
62,1236,1540,Shamela0012884,4474,623,1046,235,67
62,1193,1380,JK000460,260,1246,1484,140,74
62,671,1157,Shamela0007318,28,446,972,393,91
62,537,1330,Shamela0008473,3742,317,1093,438,60
62,1193,1540,Shamela0008473,4204,390,873,259,66
62,671,983,Shamela0010758,7,837,1440,142,25
62,154,379,JK009158,400,1090,1319,147,74
62,1209,1411,Shamela0011314,269,0,221,163,90
62,1193,1532,Shamela0029976,22,857,1286,256,70
62,159,373,JK000839,48,608,1118,161,39
62,1193,1540,JK000467,1243,974,1437,251,65
62,1248,1367,Shia001171,440,1430,1550,95,97
62,1193,1491,Shamela0009783BK1,13,1141,1483,218,72
62,1193,1360,Shamela0009783BK1,30,19,194,115,75
62,940,1420,Sham19Y0018147,20,442,1161,178,26
62,1248,1437,Shia002382Vols,1710,719,918,153,92
62,1248,1437,Shia002382Vols,2284,1003,1202,153,92
62,1236,1532,Shamela0001535,1149,317,725,225,67
62,1248,1540,Sham19Y0014592,1730,6,355,227,78
62,1236,1540,Shamela0029882,355,964,1371,225,66
62,146,379,Shamela0022921,14,900,1133,174,90
62,154,379,Shamela0022921,183,344,571,169,91
62,1248,1500,JK001137,5,1106,1379,193,83
62,704,1074,Tafsir02100,138,0,375,292,94
62,1248,1466,JK000906,393,1165,1422,167,78
62,1236,1491,JK000906,9534,1220,1540,194,74
62,1239,1437,Shamela0001466,3044,1247,1478,159,83
62,1236,1437,JK000436,170,87,310,161,87
62,1193,1540,Shamela0007798,8046,906,1399,260,63
62,1193,1355,Shamela0004473,8191,1141,1331,128,84
62,240,379,Sham19Y0017817,114,0,137,102,90
62,1193,1540,Sham19Y0145435,884,894,1372,243,60
62,1193,1355,Sham19Y0145435,893,924,1094,113,75
62,1248,1437,Shia002389Vols,875,505,710,151,88
62,1248,1437,Shia002389Vols,2790,71,272,152,91
62,1239,1540,Shamela0022593,834,565,911,203,68
62,1193,1491,JK000742,237,668,1043,219,70
62,567,1074,JK000475,2534,408,935,390,90
62,1236,1441,Meshkat00042485,6287,883,1129,151,71
62,154,383,Shamela0007350,42,994,1237,163,82
63,517,702,Sham19Y0017903,193,881,1200,138,54
63,0,236,Tafsir02096,665,1018,1289,186,82
63,1215,1438,Shamela0023685,1458,495,702,127,68
63,0,413,Shamela0021766,4135,1027,1513,318,79
63,0,236,ShamAY0034447,307,634,917,182,77
63,334,702,JK007065,192,333,819,164,33
63,477,702,Shamela0013174,298,812,1019,158,84
63,0,425,MMS00013,3,1042,1504,293,75
63,51,413,Tafsir04056,6464,591,821,124,39
63,0,393,JK006478,7978,509,746,160,47
63,1132,1472,Shamela0000782,1086,340,746,227,68
63,517,702,JK009231,1225,604,772,123,83
63,0,236,ShamIbadiyya0000193,1205,1091,1363,171,71
63,520,702,Sham19Y0132524,414,772,1089,136,54
63,517,702,Shamela0001875,218,1005,1191,138,93
63,0,236,Shamela0001438,2270,1274,1549,186,82
63,477,722,JK000022,2896,222,456,177,89
63,0,413,Shamela0009270,364,876,1385,324,78
63,722,1005,Shamela0010906,925,522,871,121,42
63,239,576,Shamela0008620,3,796,1197,146,35
63,517,702,Kraken230110004547,247,580,906,123,47
63,44,413,Shia001432Vols,17860,0,444,281,77
63,0,236,JK008001,2135,486,771,185,78
63,138,413,JK000465,3549,0,315,210,81
63,0,370,Shamela0009429,620,1261,1600,261,86
63,0,236,Sham19Y0127677,1398,622,894,186,82
63,0,344,Shamela0037458,3819,1218,1584,254,83
63,477,702,JK000474,406,727,1242,173,42
63,477,702,JK000474,407,485,692,158,88
63,981,1438,JK000474,4863,1050,1482,194,40
63,477,1010,JK000484,1650,806,1264,235,49
63,1174,1472,Shamela0012884,3571,816,1146,218,79
63,0,413,Shamela0012884,4474,1046,1533,315,78
63,7,413,JK000460,261,150,688,298,66
63,477,702,JK000485,1467,319,860,160,36
63,0,413,Shamela0036506,198,4,513,311,74
63,0,413,Tafsir04042,2108,679,892,162,48
63,520,1080,Shamela0007318,29,528,843,246,55
63,1177,1501,Shamela0007318,30,890,1218,259,98
63,477,927,PV2024060602,2272,811,1354,197,37
63,1132,1472,PV2024060602,6836,316,720,226,68
63,477,1010,PV2024060602,7253,83,473,213,49
63,0,585,Shamela0008473,4204,873,1525,376,66
63,517,702,Shamela0010463,538,258,445,138,93
63,1248,1438,Shamela0004445,1407,569,844,96,42
63,520,667,Sham19Y0016599,1000,1356,1502,111,95
63,520,702,Sham19Y0013252,1486,432,615,136,93
63,0,413,Shamela0009066,203,255,763,310,74
63,520,702,JK007117,271,549,730,136,94
63,0,413,Shamela0026803,36,664,1144,296,70
63,0,418,Shamela0011314,269,230,507,167,44
63,0,157,Shamela0029976,22,1328,1531,127,75
63,157,413,Shamela0029976,23,0,293,192,78
63,520,713,Sham19Y0145212,913,1407,1646,140,73
63,477,1015,Shamela0009107BK1,15,265,627,193,41
63,477,697,ShamAY0033910,168,1305,1513,155,87
63,576,713,JK009336,1456,1280,1416,101,91
63,70,413,JK000467,1244,0,434,265,76
63,0,413,Shia001171,441,75,359,186,49
63,0,566,Shamela0009783BK1,14,98,791,351,60
63,0,236,Shamela0009783BK1,38,1008,1278,183,80
63,0,413,Shia002382Vols,1710,927,1171,176,51
63,0,413,Shia002382Vols,2284,1211,1462,176,50
63,477,702,Shamela0025794,3979,109,473,165,57
63,239,418,Sham19Y0133357,943,1248,1478,122,64
63,477,722,Shamela0012750,78,811,1043,173,85
63,520,713,Sham19Y0122257,747,838,1077,141,74
63,0,413,Sham19Y0014592,1730,355,856,322,78
63,520,713,JK007045,170,885,1125,141,74
63,1184,1438,Shamela0012581,311,216,494,117,44
63,477,636,Tafsir02100,149,1350,1508,126,99
63,0,236,Tafsir09050,1232,1072,1344,171,71
63,1177,1477,JK000906,7105,155,473,202,76
63,51,413,JK000906,9536,799,1034,120,37
63,89,413,Shamela0001466,3045,0,394,246,76
63,477,927,Shamela0001727,240,695,1238,197,37
63,0,557,JK000436,170,319,880,350,70
63,981,1390,JK009408,2424,1020,1410,169,38
63,1184,1438,JK000778,1223,495,803,111,41
63,105,236,JK009390,1314,0,128,102,96
63,51,413,JK009390,4166,553,798,128,39
63,98,413,Shamela0007798,8047,12,384,241,79
63,1248,1438,Shamela0004473,8672,1041,1314,96,43
63,517,702,Sham19Y0020638,186,184,504,138,54
63,0,413,Tafsir09084,2158,1057,1493,306,82
63,520,702,Sham19Y0013769,456,1263,1446,136,93
63,0,142,Sham19Y0145435,884,1372,1556,115,75
63,142,413,Sham19Y0145435,885,0,297,196,76
63,0,236,Sham19Y0145435,900,93,363,183,80
63,0,576,Shia002389Vols,2790,281,662,211,42
63,0,393,Shamela0022593,834,911,1385,289,73
63,0,413,Shamela0022593,2284,564,1140,306,65
63,19,370,JK000742,237,1119,1492,259,83
63,477,927,Sham19Y0122406,685,55,597,197,37
63,0,236,Kraken220727035853,1532,963,1247,176,74
63,477,1010,JK000475,189,605,1001,214,51
63,477,702,JK000475,2546,1171,1396,180,100
63,1132,1472,JK000140,1051,591,995,226,68
63,477,702,JK009141,475,139,482,149,55
63,1132,1472,JK009141,1258,534,869,210,69
64,683,930,Kraken220413202218,212,0,242,161,74
64,95,387,Shia003488Vols,690,589,889,210,82
64,558,930,JK000735,80,917,1487,280,60
64,527,1230,Sham19Y0148271,147,798,1479,284,39
64,1033,1464,JK005004,480,861,1396,240,49
64,1144,1327,Shamela0095735,835,1210,1439,138,75
64,558,1235,JK001202,15,109,818,336,48
64,612,930,JK000637,3497,133,651,213,49
64,633,930,Shamela0001438,4326,97,452,180,58
64,552,930,Shamela0009567,971,72,636,257,55
64,1171,1464,JK000021,346,545,1028,208,54
64,447,944,Shamela0003722,1474,676,1355,367,68
64,620,766,Shamela0026324,223,0,245,100,51
64,716,930,JK008001,2723,876,1102,139,76
64,796,930,Sham19Y0127677,2384,51,189,105,94
64,605,930,JK000080,581,861,1387,213,48
64,1206,1468,JK000080,1151,158,423,162,67
64,95,264,ShamAY0032826,1207,1362,1505,105,78
64,95,301,ShamAY0032826,1208,1325,1506,130,78
64,987,1464,Shamela0026884,150,175,718,332,72
64,1097,1468,Shamela0009292,166,806,1369,215,46
64,533,930,JK000707,548,763,1297,288,68
64,95,387,JK010552,378,1010,1324,211,83
64,1041,1464,Sham19Y0038171,2601,195,772,256,50
64,95,387,Shamela0010488,263,605,961,189,64
64,552,925,Shamela0025794,2291,150,1181,264,32
64,180,387,Sham19Y0014592,1617,86,400,163,63
64,616,930,Shamela0012981,1616,9,418,207,61
64,552,868,Sham19Y0001729,374,978,1509,243,58
64,387,1235,Shamela0010480,810,406,1381,331,34
64,643,978,Shamela0010480,811,13,464,221,60
64,95,264,Shamela0012579,738,442,608,127,95
64,612,930,Zaydiyya0000059,996,301,745,215,57
64,1041,1464,ShamAY0035035,10003,508,1086,254,49
64,558,930,JK000475,1647,393,968,278,60
64,558,930,JK000475,2220,893,1460,280,60
64,117,387,Shamela0023578,3466,165,508,179,61
64,616,796,JK001236,29,1199,1504,142,59
64,766,930,JK001236,30,45,209,131,98
64,1144,1464,JK000127,33,292,668,233,74
64,558,930,Shamela0008210,114,719,1248,285,67
64,527,829,JK000943,111,813,1419,215,44
65,562,903,Shamela0007664,80,225,490,154,55
65,1313,1448,ShamAY0033926,31,29,223,100,65
65,539,903,Sham19Y0148271,1351,438,761,162,46
65,499,903,JK007065,1040,543,870,205,61
65,504,903,Shamela0021715,11040,999,1433,201,49
65,1263,1448,Shamela0021765,357,26,300,136,63
65,282,520,ShamAY0033559,22,0,237,168,88
65,539,724,Shamela0001875,646,586,884,128,52
65,562,724,Shamela0001438,1723,295,452,116,83
65,562,724,Shamela0001438,4667,750,910,125,92
65,792,1212,Shamela0001438,7682,0,727,281,45
65,562,729,JK009274,364,1041,1203,116,80
65,504,903,Sham19Y0013605,5077,1184,1549,204,61
65,504,724,JK000213,500,710,1004,149,61
65,504,724,Sham19Y0018103,4261,104,335,159,80
65,562,729,JK008001,125,147,309,116,83
65,562,724,JK008001,130,50,210,126,92
65,832,1204,JK008001,1291,787,1477,266,47
65,562,724,JK000381,1184,1041,1199,119,88
65,504,903,Sham19Y0018176,2617,366,732,204,61
65,562,724,Sham19Y0127677,2784,1198,1358,125,92
65,807,1212,Sham19Y0127677,5392,699,1451,285,46
65,504,724,Shamela0005756,15367,666,898,157,79
65,504,903,JK000110,1987,490,859,204,61
65,539,903,JK000485,1235,121,458,180,52
65,62,748,Shamela0007318,31,831,1226,278,51
65,504,903,PV2024060602,1987,490,859,204,61
65,1248,1448,JK000315,19,98,390,138,57
65,504,799,Sham19Y0013252,10612,1205,1492,171,68
65,477,724,Sham19Y0013252,10618,570,782,145,67
65,517,729,Shamela0021659,485,663,898,127,66
65,748,1087,ShamAY0033632,213,120,783,225,41
65,504,856,JK000977,882,765,1119,152,44
65,504,903,Sham19Y0016584,4880,210,586,204,61
65,562,724,Sham19Y0013572,1250,1120,1287,119,85
65,1257,1448,JK000483,33,760,1051,141,62
65,539,903,JK001429,42,504,752,163,55
65,504,724,JK001277,3,1062,1294,144,74
65,520,903,Tafsir02100,76,553,924,194,54
65,539,718,Shamela0001466,300,1122,1303,131,86
65,533,724,JK009390,3111,1189,1373,145,91
65,807,1212,JK009390,3853,101,872,293,47
65,562,724,Shamela0018381,57,1163,1321,121,89
65,509,817,ShamAY0032766,10,448,755,136,48
65,520,903,JK000475,2472,498,879,196,59
65,1257,1448,ShamAY0034282,2474,19,288,140,66
65,539,724,Sham19Y0016618,94,1457,1648,128,76
65,504,724,Shamela0008210,106,1152,1402,153,73
66,160,500,Shamela0021809,2729,690,1000,201,72
66,0,319,ShamAY0033926,31,223,563,160,53
66,252,500,JK000116,185,465,729,155,68
66,800,1027,JK009159,96,759,995,157,78
66,160,500,JK009159,108,361,683,198,68
66,847,1027,ShamAY0035960,578,488,701,106,57
66,783,1027,JK007065,928,1053,1332,143,61
66,1118,1267,Shamela0005737,11,1275,1431,100,82
66,1118,1255,Shamela0005737,65,1278,1405,94,89
66,767,1027,Shamela0000782,171,1095,1396,153,61
66,244,500,Shamela0003055,724,538,814,162,69
66,1092,1255,JK000883,1223,1147,1309,99,68
66,160,500,Shia002069Vols,137,685,1041,261,93
66,837,1054,Shamela0000432,5128,676,924,107,48
66,0,124,Shamela0021765,357,300,457,95,73
66,783,1218,ShamAY0034005,281,594,1141,174,37
66,834,1027,ShamAY0033728,23,625,839,121,65
66,252,500,Sham19Y0011326,170,981,1246,156,69
66,843,1218,Sham19Y0132524,641,444,790,151,48
66,824,1218,Shamela0001875,481,407,718,156,45
66,882,1027,Shamela0001438,4669,912,1058,92,68
66,160,500,JK000371,417,531,872,221,76
66,160,500,JK000022,1724,159,510,260,92
66,1124,1255,JK000022,2499,1217,1366,89,75
66,249,500,Shamela0008381,149,925,1211,156,64
66,249,495,Shamela0008381,278,748,1029,152,64
66,1110,1255,JK000021,2484,946,1182,94,52
66,1103,1255,Shamela0003722,7480,856,1153,98,43
66,1118,1255,Sham19Y0027098,2,690,961,94,45
66,160,500,JK000630,91,775,1125,204,71
66,821,1027,JK008001,408,78,286,108,57
66,783,1218,Shamela0000767,32,266,721,188,43
66,866,1027,JK000381,1373,65,238,123,86
66,821,1218,Tafsir01005,1151,859,1284,181,48
66,821,1218,Tafsir01005,5987,254,639,159,36
66,0,306,JK009313,3783,161,410,125,45
66,866,1027,Shamela0011258,50,531,704,123,86
66,882,1218,JK007107,189,323,572,125,43
66,821,1027,Sham19Y0127677,2786,740,938,106,55
66,1132,1255,Shamela0029859,14,773,896,94,99
66,1124,1295,JK000484,5704,987,1192,105,66
66,1110,1247,ShamAY0033996,80,1278,1428,95,81
66,933,1088,Shamela0007318,32,0,167,123,91
66,758,1218,PV2024060602,2430,725,1201,190,41
66,885,1027,PV2024060602,5954,0,143,90,67
66,160,500,Shamela0008473,3925,36,388,227,77
66,821,1218,JK000165,1052,635,937,145,41
66,882,1027,Shamela0021659,1572,754,910,92,64
66,160,397,Shamela0030741,199,749,928,109,55
66,160,500,Shamela0000041,2092,146,481,211,72
66,151,500,JK009158,232,389,720,173,56
66,1132,1280,ShamAY0033632,135,7,280,94,46
66,252,500,JK000098,226,165,453,163,68
66,752,1027,JK000977,673,555,906,152,49
66,1118,1255,ShamAY0033576,14,925,1119,101,67
66,882,1223,Sham19Y0023625,1011,256,562,122,40
66,0,319,JK000467,677,63,475,139,40
66,847,1022,JK000097,535,1259,1466,102,55
66,128,500,JK000097,538,624,995,226,70
66,1118,1280,Shamela0025794,1297,1004,1175,101,74
66,777,1027,Shamela0025794,1470,575,838,197,94
66,843,1027,Shamela0025794,1741,1052,1252,118,67
66,882,1027,Sham19Y0013572,964,717,873,92,64
66,783,1027,Sham19Y0132403,145,381,632,139,60
66,0,306,JK000483,33,1051,1386,145,45
66,898,1223,JK001249,92,957,1250,113,38
66,1110,1255,Shamela0008338,4,271,430,101,83
66,758,1218,Shamela0001727,398,601,1077,190,41
66,244,500,Zaydiyya0000067,190,263,539,195,89
66,813,1027,JK009390,3112,125,390,126,53
66,160,500,Shamela0007798,7606,1111,1446,215,75
66,249,500,Shamela0004473,7515,390,670,154,65
66,898,1027,Sham19Y0020638,305,914,1052,83,63
66,252,500,Tafsir09084,1991,361,675,160,62
66,821,1027,Sham19Y0017616,99,672,931,124,56
66,160,483,JK000742,46,121,480,208,69
66,160,397,JK000916,24567,475,647,113,58
66,1103,1255,JK000916,25118,1168,1387,100,56
66,821,1027,Tafsir07057,683,1240,1468,134,67
66,758,1061,Sham19Y0122406,1076,727,1071,155,54
66,1118,1250,ShamAY0034282,2010,949,1150,91,59
66,767,1027,JK000140,169,114,415,153,61
66,160,495,Shamela0023578,2552,482,696,150,56
66,862,1061,Sham19Y0016618,108,46,267,112,57
66,783,1027,JK009141,125,527,775,130,58
66,1199,1478,Shamela0008210,19,0,254,192,85
66,898,1223,ShamAY0034134,662,680,969,113,39
66,252,500,JK006870,18,42,319,152,65
66,160,500,Shamela0021494,156,424,809,218,68
66,160,446,JK000724,56,1183,1484,187,73
67,243,589,Sham19Y0017063,1235,1180,1567,228,63
67,196,758,Tafsir02096,851,987,1540,265,45
67,196,589,Sham19Y0016976,1495,125,550,247,63
67,196,758,Sham19Y0014119,478,36,519,282,53
67,272,640,Shamela0001438,1643,984,1343,225,68
67,136,589,Shamela0009270,464,259,989,285,45
67,375,758,JK000021,2554,0,397,179,50
67,196,601,Sham19Y0017791,1638,876,1313,250,62
67,379,758,Sham19Y0017791,1639,7,712,167,25
67,272,612,JK008001,3331,73,776,217,35
67,272,582,Sham19Y0127677,715,1157,1472,209,72
67,356,766,JK000474,759,611,1061,198,46
67,196,758,Shamela0012884,1761,377,972,287,50
67,1103,1526,Shamela0007318,32,159,586,332,95
67,136,555,JK009152,2095,885,1513,243,45
67,136,766,Shamela0000041,1200,671,1418,308,43
67,147,442,JK000746,150,874,1445,198,42
67,136,346,Shamela0025794,4418,981,1284,124,50
67,229,589,JK007007,29,101,522,221,57
67,661,846,Shamela0009317,30,957,1144,116,71
67,196,589,JK007044,5376,761,1270,229,52
67,272,640,JK009390,858,692,1043,223,66
67,196,781,JK011730,1096,540,1132,294,51
67,196,480,Shamela0023628,1792,1082,1511,186,50
67,199,549,JK009266,4862,1025,1497,212,50
68,683,839,Shamela0021809,3126,69,219,95,78
68,651,849,JK009159,152,696,886,138,85
68,530,849,Sham19Y0148271,393,746,1077,187,70
68,689,849,Sham19Y0016953Vols,759,1177,1349,104,73
68,530,849,Tafsir07055,1064,980,1336,188,60
68,645,839,Shamela0026668,245,964,1162,106,65
68,651,849,JK000384,332,244,760,144,35
68,689,839,Sham19Y0020891,6101,1026,1142,89,77
68,645,849,JK000630,77,177,379,139,84
68,651,828,Sham19Y0018144,123,1085,1283,112,70
68,0,882,Shamela0007318,32,586,1456,676,96
68,882,1135,Shamela0007318,33,0,250,192,96
68,530,849,PV2024060602,2150,499,859,187,60
68,645,853,Shamela0008473,4531,1115,1314,128,76
68,530,849,Shamela0008473,4532,43,348,192,71
68,544,839,JK009336,2993,9,246,140,58
68,645,853,Shamela0025794,4063,1195,1387,127,78
68,651,839,Shamela0025794,4116,6,192,104,69
68,645,857,Shamela0035100,4408,73,257,126,74
68,530,849,JK000906,10280,402,666,163,60
68,530,849,Shamela0001727,118,372,732,187,60
68,651,857,Sham19Y0001729,76,299,521,143,79
68,530,849,Shamela0001524,1836,443,717,166,61
68,645,853,ShamAY0032921,146,713,918,110,65
68,530,849,Sham19Y0020638,86,295,551,161,61
68,645,828,JK000470,104,590,783,109,69
68,530,896,JK010001,1008,848,1232,187,55
68,530,849,Sham19Y0122406,337,579,940,187,60
68,645,849,JK009141,148,903,1103,129,77
68,657,849,Shamela0021494,357,280,492,135,82
69,809,1146,Shamela0021809,2850,0,347,260,93
69,0,619,ShamAY0034447,2198,879,1414,249,43
69,823,1146,ShamAY0034447,2210,144,484,254,92
69,69,665,JK000761,304,763,1113,162,28
69,738,957,Shia002069Vols,485,1199,1432,164,84
69,957,1146,Shia002069Vols,486,0,197,147,92
69,794,1139,JK000637,76,983,1467,265,68
69,872,1146,Shamela0001438,1818,146,431,213,93
69,349,725,Shamela0003722,2506,822,1299,224,54
69,69,625,ShamAY0032824,12,1177,1451,158,32
69,872,1146,JK008001,5666,545,836,217,92
69,872,1146,Sham19Y0127677,869,492,784,218,92
69,1068,1264,Sham19Y0127677,870,106,462,105,36
69,738,1126,JK000474,1825,679,1348,292,53
69,734,1146,Shamela0026884,447,558,1002,318,88
69,809,1146,JK006884,22,10,360,267,94
69,791,1146,JK000166,10114,761,1218,265,71
69,798,1146,JK001227,156,0,356,276,95
69,837,1146,JK009390,954,694,1004,216,85
69,729,1342,Shamela0004473,13785,236,848,492,99
69,69,718,Shamela0010480,1739,258,619,189,33
69,0,665,JK009141,1285,287,625,148,24
70,730,959,Shamela0001453,226,883,1238,155,53
70,730,959,Shamela0036446,1447,364,702,173,65
70,91,228,Sham19Y0017063,1412,392,523,107,95
70,718,959,Sham19Y0017063,1416,157,487,184,69
70,830,966,Shia004509,187,574,728,98,77
70,730,959,Shia004509,193,666,987,170,65
70,730,993,Shamela0023685,1438,224,583,187,65
70,398,863,JK000298,7,1099,1407,151,33
70,325,863,JK009159,221,1001,1388,152,27
70,84,228,Shamela0021766,2507,141,292,112,87
70,338,554,ShamAY0034447,190,467,830,172,58
70,320,554,Sham19Y0148271,49,293,543,135,54
70,748,959,Sham19Y0148271,1335,400,706,152,59
70,591,959,ShamAY0035960,584,80,500,249,66
70,805,959,JK007065,996,0,184,122,83
70,779,959,ShamAY0033885,27,103,299,129,80
70,56,233,Shamela0037837,32,1029,1210,131,86
70,730,959,Shamela0021715,7180,66,396,176,67
70,741,959,Shamela0021715,7185,87,724,173,34
70,730,951,Shamela0012014,390,830,1141,167,67
70,325,622,JK001202,8,439,806,199,68
70,563,692,Shamela0000782,646,869,991,92,90
70,737,959,Shamela0000782,831,347,669,168,65
70,730,959,ShamAY0034005,1567,211,549,168,61
70,84,228,Sham19Y0016976,1666,1218,1356,112,95
70,591,959,Sham19Y0016976,1672,758,1376,279,56
70,730,959,Sham19Y0011326,175,971,1294,171,67
70,84,228,Sham19Y0014119,541,1113,1251,112,95
70,748,959,Sham19Y0014119,544,0,312,167,67
70,741,959,JK009274,230,12,323,166,65
70,563,730,Shamela0009270,325,824,1033,125,75
70,741,959,Shamela0012769,69,842,1150,164,65
70,331,718,Shamela0010906,692,807,1135,160,50
70,741,959,JK000001,3265,744,1043,166,68
70,730,959,Sham19Y0013605,3542,659,1000,176,65
70,737,959,Kraken22041319410300,75,803,1195,161,52
70,730,959,Sham19Y0127656,565,447,780,173,66
70,84,228,Sham19Y0017791,1858,1309,1447,112,95
70,591,959,Sham19Y0017791,1865,521,1138,279,56
70,730,959,Sham19Y0017791,1866,327,665,179,66
70,325,554,JK000384,395,346,712,165,55
70,741,959,JK000384,398,39,365,169,64
70,737,966,JK000384,399,107,446,177,66
70,730,959,Sham19Y0018103,2940,603,933,176,67
70,56,228,Sham19Y0018103,4273,656,852,131,80
70,741,959,JK000630,155,425,749,167,64
70,741,959,Sham19Y0018144,142,698,1012,158,61
70,730,959,JK008001,5591,596,924,171,64
70,563,685,Sham19Y0122255,143,1199,1317,88,91
70,741,959,JK009160,386,511,820,167,66
70,730,959,Sham19Y0018176,1766,653,1079,176,52
70,56,228,Sham19Y0018176,2625,1341,1537,131,80
70,748,959,Sham19Y0020594,169,56,399,152,53
70,563,718,JK000568,27,745,921,122,87
70,741,871,JK000568,28,1228,1438,97,56
70,779,959,ShamIbadiyya0000050,3621,903,1100,139,88
70,741,959,Sham19Y0127677,898,489,799,164,64
70,730,959,Shamela0010803,37,473,806,176,67
70,563,696,Shamela0010803,303,351,505,89,72
70,730,959,JK000080,1273,62,395,175,66
70,730,959,Shamela0005756,11711,921,1249,174,66
70,56,228,Shamela0005756,15401,690,888,131,79
70,730,993,Shamela0026568,1339,356,715,187,65
70,730,959,JK000110,1274,12,342,176,67
70,56,228,JK000110,1995,153,349,131,80
70,338,932,JK000842,20,843,1364,238,39
70,779,959,Sham19Y0132973,416,32,220,137,90
70,741,959,JK000083,50,1055,1278,116,62
70,730,959,Shamela0096283,380,380,721,176,65
70,355,741,Shamela0007318,37,750,1469,283,49
70,741,1396,Shamela0007318,38,0,639,495,93
70,730,959,PV2024060602,1274,12,342,176,67
70,56,228,PV2024060602,1995,153,349,131,80
70,741,959,PV2024060602,2168,1107,1418,166,65
70,563,692,PV2024060602,6417,11,133,92,90
70,737,959,PV2024060602,6595,274,596,168,65
70,748,959,Shamela0008473,2887,37,361,151,56
70,741,959,JK006838,1290,1010,1330,166,64
70,334,932,JK006838,1291,567,1056,201,33
70,730,959,Sham19Y0013252,6901,171,501,176,67
70,56,228,Sham19Y0013252,10632,1284,1480,131,80
70,737,936,JK009315,26,728,995,149,70
70,741,959,Shamela0021659,284,228,539,166,65
70,563,718,JK009152,2517,353,510,107,76
70,730,959,JK009152,2518,862,1195,174,66
70,748,959,JK001303,779,1018,1335,147,58
70,10,228,Shamela0000041,1489,1116,1351,166,85
70,730,959,JK000098,733,362,689,170,64
70,604,959,Sham19Y0145212,3357,398,1383,269,34
70,779,959,JK009270,2728,13,211,140,89
70,737,959,JK000977,230,624,987,170,58
70,748,959,ShamAY0037387,449,284,592,151,59
70,730,959,JK009336,2957,401,734,176,67
70,591,959,JK000097,541,892,1312,249,66
70,563,685,Shamela0096239,177,1368,1486,89,92
70,748,959,Shamela0025794,1773,84,414,149,54
70,320,508,Shamela0025794,2263,1123,1434,145,58
70,730,959,Sham19Y0016584,3319,579,909,176,67
70,87,228,Sham19Y0016584,4896,13,148,108,94
70,730,959,Sham19Y0013572,1102,47,370,176,69
70,87,228,Sham19Y0122257,3134,373,508,110,95
70,604,959,Sham19Y0122257,3142,136,711,269,58
70,567,730,ShamAY0038637,103,0,205,123,75
70,604,951,JK007045,828,866,1434,260,56
70,730,904,JK010127,28,1159,1420,127,62
70,779,959,JK007044,6044,974,1270,141,60
70,331,718,Shamela0035100,697,757,1085,160,50
70,741,959,Shamela0008353,651,829,1126,169,70
70,730,904,Tafsir02100,91,1150,1418,119,56
70,352,525,Kraken22021606123201,471,1068,1340,120,51
70,805,959,JK000906,5874,0,161,116,87
70,84,228,Shamela0001466,1639,896,1034,112,95
70,741,959,Shamela0001727,136,972,1283,166,65
70,835,959,Sham19Y0018106,3078,0,154,98,80
70,56,228,Sham19Y0018106,4314,1135,1331,131,80
70,741,959,Shamela0001524,720,31,341,165,65
70,78,228,Shamela0001524,727,252,396,117,96
70,741,959,JK000786,3360,857,1174,169,67
70,741,959,Sham19Y0016684,1590,11,326,173,69
70,56,228,Sham19Y0016684,2038,356,552,131,80
70,741,959,JK009390,510,732,1044,166,65
70,741,959,Zaydiyya0000039,914,385,683,160,64
70,741,959,Sham19Y0020638,105,1103,1412,164,65
70,748,959,Tafsir09084,1427,408,731,162,62
70,741,959,Sham19Y0017616,33,622,932,165,65
70,320,718,Shamela0023644,1154,796,1361,203,41
70,84,228,Shamela0002573,1307,1038,1176,112,95
70,741,959,Sham19Y0122406,388,956,1266,164,64
70,741,959,JK007070,905,1081,1390,171,69
70,779,959,ShamAY0035035,9954,474,703,140,76
70,563,718,Shamela0026890,11,256,415,116,89
70,741,959,Shamela0026890,12,685,1005,170,66
70,563,685,JK000139,29,314,432,89,92
70,325,622,JK000475,1640,878,1253,200,67
70,787,959,JK000475,2488,60,243,120,76
70,563,692,JK000140,632,271,393,92,90
70,737,959,JK000140,810,550,872,168,65
70,730,910,ShamIbadiyya0000438,1262,1185,1430,129,66
70,748,959,Shamela0003118,308,493,807,127,44
70,741,959,Shamela0021536,259,400,719,164,63
70,730,959,JK009141,1024,788,1122,174,65
70,325,563,Shamela0008210,88,850,1126,180,81
70,779,959,Shamela0022712,28,82,277,134,83
70,338,554,JK000724,74,56,399,162,57
71,1058,1470,Shamela0001600,27,702,1472,205,29
71,1165,1470,JK006801,857,1096,1422,131,46
71,1157,1470,Shamela0021765,2110,1095,1392,125,36
71,1165,1294,Shamela0001438,792,1043,1193,101,80
71,1157,1294,Shamela0001438,806,381,529,95,77
71,384,542,Shamela0009270,408,250,410,111,80
71,1157,1294,JK008001,106,1123,1276,107,84
71,1165,1294,Sham19Y0127677,355,682,832,101,80
71,1157,1294,Sham19Y0127677,365,592,744,107,85
71,4,384,Shamela0007318,39,961,1187,177,58
71,718,863,Shamela0007318,40,1394,1532,110,95
71,475,676,Shamela0007318,40,418,619,164,100
71,1097,1294,Masaha001946Vols,162,396,629,114,60
71,384,1032,JK000315,16,25,710,253,34
71,1074,1294,Shamela0000041,1607,481,749,124,55
71,877,1198,JK000467,953,907,1298,117,28
71,1107,1470,ShamAY0034080,155,15,281,167,52
71,1128,1470,ShamAY0034080,174,402,712,151,46
71,1107,1470,ShamAY0034080,175,728,1110,167,41
71,1157,1294,ShamAY0034119,27,281,425,103,83
71,265,363,JK000763,6,998,1109,77,88
71,1165,1303,Shamela0001404,301,45,214,108,77
71,1147,1470,Shamela0001404,317,0,378,148,46
71,1128,1325,Shamela0001466,1836,504,731,113,58
71,1142,1319,Shamela0001466,2280,0,214,103,59
71,1138,1294,Meshkat0014420,3432,1193,1386,102,63
71,1138,1294,Shamela0022593,17,419,581,113,82
71,1061,1264,JK000916,25554,1291,1504,146,78
71,1147,1294,Shamela0023628,2402,0,166,104,75
71,1124,1298,ShamAY0034059,3679,0,209,115,66
71,1104,1294,JK009266,6239,1185,1406,112,60
71,1138,1470,JK009266,7044,537,955,139,31
71,1165,1294,Kraken220727035853,3301,154,311,90,70
71,1157,1470,ShamAY0032955,7,249,481,141,51
71,1157,1319,JK007106,9,359,536,111,74
71,1071,1470,Shamela0023578,2259,289,869,157,29
71,920,1294,Shamela0003118,7450,650,1025,188,56
72,822,978,Sham19Y0148271,423,615,1041,99,30
72,460,637,JK006801,1244,406,598,122,75
72,814,1052,Shamela0021765,957,1034,1281,126,58
72,817,978,JK000021,3116,429,579,99,80
72,460,749,Shamela0007435,952,695,1029,143,50
72,1029,1291,JK009313,2752,720,986,200,94
72,460,749,JK000633,4,476,761,143,54
72,144,648,Shamela0007318,41,0,457,204,48
72,822,978,Shamela0008473,846,786,1210,103,31
72,460,573,Shamela0004445,6981,463,788,76,29
72,822,1093,Shamela0025794,4342,799,1126,119,36
72,652,978,Shamela0025794,4357,708,1322,134,25
72,460,637,Sham19Y0132403,56,121,296,122,80
72,460,637,Shamela0008494,82,1216,1412,121,75
72,1088,1300,Shamela0023700,2257,0,212,162,96
72,1029,1291,JK000533,2633,819,1088,195,91
72,814,978,JK000786,2329,1247,1408,100,76
72,460,913,JK000786,3988,264,675,158,39
72,817,978,Shamela0009379,93,568,987,101,30
72,460,637,Sham19Y0020879,510,696,891,128,80
73,1190,1320,Shamela0001453,186,825,1301,97,25
73,502,654,JK010248,4,563,736,117,84
73,689,1106,JK000764,178,218,741,237,52
73,689,911,JK001435,11,93,273,86,41
73,505,911,JK006478,9143,10,312,109,34
73,843,1106,JK000090,54,33,318,150,59
73,505,654,Shia001432Vols,17996,660,792,105,88
73,502,646,JK000465,2641,1333,1515,103,70
73,502,654,JK000465,4352,396,530,106,88
73,1190,1324,Shamela0012884,108,361,520,97,72
73,502,654,Shamela0012884,5296,45,174,102,84
73,1169,1324,JK009379,20,943,1130,114,75
73,134,287,Shamela0008473,2893,936,1132,106,68
73,134,287,Shamela0008473,4985,1217,1414,112,72
73,702,911,JK009179,151,665,905,144,72
73,134,287,Shamela0004445,55,115,310,109,72
73,736,911,JK007004,234,13,201,127,78
73,1190,1324,JK007044,312,5,164,97,72
73,1169,1324,JK001227,34,1162,1342,116,79
73,689,911,Shamela0007798,9043,202,460,132,58
73,689,911,Sham19Y0145435,888,477,745,139,59
73,427,654,JK000742,59,160,764,172,35
73,741,1100,Shamela0007350,25,577,939,182,53
73,689,911,JK000374,51,615,1113,145,36
73,689,1106,JK000337,31,844,1358,242,55
73,465,911,Shamela0007663,19,524,1017,183,39
74,1252,1486,Kraken220413194022,2845,0,248,169,80
74,1228,1486,JK010248,9,1097,1370,198,91
74,1126,1486,JK001435,11,294,648,241,78
74,1228,1486,Hindawi051419736,200,220,512,193,83
74,1231,1486,Shia001432Vols,17857,186,458,196,90
74,1243,1486,JK000238,20,400,641,170,83
74,1228,1486,Shamela0012884,99,995,1269,195,89
74,1248,1427,Kraken220413194132,150,47,235,137,92
74,501,1015,Shamela0007318,42,603,1173,207,35
74,1144,1486,JK000374,55,580,926,239,79
75,46,167,Shamela0021809,3207,719,833,81,88
75,1254,1478,JK010248,6,557,762,150,84
75,1212,1478,JK006801,841,90,393,176,69
75,1212,1478,Shamela0021765,1991,1086,1365,172,71
75,383,728,Rafed0002654Vols,5955,148,493,275,99
75,829,1029,ShamAY0033559,23,795,1024,150,81
75,1212,1481,Shamela0009270,405,421,702,152,57
75,1254,1478,Hindawi051419736,194,741,1002,162,73
75,1254,1478,JK009313,1100,1338,1543,135,71
75,1254,1481,Shamela0012884,100,927,1104,138,75
75,1236,1481,JK000532,530,498,736,183,91
75,1212,1481,JK000315,6,773,1041,149,60
75,383,728,Shia004092Vols,6284,771,1116,274,99
75,134,374,JK000940,185,0,256,163,73
75,1212,1481,Shamela0009642,28,649,927,148,57
75,1236,1478,ShamAY0033053,431,1055,1330,130,52
75,46,167,JK009408,2141,845,959,83,90
75,838,941,Shamela0007798,9088,309,438,81,79
75,1230,1481,JK000742,54,389,651,185,83
75,46,167,JK000916,8767,1178,1304,89,92
75,1212,1481,JK000629,4,864,1139,161,61
76,544,1041,Shamela0006610,1082,0,496,245,53
76,373,1041,Shamela0021809,3072,4,617,274,41
76,450,810,Shamela0036446,1044,960,1325,240,74
76,863,1073,Shamela0029701,21,4,295,122,50
76,1187,1348,JK001487,287,511,687,111,78
76,535,1085,JK000735,233,816,1316,267,53
76,407,1041,JK000735,234,0,680,312,45
76,535,810,Shamela0023685,997,488,765,186,76
76,438,795,Shamela0023685,998,738,1094,259,85
76,558,765,Shia001340,335,907,1152,154,76
76,373,765,JK001435,17,835,1205,225,62
76,325,795,JK000675,284,133,628,357,86
76,535,810,Shamela0003055,624,450,732,190,75
76,325,795,JK000883,2106,994,1451,332,84
76,450,814,ShamAY0033562BK1,106,999,1339,270,91
76,421,765,JK000090,40,1119,1432,202,66
76,438,765,Shamela0001438,2396,1046,1341,170,64
76,344,765,Sham19Y0131521,5185,17,407,241,64
76,196,676,Shamela0003722,2134,923,1413,256,57
76,554,759,Shamela0008476,2570,448,666,163,92
76,344,765,Shamela0001442,986,425,800,246,67
76,573,759,AOCP20251104062,39,596,775,143,95
76,573,765,Shia001432Vols,29531,667,866,147,88
76,1176,1331,Masaha001108Vols,31,173,321,104,78
76,554,810,JK000381,640,19,266,177,81
76,573,759,JK000381,1136,825,1009,148,98
76,350,795,JK009160,251,689,1067,256,67
76,344,765,JK000142,884,17,406,241,64
76,438,790,JK009313,5354,1077,1423,259,87
76,573,765,Sham19Y0127677,1463,1059,1252,150,93
76,535,765,Shamela0026568,880,1323,1577,174,83
76,573,759,JK000363,38,618,797,144,96
76,535,765,Sham19Y0132416,144,248,503,176,84
76,535,1041,Shamela0026548,20,877,1251,218,50
76,450,1041,ShamAY0033561,196,131,620,309,61
76,450,810,JK009336,2049,774,1161,258,77
76,259,765,JK000467,405,30,561,265,53
76,447,810,Sham19Y0127700,332,464,845,262,80
76,563,810,JK001254,8,26,238,168,84
76,535,765,JK000010,106,657,924,176,80
76,331,795,ShamAY0035253,46,377,886,366,88
76,450,795,Shamela0010283,1182,557,916,244,77
76,325,759,Shamela0012981,1131,177,556,232,59
76,1176,1331,Rafed0003257Vols,779,709,888,103,68
76,373,765,Shamela0001524,1712,731,1077,228,65
76,573,753,Shamela0004473,15444,844,1022,143,98
76,573,759,Shamela0018381,6,1254,1438,148,98
76,573,745,ShamAY0034230,5269,1045,1231,127,85
76,1022,1348,JK000742,56,536,914,192,64
76,447,790,Shamela0012579,1103,1160,1499,255,87
76,344,795,JK000475,2374,735,1160,295,76
76,608,810,JK001236,227,0,206,146,81
76,1187,1348,Shamela0008206,854,1069,1240,111,79
76,196,810,JK000337,4,509,1126,245,35
77,87,317,Masaha004105Vols,39,13,416,169,52
77,36,317,EScr20112614,49,0,495,208,52
77,0,275,Masaha004217,20,1163,1421,150,59
77,119,299,Hindawi018175075,172,619,796,128,84
77,778,1070,Shamela0013041,623,9,188,103,43
77,0,317,Tafsir01005,405,230,486,132,44
77,0,317,JK009313,124,27,572,237,54
77,0,317,Shamela0005539,5,693,1203,233,56
77,0,317,Shamela0012884,313,571,1075,240,58
77,1196,1421,Shamela0007318,42,1278,1504,178,99
77,0,281,JK000315,12,116,414,168,62
77,114,281,Kraken220804162009,153,0,173,108,77
77,3,214,Zaydiyya0000037Vols,98,1410,1551,109,65
77,3,347,Masaha004755,55,0,423,221,60
77,52,281,Sham19Y0014592,170,9,282,181,82
77,0,299,Sham19Y0014592,1105,1099,1453,212,74
77,754,1070,Shamela0035100,2483,900,1091,112,42
77,811,1008,JK000166,4052,23,196,124,79
77,0,317,Masaha004518,2,521,1078,251,56
77,52,317,Shamela0010283,159,26,499,209,55
77,754,1070,JK005007,85,113,295,109,41
77,0,317,JK003504,4,684,1207,239,56
77,0,317,Shamela0004473,10031,833,1163,216,73
77,627,733,JK000742,42,408,528,78,81
77,0,310,JK000742,316,220,605,206,63
77,119,317,Hindawi016136305,84,19,221,140,81
78,680,930,JK001487,287,758,990,149,69
78,1021,1461,JK001435,22,149,623,319,80
78,746,966,Shamela0008363,442,171,381,147,83
78,1054,1417,JK000090,56,0,360,262,85
78,762,966,JK000090,137,537,716,135,82
78,3,947,Shamela0007318,43,194,734,324,42
78,1048,1456,JK000382,467,8,410,297,88
78,769,913,Shamela0009943,365,981,1123,102,87
78,769,913,Sham19Y0017817,88,1214,1358,101,84
78,769,913,Tafsir02102,1811,238,386,104,86
78,981,1461,JK000742,64,677,1203,366,88
78,0,155,JK000585,4318,560,739,121,83
78,746,966,Shamela0007350,27,20,215,144,78
78,1136,1417,Shamela0007350,27,800,1029,169,72
79,709,877,Shamela0003055,640,196,359,114,82
79,270,518,Shamela0010906,1931,278,553,154,61
79,1108,1249,JK000021,2675,361,590,97,54
79,1124,1249,Shia001615Vols,161,780,1055,83,36
79,1119,1249,Shia001432Vols,21793,376,642,84,37
79,1119,1249,Shia001432Vols,26141,616,881,84,37
79,270,458,Shamela0012884,962,706,946,145,73
79,116,290,Shamela0007318,43,1250,1404,110,81
79,709,822,Shamela0007318,43,1387,1499,90,97
79,822,1408,Shamela0007318,44,0,401,276,58
79,1119,1249,Shia001237Vols,722,461,727,84,37
79,1262,1471,JK000315,13,47,290,148,74
79,270,458,Shamela0022549,54,39,286,142,69
79,1124,1249,Shia001383,110,1154,1446,83,34
79,709,877,JK001254,23,1016,1177,114,83
79,1140,1249,Shia001115Vols,64,1060,1300,70,35
79,270,451,JK000326,15,169,413,137,68
79,1119,1249,Shia001417,48,17,253,75,36
79,1116,1249,JK000916,24148,921,1113,90,56
79,514,646,Shamela0007350,27,573,707,101,95
79,270,458,JK000337,28,113,380,149,69
79,1116,1249,Zaydiyya0000024,10,1082,1285,98,59
80,465,719,ShamAY0034809,620,569,844,148,60
80,1024,1195,ShamAY0034447,578,1115,1286,130,94
80,536,719,JK006478,1042,1113,1334,120,64
80,484,719,JK000015,47,580,870,151,63
80,536,719,Shia004042Vols,413,205,421,122,66
80,505,719,Shamela0008243,41,81,319,141,74
80,505,719,Shamela0008243,47,771,1035,142,67
80,465,719,JK000022,1329,31,304,146,59
80,536,719,JK000001,1840,376,605,120,65
80,465,719,Shamela0000222,27,916,1166,146,64
80,112,357,Shamela0005756,5903,448,721,156,69
80,545,719,JK009268,443,1053,1280,119,63
80,484,719,Shamela0026884,725,788,1061,155,72
80,0,473,Shamela0007318,44,420,915,343,85
80,88,357,JK000315,12,479,752,200,88
80,484,719,Shamela0013039,43,143,426,154,66
80,895,1264,JK000098,172,572,954,289,91
80,465,690,Shamela0006944,121,1269,1514,128,61
80,484,719,Shamela0008241,22,448,744,150,63
80,505,719,JK000487,294,1088,1361,148,68
80,515,719,Sham19Y0014592,1951,819,1100,137,62
80,125,350,Sham19Y0013667,3738,97,330,145,70
80,540,719,Sham19Y0123665,1724,697,920,118,65
80,96,272,JK003504,25,821,988,119,85
80,115,357,Kraken210622021806,626,357,664,158,62
80,787,891,JK000742,58,793,914,83,85
80,505,719,JK000916,24137,1125,1460,106,39
80,484,719,JK000916,24139,271,549,155,65
80,518,719,ShamAY0035035,6397,399,652,132,65
80,523,719,Shamela0003118,6931,161,448,91,38
80,505,719,Shamela0021545,49,124,334,102,52
81,773,914,Zaydiyya0000373Vols,12,665,864,103,65
81,793,914,Shamela0008204,38,434,580,87,75
81,88,295,Shamela0021765,2192,1050,1366,116,46
81,793,914,Shamela0001438,7732,232,377,87,75
81,808,914,JK000022,172,1015,1127,79,88
81,88,323,JK000022,2022,404,639,143,71
81,699,914,Shamela0009270,409,338,631,153,65
81,88,268,Shamela0008544,1159,439,626,87,53
81,793,914,JK008001,6299,1233,1379,87,75
81,808,934,JK000381,1837,18,150,84,80
81,751,914,Tafsir01005,968,692,895,103,64
81,808,934,Shamela0011730,526,135,266,84,81
81,808,934,Shamela0010784,8,536,667,84,81
81,353,938,Shamela0007318,44,907,1505,223,31
81,808,914,JK000707,26,204,317,79,87
81,793,914,JK001492,635,211,354,82,72
81,793,914,ShamAY0033535,17,1205,1351,87,75
81,789,914,JK000166,10756,943,1075,94,89
81,793,914,Sham19Y0001729,206,204,350,87,75
81,475,737,JK000742,71,611,948,147,56
81,699,914,JK000742,74,615,884,160,75
81,947,1229,JK000742,83,873,1171,195,77
81,793,914,JK000916,8828,933,1078,87,75
81,770,914,JK001187,176,1091,1283,90,59
81,751,914,Shamela0023578,442,166,380,101,60
81,1123,1415,Shamela0007350,30,0,605,145,28
81,793,914,Shamela0003118,2920,1247,1393,87,75
81,793,914,JK009226,343,805,952,85,72
82,330,531,JK001333,93,953,1149,139,81
82,42,268,JK001333,93,155,501,169,61
82,50,268,Sham19Y0148271,1009,165,1011,152,22
82,117,268,JK001435,21,0,265,115,55
82,725,876,ShamAY0035960,572,267,689,91,27
82,567,686,Shamela0008363,472,1345,1500,93,73
82,149,527,Shamela0003055,639,634,1339,189,30
82,89,268,JK000090,53,948,1216,107,50
82,339,527,JK000090,55,1085,1267,140,92
82,374,876,JK000090,135,324,875,227,42
82,925,1075,JK000022,732,288,436,103,76
82,725,876,JK000022,1131,946,1371,91,26
82,330,545,Shamela0010906,2247,303,536,148,78
82,922,1060,Shamela0012884,4322,28,204,103,73
82,725,876,JK000083,143,641,918,97,43
82,368,1075,Shamela0012861,6,210,528,228,39
82,922,1075,Shamela0007318,17,862,1023,123,95
82,143,716,Shamela0007318,45,32,752,388,66
82,938,1060,Shamela0021493,266,292,416,89,82
82,156,368,JK001045,7,961,1233,106,41
82,925,1075,JK000487,160,1246,1385,105,82
82,925,1075,JK000916,6215,713,865,112,85
82,368,1002,Shamela0007350,28,1148,1500,197,37
82,907,1079,Shamela0003118,2127,316,477,113,78
82,925,1075,JK000337,27,337,486,112,88
82,725,876,JK000337,33,929,1356,96,28
83,882,1025,ShamAY0034809,236,315,496,99,70
83,1047,1255,JK000090,134,1225,1430,149,84
83,705,1025,JK000090,140,1070,1403,150,46
83,799,1025,JK000022,785,4,278,151,68
83,803,1025,JK000021,1412,900,1166,148,68
83,817,1025,JK000213,158,946,1201,143,68
83,1089,1255,Shamela0012884,3322,44,278,129,67
83,882,1025,Shamela0012861,4,610,753,103,88
83,675,785,Shamela0007318,45,1222,1332,87,100
83,1092,1324,Shamela0007318,46,513,745,187,99
83,817,1025,JK000013,9,233,473,140,69
83,1073,1255,Shamela0007798,6256,1263,1508,133,64
83,1073,1255,JK000742,79,992,1258,141,65
83,1073,1255,JK000742,88,401,685,141,61
83,690,1025,Shamela0007350,29,88,434,167,51
83,732,1025,JK000337,34,482,850,186,63
84,1117,1457,ShamAY0035960,572,741,985,168,60
84,1117,1218,JK000090,66,1296,1406,79,91
84,558,823,Shamela0010906,2393,576,837,185,83
84,433,554,Shia001432Vols,18011,629,757,98,92
84,208,390,Shamela0007318,46,1037,1346,149,58
84,1117,1457,JK000097,530,115,358,164,60
84,655,823,ShamAY0035253,47,875,1075,129,78
84,1117,1263,Shamela0007798,8826,719,849,76,58
84,256,390,Shamela0004473,17336,369,599,108,56
84,260,390,ShamAY0035035,156,808,1289,101,25
84,1117,1450,Shamela0007350,29,601,943,136,39
85,1203,1506,JK001333,109,567,927,226,77
85,1293,1506,Shamela0006947,16514,1299,1512,152,85
85,1155,1510,Kraken220413194022,2451,1227,1538,219,76
85,1369,1506,Kraken220413194022,2974,0,133,102,90
85,1293,1506,Kraken220413194022,3032,414,631,146,80
85,1057,1510,JK000764,144,672,1089,195,48
85,1293,1506,JK000351,64,840,1037,145,82
85,585,1052,ShamAY0034447,582,407,921,226,42
85,1203,1506,JK001435,4,366,716,222,76
85,1209,1506,JK001435,96,168,526,223,76
85,1293,1506,JK000065,147,562,825,131,56
85,1123,1506,Shamela0000736,5236,35,450,190,49
85,1293,1506,JK000365,149,1032,1269,150,77
85,1293,1506,JK000365,632,16,231,141,77
85,1209,1405,Sham19Y0146127,3673,1233,1462,150,82
85,1338,1510,ShamAY0033885,43,85,278,134,86
85,1338,1506,Shamela0008363,165,6,156,99,63
85,1293,1510,Shamela0003055,3445,1023,1278,148,69
85,1335,1493,Shamela0012398,146,858,1286,107,31
85,7,337,JK006833,175,189,653,242,62
85,1019,1506,Shamela0009270,268,825,1279,253,56
85,1198,1510,Shamela0010906,2349,1172,1435,187,75
85,1191,1510,Sham19Y0017581,46,19,336,222,84
85,1019,1506,Shamela0003722,1712,348,955,353,73
85,1293,1529,Shamela0008476,122,1171,1401,163,80
85,1293,1506,JK001414,303,314,543,142,74
85,1155,1510,JK001414,2413,88,402,219,77
85,1293,1506,JK000362,989,732,945,152,85
85,1293,1506,JK000146,404,75,310,150,75
85,1293,1506,JK000381,477,1141,1354,152,85
85,1293,1506,JK000381,1786,903,1118,154,83
85,1293,1506,JK000381,2425,609,811,152,86
85,1293,1506,JK000381,2479,985,1181,145,82
85,1293,1506,JK000381,3728,74,289,154,85
85,1293,1506,JK000381,3811,895,1108,140,73
85,1330,1506,JK000381,3924,714,886,129,88
85,1293,1506,JK000381,4014,1001,1230,145,75
85,1293,1506,JK000381,4175,13,208,142,81
85,1293,1506,JK000381,4504,1038,1234,145,82
85,1293,1506,JK000381,5342,316,521,154,87
85,1293,1506,Shamela0011730,98,1159,1371,151,84
85,1293,1529,Shamela0011730,353,960,1189,163,80
85,1293,1506,Shamela0011730,392,848,1077,145,75
85,1293,1506,JK000081,826,1231,1492,146,67
85,1019,1506,JK000484,6743,854,1302,253,58
85,1293,1506,Shamela0004445,4490,582,838,148,70
85,1293,1510,JK009152,76,1008,1235,152,80
85,1039,1506,Shamela0012406,1597,589,1121,208,41
85,1293,1506,JK000101,375,66,341,133,54
85,1293,1506,JK000101,539,549,771,130,64
85,1155,1506,JK000546,1,398,708,196,65
85,1123,1506,JK009158,241,229,618,210,60
85,1131,1506,JK009158,749,566,955,216,62
85,1252,1506,JK000952,652,291,529,158,74
85,19,337,Shamela0009783BK1,27,272,686,222,62
85,1162,1506,Shamela0009305,5,419,794,180,52
85,1293,1510,Shamela0011379,59,832,1086,146,68
85,1293,1506,JK000375,6,951,1160,145,82
85,1293,1506,JK000375,66,140,359,149,82
85,0,230,Sham19Y0132403,56,353,566,154,75
85,1198,1506,Shamela0037325,445,1111,1370,184,74
85,1293,1510,Shamela0037325,1785,1100,1328,152,79
85,1293,1529,Shamela0037325,2722,1359,1589,163,80
85,1385,1519,JK000382,366,550,683,94,82
85,1338,1506,Shamela0009943,296,0,178,127,89
85,1116,1510,JK000368,287,308,668,225,65
85,1293,1510,JK000368,349,299,509,154,85
85,1354,1529,Shamela0008353,153,0,162,121,82
85,1203,1506,Shamela0004473,8785,724,1086,220,76
85,1293,1506,Shamela0004473,10972,584,823,147,73
85,19,337,Sham19Y0145435,891,251,668,222,62
85,1244,1506,Shamela0000956,34,156,498,176,60
85,1293,1506,Tafsir02102,1189,1255,1469,153,85
85,1162,1506,Shamela0011146,26,351,645,203,71
85,19,199,JK000742,250,1170,1467,118,44
85,1039,1506,JK000916,20578,42,501,237,55
85,1244,1506,Shamela0003118,5932,575,799,152,66
85,1144,1506,Shamela0008206,708,448,1039,222,45
86,528,1266,ShamAY0035960,550,586,1360,518,83
86,1280,1449,Shamela0008363,444,356,495,105,79
86,620,1466,Shamela0003055,645,64,1281,587,57
86,476,907,JK000090,59,1094,1517,259,66
86,907,1351,JK000090,60,0,510,282,65
86,528,1144,Shamela0009270,427,754,1407,436,81
86,643,1016,Zaydiyya0000454,90,1231,1615,290,94
86,1016,1266,Zaydiyya0000454,91,0,250,196,99
86,1277,1479,JK000362,1211,912,1430,137,33
86,1341,1479,Rafed0000040Vols,972,124,273,97,77
86,1277,1459,JK000381,1215,563,760,109,60
86,1280,1479,JK000381,1240,1097,1290,131,78
86,1280,1479,Shamela0011730,168,766,941,129,78
86,49,1186,Shamela0007318,47,455,1505,626,60
86,1186,1479,Shamela0007318,48,0,694,231,41
86,1277,1479,JK000098,315,350,533,139,84
86,535,1250,Shamela0012034,482,814,1518,477,79
86,528,1065,JK000097,508,868,1445,382,83
86,1065,1266,JK000097,509,0,196,135,82
86,615,1426,JK001254,28,336,1434,591,66
86,1186,1466,JK001254,29,110,353,136,59
86,1277,1459,Shamela0037325,511,189,345,112,79
86,535,1034,Shamela0009943,316,906,1480,367,81
86,476,1010,Shamela0007350,32,1035,1577,361,77
86,1010,1479,Shamela0007350,33,0,491,336,82
86,1245,1479,JK000264,2392,690,956,175,83
86,1280,1479,Sham19Y0016618,114,342,555,155,89
86,1280,1479,Kraken220413194135,177,54,228,126,76
87,701,905,Sham19Y0037370,40,0,154,106,64
87,718,967,Shamela0006947,18683,843,1041,129,61
87,589,854,JK000116,545,395,620,178,82
87,589,833,ShamAY0035960,557,753,987,154,75
87,1252,1482,ShamAY0035960,564,627,888,149,66
87,589,816,Shamela0008363,442,1029,1229,155,84
87,0,360,Shamela0003055,645,973,1426,123,26
87,621,807,JK000090,59,0,176,131,84
87,589,816,Shamela0009270,410,239,469,156,76
87,589,816,Shamela0010906,2696,661,868,156,85
87,688,1149,JK000532,126,273,626,183,48
87,514,816,JK000532,127,799,1071,169,69
87,0,120,Shamela0007318,48,694,814,95,100
87,167,760,Shamela0007318,49,1057,1536,371,77
87,760,1482,Shamela0007318,50,0,996,553,69
87,589,816,Shamela0006547,69,361,591,156,76
87,1183,1482,JK000098,309,1127,1448,216,83
87,0,389,JK000098,315,533,931,302,95
87,589,833,JK000097,515,741,975,154,75
87,1252,1482,JK000097,522,390,651,149,66
87,0,389,JK001254,29,54,529,151,30
87,589,816,Shamela0009943,307,367,603,160,78
87,718,967,JK000166,10748,415,605,124,58
87,585,816,Shamela0009642,33,696,928,161,80
87,589,858,Shamela0007350,32,790,1018,179,80
87,30,385,Shamela0007350,33,334,748,145,34
87,0,97,JK000264,2392,956,1053,76,100
87,718,854,JK000264,2392,1068,1199,108,96
87,718,967,JK000264,3487,777,967,129,62
87,0,389,Sham19Y0016618,114,555,1036,258,63
88,1095,1380,Shamela0006947,18683,1047,1331,195,82
88,1141,1380,JK000116,543,1061,1329,165,72
88,1019,1279,ShamAY0035866,8,1378,1529,89,41
88,1141,1375,Shamela0028107,151,632,869,164,84
88,1002,1272,Shamela0003055,647,115,423,146,53
88,922,1240,JK000090,62,390,597,140,56
88,1118,1358,Shamela0009270,410,562,858,183,77
88,798,1196,Shamela0010906,2940,690,1142,142,33
88,922,1456,Shamela0006733,19,775,1227,151,28
88,1095,1358,Shamela0012884,2012,20,276,179,77
88,1145,1358,JK001011,7,369,598,162,87
88,1141,1358,Shamela0012861,2,1067,1258,143,82
88,1095,1358,Zaydiyya0000413Vols,3838,606,859,184,85
88,0,268,Shamela0007318,50,996,1482,207,53
88,274,1086,Shamela0007318,51,4,1256,602,60
88,1090,1456,Shamela0007318,52,189,746,289,64
88,1145,1380,Shamela0006547,33,182,479,172,72
88,1141,1380,Shamela0002386,397,479,747,166,73
88,1118,1358,Sham19Y0038171,253,954,1243,183,79
88,1090,1358,JK000098,312,632,910,214,96
88,922,1083,JK000098,313,42,201,123,98
88,1002,1272,JK001254,30,582,878,146,55
88,1118,1397,Sham19Y0149213,1794,856,1225,197,66
88,1149,1358,ShamAY0035792,102,1003,1426,147,44
88,1118,1358,Shamela0035100,2880,1184,1440,179,85
88,1095,1380,JK000166,10748,611,889,195,84
88,774,1358,Shamela0004473,7382,983,1403,317,66
88,1118,1358,Shamela0004473,15317,839,1126,183,78
88,1153,1441,Shamela0004473,15318,91,482,137,41
88,1145,1358,JK001469,10,47,275,164,88
88,1014,1351,Tafsir02102,1808,0,305,231,85
88,1095,1380,ShamAY0034179,269,468,752,193,81
88,1145,1456,Shamela0023628,1318,836,1166,199,71
88,1118,1358,ShamAY0035035,156,621,905,178,77
88,1002,1375,Shamela0007350,33,916,1431,226,55
88,917,1456,JK000264,2392,1199,1459,204,47
88,1095,1358,JK000264,3487,973,1229,184,85
89,0,246,JK000764,179,0,285,197,85
89,7,246,Tafsir04056,2985,1190,1434,187,92
89,880,1020,JK000201,1319,247,391,114,97
89,880,1025,Shamela0028107,151,1003,1143,101,78
89,258,715,Shamela0003055,648,60,511,343,91
89,7,232,Shamela0012884,2011,1315,1537,176,94
89,0,715,Shamela0007318,52,746,1465,574,99
89,719,1354,Shamela0007318,53,257,1412,414,45
89,0,246,Sham19Y0038171,253,296,569,192,85
89,0,715,JK000098,312,738,1292,309,50
89,0,246,Kraken220413030759,958,874,1149,146,63
89,258,715,JK001254,31,491,942,343,91
89,0,384,Shamela0004473,7382,1234,1551,156,48
89,384,715,Shamela0004473,7383,0,333,265,99
89,316,728,Shamela0004473,15347,0,406,324,97
89,0,728,Tafsir02102,1808,143,877,448,69
89,0,232,Tafsir07057,1694,55,288,154,72
89,33,246,ShamAY0035035,156,0,241,163,81
89,41,240,JK000264,2393,0,199,161,100
89,46,246,JK000337,37,0,235,159,83
90,908,1469,Shamela0007664,131,0,887,405,55
90,933,1467,Kraken220413194022,2508,497,1364,381,53
90,1250,1467,Kraken220413194022,2511,36,379,112,42
90,824,1469,JK001487,251,479,1460,422,51
90,824,1397,Shamela0006739,1865,222,951,382,60
90,933,1469,Shamela0003055,695,39,496,249,48
90,1127,1401,Shamela0003055,772,943,1361,153,43
90,891,1469,Shamela0010906,2807,814,1373,439,95
90,933,1397,Sham19Y0017581,105,735,1371,347,67
90,1250,1469,Sham19Y0017581,108,455,804,114,42
90,933,1088,JK001414,2469,1338,1499,121,90
90,1066,1469,JK001414,2470,0,706,275,47
90,1250,1469,JK001414,2472,1085,1435,108,39
90,824,1349,JK000362,266,1022,1447,216,42
90,828,1127,Shamela0010013,300,1292,1550,180,74
90,1127,1469,Shamela0010013,301,0,335,259,96
90,824,1469,JK000381,1154,153,1175,450,54
90,824,1088,Shamela0011123,3,1230,1538,179,68
90,1066,1469,Shamela0011123,4,0,696,280,48
90,967,1469,Shamela0011123,34,0,415,218,45
90,84,201,Shamela0007318,53,1435,1552,96,98
90,201,1047,Shamela0007318,54,507,1513,652,80
90,1047,1469,Shamela0007318,55,0,422,330,99
90,1127,1401,Shamela0011379,92,190,608,153,43
90,933,1053,Shamela0037325,556,1414,1539,92,86
90,1053,1469,Shamela0037325,557,0,751,297,48
90,201,609,Shamela0037325,569,31,830,208,31
90,824,1397,JK000382,644,509,1376,396,56
90,355,609,JK000166,10679,0,255,127,54
90,824,1272,JK000368,170,673,968,204,55
90,852,1469,Shamela0004473,15342,5,973,435,55
90,824,1211,Shamela0018381,25,1071,1530,266,69
90,1211,1469,Shamela0018381,26,0,571,188,42
90,0,201,JK000329,17,1108,1330,150,78
90,201,624,Shamela0007350,38,565,986,248,68
90,824,1397,Shamela0008206,819,556,1304,373,58
91,0,319,Shamela0007664,131,887,1373,244,63
91,307,613,Shamela0007664,132,314,682,175,52
91,327,613,Kraken220413194022,2509,632,1018,169,52
91,22,319,JK001487,252,0,457,224,61
91,434,613,JK001487,253,27,207,122,85
91,0,319,Shamela0003055,695,496,1028,246,58
91,624,836,Shamela0010906,2807,609,814,151,89
91,1075,1250,Shamela0010906,2886,569,712,112,80
91,327,594,Sham19Y0017581,106,933,1304,163,49
91,0,319,Sham19Y0017581,106,165,631,233,62
91,14,163,Sham19Y0017581,108,933,1030,69,61
91,0,319,JK001414,2470,706,1172,233,62
91,327,613,JK001414,2471,133,451,171,64
91,14,163,JK001414,2473,123,219,68,61
91,0,319,JK000362,267,72,592,247,60
91,0,620,Shamela0010013,301,335,862,397,80
91,0,199,JK000381,1154,1175,1372,151,97
91,327,613,JK000381,1155,551,915,156,48
91,115,319,JK000381,1841,576,934,161,55
91,115,319,Shamela0011730,530,620,978,158,55
91,434,604,Shamela0011730,531,15,185,128,95
91,0,199,Shamela0011123,4,696,897,151,95
91,0,319,Shamela0011123,34,415,907,244,62
91,307,604,Shamela0010784,13,558,910,173,53
91,0,933,Shamela0007318,55,422,1173,589,79
91,1012,1509,Shamela0007318,56,106,529,337,82
91,1075,1250,JK000098,326,830,1002,136,97
91,0,319,Shamela0037325,557,751,1217,233,62
91,327,613,Shamela0037325,558,168,496,171,62
91,327,613,JK000382,645,896,1296,161,46
91,0,319,JK000382,645,108,572,235,63
91,252,1050,Shamela0004473,7383,489,921,306,47
91,0,149,Shamela0004473,15342,973,1118,96,85
91,0,319,Shamela0018381,26,571,1067,242,62
91,343,613,Shamela0018381,27,48,396,164,55
91,0,319,Shamela0008206,820,68,566,240,60
91,343,613,Shamela0008206,821,5,345,161,54
92,1205,1386,Shamela0003722,2745,673,856,122,81
92,0,820,Shamela0007318,56,529,1509,604,73
92,820,1260,Shamela0007318,57,0,477,271,64
92,1205,1464,Sham19Y0149213,691,582,795,119,58
92,30,476,Tafsir02102,3505,923,1360,347,97
93,0,290,JK001487,291,1002,1278,164,60
93,433,689,Shamela0008363,443,321,615,172,71
93,429,689,JK000090,138,375,668,181,75
93,1249,1482,Shamela0009270,361,1059,1300,134,61
93,0,282,Shamela0009270,449,621,878,163,64
93,0,233,Shamela0010906,2995,1284,1484,139,67
93,0,282,JK000083,288,643,937,200,79
93,0,1135,Shamela0007318,58,344,1434,564,46
93,1135,1489,Shamela0007318,59,0,180,139,48
93,0,282,Shamela0006547,29,620,868,157,62
93,0,296,Shamela0037325,594,1013,1296,185,68
93,959,1122,Shamela0007798,270,551,1150,126,26
93,0,141,Shamela0029677,966,1391,1523,101,90
93,792,954,JK000742,40,1062,1466,121,36
93,1332,1482,JK000329,16,0,158,112,85
93,0,290,JK000329,17,362,672,209,78
93,423,767,Shamela0007350,35,922,1327,204,60
93,0,282,Shamela0008206,858,1166,1430,161,61
94,1247,1390,JK001487,289,1250,1393,104,91
94,979,1288,JK000764,194,766,1106,144,41
94,1247,1423,JK000090,58,1226,1390,103,74
94,794,1400,JK006833,4,500,1099,267,44
94,563,1390,Shamela0010906,3096,728,1365,434,62
94,1254,1400,JK000381,1241,486,620,100,85
94,1254,1400,Shamela0011730,169,144,278,100,85
94,979,1193,JK000532,745,339,551,147,81
94,1254,1390,Shamela0012861,6,817,939,95,88
94,0,1103,Shamela0007318,59,180,1484,541,41
94,1103,1490,Shamela0007318,60,0,651,296,57
94,325,509,Shamela0004473,7383,1068,1263,143,92
94,127,542,Shamela0007350,34,675,1049,207,55
94,830,1400,Shamela0007350,35,0,366,255,53
94,1247,1450,Shamela0008206,698,953,1136,115,65
94,1247,1390,Shamela0008206,857,27,170,104,91
94,1254,1400,Kraken220413194135,177,1018,1149,95,81
95,842,967,Shamela0006947,17104,590,723,101,93
95,1188,1448,Shamela0003055,642,667,915,175,77
95,1188,1448,JK000090,116,96,344,174,77
95,842,967,JK000381,1241,1154,1293,101,89
95,0,544,Shamela0007318,60,651,1439,406,64
95,544,1255,Shamela0007318,61,0,1489,508,42
95,1255,1448,Shamela0007318,62,0,187,151,96
95,770,937,JK000101,487,810,986,104,67
95,1004,1448,Shamela0037325,636,750,1145,255,64
95,1161,1448,JK000382,957,0,279,195,78
95,1120,1448,Shamela0007350,38,154,489,220,72
95,479,809,Shamela0007350,40,909,1237,237,86
96,796,1353,JK000764,195,305,1145,257,35
96,757,1353,JK000335,4,62,755,149,17
96,0,235,Shamela0007318,62,192,483,146,56
96,239,1392,Shamela0007318,65,60,1431,680,51
96,1357,1495,Shamela0007318,66,33,172,114,99
96,1226,1392,Shamela0007350,36,856,1053,120,71
96,1148,1353,JK000337,36,0,216,155,87
97,0,294,Shamela0006947,18684,164,465,197,75
97,0,250,Kraken220413194022,2420,957,1215,198,95
97,0,250,JK000764,195,420,639,168,81
97,0,250,Shamela0021766,2034,45,294,195,96
97,883,1149,Shamela0000736,5375,951,1212,205,92
97,0,250,Shamela0003055,591,514,755,191,95
97,0,250,Shamela0003055,642,1148,1400,200,99
97,0,271,JK000090,116,623,995,210,70
97,1288,1496,JK000090,117,611,813,111,66
97,801,1059,Shamela0010906,3222,427,659,177,84
97,0,250,Sham19Y0017581,12,543,799,200,96
97,0,250,Shamela0008476,2572,871,1126,197,95
97,0,250,JK001414,2381,1176,1433,199,96
97,0,250,ShamAY0038316,3,947,1259,190,75
97,0,250,JK000381,816,862,1089,178,88
97,0,250,JK000381,1159,779,995,167,80
97,0,250,JK000381,1217,244,461,159,77
97,0,271,JK000335,4,223,594,214,72
97,0,271,Shamela0012861,11,617,918,211,86
97,0,667,Shamela0007318,66,172,1505,489,45
97,667,1251,Shamela0007318,67,0,722,416,65
97,1251,1496,Shamela0007318,68,363,542,139,71
97,5,268,Shamela0011279,20,683,1010,187,65
97,0,170,Shamela0012293,646,1348,1519,137,99
97,1342,1496,JK000098,417,4,156,117,96
97,0,271,JK001254,26,346,725,216,71
97,0,250,Shamela0037325,657,420,666,193,96
97,883,1149,Shamela0037325,787,853,1109,204,91
97,793,1044,Shamela0035100,3245,1333,1549,165,81
97,0,294,JK000166,10748,1235,1535,192,73
97,0,268,Shamela0007546,21,832,1186,206,70
97,0,156,JK000906,10821,1417,1574,118,89
97,5,255,Shamela0004473,10239,1341,1596,177,78
97,851,1149,Shamela0004473,15343,1183,1481,242,100
97,0,250,Shamela0004473,15434,1106,1363,199,96
97,0,250,Shamela0018381,31,537,794,198,96
97,0,294,ShamAY0034179,269,1098,1399,197,75
97,0,250,Shamela0007350,36,470,727,200,96
97,1251,1496,Shamela0007350,37,805,1053,173,83
97,883,1149,Shamela0003118,6842,246,508,197,88
98,1065,1376,Kraken220413194022,316,510,859,203,70
98,1065,1349,Kraken220413194022,2489,1109,1468,190,62
98,521,899,JK000764,171,647,1087,260,74
98,0,344,JK000090,117,813,1180,263,90
98,543,989,Shamela0009270,427,370,843,215,51
98,1197,1349,Sham19Y0017581,86,0,154,114,90
98,1065,1315,JK001414,304,1222,1513,163,68
98,1164,1349,JK001414,2451,9,204,140,87
98,1149,1349,JK001028,4,147,380,132,64
98,1065,1376,JK000381,4016,394,742,202,70
98,1065,1376,Shamela0011730,394,255,606,203,70
98,0,539,Shamela0007318,68,542,1085,372,85
98,510,1376,Shamela0007318,69,0,1264,665,66
98,608,837,Shamela0006547,27,896,1090,128,68
98,0,471,JK000098,417,156,567,307,83
98,1171,1330,Shamela0001402,3,119,306,111,75
98,59,438,Shamela0037325,667,1043,1364,157,50
98,608,899,Shamela0037325,697,812,1089,205,90
98,548,899,Shamela0037325,961,51,460,245,75
98,543,832,JK000166,10654,600,838,155,68
98,1171,1349,JK001503,3718,1054,1241,102,70
98,1149,1349,JK000585,4661,842,1097,158,77
98,0,344,Shamela0007350,37,1053,1414,260,90
98,1136,1349,Sham19Y0020879,225,477,705,152,82
98,59,350,Shamela0008206,697,259,524,138,56
99,1078,1296,JK000090,113,981,1234,167,84
99,0,480,Shamela0010906,3134,636,1055,328,86
99,692,802,Shamela0010906,3151,270,439,85,63
99,810,1042,Shamela0010906,3152,1233,1467,178,87
99,806,1048,JK000532,188,1124,1355,175,84
99,810,1052,Sham19Y0001994,91,518,754,177,83
99,0,676,Shamela0007318,70,477,1179,491,81
99,665,1491,Shamela0007318,71,291,1222,631,84
99,92,469,Shamela0004445,4910,955,1114,115,38
99,810,1042,Shamela0011790,519,785,1009,185,96
99,685,833,JK009158,60,440,713,95,44
99,88,496,JK000098,325,707,1133,311,91
99,692,940,Shamela0012040,291,454,804,124,37
99,276,469,JK001254,26,921,1040,94,61
99,680,1042,Sham19Y0149213,2199,81,615,268,59
99,680,940,JK000443,54,1205,1448,120,48
99,810,1042,JK000443,55,480,705,179,91
99,0,469,Shamela0037325,688,780,1188,322,86
99,1078,1329,Shamela0037325,701,757,1027,179,80
99,276,477,Shamela0022921,4,0,163,116,70
99,0,469,Shamela0022921,8,39,527,278,62
99,810,1048,Shamela0035100,3280,151,663,177,42
99,92,469,JK000766,15,15,277,100,25
99,692,845,JK001293BK1,1897,222,400,109,79
99,88,457,JK000329,16,944,1460,275,65
99,1048,1290,Shamela0007350,39,1046,1312,170,81
100,994,1417,Sham19Y0037370,176,1253,1561,226,62
100,1348,1500,JK001487,305,372,549,94,58
100,747,967,ShamAY0035960,575,1176,1411,134,60
100,788,1016,Shamela0008363,444,890,1137,115,49
100,757,974,Shamela0003055,641,612,804,132,71
100,11,308,JK000090,112,670,908,141,58
100,754,974,JK000090,113,29,216,107,56
100,62,187,JK006833,8,1374,1498,94,94
100,1348,1500,JK006833,77,410,628,115,66
100,62,215,JK006833,178,628,774,108,87
100,994,1477,Shamela0010906,3256,377,742,275,68
100,1343,1500,Rafed0000040Vols,93,803,1043,119,62
100,142,688,Shamela0010013,308,10,493,368,83
100,88,329,Shamela0007318,71,1222,1462,189,99
100,329,1339,Shamela0007318,72,0,1427,791,68
100,1343,1500,Shamela0007318,73,639,797,126,99
100,1020,1195,Shamela0002386,313,1030,1193,115,82
100,747,967,JK000097,533,438,673,134,60
100,62,215,Shamela0037325,727,1133,1282,112,92
100,703,1002,Shamela0018381,32,929,1240,166,59
100,105,703,Tafsir02102,1809,125,751,467,93
100,1020,1195,Shamela0011334,178,1125,1290,115,82
101,168,293,Sham19Y0037370,167,903,1033,99,94
101,168,308,Shamela0006947,17104,213,368,105,85
101,787,922,Shamela0011997,265,149,300,96,79
101,908,1156,Shamela0026047,437,349,699,151,52
101,922,1156,Shamela0003055,303,206,466,140,64
101,368,569,Shamela0012531,99,1237,1430,128,79
101,922,1156,JK000090,65,77,337,132,62
101,7,293,JK000090,112,1167,1346,123,52
101,1235,1369,Shamela0009270,413,835,973,92,78
101,7,293,Shamela0010906,3273,922,1110,128,55
101,7,280,JK000362,1210,925,1118,72,28
101,7,709,JK000381,1161,210,714,169,23
101,168,308,JK000381,1241,764,926,105,82
101,1116,1383,Tafsir01005,106,0,179,128,58
101,908,1156,Tafsir01005,4247,1257,1530,151,66
101,168,308,Shamela0011730,169,423,578,105,85
101,908,1147,Shamela0037458,2979,169,420,139,65
101,172,709,Shamela0012861,3,56,290,177,40
101,7,569,Shamela0007318,73,928,1445,339,67
101,563,1223,Shamela0007318,74,798,1365,414,76
101,1167,1499,Shamela0007318,75,85,642,256,55
101,902,1156,Sham19Y0145334,1789,1140,1411,182,83
101,902,1167,JK010552,460,568,862,188,79
101,181,293,JK009152,77,280,463,81,55
101,7,280,JK000101,487,624,799,72,27
101,928,1130,ShamIbadiyya0000760,52,1301,1504,103,58
101,168,293,JK001254,24,1218,1333,91,91
101,838,1167,Sham19Y0132403,24,21,359,258,93
101,168,293,Shamela0037325,696,41,171,99,94
101,922,1116,Shamela0037325,1676,781,1226,104,29
101,7,709,Shamela0011352,6,21,524,168,22
101,7,280,JK000382,542,643,850,72,25
101,181,293,Shamela0004473,3212,1334,1517,81,55
101,928,1279,Shamela0004473,15184,1160,1549,208,67
101,0,709,Shamela0018381,33,170,704,196,27
101,922,1156,Tafsir02102,1818,77,337,132,62
101,922,1167,JK000916,12635,4,261,183,88
101,922,1116,JK000585,1345,340,788,104,29
101,168,285,Shamela0007350,37,53,175,91,93
101,902,1167,Shamela0003118,3807,462,748,188,81
101,168,308,Kraken220413194135,177,1292,1446,105,85
102,112,247,Shamela0011997,265,149,300,96,79
102,233,481,Shamela0026047,437,349,699,151,52
102,247,481,Shamela0003055,303,206,466,140,64
102,247,481,JK000090,65,77,337,132,62
102,560,694,Shamela0009270,413,835,973,92,78
102,441,708,Tafsir01005,106,0,179,128,58
102,233,481,Tafsir01005,4247,1257,1530,151,66
102,233,472,Shamela0037458,2979,169,420,139,65
102,39,548,Shamela0007318,74,940,1365,306,73
102,492,1392,Shamela0007318,75,85,1438,644,57
102,227,481,Sham19Y0145334,1789,1140,1411,182,83
102,227,492,JK010552,460,568,862,188,79
102,253,455,ShamIbadiyya0000760,52,1301,1504,103,58
102,163,492,Sham19Y0132403,24,21,359,258,93
102,247,441,Shamela0037325,1676,781,1226,104,29
102,253,604,Shamela0004473,15184,1160,1549,208,67
102,247,481,Tafsir02102,1818,77,337,132,62
102,247,492,JK000916,12635,4,261,183,88
102,247,441,JK000585,1345,340,788,104,29
102,227,492,Shamela0003118,3807,462,748,188,81
102,987,1245,Shamela0008206,712,5,321,145,55
103,1145,1575,Shamela0006947,12196,568,984,338,96
103,1280,1562,ShamAY0035960,573,14,338,176,65
103,1150,1575,Shamela0003055,648,710,1056,268,76
103,1268,1557,JK000090,78,115,448,208,75
103,1150,1575,Zaydiyya0000454,91,452,873,326,93
103,1344,1567,Shamela0012861,3,541,685,98,52
103,1344,1557,Shamela0012861,8,719,862,92,51
103,0,1179,Shamela0007318,76,214,1397,948,98
103,1183,1575,Shamela0007318,79,35,428,319,99
103,1164,1557,JK000098,314,1119,1544,234,63
103,1150,1557,Shamela0012034,500,405,824,235,64
103,1280,1562,JK000097,530,850,1155,181,71
103,1150,1575,JK001254,31,1141,1487,268,76
103,1268,1557,Shamela0037325,714,1041,1374,208,75
103,1340,1575,Shamela0037325,1186,697,839,78,37
103,1324,1525,JK000382,958,1110,1232,72,41
103,505,936,Shamela0008353,8,1143,1583,327,86
103,1095,1344,Shamela0004473,7383,1276,1497,168,80
103,1344,1575,Shamela0004473,7384,0,223,179,95
103,1353,1567,Shamela0007350,44,0,244,164,82
103,1187,1575,JK000337,39,506,1002,227,54
104,262,408,Shamela0006947,9985,744,897,103,83
104,4,609,Shamela0006947,12196,984,1572,468,96
104,609,1541,Shamela0006947,12197,0,927,743,97
104,250,408,Shamela0008363,555,539,696,106,78
104,1052,1249,JK000090,113,382,598,139,77
104,749,906,Shamela0010906,3460,313,469,127,98
104,631,784,Shamela0003722,2492,290,411,65,52
104,54,195,Zaydiyya0000454,91,885,1044,114,88
104,4,723,Shamela0007318,79,428,1544,477,48
104,727,1520,Shamela0007318,80,342,1232,631,87
104,771,906,Sham19Y0145334,2251,1343,1483,109,94
104,442,684,Sham19Y0151019,45,288,906,131,26
104,250,408,JK000041,140,266,426,105,77
104,222,408,JK000094,605,729,928,134,83
104,262,408,JK000206,15,61,215,103,82
104,250,408,Shamela0037325,708,497,657,111,84
104,749,906,Shamela0037325,716,978,1140,127,95
104,1075,1261,Shamela0037325,772,1160,1345,132,85
104,749,906,JK000916,20238,257,408,118,91
104,245,408,JK001006,115,807,974,118,85
104,250,462,JK000250,31,277,483,105,56
104,24,727,Shamela0007350,44,259,901,343,50
104,250,408,JK000728,56,934,1115,103,71
104,262,454,Sham19Y0014447,38,1068,1256,108,71
105,0,569,Shamela0006947,12197,927,1525,445,92
105,569,1501,Shamela0006947,12198,0,930,725,94
105,1282,1501,Shamela0003055,606,670,896,146,74
105,1334,1501,Shamela0003055,642,372,555,105,71
105,676,1046,JK000090,114,201,527,204,64
105,1330,1501,JK000090,115,373,596,139,76
105,1295,1490,ShamAY0038316,4,1381,1553,140,88
105,1295,1501,JK000381,817,1037,1233,158,94
105,1175,1501,JK000335,9,451,885,251,69
105,1087,1501,JK000532,295,0,311,228,67
105,1334,1501,ShamAY0035652,1,1016,1192,129,86
105,0,128,Shamela0007318,80,1428,1554,100,98
105,128,1327,Shamela0007318,81,0,1479,830,64
105,1327,1501,Shamela0007318,82,0,175,141,99
105,1334,1501,JK001254,25,1126,1277,105,77
105,1334,1501,Shamela0037325,763,511,673,128,94
105,1295,1501,Shamela0011146,30,242,427,149,87
105,710,1033,Shamela0007350,45,41,390,232,77
105,1202,1501,Shamela0007350,46,0,306,227,87
106,0,590,Shamela0006947,12198,930,1514,464,96
106,590,1480,Shamela0006947,12199,0,888,696,97
106,1244,1434,Kraken220216061206,112,511,730,132,74
106,1071,1421,Zaydiyya0000462,47,590,750,118,42
106,1244,1434,Shamela0010906,3653,365,560,139,88
106,324,502,JK000698,42,1229,1464,133,70
106,0,968,Shamela0007318,82,175,1517,752,68
106,968,1480,Shamela0007318,83,0,647,398,77
106,4,519,Shamela0012293,651,376,1042,152,22
106,889,1092,JK000101,491,23,233,132,79
106,1071,1421,Zaydiyya0000474,743,61,221,118,42
106,1176,1434,Shamela0037325,773,192,522,164,62
106,850,1084,JK000382,957,363,599,147,70
106,817,1211,Shamela0035100,3812,237,572,194,59
106,804,1139,Shamela0007350,47,681,1026,223,80
107,0,555,Shamela0006947,12199,888,1452,434,95
107,560,952,ShamAY0034447,580,844,1009,111,35
107,593,869,Shamela0000736,1294,13,325,137,48
107,593,767,Shamela0008363,443,913,1083,128,90
107,593,835,JK006833,30,1203,1448,139,66
107,0,555,Shamela0007318,83,647,1409,437,71
107,555,1052,Shamela0007318,84,37,903,386,56
107,874,1466,JK000098,172,815,1462,421,82
107,623,767,Shamela0037325,733,1206,1345,109,95
107,555,1466,Tafsir02102,2679,119,819,540,73
107,589,848,JK000313,22,75,403,169,63
107,555,767,JK000329,17,40,250,135,76
108,1086,1311,ShamAY0034447,580,968,1187,154,80
108,0,602,ShamAY0034447,581,389,1065,323,49
108,959,1142,ShamAY0034447,583,77,320,120,61
108,1204,1381,Kraken220216061206,79,727,895,125,82
108,1330,1487,Shamela0007318,122,0,156,127,98
108,72,950,JK000098,173,0,875,591,81
108,866,1103,JK000839,52,968,1421,168,46
108,0,652,Tafsir02102,2679,819,1460,497,95
108,746,1487,Tafsir02102,2680,0,754,595,98
108,201,602,Shamela0007350,42,672,1146,235,58
108,668,1311,Shamela0007350,43,11,344,179,32
108,45,378,Sham19Y0020879,172,166,549,229,72
109,229,759,ShamAY0035866,9,917,1383,222,46
109,641,759,Sham19Y0016953Vols,428,35,152,83,88
109,641,759,Sham19Y0016953Vols,1352,1162,1287,83,87
109,229,759,Shamela0003055,644,1072,1415,198,44
109,229,775,JK000090,115,799,1195,189,40
109,0,137,JK000090,123,692,839,87,73
109,641,752,ShamAY0032109,28,507,620,80,92
109,1080,1500,Shamela0010906,3664,601,1112,287,70
109,486,752,Shamela0010906,3732,200,502,196,82
109,612,775,Shamela0010906,4532,831,981,98,75
109,641,759,JK000146,61,921,1070,83,73
109,659,764,JK000381,337,653,762,74,89
109,641,759,JK000381,1198,778,915,83,79
109,641,759,JK000381,1289,414,541,83,85
109,1326,1500,ShamAY0034857,104,451,645,131,82
109,0,468,Shamela0007318,84,913,1377,351,93
109,447,1500,Shamela0007318,85,165,1065,449,44
109,641,752,Shamela0008473,1952,754,886,77,77
109,641,759,Shamela0011279,20,246,366,86,89
109,641,759,Shamela0012293,594,1315,1470,83,70
109,641,759,Shamela0012293,645,1180,1317,83,79
109,641,759,JK000098,495,1135,1272,83,79
109,1321,1500,Shamela0012031,484,923,1130,141,86
109,229,759,JK001254,28,155,494,195,43
109,1270,1500,Shamela0030623Vols,412,0,263,181,87
109,27,202,Shamela0037325,790,528,911,132,42
109,196,752,Shamela0037325,801,759,1175,197,40
109,1080,1500,Shamela0035100,3681,313,853,301,70
109,641,759,JK000331,38,952,1081,83,84
109,641,759,JK000331,107,179,316,82,78
109,641,752,Shamela0004473,17331,1005,1118,81,89
109,641,759,Shamela0018381,72,676,813,83,79
109,1126,1500,JK000337,37,686,1219,287,67
110,543,712,ShamAY0035866,9,162,327,121,85
110,427,708,ShamAY0032109,25,1007,1288,202,82
110,0,193,Shamela0010906,3664,1112,1302,142,90
110,268,708,Shamela0010906,3679,459,924,301,75
110,548,724,JK009160,170,355,531,123,85
110,0,200,ShamAY0034857,104,645,850,152,94
110,0,427,Shamela0007318,85,1065,1497,242,56
110,991,1364,Shamela0007318,86,1147,1510,287,96
110,427,991,Shamela0007318,86,0,485,387,84
110,1388,1511,Shamela0007318,87,234,361,98,95
110,0,189,Kraken220413030759,1240,9,200,132,80
110,0,189,Shamela0012031,484,1130,1324,147,95
110,0,189,Shamela0030623Vols,412,263,452,149,100
110,1011,1231,Sham19Y0132403,71,343,532,124,69
110,427,605,Shamela0037325,777,1423,1603,137,85
110,605,922,Shamela0037325,778,0,166,117,45
110,446,712,Shamela0037325,2197,619,869,190,85
110,392,702,Shamela0022921,4,474,848,229,72
110,0,189,Shamela0035100,3681,853,1048,149,96
110,402,708,JK000329,15,963,1407,235,65
110,240,836,Shamela0007350,46,585,1373,412,62
110,1183,1364,Shamela0008206,855,951,1188,124,65
110,0,189,JK000337,37,1219,1411,148,97
111,0,206,JK000090,121,376,594,150,83
111,536,709,Shamela0010906,3805,818,1173,75,23
111,1261,1464,JK000381,1159,167,358,142,86
111,0,999,Shamela0007318,87,361,1515,784,84
111,999,1495,Shamela0007318,88,0,474,309,66
111,1257,1398,Shamela0018381,30,1326,1459,97,83
112,93,528,Shamela0006947,12285,1203,1628,344,97
112,528,1441,Shamela0006947,12286,0,933,656,88
112,457,1088,JK001487,282,618,1400,406,62
112,1180,1332,Shamela0003055,623,174,355,92,65
112,462,1056,Shamela0003055,649,443,1394,365,46
112,631,1102,JK000090,103,47,633,313,64
112,663,913,Shamela0012861,7,445,691,179,88
112,0,832,Shamela0007318,88,474,1517,644,76
112,832,1285,Shamela0007318,89,0,640,341,67
112,462,1285,JK000098,316,561,1387,627,95
112,1185,1332,JK001254,6,1209,1373,89,70
112,800,1102,JK001254,33,0,413,208,61
112,543,1056,Shamela0007350,48,794,1417,331,63
112,980,1441,Shamela0007350,49,0,567,224,43
112,827,1285,Sham19Y0020879,190,0,835,252,34
112,457,1097,Shamela0008206,850,121,868,409,65
113,0,483,Shamela0006947,12286,933,1415,372,94
113,483,954,Shamela0006947,12287,0,473,365,95
113,981,1189,Kraken220413194022,2998,358,546,142,84
113,673,862,JK001487,283,75,313,143,76
113,188,418,JK001487,320,993,1240,151,74
113,609,1189,ShamAY0035866,10,455,866,199,39
113,609,947,JK000090,118,47,389,192,62
113,954,1189,Shamela0009270,450,154,391,169,86
113,954,1189,JK000362,262,865,1100,165,85
113,954,1213,Shamela0027084,56,1301,1541,174,83
113,0,180,ShamAY0034574,61,544,700,120,84
113,981,1189,Shamela0005756,4513,697,891,151,90
113,954,1206,JK000532,310,223,468,181,84
113,981,1195,Shamela0012861,8,932,1136,164,95
113,184,365,Shamela0012861,18,485,668,140,96
113,184,925,Shamela0007318,89,656,1455,573,88
113,1287,1473,Shamela0007318,90,1163,1350,150,98
113,925,1283,Shamela0007318,90,0,382,216,58
113,8,208,Shamela0002170,214,830,1035,135,80
113,981,1189,JK000375,31,427,618,142,85
113,954,1433,Sham19Y0132403,108,449,883,212,53
113,641,909,Shamela0037325,846,1211,1450,151,66
113,188,357,Shamela0022921,16,306,470,120,86
113,188,365,Shamela0022921,74,172,354,131,90
113,981,1189,Shamela0009943,318,745,944,143,84
113,645,962,Shamela0007350,48,571,921,228,80
113,0,174,Shamela0007350,49,567,732,124,87
113,954,1254,Shamela0007350,50,312,611,226,91
113,954,1189,Sham19Y0020879,175,93,322,170,86
113,83,357,Sham19Y0020879,201,1087,1370,154,68
113,981,1189,JK001226,215,1201,1396,151,89
113,673,862,Shamela0008206,850,910,1157,143,74
113,981,1181,Sham19Y0016618,101,1318,1511,141,84
114,92,437,Shamela0006947,12287,122,473,267,94
114,459,667,Kraken220413194022,2998,358,546,142,84
114,156,345,JK001487,283,75,313,143,76
114,92,667,ShamAY0035866,10,455,866,199,39
114,92,430,JK000090,118,47,389,192,62
114,437,667,Shamela0009270,450,154,391,169,87
114,437,667,JK000362,262,865,1100,165,86
114,1052,1271,Sham19Y0017842,70,779,1112,150,57
114,1048,1260,Sham19Y0017842,468,805,1134,156,59
114,1298,1442,JK000381,1359,762,1000,109,55
114,1052,1316,JK000381,1370,1190,1510,162,59
114,1260,1397,JK000381,1371,26,229,107,65
114,1048,1255,JK009160,257,716,1023,155,64
114,1260,1442,JK009160,258,5,344,143,52
114,1298,1442,Shamela0011258,36,351,589,109,55
114,1125,1397,Shamela0011258,48,8,499,197,50
114,437,691,Shamela0027084,56,1301,1541,174,84
114,459,667,Shamela0005756,4513,697,891,151,90
114,437,684,JK000532,310,223,468,181,86
114,459,673,Shamela0012861,8,932,1136,164,95
114,92,408,Shamela0007318,89,1137,1455,244,96
114,408,761,Shamela0007318,90,0,382,216,59
114,765,1044,Shamela0007318,90,1163,1442,221,99
114,1048,1298,Shamela0007318,91,531,775,175,89
114,1335,1442,Shamela0007318,92,0,105,82,94
114,1052,1321,JK000098,358,1036,1509,193,51
114,1260,1442,JK000375,30,602,891,140,59
114,459,667,JK000375,31,427,618,142,85
114,437,911,Sham19Y0132403,108,449,883,212,53
114,1298,1442,Sham19Y0014088,16,1048,1290,110,56
114,1298,1442,Shamela0037325,844,798,1036,109,55
114,124,392,Shamela0037325,846,1211,1450,151,66
114,459,667,Shamela0009943,318,745,944,143,84
114,1285,1442,JK000331,84,1343,1587,115,57
114,128,445,Shamela0007350,48,571,921,228,80
114,437,732,Shamela0007350,50,312,611,226,93
114,1260,1442,Sham19Y0020879,174,268,546,120,50
114,437,667,Sham19Y0020879,175,93,322,170,88
114,459,667,JK001226,215,1201,1396,151,89
114,156,345,Shamela0008206,850,910,1157,143,74
114,459,659,Sham19Y0016618,101,1318,1511,141,84
115,936,1176,JK000764,179,1113,1369,176,86
115,1246,1536,ShamAY0035960,558,5,304,182,69
115,892,1536,Shamela0000736,724,120,850,445,73
115,1259,1536,Sham19Y0016782,413,479,750,158,64
115,219,382,Shamela0003055,643,834,999,105,75
115,250,382,Shamela0003055,694,541,700,104,81
115,151,382,JK000090,118,396,602,155,80
115,1253,1536,JK000090,139,1035,1274,154,67
115,1259,1536,Shamela0009270,416,432,726,180,69
115,0,143,JK000362,261,834,1030,102,66
115,151,382,JK000362,1210,70,334,165,70
115,6,155,JK000381,1371,325,493,93,64
115,0,151,JK009160,258,344,527,109,73
115,1287,1536,JK011712,698,966,1225,159,68
115,1283,1536,Shamela0037458,2561,1205,1438,130,55
115,0,143,ShamAY0033606,58,151,330,106,74
115,1259,1536,Shamela0012861,2,825,1060,147,64
115,0,1182,Shamela0007318,92,105,1376,789,68
115,943,1536,Shamela0007318,93,99,770,265,41
115,1259,1536,Shamela0001687,9300,744,1023,162,66
115,1271,1536,JK000097,516,29,290,174,74
115,250,382,JK001254,27,26,149,99,93
115,0,143,JK000375,30,891,1079,109,71
115,1224,1536,Shamela0030623Vols,172,1010,1357,176,59
115,978,1182,Sham19Y0132403,23,845,1063,158,90
115,784,1369,Shamela0037325,807,971,1266,140,28
115,504,665,Shamela0037325,843,0,140,110,85
115,147,382,Shamela0037325,844,487,676,139,69
115,1246,1536,JK000382,791,436,709,190,77
115,1259,1472,Shamela0009943,310,1304,1527,138,71
115,499,665,Shamela0035100,3864,1205,1351,113,84
115,1116,1536,Sham19Y0023644,5107,863,1016,101,28
115,1004,1182,Tafsir02102,1812,1305,1451,115,81
115,1283,1536,Shamela0023628,1321,170,452,171,71
115,1224,1536,Shamela0007350,62,503,843,211,72
115,219,382,Sham19Y0020879,172,540,701,127,95
115,0,143,Sham19Y0020879,174,549,738,109,70
116,0,145,Shamela0000736,724,855,988,106,91
116,0,360,Shamela0007318,93,770,1521,280,46
116,360,1405,Shamela0007318,94,0,1290,824,78
116,911,1499,Shamela0007318,95,103,310,123,25
116,0,145,Tafsir02102,1812,1132,1281,114,95
116,911,1261,JK000916,12289,950,1449,258,64
116,958,1261,Shamela0003118,3727,906,1369,222,60
117,589,1077,JK001225,1,903,1608,383,66
117,1077,1410,JK001225,2,0,403,258,80
117,1000,1410,JK000090,79,445,891,323,90
117,1227,1402,Shamela0010906,5272,220,319,75,56
117,0,532,Shamela0007318,95,310,870,423,93
117,517,1579,Shamela0007318,96,143,1099,764,88
117,1227,1402,Shamela0037325,1320,1249,1348,75,56
117,1221,1410,Shamela0035100,5813,527,664,96,65
117,589,978,Shamela0007350,50,1182,1581,265,71
117,978,1579,Shamela0007350,51,8,693,474,85
118,713,1025,Shamela0010906,4220,1220,1549,232,86
118,1025,1173,Shamela0010906,4221,0,148,108,86
118,184,333,Shamela0010906,4322,1424,1580,113,88
118,0,492,Shamela0007318,96,1099,1577,286,63
118,492,1544,Shamela0007318,97,66,1118,709,72
118,1382,1490,JK000098,309,1008,1122,87,94
118,97,343,Sham19Y0132403,52,552,851,175,71
118,217,343,Sham19Y0132403,53,0,130,100,96
118,184,338,Shamela0037325,1041,978,1141,117,88
118,731,1173,Shamela0037325,2206,12,459,334,90
118,184,338,Shamela0035100,4510,326,480,117,93
119,818,1435,Shamela0007318,97,841,1461,491,97
119,438,818,Shamela0007318,98,0,592,305,62
119,929,1037,JK000098,309,1008,1122,87,94
119,883,1389,Shamela0007350,52,17,546,322,67
120,487,748,JK000764,88,650,897,184,84
120,1226,1545,JK000764,88,683,1384,235,41
120,511,831,ShamAY0035960,573,355,741,199,55
120,1226,1545,ShamAY0035960,573,355,739,236,72
120,511,829,Shamela0003055,644,83,411,233,81
120,1226,1545,Shamela0003055,739,1119,1476,241,82
120,511,751,ShamAY0033559,13,499,725,174,88
120,1304,1545,JK000090,122,0,397,181,56
120,386,894,Shamela0010906,4427,767,1125,239,60
120,511,829,JK000362,1208,944,1324,210,60
120,1226,1545,JK000362,1208,944,1324,222,67
120,1237,1545,JK000381,688,590,927,217,75
120,1156,1545,ShamAY0032966,1,263,1122,255,35
120,401,751,ShamAY0032966,1,120,582,210,55
120,0,382,Shamela0007318,98,63,658,303,62
120,511,829,Shamela0007318,99,115,516,216,63
120,1226,1545,Shamela0007318,99,115,516,249,75
120,1226,1545,JK000101,485,721,1064,209,70
120,1226,1478,JK000097,530,1172,1487,183,67
120,511,751,JK000097,530,1172,1363,145,72
120,483,829,JK001254,27,683,1033,241,79
120,1226,1545,Shamela0011212,7,469,825,241,82
120,511,748,Shamela0037325,1036,1301,1514,172,89
120,1226,1545,Shamela0037325,1276,581,960,222,67
120,1226,1545,JK000382,541,643,1016,215,66
120,511,853,JK000382,541,643,1041,216,60
120,511,829,JK000382,957,788,1072,226,88
120,511,748,Shamela0004473,13257,415,635,169,85
120,109,596,Tafsir02102,1811,1195,1458,192,49
120,596,829,Tafsir02102,1812,0,233,188,100
120,393,824,Shamela0007350,51,771,1205,312,84
120,401,829,JK000337,40,578,1126,273,61
120,1156,1545,JK000337,40,578,1126,299,67
121,1259,1509,JK000764,91,501,644,86,42
121,1001,1340,ShamAY0035960,573,777,1136,226,68
121,990,1456,ShamAY0032109,54,828,1242,328,84
121,323,1456,Shamela0010906,4512,402,1235,646,69
121,44,243,Shamela0010013,384,215,483,143,64
121,0,346,Shamela0007318,99,516,916,246,76
121,292,1123,Shamela0007318,100,373,1479,638,72
121,1123,1509,Shamela0007318,101,0,394,317,96
121,1001,1340,JK000097,531,106,445,210,63
121,1259,1509,Shamela0037325,1099,113,256,86,42
121,356,743,Shamela0037325,1102,0,335,255,80
121,1001,1281,JK000337,40,1161,1520,220,75
122,5,310,JK000764,91,648,1088,237,65
122,151,310,ShamAY0033885,62,617,780,128,95
122,0,862,Shamela0007318,101,394,1641,679,66
122,862,1526,Shamela0007318,102,0,965,513,65
122,151,310,JK000098,413,1028,1187,131,100
122,0,310,Shamela0037325,1099,256,701,241,66
122,176,310,Shamela0009993,21,0,135,111,99
123,0,509,Shamela0007318,102,965,1467,397,98
123,509,1515,Shamela0007318,103,0,1005,812,99
123,239,1515,JK000098,239,0,1298,1010,96
123,1349,1486,Shamela0037325,844,122,313,108,69
124,629,1034,JK000090,121,749,1099,177,47
124,629,866,JK000362,1181,247,545,132,52
124,0,529,Shamela0007318,103,1005,1539,423,98
124,629,755,Shamela0007318,105,1442,1562,97,95
124,755,1533,Shamela0007318,106,0,780,626,99
124,0,258,JK000098,239,1298,1548,203,96
124,258,512,JK000098,240,2,255,201,99
124,655,870,JK000382,957,581,792,147,82
124,629,1012,Shamela0007350,50,617,1009,244,68
125,0,554,Shamela0007318,106,780,1329,432,96
125,1403,1569,Shamela0007318,107,0,158,127,94
125,251,384,Sham19Y0020879,9,687,830,91,76
126,1192,1379,Shamela0003055,654,628,803,119,71
126,0,1061,Shamela0007318,107,158,1631,840,68
126,1192,1379,JK001254,37,620,798,121,73
127,1091,1587,JK000381,1378,419,1453,347,41
127,1301,1587,Shamela0011258,56,0,653,207,38
127,0,826,Shamela0007318,107,385,1631,663,63
127,826,1629,Shamela0007318,108,0,895,632,86
127,1259,1587,Shamela0037325,1089,137,787,229,43
127,996,1629,JK000382,876,287,873,445,86
127,979,1558,Tafsir02102,1808,884,1477,458,95
127,1091,1587,Shamela0007292,161,155,1289,343,37
127,969,1629,Shamela0007350,55,901,1515,448,82
128,29,236,JK000381,1379,967,1260,162,67
128,29,236,Shamela0011258,57,154,447,162,67
128,0,668,Shamela0007318,108,895,1569,540,98
128,668,1526,Shamela0007318,109,0,1096,674,75
128,774,1379,JK000098,325,23,633,491,99
128,0,236,JK000382,876,873,1098,176,89
128,0,137,Shamela0009943,320,488,989,107,26
128,29,236,Shamela0007292,162,885,1187,153,63
128,757,1091,Shamela0007350,56,1234,1607,231,69
128,19,231,Shamela0007350,56,0,206,157,88
129,127,630,Shamela0006947,18684,1205,1518,211,52
129,192,1055,Sham19Y0014309,1953,130,1322,524,50
129,0,157,Shamela0021766,48,1063,1246,117,80
129,586,892,JK000201,1319,444,1022,145,28
129,192,586,JK000201,4280,156,547,262,73
129,207,550,Shamela0000782,247,890,1485,260,53
129,550,1055,Shamela0000782,248,0,565,288,53
129,0,163,Shamela0000782,1135,1045,1315,79,37
129,135,1055,Shamela0003055,656,0,743,552,73
129,12,958,JK000090,128,606,1514,548,62
129,1208,1455,JK000090,129,702,981,138,55
129,31,692,JK000929,208,642,1481,386,48
129,0,210,Tafsir01005,111,618,862,141,67
129,192,1055,Shamela0000894,1021,440,1358,514,59
129,297,606,Shamela0012861,8,1227,1472,188,75
129,167,1478,Shamela0007318,110,222,1509,908,78
129,207,1055,PV2024060602,6028,65,1228,548,53
129,0,163,PV2024060602,6883,248,517,79,37
129,127,357,Shamela0006547,40,890,993,75,41
129,41,843,JK000098,313,713,1421,540,84
129,12,122,JK009270,3871,1002,1112,84,96
129,157,1055,JK001254,39,0,720,535,72
129,25,163,Sham19Y0122257,3248,53,216,109,84
129,192,933,Shamela0037325,1103,467,1517,468,49
129,525,669,Shamela0037325,2600,1540,1691,88,69
129,0,163,JK007045,861,64,271,123,75
129,127,636,JK000166,10749,729,1047,214,52
129,293,729,JK000331,50,1073,1578,284,63
129,192,1055,Shamela0004473,10240,405,1457,551,58
129,7,163,Sham19Y0013769,12,861,1018,112,89
129,127,636,ShamAY0034179,270,622,940,211,51
129,293,684,ShamAY0035950,651,1058,1571,302,71
129,684,1009,ShamAY0035950,652,0,284,148,47
129,827,1055,Sham19Y0095660,2201,231,541,158,65
129,207,1009,JK000140,243,340,1440,516,53
129,0,163,JK000140,1098,516,785,79,37
129,172,406,Shamela0007350,52,1271,1554,178,76
129,410,918,Shamela0007350,53,0,402,304,72
129,127,907,JK000264,3488,754,1130,246,39
129,293,734,Sham19Y0016618,92,107,612,287,64
129,357,599,AOCP20251104005,52,85,362,182,80
130,782,913,Shamela0021766,2034,1118,1250,106,98
130,512,1198,Shamela0010906,4548,411,1130,463,74
130,70,909,Shamela0007318,111,633,1531,667,92
130,909,1561,Shamela0007318,112,0,917,403,47
130,190,435,JK000098,323,0,250,194,94
130,512,899,Shamela0037325,1113,286,644,260,79
130,181,435,Shamela0037325,1156,359,814,136,35
130,103,308,JK000382,957,1276,1447,117,65
130,516,1274,Shamela0035100,4848,295,1556,551,52
130,516,646,Shamela0004473,15342,1286,1414,102,97
130,646,1000,Shamela0004473,15343,0,350,230,70
130,74,430,Shamela0007350,53,1134,1457,209,65
131,4,461,Shamela0000736,2214,240,753,350,86
131,659,1111,JK000090,130,122,492,213,52
131,0,520,JK000090,174,562,1102,352,78
131,1204,1536,Shamela0010906,4810,478,781,208,75
131,776,953,JK000532,503,641,799,122,87
131,0,609,Shamela0007318,112,917,1527,478,98
131,634,1536,Shamela0007318,113,304,1041,584,79
131,4,500,Shamela0004445,5110,847,1473,308,61
131,4,572,Shamela0012406,3021,57,759,390,70
131,1204,1466,JK000098,332,1249,1503,201,94
131,809,1111,Shamela0037325,1186,697,937,147,58
131,809,939,JK000382,958,1117,1237,94,90
131,217,564,Sham19Y0023644,5638,916,1194,163,58
131,760,1018,Shamela0029677,557,189,474,148,60
131,760,1111,Shamela0007350,58,30,395,196,57
131,1187,1531,Shamela0007350,58,1066,1442,233,72
131,4,520,Shamela0007350,60,503,1045,350,77
131,1204,1463,Shamela0013127,1,100,394,142,53
132,995,1232,Shamela0009702,73,1146,1443,186,75
132,1257,1457,Shamela0009702,74,45,254,128,73
132,971,1250,Shamela0006739,563,1078,1398,205,78
132,1290,1457,Shamela0006739,564,0,194,119,78
132,905,1221,Shia004456Vols,2098,1194,1562,201,63
132,995,1311,Shia004456Vols,3311,986,1419,220,61
132,1083,1457,Shamela0000736,547,0,735,277,46
132,1041,1261,Shamela0006729,13,1329,1556,151,79
132,995,1358,Shia001371,71,860,1192,194,58
132,32,460,Shamela0003055,656,1319,1487,136,39
132,460,968,Shamela0003055,657,4,517,356,82
132,0,542,JK000090,100,829,1493,255,40
132,547,1358,JK000090,101,9,948,597,76
132,971,1181,Shamela0001242,761,827,1040,142,78
132,1232,1380,ShamAY0001760,108,1357,1556,83,47
132,1041,1261,Shamela0006234,26,1167,1394,151,79
132,1058,1221,Shamela0010906,4803,0,188,130,82
132,1261,1492,Shamela0010906,4804,1203,1494,152,63
132,341,896,Shamela0010906,4810,0,478,324,69
132,975,1311,Sham19Y0038093,22,826,1206,214,69
132,411,704,JK000213,234,885,1345,207,57
132,425,753,ShamAY0038316,121,36,616,207,42
132,922,1454,JK000753,128,591,1040,239,50
132,472,753,JK000381,927,0,458,153,37
132,975,1250,Shamela0038067,70,821,1184,215,72
132,975,1358,Shamela0027084,304,426,1279,286,41
132,960,1380,Shamela0012860,172,121,726,240,47
132,971,1221,JK000532,503,1230,1496,181,82
132,971,1475,Shamela0029741,33,230,1152,369,49
132,971,1492,Sham19Y0001994,278,348,1149,294,43
132,995,1254,JK000911,2687,722,1034,193,73
132,322,1475,Shamela0012861,14,51,949,559,57
132,0,306,Shamela0007318,113,1041,1348,241,99
132,317,1499,Shamela0007318,114,230,1416,946,99
132,1018,1358,Sham19Y0145334,2339,0,782,263,41
132,960,1486,Shamela0004445,5169,328,1115,280,42
132,975,1221,Sham19Y0151019,63,698,975,199,86
132,971,1221,Shamela0011790,583,39,310,172,75
132,986,1358,Shamela0012406,3119,663,1169,165,34
132,0,975,JK000098,333,70,1064,733,89
132,1290,1454,JK000952,1621,1062,1230,120,86
132,999,1250,JK000952,1621,69,384,199,75
132,389,905,Shamela0026464,10,410,1390,352,45
132,971,1221,Shamela0012040,655,1115,1397,189,78
132,0,534,JK001254,39,868,1495,264,47
132,534,968,JK001254,40,0,402,301,86
132,995,1221,JK001330,655,803,1143,170,60
132,971,1454,JK000443,110,564,1281,284,44
132,398,882,Shamela0030623Vols,507,627,1469,324,46
132,411,896,Shamela0037325,717,392,1223,339,50
132,322,896,Shamela0037325,1205,851,1338,343,71
132,971,1492,Shamela0036357,1774,105,588,254,48
132,960,1254,Sham19Y0026523,2278,492,837,205,71
132,322,656,Shamela0022921,4,1069,1517,199,51
132,573,896,Shamela0022921,5,26,558,226,51
132,975,1221,ShamAY0035792,155,498,825,191,70
132,975,1221,Shamela0035100,5189,1112,1371,180,84
132,1261,1492,Shamela0035100,5190,657,1085,129,34
132,995,1470,Shamela0006741,10,407,1340,350,46
132,975,1159,Shamela0096165,1263,1294,1517,146,81
132,968,1221,Sham19Y0145435,18,230,531,186,73
132,995,1250,JK000916,20522,677,1006,196,72
132,1250,1454,JK000916,20525,377,667,147,64
132,975,1495,Shamela0007350,59,269,816,385,82
132,596,968,Shamela0007350,60,0,342,251,83
132,995,1250,Shamela0003118,5917,1108,1434,198,73
132,1295,1465,Shamela0003118,5918,1328,1485,98,70
132,971,1457,Shamela0009788,1770,395,1206,350,51
132,971,1499,JK003609,466,581,1287,300,47
133,469,701,ShamAY0035960,564,239,488,151,69
133,507,701,ShamAY0033885,10,0,185,120,70
133,1239,1378,Shamela0003055,605,1321,1540,90,50
133,525,1334,Shamela0003055,657,738,1490,325,39
133,1062,1418,JK000090,82,1121,1572,177,40
133,469,844,JK000090,98,998,1401,221,65
133,124,437,JK000090,128,225,602,210,67
133,380,701,JK000090,130,962,1227,135,51
133,1234,1378,ShamAY0038316,4,795,1024,96,52
133,712,919,Shamela0010013,386,555,1106,124,27
133,1234,1378,JK000381,817,506,735,96,52
133,489,684,JK000381,1370,532,729,129,74
133,489,684,Shamela0011258,47,768,966,129,74
133,477,701,ShamAY0033606,56,403,639,133,64
133,1239,1378,JK000335,8,808,1047,99,53
133,482,664,JK000532,516,1006,1251,96,41
133,1244,1384,JK000532,575,239,379,110,100
133,1225,1499,Shamela0012861,13,845,1110,196,89
133,79,1476,Shamela0007318,115,0,1518,1102,89
133,489,701,Shia002093,67,1206,1416,140,76
133,943,1313,JK000098,335,1164,1530,275,88
133,1313,1507,JK000098,336,0,201,154,95
133,469,701,JK000097,522,22,270,151,69
133,525,1384,JK001254,40,576,1472,370,39
133,1062,1491,Shamela0037325,1182,950,1606,234,38
133,537,738,JK000382,958,1243,1440,126,71
133,494,664,Shamela0035100,5255,82,313,85,38
133,462,701,Shamela0009642,33,1038,1280,143,66
133,462,674,Sham19Y0023644,7112,377,535,111,65
133,1244,1384,Shamela0004473,12609,1256,1396,109,99
133,919,1499,Shamela0007350,57,118,611,347,71
133,482,744,Shamela0007350,58,445,716,201,92
133,462,701,JK000337,41,141,402,155,69
134,559,875,Shamela0009702,606,312,634,172,51
134,559,909,JK000195,14,215,542,171,47
134,0,539,Shamela0008363,474,999,1496,339,70
134,1196,1597,Sham19Y0038155,6,935,1287,280,86
134,0,280,Shamela0003055,658,409,799,152,45
134,307,431,Shamela0003055,659,464,588,103,100
134,0,280,JK000090,83,228,600,153,50
134,307,463,JK000090,84,1202,1410,129,75
134,1196,1597,ShamAY0032109,52,128,586,321,86
134,1134,1597,JK001143,70,874,1413,363,82
134,909,1304,Shamela0010906,4498,1103,1515,224,64
134,1304,1597,Shamela0010906,4499,0,351,235,83
134,504,875,Shamela0010906,4771,52,309,156,50
134,1056,1597,JK000213,400,452,996,339,70
134,1124,1597,JK000795,1,41,704,367,69
134,1403,1575,JK000795,7,1436,1613,136,94
134,1300,1557,JK000795,23,371,750,164,48
134,574,875,Shamela0012860,152,0,329,147,43
134,559,875,Shamela0001031,43,896,1234,165,47
134,0,597,Shamela0012861,13,1117,1551,299,61
134,0,925,Shamela0007318,116,32,949,744,97
134,919,1106,Shamela0007318,116,1420,1604,143,91
134,1106,1597,Shamela0007318,117,0,493,393,99
134,1196,1594,JK009158,750,980,1437,316,86
134,960,1597,JK000098,323,818,1451,504,97
134,0,925,JK000098,336,201,1061,673,85
134,0,280,JK001254,41,283,613,156,54
134,307,431,JK001254,42,228,352,103,100
134,1196,1300,Sham19Y0014592,84,10,114,81,98
134,0,280,Shamela0037325,1183,84,458,153,49
134,307,463,Shamela0037325,1184,1042,1249,128,74
134,1196,1525,Shamela0037325,1242,1167,1529,242,77
134,559,875,Shamela0035100,5146,1038,1234,144,54
134,559,800,Shamela0009091,583,770,1069,110,39
134,0,866,Shamela0007350,57,618,1521,589,72
134,1196,1407,Shamela0007350,61,1041,1313,166,75
134,925,1485,Shamela0007350,68,781,1457,282,44
134,1485,1597,Shamela0007350,69,0,113,86,96
134,559,875,JK003609,1718,1225,1409,140,53
135,1077,1242,JK000298,752,0,166,127,95
135,7,170,Sham19Y0038155,6,1346,1510,130,96
135,170,1238,Sham19Y0038155,7,0,1067,840,97
135,7,915,ShamAY0032109,52,645,1552,718,97
135,915,1238,ShamAY0032109,53,0,321,256,98
135,50,1242,JK001143,71,0,1552,924,73
135,7,1157,Shamela0010906,4499,410,1552,911,98
135,7,459,JK000213,400,1055,1507,355,96
135,459,1433,JK000213,401,0,931,690,85
135,1077,1238,Shamela0026842,13,666,827,128,100
135,12,427,JK000795,1,786,1245,327,88
135,427,1433,JK000795,2,107,1272,696,70
135,1077,1183,JK000795,3,474,583,85,97
135,12,218,JK000795,8,1206,1421,166,95
135,166,590,JK000795,9,712,1041,78,23
135,813,1077,JK000795,10,21,296,209,93
135,646,787,JK000795,11,353,868,112,27
135,1077,1183,JK000795,20,1217,1326,85,97
135,1077,1183,JK000795,21,423,560,82,74
135,1077,1190,JK000795,22,1178,1367,85,57
135,7,869,JK000795,23,800,1128,176,23
135,921,1441,JK000795,24,897,1264,153,33
135,646,921,JK000795,24,0,225,171,76
135,0,1057,Shamela0007318,117,493,1544,848,99
135,1057,1538,Shamela0007318,118,0,488,384,98
135,21,1448,JK009158,751,0,1381,1030,87
135,0,115,JK000098,323,1451,1565,92,99
135,115,1536,JK000098,324,0,1458,1136,96
135,1077,1238,Sham19Y0014592,84,114,275,128,100
135,1077,1238,Shamela0037325,1242,541,702,128,100
135,7,1429,Shamela0037325,1243,132,1509,1034,87
135,813,974,Sham19Y0026523,3757,846,1007,129,99
135,1077,1238,Shamela0023798,471,711,872,128,100
135,1077,1238,Shamela0010717,27,517,678,126,98
135,7,211,Shamela0007350,61,1356,1502,114,70
135,1328,1433,Shamela0007350,62,9,149,82,75
135,7,1238,Shamela0007350,69,172,1412,969,96
136,875,1077,JK000764,180,0,207,146,87
136,1350,1541,Shamela0000736,342,0,277,144,64
136,803,1067,JK000090,139,774,972,131,61
136,202,1157,JK000090,144,0,734,357,37
136,509,650,JK000381,1168,716,1113,107,32
136,1334,1541,Shamela0001000,1125,1136,1414,146,62
136,0,1031,Shamela0007318,118,488,1554,811,90
136,1031,1587,Shamela0007318,119,0,673,334,51
136,1311,1541,Shamela0012546,21,183,555,170,57
136,770,1059,Shamela0037325,1140,416,733,220,86
136,15,655,JK000382,958,142,989,458,66
136,1365,1541,Shamela0035100,5035,992,1166,117,75
136,1280,1587,Shamela0004473,15340,9,516,231,56
136,803,1053,Shamela0007350,1,1048,1237,125,60
136,15,1148,Shamela0007350,56,212,1169,478,40
136,1350,1541,JK001226,216,48,284,122,60
137,957,1352,Shamela0006947,12287,473,856,305,96
137,328,715,Shamela0010906,4878,1182,1563,221,59
137,808,957,Shamela0010013,386,1106,1239,105,81
137,452,670,JK000532,520,236,429,156,88
137,528,670,Sham19Y0001994,285,672,813,114,99
137,0,764,Shamela0007318,119,673,1585,506,61
137,957,1190,Shamela0007318,120,1364,1591,182,97
137,764,957,Shamela0007318,120,0,193,155,99
137,1190,1543,Shamela0007318,121,0,485,272,69
137,463,711,Shamela0037325,1241,299,517,176,87
137,0,297,Shamela0004473,15340,516,813,243,100
138,319,714,Kraken220413194022,317,634,1023,217,60
138,241,543,JK000126,1,56,718,156,28
138,543,1033,JK000126,2,396,1423,370,44
138,312,764,Shamela0003055,659,1138,1665,343,80
138,764,1157,Shamela0003055,660,4,395,310,98
138,421,1147,JK000090,131,0,722,557,95
138,543,714,JK001414,306,26,216,137,89
138,347,514,AOCP20251104106,117,860,1275,122,37
138,543,714,AOCP20251104106,118,862,1057,132,83
138,784,1061,AOCP20251104106,119,0,708,198,34
138,534,714,JK000146,86,786,982,137,85
138,478,598,JK000146,87,958,1150,51,29
138,319,714,JK000381,4017,540,937,215,59
138,319,710,Shamela0011730,395,401,794,212,58
138,0,230,Shamela0007318,121,485,715,177,97
138,222,509,Shamela0007318,122,1284,1576,222,91
138,509,1516,Shamela0007318,123,0,1006,798,98
138,635,1147,JK000098,330,993,1500,404,98
138,241,955,JK001254,42,898,1628,491,77
138,955,1157,JK001254,43,0,200,160,98
138,554,714,Sham19Y0014088,10,203,383,128,88
138,757,1033,Sham19Y0014088,23,155,560,201,62
138,875,1033,Shamela0037325,1250,690,866,115,81
138,399,714,Shamela0037325,1251,0,318,168,59
138,319,543,Kraken22021606122501,10,566,1245,159,29
138,543,879,Kraken22021606122501,11,760,1486,257,44
138,547,714,Shamela0004473,3211,1152,1339,131,87
138,547,666,JK009286,185,814,934,94,96
138,543,666,JK009143,429,1195,1319,97,96
138,280,631,Shamela0007350,60,1123,1479,257,83
138,631,1304,Shamela0007350,61,0,680,501,87
138,241,543,Shamela0009568,1,56,719,160,28
138,691,1033,Shamela0009568,2,866,1463,244,50
138,543,714,Shamela0009568,2,409,600,134,87
138,222,543,Shamela0021537,393,476,1140,171,30
138,543,879,Shamela0021537,394,680,1404,258,44
138,884,1061,Shamela0021537,395,0,483,143,36
139,256,889,Shamela0006947,12287,852,1516,483,87
139,889,1523,Shamela0006947,12288,0,648,503,96
139,521,712,Shamela0006947,12291,7,330,128,47
139,303,1467,Shamela0006947,17134,90,1215,763,75
139,482,872,Kraken220413194022,2533,792,1481,281,50
139,1130,1341,Kraken220413194022,2536,0,400,162,51
139,507,643,JK000342,6,425,567,100,87
139,347,730,Shamela0021766,2035,0,306,245,78
139,482,704,ShamAY0035960,566,1089,1497,164,50
139,424,726,JK000365,766,1057,1531,195,49
139,495,1043,Shamela0003055,319,173,1211,403,48
139,1089,1341,Shamela0003055,321,924,1413,195,50
139,256,1262,Shamela0003055,661,695,1512,588,67
139,1262,1523,Shamela0003055,662,0,245,178,79
139,507,712,Shamela0003055,666,1094,1479,138,46
139,1112,1341,Shamela0003055,667,904,1361,148,41
139,696,1152,Shamela0003055,667,0,633,183,32
139,1214,1481,Shamela0003055,692,28,265,140,62
139,513,1043,Shamela0003055,3557,0,1020,400,49
139,1074,1341,Shamela0003055,3559,765,1276,199,49
139,495,943,Hindawi031861395,234,712,1490,331,52
139,507,726,Tafsir07055,3403,445,923,156,41
139,303,726,Tafsir07055,3410,114,698,215,39
139,457,647,JK000090,158,1204,1426,125,71
139,507,726,Shamela0012398,575,687,1181,158,40
139,1117,1341,Shamela0012398,576,34,414,142,48
139,1130,1345,AOCP20251104139,8,635,901,118,51
139,482,1079,Sham19Y0017581,132,407,1392,437,55
139,1074,1341,Sham19Y0017581,134,1088,1548,203,55
139,507,993,Sham19Y0017581,383,424,1364,301,38
139,1120,1352,Sham19Y0017581,386,19,293,125,52
139,634,1043,JK001414,2495,64,737,296,54
139,1074,1341,JK001414,2497,495,980,196,50
139,507,925,JK001414,2736,647,1447,241,36
139,1120,1341,JK001414,2739,454,730,119,49
139,1130,1352,AOCP20251104106,65,1258,1534,116,49
139,1089,1432,JK000362,260,866,1386,223,50
139,1001,1341,JK000362,1326,820,1183,141,42
139,507,712,JK000362,1326,311,669,138,49
139,634,993,Rafed0000040Vols,116,215,907,213,36
139,1221,1352,Rafed0000040Vols,119,282,429,92,80
139,303,797,JK000381,1185,754,1585,349,49
139,797,1249,JK000381,1186,0,434,182,43
139,1120,1467,JK000381,1186,926,1498,218,47
139,1221,1352,JK000381,1188,995,1128,92,88
139,424,1467,JK000381,1242,10,1005,701,77
139,513,1089,JK000381,2245,6,571,237,35
139,1224,1341,JK000113,17,1359,1494,90,84
139,1089,1341,JK000113,42,890,1366,199,52
139,303,846,Shamela0011730,169,1033,1507,332,70
139,846,1467,Shamela0011730,170,0,637,457,85
139,331,993,Shamela0011353,14,601,1556,417,50
139,1074,1341,Shamela0011353,16,1169,1538,154,52
139,331,726,Shamela0012094,47,1062,1562,211,46
139,683,1043,Shamela0012094,48,11,565,253,56
139,1074,1341,Shamela0012094,50,267,774,199,49
139,303,864,JK000083,11,822,1567,322,46
139,864,1079,JK000083,12,0,288,148,63
139,1074,1341,JK000083,14,0,470,203,54
139,303,726,Shamela0012861,13,33,312,205,57
139,507,1026,Shamela0030312,53,484,1412,291,38
139,1130,1341,Shamela0030312,54,880,1137,108,48
139,0,557,Shamela0007318,123,1006,1567,446,96
139,557,1523,Shamela0007318,124,0,999,766,96
139,507,712,Shamela0007318,128,0,339,138,49
139,365,1249,JK000098,631,0,1206,483,42
139,1120,1467,JK000098,632,95,639,218,49
139,507,726,JK000098,633,435,897,149,40
139,1221,1352,JK000098,634,248,389,92,84
139,331,643,Shamela0012034,95,1214,1464,149,57
139,643,1079,Shamela0012034,96,6,669,313,58
139,1074,1341,Shamela0012034,98,353,836,199,51
139,1117,1352,Shamela0012034,639,442,831,145,48
139,482,1054,Shamela0037614,146,515,1488,421,53
139,1074,1253,Shamela0037614,148,1344,1554,118,70
139,1214,1341,Shamela0037614,149,105,243,99,91
139,482,726,JK000097,524,832,1240,163,47
139,256,1308,JK001254,44,501,1322,628,72
139,634,1152,JK001254,49,123,872,249,38
139,1089,1330,JK000375,29,1120,1445,136,52
139,303,797,Shamela0037325,1259,754,1585,349,49
139,1120,1467,Shamela0037325,1260,928,1501,218,47
139,797,1249,Shamela0037325,1260,0,435,182,43
139,1221,1352,Shamela0037325,1262,1067,1200,92,88
139,482,1089,JK000382,325,559,1404,330,43
139,1089,1454,JK000382,326,499,1156,238,45
139,482,943,JK000382,530,646,1458,337,51
139,1214,1341,JK000382,533,84,214,98,95
139,362,1089,Shamela0009943,196,20,1111,459,48
139,1125,1454,Shamela0009943,197,175,676,192,46
139,507,712,Shamela0009943,367,499,954,142,40
139,557,993,Shamela0006549,105,3,882,264,36
139,1130,1352,Shamela0006549,107,1057,1334,118,49
139,507,993,Shamela0004473,2694,16,983,310,38
139,1221,1352,Shamela0004473,2697,31,178,92,80
139,256,1277,Shamela0004473,7384,267,894,495,59
139,256,749,Shamela0018381,58,867,1578,311,52
139,726,1249,Shamela0018381,59,120,667,238,40
139,1120,1352,Shamela0018381,59,1169,1403,132,66
139,507,749,Shamela0018381,61,0,520,164,40
139,507,726,JK010001,3314,899,1360,137,36
139,303,726,JK010001,3321,466,1028,199,38
139,50,215,Shamela0007350,62,1038,1189,105,79
139,230,1523,Shamela0007350,63,140,1477,910,78
139,507,730,Shamela0007350,66,1049,1495,157,44
139,472,1089,Sham19Y0020587,63,425,1118,273,36
139,616,767,Shamela0021537,1176,0,386,87,29
139,303,1421,Kraken220413194135,178,463,1554,754,77
140,140,1530,Shamela0007664,98,70,854,317,24
140,0,841,Shamela0006947,12288,648,1505,660,95
140,841,1530,Shamela0006947,12289,0,581,403,65
140,66,314,Shamela0006947,17134,1223,1495,180,80
140,314,1530,Shamela0006947,17135,0,1024,740,70
140,728,1396,JK000342,36,638,1497,464,65
140,1396,1530,JK000342,37,33,230,109,68
140,0,751,ShamAY0035960,566,375,1478,328,31
140,645,886,ShamAY0035960,573,1271,1538,172,76
140,886,1530,ShamAY0035960,574,0,792,493,76
140,1304,1530,Shamela0008363,382,841,1077,105,43
140,11,751,Shamela0003055,662,233,1020,386,51
140,314,1519,Shamela0003055,663,45,1439,761,59
140,416,801,Tafsir07055,3403,1152,1419,158,44
140,801,1530,Tafsir07055,3404,0,776,317,36
140,641,939,JK000090,156,1255,1588,225,81
140,939,1530,JK000090,157,0,732,463,77
140,77,431,JK000090,159,673,1455,259,41
140,658,1369,JK000362,1178,599,1546,546,70
140,1369,1530,JK000362,1179,0,253,122,59
140,658,1396,Rafed0000040Vols,559,274,1345,557,64
140,641,1029,JK000381,689,1209,1606,282,81
140,1127,1530,JK000381,690,0,358,233,62
140,113,442,JK000381,1187,0,525,208,45
140,658,1530,JK000381,1189,10,1164,652,69
140,66,745,JK000381,1242,1013,1490,339,58
140,745,1530,JK000381,1243,0,782,582,87
140,66,1133,Shamela0011730,170,645,1488,608,67
140,1133,1530,Shamela0011730,171,0,401,309,93
140,0,480,Shamela0007318,124,999,1496,378,94
140,480,1530,Shamela0007318,125,0,1067,838,96
140,658,1530,JK000101,464,51,1196,638,68
140,1244,1390,JK000101,481,261,421,119,91
140,595,977,JK000098,310,1090,1508,300,89
140,977,1530,JK000098,311,0,569,445,96
140,77,442,JK000098,632,674,1271,233,45
140,641,1215,JK000098,634,669,1457,432,66
140,1215,1396,JK000098,635,4,188,136,85
140,81,357,Shamela0037614,109,135,693,210,46
140,0,751,JK000097,524,136,1202,326,32
140,645,1450,JK000097,531,580,1524,609,78
140,314,1165,JK001254,45,556,1542,545,61
140,1244,1519,JK001254,46,0,274,223,99
140,1244,1396,Sham19Y0132403,72,472,628,121,94
140,113,442,Shamela0037325,1261,0,544,208,44
140,641,1530,Shamela0037325,1263,40,1217,664,68
140,81,357,JK000382,328,110,639,210,49
140,654,1530,JK000382,524,614,1447,478,55
140,81,357,JK000382,535,902,1426,214,50
140,641,806,JK000382,653,706,917,124,73
140,654,1293,JK000382,874,435,1090,402,66
140,1396,1530,JK000382,963,66,230,103,76
140,595,1530,Shamela0008353,182,256,964,507,63
140,595,751,Shamela0004473,2688,908,1064,125,100
140,590,806,Shamela0004473,7384,901,1116,168,96
140,77,442,Shamela0018381,60,167,836,231,42
140,595,1423,Shamela0018381,62,365,1510,584,61
140,638,1345,Tafsir02102,1813,789,1398,367,54
140,1205,1530,Tafsir02102,1814,0,419,243,69
140,416,1530,JK010001,3315,21,1095,468,37
140,81,357,JK010001,3322,83,351,157,65
140,22,1530,Shamela0007350,64,0,1485,1059,80
140,77,1530,Kraken220413194135,179,47,1300,898,71
141,0,336,Shamela0007664,98,854,1315,235,61
141,134,336,Shamela0007664,157,289,627,130,44
141,0,966,Shamela0006947,12289,581,1541,773,99
141,966,1563,Shamela0006947,12290,0,601,483,98
141,0,439,Shamela0006947,17135,1024,1431,226,60
141,0,336,JK000342,37,230,775,230,51
141,0,336,ShamAY0035960,574,792,1298,232,54
141,0,326,Shamela0008363,382,1077,1464,196,57
141,5,171,Shamela0003055,663,1439,1565,101,75
141,171,533,Shamela0003055,664,0,415,275,81
141,1369,1563,Shamela0003055,665,1365,1556,152,95
141,0,336,Tafsir07055,3404,776,1250,208,49
141,0,370,JK000090,157,732,1128,271,80
141,0,336,JK000362,1179,253,740,230,56
141,0,235,JK000381,1189,1164,1414,153,73
141,0,439,JK000381,1243,782,1258,273,70
141,0,439,Shamela0011730,171,401,808,224,60
141,1369,1530,Shamela0012860,162,277,468,118,72
141,0,488,Shamela0007318,125,1067,1563,393,97
141,488,1325,Shamela0007318,126,567,1544,675,85
141,1325,1563,Shamela0007318,127,0,568,193,41
141,0,488,JK000098,311,569,1041,374,93
141,15,336,JK006834,10,328,769,150,39
141,0,336,JK000097,532,94,600,232,54
141,673,801,AOCP20251104002,4,493,636,101,89
141,5,533,JK001254,46,274,816,376,79
141,1369,1563,JK001254,48,102,293,152,95
141,0,230,Shamela0037325,1263,1217,1462,149,72
141,542,801,JK000382,536,836,1084,121,51
141,488,936,JK000382,789,162,673,251,52
141,1369,1530,Shamela0035100,5439,936,1130,116,70
141,0,370,Shamela0008353,182,964,1372,267,76
141,266,1519,Shamela0004473,2688,1006,1494,309,29
141,266,804,Shamela0004473,7384,1001,1544,357,78
141,804,1006,Shamela0004473,7385,0,206,130,74
141,0,336,Shamela0018381,63,154,655,225,54
141,0,336,Tafsir02102,1814,419,914,228,54
141,0,284,JK010001,3315,1095,1494,174,47
141,24,524,Shamela0007350,41,1155,1556,297,70
141,53,1559,Shamela0007350,65,0,1527,1032,75
141,0,235,Kraken220413194135,179,1300,1563,170,76
142,465,1372,Shamela0007664,86,569,1304,435,50
142,465,968,Shamela0006947,5553,1032,1545,412,95
142,974,1320,Shamela0006947,12287,1099,1306,140,49
142,0,980,Shamela0006947,12290,601,1626,799,94
142,980,1555,Shamela0006947,12291,0,587,437,92
142,465,1082,Shamela0006947,17136,23,681,497,91
142,987,1418,Kraken220413194022,2533,842,1282,292,74
142,39,367,Kraken220413194022,2768,922,1329,251,75
142,465,1363,Kraken220413194022,2770,531,1487,628,78
142,646,1307,JK000342,6,13,810,453,67
142,974,1320,Shamela0021766,2035,93,292,138,49
142,465,813,JK000923,27,1117,1467,228,70
142,465,1300,JK000923,28,305,1189,483,55
142,987,1307,ShamAY0035960,566,1140,1485,243,88
142,987,1363,JK000365,766,1168,1557,249,71
142,474,974,Sham19Y0016953Vols,1664,981,1450,305,64
142,987,1401,Shamela0003055,319,199,694,276,67
142,974,1372,Shamela0003055,661,898,1165,156,43
142,987,1546,Shamela0003055,662,813,1494,255,40
142,76,1385,Shamela0003055,666,0,1594,1037,80
142,1385,1529,Shamela0003055,667,0,571,112,24
142,987,1401,Shamela0003055,3557,8,491,271,67
142,987,1418,Hindawi031861395,234,734,1187,296,76
142,614,1414,Tafsir07055,3403,0,1001,573,71
142,987,1372,Tafsir07055,3410,313,726,260,72
142,0,448,JK000090,151,114,683,323,65
142,465,1320,JK000090,152,618,1576,687,87
142,987,1222,JK000090,158,1297,1559,184,88
142,1222,1546,JK000090,159,0,512,189,43
142,465,1465,Shamela0012398,575,90,1328,735,73
142,27,1334,AOCP20251104139,7,48,1646,791,51
142,987,1418,Sham19Y0017581,132,458,904,294,74
142,39,367,Sham19Y0017581,381,139,549,256,76
142,465,609,Sham19Y0017581,382,1430,1573,120,95
142,609,1465,Sham19Y0017581,383,0,965,663,84
142,987,1189,JK001414,2494,1297,1518,145,78
142,1182,1414,JK001414,2495,6,239,138,64
142,39,367,JK001414,2734,233,634,254,77
142,465,1469,JK001414,2736,80,1242,770,81
142,595,801,Sham19Y0014579,866,778,1008,166,88
142,595,806,Sham19Y0014579,1210,103,337,166,86
142,465,928,AOCP20251104106,62,1101,1635,359,79
142,928,1465,AOCP20251104106,63,0,606,399,81
142,483,983,JK000362,862,737,1211,317,69
142,465,722,JK000362,1325,1376,1632,212,97
142,722,1414,JK000362,1326,0,841,526,77
142,581,1085,Rafed0000040Vols,115,979,1595,385,76
142,1085,1451,Rafed0000040Vols,116,0,484,250,66
142,670,968,Rafed0000040Vols,275,0,392,231,72
142,465,968,Rafed0000040Vols,283,221,828,338,66
142,1240,1414,Rafed0000040Vols,283,1291,1511,119,68
142,1230,1414,Rafed0000040Vols,318,1001,1233,124,67
142,0,1300,JK000381,689,583,1328,381,35
142,987,1418,JK000381,1185,1018,1460,288,73
142,465,1222,JK000381,1187,706,1546,507,67
142,1222,1451,JK000381,1188,0,284,164,73
142,465,1300,JK000381,1216,384,1283,577,72
142,465,636,JK000381,1243,1411,1581,139,91
142,636,1082,JK000381,1244,0,469,342,85
142,987,1418,JK000381,2245,14,412,263,71
142,492,909,JK000381,3932,268,635,243,64
142,474,974,JK000381,4173,690,1184,312,67
142,968,1355,Shamela0011730,169,1206,1479,153,42
142,465,1082,Shamela0011730,171,957,1611,491,89
142,987,1401,Shamela0011353,14,729,1167,277,72
142,630,949,Shamela0011353,138,338,669,180,56
142,987,1372,Shamela0012094,47,1190,1601,255,70
142,968,1437,Shamela0000894,94,792,1099,169,40
142,987,1244,Sham19Y0132973,663,685,1045,181,63
142,987,1418,JK000083,11,927,1366,293,77
142,465,909,Shamela0030312,52,1065,1537,362,91
142,909,1465,Shamela0030312,53,8,1045,413,50
142,1025,1320,Shamela0007318,124,0,154,106,44
142,0,974,Shamela0007318,127,568,1612,795,92
142,974,1555,Shamela0007318,128,0,574,451,97
142,465,874,Shamela0012293,619,328,805,289,70
142,39,346,ShamAY0035651,4,893,1286,234,72
142,968,1414,JK000101,42,1083,1377,162,40
142,987,1418,JK000098,631,187,641,282,70
142,578,1451,JK000098,633,0,1020,590,68
142,987,1249,Shamela0012034,95,1342,1621,191,84
142,1249,1418,Shamela0012034,96,0,166,100,61
142,465,1273,Shamela0012034,638,726,1620,557,71
142,1273,1465,Shamela0012034,639,0,234,142,77
142,987,1418,Shamela0037614,146,560,1013,296,76
142,987,1418,JK000097,524,883,1303,284,75
142,974,1376,JK001254,44,704,952,159,46
142,1260,1546,JK001254,45,54,497,166,43
142,0,1143,JK001254,48,293,1633,919,83
142,1143,1529,JK001254,49,23,810,302,48
142,987,1418,Shamela0037325,1259,1018,1460,288,73
142,465,1165,Shamela0037325,1261,725,1492,488,73
142,1175,1451,Shamela0037325,1262,0,319,189,72
142,465,801,Shamela0037325,1271,906,1307,260,76
142,987,1418,JK000382,325,610,983,229,56
142,465,1372,JK000382,344,484,1513,696,81
142,465,968,JK000382,520,1044,1594,388,82
142,968,1465,JK000382,521,0,614,360,73
142,987,1418,JK000382,530,697,1161,294,72
142,0,766,JK000382,789,914,1560,459,68
142,766,968,JK000382,790,0,237,163,83
142,581,840,Shamela0009943,195,1308,1598,191,78
142,987,1334,Shamela0009943,196,205,699,247,61
142,531,1465,Shamela0009943,367,0,1073,654,73
142,465,899,Shamela0008353,19,1225,1666,355,96
142,511,968,Shamela0008353,63,0,523,367,85
142,465,968,JK000906,106,521,1100,400,82
142,39,448,Shamela0006549,100,679,1176,323,80
142,465,1022,Shamela0006549,104,995,1615,453,87
142,1022,1465,Shamela0006549,105,0,482,316,81
142,1233,1490,JK000331,54,882,1095,98,48
142,39,327,Shamela0004473,2687,630,987,219,74
142,465,939,Shamela0004473,2693,1038,1594,350,73
142,968,1465,Shamela0004473,2694,10,584,346,75
142,974,1320,Shamela0004473,7384,505,708,135,47
142,0,346,Shamela0004473,7385,188,427,183,65
142,968,1372,Shamela0004473,7385,438,597,123,38
142,987,1372,Shamela0018381,58,1172,1587,254,67
142,465,944,Shamela0018381,60,1017,1602,350,69
142,974,1451,Shamela0018381,61,0,642,338,66
142,465,1300,Tafsir02102,1813,372,914,320,44
142,537,712,Rafed0003376Vols,1314,0,187,130,82
142,465,1414,JK010001,3314,322,1387,638,68
142,987,1372,JK010001,3321,657,1059,241,66
142,968,1320,Shamela0007350,63,349,570,145,49
142,52,1465,Shamela0007350,66,0,1580,1099,84
142,987,1334,Sham19Y0020587,63,487,982,246,61
142,1089,1418,Shamela0021537,1176,6,278,186,67
142,465,1082,Kraken220413194135,180,297,948,474,87
143,0,907,Shamela0006947,12291,587,1504,732,98
143,907,1084,Shamela0006947,12292,0,177,146,100
143,0,251,Shamela0003055,667,816,1487,187,35
143,251,421,Shamela0003055,668,0,173,137,96
143,922,1096,Shamela0003055,668,200,390,132,80
143,1215,1560,JK000022,3909,1136,1508,221,69
143,209,421,Sham19Y0017581,387,127,410,166,70
143,209,421,JK001414,2740,604,850,163,78
143,506,637,AOCP20251104106,197,684,947,103,47
143,101,304,JK000381,1188,1051,1233,119,69
143,101,405,Shamela0030312,54,1073,1512,125,33
143,0,829,Shamela0007318,128,574,1513,658,86
143,1228,1560,Shamela0007318,129,792,1165,254,85
143,829,1084,Shamela0007318,129,0,254,207,98
143,101,304,JK000098,634,310,500,119,69
143,101,421,JK001254,50,15,349,248,92
143,101,304,Shamela0037325,1262,1123,1305,119,69
143,266,651,JK000382,790,256,698,271,74
143,209,421,Shamela0006549,108,1204,1420,156,80
143,631,1084,Shamela0004473,2685,627,880,204,54
143,938,1084,Shamela0004473,7385,611,757,121,100
143,101,304,Shamela0018381,62,0,200,119,67
143,0,818,Shamela0007350,67,143,1421,560,51
144,0,269,Shamela0007318,129,1165,1574,217,65
144,269,1557,Shamela0007318,130,0,1510,993,80
144,1081,1337,Sham19Y0132403,49,841,1085,174,81
144,1077,1360,Shamela0009943,314,216,531,191,75
145,625,978,Shamela0006947,17136,773,1166,259,82
145,453,763,Shamela0008363,445,310,500,137,55
145,508,971,Sham19Y0016953Vols,403,624,1053,305,78
145,111,673,JK000090,77,466,960,97,15
145,494,971,JK000090,129,994,1462,312,75
145,625,978,JK000381,1244,561,948,263,85
145,625,978,Shamela0011730,172,84,488,260,80
145,43,1457,Shamela0007318,131,0,1537,1117,90
145,630,1085,JK009158,227,275,1447,323,35
145,0,524,JK000098,330,88,514,269,57
145,1275,1457,JK000098,334,1359,1561,136,83
145,111,673,Shamela0012034,498,1013,1421,89,16
145,630,941,Shamela0037325,1336,428,1134,232,41
145,464,1112,Shamela0007350,70,890,1549,420,70
145,14,259,Shamela0007350,72,1128,1344,153,76
145,625,978,Kraken220413194135,180,1036,1449,255,76
146,215,805,Shamela0010906,5386,720,1236,354,71
146,284,742,JK000335,5,951,1633,328,57
146,215,805,JK000532,671,937,1413,353,72
146,399,1145,Shamela0012861,15,242,816,411,67
146,0,1395,Shamela0007318,132,64,1619,974,70
146,1395,1597,Shamela0007318,133,0,211,159,93
146,271,865,JK000356,1,27,974,436,56
146,215,805,Shamela0037325,1390,707,1221,354,71
146,184,988,Shamela0007350,71,827,1681,552,72
147,512,880,ShamAY0035960,557,1070,1392,226,71
147,512,1529,Shamela0003055,668,368,1156,578,67
147,512,880,Shamela0009270,411,1161,1484,224,73
147,0,1314,Shamela0007318,133,211,1531,1041,97
147,1319,1529,Shamela0007318,134,0,211,169,98
147,512,880,JK000097,515,1058,1380,226,71
147,512,1529,JK001254,50,544,1287,577,69
147,512,1385,JK000382,790,688,1585,649,84
147,512,880,Shamela0009943,308,425,690,178,58
147,461,1524,Shamela0007350,73,465,1122,462,51
147,32,522,Shamela0007350,75,0,419,243,55
147,505,959,Shamela0007350,89,1060,1509,332,84
147,23,220,JK000337,43,36,229,122,70
148,1307,1486,Shamela0008363,444,1103,1248,109,72
148,0,427,Shamela0003055,668,1156,1525,280,80
148,427,776,Shamela0003055,669,0,406,238,71
148,549,759,Shamela0009270,430,165,481,153,60
148,0,1254,Shamela0007318,134,211,1483,986,96
148,1254,1486,Shamela0007318,135,0,236,186,97
148,0,240,JK001254,50,1287,1514,179,94
148,240,748,JK001254,51,0,436,330,79
148,4,759,JK000382,791,151,1264,547,61
148,1038,1227,Shamela0035100,5813,450,698,142,71
148,4,549,Shamela0007350,73,1137,1537,221,49
148,373,759,Shamela0007350,74,0,423,297,86
148,1295,1486,Shamela0007350,75,773,945,122,74
149,910,1069,Shamela0007664,78,468,668,130,79
149,833,1069,ShamAY0034447,583,312,590,156,65
149,0,200,Sham19Y0016953Vols,403,1338,1539,159,98
149,200,388,Sham19Y0016953Vols,404,0,195,142,90
149,0,641,Shamela0003055,669,535,1036,336,59
149,1349,1517,JK009160,39,845,1082,123,63
149,0,1135,Shamela0007318,135,236,1370,887,95
149,1135,1512,Shamela0007318,136,110,523,304,90
149,651,1123,JK000098,368,725,1186,372,96
149,0,641,JK001254,51,601,1049,336,64
149,936,1069,JK001469,62,1245,1378,103,96
149,874,1069,JK001469,63,37,264,143,75
149,0,388,Shamela0007350,75,945,1334,303,96
149,1139,1512,Shamela0007350,76,360,811,184,40
149,51,321,Shamela0008206,845,1070,1535,209,56
150,12,1448,Shamela0006947,12292,177,1613,1157,98
150,924,1256,Shamela0006947,18430,716,1168,266,71
150,123,1229,Shamela0003055,670,524,1568,831,91
150,1229,1576,Shamela0003055,671,0,206,130,43
150,12,883,Shamela0007318,136,713,1582,704,98
150,883,1541,Shamela0007318,137,0,650,525,97
150,123,1244,JK001254,52,522,1570,846,92
150,1244,1557,JK001254,53,0,172,114,43
150,288,797,Shamela0007350,79,978,1530,297,60
151,1274,1495,Shamela0008363,410,8,282,132,55
151,1199,1531,Tafsir07055,3413,214,761,148,30
151,965,1531,Shamela0012398,787,218,911,369,60
151,965,1307,JK000381,1190,1057,1465,233,68
151,1300,1531,JK000381,1191,48,284,179,94
151,0,1199,Shamela0007318,138,179,1574,953,83
151,1199,1531,Shamela0007318,139,0,333,264,99
151,1199,1482,JK001262,170,592,968,185,61
151,965,1531,Shamela0037325,1536,0,725,406,68
151,1060,1531,Shamela0037325,1537,420,615,128,33
151,1083,1531,JK000382,560,749,1301,343,78
151,496,802,JK000382,788,306,622,220,81
151,1083,1199,JK000331,55,63,176,78,76
151,947,1531,Shamela0018381,64,73,828,407,64
151,965,1307,Tafsir02102,1401,144,449,206,69
151,1199,1531,JK010001,3324,458,1005,148,30
151,947,1531,Shamela0007350,78,90,774,430,76
151,400,882,Shamela0007350,79,144,653,273,58
151,965,1487,Sham19Y0016618,95,377,1095,344,56
152,9,339,ShamAY0035960,575,3,439,255,72
152,0,196,Shamela0003055,671,320,534,123,69
152,359,1221,Shamela0003055,672,116,1152,629,74
152,0,363,Tafsir07055,3413,761,1286,262,63
152,0,363,JK000090,160,432,961,258,61
152,0,524,JK000090,161,883,1208,183,42
152,0,225,Shamela0012398,787,911,1267,174,61
152,0,899,Shamela0010906,5774,77,449,278,38
152,0,352,JK000362,1182,815,1319,272,67
152,0,532,JK000381,1191,284,955,398,70
152,0,1181,Shamela0007318,139,333,1511,947,99
152,1181,1555,Shamela0007318,140,0,370,298,96
152,0,352,JK000101,468,147,610,263,70
152,0,196,JK000098,331,394,593,125,73
152,535,1313,JK000098,332,79,841,584,90
152,0,339,JK000097,532,843,1291,262,72
152,0,196,JK001254,53,304,491,124,74
152,359,1221,JK001254,54,4,1039,630,74
152,1333,1555,Shamela0026421,27,1078,1208,107,57
152,0,363,Shamela0037325,1536,725,1224,281,69
152,0,899,Shamela0037325,1537,615,987,278,38
152,684,910,JK000382,537,333,658,166,63
152,0,137,JK000382,560,1301,1461,108,85
152,137,352,JK000382,561,13,296,167,73
152,0,352,JK000382,875,460,942,275,70
152,0,352,JK000382,962,111,602,271,68
152,0,352,Shamela0008353,183,532,794,177,61
152,30,352,JK000331,24,0,220,158,61
152,0,497,Shamela0018381,64,828,1497,381,69
152,0,280,JK010001,3324,1005,1441,203,59
152,280,483,JK010001,3325,0,578,152,31
152,0,524,Shamela0007350,78,774,1301,387,88
153,1059,1553,Shamela0006947,17137,639,1119,350,80
153,105,370,JK000362,1207,0,573,125,25
153,1059,1553,JK000381,1245,588,1083,363,83
153,1073,1553,Shamela0011730,173,0,471,341,80
153,0,1107,Shamela0007318,140,370,1437,840,94
153,1028,1553,Shamela0007318,141,447,995,424,94
153,28,338,Shamela0012406,3670,551,1096,149,31
153,28,342,JK000101,484,251,810,150,28
153,28,190,Shamela0026421,17,1144,1286,107,83
153,28,789,Shamela0026421,24,754,1549,605,93
153,789,940,Shamela0026421,25,0,166,107,82
153,28,338,Shamela0037325,1577,501,1046,149,31
153,1156,1553,Shamela0037325,1593,0,398,327,99
153,1059,1553,JK000382,959,0,452,355,84
153,28,355,Shamela0035100,6717,1218,1584,157,45
153,28,190,ShamAY0035722,1,1134,1276,111,85
153,1059,1471,Shamela0007350,80,1226,1630,315,88
153,1059,1553,Kraken220413194135,181,920,1442,348,73
154,645,1166,Shamela0007664,85,238,995,344,51
154,0,381,Shamela0006947,17137,1119,1542,288,83
154,645,1212,Shamela0006947,17138,166,770,337,62
154,1372,1542,JK000764,174,334,571,126,67
154,155,350,ShamAY0035960,575,578,829,144,71
154,147,369,Shamela0008363,445,75,327,162,78
154,641,972,JK000090,144,1182,1575,224,64
154,983,1198,JK000090,145,71,416,144,49
154,1056,1166,JK000090,147,0,238,82,41
154,155,369,JK000362,1206,235,505,161,74
154,641,1198,JK000362,1208,178,976,343,48
154,155,350,JK000381,1165,828,1034,150,87
154,645,1166,JK000381,1166,221,1000,341,50
154,0,381,JK000381,1245,1083,1486,289,88
154,645,1212,JK000381,1246,108,713,339,63
154,835,976,JK009160,70,1330,1559,111,59
154,0,1084,Shamela0011730,173,471,1574,577,49
154,0,613,Shamela0007318,141,995,1608,493,99
154,613,1544,Shamela0007318,142,0,868,699,92
154,155,369,JK000101,483,571,840,163,75
154,722,1198,JK000101,485,37,753,314,51
154,1266,1544,JK000098,328,424,732,210,81
154,645,1128,JK000028,74,845,1448,322,58
154,0,350,Shamela0037325,1593,398,748,280,100
154,645,1020,JK000382,540,1088,1534,239,58
154,155,350,JK000382,541,408,638,154,82
154,0,934,JK000382,959,452,1557,471,44
154,934,1166,JK000382,960,0,237,174,84
154,155,350,JK000331,23,273,444,130,78
154,671,988,Shamela0004473,15344,1022,1531,211,50
154,155,350,Shamela0018381,37,1281,1506,150,80
154,624,1166,Shamela0018381,38,807,1592,351,51
154,1241,1544,Shamela0007350,80,490,802,199,74
154,0,573,Shamela0007350,81,83,1100,375,45
154,659,1198,Shamela0007350,82,222,819,345,67
154,155,1212,Kraken220413194135,182,0,1120,506,45
155,332,495,Shamela0006947,17138,0,154,117,91
155,1179,1309,MMS00003,18,139,328,99,63
155,1341,1515,Shamela0003055,672,1137,1509,118,37
155,1390,1534,JK000381,686,371,541,102,67
155,257,500,Shamela0011730,173,906,1117,155,81
155,0,615,Shamela0007318,142,868,1557,488,87
155,615,1537,Shamela0007318,143,0,993,733,91
155,0,147,JK000098,328,732,881,118,97
155,1326,1537,JK000098,330,473,703,166,90
155,1341,1534,JK001254,54,1024,1431,140,41
155,1390,1534,Shamela0037325,1591,1274,1435,107,80
155,1341,1534,JK000382,539,1135,1271,108,69
155,257,505,JK000382,959,873,1106,174,87
155,0,219,Shamela0007350,80,802,1005,145,74
155,297,495,Shamela0007350,82,0,186,142,90
155,287,495,Kraken220413194135,182,284,476,146,88
156,1063,1631,Shamela0006947,17138,708,1356,392,69
156,920,1667,Shamela0003055,673,358,1063,545,87
156,1219,1631,JK000090,92,95,1032,291,37
156,0,154,Zaydiyya0000454,91,1350,1507,120,93
156,0,176,JK000362,1205,887,1083,126,78
156,0,161,JK000381,710,1106,1282,123,84
156,1063,1631,JK000381,1246,651,1286,381,68
156,0,161,JK000381,1455,1012,1176,121,87
156,1063,1631,Shamela0011730,174,85,733,391,69
156,0,161,Shamela0011258,135,1212,1378,121,88
156,0,593,Shamela0007318,143,993,1586,485,99
156,593,1667,Shamela0007318,144,0,1084,876,98
156,0,176,JK000101,482,1211,1398,126,81
156,0,278,JK000098,330,703,987,224,97
156,920,1667,JK001254,55,243,949,551,88
156,1308,1631,Sham19Y0014088,17,307,905,242,48
156,0,130,Shamela0037325,1591,1442,1574,99,88
156,1219,1535,Shamela0037325,1667,810,1537,216,34
156,0,161,JK000382,539,1278,1453,123,85
156,1071,1300,JK000382,960,237,472,167,82
156,1032,1667,Shamela0007350,82,778,1565,415,57
156,1063,1509,Kraken220413194135,182,1058,1593,300,65
157,739,1026,Shamela0010906,5820,973,1221,170,68
157,1381,1544,Shamela0010906,5859,1148,1311,132,99
157,1352,1544,Shamela0027084,211,1277,1458,140,89
157,0,275,Shamela0007318,144,1084,1372,209,89
157,255,1273,Shamela0007318,145,337,1344,805,96
157,1300,1631,Shamela0007318,146,0,333,272,99
157,1368,1631,Shamela0011790,550,453,819,185,61
157,1264,1631,JK000098,334,969,1349,289,90
157,1352,1631,JK000443,175,116,506,190,57
157,1381,1544,Shamela0037325,1603,1105,1268,130,98
157,1365,1544,Shamela0035100,6839,1469,1645,142,97
157,638,1033,Shamela0007350,83,597,1057,261,65
157,801,968,Shamela0021537,109,442,610,135,98
158,213,717,Shamela0006947,17139,387,868,351,83
158,99,396,ShamAY0035960,575,855,1095,140,54
158,68,984,Shamela0008363,380,362,842,309,39
158,519,853,Shamela0008363,475,808,1212,238,71
158,418,984,Sham19Y0016953Vols,403,0,613,434,86
158,519,708,Shamela0003055,640,657,902,134,66
158,68,396,Shamela0003055,673,1183,1551,217,66
158,519,1099,Shamela0003055,676,614,1232,463,92
158,519,702,JK000090,57,137,366,135,72
158,396,708,JK000090,66,624,1284,186,33
158,524,702,JK000090,95,1391,1578,131,87
158,702,994,JK000090,96,0,331,206,70
158,722,994,Sham19Y0017581,104,979,1306,203,74
158,253,396,Sham19Y0017581,340,695,950,107,52
158,722,994,JK001414,2469,84,419,203,73
158,246,396,JK001414,2694,347,610,110,53
158,99,886,JK000362,1207,573,1543,514,59
158,128,515,JK000381,686,739,1328,212,39
158,542,994,JK000381,687,700,1138,283,69
158,99,708,JK000381,712,234,1225,328,36
158,739,994,JK000381,713,0,309,189,73
158,213,994,JK000381,1183,319,1361,564,65
158,213,708,JK000381,1247,300,776,356,87
158,722,984,JK000381,1250,245,554,198,75
158,213,448,Shamela0011730,174,1328,1547,150,75
158,448,717,Shamela0011730,175,0,253,201,93
158,717,994,Shamela0000894,5768,194,490,199,78
158,519,675,Shamela0012861,7,840,1026,119,79
158,0,708,Shamela0007318,146,333,1047,561,96
158,722,1532,Shamela0007318,147,0,813,643,98
158,295,515,JK000101,482,77,389,163,62
158,519,984,JK000101,484,890,1420,357,82
158,231,396,JK000098,319,273,533,121,57
158,396,994,JK000098,320,39,742,274,36
158,253,383,Shamela0012034,485,1321,1481,94,72
158,542,708,Shamela0012034,489,394,539,102,72
158,99,396,JK000097,533,117,357,140,54
158,542,708,JK001254,24,11,212,133,82
158,68,396,JK001254,55,1069,1437,218,67
158,401,675,JK001254,57,1000,1375,98,29
158,519,1099,JK001254,58,264,864,463,95
158,542,994,Shamela0037325,1680,285,806,304,66
158,262,994,JK000382,540,0,1015,541,64
158,213,498,JK000382,960,1028,1495,193,49
158,722,1382,Shamela0009993,239,933,1538,466,85
158,1382,1532,Shamela0009993,240,0,142,113,91
158,519,708,JK000331,28,367,566,139,87
158,712,994,JK000331,51,187,526,203,71
158,213,994,Shamela0018381,56,415,1451,562,65
158,726,994,Tafsir02102,341,0,314,197,74
158,722,994,Tafsir02102,1400,83,406,198,72
158,396,708,Tafsir02102,1819,654,1331,186,32
158,722,984,Tafsir02102,1828,136,441,193,74
158,784,1532,Tafsir02102,3505,0,752,585,95
158,722,994,Sham19Y0095660,2205,654,975,200,74
158,55,976,Shamela0007350,84,347,1220,615,77
158,712,994,Sham19Y0016618,92,607,981,208,67
158,519,717,Shamela0021537,109,610,825,152,87
158,524,708,JK000337,35,492,685,138,90
158,396,994,JK000337,42,504,1283,294,37
158,205,717,Kraken220413194135,183,716,1195,343,82
159,139,367,Shamela0003055,676,1232,1381,115,63
159,832,1481,Shamela0003055,679,92,728,495,94
159,454,782,JK000381,1185,82,737,250,45
159,0,740,Shamela0007318,147,813,1556,599,98
159,740,1536,Shamela0007318,148,0,797,630,99
159,139,367,JK001254,58,864,1013,118,65
159,832,1228,JK001254,60,1182,1577,310,94
159,1228,1481,JK001254,61,0,246,190,95
159,620,782,Shamela0022921,14,451,620,129,90
159,514,782,JK000382,43,0,520,205,47
159,0,1536,Shamela0009993,240,142,1456,1024,82
159,454,782,JK000331,50,378,967,234,46
159,363,782,Shamela0018381,58,167,851,268,42
159,454,782,Tafsir02102,1400,495,848,254,84
159,0,139,Tafsir02102,3505,752,891,113,100
159,457,812,Shamela0007350,86,0,366,279,91
159,387,782,Sham19Y0016618,91,947,1637,248,40
160,1434,1590,Shamela0006947,17139,0,164,112,82
160,867,1361,Shamela0003055,650,698,1066,106,22
160,0,702,Shamela0003055,679,738,1427,557,97
160,1273,1590,JK000698,41,671,1489,243,36
160,1273,1501,JK000381,1246,1316,1585,176,79
160,1273,1590,Shamela0011730,174,761,1113,239,82
160,0,743,Shamela0007318,148,797,1535,602,99
160,743,1590,Shamela0007318,149,0,876,675,94
160,0,673,JK001254,61,256,924,541,98
160,1202,1590,JK000382,960,477,825,262,81
160,86,766,Shamela0009993,241,0,646,483,84
160,0,702,Shamela0004473,15331,807,1510,573,99
160,1167,1538,Shamela0007350,83,1177,1583,256,73
160,732,923,Shamela0007350,86,380,646,134,59
160,1273,1590,Kraken220413194135,183,136,487,234,80
161,0,175,Shamela0006947,17139,164,348,132,90
161,476,1168,ShamAY0035866,11,0,852,505,69
161,791,1146,ShamAY0033885,30,197,583,254,76
161,565,1056,Sham19Y0016953Vols,1514,816,1193,225,51
161,469,1416,Shamela0003055,678,651,1517,647,81
161,501,979,AOCP20251104139,93,934,1669,322,52
161,326,1202,Shamela0010906,5950,344,1355,570,64
161,36,175,JK000698,42,689,850,105,81
161,501,881,JK000381,1164,962,1559,251,49
161,881,1251,JK000381,1165,0,402,211,60
161,0,175,JK000381,1247,85,262,135,95
161,552,959,JK000381,1707,11,317,178,49
161,480,963,JK000381,4056,5,340,216,52
161,634,1071,JK009160,97,1250,1572,224,62
161,0,175,Shamela0011730,174,1113,1289,135,94
161,392,1104,JK000335,4,758,1532,535,83
161,438,1177,JK000532,808,328,1220,545,71
161,552,1121,Shamela0012861,14,960,1544,384,76
161,0,757,Shamela0007318,149,876,1577,547,87
161,757,1608,Shamela0007318,150,0,842,682,98
161,634,1172,Shamela0006547,42,7,526,387,85
161,505,1172,JK009382,1,406,1338,504,65
161,469,1493,JK001254,60,256,1167,704,83
161,519,1020,Shamela0037325,1511,846,1553,349,58
161,469,1172,Shamela0037325,1698,248,1193,524,66
161,634,843,Shamela0037325,1832,1416,1568,107,62
161,843,1146,Shamela0037325,1833,0,243,174,70
161,0,175,JK000382,960,825,1003,136,96
161,361,1177,Shamela0035100,7048,397,1370,560,67
161,1251,1493,Shamela0009993,241,762,1004,196,98
161,579,979,JK000331,49,1008,1341,207,57
161,469,1181,Shamela0004473,15344,156,1026,519,69
161,613,1251,Shamela0018381,37,207,878,383,66
161,446,1214,Shamela0007350,85,0,770,542,78
161,579,979,Sham19Y0016618,91,165,441,141,36
161,0,175,Kraken220413194135,183,487,684,129,82
162,709,1203,Shamela0006947,18685,383,848,367,90
162,663,1265,Shamela0003055,680,0,619,494,97
162,701,1203,Tafsir07055,3414,691,1608,365,47
162,701,1253,Shamela0012398,948,236,1100,412,56
162,693,1621,Shamela0010906,6037,254,1545,583,49
162,709,1253,Rafed0000040Vols,488,634,1554,371,45
162,651,1253,JK000381,1192,651,1541,442,57
162,826,1115,Shamela0037458,497,1178,1618,181,49
162,701,1253,Shamela0012860,336,528,1470,413,52
162,1027,1253,Hindawi030536269,640,18,341,173,62
162,717,1203,Zaydiyya0000413Vols,3850,1123,1590,348,84
162,0,663,Shamela0007318,150,842,1614,511,81
162,663,1606,Shamela0007318,151,0,940,764,98
162,1343,1611,Shamela0012406,3886,188,409,173,80
162,651,1203,JK000094,1336,673,1393,319,45
162,709,1272,JK010475,319,578,1124,386,81
162,709,1621,JK000098,143,518,1466,744,94
162,629,1031,Shamela0012089,31,889,1440,259,54
162,592,1183,JK001254,61,967,1595,466,89
162,709,1031,Shamela0037325,1718,62,446,229,69
162,709,1203,Shamela0037325,2683,453,930,354,83
162,709,972,Shamela0009943,368,1307,1583,210,92
162,980,1203,Shamela0009943,369,7,197,154,84
162,651,1602,Shamela0035100,7236,293,1643,620,53
162,826,1203,JK000166,10750,0,348,271,87
162,709,1203,JK000906,10822,188,659,372,90
162,924,1203,JK000331,10,377,753,163,50
162,651,880,Shamela0018381,65,1283,1518,164,74
162,880,1253,Shamela0018381,66,0,698,277,47
162,1027,1203,JK010001,3326,18,200,134,85
162,709,947,ShamAY0034179,270,1323,1561,187,94
162,947,1213,ShamAY0034179,271,0,236,181,83
162,709,1053,ShamAY0035035,217,1288,1611,258,90
162,738,1196,Shamela0007350,87,0,465,369,96
162,826,1203,JK000264,3406,1030,1541,243,51
162,853,1203,JK000264,3489,0,320,248,86
163,428,635,Shamela0000131,1567,376,593,143,81
163,0,615,Shamela0006947,5585,655,1272,460,87
163,0,269,Kraken220413194022,2732,442,741,190,73
163,667,1063,Shamela0006739,1119,1153,1560,274,80
163,1063,1352,Shamela0006739,1120,0,259,181,75
163,42,269,Shamela0003055,680,619,825,165,90
163,397,607,Shamela0012531,305,774,976,150,86
163,825,1092,Shamela0010906,6038,163,368,71,36
163,615,1297,Shamela0010906,6039,98,639,382,68
163,0,269,Sham19Y0017581,343,902,1236,194,68
163,0,269,JK001414,2697,564,864,190,73
163,0,269,JK000378,164,227,520,192,75
163,730,1370,Rafed0000040Vols,490,156,657,370,72
163,0,599,Shamela0007318,151,1038,1639,483,98
163,611,1403,Shamela0007318,152,806,1597,638,99
163,0,132,JK000098,143,1466,1593,104,96
163,132,1460,JK000098,144,0,979,773,71
163,42,269,JK001254,62,82,287,163,89
163,716,1352,Shamela0037325,1819,744,1371,493,95
163,0,628,Shamela0009943,120,1033,1604,413,78
163,825,1092,Shamela0035100,7237,269,473,68,35
163,615,1373,Shamela0035100,7238,186,930,513,81
163,0,615,Shamela0008353,99,410,1036,458,85
163,428,607,JK003609,927,341,523,136,91
163,433,645,Sham19Y0016618,11,556,755,148,83
164,607,1070,Shamela0006947,12969,4,476,374,96
164,348,841,Shamela0010906,6058,859,1215,234,53
164,1084,1452,JK000381,711,416,964,242,53
164,0,599,Shamela0007318,153,1024,1620,475,96
164,599,1070,Shamela0007318,154,0,467,380,98
164,1070,1493,Shamela0007318,154,1206,1626,335,97
164,1493,1603,Shamela0007318,155,0,111,89,99
164,1171,1448,JK000382,538,24,428,174,51
164,1095,1460,JK000382,788,618,1190,241,51
164,240,607,JK000382,961,22,361,226,72
164,1293,1448,Shamela0008353,186,101,244,102,77
164,1229,1448,JK000331,46,419,671,145,65
164,166,623,Shamela0007350,87,579,1025,264,59
164,1171,1448,Sham19Y0016618,115,368,680,154,54
165,408,667,Shamela0003055,304,1278,1562,200,84
165,397,804,Shamela0003055,682,1250,1580,242,69
165,804,1308,Shamela0003055,683,4,475,295,63
165,408,787,JK000090,102,152,515,186,50
165,860,1048,AOCP20251104106,139,897,1091,135,83
165,493,889,JK000381,5037,919,1547,188,30
165,894,1048,JK000381,5038,22,173,120,95
165,0,1251,Shamela0007318,155,111,1559,982,83
165,1251,1571,Shamela0007318,156,0,233,166,59
165,875,1048,Shamela0000041,230,425,635,135,78
165,504,761,Shamela0000041,928,581,767,138,61
165,408,894,JK000098,311,1137,1566,328,79
165,901,1125,JK000098,312,0,244,175,88
165,493,1160,JK000098,334,0,634,445,74
165,397,1308,JK001254,64,656,1406,538,69
165,901,1039,Shamela0001466,227,1139,1294,111,89
165,901,1048,JK009266,1239,330,444,87,74
165,397,1051,Shamela0007350,88,85,711,433,73
166,834,1535,Shamela0008363,381,556,1166,294,43
166,878,1264,Shamela0003055,669,1044,1499,154,33
166,1264,1530,Shamela0003055,670,0,239,186,89
166,909,1535,JK000090,94,792,1508,367,57
166,0,1142,Shamela0007318,156,233,1606,900,79
166,1142,1535,Shamela0007318,157,0,395,310,99
166,214,755,JK000098,328,974,1515,435,98
166,878,1264,JK001254,51,1057,1487,154,33
166,1264,1530,JK001254,52,0,239,186,89
166,863,1535,Shamela0037325,1542,149,906,393,57
166,192,747,Shamela0007350,85,960,1529,385,76
167,402,770,Shamela0007664,97,1164,1480,211,68
167,88,361,Shamela0008363,382,243,503,205,89
167,1334,1568,Shamela0006710,224,415,592,117,61
167,99,361,JK000090,95,769,1027,208,96
167,469,823,JK000090,145,1036,1527,259,63
167,609,892,Shamela0012398,1164,515,963,216,59
167,609,892,ShamAY0032275,127,723,1157,217,61
167,1334,1568,ShamAY0032275,172,645,797,107,57
167,892,1063,Shamela0010013,594,1074,1237,130,90
167,473,897,JK000381,688,160,555,239,62
167,402,892,JK000381,713,544,1033,300,65
167,402,892,JK000381,1182,797,1403,342,65
167,609,855,Shamela0031366,233,1216,1622,189,56
167,1334,1568,Shamela0031366,393,895,1072,122,63
167,0,668,Shamela0007318,157,395,1525,527,57
167,668,1578,Shamela0007318,158,0,854,682,91
167,398,892,JK000098,306,0,595,337,63
167,1334,1578,ShamAY0034079,21,849,1112,188,86
167,99,361,Shamela0037325,1543,237,495,208,96
167,609,1011,Shamela0037325,1870,615,1146,245,55
167,1259,1578,Shamela0035100,8377,1205,1553,242,84
167,382,897,Shamela0008353,181,514,1062,267,49
167,609,892,JK000331,21,409,721,190,68
167,367,892,Shamela0018381,55,800,1458,350,62
167,524,845,Tafsir02102,1810,0,233,147,56
167,367,1126,Shamela0007350,89,104,1096,485,58
168,768,1296,Shamela0008363,380,846,1227,256,57
168,710,1304,Shamela0003055,681,936,1556,438,85
168,1044,1313,JK000090,139,0,226,168,75
168,916,1313,JK000090,147,908,1271,222,62
168,850,1212,JK000362,1209,803,1422,231,41
168,969,1225,Rafed0000040Vols,322,0,257,202,95
168,969,1322,JK000381,680,348,627,161,48
168,1010,1242,JK000381,689,0,199,148,74
168,753,985,JK000381,710,1275,1539,160,72
168,985,1317,JK000381,711,0,334,247,87
168,961,1317,Tafsir01005,2399,177,534,270,90
168,0,706,Shamela0007318,158,854,1564,565,98
168,706,1597,Shamela0007318,159,0,1171,716,73
168,850,1212,JK000101,486,603,1197,236,44
168,957,1313,Shamela0012034,503,654,983,213,66
168,710,1479,JK001254,63,390,1183,569,86
168,9,205,ShamAY0034079,21,1117,1307,152,95
168,781,1110,JK000382,538,889,1602,236,39
168,1110,1317,JK000382,539,0,212,149,84
168,37,218,Shamela0035100,8378,0,183,133,87
168,961,1152,Shamela0008353,181,1142,1344,150,91
168,961,1247,JK009266,4094,1310,1593,219,93
169,0,1048,Shamela0003055,682,195,1239,800,91
169,0,426,Shamela0007318,159,1171,1602,336,96
169,426,1151,Shamela0007318,160,0,722,582,98
169,0,370,JK001254,63,1192,1571,287,90
169,370,1048,JK001254,64,0,645,510,93