ms1,b1,e1,id2,ms2,b2,e2,ch_match,matches_percent
1,1395,1516,Shamela0021525,201,919,1090,90,64
1,1395,1509,JK007518,6,304,477,91,65
4,844,990,Rafed0002679Vols,219,158,316,112,89
4,844,1656,Rafed0002679Vols,227,8,1020,442,46
4,807,1092,Shamela0010551,51,620,1564,226,29
4,1092,1656,Shamela0010551,52,58,1009,451,57
5,1153,1408,Hindawi084739682,123,550,900,207,70
5,1153,1408,Hindawi024069693,3,354,703,205,70
5,1153,1408,Shamela0007380,79,936,1276,199,67
5,0,259,Shamela0010551,52,1009,1269,210,99
5,259,630,Shamela0010551,53,55,431,301,97
5,1153,1408,Hindawi085925824,17,1341,1594,208,97
5,799,1153,Shamela0009429,591,756,1108,281,98
5,1242,1616,Shamela0009429,592,256,799,214,43
5,1153,1408,Shamela0010614,67,1211,1561,207,70
5,1153,1408,Shamela0028453,65,499,839,200,68
5,782,1153,JK006910,75,1198,1620,298,86
5,1153,1408,JK006910,76,987,1336,209,71
5,1420,1651,JK006910,77,26,248,155,78
5,1153,1408,Sham19Y0026523,6143,1011,1363,206,69
5,1153,1408,Hindawi027508303,17,386,738,206,69
5,1166,1408,JK010637,132,0,328,189,66
5,1153,1408,Shamela0023789,844,64,414,207,70
6,5,391,Hindawi084739682,124,1056,1579,252,56
6,396,655,Hindawi084739682,125,0,518,196,46
6,878,1477,Shamela0000514,29,780,960,132,27
6,5,452,Shamela0007380,80,753,1346,296,59
6,710,1477,Shamela0010551,54,344,1279,610,79
6,1477,1617,Shamela0010551,55,482,638,108,84
6,5,391,Hindawi085925824,18,992,1510,254,58
6,1030,1595,Shamela0009429,586,883,1601,446,75
6,116,655,Shamela0009429,592,799,1160,263,60
6,5,655,Shamela0010614,69,182,1187,451,53
6,0,647,JK006910,77,248,1120,514,71
6,63,655,Sham19Y0026523,6145,3,953,401,50
6,5,452,Hindawi027508303,18,197,790,294,59
6,177,452,JK010637,133,3,368,181,59
7,1391,1586,JK009230,73,505,703,139,84
7,253,472,JK007081,327,29,295,163,75
7,1397,1577,Shamela0005388,122,1418,1609,135,83
7,0,188,Shamela0010551,55,638,850,152,88
7,1411,1586,Shia003636Vols,7203,15,195,139,96
7,0,188,Shamela0009429,587,23,236,151,87
7,1411,1584,Hindawi079072819,62,58,237,129,86
7,1040,1397,JK010568,151,36,636,229,43
7,605,910,JK010568,152,510,797,176,66
7,1401,1586,JK010568,156,538,738,143,88
7,1401,1586,Shamela0005446,732,1227,1430,147,90
7,374,1397,JK001305,349,17,1170,832,88
7,1401,1586,JK001305,350,75,272,146,92
7,1149,1397,Sham19Y0026523,1732,152,367,150,69
7,1401,1586,Sham19Y0026523,1734,1246,1447,141,86
7,1397,1586,JK010637,280,226,428,140,83
8,1499,1622,Hindawi084739682,124,67,189,91,91
8,778,1087,Rafed0002679Vols,1870,647,1441,227,34
8,0,544,AOCP20251104084,45,1011,1646,286,45
8,634,1220,JK000468,223,429,1093,412,69
8,0,572,JK009230,73,703,1419,349,55
8,0,572,Shamela0005388,123,10,714,345,55
8,1282,1632,JK011658,227,1146,1499,278,96
8,0,572,Shia003636Vols,7203,231,1275,451,53
8,0,572,Sham19Y0000760,62,739,1462,341,53
8,13,215,Shamela0009429,590,168,365,154,95
8,0,572,Hindawi079072819,62,237,956,353,55
8,3,572,Sham19Y0000259,1178,492,1026,277,53
8,0,215,JK010568,156,738,949,163,94
8,394,572,JK010568,157,4,193,120,72
8,634,1220,JK000676,362,729,1455,455,76
8,84,581,Shamela0005446,733,0,979,388,48
8,0,572,JK001305,350,272,1330,461,53
8,0,126,Sham19Y0026523,1734,1447,1572,101,99
8,126,572,Sham19Y0026523,1735,0,971,318,39
8,0,572,Sham19Y0026523,3155,277,996,341,52
8,13,215,Sham19Y0026523,5573,351,547,151,93
8,1499,1622,Sham19Y0026523,6144,481,615,89,82
8,0,572,JK010637,280,428,1133,345,55
8,66,572,ShamAY0005375,41,0,651,274,47
9,337,1009,Rafed0002679Vols,210,926,1587,519,96
9,1009,1541,Rafed0002679Vols,211,0,623,419,84
9,419,1261,Rafed0002679Vols,289,0,836,653,96
9,121,300,JK011658,228,267,445,141,96
9,337,1541,Shamela0010551,46,159,1453,941,90
9,555,1541,Shamela0009429,512,538,1369,405,44
10,0,911,Rafed0002679Vols,211,623,1615,737,89
10,911,1311,Rafed0002679Vols,212,0,403,314,96
10,41,1311,Shamela0010551,47,56,1326,1010,96
10,98,1304,Shamela0009429,513,0,1009,735,70
11,547,1532,Shamela0010551,56,0,1293,778,74
11,437,824,Shamela0009429,215,409,883,263,66
11,843,1121,Shamela0009429,216,471,727,188,85
11,30,316,JK001305,287,437,888,220,60
12,0,228,Shamela0010551,56,1293,1522,187,98
12,228,1541,Shamela0010551,57,0,1314,1043,98
12,71,1087,Shamela0009429,218,0,675,369,41
13,320,548,Shamela0010550,42,215,422,128,68
13,0,225,Shamela0010551,57,1314,1538,184,99
13,225,820,Shamela0010551,58,0,1195,463,47
13,809,1099,Shamela0010551,59,112,435,220,83
13,1094,1552,Shamela0010551,60,41,503,370,98
13,117,554,Shamela0009429,219,0,354,208,52
13,548,1099,Shamela0009429,220,188,959,373,57
14,945,1053,Hindawi082959503,127,81,192,87,97
14,945,1058,Shamela0011790,2278,418,531,88,97
14,945,1053,JK001477,35,54,162,86,99
14,1423,1564,Shamela0000736,1352,677,849,105,76
14,1423,1564,JK000916,22151,533,705,105,76
14,1423,1542,JK010731,196,1300,1419,94,100
14,945,1053,JK010638,51,0,108,87,100
14,919,1053,JK010752,56,676,791,88,81
14,945,1053,JK010754,463,124,313,87,57
14,945,1053,JK006908,76,999,1107,87,100
14,945,1058,Sham19Y0020762,899,512,628,89,95
14,0,391,Shamela0010551,60,503,913,310,92
14,530,1283,Shamela0010551,477,0,504,379,60
14,887,1162,Shamela0010551,478,390,819,207,60
14,1324,1564,Shamela0010551,488,751,993,187,95
14,945,1053,Shia003636Vols,3523,37,145,87,100
14,417,856,Shamela0037475,130,1055,1562,303,71
14,856,1283,Shamela0037475,131,0,175,124,34
14,1423,1564,JK007604,196,354,536,104,71
14,945,1053,JK010753,512,681,897,86,49
14,887,1162,JK010778,183,850,1206,197,69
14,462,919,JK010778,184,400,867,345,92
14,945,1053,Shamela0005446,435,393,501,87,100
14,945,1053,JK001305,228,524,632,86,99
14,887,1053,Shamela0023788,386,389,562,108,76
14,945,1053,JK009365,280,17,126,87,99
14,927,1053,Shamela0006743,7,191,317,93,92
15,399,981,Shamela0010551,461,371,1141,429,68
15,1005,1346,Shamela0010551,462,0,479,268,68
15,0,306,Shamela0010551,488,993,1147,97,39
15,1065,1346,Shamela0037475,135,1203,1533,213,78
17,1473,1596,Hindawi092914940,451,380,511,93,89
17,784,939,Meshkat0014420,3399,749,904,127,100
17,795,939,QuranAnalysis001,156,849,993,118,100
17,795,939,Sham19Y0020891,4275,77,221,118,100
17,795,950,Shamela0022712,71,757,912,127,100
17,795,939,JK006478,6836,1365,1509,118,100
17,789,939,Tafsir04038,445,918,1226,123,48
17,789,939,JK009265,358,1404,1554,122,99
17,795,939,JK009270,3378,1178,1322,118,100
17,472,1144,Shamela0010551,170,250,1259,515,62
17,795,939,JK009266,6899,986,1130,118,100
17,795,939,Sham19Y0023618,1231,1141,1285,118,100
17,472,804,Shamela0037475,182,666,1182,238,55
17,795,939,Shamela0023632,2596,698,842,118,100
17,463,888,Shamela0009429,568,817,1221,203,51
17,789,998,Shamela0009429,569,731,932,153,84
17,192,468,Shamela0012320,667,420,789,191,62
17,795,939,Rafed0001713Vols,1777,1240,1384,118,100
17,795,939,JK001496,1536,601,745,118,100
17,795,939,Hindawi019272704,124,122,266,118,100
17,784,939,Shamela0010523,37,1053,1209,122,96
17,795,939,Rafed0003257Vols,3917,1405,1549,118,100
17,795,939,Shamela0023591,5171,1196,1340,118,100
17,789,939,Shamela0008473,2596,1329,1479,123,100
17,795,939,Shamela0008473,3434,1000,1144,118,100
17,192,468,JK000676,181,620,1003,195,61
17,1473,1599,JK000676,188,1367,1495,96,93
17,545,982,Shamela0023788,429,5,463,225,54
17,545,947,Shamela0023788,591,1000,1276,207,62
17,795,939,JK007018,501,914,1058,118,100
17,795,939,Shamela0023628,2615,178,322,118,100
17,795,939,JK000791,1676,666,810,118,100
17,795,939,Shamela0021821,1306,1262,1406,118,100
17,795,939,JK009396,1044,291,435,118,100
17,795,939,JK009268,3486,68,212,118,100
17,795,939,Shamela0010273,2086,1180,1324,118,100
17,795,939,Shia002356Vols,823,179,323,118,100
17,795,939,Sham19Y0147312,1469,473,617,118,100
17,795,939,Rafed0003943Vols,1157,342,486,118,100
18,0,313,Hindawi092914940,451,514,822,236,90
18,0,306,Shamela0012320,675,20,322,229,88
18,295,1001,Shamela0012320,675,789,1614,541,78
18,1502,1640,Shamela0012320,676,1034,1262,112,59
18,1001,1508,Shamela0012320,676,0,499,386,91
18,295,1095,JK000676,189,680,1602,618,80
18,94,306,JK000676,189,0,214,154,84
18,1095,1508,JK000676,190,0,406,311,91
20,63,430,Shamela0008279,83,213,628,170,43
20,1101,1548,Shamela0008279,83,1058,1327,200,54
20,1101,1438,JK009320,13,750,1024,124,36
20,63,507,JK009320,13,25,414,157,36
21,1418,1591,JK009370Vols,2208,1071,1248,135,95
22,1059,1387,Shamela0021510,187,171,542,254,79
22,129,395,JK009230,503,468,732,195,89
22,448,1004,JK009230,530,66,548,349,75
22,562,734,Shamela0009788,170,0,171,137,98
22,502,734,Shia003636Vols,3678,0,229,185,98
22,448,1014,Hindawi079072819,226,389,859,361,78
22,1059,1387,Shamela0026350,496,123,529,261,78
22,1196,1387,JK009370Vols,2266,32,271,151,75
22,1430,1588,Shamela0007830,6,12,169,110,85
22,448,738,Shamela0006743,921,580,877,211,87
22,1430,1593,Shamela0006743,932,1030,1199,120,88
22,448,734,Shamela0001000,291,1259,1539,213,92
24,272,841,JK010665,7,93,399,169,33
24,0,230,JK010665,13,261,510,163,78
24,445,795,JK009230,288,486,961,207,54
24,327,588,Shamela0035100,6168,690,1027,185,66
24,445,683,Shamela0008279,21,199,481,163,72
24,235,588,Hindawi079072819,224,602,1048,218,59
24,0,725,Sham19Y0000259,728,720,1541,403,49
24,725,841,Sham19Y0000259,729,0,116,90,100
24,445,795,Shamela0005390,130,1023,1389,255,86
24,339,687,JK009320,44,1077,1567,226,56
24,272,841,Shamela0006743,653,243,507,165,36
24,426,747,Shamela0005351,61,1070,1405,230,84
25,281,792,Sham19Y0010438,326,701,1177,385,92
25,941,1352,Hindawi079072819,294,0,412,338,99
25,243,792,Hindawi079072819,295,295,843,429,95
25,1362,1626,Hindawi079072819,301,1347,1601,194,88
26,0,319,Hindawi079072819,302,3,321,255,99
27,93,236,JK007589,426,760,959,97,65
27,93,236,Hindawi014758020,44,1272,1465,99,68
27,93,236,Shamela0021105,108,533,677,107,97
28,956,1067,Hindawi082959503,82,260,370,74,85
28,719,1067,Shamela0001535,3741,1289,1438,80,29
28,956,1067,JK007140,2811,638,748,79,90
28,956,1067,Shia003764Vols,278,29,139,74,85
28,956,1067,JK010766,626,1375,1485,79,90
28,956,1067,JK010766,627,494,605,76,86
28,956,1067,Shamela0001000,1641,1247,1357,74,85
29,646,1104,Sham19Y0010438,326,0,357,289,77
29,607,1015,Hindawi079072819,297,1257,1662,318,94
29,1015,1580,Hindawi079072819,298,0,569,453,98
30,252,826,Sham19Y0010438,325,1010,1579,437,91
32,329,1662,Hindawi079072819,300,233,1595,1088,96
34,687,1338,JK009325,997,0,893,458,62
34,639,1148,Shamela0005429,49,753,1386,364,68
34,396,1348,Shamela0005429,53,119,1030,691,88
34,475,1321,Shamela0005429,62,449,1481,554,61
34,639,1268,Shamela0023790,521,320,1020,392,61
34,1348,1581,Hindawi079072819,296,46,273,174,90
34,404,1195,Sham19Y0000259,733,505,1151,491,75
34,475,1338,Shamela0006909,62,185,1245,575,63
34,396,1348,Shamela0023789,1711,165,1099,699,87
35,0,1359,Hindawi079072819,296,273,1635,1095,97
35,1359,1653,Hindawi079072819,297,0,295,242,96
36,0,454,Hindawi079072819,297,295,746,369,98
36,1131,1661,Hindawi079072819,298,670,1194,417,95
36,516,1121,Hindawi079072819,301,0,605,491,99
37,1425,1670,Shamela0008279,88,276,525,194,96
37,0,269,Hindawi079072819,298,1194,1463,217,99
37,1425,1649,JK009320,18,1365,1544,104,55
38,21,192,Shamela0008279,88,703,930,133,72
38,1432,1613,JK010575,30,177,358,144,98
38,341,1375,Shamela0010614,231,365,1418,825,95
38,305,1375,Shamela0028453,203,195,1210,742,81
38,341,677,Shamela0007853,188,1153,1515,244,78
38,677,1375,Shamela0007853,189,0,675,531,92
38,354,1375,Hindawi030807493,128,52,1070,831,99
39,361,608,Kraken220824165557,198,1287,1495,100,45
39,0,702,JK010575,30,358,1585,538,54
39,702,1415,JK010575,31,0,1177,571,59
40,121,1010,Hindawi017160604,803,0,899,710,97
40,1020,1320,JK009230,706,464,764,238,98
40,0,1020,Hindawi047090584,290,271,1299,804,95
40,1100,1274,JK010583,24,1237,1415,112,78
40,45,1024,ShamAY0035859,350,0,991,766,94
41,806,1340,JK010611,146,864,1413,430,96
41,87,391,Shamela0008279,88,276,463,136,56
41,801,1340,JK010583,56,516,1050,410,92
42,550,874,Hindawi079072819,275,1244,1568,268,99
42,874,1435,Hindawi079072819,276,0,564,441,97
43,239,1042,Hindawi017160604,766,87,849,592,91
43,1058,1552,Sham19Y0000245,75,430,928,387,96
43,231,617,Hindawi093681649,168,122,513,306,96
43,369,1042,Sham19Y0000259,545,0,688,501,86
43,0,180,Sham19Y0000259,929,163,353,138,89
43,0,180,Shamela0023789,977,907,1179,143,65
44,157,584,Hindawi017160604,368,1127,1533,325,94
44,584,1252,Hindawi017160604,369,0,672,524,95
44,157,1155,JK009230,317,537,1530,786,97
44,930,1086,Shamela0010428BK2,27,891,1106,104,57
44,930,1086,Hindawi047090584,196,261,479,104,56
44,157,1069,Hindawi047090584,289,626,1521,702,94
44,1069,1257,Hindawi047090584,290,0,187,144,96
44,505,949,Sham19Y0147597,694,459,750,228,63
44,157,513,Hindawi035168479,43,1236,1575,270,94
44,513,1252,Hindawi035168479,44,0,737,592,99
44,157,711,ShamAY0035859,350,1009,1537,423,94
44,711,1252,ShamAY0035859,351,0,540,428,97
44,157,505,Hindawi030807493,155,1229,1561,264,94
44,505,1252,Hindawi030807493,156,0,745,598,99
44,930,1086,Shamela0010670BK21,24,1037,1255,104,56
45,25,303,JK009325,1781,994,1182,132,60
45,25,293,JK009230,179,472,760,184,73
45,20,293,Sham19Y0073348,2056,55,327,184,77
45,310,1585,Hindawi079072819,303,8,1287,1019,97
45,9,293,Sham19Y0000259,727,52,371,195,70
45,20,293,Shamela0007853,477,131,327,142,66
46,0,304,Hindawi079072819,303,1287,1600,234,89
46,304,1045,Hindawi079072819,304,0,1342,593,54
46,1055,1579,Hindawi079072819,305,85,698,421,84
47,0,641,Hindawi079072819,305,698,1343,517,98
47,737,1602,Hindawi079072819,306,0,861,694,98
48,651,1091,Hindawi017160604,718,542,970,336,95
48,656,1042,JK009325,834,1243,1614,274,86
48,425,646,JK009230,212,525,1509,132,16
48,1144,1615,JK009230,710,510,989,375,96
48,656,1118,Shamela0010283,605,88,519,315,84
48,686,916,Shamela0023790,79,1323,1575,170,82
48,0,347,Hindawi079072819,306,861,1210,282,98
48,646,1091,Sham19Y0000259,732,1041,1477,330,90
48,425,589,JK009320,47,0,311,94,36
48,651,1083,Shamela0023789,970,147,561,319,91
49,168,781,Shamela0006947,3818,1031,1644,490,99
49,781,1545,Shamela0006947,3819,0,770,614,98
49,168,538,Shamela0006947,20341,1280,1653,293,97
49,538,1545,Shamela0006947,20342,0,1010,802,97
50,0,379,Shamela0006947,3819,770,1175,305,93
50,0,379,Shamela0006947,20342,1010,1411,301,91
51,1017,1620,Shia002185Vols,3414,575,1389,454,67
51,1017,1261,Shia003986,240,1328,1644,185,71
51,1269,1620,Shia003986,241,7,495,261,64
51,1027,1620,Shamela0007853,1093,300,1096,422,63
51,899,1611,Hindawi030807493,71,682,1593,531,69
51,279,889,Shamela0006743,943,576,1211,344,54
52,0,201,Shia002185Vols,3414,1389,1589,167,99
52,210,653,Shia002185Vols,3415,7,479,312,77
52,662,1597,Shia002185Vols,3416,13,1076,695,79
52,0,653,Shia003986,241,495,1247,490,77
52,662,1403,Shia003986,242,722,1541,553,81
52,1142,1576,Zaydiyya0000094,460,112,375,166,45
52,0,478,Shamela0007853,1093,1096,1664,379,80
52,662,1001,Shamela0007853,1094,1217,1574,253,85
52,1001,1597,Shamela0007853,1095,0,665,440,79
52,662,1597,Zaydiyya0000037Vols,60,191,981,590,77
52,0,1439,Hindawi030807493,72,10,1622,1060,77
53,493,758,Shia001153,123,781,1033,183,85
53,498,758,Shamela0009773,554,558,798,170,79
53,498,758,JK011730,668,775,1039,163,70
53,493,758,Shia003702,144,86,466,170,53
53,498,802,ShamAY0033834,59,196,523,142,50
53,534,758,JK000916,16618,441,638,111,54
53,498,758,Kraken220603212436,200,269,482,151,73
53,498,795,JK000919BK1,309,517,798,142,50
53,534,758,Shamela0021554,136,780,1007,158,87
53,534,758,JK009325,18,230,448,168,95
53,502,758,Sham19Y0036072,214,1076,1357,137,51
53,498,758,Kraken220413030759,219,202,491,163,64
53,498,758,Shamela0030769,33,580,842,155,75
53,223,758,Shia001107Vols,340,0,869,385,55
53,534,758,Shia003727Vols,94,539,759,148,75
53,598,763,Zaydiyya0000035,31,0,164,114,84
53,202,469,Shia002185Vols,3052,1247,1518,214,95
53,534,758,Shia002185Vols,3053,694,917,171,97
53,498,758,Shia001156,40,870,1143,176,82
53,534,758,JK009226,781,113,332,142,79
53,534,758,Shamela0009096,5,657,876,157,90
53,534,739,Shamela0009096,77,1284,1431,97,61
53,502,758,Sham19Y0020762,411,294,587,137,49
53,534,758,JK006919,911,612,761,117,66
53,461,758,Shia001432Vols,10740,88,473,147,46
53,202,469,Shia001432Vols,11271,0,267,212,96
53,498,758,Shia001432Vols,11274,547,886,192,72
53,498,758,Shia001432Vols,24459,1080,1348,179,83
53,498,758,Shia001432Vols,24482,821,1068,182,86
53,821,963,Sham19Y0011565,241,1496,1641,112,94
53,963,1221,Sham19Y0011565,242,0,229,183,87
53,202,682,Rafed0001617Vols,174,977,1527,346,78
53,534,758,Masaha002872,287,343,568,171,96
53,534,758,ShamAY0033599,78,139,330,117,57
53,202,519,Shia20200618,161,1179,1497,230,88
53,534,758,Shia20200618,162,7,231,173,98
53,534,758,Shamela0003118,4858,842,1040,109,54
53,552,739,JK000001,3027,1320,1450,84,57
53,498,758,Shia002165,14,963,1238,174,80
53,506,673,Shia001615Vols,1312,864,1018,111,85
53,498,758,Shamela0012031,118,401,659,156,68
53,546,758,Masaha004580,88,773,922,114,67
53,546,665,Shia001355,81,34,154,92,98
53,165,469,Shamela0004473,1197,467,767,230,93
53,570,758,Shia003754Vols,196,0,187,143,96
53,474,758,JK001493,375,202,447,130,56
53,609,758,Zaydiyya0000543,940,46,669,108,22
54,92,307,Sham19Y0011565,242,245,444,152,86
56,593,824,Hindawi046379685,140,1295,1534,193,96
56,166,473,Hindawi059616186Vols,1649,0,303,238,96
57,18,191,AOCP20251104084,155,1417,1587,127,88
57,324,1174,AOCP20251104084,156,0,754,504,67
57,18,629,JK009230,169,864,1509,465,89
57,629,1157,JK009230,170,0,504,381,85
57,1169,1541,JK009230,529,193,572,228,65
57,324,490,JK009296,42,1363,1531,101,76
58,0,917,JK009230,529,572,1555,704,88
59,566,892,JK009230,56,365,811,234,65
59,627,902,Shamela0001349,471,315,578,187,85
59,566,884,JK006919,634,25,259,167,65
59,571,783,Shamela0009100,17,1359,1532,128,76
59,602,902,Shamela0010614,231,0,365,207,68
59,571,902,Hindawi030807493,127,1200,1624,239,70
59,627,884,Shamela0023789,967,12,244,171,83
61,1158,1544,Hindawi079072819,274,0,372,298,95
62,0,1110,Hindawi079072819,274,372,1593,897,90
62,1110,1580,Hindawi079072819,275,0,473,379,99
62,1189,1485,Hindawi095950851,59,19,321,238,97
63,832,1268,JK009230,631,1096,1574,350,90
63,1322,1559,Hindawi079072819,214,804,1044,194,98
63,0,737,Hindawi079072819,275,473,1210,589,99
63,1313,1559,Hindawi050926304,123,1245,1494,201,98
63,1363,1559,Sham19Y0026523,1620,0,199,162,97
64,454,714,Sham19Y0011565,218,1432,1678,199,92
64,714,1685,Sham19Y0011565,219,0,683,541,67
64,0,382,Hindawi079072819,214,1044,1426,308,99
64,387,1173,Hindawi079072819,257,790,1602,623,91
64,1173,1685,Hindawi079072819,258,0,513,422,99
64,80,382,ShamAY0035858,40,391,746,229,77
64,121,382,Hindawi050926304,124,0,261,208,99
64,71,213,Hindawi048607936,283,1439,1580,114,99
64,213,382,Hindawi048607936,284,0,169,135,99
64,0,382,ShamAY0035859,36,231,620,300,93
64,0,382,Sham19Y0026523,1620,199,581,306,98
65,0,477,Sham19Y0011565,219,683,1137,360,91
65,0,1148,Hindawi079072819,258,513,1650,922,98
65,1148,1614,Hindawi079072819,259,0,473,379,98
66,0,1087,Hindawi079072819,259,473,1560,870,99
66,1081,1585,Hindawi079072819,260,0,499,407,97
67,0,698,Hindawi079072819,260,499,1191,559,98
67,766,1533,Shamela0006947,2489,894,1652,607,96
67,724,1604,Hindawi063795362,149,651,1534,696,94
68,1408,1584,Hindawi079072819,229,271,448,142,99
68,1408,1584,Sham19Y0000259,735,439,622,139,94
68,0,1164,Shamela0006947,2490,72,1236,937,98
68,67,1164,Hindawi063795362,150,0,1102,886,99
69,343,798,Hindawi049296385,5,1140,1661,380,86
69,420,941,AOCP20251104084,164,0,223,150,33
69,343,935,JK009230,222,696,1380,460,79
69,1374,1708,JK009230,701,959,1199,177,63
69,287,640,Shamela0006040,11,1222,1626,249,66
69,640,902,Shamela0006040,12,0,204,164,74
69,343,818,Tafsir02102,4021,1116,1663,380,82
69,387,902,Shamela0010509,70,0,605,410,80
69,343,972,Shamela0010283,1038,326,930,407,72
69,343,941,Shia003636Vols,4866,536,1166,436,81
69,343,841,Shamela0008279,55,1184,1759,407,83
69,1379,1708,Shamela0008279,59,148,486,229,71
69,0,226,Hindawi079072819,229,448,670,180,98
69,0,243,Sham19Y0000259,735,622,861,194,98
69,1362,1708,Sham19Y0000259,931,1264,1524,184,63
69,343,516,JK010778,125,220,418,134,78
69,343,972,Shamela0005446,931,617,1138,356,62
69,343,510,Shamela0037032,10,511,715,131,75
69,343,510,Shamela0006743,65,1029,1223,131,79
69,343,941,Shamela0006743,655,93,729,434,81
69,1002,1234,Shamela0006743,941,799,1016,175,92
70,123,551,JK009230,372,188,849,330,60
70,126,454,Shamela0008279,60,1069,1621,258,57
70,602,914,Shamela0009429,2726,440,750,255,98
70,126,495,JK009320,21,354,847,243,58
70,966,1442,JK009370Vols,859,722,1280,359,79
73,725,1306,JK009230,294,953,1575,448,88
73,1306,1572,JK009230,295,497,875,195,65
73,401,708,Shamela0008279,69,66,455,224,71
73,773,1317,Hindawi079072819,226,884,1441,434,96
73,1306,1572,Hindawi079072819,227,383,781,181,53
73,735,1072,Sham19Y0000259,1148,1259,1627,259,85
73,1072,1317,Sham19Y0000259,1149,0,251,192,92
73,1306,1572,Sham19Y0000259,1149,710,1105,181,53
73,773,1317,Shamela0005351,29,404,956,424,93
73,1385,1572,Shamela0005351,30,46,232,136,87
77,1391,1581,Shia001107Vols,196,541,754,138,78
77,1391,1581,Shia002185Vols,1845,890,1096,132,77
77,1448,1576,Shamela0036091,118,932,1063,91,82
77,1388,1581,Shia001432Vols,13511,12,213,144,84
77,1391,1581,Rafed0001617Vols,86,568,775,144,83
77,1391,1581,Shia20200618,80,1037,1250,138,78
77,1399,1567,Shia001615Vols,2475,910,1087,116,78
78,8,344,JK000906,7441,1280,1587,228,82
78,344,689,JK000906,7442,0,237,181,63
78,8,689,Shamela0096337,224,296,1000,510,85
78,280,673,Shamela0009898,259,235,658,188,48
78,694,1457,JK009325,139,786,1574,573,88
78,0,689,JK009325,210,348,1019,536,95
78,787,1578,PV2024060601,3696,0,837,568,81
78,808,1149,Zaydiyya0000413Vols,2099,272,469,146,53
78,787,1578,Shia001122Vols,3696,0,837,568,81
78,0,613,Shia001107Vols,196,754,1542,487,75
78,694,1424,Shia001107Vols,304,798,1521,564,95
78,1435,1578,Shia001107Vols,305,240,383,118,98
78,254,383,Shia004092Vols,809,0,129,103,100
78,0,505,Shia002185Vols,1845,1096,1601,405,98
78,505,689,Shia002185Vols,1846,0,184,148,100
78,0,500,Shia002185Vols,1849,859,1533,269,45
78,500,680,Shia002185Vols,1850,0,153,119,83
78,694,1149,Shia002185Vols,2241,677,1139,343,91
78,1256,1578,Shia002185Vols,2244,0,327,261,96
78,1300,1578,JK010561,885,924,1194,214,93
78,732,956,Shamela0036091,78,1346,1572,162,87
78,956,1149,Shamela0036091,79,0,203,147,88
78,8,497,Shamela0036091,118,1135,1609,362,88
78,497,689,Shamela0036091,119,0,200,153,95
78,0,242,Shamela0036091,162,310,699,180,54
78,0,147,Sham19Y0145435,1977,1386,1518,90,75
78,264,680,Sham19Y0145435,1979,123,696,262,52
78,902,1149,Zaydiyya0000125,15,852,1026,128,65
78,213,383,Rafed0002654Vols,218,263,426,131,95
78,272,680,Shamela0010283,4102,177,674,231,49
78,694,1578,Shia001432Vols,8995,315,1199,693,96
78,0,657,Shia001432Vols,10121,98,751,520,97
78,706,1578,Shia001432Vols,11517,399,1359,612,76
78,0,689,Shia001432Vols,13511,213,897,548,97
78,698,1578,Shia001432Vols,13771,538,1431,692,94
78,706,1191,Shia001432Vols,24396,1090,1612,319,71
78,1191,1578,Shia001432Vols,24397,0,424,288,81
78,264,680,Hindawi013538483,342,782,1196,194,43
78,264,680,JK000911,816,584,1127,251,51
78,0,447,Rafed0001617Vols,86,775,1523,365,59
78,447,718,Rafed0001617Vols,87,0,270,205,95
78,694,1493,Rafed0001617Vols,149,703,1501,622,95
78,694,1578,Masaha002872,287,573,1435,667,91
78,706,1084,Shia001174Vols,5178,1072,1489,257,73
78,1091,1578,Shia001174Vols,5179,0,529,350,78
78,738,971,Shia001174Vols,5183,156,1533,171,15
78,1222,1578,Shia003986,229,0,362,289,96
78,8,689,Tafsir04056,5596,49,601,411,73
78,0,308,Shia20200618,80,1250,1551,246,96
78,308,718,Shia20200618,81,0,405,317,96
78,694,907,Shia20200618,142,1363,1564,152,88
78,914,1578,Shia20200618,143,4,673,533,98
78,264,680,Shamela0012396BK1,189,317,844,254,53
78,902,1149,Rafed0003257Vols,4967,1189,1438,189,93
78,732,897,Shia001615Vols,727,850,1056,126,76
78,866,1149,Zaydiyya0000015,442,522,810,219,95
78,35,600,Hindawi068305130,624,574,1135,450,97
78,706,1280,Zaydiyya0000059,25,949,1524,442,93
78,1280,1578,Zaydiyya0000059,26,0,303,242,96
78,0,196,Shamela0009770,1241,1315,1507,128,75
78,0,196,Shamela0004445,3291,178,381,136,79
78,0,1457,Hindawi030807493,105,105,1551,1152,97
78,1457,1578,Hindawi030807493,106,0,121,100,98
78,0,196,Shamela0009783BK1,1607,387,572,128,78
78,264,680,Shamela0009783BK1,1608,628,1202,263,52
78,492,680,Zaydiyya0000543,492,154,801,141,26
78,1127,1369,Zaydiyya0000543,739,592,1603,191,23
79,0,399,JK009325,140,115,485,302,91
79,0,556,PV2024060601,3696,837,1569,412,69
79,835,1488,PV2024060601,3697,792,1454,511,96
79,0,556,Shia001122Vols,3696,837,1569,412,69
79,835,1488,Shia001122Vols,3697,792,1454,511,96
79,0,936,Shia001107Vols,305,383,1593,750,76
79,936,1550,Shia001107Vols,306,0,1064,492,57
79,0,747,Shia002185Vols,2244,327,1094,596,94
79,734,1550,Shia002185Vols,2250,518,1361,642,94
79,1213,1528,Shia002185Vols,2253,198,489,118,37
79,0,330,JK010561,885,1194,1481,235,86
79,0,404,Shia001432Vols,8995,1199,1607,331,97
79,404,1550,Shia001432Vols,8996,0,1147,903,97
79,835,971,Shia001432Vols,11518,1350,1490,103,95
79,162,747,Shia001432Vols,11518,0,767,412,65
79,971,1550,Shia001432Vols,11519,0,576,455,96
79,754,1011,Shia001432Vols,11526,789,1036,89,32
79,1209,1443,Shia001432Vols,11527,72,780,130,23
79,1363,1528,Shia001432Vols,11528,17,623,85,17
79,143,1550,Shia001432Vols,13772,0,1453,1114,94
79,0,747,Shia001432Vols,24397,424,1369,527,68
79,835,1550,Shia001432Vols,24398,408,1133,564,97
79,0,1440,Rafed0001617Vols,150,85,1538,1150,98
79,109,1550,Masaha002872,288,0,1505,1118,90
79,0,747,Shia001174Vols,5179,529,1468,529,68
79,835,1550,Shia001174Vols,5180,480,1205,566,97
79,847,1189,Shia001174Vols,5191,248,1371,258,29
79,1101,1451,Shia001174Vols,5192,51,967,224,28
79,0,358,Shia003986,229,362,728,293,96
79,0,902,Shia20200618,143,673,1582,727,98
79,902,1550,Shia20200618,144,0,656,518,98
79,498,747,Shamela0006947,6455,1312,1531,175,87
79,0,747,Zaydiyya0000059,26,303,1053,592,95
79,0,1428,Hindawi030807493,106,121,1554,1146,99
79,305,527,Zaydiyya0000543,741,690,1492,175,26
79,547,1042,Zaydiyya0000543,742,261,1432,321,33
79,993,1338,Zaydiyya0000543,743,203,1466,266,26
79,1338,1528,Zaydiyya0000543,744,6,673,147,27
80,140,267,JK000906,8520,1062,1189,82,80
80,489,882,Shia001153,118,283,647,235,65
80,1157,1501,Hindawi053075185,88,720,1062,267,97
80,494,922,Hindawi053075185,112,783,1222,345,95
80,140,267,Shamela0096337,254,841,1012,82,61
80,939,1429,Zaydiyya0000302,1012,718,1210,277,64
80,939,1432,Shia000107Vols,1515,104,586,267,61
80,614,882,ShamAY0033834,70,0,246,162,63
80,1240,1406,Shia000277Vols,1080,1324,1493,120,84
80,1085,1501,JK009325,177,1022,1427,309,93
80,986,1429,PV2024060601,1505,28,464,267,69
80,0,432,PV2024060601,3698,64,514,338,95
80,939,1429,PV2024060601,7138,890,1382,277,64
80,939,1501,Zaydiyya0000004,214,96,655,433,96
80,986,1429,Shia001122Vols,1505,28,464,267,69
80,0,432,Shia001122Vols,3698,64,514,338,95
80,0,311,Shia001107Vols,306,1064,1385,240,95
80,311,461,Shia001107Vols,307,502,651,113,94
80,437,931,Shia001107Vols,335,745,1642,394,53
80,927,1501,Shia001107Vols,342,294,1073,451,72
80,939,1501,Shia004092Vols,3223,639,1176,411,91
80,437,867,Hindawi029620591,243,1237,1668,348,97
80,939,1498,Shia003729Vols,230,187,677,350,79
80,489,882,Shia002185Vols,604,784,1150,237,65
80,0,131,Shia002185Vols,2250,1361,1491,103,99
80,131,432,Shia002185Vols,2251,0,299,234,98
80,437,922,Shia002185Vols,3019,861,1347,392,98
80,986,1501,Shia002185Vols,3060,72,589,403,98
80,986,1501,Shamela0022892,29,56,573,398,97
80,140,267,Shamela0009775,72,345,515,82,61
80,986,1432,JK010561,572,1074,1531,348,95
80,140,267,Shamela0036091,171,154,368,82,49
80,939,1429,Shia000075Vols,975,412,901,277,63
80,939,1501,Rafed0002654Vols,2854,166,703,411,91
80,494,882,Shia001900,76,77,418,207,58
80,489,882,Shia003636Vols,1443,699,1059,234,65
80,0,306,Shia001432Vols,8996,1147,1451,235,98
80,489,882,Shia001432Vols,10746,806,1162,265,78
80,927,1501,Shia001432Vols,11298,568,1270,441,78
80,0,432,Shia001432Vols,11519,576,1007,338,99
80,939,1406,Shia001432Vols,13749,995,1464,254,63
80,66,461,Shia001432Vols,13773,0,387,297,95
80,0,323,Shia001432Vols,24398,1133,1454,248,98
80,936,1501,Shia001432Vols,29922,0,693,443,80
80,489,882,Shia001432Vols,31238,966,1327,235,65
80,1199,1429,Shia000182VolsBK2,938,787,1001,149,78
80,986,1429,Shia001217Vols,2419,120,556,269,69
80,939,1501,Shia001217Vols,2421,682,1262,439,95
80,927,1501,Hindawi059250728,50,254,860,443,91
80,0,461,Rafed0001617Vols,151,112,571,353,97
80,546,951,Rafed0001617Vols,172,0,403,326,97
80,927,1501,Rafed0001617Vols,176,193,883,451,82
80,939,1429,Shia001237Vols,1625,1025,1469,244,60
80,489,730,Shia001237Vols,2650,1250,1521,176,77
80,73,441,Masaha002872,289,0,371,276,93
80,0,241,Shia001174Vols,5180,1205,1460,185,92
80,241,432,Shia001174Vols,5181,0,191,152,100
80,0,207,Shia001174Vols,5193,781,1554,158,26
80,203,399,Shia001174Vols,5194,108,535,142,41
80,0,311,Shia003986,230,340,642,234,96
80,986,1447,Rafed0003799Vols,2386,558,1020,362,98
80,0,461,Shia20200618,144,656,1111,353,97
80,437,951,Shia20200618,159,161,671,410,97
80,927,1501,Shia20200618,163,305,992,451,82
80,1228,1429,Shia000196Vols,1145,661,857,140,85
80,939,1429,Shia000196Vols,1213,755,1251,280,64
80,1250,1406,Shia000196Vols,1249,0,147,112,89
80,978,1309,Zaydiyya0000211,31,1219,1543,257,96
80,939,1429,Shia001615Vols,1148,931,1425,269,65
80,927,1501,Hindawi068305130,427,407,1013,443,91
80,986,1429,Masaha000989,128,280,697,242,65
80,992,1429,Shia002369Vols,145,587,997,250,65
80,0,1318,Hindawi030807493,107,125,1546,1043,90
80,1318,1501,Hindawi030807493,108,0,184,139,97
80,939,1429,Shia001270Vols,109,757,1244,265,63
80,939,1429,Shia002945Vols,727,927,1418,281,65
80,0,203,Zaydiyya0000543,744,931,1540,152,32
81,0,332,Hindawi053075185,88,1062,1342,211,77
81,222,1097,Zaydiyya0000302,1013,0,753,408,52
81,43,977,Shia000107Vols,1515,694,1428,399,49
81,1097,1283,Shia001171,487,1010,1154,117,77
81,0,395,Shia000234Vols,4665,376,777,229,61
81,0,395,Shia000317Vols,5113,814,1217,225,60
81,1092,1556,JK009325,21,1060,1486,335,88
81,78,1097,JK009325,178,0,975,735,87
81,1274,1495,JK009364,97,725,960,135,62
81,1102,1556,Masaha000554Vols,4402,1088,1401,227,56
81,0,1054,PV2024060601,1505,492,1404,473,49
81,43,1097,PV2024060601,7139,16,911,490,52
81,1274,1495,Masaha001842Vols,146,1111,1309,130,67
81,0,454,Zaydiyya0000004,214,655,1119,358,96
81,0,1054,Shia001122Vols,1505,492,1404,473,49
81,0,414,Shia001107Vols,342,1073,1499,326,95
81,414,1054,Shia001107Vols,343,376,1017,506,96
81,1097,1306,Shia001107Vols,438,1346,1554,171,99
81,1291,1556,Shia001107Vols,439,536,799,166,73
81,1138,1306,JK003609,4787,1435,1559,99,72
81,1306,1556,JK003609,4788,0,253,199,96
81,1092,1371,Shia003712,57,1156,1645,134,27
81,1138,1495,Zaydiyya0000013,13,938,1191,158,53
81,0,906,Shia002185Vols,3060,589,1494,704,95
81,906,1114,Shia002185Vols,3061,0,236,166,85
81,1179,1556,Shia002185Vols,3723,0,415,289,83
81,1138,1495,Shia001156,45,681,981,237,80
81,0,646,Shia000075Vols,975,929,1426,282,49
81,652,1097,Shia000075Vols,976,0,455,232,56
81,1138,1556,JK010733,21,527,908,296,85
81,0,238,Shia001432Vols,11298,1270,1508,183,94
81,238,1114,Shia001432Vols,11299,0,913,691,93
81,0,1097,Shia001432Vols,13750,52,1040,514,50
81,1102,1556,Shia001432Vols,22835,189,638,356,95
81,1138,1495,Shia001432Vols,24443,564,803,163,53
81,0,784,Shia001432Vols,29922,693,1486,606,95
81,784,1107,Shia001432Vols,29923,0,349,257,89
81,0,1022,Shia001217Vols,2419,584,1444,464,50
81,0,191,Shia001217Vols,2421,1262,1452,141,90
81,191,1097,Shia001217Vols,2422,0,943,712,93
81,0,604,Hindawi059250728,50,860,1480,478,96
81,604,1097,Hindawi059250728,51,0,529,395,92
81,0,604,Rafed0001617Vols,176,883,1497,478,97
81,604,1114,Rafed0001617Vols,177,0,540,403,92
81,1097,1556,Rafed0001617Vols,232,216,712,364,88
81,11,1097,Shia001237Vols,1626,10,834,440,46
81,1102,1553,ShamAY0033599,80,479,827,228,60
81,1102,1556,Sham19Y0014309,1155,424,892,327,78
81,0,481,Shia20200618,163,992,1485,379,96
81,481,1114,Shia20200618,164,0,664,501,92
81,1085,1556,Shia20200618,218,59,542,373,95
81,209,1097,Shia000196Vols,1214,0,817,409,49
81,1233,1556,JK010568,93,844,1177,254,94
81,1102,1556,Shamela0005446,306,18,439,319,83
81,1138,1556,JK001305,153,989,1378,284,81
81,1138,1509,Shia002165,26,594,962,270,83
81,0,454,Hindawi068305130,427,1013,1483,357,95
81,454,1097,Hindawi068305130,428,0,679,511,93
81,0,800,Masaha000989,128,725,1401,364,50
81,660,1073,Shia002369Vols,146,0,326,199,56
81,0,1309,Hindawi030807493,108,184,1524,1049,96
81,1309,1556,Hindawi030807493,109,0,246,197,98
81,549,1097,Shia001270Vols,110,170,684,269,56
81,0,1097,Shia002945Vols,728,24,1001,514,51
81,343,487,Zaydiyya0000543,948,173,729,102,23
82,516,1544,Shia001153,76,303,1450,759,79
82,422,1164,Shamela0008460,306,503,1543,566,66
82,29,394,JK009325,22,0,370,271,81
82,422,1046,JK009325,152,633,1571,484,63
82,1046,1569,JK009325,153,0,522,401,95
82,845,1158,Shia001131Vols,283,1151,1441,175,63
82,451,622,Shia001107Vols,382,1017,1500,135,34
82,622,1452,Shia001107Vols,383,0,1058,657,76
82,1452,1569,Shia001107Vols,384,52,170,91,99
82,0,378,Shia001107Vols,439,799,1226,316,88
82,0,378,JK003609,4788,253,656,305,87
82,744,1569,Zaydiyya0000035,42,267,1029,588,87
82,589,1523,Shia004092Vols,11889,538,1062,411,55
82,422,667,Shia002185Vols,3398,983,1546,185,41
82,671,879,Shia002185Vols,3399,3,211,159,95
82,868,1295,Shia002185Vols,3399,1152,1578,343,99
82,1295,1569,Shia002185Vols,3400,0,275,216,99
82,0,378,Shia002185Vols,3723,415,830,315,90
82,0,398,Shia001156,45,265,699,312,84
82,1447,1569,JK010561,884,153,276,89,93
82,589,1523,Rafed0002654Vols,11847,750,1274,411,55
82,874,1222,AOCP20251117058,143,719,1070,250,86
82,422,1277,Shamela0010283,1210,362,1496,654,70
82,1277,1569,Shamela0010283,1211,0,299,228,96
82,422,1255,Shia003636Vols,1667,271,1524,654,64
82,1259,1569,Shia003636Vols,1668,0,325,244,95
82,0,378,JK010733,21,908,1313,301,85
82,422,1562,Shia001432Vols,11361,32,1493,891,75
82,0,394,Shia001432Vols,22835,638,1070,320,88
82,516,786,Shia001432Vols,24331,1182,1449,212,98
82,786,1569,Shia001432Vols,24332,0,874,566,77
82,516,1569,Rafed0001617Vols,200,273,1316,825,98
82,0,378,Rafed0001617Vols,232,712,1128,316,90
82,845,1486,Shia001237Vols,3248,464,1074,306,51
82,516,1174,Shia001237Vols,3260,893,1535,511,96
82,1174,1569,Shia001237Vols,3261,0,390,301,95
82,0,313,ShamAY0033599,80,808,1110,172,61
82,422,1060,Shamela0009429,2999,552,1504,497,64
82,1060,1569,Shamela0009429,3000,0,512,390,94
82,0,378,Sham19Y0014309,1155,892,1308,311,88
82,868,1141,Shia003986,288,1315,1588,219,99
82,422,1057,Hindawi079072819,198,592,1539,492,64
82,1057,1569,Hindawi079072819,199,0,506,398,97
82,868,1008,Rafed0003799Vols,2388,924,1062,109,97
82,868,1008,Rafed0003799Vols,2525,1277,1415,109,97
82,0,362,Shia003704,300,1232,1592,234,66
82,422,680,Shia20200618,186,941,1511,194,42
82,680,1569,Shia20200618,187,0,883,704,98
82,0,394,Shia20200618,218,542,975,321,88
82,0,378,JK010568,93,1177,1582,306,88
82,0,378,Shamela0005446,306,439,854,313,89
82,0,152,JK001305,153,1378,1559,115,78
82,744,955,Zaydiyya0000211,32,741,952,171,99
82,0,398,Shia002165,26,192,612,304,82
82,432,1008,Shamela0006947,21608,580,908,218,48
82,0,287,Masaha004580,95,1406,1610,167,69
82,0,378,Shia001355,72,292,572,231,71
82,0,378,Shia001355,84,433,836,286,78
82,516,1196,Shia000806Vols,146,803,1475,534,98
82,1447,1569,Shia000806Vols,148,160,282,94,98
82,0,916,Hindawi030807493,109,246,1597,719,64
82,916,1569,Hindawi030807493,110,0,654,519,99
82,0,313,JK001493,377,1300,1621,206,64
82,516,821,Zaydiyya0000543,1072,760,1583,238,36
82,811,1141,Zaydiyya0000543,1073,0,925,255,34
82,1396,1562,Zaydiyya0000543,1074,991,1442,128,36
83,0,1433,Shia001153,77,26,1515,1009,78
83,338,452,Shia002389Vols,1002,166,279,91,97
83,868,1525,Hindawi053075185,89,1006,1536,353,59
83,1054,1525,Shamela0008460,307,89,552,356,92
83,874,1213,JK010372,37,668,927,146,50
83,0,1033,JK009325,153,522,1495,762,91
83,1033,1525,JK009325,154,0,488,373,93
83,20,1139,Shia001131Vols,284,348,1494,584,57
83,0,994,Shia001107Vols,384,170,1557,778,69
83,994,1525,Shia001107Vols,385,0,886,414,57
83,11,308,Zaydiyya0000035,42,1033,1340,225,92
83,868,1037,Zaydiyya0000035,42,1340,1502,125,92
83,1099,1353,Zaydiyya0000035,43,9,273,181,86
83,1099,1399,Shia004092Vols,11745,1115,1393,211,88
83,1228,1399,Shia004092Vols,11889,1237,1394,123,89
83,116,401,Shia004092Vols,11889,1062,1221,122,54
83,452,868,Shia004092Vols,11890,0,412,333,98
83,37,263,Shia002185Vols,3400,1275,1506,114,56
83,0,152,Shia002185Vols,3400,275,426,118,98
83,263,868,Shia002185Vols,3401,0,606,476,96
83,868,1399,Shia002185Vols,3402,68,597,417,98
83,1228,1525,Shia002185Vols,3405,29,928,192,26
83,1232,1399,Shamela0022892,56,1114,1267,119,88
83,1228,1399,JK010561,599,601,769,136,98
83,868,1099,JK010561,884,342,569,180,97
83,1099,1399,Rafed0002654Vols,11671,1001,1281,212,88
83,116,401,Rafed0002654Vols,11847,1274,1433,122,54
83,452,868,Rafed0002654Vols,11848,198,610,333,98
83,152,308,AOCP20251117058,74,1055,1238,113,78
83,0,1209,Shamela0010283,1211,299,1491,926,95
83,1209,1525,Shamela0010283,1212,0,322,249,92
83,0,1074,Shia003636Vols,1668,325,1508,833,87
83,1074,1525,Shia003636Vols,1669,0,510,348,84
83,0,1497,Shia001432Vols,11362,8,1506,1175,96
83,0,559,Shia001432Vols,24332,874,1466,414,84
83,559,1525,Shia001432Vols,24333,0,1175,684,67
83,0,152,Rafed0001617Vols,200,1316,1466,117,97
83,152,1525,Rafed0001617Vols,201,0,1370,1080,96
83,1228,1399,Shia001237Vols,2084,577,745,136,98
83,152,338,Shia001237Vols,2832,1291,1481,143,95
83,338,452,Shia001237Vols,2937,1087,1201,90,97
83,378,1459,Shia001237Vols,3249,6,1149,572,56
83,0,1107,Shia001237Vols,3261,390,1491,865,97
83,1107,1525,Shia001237Vols,3262,0,417,327,95
83,0,1005,Shamela0009429,3000,512,1524,796,96
83,1005,1525,Shamela0009429,3001,0,520,396,93
83,1232,1399,Shamela0010512,63,151,305,125,92
83,0,1008,Hindawi079072819,199,506,1510,796,97
83,1008,1525,Hindawi079072819,200,0,515,404,96
83,67,1271,Noorlib0005343,474,264,1480,625,57
83,1228,1343,Rafed0003799Vols,209,1172,1284,90,97
83,452,729,Rafed0003799Vols,2388,1399,1675,220,96
83,729,1041,Rafed0003799Vols,2389,0,408,250,75
83,0,619,Shia20200618,187,883,1494,479,97
83,619,1525,Shia20200618,188,0,908,715,96
83,152,283,Zaydiyya0000211,32,981,1110,99,96
83,0,1146,Shia000806Vols,148,282,1191,429,40
83,0,857,Hindawi030807493,110,654,1506,686,99
83,857,1525,Hindawi030807493,111,0,666,530,98
83,0,401,Zaydiyya0000543,1075,27,1345,304,29
83,452,739,Zaydiyya0000543,1076,4,916,223,29
83,961,1146,Zaydiyya0000543,1077,612,1234,143,29
84,0,945,Shia001153,78,238,1544,651,58
84,945,1544,Shia001153,79,0,713,470,80
84,0,531,Shamela0008460,307,552,1087,404,91
84,0,1011,JK009325,154,488,1508,785,94
84,1011,1548,JK009325,155,0,550,427,93
84,395,833,Shia001131Vols,285,1016,1526,251,55
84,833,1405,Shia001131Vols,286,0,720,298,48
84,0,154,Shia001107Vols,385,886,1051,123,92
84,640,1025,Shia001107Vols,386,1163,1545,296,95
84,154,640,Shia001107Vols,386,22,535,387,92
84,1025,1548,Shia001107Vols,387,0,902,423,57
84,1113,1548,Shia004092Vols,11887,195,561,294,82
84,0,423,Hindawi029620591,179,980,1289,242,69
84,0,321,Shia002185Vols,3405,928,1263,255,93
84,321,571,Shia002185Vols,3407,484,743,202,95
84,438,1124,Shia002185Vols,3408,583,1473,488,66
84,1124,1481,Shia002185Vols,3409,1144,1524,288,92
84,1113,1548,Rafed0002654Vols,11845,429,795,294,82
84,0,1239,Shamela0010283,1212,322,1543,941,92
84,1239,1548,Shamela0010283,1213,0,321,245,90
84,0,878,Shia003636Vols,1669,510,1522,692,84
84,878,1548,Shia003636Vols,1670,0,747,529,85
84,1130,1544,LAL2013020401BK1,51,263,710,303,80
84,0,1468,Shia001432Vols,11363,29,1542,1162,94
84,0,305,Shia001432Vols,24333,1175,1580,177,46
84,305,1459,Shia001432Vols,24334,0,1501,870,71
84,0,159,Rafed0001617Vols,201,1370,1528,127,98
84,159,1548,Rafed0001617Vols,202,0,1434,1107,95
84,395,1405,Shia001237Vols,3250,323,1543,545,50
84,0,1087,Shia001237Vols,3262,417,1516,856,96
84,1087,1548,Shia001237Vols,3263,0,485,375,94
84,0,543,Shamela0009429,3001,520,1081,432,95
84,0,984,Hindawi079072819,200,515,1504,769,94
84,984,1548,Hindawi079072819,201,0,584,459,96
84,0,619,Shia20200618,188,908,1542,492,95
84,619,1548,Shia20200618,189,0,948,739,95
84,855,1025,Shia001615Vols,1425,661,831,136,100
84,438,571,Zaydiyya0000015,79,948,1092,109,92
84,66,321,Shia000806Vols,148,1280,1516,121,51
84,0,825,Hindawi030807493,111,666,1507,660,97
84,825,1548,Hindawi030807493,112,0,743,587,97
84,438,571,Zaydiyya0000083,38,1002,1145,108,91
84,245,423,Zaydiyya0000543,1079,938,1648,141,24
84,423,788,Zaydiyya0000543,1080,7,1380,278,25
85,0,887,Shia001153,79,725,1606,660,87
85,905,1617,Shia001153,80,8,867,536,75
85,0,151,Zaydiyya0000148,230,833,980,116,95
85,0,151,Zaydiyya0000148,237,156,296,110,90
85,0,151,Zaydiyya0000148,246,1449,1597,115,93
85,0,151,Zaydiyya0000148,351,567,717,114,91
85,5,1244,JK009325,155,550,1628,845,83
85,1244,1617,JK009325,156,0,369,297,97
85,26,808,Shia001131Vols,286,788,1617,417,55
85,808,1599,Shia001131Vols,287,0,874,356,44
85,0,392,Shia001107Vols,387,902,1299,314,95
85,419,1540,Shia001107Vols,388,0,1561,883,69
85,0,1516,Shia004092Vols,11887,561,1271,526,42
85,0,692,Shia002185Vols,3410,68,762,555,97
85,692,1450,Shia002185Vols,3411,847,1615,604,96
85,0,1516,Rafed0002654Vols,11845,795,1505,526,42
85,0,1311,Shamela0010283,1213,321,1622,1015,93
85,1311,1617,Shamela0010283,1214,0,306,241,94
85,0,827,Shia003636Vols,1670,747,1632,660,90
85,837,1617,Shia003636Vols,1671,9,858,619,88
85,0,692,LAL2013020401BK1,51,722,1394,491,84
85,0,1617,Shia001432Vols,11364,81,1611,1205,90
85,0,1418,Shia001432Vols,24335,88,1532,1043,84
85,1418,1617,Shia001432Vols,24336,0,202,151,90
85,113,1617,Rafed0001617Vols,203,0,1513,1206,97
85,26,1412,Shia001237Vols,3251,58,1492,708,53
85,0,1152,Shia001237Vols,3263,485,1624,906,95
85,1152,1617,Shia001237Vols,3264,0,474,373,96
85,0,1070,Hindawi079072819,201,584,1635,850,96
85,1070,1617,Hindawi079072819,202,0,559,433,95
85,26,660,Noorlib0005343,476,673,1328,344,59
85,0,645,Shia20200618,189,948,1587,520,98
85,645,1617,Shia20200618,190,0,972,767,95
85,0,868,Hindawi030807493,112,743,1608,703,99
85,868,1617,Hindawi030807493,113,0,755,601,97
85,151,298,Zaydiyya0000543,1083,1245,1584,120,42
85,1133,1418,Zaydiyya0000543,1086,214,1215,225,28
86,55,317,Shia001153,80,1116,1557,176,50
86,417,882,Shia001153,81,509,1569,362,41
86,882,1152,Shia001153,82,0,321,206,79
86,1252,1563,Shia001153,83,261,752,238,57
86,354,648,Shia002389Vols,533,1026,1313,235,97
86,1255,1569,Hindawi053075185,89,388,702,254,98
86,354,666,Shia002758,35,420,730,238,90
86,640,1252,Shia002758,105,385,999,481,97
86,0,1184,JK009325,156,369,1544,922,96
86,1184,1569,JK009325,157,0,393,307,94
86,656,1110,Shia001131Vols,288,846,1400,256,55
86,0,530,Shia001107Vols,389,655,1194,414,94
86,530,1013,Shia001107Vols,390,66,555,383,95
86,947,1170,Shia001107Vols,390,1331,1563,141,71
86,1170,1569,Shia001107Vols,391,0,408,321,95
86,354,640,Shia004092Vols,11887,1386,1663,222,95
86,648,1569,Shia004092Vols,11888,94,1258,586,55
86,651,827,Hindawi029620591,179,1379,1552,136,97
86,827,1184,Hindawi029620591,180,0,371,274,91
86,0,648,Shia002185Vols,3412,43,681,504,96
86,648,1252,Shia002185Vols,3417,114,720,480,98
86,1252,1569,Shia002185Vols,3424,250,577,255,94
86,354,587,Shia002759BK1,132,1308,1532,180,92
86,421,1569,Rafed0002654Vols,11846,0,1476,766,58
86,0,1242,Shamela0010283,1214,306,1543,964,95
86,1242,1569,Shamela0010283,1215,0,337,263,94
86,0,662,Shia003636Vols,1671,858,1578,520,88
86,662,1569,Shia003636Vols,1672,0,940,723,94
86,354,648,Shia001432Vols,440,477,764,235,97
86,0,1551,Shia001432Vols,11365,0,1567,1233,97
86,35,744,Shia001432Vols,11379,157,1482,185,14
86,55,354,Shia001432Vols,24336,451,931,201,53
86,494,1152,Shia001432Vols,24337,99,1275,479,50
86,1252,1527,Shia001432Vols,24338,1147,1597,214,56
86,648,1152,Shia001432Vols,32711,498,1005,399,98
86,354,651,Shia001217Vols,7161,123,416,234,95
86,651,947,Shia001217Vols,7185,440,625,144,59
86,648,1110,Shia001217Vols,7224,426,638,141,38
86,1245,1569,Hindawi059250728,49,931,1264,256,93
86,0,114,Rafed0001617Vols,203,1513,1626,92,98
86,114,1569,Rafed0001617Vols,204,0,1457,1147,96
86,656,1110,Shia001237Vols,3253,186,737,253,55
86,0,1059,Shia001237Vols,3264,474,1603,828,90
86,1059,1569,Shia001237Vols,3265,0,521,406,95
86,656,981,Shia001237Vols,4482,353,689,177,58
86,354,518,Shia002382Vols,423,1448,1611,134,99
86,0,1001,Hindawi079072819,202,559,1552,787,96
86,1001,1569,Hindawi079072819,203,0,577,452,96
86,648,993,Rafed0003799Vols,2389,1151,1498,276,98
86,648,1069,Rafed0003799Vols,2400,828,1314,299,73
86,648,1075,Shia000363,44,1353,1528,112,32
86,0,605,Shia20200618,190,972,1567,469,95
86,605,1569,Shia20200618,191,0,976,771,97
86,354,648,Shia002394Vols,826,253,545,229,93
86,648,904,Zaydiyya0000211,32,1279,1535,205,98
86,904,1403,Zaydiyya0000211,33,0,290,188,45
86,354,648,Zaydiyya0000015,39,1163,1464,241,96
86,1245,1569,Hindawi068305130,426,1073,1406,256,93
86,648,981,Shia000806Vols,149,1220,1604,264,85
86,1252,1501,Shia000806Vols,150,481,837,200,68
86,0,811,Hindawi030807493,113,755,1558,644,98
86,811,1569,Hindawi030807493,114,0,760,613,98
86,296,572,Zaydiyya0000543,1088,185,1372,209,21
87,0,754,Shia001153,83,755,1628,563,76
87,754,1563,Shia001153,84,0,1280,532,49
87,395,527,Zaydiyya0000148,247,168,300,106,100
87,395,527,Zaydiyya0000148,351,786,908,97,91
87,490,1266,Hindawi053075185,89,0,315,244,38
87,0,1203,JK009325,157,393,1588,950,97
87,1210,1563,JK009325,158,5,355,282,97
87,288,686,Shia001131Vols,290,0,506,233,53
87,6,707,Shia001107Vols,391,954,1657,563,98
87,707,1266,Shia001107Vols,392,0,852,443,64
87,1266,1563,Shia001107Vols,393,5,304,240,98
87,1266,1435,Shia004092Vols,11888,1359,1530,136,98
87,0,395,Shia002185Vols,3424,577,972,320,99
87,395,1092,Shia002185Vols,3425,839,1536,548,97
87,1266,1563,Shia002185Vols,3428,846,1147,239,98
87,527,686,JK010561,884,569,731,125,95
87,0,1266,Shamela0010283,1215,337,1595,1004,97
87,1266,1563,Shamela0010283,1216,85,384,233,94
87,0,574,Shia003636Vols,1672,940,1595,463,86
87,574,1563,Shia003636Vols,1673,0,1009,787,96
87,0,1557,Shia001432Vols,11366,19,1576,1243,98
87,0,1237,Shia001432Vols,24339,46,1576,863,65
87,1259,1563,Shia001432Vols,24340,131,623,206,52
87,395,1277,Hindawi059250728,49,503,949,331,44
87,104,1563,Rafed0001617Vols,205,0,1461,1170,98
87,210,686,Shia001237Vols,3254,783,1383,282,55
87,0,1064,Shia001237Vols,3265,521,1579,833,95
87,1064,1563,Shia001237Vols,3266,0,500,401,98
87,0,995,Hindawi079072819,203,577,1573,795,98
87,995,1563,Hindawi079072819,204,0,569,456,98
87,0,614,Shia20200618,191,976,1592,496,98
87,614,1563,Shia20200618,192,0,949,758,98
87,388,1277,Hindawi068305130,426,638,1091,333,44
87,174,315,Hindawi068305130,427,0,141,115,100
87,0,821,Hindawi030807493,114,760,1583,657,98
87,821,1563,Hindawi030807493,115,0,739,599,99
87,55,339,Zaydiyya0000543,1093,41,1363,209,19
87,1287,1482,Zaydiyya0000543,1097,979,1619,152,29
88,0,170,Shia001153,84,1280,1580,133,55
88,178,1326,Shia001153,85,7,1611,832,61
88,1326,1622,Shia001153,86,0,369,227,73
88,921,1089,Shia000234Vols,6889,799,992,131,82
88,0,1236,JK009325,158,355,1631,995,95
88,1236,1622,JK009325,159,0,393,304,95
88,145,518,Shia001107Vols,393,1168,1544,277,89
88,0,186,Shia001107Vols,393,304,500,149,93
88,518,710,Shia001107Vols,394,0,204,160,93
88,669,1241,Shia001107Vols,394,729,1349,448,87
88,1229,1622,Shia001107Vols,395,320,712,303,91
88,1089,1516,Zaydiyya0000035,43,402,649,181,50
88,0,422,Shia002185Vols,3428,1147,1577,338,96
88,496,1089,Shia002185Vols,3434,60,684,483,94
88,1092,1622,Shia002185Vols,3435,489,1029,427,97
88,100,315,Rafed0002654Vols,11847,136,260,101,57
88,0,1207,Shamela0010283,1216,384,1615,964,94
88,1207,1622,Shamela0010283,1217,0,431,333,95
88,0,527,Shia003636Vols,1673,1009,1582,418,89
88,489,1622,Shia003636Vols,1674,5,1203,913,93
88,0,1540,Shia001432Vols,11367,7,1594,1243,95
88,0,532,Shia001432Vols,24340,623,1568,407,52
88,532,1622,Shia001432Vols,24341,0,1343,791,69
88,496,1089,Shia001432Vols,32269,694,1312,482,95
88,921,1089,Shia001217Vols,4883,1244,1432,131,84
88,0,100,Rafed0001617Vols,205,1461,1560,79,99
88,100,1622,Rafed0001617Vols,206,0,1569,1229,95
88,0,1083,Shia001237Vols,3266,500,1619,872,95
88,1083,1622,Shia001237Vols,3267,0,554,433,95
88,496,1089,Shia001237Vols,3331,1146,1438,204,41
88,0,1018,Hindawi079072819,204,569,1620,828,96
88,1018,1622,Hindawi079072819,205,0,610,482,96
88,1092,1452,Rafed0003799Vols,2390,948,1317,289,96
88,905,1100,Rafed0003799Vols,2452,54,292,146,76
88,0,635,Shia20200618,192,949,1591,514,97
88,635,1622,Shia20200618,193,0,1017,794,95
88,496,1338,Zaydiyya0000211,33,336,948,427,59
88,1092,1426,Shamela0006947,21608,925,1253,253,91
88,797,1100,Shia001615Vols,546,815,1075,168,68
88,910,1079,Shia000298Vols,2975,373,572,132,80
88,0,884,Hindawi030807493,115,739,1623,722,99
88,884,1622,Hindawi030807493,116,0,777,599,94
88,914,1089,Shia000376Vols,726,227,418,127,78
88,0,247,Zaydiyya0000543,1098,436,1530,191,21
88,1092,1296,Zaydiyya0000543,1102,628,1480,162,23
88,1452,1622,Zaydiyya0000543,1103,728,1120,128,40
89,0,729,Shia001153,86,369,1559,538,54
89,729,1521,Shia001153,87,0,1269,564,54
89,1162,1338,Shia000234Vols,4339,143,340,138,86
89,1343,1521,JK000916,16630,196,371,138,92
89,0,1126,JK009325,159,393,1509,863,94
89,1126,1521,JK009325,160,0,415,312,92
89,1157,1338,Zaydiyya0000004,113,562,769,142,85
89,0,392,Shia001107Vols,395,712,1597,316,44
89,779,1264,Shia001107Vols,396,1074,1539,362,94
89,392,779,Shia001107Vols,396,0,423,304,89
89,1264,1521,Shia001107Vols,397,19,594,210,44
89,1347,1521,Zaydiyya0000035,43,815,991,134,87
89,266,632,Shia004092Vols,3223,179,548,272,88
89,1181,1338,Shia004092Vols,11889,171,349,123,85
89,281,632,Shia003729Vols,230,860,1243,252,78
89,0,275,Shia002185Vols,3435,1029,1304,220,99
89,275,637,Shia002185Vols,3436,1156,1535,287,93
89,821,1305,Shia002185Vols,3437,943,1458,371,89
89,637,840,Shia002185Vols,3437,6,209,157,98
89,1338,1521,Shia002185Vols,3438,831,1019,150,96
89,266,632,Shamela0022892,29,720,1087,271,88
89,958,1521,Shia001156,55,964,1540,435,92
89,281,632,JK010561,573,232,597,269,89
89,266,551,Rafed0002654Vols,2853,1211,1504,214,88
89,1181,1338,Rafed0002654Vols,11847,384,562,123,85
89,0,1056,Shamela0010283,1217,431,1511,821,93
89,1056,1521,Shamela0010283,1218,0,481,355,89
89,0,395,Shia003636Vols,1674,1203,1620,315,93
89,395,1521,Shia003636Vols,1675,0,1245,877,86
89,0,1385,Shia001432Vols,11368,83,1506,1074,92
89,1385,1521,Shia001432Vols,11369,0,137,113,99
89,0,159,Shia001432Vols,24341,1343,1493,112,85
89,159,1096,Shia001432Vols,24342,90,1487,662,57
89,1075,1521,Shia001432Vols,24343,171,661,332,83
89,1157,1338,Shia001432Vols,27363,14,216,141,86
89,1343,1521,JK007082,199,949,1122,139,93
89,1343,1521,Shamela0001438,6222,1308,1481,138,93
89,1071,1338,Shia001217Vols,2281,1063,1338,192,83
89,1343,1521,JK008001,5061,429,604,138,92
89,50,1521,Rafed0001617Vols,207,0,1510,1153,93
89,0,976,Shia001237Vols,3267,554,1534,752,93
89,976,1521,Shia001237Vols,3268,0,559,416,90
89,1347,1521,Shia003986,289,548,723,144,99
89,0,906,Hindawi079072819,205,610,1535,718,95
89,906,1521,Hindawi079072819,206,0,624,473,92
89,275,531,Rafed0003799Vols,2390,73,352,204,90
89,0,531,Shia20200618,193,1017,1565,425,96
89,531,1521,Shia20200618,194,0,1002,766,93
89,1157,1338,Zaydiyya0000129,30,651,854,139,83
89,1351,1521,Shamela0003118,4864,0,166,132,92
89,87,275,Zaydiyya0000211,33,948,1136,152,100
89,1157,1318,Shia001615Vols,396,293,486,122,79
89,1332,1521,Shia001615Vols,446,992,1192,141,78
89,1343,1521,Sham19Y0127677,3998,1161,1334,138,93
89,1343,1521,Shamela0004445,3675,782,952,134,90
89,0,751,Hindawi030807493,116,777,1549,596,95
89,751,1521,Hindawi030807493,117,0,787,606,95
89,1343,1521,JK009390,5482,1100,1276,138,91
89,103,408,Zaydiyya0000543,1104,188,1308,247,27
89,665,803,Zaydiyya0000543,1105,958,1507,105,24
89,821,1004,Zaydiyya0000543,1106,545,1465,130,17
89,1071,1433,Zaydiyya0000543,1107,308,1479,263,28
90,0,204,Shia001153,87,1269,1507,154,78
90,204,1519,Shia001153,88,0,1467,929,77
90,1154,1519,Zaydiyya0000148,219,952,1320,287,96
90,0,378,JK000916,16630,371,794,280,84
90,0,1098,JK009325,160,415,1508,849,95
90,1098,1519,JK009325,161,0,423,338,98
90,1265,1440,Masaha000554Vols,1150,1239,1447,142,81
90,1265,1434,Masaha000554Vols,2904,550,719,137,99
90,967,1237,AOCP20250214597,222,1027,1307,186,80
90,0,549,Shia001107Vols,397,594,1159,431,95
90,532,1018,Shia001107Vols,398,25,522,376,92
90,828,1515,Shia001107Vols,398,885,1600,452,73
90,0,388,Shia002185Vols,3438,1019,1406,305,99
90,388,972,Shia002185Vols,3442,791,1348,437,92
90,972,1359,Shia002185Vols,3450,1107,1504,307,96
90,1359,1519,Shia002185Vols,3451,0,160,130,98
90,13,1519,Shia001156,56,0,1492,1164,95
90,0,1035,Shamela0010283,1218,481,1498,782,92
90,1035,1519,Shamela0010283,1219,0,481,384,98
90,0,255,Shia003636Vols,1675,1245,1499,202,98
90,255,1519,Shia003636Vols,1676,0,1399,1001,88
90,132,296,LAL2013020401BK1,51,1412,1575,115,87
90,1154,1519,Rafed0000609Vols,480,47,411,294,99
90,0,1367,Shia001432Vols,11369,137,1525,1081,97
90,1367,1519,Shia001432Vols,11370,0,152,123,98
90,0,735,Shia001432Vols,24343,661,1504,529,76
90,735,1519,Shia001432Vols,24344,0,853,553,78
90,972,1519,Shia001432Vols,31257,531,1094,434,94
90,0,351,JK007082,199,1122,1511,252,80
90,104,378,Shamela0001438,6223,6,319,194,78
90,388,628,Hindawi059250728,50,12,254,189,96
90,0,378,JK008001,5061,604,1013,270,81
90,0,1506,Rafed0001617Vols,208,0,1517,1196,98
90,976,1519,Shia001237Vols,2652,530,1091,429,94
90,0,976,Shia001237Vols,3268,559,1497,730,93
90,976,1519,Shia001237Vols,3269,0,563,429,93
90,0,138,Shia003986,289,723,861,110,99
90,828,972,Shia003986,289,1324,1470,116,98
90,0,877,Hindawi079072819,206,624,1500,696,99
90,877,1519,Hindawi079072819,207,0,655,514,97
90,0,494,Shia20200618,194,1002,1500,391,97
90,494,1519,Shia20200618,195,0,1037,817,97
90,1265,1440,Rafed0003257Vols,1761,277,453,143,99
90,0,378,Shamela0003118,4864,166,586,284,85
90,1154,1519,Zaydiyya0000015,1569,299,656,287,95
90,132,378,Sham19Y0127677,3999,15,263,173,87
90,388,628,Hindawi068305130,427,165,407,189,96
90,1154,1519,Rafed0000175,173,45,410,295,99
90,0,378,Shamela0004445,3675,952,1382,276,81
90,0,718,Hindawi030807493,117,787,1503,568,98
90,718,1519,Hindawi030807493,118,0,813,642,98
90,132,378,JK009390,5483,5,251,174,87
90,89,388,Zaydiyya0000543,1108,719,1501,227,36
91,64,1546,Shia001153,89,0,1554,958,67
91,0,240,Zaydiyya0000148,219,1320,1558,192,98
91,240,400,Zaydiyya0000148,220,0,154,119,94
91,400,525,Shia002389Vols,1002,301,425,99,98
91,1233,1375,Shia002389Vols,1819,1306,1448,113,96
91,0,1119,JK009325,161,423,1532,867,95
91,1119,1555,JK009325,162,0,439,338,93
91,280,1356,Shia001131Vols,295,253,663,187,19
91,0,515,Shia001107Vols,399,715,1239,408,95
91,515,997,Shia001107Vols,400,404,895,379,95
91,949,1119,Shia001107Vols,400,1419,1577,115,83
91,1119,1540,Shia001107Vols,401,0,422,328,93
91,405,667,Zaydiyya0000035,43,1081,1270,148,70
91,874,997,Hindawi029620591,178,876,999,100,100
91,0,400,Shia002185Vols,3451,160,561,316,96
91,400,874,Shia002185Vols,3454,216,681,365,95
91,874,1369,Shia002185Vols,3455,1081,1576,396,97
91,1369,1555,Shia002185Vols,3456,0,185,150,97
91,22,235,Shia001156,57,0,214,171,98
91,400,667,JK010561,663,325,591,205,95
91,0,1078,Shamela0010283,1219,481,1539,837,96
91,1078,1555,Shamela0010283,1220,0,475,373,94
91,0,135,Shia003636Vols,1676,1399,1533,110,99
91,135,1525,Shia003636Vols,1677,0,1548,1078,86
91,0,1411,Shia001432Vols,11370,152,1546,1098,95
91,1411,1555,Shia001432Vols,11371,0,143,115,97
91,997,1222,Shia001432Vols,23500,47,274,175,91
91,8,651,Shia001432Vols,24344,856,1395,397,75
91,667,1555,Shia001432Vols,24345,7,948,616,75
91,0,400,Shia001432Vols,31257,1094,1493,319,99
91,400,874,Shia001432Vols,32811,57,521,363,95
91,405,874,Shia001217Vols,7572,209,665,357,94
91,0,1546,Rafed0001617Vols,209,14,1547,1214,97
91,997,1215,Shia001237Vols,2143,696,992,167,68
91,0,400,Shia001237Vols,2652,1091,1489,315,98
91,0,988,Shia001237Vols,3269,563,1533,768,96
91,988,1555,Shia001237Vols,3270,0,642,433,81
91,997,1151,Shia003986,289,1470,1623,124,98
91,0,880,Hindawi079072819,207,655,1531,689,97
91,880,1555,Hindawi079072819,208,0,666,535,97
91,0,497,Shia20200618,195,1037,1531,394,97
91,497,1555,Shia20200618,196,0,1047,833,97
91,1375,1525,Zaydiyya0000211,33,1361,1509,120,98
91,400,667,Shia001615Vols,2799,1177,1444,210,97
91,0,405,Zaydiyya0000015,1569,656,1051,311,95
91,997,1222,Shia000806Vols,288,366,592,174,94
91,0,718,Hindawi030807493,118,813,1527,573,99
91,718,1555,Hindawi030807493,119,0,827,663,97
91,186,584,Zaydiyya0000543,1113,190,1370,287,30
92,0,708,Shia001153,90,6,1065,503,57
92,0,662,JK009325,162,439,1130,522,93
92,0,465,Shia001107Vols,401,1066,1548,366,94
92,465,708,Shia001107Vols,402,0,672,190,33
92,406,699,Shia004092Vols,9699,578,865,223,90
92,0,406,Shia002185Vols,3456,185,608,319,94
92,406,708,Shia002185Vols,3458,1118,1437,241,90
92,406,699,Rafed0002654Vols,9477,840,1127,224,91
92,0,662,Shamela0010283,1220,475,1162,519,93
92,0,691,Shia003636Vols,1678,43,738,545,96
92,0,691,Shia001432Vols,11371,143,872,538,90
92,0,406,Shia001432Vols,24345,948,1488,275,63
92,406,708,Shia001432Vols,24346,192,500,231,88
92,0,708,Rafed0001617Vols,210,10,753,552,91
92,0,691,Shia001237Vols,3270,642,1373,542,90
92,0,708,Hindawi079072819,208,666,1399,556,92
92,998,1369,Sham19Y0000259,547,0,412,270,77
92,0,462,Shia20200618,196,1047,1526,364,94
92,462,708,Shia20200618,197,0,255,192,87
92,0,691,Hindawi030807493,119,827,1528,545,95
92,331,691,Zaydiyya0000543,1120,30,1078,280,33
92,823,1325,Shamela0012045,5,0,473,314,68
93,0,353,Shamela0010283,1312,932,1547,277,54
93,369,609,Shamela0010283,1313,203,798,190,39
93,760,892,Shia003636Vols,3675,455,582,104,96
93,952,1308,Shamela0037007,59,1463,1648,87,31
93,1094,1451,Shia003764Vols,263,192,462,127,40
93,952,1533,Shamela0001002,686,103,1124,459,56
93,0,369,Sham19Y0000259,547,1092,1467,290,94
93,369,702,Sham19Y0000259,548,144,581,265,75
93,883,1544,Sham19Y0000259,608,592,1243,513,95
93,702,883,Sham19Y0000259,732,70,215,116,78
93,0,252,Sham19Y0014579,2747,138,434,184,73
93,952,1447,Sham19Y0014579,3228,1199,1547,182,37
93,0,369,ShamIbadiyya0000391,36,182,815,290,56
93,8,324,Sham19Y0023644,1688,988,1324,194,63
93,0,324,Hindawi068305130,398,1041,1420,250,80
93,311,609,Hindawi068305130,399,70,916,237,34
93,0,369,Shamela0004473,8019,622,1244,281,56
93,369,536,Shamela0004473,12570,526,691,129,97
93,892,1544,Hindawi030807493,199,357,994,507,96
93,0,536,JK001412,331,368,1362,397,48
93,0,324,Shamela0023789,76,1006,1387,252,81
93,311,609,Shamela0023789,77,48,893,238,34
94,24,258,Shia003764Vols,263,489,678,108,48
94,0,212,Shamela0001002,686,1176,1435,169,80
94,215,1192,Shamela0001002,687,0,1467,761,64
94,1192,1501,Shamela0001002,688,0,462,240,64
94,0,194,Sham19Y0000259,608,1243,1485,155,78
94,194,1501,Sham19Y0000259,609,0,1313,1033,98
94,0,472,Hindawi030807493,199,994,1466,370,98
94,472,1501,Hindawi030807493,200,0,1036,824,99
95,748,1121,Shia003764Vols,263,1095,1281,144,48
95,0,284,Shia003764Vols,263,781,1064,230,99
95,0,822,Shamela0001002,688,462,1457,632,77
95,822,990,Shamela0001002,689,1289,1456,134,99
95,990,1505,Shamela0001002,690,0,552,406,91
95,0,199,Sham19Y0000259,609,1313,1512,162,98
95,199,1505,Sham19Y0000259,610,0,1308,1037,98
95,0,495,Hindawi030807493,200,1036,1530,397,99
95,495,1505,Hindawi030807493,201,0,1012,806,99
96,1035,1176,Sham19Y0036540,64,553,698,109,92
96,1027,1176,Shamela0006739,1988,690,849,114,88
96,1035,1176,Shamela0009099,305,794,938,109,93
96,1035,1176,JK009229,1006,563,707,109,93
96,759,1005,Shia003764Vols,263,1281,1525,191,97
96,1005,1271,Shia003764Vols,264,0,256,202,94
96,0,980,Shamela0001002,690,552,1511,723,87
96,980,1542,Shamela0001002,691,0,426,328,70
96,0,177,Sham19Y0000259,610,1308,1483,137,94
96,177,1542,Sham19Y0000259,611,0,1306,1037,94
96,0,501,Hindawi030807493,201,1012,1509,400,98
96,501,1542,Hindawi030807493,202,0,1043,835,99
96,1035,1176,Shamela0023789,366,959,1101,109,94
97,514,694,Hindawi092914940,350,1162,1342,147,99
97,211,694,Hindawi017160604,157,981,1475,394,97
97,180,402,Shamela0036075,15,1485,1685,136,70
97,402,694,Shamela0036075,16,0,218,161,66
97,723,1067,JK000919BK1,396,1132,1515,272,86
97,1067,1574,JK000919BK1,397,0,768,403,65
97,752,949,JK009325,71,400,614,140,74
97,211,686,JK009291,453,607,1071,267,57
97,966,1574,Shia002185Vols,301,814,995,131,27
97,1155,1411,Shia002185Vols,3748,807,1404,122,24
97,963,1145,Shamela0009096,184,280,410,94,65
97,186,694,JK010344,906,685,1228,398,89
97,723,1159,JK010729,15,890,1392,334,82
97,1138,1574,JK010729,16,139,645,322,79
97,186,694,Sham19Y0000760,1190,893,1328,328,78
97,186,694,Shamela0012320,636,181,713,408,93
97,752,949,Shia003764Vols,516,1283,1499,138,75
97,204,694,Hindawi026382506Vols,983,155,660,400,96
97,0,180,Shamela0001002,691,426,1001,141,30
97,963,1574,Shamela0010614,246,1049,1256,153,31
97,963,1155,Shamela0010614,314,572,716,102,67
97,186,699,Sham19Y0000259,263,483,904,305,70
97,0,170,Sham19Y0000259,611,1306,1475,138,98
97,752,949,JK000927,310,652,867,140,74
97,728,1203,Shamela0007435,156,1133,1464,207,47
97,1203,1411,Shamela0007435,157,0,196,136,78
97,337,629,ShamAY0002038,631,869,1106,179,75
97,186,694,JK000676,72,394,923,415,95
97,839,949,Sham19Y0023644,2725,1324,1434,89,100
97,211,694,Hindawi017083713,169,259,754,394,97
97,966,1574,Shamela0007853,646,1312,1517,150,30
97,963,1574,Shamela0007853,1125,93,295,145,29
97,186,694,Sham19Y0026523,547,998,1527,414,95
97,959,1159,Shamela0010798,715,475,695,149,85
97,0,170,Hindawi030807493,202,1043,1212,138,98
97,186,694,JK001412,505,707,1247,401,91
97,673,1493,ShamAY0005375,416,525,1341,616,91
97,199,708,Hindawi051719608,41,307,834,407,93
98,284,775,JK010552,408,1032,1525,391,96
98,775,1072,JK010552,409,0,406,234,70
98,1168,1484,Hindawi038697931,67,868,1199,249,92
98,284,863,JK000919BK1,297,1003,1581,469,99
98,863,1072,JK000919BK1,298,0,320,167,64
98,0,234,JK000919BK1,397,768,1223,187,51
98,284,1072,JK009325,721,482,1383,628,85
98,1168,1484,JK009230,119,578,892,249,97
98,278,702,JK009230,246,1265,1617,279,80
98,702,1072,JK009230,247,0,486,290,73
98,324,1033,Shamela0002506,85,85,563,210,34
98,0,234,JK010729,16,645,1129,182,47
98,1168,1484,Zaydiyya0000142,772,857,1191,249,91
98,1187,1484,Shamela0007822,125,106,396,216,88
98,391,1077,ShamAY0005375,184,0,693,487,78
98,1187,1480,ShamAY0005375,292,321,616,227,94
98,96,239,ShamAY0005375,416,1321,1456,107,93
99,729,1106,Tafsir07076,5053,922,1201,212,69
99,724,1106,Tafsir07076,5895,849,1134,216,70
99,850,1106,Tafsir07076,6420,0,196,154,74
99,729,1106,Tafsir07076,8797,218,454,181,59
99,0,281,JK003609,1605,1343,1563,153,61
99,1404,1550,JK003609,1606,399,542,115,96
99,329,729,JK003609,1606,7,394,301,93
99,0,841,Hindawi017979520,112,895,1499,483,70
99,847,1453,Hindawi017979520,113,0,415,319,65
99,0,1550,Shamela0010283,1574,621,1566,712,55
99,108,813,Shamela0009100,29,444,860,325,56
99,0,1495,JK006900,178,814,1541,539,44
99,0,841,Sham19Y0013666,223,22,547,387,56
99,108,1495,JK010583,81,590,1228,476,42
99,0,1032,Sham19Y0026523,4214,608,1613,789,94
99,1032,1550,Sham19Y0026523,4215,0,459,359,86
99,0,769,Hindawi092963020,567,1138,1597,361,58
99,769,1550,Hindawi092963020,568,0,311,243,38
100,788,1018,JK009245,899,558,788,187,99
100,0,788,JK003609,1606,542,1329,603,92
100,745,946,Hindawi017979520,113,423,622,163,99
100,9,1585,Shamela0010283,1575,14,1198,852,63
100,75,1483,JK006900,179,0,700,536,46
100,48,1483,Sham19Y0013666,223,742,1443,534,45
100,48,419,JK010583,81,1228,1567,254,83
100,677,1483,JK010583,82,10,392,299,46
100,0,1100,Sham19Y0026523,4215,459,1560,876,96
100,1100,1585,Sham19Y0026523,4216,0,475,370,93
100,0,257,Hindawi092963020,568,311,515,163,77
101,1420,1527,ShamAY0034797,109,1371,1475,73,87
101,1426,1531,Shamela0005416,110,1333,1438,73,87
101,1426,1527,Shamela0005416,136,341,441,72,91
101,1416,1527,Hindawi038697931,50,9,122,77,86
101,1426,1527,Shamela0005502,61,277,378,80,100
101,1426,1527,Shamela0008505,343,471,572,72,92
101,1426,1527,JK010566,175,704,805,77,97
101,1426,1531,JK010731,81,63,166,70,85
101,1426,1527,JK000919BK1,67,1339,1440,80,100
101,1416,1527,AOCP20251104084,76,1299,1412,82,92
101,1420,1531,JK009325,2079,682,794,80,91
101,817,927,Rafed0002267,5,191,302,86,98
101,1409,1527,Rafed0002267,13,939,1058,84,89
101,1416,1527,Sham19Y0122257,1675,1105,1217,86,97
101,1394,1527,JK009230,444,1356,1498,80,68
101,1420,1527,JK001503,3455,1286,1391,78,93
101,1426,1527,Shamela0023735,2997,372,473,77,97
101,1426,1531,Shamela0001349,32,1319,1425,71,85
101,204,359,Hindawi017979520,113,628,780,122,96
101,1416,1535,Shia002185Vols,4004,504,634,77,75
101,1426,1527,JK006919,1101,446,546,71,90
101,0,551,Shamela0010283,1575,1198,1555,271,60
101,599,1562,Shamela0010283,1576,0,857,620,77
101,1420,1527,JK006907,143,965,1069,73,87
101,1426,1535,Sham19Y0000760,361,646,754,73,86
101,0,1383,JK006900,179,704,1571,611,54
101,1383,1562,JK006900,180,0,174,134,92
101,1426,1531,Shamela0023591,2030,328,432,72,88
101,1420,1531,Hindawi072836250,34,1189,1303,84,92
101,0,1108,Sham19Y0026523,4216,475,1572,859,95
101,1108,1562,Sham19Y0026523,4217,0,458,357,96
101,1420,1527,JK001264,50,1140,1257,83,89
101,1416,1535,Shamela0011469,4,154,285,74,72
101,1420,1535,Shamela0000558,297,981,1103,83,86
101,1320,1531,JK010473,16,119,283,114,64
102,348,1018,Hindawi017979520,113,785,988,154,28
102,0,699,Shamela0010283,1576,860,1527,478,80
102,699,1038,Shamela0010283,1577,0,400,257,78
102,0,1038,JK006900,180,177,1255,751,81
102,0,1038,Sham19Y0026523,4217,458,1484,783,91
103,731,1538,JK009230,6,65,985,638,86
104,821,1028,Sham19Y0011565,681,133,278,74,44
106,0,448,Shamela0009229,446,1094,1576,356,89
106,584,1672,Shamela0009229,452,0,1112,872,95
107,0,562,Shamela0009229,452,1112,1680,449,95
107,562,690,Shamela0009229,453,0,133,103,96
107,958,1098,Sham19Y0011565,241,413,553,115,100
108,984,1125,JK010754,575,1106,1524,105,32
109,466,707,JK000906,760,1238,1485,197,97
109,472,707,ShamAY0035003,3,288,523,172,85
109,472,732,PV20230913,51,739,976,174,82
109,472,707,JK000055,396,594,844,160,72
109,472,707,JK000057,62,782,989,160,83
109,472,707,Sham19Y0014119,156,422,639,169,88
109,472,707,PV2024060602,6142,1096,1311,164,84
109,472,707,JK007084,892,374,588,169,87
109,481,707,JK009315,63,0,207,156,83
109,472,707,Sham19Y0017063,355,25,241,168,88
109,491,707,Shamela0000248,45,1296,1554,165,77
109,472,707,Sham19Y0122257,1036,843,1059,168,87
109,466,707,JK001492,59,727,959,180,89
109,466,707,JK001492,60,371,658,168,67
109,466,707,Kraken21042917,9,703,928,162,82
109,486,770,Sham19Y0017791,562,1199,1467,176,73
109,513,707,Sham19Y0017791,563,0,285,139,56
109,472,707,Shia000121Vols,241,959,1177,168,87
109,462,888,JK000458,283,1050,1406,250,65
109,472,707,JK007045,268,692,909,169,88
109,472,756,JK000429,138,1246,1450,141,60
109,462,707,Sham19Y0020891,652,1296,1541,200,100
109,472,707,Kraken230106005528,636,415,639,151,73
109,491,707,ShamIbadiyya0000050,743,1160,1377,166,91
109,462,888,Tafsir01006,144,1220,1539,243,67
109,491,707,Sham19Y0016976,601,1048,1246,154,87
109,472,707,Sham19Y0023625,1120,544,772,174,89
109,472,707,Sham19Y0023625,1330,1167,1395,174,89
109,466,707,Shamela0006610,411,880,1114,179,89
109,472,737,Shia001401,16,620,887,186,82
109,472,707,ShamAY0034300,14,369,597,169,86
109,472,707,ShamAY0034644,469,776,985,150,77
109,472,707,Shamela0000140,1847,533,760,174,89
109,462,707,Zaydiyya0000062,95,1221,1472,196,95
109,491,707,Shia002261Vols,40,944,1148,159,89
109,491,707,JK000179,831,328,527,155,87
109,491,707,Tafsir09050,171,714,925,169,95
109,472,707,JK000913,2199,658,887,176,89
109,466,707,JK009236,122,136,319,147,74
109,472,707,Shia001432Vols,25627,407,635,168,84
109,472,701,Sham19Y0145212,1314,60,271,164,87
109,491,648,Shamela0001438,597,1381,1519,106,81
109,491,707,JK009274,130,68,272,159,89
109,481,701,EScr20112614,41,179,374,147,82
109,491,721,Meshkat00042488,95,1396,1574,137,73
109,491,707,JK008001,902,378,576,154,87
109,466,888,Tafsir01005,454,702,1071,219,57
109,491,707,Kraken220413030905,309,633,835,156,87
109,472,697,Tafsir09083,88,1412,1625,166,89
109,472,707,Sham19Y0014309,1942,891,1097,160,83
109,472,707,JK007021,242,437,652,164,84
109,462,857,Rafed0001713Vols,195,309,703,220,52
109,462,707,JK001496,175,1193,1441,200,98
109,466,707,JK006671,20,44,253,166,83
109,472,707,Shamela0012884,382,537,748,164,85
109,466,737,JK000381,2896,658,908,180,79
109,486,707,JK001012,309,900,1062,127,70
109,481,888,Tafsir02091,123,652,1014,236,60
109,472,707,JK001249,104,157,385,174,89
109,472,682,JK001249,131,1262,1464,154,87
109,472,707,ShamAY0034817,17,721,950,169,83
109,466,737,JK000075,25,906,1147,173,75
109,491,707,Shamela0036446,263,1274,1461,145,82
109,472,707,JK000154,998,1093,1309,165,84
109,472,888,Shamela0001466,174,265,739,253,53
109,481,888,ShamAY0033108,104,1275,1636,236,60
109,491,707,JK009248,1259,997,1196,155,87
109,472,707,ShamAY0034134,755,754,982,174,89
109,472,707,ShamAY0034134,972,297,525,174,89
109,472,756,ShamIbadiyya0000229,2098,952,1211,174,70
109,472,707,JK006897,198,1053,1268,164,84
109,491,712,Sham19Y0127677,272,789,951,127,70
109,491,707,Shamela0021659,115,568,772,159,89
109,509,707,JK000140,358,0,174,135,82
109,472,707,JK009336,1692,387,599,165,86
109,472,707,JK001236,229,197,405,157,80
109,472,732,Shamela0004473,15726,887,1124,174,82
109,472,707,JK007107,312,544,772,174,89
109,472,707,Shamela0000782,365,976,1191,164,84
109,491,707,Sham19Y0122096,462,779,983,159,89
109,472,737,JK007074,619,862,1111,189,87
109,472,707,JK000080,732,888,1104,159,81
109,472,707,JK000080,1206,89,316,174,89
109,503,732,JK009390,193,0,217,154,83
109,472,707,JK009268,544,240,469,187,97
109,462,888,Shamela0010273,148,536,934,246,57
109,472,707,Shamela0012014,219,775,1003,174,89
109,472,707,Shamela0012014,294,156,384,174,89
109,472,939,Sham19Y0147312,196,852,1371,275,52
109,491,707,ShamAY0034059,410,1191,1395,167,94
109,466,707,JK011153,889,946,1170,170,84
110,307,525,Hindawi084739682,9,1299,1524,174,95
110,292,559,JK009325,1672,1267,1530,208,94
110,559,1635,JK009325,1673,0,1295,837,77
110,268,1585,Sham19Y0000259,832,335,1667,1062,97
110,1082,1323,Sham19Y0023644,773,1364,1575,136,68
110,1323,1614,Sham19Y0023644,774,0,260,195,82
110,682,1532,ShamAY0007299,206,0,655,461,64
110,307,525,Sham19Y0026523,2145,14,239,174,95
110,274,493,Hindawi030807493,57,1414,1635,178,97
110,493,1635,Hindawi030807493,58,0,1145,926,98
110,268,962,Shamela0023789,185,863,1569,539,90
110,962,1635,Shamela0023789,186,0,675,545,98
111,191,1627,Hindawi084739682,10,190,1601,1075,90
111,0,330,JK009325,1673,1295,1623,247,89
111,330,1627,JK009325,1674,0,1299,989,91
111,1107,1383,Hindawi080746828,2,1281,1552,214,96
111,0,1558,Sham19Y0000259,833,51,1617,1245,97
111,191,1627,Sham19Y0023644,774,274,1391,686,55
111,191,1347,Sham19Y0026523,2145,481,1604,861,90
111,1347,1627,Sham19Y0026523,2146,0,283,214,90
111,0,443,Hindawi030807493,58,1145,1585,351,99
111,443,1627,Hindawi030807493,59,0,1186,961,98
111,0,951,Shamela0023789,186,675,1622,766,98
111,951,1627,Shamela0023789,187,0,668,537,96
112,3,1628,Hindawi084739682,11,0,1354,1037,76
112,0,370,JK009325,1674,1299,1679,284,87
112,370,1628,JK009325,1675,0,1244,955,90
112,1469,1628,Hindawi025273163,72,820,980,126,96
112,1380,1628,Hindawi080746828,3,0,249,196,94
112,0,1628,Sham19Y0000259,834,70,1629,1234,92
112,1469,1628,Sham19Y0014579,2505,262,422,126,96
112,542,1241,Sham19Y0023644,775,0,607,416,71
112,0,1628,Sham19Y0026523,2146,283,1642,1037,76
112,0,501,Hindawi030807493,59,1186,1688,408,98
112,501,1628,Hindawi030807493,60,0,1136,902,97
112,0,960,Shamela0023789,187,668,1627,761,96
112,960,1628,Shamela0023789,188,0,671,540,97
113,0,525,Hindawi084739682,11,1357,1629,201,45
113,746,1389,Hindawi084739682,12,63,609,372,66
113,0,321,JK009325,1675,1247,1593,213,69
113,306,1540,JK009325,1676,0,1228,900,87
113,7,1540,Sham19Y0000259,835,0,1425,1041,80
113,325,1540,Sham19Y0023644,775,624,1418,468,45
113,533,746,ShamAY0007299,1250,1148,1350,156,89
113,444,746,ShamAY0007299,4211,50,424,240,79
113,0,1389,Sham19Y0026523,2147,0,880,592,50
113,0,444,Hindawi030807493,60,1139,1591,352,96
113,444,1540,Hindawi030807493,61,0,1101,867,96
113,0,914,Shamela0023789,188,674,1566,633,79
113,914,1540,Shamela0023789,189,0,699,435,69
114,1279,1597,Sham19Y0005414,274,758,1011,207,78
114,0,280,JK009325,1676,1240,1535,213,89
114,280,1597,JK009325,1677,0,1344,947,80
114,1250,1597,Hindawi079072819,11,854,1224,280,90
114,74,1236,Sham19Y0000259,836,0,1098,854,89
114,585,1086,Kraken211130003107,456,7,439,127,22
114,1171,1539,Kraken211130003107,456,783,1205,233,62
114,1023,1425,Sham19Y0023644,776,415,821,244,67
114,1279,1597,Sham19Y0026523,6244,1160,1473,257,96
114,0,422,Hindawi030807493,61,1101,1529,337,97
114,422,1597,Hindawi030807493,62,0,1107,885,91
114,0,892,Shamela0023789,189,699,1534,640,86
114,892,1597,Shamela0023789,190,0,710,567,97
115,0,602,Sham19Y0005414,274,1011,1588,213,30
115,602,870,Sham19Y0005414,275,0,268,218,98
115,0,238,JK009325,1677,1344,1577,172,88
115,238,1555,JK009325,1678,0,1318,965,89
115,954,1124,Shamela0021525,178,1505,1662,123,88
115,1124,1555,Shamela0021525,179,0,434,345,97
115,964,1540,Sham19Y0023644,776,1063,1370,197,38
115,41,280,Sham19Y0026523,6245,0,242,189,95
115,0,462,Hindawi030807493,62,1107,1572,367,98
115,462,1555,Hindawi030807493,63,0,1091,878,98
115,0,879,Shamela0023789,190,710,1591,700,97
115,879,1555,Shamela0023789,191,0,692,540,96
116,0,261,JK009325,1678,1318,1577,200,93
116,261,1534,JK009325,1679,0,1291,959,89
116,0,431,Shamela0021525,179,434,862,345,98
116,0,434,Sham19Y0023644,776,1379,1683,202,55
116,1030,1529,Sham19Y0023644,777,1031,1367,234,54
116,431,811,Sham19Y0023644,778,58,304,149,49
116,0,500,Hindawi030807493,63,1091,1589,402,99
116,500,1534,Hindawi030807493,64,0,1052,817,95
116,0,852,Shamela0023789,191,692,1555,676,96
116,852,1534,Shamela0023789,192,0,689,531,94
117,0,243,JK009325,1679,1291,1528,188,93
117,247,1548,JK009325,1680,5,1332,998,92
117,123,666,Kraken211130003107,460,0,434,190,36
117,700,1162,Sham19Y0023644,777,652,1031,234,57
117,0,484,Hindawi030807493,64,1052,1539,390,97
117,484,1548,Hindawi030807493,65,0,1081,847,97
117,0,876,Shamela0023789,192,689,1575,698,95
117,876,1548,Shamela0023789,193,0,673,526,97
118,244,1540,JK009325,1681,0,1321,967,89
118,0,569,Shia003704,1,964,1524,416,89
118,572,1432,Sham19Y0023644,777,0,659,459,64
118,0,458,Hindawi030807493,65,1081,1538,363,96
118,458,1540,Hindawi030807493,66,0,1112,856,95
118,0,852,Shamela0023789,193,673,1531,671,95
118,852,1540,Shamela0023789,194,4,709,542,95
119,1225,1443,JK010552,181,821,986,110,64
119,585,1429,Shamela0031382,294,731,1531,483,67
119,1225,1443,JK000916,17896,1252,1417,110,64
119,0,216,JK009325,1681,1321,1541,166,91
119,216,424,JK009325,1682,0,206,161,94
119,585,1198,Shamela0009429,288,913,1518,336,60
119,1201,1552,Shamela0009429,289,0,417,253,76
119,0,294,Sham19Y0000259,836,1273,1567,235,98
119,915,1487,JK000927,4101,827,1506,379,66
119,1225,1443,Shamela0003118,5194,998,1163,110,64
119,137,366,Sham19Y0023644,778,359,497,104,56
119,0,424,Hindawi030807493,66,1112,1539,344,98
119,0,424,Shamela0023789,194,709,1136,342,98
120,0,1466,Shamela0031382,295,130,1570,1051,87
120,83,380,Hindawi061571979,2,0,296,237,97
120,0,1201,Shamela0009429,289,417,1573,851,86
120,1201,1540,Shamela0009429,290,0,356,265,92
120,0,1432,JK000927,4102,121,1553,1007,83
121,0,266,Shamela0031382,296,81,416,162,60
121,309,927,Hindawi017160604,528,957,1600,486,89
121,927,1686,Hindawi017160604,529,0,785,623,96
121,0,266,Shamela0009429,290,356,696,178,60
121,296,1686,Sham19Y0000259,1024,128,1528,1111,95
121,0,266,JK000927,4103,113,509,193,61
121,309,1380,Hindawi030807493,132,544,1646,857,93
121,1380,1686,Hindawi030807493,133,0,318,254,96
121,309,1351,Shamela0023789,105,609,1652,832,95
121,1351,1686,Shamela0023789,106,0,352,278,95
122,0,874,Hindawi017160604,529,785,1675,713,97
122,874,1670,Hindawi017160604,530,0,803,639,96
122,184,1670,Sham19Y0000259,1025,0,1490,1182,96
122,0,1347,Hindawi030807493,133,318,1675,1089,97
122,1347,1670,Hindawi030807493,134,0,326,264,97
122,0,1303,Shamela0023789,106,352,1669,1046,96
122,1303,1670,Shamela0023789,107,0,370,299,98
123,0,759,Hindawi017160604,530,803,1572,597,96
123,759,1675,Hindawi017160604,531,66,991,753,97
123,0,144,Sham19Y0000259,1025,1490,1632,112,97
123,144,1675,Sham19Y0000259,1026,0,1628,1234,91
123,0,1224,Hindawi030807493,134,326,1646,981,91
123,1228,1675,Hindawi030807493,135,3,451,373,98
123,0,1169,Shamela0023789,107,370,1637,930,90
123,1169,1675,Shamela0023789,108,0,511,419,96
124,0,685,Hindawi017160604,531,991,1681,545,97
124,685,1564,Hindawi017160604,532,0,905,701,95
124,83,1564,Sham19Y0000259,1027,0,1473,1159,95
124,0,1175,Hindawi030807493,135,451,1637,940,97
124,1175,1564,Hindawi030807493,136,0,393,313,97
124,6,1110,Shamela0023789,108,516,1649,873,94
124,1110,1564,Shamela0023789,109,0,451,356,95
125,0,666,Hindawi017160604,532,905,1576,535,97
125,671,1613,Hindawi017160604,533,0,952,751,95
125,71,1613,Sham19Y0000259,1028,0,1548,1225,96
125,0,1182,Hindawi030807493,136,393,1590,950,97
125,1182,1613,Hindawi030807493,137,0,425,342,96
125,0,1155,Shamela0023789,109,451,1618,927,96
125,1155,1613,Shamela0023789,110,0,463,351,92
126,0,552,Hindawi017160604,533,952,1588,444,85
126,552,1620,Hindawi017160604,534,0,1090,852,94
126,60,1571,Sham19Y0000259,1029,0,1612,1203,91
126,0,1100,Hindawi030807493,137,425,1625,888,90
126,1106,1620,Hindawi030807493,138,4,517,415,98
126,0,1085,Shamela0023789,110,463,1637,851,87
126,1085,1620,Shamela0023789,111,0,576,426,89
127,7,496,Hindawi017160604,534,1098,1591,386,96
127,501,1586,Hindawi017160604,535,0,1129,871,94
127,7,1489,Sham19Y0000259,1030,58,1580,1179,95
127,7,1072,Hindawi030807493,138,525,1593,853,98
127,1072,1586,Hindawi030807493,139,0,528,414,96
127,7,1005,Shamela0023789,111,584,1593,798,97
127,1005,1586,Shamela0023789,112,0,590,461,95
128,0,502,Hindawi017160604,535,1129,1638,408,96
128,512,1658,Hindawi017160604,536,95,1251,923,97
128,0,1512,Sham19Y0000259,1031,98,1700,1216,92
128,1512,1658,Sham19Y0000259,1032,0,150,118,96
128,0,1072,Hindawi030807493,139,528,1689,870,90
128,1072,1658,Hindawi030807493,140,0,590,473,98
128,0,1029,Shamela0023789,112,590,1699,813,87
128,1029,1658,Shamela0023789,113,0,637,498,96
129,0,403,Hindawi017160604,536,1251,1657,327,97
129,403,1610,Hindawi017160604,537,0,1214,963,97
129,0,1464,Sham19Y0000259,1032,150,1617,1173,97
129,1464,1610,Sham19Y0000259,1033,0,147,118,99
129,0,1035,Hindawi030807493,140,590,1627,834,97
129,1035,1610,Hindawi030807493,141,0,574,460,98
129,0,1000,Shamela0023789,113,637,1635,798,96
129,1000,1610,Shamela0023789,114,0,607,483,97
130,0,281,Hindawi017160604,537,1214,1487,219,95
130,300,1671,Hindawi017160604,538,0,1473,1107,91
130,0,1345,Sham19Y0000259,1033,147,1663,1075,86
130,1345,1671,Sham19Y0000259,1034,0,332,261,94
130,0,886,Hindawi030807493,141,574,1625,713,82
130,886,1671,Hindawi030807493,142,0,793,635,97
130,0,879,Shamela0023789,114,607,1643,704,81
130,879,1671,Shamela0023789,115,5,805,634,96
131,0,199,Hindawi017160604,538,1473,1671,155,96
131,199,1579,Hindawi017160604,539,0,1413,1041,85
131,0,1296,Sham19Y0000259,1034,332,1611,951,85
131,1296,1579,Sham19Y0000259,1035,0,292,225,94
131,0,934,Hindawi030807493,142,793,1649,683,89
131,934,1579,Hindawi030807493,143,0,753,511,83
131,0,927,Shamela0023789,115,805,1657,662,86
131,927,1579,Shamela0023789,116,0,764,506,82
132,3,164,Hindawi017160604,539,1416,1582,129,93
132,164,1635,Hindawi017160604,540,0,1554,1160,90
132,3,1280,Sham19Y0000259,1035,295,1649,1004,89
132,1280,1635,Sham19Y0000259,1036,0,354,279,96
132,3,782,Hindawi030807493,143,756,1612,604,84
132,782,1635,Hindawi030807493,144,0,857,689,98
132,3,782,Shamela0023789,116,767,1621,594,83
132,782,1635,Shamela0023789,117,0,861,678,96
133,81,1614,Hindawi017160604,541,0,1595,1232,94
133,0,1185,Sham19Y0000259,1036,354,1584,950,94
133,1185,1614,Sham19Y0000259,1037,0,431,351,98
133,0,743,Hindawi030807493,144,857,1614,603,97
133,743,1614,Hindawi030807493,145,0,907,704,95
133,0,743,Shamela0023789,117,861,1628,600,95
133,743,1614,Shamela0023789,118,0,905,697,94
134,33,1610,Hindawi017160604,542,0,1674,1281,92
134,0,1441,Sham19Y0000259,1037,431,1703,964,76
134,1441,1694,Sham19Y0000259,1038,0,254,206,99
134,0,689,Hindawi030807493,145,907,1673,568,88
134,689,1694,Hindawi030807493,146,0,1016,819,98
134,0,700,Shamela0023789,118,905,1687,570,87
134,700,1694,Shamela0023789,119,0,1012,798,95
135,238,876,JK010566,29,9,700,364,60
135,959,1609,Shamela0009099,114,744,1470,503,81
135,186,954,Shamela0009229,137,0,774,597,96
135,290,800,JK010676,60,1082,1259,134,33
135,58,954,Shia003729Vols,263,0,979,606,71
135,648,800,Sham19Y0148096,169,507,638,92,76
135,39,876,Shia003636Vols,5544,390,1327,424,49
135,323,876,Rafed0000609Vols,525,559,1341,359,55
135,39,922,Shamela0006617,1025,582,1380,511,67
135,24,445,JK001280,20,1067,1518,267,64
135,451,954,JK001280,21,0,617,386,76
135,997,1500,Sham19Y0000259,1020,1150,1647,390,91
135,259,954,Hindawi068383692,47,0,716,468,75
135,0,954,Shamela0006945,88,133,1163,743,88
135,20,660,Sham19Y0023644,2788,1091,1449,217,41
135,660,954,Sham19Y0023644,2789,0,274,186,73
135,215,954,Hindawi015792571,33,0,756,576,95
135,366,800,Shamela0021508,91,202,789,276,58
135,0,954,Shamela0023789,240,133,1146,756,92
136,801,1393,JK009241,364,594,865,194,41
136,130,1550,Shamela0009099,115,0,1397,1071,91
136,0,1478,Sham19Y0000259,1021,113,1574,1152,95
137,7,792,JK009241,364,872,1115,167,26
137,118,1570,Shamela0009099,116,3,1478,1130,93
137,0,1513,Sham19Y0000259,1022,74,1566,1154,92
138,349,854,JK009241,364,1180,1398,156,37
138,77,1507,Shamela0009099,117,0,1395,1078,91
138,5,1497,Sham19Y0000259,1023,65,1546,1149,94
139,0,202,Sham19Y0026183,2,1222,1572,158,55
139,202,979,Sham19Y0026183,3,0,867,583,83
139,1171,1306,Sham19Y0026183,4,4,165,97,78
140,0,263,Sham19Y0026183,5,85,350,208,97
140,268,751,Sham19Y0026183,6,85,639,328,67
140,732,1019,Sham19Y0026183,7,619,1000,179,53
140,1015,1570,Sham19Y0026183,8,172,677,278,50
140,732,1015,Shia003636Vols,7019,613,1005,178,51
141,0,486,Sham19Y0026183,8,677,1301,306,54
141,572,1072,Sham19Y0026183,10,0,844,339,49
141,1116,1542,Sham19Y0026183,11,688,1273,308,64
141,633,803,Shia003636Vols,7186,1080,1258,132,93
142,378,712,Sham19Y0026183,16,1004,1334,249,94
142,712,1171,Sham19Y0026183,21,676,1601,331,43
143,9,291,Sham19Y0026183,22,1193,1591,160,44
146,921,1518,Shamela0031371,947,868,1621,334,51
146,863,1294,Shamela0037633,1,1113,1656,280,58
146,1294,1607,Shamela0037633,2,0,307,248,97
147,19,1632,Shamela0031371,948,138,1288,551,33
147,0,1090,Shamela0037633,2,307,1651,885,79
147,1090,1632,Shamela0037633,3,0,512,411,93
148,0,591,Shamela0031371,948,1288,1672,187,34
148,804,1595,Shamela0031371,949,507,1066,287,37
148,0,1075,Shamela0037633,3,512,1590,861,97
148,1075,1595,Shamela0037633,4,0,546,403,89
149,0,679,Shamela0031371,949,1066,1590,297,49
149,679,1598,Shamela0031371,950,0,1253,558,52
149,196,336,Shamela0031371,951,226,361,88,77
149,15,809,Shamela0037633,4,554,1504,616,78
149,803,1598,Shamela0037633,5,43,962,631,83
150,0,422,Shamela0031371,950,1253,1496,139,41
150,1057,1491,Shamela0031371,951,618,1209,248,44
150,0,555,Shamela0037633,5,962,1582,383,67
150,555,1609,Shamela0037633,6,5,1270,820,79
151,66,827,Shamela0031371,951,791,1518,279,32
151,827,1534,Shamela0031371,952,0,448,260,43
151,0,317,Shamela0037633,6,1270,1584,234,91
151,317,1534,Shamela0037633,7,0,1294,963,91
152,0,1134,Shamela0031371,952,448,1583,509,43
152,1134,1561,Shamela0031371,953,0,245,189,55
152,92,1561,Shamela0037633,8,200,1588,1102,92
153,1074,1315,Shamela0031371,953,260,478,159,81
153,11,741,Shamela0037633,9,816,1593,576,90
153,762,1586,Shamela0037633,10,856,1509,356,46
154,1273,1530,Shamela0031371,953,1308,1540,124,58
154,58,1122,Shamela0037633,11,0,1598,843,64
154,1122,1561,Shamela0037633,12,0,427,340,95
155,661,1001,Shamela0031371,954,478,754,110,40
155,0,890,Shamela0037633,12,427,1544,688,74
155,890,1022,Shamela0037633,13,0,127,104,96
156,417,517,JK000585,3679,929,1030,76,96
156,410,522,Shia001171,508,669,782,79,90
156,417,517,Hindawi075241938,50,983,1084,76,96
156,417,517,Shia004021,92,1204,1357,76,63
156,406,517,JK001503,719,101,214,79,90
156,410,517,Shamela0010509,55,629,736,78,93
156,406,522,JK011658,198,606,722,80,89
156,417,517,JK010729,153,747,848,76,96
156,410,522,Sham19Y0014592,378,595,717,80,84
156,417,522,JK007054,559,839,945,74,90
156,417,517,JK000583,8,842,944,76,95
156,399,522,JK000754,561,1367,1489,79,81
156,417,517,Shamela0007473,23,240,340,79,100
156,417,522,Shamela0009856,296,1121,1227,77,93
156,410,517,Shamela0025011,40,339,447,79,93
156,410,522,Sham19Y0014075,475,1254,1376,83,86
156,417,517,Zaydiyya0000259,67,1341,1442,76,96
156,406,517,Sham19Y0016494,60,841,953,76,88
156,417,517,Sham19Y0122096,29,902,1003,79,99
156,417,522,Shamela0000558,229,739,845,77,93
157,474,564,AOCP20251104144,162,1541,1632,69,98
160,567,682,ShamAY0034809,414,47,210,88,68
160,567,682,Hindawi017160604,617,720,888,88,66
160,567,682,JK001477,232,912,1075,88,68
160,567,682,JK000916,19070,713,828,88,97
160,567,682,Shamela0000580,103,384,499,83,93
160,567,682,Shamela0026102,14,63,178,88,97
160,559,682,Shamela0006944,126,107,278,86,64
160,567,682,Sham19Y0036110,373,43,206,88,68
160,559,682,Masaha004568Vols,42,1155,1326,91,66
160,949,1602,Shamela0010739,128,615,1266,524,96
160,567,682,Shamela0035100,2600,106,269,88,68
160,567,682,Shamela0001349,436,720,835,88,97
160,567,682,Shamela0010509,60,805,968,86,67
160,567,682,Shamela0023741,49,310,425,88,97
160,567,682,Sham19Y0020762,339,1015,1228,91,53
160,546,682,JK006919,623,742,914,92,63
160,567,682,Shamela0005433,50,831,994,88,68
160,567,682,Shamela0009788,1004,713,876,87,68
160,567,682,Sham19Y0020986,110,696,857,88,69
160,567,682,JK000021,2409,15,178,88,68
160,567,682,Shamela0036082,46,198,360,85,67
160,949,1602,JK010575,8,612,1266,533,98
160,567,675,EScr202304041409,56,1133,1293,79,63
160,567,682,Shamela0021105,38,1172,1335,88,68
160,567,682,JK000974,145,19,182,88,68
160,567,682,JK010727,46,311,473,88,69
160,567,698,JK001336,217,825,962,98,91
160,567,682,Shamela0007473,27,827,947,91,95
160,567,682,JK010738,81,1137,1300,88,68
160,567,682,Sham19Y0000259,448,807,922,91,100
160,883,1602,Sham19Y0000259,828,278,1112,558,81
160,567,682,JK000927,565,924,1087,88,68
160,567,682,JK000927,589,636,799,88,68
160,567,682,Shamela0006909,383,506,669,88,68
160,567,682,Shamela0007867,6,649,813,84,65
160,567,682,Sham19Y0147597,893,1319,1482,88,68
160,567,688,Sham19Y0014579,1174,522,689,89,67
160,567,682,Sham19Y0014579,1949,890,1052,88,69
160,567,682,Shamela0003118,5527,657,771,87,96
160,567,682,Shamela0005446,188,1172,1331,86,67
160,567,682,ShamAY0036737,160,671,834,88,68
160,567,682,Sham19Y0023644,4383,91,208,85,93
160,567,682,JK009320,81,346,510,88,68
160,567,682,JK009365,318,684,799,91,100
160,567,682,Shamela0006947,14460,1422,1584,88,68
160,567,682,JK010253,5,522,685,88,68
160,567,682,JK010637,314,1146,1309,88,68
160,567,682,Shamela0001000,271,290,453,88,68
160,567,682,Sham19Y0148535,43,1109,1279,88,65
160,567,682,Shamela0000558,273,1137,1300,87,68
160,567,682,JK010473,158,698,862,87,67
161,0,451,Shamela0010739,128,1266,1718,362,97
161,459,1722,Shamela0010739,129,3,1273,1020,96
161,0,413,JK010575,8,1266,1678,335,98
161,413,1722,JK010575,9,0,1341,1072,96
161,0,558,Sham19Y0000259,828,1112,1673,456,98
161,558,1722,Sham19Y0000259,829,0,1175,950,97
162,0,400,Shamela0010739,129,1273,1676,322,97
162,411,982,Shamela0010739,130,0,562,454,96
162,0,362,JK010575,9,1341,1721,297,94
162,362,982,JK010575,10,0,672,503,89
162,0,500,Sham19Y0000259,829,1175,1731,394,84
162,500,982,Sham19Y0000259,830,0,452,372,93
162,1009,1605,Sham19Y0000259,830,1021,1611,476,97
163,1264,1552,Shamela0031371,171,0,541,215,49
163,0,1026,Sham19Y0000259,831,103,1556,806,68
163,1026,1231,Sham19Y0000259,832,0,241,138,60
163,1264,1552,Shamela0036079,4,30,571,211,48
164,0,335,Shamela0031371,171,661,996,259,95
164,453,728,Shamela0031371,172,1253,1529,223,97
164,728,973,Shamela0031371,173,0,400,146,45
164,968,1095,Shamela0031371,173,895,1015,94,92
164,1107,1449,Shamela0031371,175,223,759,272,62
164,0,335,Shamela0036079,4,690,1026,264,98
164,444,765,Shamela0036079,5,1207,1522,251,94
164,765,968,Shamela0036079,6,0,361,125,44
164,968,1095,Shamela0036079,6,872,998,96,91
164,1107,1449,Shamela0036079,8,208,746,272,62
165,19,171,Shamela0031371,180,290,450,114,85
165,249,563,Sham19Y0000259,653,1153,1534,232,72
165,563,1332,Sham19Y0000259,654,0,850,542,73
166,1272,1503,Shia002334,82,483,714,187,100
166,1258,1503,Shamela0000041,38,1012,1277,198,92
166,1158,1503,Hindawi017506357,54,476,1183,278,48
166,1382,1503,Shamela0037458,77,0,121,97,100
166,1272,1510,JK000081,275,296,720,177,51
166,1205,1367,Zaydiyya0000328,378,603,863,130,62
166,1377,1525,Zaydiyya0000328,379,154,300,108,90
166,1272,1503,Shamela0000922,28,594,1239,187,35
166,1158,1382,JK000362,558,471,694,177,97
166,1272,1510,Shamela0023596,128,0,238,193,100
166,1305,1503,Sham19Y0007849,71,0,201,161,98
166,1272,1411,Sham19Y0007849,87,1486,1627,114,97
166,1148,1503,Masaha000554Vols,59,185,541,280,95
166,1272,1446,Masaha000554Vols,61,711,885,142,100
166,1377,1503,Sham19Y0014404,31,347,473,101,100
166,1135,1464,JK000079,7,1254,1584,262,96
166,1158,1356,JK000087,17,120,345,159,88
166,1254,1367,Rafed0003150Vols,86,323,436,91,100
166,1310,1503,Rafed0003150Vols,87,407,695,157,67
166,1237,1503,Shamela0009231,92,722,993,195,81
166,1158,1503,Shamela0023578,83,490,835,278,100
166,1158,1503,QuranAnalysis001,1,1076,1421,278,100
166,1272,1528,Sham19Y0020891,281,40,293,188,91
166,1283,1503,JK009362,119,0,220,179,100
166,1310,1503,JK009362,338,1385,1584,157,96
166,1272,1503,Sham19Y0023608,30,780,1011,187,100
166,1377,1525,Meshkat00057178,170,62,200,111,93
166,1158,1446,JK000065,109,1236,1524,233,100
166,1272,1434,JK006478,457,1407,1567,131,98
166,1135,1335,JK000869,1,372,571,158,98
166,1158,1503,JK009270,37,379,724,278,100
166,1221,1503,Shamela0022371,28,104,646,145,29
166,1356,1498,Zaydiyya0000062,26,682,851,115,84
166,1272,1471,JK009266,208,1392,1590,162,99
166,1158,1525,Sham19Y0023618,31,286,642,287,97
166,1272,1488,Shia001432Vols,10358,1406,1622,175,98
166,1158,1503,Shia001432Vols,22587,415,760,278,100
166,1205,1480,Shia001432Vols,27026,658,828,137,61
166,1158,1356,Shamela0029743,6,1416,1613,159,99
166,1356,1503,Shamela0029743,7,0,147,119,100
166,1377,1525,JK001420,24,577,714,110,92
166,1377,1498,Sham19Y0013550,28,1500,1620,97,99
166,1191,1510,Sham19Y0013550,31,90,764,221,40
166,1272,1446,Sham19Y0150960,781,532,706,142,100
166,1377,1503,Meshkat00042488,18,553,679,101,100
166,1272,1503,Shamela0023632,76,485,716,187,100
166,1382,1503,Shia003986,106,0,121,97,100
166,1272,1503,Rafed0001713Vols,50,431,662,187,100
166,1272,1513,JK001496,61,313,556,193,97
166,1135,1328,Shamela0012884,71,1422,1597,141,90
166,1328,1503,Shamela0012884,72,0,174,142,99
166,1228,1503,JK000381,2054,351,585,170,77
166,1135,1495,JK000381,2933,1214,1569,288,98
166,1158,1503,Sham19Y0016953Vols,1010,532,877,278,100
166,1158,1513,Sham19Y0014579,17,1313,1668,286,100
166,1158,1503,Rafed0003257Vols,102,958,1303,278,100
166,1272,1503,Rafed0003257Vols,108,613,844,187,100
166,1272,1503,Sham19Y0020643,54,1285,1516,187,100
166,1382,1510,Shamela0007798,205,0,128,103,100
166,1290,1446,Shamela0007798,207,1071,1227,128,100
166,1317,1503,Shamela0023591,132,440,660,127,71
166,1272,1510,Shamela0030842,4,887,1307,178,52
166,1247,1503,Shamela0008473,217,293,613,206,80
166,1377,1503,JK006476,16,713,838,100,99
166,1240,1503,Shamela0001466,43,311,581,210,95
166,1135,1415,Shamela0023788,134,1186,1423,174,77
166,1240,1513,JK007018,11,1012,1296,210,88
166,1158,1377,Shamela0023628,27,1045,1264,177,100
166,1310,1503,Shamela0023628,31,388,714,145,53
166,1164,1480,Shamela0004473,6549,1254,1669,211,62
166,1135,1356,JK000094,131,565,785,175,98
166,1221,1519,Shamela0021821,26,999,1332,221,80
166,1272,1471,Shamela0012034,416,1395,1593,162,99
166,1258,1503,JK009396,32,251,537,198,85
166,1158,1503,JK009268,197,1045,1390,278,100
166,1272,1503,Shamela0010273,37,1073,1304,187,100
166,1346,1503,Sham19Y0147312,69,447,846,127,39
166,1377,1503,Zaydiyya0000474,57,469,595,101,100
166,1250,1503,Rafed0003943Vols,23,0,253,204,100
167,168,501,Hindawi092480704,43,529,890,271,92
167,7,173,Shia002389Vols,296,715,881,133,98
167,168,461,Shia002389Vols,297,88,727,237,45
167,798,1018,Tafsir02094,1247,1338,1565,177,96
167,0,194,Shamela0000041,331,434,634,155,95
167,287,501,Shamela0000041,335,660,872,167,96
167,0,179,Shamela0037458,453,680,862,142,96
167,0,168,Shamela0000922,196,951,1119,137,100
167,0,168,Meshkat0014420,587,739,907,137,100
167,0,168,JK009325,1499,258,426,137,100
167,0,318,Masaha000554Vols,495,297,614,260,99
167,0,179,Sham19Y0014404,180,323,509,142,94
167,7,274,ShamIbadiyya0000129,421,909,1152,197,90
167,122,381,Rafed0003150Vols,274,675,944,208,95
167,0,168,Shamela0009231,429,1045,1213,137,100
167,0,194,Shamela0023578,465,1199,1392,158,99
167,168,501,Shamela0023578,471,83,416,271,100
167,7,168,Tafsir07076,2209,0,161,131,100
167,7,168,Tafsir07076,6632,741,902,131,100
167,7,168,Tafsir07076,6934,115,276,131,100
167,0,318,Tafsir07076,7644,336,994,260,48
167,0,501,QuranAnalysis001,19,543,1044,408,100
167,0,168,Sham19Y0020891,927,187,355,137,100
167,0,168,JK009362,1367,531,699,137,100
167,0,168,Sham19Y0023608,380,1431,1599,137,100
167,168,501,Sham19Y0023608,386,1244,1577,271,100
167,0,179,Meshkat00057178,671,784,977,144,91
167,318,513,Meshkat00057178,674,1025,1220,158,100
167,0,168,Tafsir02102,2507,104,272,137,100
167,0,318,JK006478,1976,345,665,260,99
167,7,173,Tafsir04038,56,1351,1517,133,98
167,159,461,Tafsir04038,57,366,1005,241,46
167,129,501,JK009270,593,0,372,303,100
167,0,313,Sham19Y0038093,246,1186,1498,256,99
167,0,318,Shamela0022371,104,697,1181,260,65
167,0,159,Zaydiyya0000062,168,1273,1432,129,100
167,139,493,Zaydiyya0000062,169,924,1357,287,81
167,0,323,JK009266,1624,266,589,261,99
167,0,194,Sham19Y0023618,219,700,904,158,94
167,168,513,Sham19Y0023618,223,799,1144,281,100
167,0,194,JK010729,157,1177,1412,156,80
167,0,501,Shia001432Vols,29960,331,833,408,99
167,7,173,Shia001432Vols,29962,1012,1178,133,98
167,168,461,Shia001432Vols,29963,118,754,238,46
167,0,501,Shamela0029743,92,1046,1547,408,100
167,0,168,Sham19Y0013550,91,950,1118,137,100
167,0,168,Meshkat00042488,170,727,895,137,100
167,0,168,Shamela0023632,427,257,425,137,100
167,0,501,Rafed0001713Vols,306,663,1164,408,100
167,0,168,JK001496,266,260,428,137,100
167,0,168,JK010001,772,24,192,137,100
167,798,1009,Tafsir04056,4112,588,799,170,100
167,0,318,JK000381,2474,1038,1356,259,99
167,0,278,JK000381,4347,182,387,163,71
167,0,318,JK000381,4494,863,1181,260,100
167,0,168,Shamela0023606,117,1076,1244,137,100
167,0,168,Shia002394Vols,457,858,1026,137,100
167,62,507,Shia002394Vols,458,736,1307,337,72
167,0,501,ShamAY0036821,411,877,1373,403,99
167,0,168,Shamela0021735,895,1188,1356,137,100
167,0,501,Rafed0003257Vols,817,466,967,408,100
167,0,168,Shamela0007798,1746,280,448,137,100
167,18,501,Shamela0023591,1411,0,483,393,100
167,0,194,Shamela0008473,815,378,578,156,95
167,112,318,Shamela0008473,817,683,889,167,99
167,0,168,Shamela0008473,2619,897,1065,137,100
167,230,501,JK006476,169,1106,1381,213,95
167,153,431,ShamAY0033108,208,497,886,185,59
167,0,168,Tafsir07055,823,836,1004,137,100
167,173,461,Shamela0006947,1915,813,1192,191,61
167,0,194,JK007018,84,68,276,155,91
167,168,501,JK007018,84,817,1433,271,54
167,0,168,Shamela0023628,380,543,711,137,100
167,168,420,Shamela0023628,381,1305,1556,204,99
167,0,318,JK000351,54,349,667,260,100
167,0,168,Shia000181,173,30,198,137,100
167,0,168,Shamela0009759,89,677,845,137,100
167,0,168,JK000791,239,925,1093,137,100
167,0,168,Shamela0012293,4326,287,455,137,100
167,0,168,Shamela0021821,225,639,807,137,100
167,112,501,Shamela0021821,226,380,895,306,73
167,0,501,JK009268,891,202,703,408,100
167,0,179,Shia002356Vols,124,421,595,141,96
167,0,179,Sham19Y0147312,285,1317,1503,137,90
167,0,501,Rafed0003943Vols,97,742,1243,408,100
168,534,1252,Sham19Y0150960,1082,771,1447,331,45
168,1069,1349,Sham19Y0150960,1083,0,302,149,48
169,1440,1622,JK009230,447,611,801,150,94
169,252,876,JK009230,686,370,1324,350,44
169,1428,1622,Shamela0008279,11,516,714,154,93
170,1495,1741,JK009230,341,933,1247,196,74
170,1247,1465,JK009230,342,726,1438,148,24
170,204,893,JK009230,448,56,1276,545,54
170,902,1242,JK009230,486,942,1347,263,78
170,1491,1741,Shamela0008279,5,55,472,201,57
170,204,851,Shamela0008279,12,316,1616,499,46
170,909,1139,Shamela0008279,13,89,368,175,74
170,204,540,JK010478,98,331,672,194,54
170,1495,1718,JK009320,37,1077,1468,155,46
170,549,851,JK009320,41,859,1126,169,60
171,0,296,JK009230,341,1247,1673,243,67
171,296,519,JK009230,342,306,582,184,80
171,528,887,JK009230,490,282,866,234,45
171,896,1448,JK009230,491,23,581,344,65
171,15,296,Shamela0010283,2204,103,352,182,74
171,0,519,Shamela0008279,5,472,1540,374,41
171,601,887,Shamela0008279,9,519,1017,164,38
171,953,1448,Shamela0008279,10,0,785,278,41
171,173,519,JK009320,38,16,631,226,41
171,15,296,Shamela0005351,8,658,887,183,78
172,1478,1719,JK009230,124,206,592,184,58
172,831,1292,JK009230,576,162,930,357,55
172,1478,1719,Shamela0008279,6,938,1310,186,61
172,281,549,Shamela0008279,6,260,577,207,79
172,794,1035,Shamela0008279,7,1319,1649,172,61
172,1063,1292,Shamela0008279,8,158,671,183,43
172,260,465,JK009320,38,1181,1355,115,69
172,955,1292,JK009320,39,826,1311,142,28
173,1108,1445,JK009230,332,1027,1614,273,56
173,1437,1643,JK009230,333,14,555,159,35
173,58,434,JK009230,576,1185,1617,274,72
173,478,893,JK009230,594,1049,1585,249,49
173,106,426,Shamela0008279,7,411,866,245,65
173,646,1081,Shamela0008279,17,266,1117,269,39
173,1113,1621,Shamela0008279,31,600,1416,375,54
173,478,828,Shamela0005683,134,1233,1599,187,57
173,62,440,Shamela0028115,12,1337,1524,143,46
174,22,210,JK009230,32,870,1058,158,100
174,1580,1738,JK009230,78,176,578,130,38
174,22,210,Shamela0010614,191,906,1094,147,93
174,22,210,JK009288,655,782,970,152,96
175,862,1057,JK009230,80,580,1075,147,37
175,862,1057,Shamela0008279,26,460,956,145,36
176,444,701,JK009230,373,977,1528,202,44
176,701,842,JK009230,374,143,324,112,76
176,960,1197,JK009230,560,420,716,102,31
176,1244,1550,JK009230,561,146,1038,234,32
176,1411,1550,JK009230,562,780,920,106,94
176,1244,1545,Shamela0008279,40,110,1114,221,26
176,444,638,Shamela0005683,151,908,1156,144,71
176,704,842,Shamela0005683,152,121,288,97,67
176,704,842,Shamela0005351,75,1361,1526,96,68
177,617,976,Shamela0001601,17,676,1031,285,96
177,613,976,JK009325,1177,753,1099,268,88
177,999,1658,Shamela0001585,349,110,792,463,82
177,613,976,JK009230,328,621,983,296,98
177,0,315,JK009230,398,1215,1594,231,72
177,617,976,Sham19Y0018257,21,1087,1445,283,95
177,613,976,Shamela0010283,1417,320,710,287,88
177,0,469,Shamela0009429,716,313,963,304,55
177,976,1658,Sham19Y0000259,457,259,934,528,96
177,0,992,Sham19Y0000259,662,247,1577,768,67
177,613,758,Shamela0006909,297,1416,1560,117,97
177,758,976,Shamela0006909,298,0,216,172,95
177,613,854,Sham19Y0014075,83,325,510,143,71
177,999,1365,ShamAY0005375,423,1200,1546,249,81
177,23,501,Shamela0023789,942,0,481,377,94
177,617,943,JK000990,584,98,465,246,77
178,875,1610,Shamela0003283,605,0,849,582,83
178,0,670,Shamela0001585,349,792,1444,494,90
178,735,1270,Shamela0035100,9077,1113,1528,255,54
178,775,1610,Shamela0006631,994,13,1511,607,48
178,0,598,Sham19Y0000259,457,934,1531,481,99
178,664,1102,Sham19Y0000259,896,1161,1601,309,84
178,1102,1610,Sham19Y0000259,897,0,513,413,98
178,775,1456,Shamela0010906,7004,1340,1573,160,28
178,855,1610,Shamela0004445,5916,0,884,594,80
178,11,670,ShamAY0005375,424,105,606,373,70
179,0,248,Shamela0003283,605,849,1102,197,96
179,703,1647,JK009325,626,277,1123,673,85
179,826,1647,ShamAY0034570,53,116,897,506,65
179,312,561,JK009230,468,1309,1550,174,81
179,689,1255,Shamela0010283,1223,1013,1574,441,93
179,1255,1647,Shamela0010283,1224,0,396,322,96
179,0,133,Shamela0006631,994,1511,1645,105,97
179,312,680,Sham19Y0000259,819,647,884,174,57
179,0,248,Sham19Y0000259,897,513,767,197,96
179,854,1499,Sham19Y0095660,623,388,809,139,20
179,725,1582,Sham19Y0023644,3658,1037,1593,408,56
179,0,248,Shamela0004445,5916,884,1140,196,94
179,696,1647,Hindawi015792571,40,497,1431,749,95
179,689,948,Hindawi030807493,123,1367,1635,207,95
179,948,1647,Hindawi030807493,124,0,701,579,99
179,784,1647,ShamAY0005375,417,10,879,691,95
179,685,1105,Shamela0023789,21,1060,1493,338,95
179,1105,1647,Shamela0023789,22,0,550,448,97
180,0,349,JK009325,626,1123,1462,266,93
180,126,1554,ShamAY0034570,52,6,1493,791,57
180,191,344,Hindawi025273163,35,1386,1539,124,100
180,0,1303,Shamela0010283,1224,396,1674,1006,92
180,1307,1507,Shamela0010283,1225,3,202,156,92
180,191,349,Sham19Y0014579,2468,1039,1196,124,96
180,75,1451,Sham19Y0023644,3659,0,1024,617,50
180,0,217,Hindawi015792571,40,1431,1642,174,97
180,217,1466,Hindawi015792571,41,0,1236,981,95
180,0,1005,Hindawi030807493,124,701,1677,791,96
180,1005,1523,Hindawi030807493,125,17,544,411,95
180,0,819,ShamAY0005375,417,879,1658,614,91
180,819,1507,ShamAY0005375,418,0,702,531,90
180,0,1125,Shamela0023789,22,550,1672,890,94
180,1130,1507,Shamela0023789,23,0,381,305,97
181,4,565,Hindawi036368483,267,250,894,321,55
181,4,565,Hindawi037926480,154,249,893,320,55
181,4,297,JK001330,23,1139,1523,191,62
181,1295,1671,JK009230,125,0,378,308,98
181,4,270,Sham19Y0073348,1175,1320,1648,180,67
181,627,923,Shamela0008279,106,346,881,169,33
181,4,565,Hindawi013538483,505,550,1243,334,56
181,4,565,Hindawi063739739,142,910,1468,383,80
181,4,574,Sham19Y0000259,694,510,1155,434,82
181,1143,1671,Sham19Y0000259,890,232,759,420,96
181,4,565,Hindawi026931350,129,5,564,439,96
181,4,565,Hindawi084859728,7,743,1446,334,55
181,4,524,Hindawi029535929,72,1020,1609,279,52
181,4,302,Hindawi074257591,298,1111,1497,199,65
181,1152,1671,Shamela0005351,67,678,1187,386,89
182,1242,1616,JK007581,17,965,1358,288,92
182,0,1272,JK009230,125,378,1686,1028,95
182,1272,1616,JK009230,126,0,345,273,99
182,0,1049,Sham19Y0000259,890,759,1639,694,79
182,1049,1616,Sham19Y0000259,891,0,478,381,82
182,0,418,Shamela0005351,67,1187,1618,326,89
182,418,1616,Shamela0005351,68,0,1189,899,89
183,555,1569,AOCP20251104084,19,391,940,316,33
183,559,1511,JK009230,65,756,1525,421,42
183,0,160,JK009230,126,345,543,127,80
183,812,1169,JK009230,646,464,820,294,98
183,584,782,JK007078,115,364,685,149,55
183,214,457,JK010575,14,0,357,184,59
183,0,114,Sham19Y0000259,891,478,591,89,99
183,804,1174,ShamAY0005375,191,588,944,282,90
183,0,160,Shamela0005351,68,1189,1386,127,80
184,0,256,Shamela0011790,912,1048,1307,197,92
184,297,654,Hindawi017160604,803,915,1272,287,99
184,1176,1291,JK001477,48,819,938,85,92
184,686,1112,JK009230,29,1062,1500,339,95
184,0,256,JK009230,118,1239,1491,203,96
184,498,654,Shamela0010428BK20,1,1172,1459,124,53
184,303,492,Shamela0010428BK20,1,441,651,149,88
184,303,492,Shamela0010428BK2,1,441,651,149,88
184,498,654,Shamela0010428BK2,1,1172,1459,124,53
184,669,1139,Hindawi093813583,17,886,1264,283,70
184,355,492,Sham19Y0073348,173,0,142,103,87
184,498,654,Sham19Y0073348,173,728,1014,126,54
184,1172,1291,Shia003636Vols,8584,822,945,88,92
184,686,1146,Shamela0010614,40,459,928,360,92
184,297,492,Shamela0006947,445,1018,1235,154,88
184,492,654,Shamela0006947,446,160,483,129,49
184,681,1163,Hindawi035168479,11,829,1309,356,88
184,0,180,Shamela0009752,59,1405,1585,147,97
184,297,566,ShamAY0035859,242,1343,1578,166,71
184,676,1146,ShamAY0035859,250,178,662,356,88
184,0,256,Shamela0005351,39,118,396,197,85
185,1283,1590,Hindawi082959503,6,1191,1498,204,69
185,1310,1590,Shamela0012398,375,403,691,227,94
185,886,1271,Shamela0010551,534,1108,1504,305,95
185,1274,1590,Shamela0010551,535,3,377,258,83
185,1310,1590,Shia003636Vols,6929,1000,1288,225,93
185,894,1590,Sham19Y0000259,660,0,744,547,90
185,1317,1590,JK010778,83,961,1246,187,69
185,943,1590,JK009365,434,0,702,508,89
186,98,1514,Hindawi082959503,7,0,1335,959,80
186,4,831,Shamela0012398,375,696,1560,616,88
186,831,1514,Shamela0012398,376,0,718,451,68
186,0,1211,Shamela0010551,535,377,1553,868,84
186,1211,1514,Shamela0010551,536,0,418,227,67
186,4,221,Shia003636Vols,6929,1293,1521,165,90
186,221,1514,Shia003636Vols,6930,0,1344,893,76
186,1023,1252,Hindawi073640603,216,232,419,130,70
186,0,756,Sham19Y0000259,660,744,1548,570,87
186,756,1514,Sham19Y0000259,661,0,776,517,73
186,0,407,JK010778,83,1246,1638,268,75
186,407,1514,JK010778,84,0,1122,775,78
186,0,875,JK009365,434,702,1553,608,80
186,974,1514,JK009365,435,12,660,410,77
187,97,695,Shamela0007326,6,918,1544,349,63
187,759,1549,Shamela0007326,7,260,819,317,45
187,110,571,JK001336,404,1035,1496,276,66
187,759,1519,JK001336,405,421,1034,371,52
188,0,736,Shamela0007326,7,819,1479,336,51
188,862,1518,Shamela0007326,8,115,719,445,79
188,973,1518,JK010727,7,842,1114,209,47
188,4,471,JK001336,405,1041,1521,316,75
188,471,1518,JK001336,406,0,1002,726,84
189,47,1644,Shia001107Vols,2,0,1577,1275,96
189,7,967,Shamela0006947,4119,731,1700,773,97
189,967,1644,Shamela0006947,4120,0,676,556,98
190,1363,1703,Sham19Y0010438,293,1213,1589,179,44
190,1363,1703,Sham19Y0011565,175,103,444,248,87
190,1363,1703,Hindawi079072819,276,571,903,262,94
190,1396,1703,Hindawi080272839,4,796,1103,249,99
190,424,1156,Hindawi063950852,206,1168,1682,305,46
190,1093,1336,Hindawi063950852,207,22,294,110,48
191,245,1020,Sham19Y0010438,294,0,463,349,54
191,0,936,Sham19Y0011565,175,444,1373,710,92
191,0,659,Hindawi079072819,276,903,1559,515,96
191,659,1020,Hindawi079072819,277,0,377,290,95
191,0,490,Hindawi080272839,4,1103,1590,379,95
191,490,1609,Hindawi080272839,5,0,1375,893,79
192,0,197,Hindawi080272839,5,1375,1572,155,99
192,201,359,Hindawi080272839,6,0,158,127,100
199,252,638,JK009202,22,1142,1526,303,95
199,638,1658,JK009202,23,22,1058,822,97
199,252,638,Sham19Y0000760,208,245,635,308,95
199,660,1075,Sham19Y0000760,215,672,1079,322,95
199,1070,1459,Sham19Y0000760,218,633,1034,310,95
199,1451,1606,Sham19Y0000760,219,1392,1546,120,96
199,252,1283,Sham19Y0000259,1048,512,1629,814,87
199,1283,1658,Sham19Y0000259,1049,0,378,296,97
200,319,590,ShamAY0036018,33,1352,1531,139,63
200,0,488,JK009202,23,1058,1552,385,96
200,488,1525,JK009202,24,0,1043,828,98
200,0,279,Sham19Y0000760,220,53,335,220,97
200,279,767,Sham19Y0000760,221,624,1117,383,96
200,767,1203,Sham19Y0000760,223,42,483,341,97
200,1203,1525,Sham19Y0000760,224,630,955,259,97
200,0,1115,Sham19Y0000259,1049,378,1499,874,97
200,1115,1525,Sham19Y0000259,1050,0,377,297,87
200,767,899,JK010766,224,835,966,103,99
201,0,498,JK009202,24,1043,1541,401,99
201,498,1563,JK009202,25,0,1073,853,98
201,0,146,Sham19Y0000760,224,955,1101,116,99
201,146,822,Sham19Y0000760,225,245,922,544,98
201,915,1339,Sham19Y0000760,227,0,427,333,96
201,1329,1563,Sham19Y0000760,228,42,296,189,90
201,0,1194,Sham19Y0000259,1050,377,1577,956,98
201,1194,1563,Sham19Y0000259,1051,0,367,293,98
202,419,824,Hindawi073640603,247,1254,1498,163,50
202,1021,1511,Hindawi073640603,248,94,591,382,94
202,0,371,JK009202,25,1073,1435,292,97
202,0,358,Sham19Y0000760,228,296,652,287,99
202,0,371,Sham19Y0000259,1051,367,734,296,98
202,363,1515,Hindawi030807493,170,190,1300,881,94
202,363,965,JK009269,67,936,1493,447,91
202,965,1515,JK009269,68,0,550,432,97
203,221,1043,JK003502,111,610,1480,510,63
203,959,1268,JK003502,112,5,312,184,77
203,221,373,JK010732,574,1365,1515,108,89
203,373,1268,JK010732,575,0,810,602,84
203,227,819,Sham19Y0120922,450,132,1285,336,35
203,862,1002,Sham19Y0120922,451,738,1334,92,20
203,285,590,JK009245,243,0,308,195,68
203,221,754,JK010743,19,1050,1538,366,85
203,754,1268,JK010743,20,0,468,319,73
203,221,1152,JK009229,1402,919,1574,428,57
203,221,942,Hindawi085205353,95,806,1534,573,97
203,942,1268,Hindawi085205353,96,0,328,258,98
203,221,1243,Shamela0010283,1856,434,1500,687,78
203,212,646,JK006907,36,1126,1534,294,81
203,646,1268,JK006907,37,0,661,416,80
203,74,235,Hindawi073640603,248,591,761,124,92
203,221,403,Sham19Y0018285,389,1350,1530,132,91
203,403,1268,Sham19Y0018285,390,0,803,562,78
203,221,1087,Sham19Y0000259,1077,780,1458,473,65
203,221,1130,Sham19Y0014579,3128,297,842,130,13
203,221,819,JK010778,164,1002,1553,426,88
203,819,1243,JK010778,165,0,436,286,78
203,212,1273,Hindawi094050268,68,453,1509,704,81
203,221,959,Shamela0005390,515,705,1391,448,72
203,1035,1268,Shamela0005390,516,0,232,165,90
203,221,819,Shamela0005440,483,885,1519,244,33
203,840,1223,Shamela0005440,484,143,900,256,40
203,0,153,Hindawi030807493,170,1300,1452,120,98
203,153,1487,Hindawi030807493,171,0,1335,1061,99
203,0,942,JK009269,68,550,1491,742,98
203,942,1487,JK009269,69,0,593,434,91
204,186,841,Hindawi073640603,249,1163,1501,231,44
204,836,990,Hindawi073640603,250,62,219,119,96
204,0,148,Hindawi030807493,171,1335,1482,116,99
204,148,995,Hindawi030807493,172,0,919,651,90
204,0,821,JK009269,69,593,1418,636,97
204,836,990,JK009269,70,82,235,120,98
205,992,1661,JK010552,87,0,671,523,94
205,935,1648,JK000916,26987,622,1347,561,94
205,888,1661,JK000003,306,216,945,553,85
205,968,1661,Sham19Y0150966,1024,32,721,533,93
205,935,1470,JK000919BK1,69,961,1503,427,96
205,1470,1661,JK000919BK1,70,0,192,153,97
205,1124,1503,JK001330,151,153,486,186,56
205,1145,1510,JK009230,620,1161,1449,183,61
205,914,1642,Shamela0035100,1408,92,494,273,46
205,921,1517,JK009233,147,476,932,323,65
205,935,1661,Shamela0005448,310,498,1221,557,92
205,888,1112,Shamela0012406,1505,1284,1495,148,77
205,1112,1661,Shamela0012406,1506,0,557,433,94
205,1124,1661,Sham19Y0023644,3185,947,1426,298,62
205,935,1661,Sham19Y0145334,1173,155,890,548,88
205,942,1661,JK009304,173,270,1005,564,93
205,1030,1661,Sham19Y0017724,334,0,674,494,88
205,1172,1628,Shamela0021508,71,1216,1494,142,34
205,935,1661,Shamela0001000,343,470,1201,565,94
206,0,858,JK010552,87,671,1547,663,92
206,858,1504,JK010552,88,0,662,504,95
206,0,166,JK000916,26987,1359,1524,131,96
206,166,1504,JK000916,26988,0,1385,1043,93
206,0,685,JK000003,306,945,1554,468,83
206,685,1504,JK000003,307,0,840,633,93
206,0,912,Sham19Y0150966,1024,721,1560,655,87
206,912,1413,Sham19Y0150966,1025,0,483,372,94
206,0,1324,JK000919BK1,70,192,1529,1047,96
206,1324,1504,JK000919BK1,71,0,180,144,98
206,13,261,JK009230,619,88,289,153,76
206,1244,1504,Hindawi060208373,175,1359,1620,207,99
206,13,261,Shamela0009229,686,1182,1433,168,77
206,13,215,Shamela0035100,1408,479,634,124,75
206,1109,1504,Shamela0035100,1408,700,1049,268,84
206,1244,1413,Hindawi092480708,134,148,317,131,98
206,967,1193,AOCP20251104090,68,207,411,143,77
206,13,152,JK010749,33,934,1073,112,99
206,1227,1504,JK006908,148,331,620,206,89
206,1239,1504,Sham19Y0020762,2006,900,1117,168,76
206,0,372,Shamela0005448,310,1221,1593,293,97
206,372,1157,Shamela0005448,311,0,788,605,93
206,13,166,Hindawi085925824,183,542,696,120,96
206,1358,1504,JK006907,135,1106,1253,111,95
206,550,723,Sham19Y0000760,1050,555,662,80,58
206,584,959,Shamela0001003,597,992,1334,173,50
206,13,261,Shamela0001003,597,211,413,143,71
206,550,723,JK001336,70,116,219,68,50
206,13,261,JK000927,2400,1239,1490,175,80
206,13,347,Shamela0008189,10,388,912,237,54
206,0,1024,Shamela0012406,1506,557,1545,759,90
206,1024,1504,Shamela0012406,1507,0,496,375,95
206,0,605,Sham19Y0145334,1173,890,1514,450,86
206,608,1504,Sham19Y0145334,1174,0,940,654,83
206,1358,1504,JK010747,175,591,738,112,95
206,0,528,JK009304,173,1005,1526,406,96
206,528,1504,JK009304,174,0,956,723,90
206,13,237,JK007559,10,1282,1518,154,74
206,0,871,Sham19Y0017724,334,674,1550,679,95
206,871,1504,Sham19Y0017724,335,0,642,492,95
206,93,261,Shamela0021508,72,0,172,103,68
206,0,347,Shamela0001000,343,1201,1548,270,96
206,347,1244,Shamela0001000,344,0,834,615,82
207,11,601,JK010552,89,794,1426,446,84
207,349,594,JK007143,1585,290,528,140,62
207,11,601,JK000916,26990,71,716,443,84
207,11,411,JK000003,308,997,1427,295,84
207,415,601,JK000003,309,0,192,151,95
207,11,601,Sham19Y0150966,1026,532,1125,426,84
207,11,601,JK000919BK1,72,368,951,458,95
207,632,1139,JK001336,99,709,1206,395,97
207,1150,1516,JK001336,101,606,981,271,85
207,11,612,Shamela0012406,1508,657,1300,460,87
207,1150,1493,JK000676,419,440,801,225,75
207,11,356,Sham19Y0145334,1175,504,878,253,82
207,632,1133,JK009365,247,196,616,280,64
207,11,356,JK009304,175,1053,1432,246,80
207,371,601,JK009304,176,4,246,185,93
207,1178,1516,Shamela0011056BK3,14,263,612,243,81
207,11,601,Sham19Y0017724,336,757,1338,427,84
207,349,601,AOCP20251104137,72,0,220,159,74
207,11,565,Shamela0001000,345,848,1462,401,78
208,0,538,JK001336,101,981,1477,389,90
208,538,1535,JK001336,102,0,920,708,88
208,0,889,JK000676,419,814,1500,489,67
208,889,1535,JK000676,420,0,609,392,70
208,557,911,Shamela0006947,866,355,714,157,52
208,0,1012,Shamela0011056BK3,14,612,1481,671,82
208,1012,1535,Shamela0011056BK3,15,0,410,324,76
209,0,693,JK001336,102,920,1567,521,91
209,700,913,JK001336,103,0,212,172,99
209,0,851,JK000676,420,609,1454,600,80
209,0,913,Shamela0011056BK3,15,410,1268,688,92
214,1070,1362,Shia001299,186,1086,1450,183,60
214,1079,1332,Shamela0026579,24,1080,1406,118,35
214,1079,1519,Shamela0031382,69,877,1297,328,93
214,1079,1519,ShamAY0032931,5,629,1044,161,32
214,1070,1519,Shamela0021635,328,328,730,256,65
214,413,617,JK009325,1676,236,453,163,91
214,370,595,Hindawi041635814,161,816,984,112,58
214,1070,1519,JK009216,21,1030,1446,262,64
214,1057,1519,Hindawi024069693,4,59,488,334,90
214,1079,1519,JK005004,196,375,770,161,33
214,1070,1302,JK005004,197,1251,1474,155,79
214,1079,1519,Shamela0010437,145,96,494,161,33
214,1079,1519,JK005007,158,282,685,158,32
214,1079,1346,JK000474,2825,1116,1452,120,35
214,1079,1519,JK005005,233,680,1071,156,32
214,1079,1411,Shamela0010637,48,501,889,144,44
214,1079,1519,Shamela0010283,288,629,1083,159,30
214,1070,1369,Shia001432Vols,4918,1071,1443,186,60
214,1079,1519,Shamela0012579,2266,1001,1390,161,33
214,1070,1519,Masaha004387Vols,63,673,1056,263,69
214,1079,1519,Sham19Y0000760,1029,512,1003,220,51
214,1075,1519,Shamela0009429,158,523,965,347,98
214,1079,1395,Noorlib0005343,414,857,1151,167,64
214,413,536,Hindawi026382506Vols,391,1159,1290,80,78
214,795,1340,Sham19Y0000259,744,1084,1466,183,40
214,1079,1519,JK000927,3213,757,1168,181,47
214,1070,1416,ShamAY0033623,21,1130,1471,222,72
214,1079,1362,JK010370,26,1165,1455,221,95
214,1075,1519,Shamela0001417,903,987,1417,168,37
214,1079,1519,Shamela0001043,705,901,1361,174,37
214,413,617,ShamAY0007299,1250,1148,1350,163,98
214,413,536,ShamAY0007299,4208,877,1006,80,79
214,413,617,ShamAY0007299,4211,193,424,164,87
214,1117,1519,Shamela0004445,844,0,322,227,69
214,1079,1519,Shamela0009631,61,638,989,146,33
214,1079,1519,ShamAY0021514,81,1126,1495,285,81
214,1070,1519,JK006838,232,227,633,260,65
214,413,617,Hindawi030807493,61,92,307,160,90
214,1075,1519,JK009396,1511,845,1273,173,39
214,370,595,Hindawi074603536Vols,24,123,292,112,58
217,1416,1568,JK001477,107,503,610,85,69
217,1416,1568,Shamela0006905,37,2,159,117,93
217,1438,1568,JK007143,2888,0,131,104,99
217,1399,1568,Shamela0008505,160,5,225,130,74
217,1416,1568,Shamela0008505,161,450,1429,106,13
217,1416,1568,Sham19Y0150966,1604,358,511,122,99
217,1409,1573,JK009325,134,285,450,125,95
217,1326,1517,JK009230,306,584,838,144,70
217,1416,1568,Sham19Y0016714,453,266,375,85,69
217,1387,1568,Shamela0001687,3323,267,442,126,87
217,1387,1568,JK003609,4006,392,567,128,88
217,1399,1568,Sham19Y0013252,8579,246,428,132,90
217,1416,1568,JK006907,118,71,222,118,96
217,1387,1568,Shamela0023785,110,369,544,125,86
217,1416,1568,JK010727,46,80,186,84,69
217,1399,1568,JK010766,204,630,840,129,76
217,1387,1568,Shamela0029882,784,1027,1201,121,82
217,1409,1568,Shamela0026484,133,537,697,123,94
217,1399,1568,Shamela0000558,450,418,589,129,94
221,672,917,Shamela0010548,538,855,1113,188,86
221,649,955,Hindawi079072819,66,606,924,215,82
221,649,917,JK001460,605,61,341,211,90
221,649,917,Shamela0035073,124,809,1089,211,90
221,655,923,Shamela0006947,3621,46,229,139,61
221,672,917,JK010637,31,0,253,195,92
223,1349,1564,Shamela0001515,128,65,277,169,96
223,764,1386,JK006912,49,1064,1560,194,29
223,1386,1673,JK006912,50,0,528,217,50
223,1355,1564,JK001477,146,98,304,167,98
223,1345,1515,JK007143,748,158,330,136,95
223,1345,1539,JK007143,761,117,313,154,95
223,764,915,JK007143,2773,464,615,117,93
223,1355,1515,Shamela0000736,3229,1025,1183,129,98
223,1355,1564,Sham19Y0147062,1169,229,436,167,98
223,1355,1515,JK000916,3119,584,742,124,95
223,1408,1564,Sham19Y0150966,1426,822,976,122,97
223,1349,1564,Shamela0001032,13,426,643,170,95
223,1349,1564,JK009325,1145,445,660,169,93
223,1349,1515,Shamela0037632,11,866,1030,132,97
223,1376,1564,JK009230,489,0,186,147,96
223,1349,1564,JK010734,73,923,1132,163,91
223,1355,1574,Shamela0005449,15,754,979,170,92
223,764,1673,Shamela0005449,19,398,1213,419,49
223,1349,1515,JK010724,73,147,360,132,75
223,764,964,JK006908,141,647,860,162,92
223,764,964,JK006908,181,398,606,162,94
223,1345,1564,Kraken220413030940,115,428,657,129,69
223,1093,1673,Shamela0010548,664,550,951,254,54
223,764,915,Hindawi093949194,149,1261,1412,118,94
223,764,968,Hindawi053803853,59,432,693,156,73
223,1408,1564,JK010764,18,543,701,122,95
223,1345,1564,Shamela0010283,1510,1168,1391,130,72
223,1339,1539,Hindawi091480429,541,1344,1532,152,93
223,764,1673,JK007512,2,373,1182,376,44
223,764,915,Hindawi030353837,146,1090,1342,122,58
223,1355,1487,Sham19Y0127717,286,494,624,103,96
223,1355,1673,Sham19Y0000259,1084,1167,1468,226,86
223,1365,1673,Shamela0012406,330,0,209,158,63
223,1355,1515,Shamela0012406,2859,92,249,128,98
223,1345,1564,JK010568,240,251,499,130,65
223,1355,1515,Shamela0003118,1189,1267,1424,123,95
223,1349,1564,JK010766,402,904,1120,166,94
223,1355,1509,Sham19Y0023644,5106,1284,1436,122,97
223,1355,1515,JK001020,107,462,619,126,96
223,1314,1673,JK001305,534,406,624,99,32
223,1408,1564,Shamela0009427,14,62,357,120,50
223,1286,1515,Shamela0009427,17,330,743,119,35
223,1355,1521,JK009320,50,1202,1366,130,96
223,1355,1564,Hindawi046946197,136,979,1190,167,96
223,764,964,Hindawi050704646,122,608,878,159,71
223,1349,1564,Sham19Y0013900,28,1263,1475,170,97
223,764,1564,Hindawi039141640,47,688,1376,329,41
223,1355,1564,Sham19Y0017724,325,1303,1514,165,95
223,1355,1515,Shamela0010798,2548,393,551,129,98
224,933,1148,Shamela0005416,68,1222,1436,172,97
224,933,1152,JK006912,53,789,1006,173,97
224,1275,1580,JK007143,2632,382,731,237,83
224,1173,1580,JK007511,2,792,1263,312,82
224,933,1148,JK007511,8,430,649,168,93
224,1173,1580,Sham19Y0150966,343,571,986,280,77
224,1275,1538,JK009325,841,231,539,199,80
224,1173,1580,Shamela0021525,365,377,830,312,85
224,933,1152,Shamela0021525,385,126,396,166,75
224,1173,1326,Shamela0005449,54,383,537,120,96
224,1173,1580,Shamela0005449,66,0,502,314,77
224,1275,1484,Kraken220413030940,74,601,852,155,76
224,1270,1538,Sham19Y0020762,1097,1038,1356,197,77
224,1275,1580,Sham19Y0020762,1528,94,484,226,71
224,1275,1484,Shamela0010283,1476,832,1087,159,77
224,1275,1538,JK010729,195,1042,1350,197,79
224,11,313,Hindawi071490515,57,269,518,100,35
224,1164,1377,Shamela0036543,2358,614,1125,127,31
224,933,1164,JK007063,406,795,1028,174,91
224,1275,1484,JK010568,19,165,420,155,75
224,1275,1488,Shamela0005446,666,1194,1458,157,74
224,1173,1428,Shamela0028174,194,1270,1474,153,75
224,1270,1538,Sham19Y0018147,521,231,566,200,73
224,1275,1428,Sham19Y0011151,813,1432,1583,119,97
224,1275,1484,Sham19Y0011151,814,77,331,158,77
224,1173,1580,Sham19Y0017724,134,900,1353,310,85
224,1275,1484,JK001001,213,620,868,151,74
224,1275,1580,JK010637,321,1082,1431,230,81
224,1173,1377,Shamela0023789,274,891,1319,122,36
225,1146,1422,Shamela0006911,25,0,224,163,75
225,718,891,JK001477,182,1143,1334,137,89
225,682,896,JK007143,510,186,369,131,75
225,1247,1354,Shamela0005372,84,457,881,81,24
225,161,557,Shamela0036578,1176,962,1475,190,43
225,178,682,Sham19Y0016714,701,692,805,68,16
225,1137,1507,Shamela0021525,312,139,564,285,84
225,718,891,Shamela0021525,320,127,312,134,89
225,0,169,Shamela0021525,365,830,999,124,94
225,1137,1412,ShamAY0038525,2,995,1427,136,41
225,1127,1461,JK010752,10,81,311,128,49
225,7,156,Shamela0005449,66,356,609,115,57
225,1192,1412,Shamela0005449,86,128,612,170,44
225,1303,1490,Shia002185Vols,4048,968,1156,105,70
225,1247,1358,Kraken220413030940,83,731,1239,86,21
225,178,682,Shamela0001535,819,1102,1263,84,18
225,1137,1358,Sham19Y0020762,1272,1320,1482,90,46
225,718,891,Shamela0010548,697,679,863,134,89
225,1247,1354,Shamela0010548,699,379,486,84,100
225,1247,1465,Shamela0005385,76,1151,1432,136,61
225,714,901,Shamela0011253,82,807,1032,134,72
225,714,883,Shamela0011253,86,22,205,131,89
225,1247,1507,Shamela0011253,103,314,1430,202,22
225,1303,1490,Shamela0005448,92,300,488,105,70
225,1247,1358,Shamela0005433,60,859,1075,83,49
225,640,1412,Shia002378,298,0,962,254,24
225,1137,1507,Hindawi085205353,97,846,1270,289,86
225,1247,1365,Shamela0010283,488,327,441,87,94
225,1192,1354,Hindawi091480429,542,588,801,127,75
225,1247,1354,JK000882,204,799,906,84,100
225,181,658,Shamela0012286,1097,12,492,78,11
225,1192,1507,Hindawi079072819,308,667,925,169,60
225,1137,1507,Sham19Y0000259,1087,241,665,289,86
225,718,891,Sham19Y0000259,1160,1200,1385,132,88
225,718,883,Kraken22021606121201,946,1337,1519,118,76
225,1137,1503,Hindawi041740246,45,741,1528,258,41
225,1137,1465,JK007516,2,1050,1394,142,45
225,1041,1222,Shamela0009427,26,35,243,71,37
225,161,682,JK009320,51,166,600,74,11
225,1247,1358,JK009320,51,696,861,86,66
225,718,901,Hindawi048607936,91,323,525,143,88
225,718,891,Hindawi039141640,16,1287,1474,137,91
225,166,682,Hindawi039141640,53,6,209,75,16
225,1137,1365,Hindawi039141640,54,1206,1493,177,78
225,1365,1507,Hindawi039141640,55,0,152,114,92
225,1137,1465,Sham19Y0018147,525,944,1285,166,46
225,982,1271,Shamela0004473,632,71,318,168,72
225,0,151,Sham19Y0017724,134,1353,1503,117,97
225,633,1087,Sham19Y0017724,222,809,1082,122,26
225,1192,1412,Sham19Y0017724,223,105,590,135,36
225,1127,1329,Hindawi030807493,69,1272,1533,151,72
225,1329,1507,Hindawi030807493,70,0,180,143,98
226,484,594,JK009325,802,712,1104,88,28
226,430,594,JK009230,458,1068,1512,133,36
226,410,594,Shamela0005449,82,740,1053,139,55
226,479,594,JK010724,166,711,826,88,96
226,430,594,Sham19Y0020762,1633,712,827,89,66
226,452,594,Sham19Y0020986,51,307,424,92,81
226,484,594,Sham19Y0014786,149,1151,1261,86,98
226,430,594,Shamela0000740,29,238,724,133,33
226,484,594,Shamela0006909,27,536,646,88,100
226,484,594,Shamela0028181,20,342,677,88,32
226,415,594,Sham19Y0018147,526,126,475,133,47
227,615,1014,Shamela0006911,26,889,1146,201,61
227,204,349,JK010552,372,770,916,119,99
227,508,1057,JK006912,71,130,267,103,23
227,155,457,JK006912,72,432,1072,240,46
227,615,818,Rafed0000040Vols,1973,871,1025,115,68
227,215,508,JK010732,71,0,294,196,70
227,615,1014,JK010732,71,1161,1416,200,61
227,615,818,JK000916,25377,447,598,120,72
227,818,1064,JK007526,34,1073,1283,78,27
227,615,1028,JK007526,35,3,287,208,60
227,155,508,JK007526,47,81,452,283,93
227,615,768,JK009325,492,471,626,124,98
227,615,1019,JK009325,760,1175,1436,202,61
227,615,818,Sham19Y0036072,320,919,1122,163,99
227,615,771,Shamela0021525,430,1400,1557,126,98
227,771,1064,Shamela0021525,431,0,270,118,34
227,615,768,Zaydiyya0000195,43,478,685,117,70
227,615,818,Zaydiyya0000090BK1,122,911,1061,116,70
227,155,457,Shamela0005449,142,1088,1442,234,80
227,0,602,Shamela0005449,146,781,1416,120,14
227,155,457,Shamela0005449,147,53,355,244,99
227,615,1028,Shamela0005449,149,595,863,209,62
227,170,457,ShamAY0038527,3,0,287,233,98
227,155,273,JK006908,87,1416,1533,97,99
227,273,1028,JK006908,88,0,574,254,34
227,615,768,Shia002185Vols,665,30,233,122,74
227,615,818,Sham19Y0020762,910,46,548,161,39
227,615,768,JK009270,866,1149,1301,122,97
227,615,768,JK009270,5363,1337,1492,114,92
227,155,405,Shamela0011253,182,543,1461,201,26
227,0,566,Shia002378,306,1321,1580,95,20
227,615,818,Shamela0010283,5602,245,395,115,70
227,615,1064,JK010729,119,331,940,356,72
227,615,818,JK007082,707,383,588,164,99
227,1069,1533,Hindawi071490515,43,723,1197,176,42
227,615,1014,Sham19Y0014786,138,270,525,200,61
227,610,822,Shamela0023785,74,1028,1238,160,93
227,595,768,JK010738,327,12,182,123,88
227,615,818,Shamela0010614,432,913,1118,158,96
227,615,768,Hindawi072518646,81,1020,1175,124,98
227,170,457,Sham19Y0124335,225,0,1068,143,15
227,155,508,Sham19Y0000259,1094,108,461,288,100
227,615,1064,Sham19Y0000259,1163,330,783,325,87
227,640,1064,JK000927,1705,0,583,339,71
227,615,818,Shamela0000636,11,549,752,161,98
227,615,818,Shamela0003118,7418,792,942,119,72
227,620,771,JK010766,418,635,788,120,97
227,615,1064,Shamela0005446,495,250,529,161,38
227,615,1064,JK009320,56,461,681,160,44
227,615,768,Shamela0006947,7498,1239,1393,123,98
227,508,1064,Hindawi048607936,112,168,287,83,19
227,615,768,Hindawi059616186Vols,1888,797,952,124,98
227,210,405,Shamela0009752,53,511,706,120,68
227,204,399,Shamela0028174,188,1269,1464,153,94
227,155,508,Hindawi039141640,64,340,710,285,94
227,595,1019,Sham19Y0018147,506,185,432,169,46
227,155,457,Sham19Y0017724,274,236,387,123,50
227,615,818,Shamela0011566,2091,998,1148,113,69
227,615,866,Shamela0000563,153,535,692,122,59
227,615,768,Shamela0023789,64,384,539,124,98
228,731,880,Hindawi048270516,75,1153,1297,88,73
228,541,784,JK006912,63,712,1100,179,56
228,541,731,Sham19Y0147062,2362,1084,1274,153,97
228,780,1018,JK010732,79,1295,1532,146,63
228,541,787,JK010732,79,598,744,109,54
228,541,1018,ShamAY0038526,3,1049,1524,295,63
228,587,780,Shamela0037488,146,980,1132,73,36
228,831,970,Shamela0037488,148,965,1299,101,37
228,541,780,Shamela0011253,161,847,1536,187,33
228,541,731,Hindawi085925824,56,146,336,153,97
228,541,1031,Sham19Y0000259,1091,332,868,301,59
228,541,1018,Hindawi039141640,61,574,1187,374,74
228,283,780,Sham19Y0017724,74,1256,1603,153,29
228,780,1018,Sham19Y0017724,75,493,730,146,63
229,205,756,JK006912,66,274,1028,228,28
229,271,566,JK001477,206,961,1238,181,76
229,397,619,Hindawi037926480,312,222,452,178,95
229,205,386,Shamela0021525,191,1169,1343,130,90
229,397,566,Shamela0021525,192,169,338,134,96
229,205,386,Shamela0005449,123,994,1168,131,90
229,397,619,Shamela0005449,124,68,290,177,98
229,205,566,Shamela0005449,128,880,1568,266,47
229,397,566,Shamela0037488,56,405,1126,129,22
229,271,753,Sham19Y0020762,1240,235,940,255,37
229,397,566,Sham19Y0145435,642,301,470,137,98
229,508,756,Shamela0023775,496,537,655,95,47
229,397,537,Sham19Y0124335,128,1019,1646,112,21
229,401,619,Kraken220415100046Vols,1811,1327,1546,152,84
229,264,753,Hindawi041740246,43,858,1023,102,25
229,271,566,Shamela0006947,4979,990,1387,146,46
229,397,566,Sham19Y0026523,2284,678,847,135,97
229,205,619,Hindawi039141640,51,164,997,309,45
229,205,386,Sham19Y0017724,443,1224,1402,138,95
229,397,756,Sham19Y0017724,444,43,471,139,28
229,275,695,Sham19Y0017916,37,0,341,147,35
229,397,566,Shamela0009783BK1,2692,64,233,137,98
229,331,573,JK007518,3,3,681,179,32
230,538,807,Shamela0023833,233,159,451,183,79
230,894,1048,Sham19Y0020860,132,976,1127,117,94
230,894,1015,JK007143,1824,1427,1544,95,95
230,1015,1156,JK007143,1825,0,139,108,97
230,894,1105,Shamela0005372,93,810,1244,161,45
230,894,1156,Sham19Y0150966,442,466,723,201,96
230,894,1025,Sham19Y0150966,736,1322,1450,103,96
230,598,782,Sham19Y0150966,1012,1196,1382,140,94
230,894,1105,JK010665,16,306,512,164,96
230,598,807,Sham19Y0016714,632,500,716,163,94
230,548,807,Shamela0023735,3082,534,763,170,81
230,894,1048,Shamela0021525,221,457,608,118,94
230,894,1052,Sham19Y0020891,3735,519,672,119,94
230,598,807,Rafed0002163Vols,49,270,483,147,86
230,446,649,Shamela0005449,201,81,365,89,32
230,552,704,Shamela0005449,202,0,146,100,81
230,491,807,Shamela0005449,203,743,1041,206,80
230,491,807,Shamela0005449,230,450,748,206,80
230,491,807,Shamela0005449,252,483,781,206,80
230,894,1086,JK009366,30,1354,1493,113,71
230,543,807,Hindawi051519061,6,1282,1551,169,77
230,894,1052,JK006908,15,744,899,119,93
230,894,1048,JK010561,52,1064,1215,120,96
230,894,1105,Sham19Y0020762,972,291,703,162,48
230,894,1052,JK010646,201,1155,1312,120,93
230,598,807,Shia002378,74,939,1150,166,98
230,894,1048,Shia002378,209,885,1036,118,95
230,835,1156,Shia002378,210,1060,1353,122,40
230,613,807,Shamela0010283,3718,0,195,142,91
230,894,1042,JK006907,60,1419,1563,113,94
230,538,807,ShamIbadiyya0000109,8069,43,334,185,80
230,894,1048,Hindawi039319758,5,987,1139,121,96
230,835,1000,Hindawi030353837,161,445,601,124,93
230,894,1052,JK007140,6145,754,909,121,95
230,894,1048,JK000927,1885,966,1117,118,94
230,835,1105,MMS00013,1765,434,909,205,53
230,548,807,Shamela0029882,665,838,1137,192,79
230,894,1105,Shamela0028174,207,844,1107,166,77
230,538,807,Masaha002028Vols,584,795,1034,179,82
230,888,1048,Hindawi039141640,36,246,406,119,91
230,538,807,Shamela0009770,215,1120,1367,179,83
230,538,807,Shamela0004445,1159,178,464,185,80
230,894,1161,Sham19Y0017724,178,189,348,111,54
230,598,807,Sham19Y0017724,326,1176,1386,168,99
230,598,807,Sham19Y0017916,80,274,484,167,99
230,894,1048,Shamela0011469,517,417,567,115,92
230,649,807,JK007503,13,0,162,123,95
230,894,1151,JK007503,38,732,1028,175,68
230,835,1105,JK010637,20,917,1369,204,56
230,815,1105,JK010473,30,433,853,206,60
230,829,1105,Shamela0023789,1400,1093,1361,206,93
231,751,1032,ShamAY0005375,196,1165,1460,222,92
231,1032,1473,ShamAY0005375,197,965,1414,342,90
231,1478,1658,ShamAY0005375,198,238,431,127,78
232,1144,1504,Shamela0005416,33,257,707,243,67
232,595,1037,JK006912,60,1149,1643,317,71
232,1385,1584,JK010752,12,373,630,159,75
232,1381,1540,Shamela0005449,195,1077,1235,127,98
232,743,1092,Shamela0005449,198,259,554,204,71
232,1381,1540,Shamela0005449,222,770,928,127,98
232,841,1092,Shamela0005449,225,14,215,166,80
232,647,991,Shamela0037488,107,82,1340,189,17
232,872,1154,Shamela0037488,108,124,1191,178,20
232,1164,1511,Sham19Y0020762,1424,163,588,216,56
232,666,942,Shamela0011253,140,242,1402,205,21
232,919,1144,Shamela0011253,141,36,852,168,25
232,1164,1584,JK007082,107,56,423,257,70
232,595,1144,ShamAY0038523,3,482,1028,441,98
232,647,1144,Shamela0025837,231,678,989,85,16
232,1164,1347,Shamela0023785,83,1384,1566,139,94
232,1347,1584,Shamela0023785,84,0,295,190,78
232,1159,1475,JK010738,270,1322,1534,162,62
232,678,841,Sham19Y0124335,364,659,1441,120,19
232,816,1044,Sham19Y0124335,365,578,1467,149,20
232,1164,1381,Sham19Y0000259,595,1347,1564,166,94
232,666,1144,Sham19Y0000259,1089,0,531,382,88
232,1144,1511,JK000927,3289,490,990,226,50
232,1164,1435,JK000927,3583,920,1135,163,75
232,743,1149,Kraken220415100046Vols,1841,809,1260,235,57
232,743,991,Shamela0005446,498,680,928,195,97
232,1159,1445,Shia003932Vols,826,691,936,178,75
232,1144,1504,JK010370,48,1238,1542,185,54
232,1403,1584,JK010370,49,0,305,144,58
232,1164,1381,JK007538,12,1173,1450,162,72
232,1381,1584,JK007538,13,2,330,160,60
232,693,1144,JK007538,31,3,451,337,88
232,0,306,ShamAY0007299,4661,286,490,100,40
232,595,743,Hindawi039141640,57,1449,1600,120,96
232,746,1144,Hindawi039141640,58,0,421,318,92
232,226,541,ShamAY0005375,197,325,965,103,17
232,595,1144,ShamAY0005375,200,749,1351,396,74
233,73,288,JK007143,461,159,324,119,70
233,27,283,Sham19Y0150966,626,844,1431,196,42
233,27,218,Sham19Y0036072,175,1333,1482,107,68
233,696,830,Shamela0010548,259,775,994,109,61
233,27,283,Shia002378,231,489,752,190,92
233,585,848,Hindawi071490515,62,136,468,188,69
233,27,283,JK007538,21,214,818,192,40
233,73,275,ShamAY0007299,4656,861,1063,154,98
233,27,283,Sham19Y0017724,93,250,513,194,94
233,27,231,Sham19Y0017916,2,1347,1518,122,72
237,1506,1672,JK001325,15,513,724,93,54
238,1480,1635,ShamIbadiyya0000147,11,951,1252,93,36
238,916,1359,Hindawi020604026,483,599,1058,291,67
238,927,1406,JK009325,1511,348,740,276,64
238,1480,1635,Tafsir09085,534,12,143,93,75
238,909,1406,Hindawi029620591,10,368,826,282,58
238,916,1359,Hindawi042908302,50,125,588,298,69
238,927,1341,Shamela0010283,1671,1251,1565,230,63
238,927,1409,Rafed0000609Vols,65,312,618,222,55
238,893,1359,Sham19Y0014786,45,1190,1548,254,63
238,927,1315,Shamela0023790,402,1357,1643,219,65
238,927,1406,Shamela0010614,473,743,1146,281,65
238,1495,1639,Sham19Y0095660,191,637,780,115,98
238,927,1462,Shamela0007853,211,733,1202,284,59
238,889,1491,Hindawi030807493,98,464,1069,454,88
238,1480,1639,Hindawi027508303,98,714,873,129,100
238,889,1639,Shamela0023789,846,553,1276,587,93
238,927,1409,Shamela0023789,987,277,578,221,55
239,187,1293,JK000916,11515,467,1558,851,94
239,1293,1445,JK000916,11516,0,157,112,87
239,187,598,Shamela0011997,83,1100,1511,327,98
239,598,1445,Shamela0011997,84,0,845,668,96
239,187,333,Shamela0001438,4714,1344,1491,119,99
239,343,1445,Shamela0001438,4715,0,1089,850,95
239,988,1445,Shamela0001438,4789,118,723,254,46
239,988,1445,JK008001,6308,707,1310,250,46
239,187,603,JK008001,6310,1106,1516,323,95
239,603,1445,JK008001,6311,0,836,648,93
239,988,1445,Sham19Y0014283,7,565,1166,254,47
239,187,931,Sham19Y0014283,9,808,1550,581,95
239,931,1445,Sham19Y0014283,10,0,505,393,93
239,187,1445,Shamela0003118,3559,432,1491,815,79
239,187,1368,Shamela0006947,12798,402,1568,908,93
239,988,1445,Sham19Y0127677,2850,71,680,254,46
239,187,474,Sham19Y0127677,2886,1232,1504,218,93
239,474,1445,Sham19Y0127677,2887,0,962,742,94
239,988,1477,JK009390,4174,379,1043,261,45
239,187,941,JK009390,4176,832,1533,538,87
239,941,1445,JK009390,4177,0,497,389,94
239,0,172,Shamela0023789,846,1279,1440,113,82
240,663,1517,Hindawi024069693,6,0,852,686,96
240,639,1078,Sham19Y0000259,377,1142,1582,349,95
240,1078,1369,Sham19Y0000259,378,0,293,238,98
240,647,1083,Zaydiyya0000037Vols,372,673,1058,301,82
240,632,1508,Shamela0023789,851,188,1064,705,97
241,943,1351,JK000803,20,19,401,274,81
241,0,299,Sham19Y0029676,635,1017,1323,238,96
241,1208,1567,Sham19Y0029676,816,156,504,261,87
241,1369,1567,JK000916,14969,238,448,149,86
241,128,299,JK009245,561,1210,1370,111,78
241,0,299,JK009325,50,806,1134,191,72
241,977,1567,Sham19Y0145435,2207,13,681,446,83
241,1396,1567,Shamela0000552,139,0,177,137,93
241,128,331,JK007054,881,1203,1387,122,73
241,1369,1567,JK000397,22,1316,1537,150,82
241,943,1401,JK000397,37,1055,1488,323,86
241,1401,1567,JK000397,38,0,170,133,94
241,0,194,JK000882,771,234,422,108,70
241,1369,1567,Zaydiyya0000142,3201,1334,1554,149,81
241,990,1351,Hindawi039308515,93,65,438,285,95
241,977,1208,Sham19Y0014579,809,991,1227,174,92
241,128,261,Hindawi082068526,48,1243,1384,109,94
241,128,299,JK009288,579,455,632,135,93
241,1031,1208,Shamela0006947,6726,847,1011,124,85
241,128,299,Shamela0007853,221,1194,1370,137,94
241,0,128,Shamela0007853,221,507,654,102,87
241,1369,1567,Shamela0004445,3443,882,1085,144,82
241,1369,1567,Shamela0009783BK1,1832,617,838,150,82
241,943,1351,Shamela0009783BK1,1865,1089,1475,287,86
241,1369,1567,Shamela0009783BK1,1866,42,263,150,82
241,128,299,Sham19Y0013665,13,783,973,132,85
241,128,299,Shamela0000558,329,1187,1348,111,78
242,0,222,ShamAY0034809,510,385,610,176,91
242,0,231,JK000803,83,1052,1276,183,96
242,1099,1570,Shamela0009773,682,505,862,246,62
242,1109,1570,Shamela0012091,28,0,360,220,53
242,1099,1570,Rafed0000040Vols,1234,258,732,369,93
242,1320,1525,JK007143,3147,255,465,167,96
242,0,225,Sham19Y0029676,816,504,729,179,97
242,0,222,JK000916,14969,448,670,177,93
242,1137,1460,Shia001107Vols,70,87,420,254,94
242,1099,1573,Shia003727Vols,86,180,516,224,56
242,1099,1570,Hindawi046307961,92,31,389,250,63
242,0,231,Shamela0008216,45,178,353,139,70
242,1099,1570,Shia004092Vols,12096,1145,1512,224,53
242,1099,1570,Hindawi029620591,203,951,1309,250,63
242,1099,1395,Shia003729Vols,106,1244,1506,198,79
242,1083,1570,Shia002185Vols,374,934,1429,382,94
242,0,222,Sham19Y0145435,2177,112,333,176,97
242,0,236,Sham19Y0145435,2207,681,921,182,92
242,1099,1570,Sham19Y0145435,2394,1096,1434,224,56
242,1099,1570,Rafed0002654Vols,12124,86,454,223,53
242,1099,1570,Shamela0012094,29,796,1163,224,53
242,0,231,Shamela0000552,139,177,408,188,99
242,1099,1570,Rafed0000609Vols,638,573,1002,335,85
242,1083,1570,Shia001432Vols,11144,7,495,380,94
242,0,251,JK000397,38,170,412,188,92
242,0,222,JK000021,2960,1061,1285,176,92
242,1099,1570,JK000911,1062,196,531,221,56
242,1183,1573,Rafed0001617Vols,24,0,400,307,94
242,1099,1570,Masaha002310,114,214,591,237,60
242,1099,1570,Zaydiyya0000142,521,486,968,374,95
242,52,222,Zaydiyya0000142,3202,0,169,139,99
242,1083,1230,Shia20200618,22,1442,1585,113,95
242,1230,1573,Shia20200618,23,0,350,274,95
242,1083,1570,Hindawi031861395,31,108,503,309,75
242,1249,1399,Shia001615Vols,2882,1222,1372,120,98
242,1099,1570,Shamela0007853,125,144,489,247,63
242,0,231,Shamela0004445,3443,1085,1308,183,96
242,0,222,ShamAY0038174,44,1095,1317,177,93
242,0,222,Shamela0009783BK1,1832,838,1059,176,97
242,0,222,Shamela0009783BK1,1866,263,484,176,97
243,1083,1277,Shamela0005416,115,15,351,137,48
243,62,207,Shia003702,152,1603,1743,115,96
243,207,435,Shia003702,153,0,264,184,85
243,62,281,Rafed0000040Vols,1617,1334,1549,176,98
243,266,435,Rafed0000040Vols,1618,0,176,131,93
243,455,917,JK007143,2916,968,1517,249,50
243,945,1341,JK007143,2917,145,484,253,77
243,90,435,Shia002958,86,0,373,272,87
243,1086,1387,JK000919BK1,210,1144,1442,208,80
243,1083,1387,JK009325,19,769,1067,206,79
243,62,435,JK009325,31,548,943,288,86
243,18,304,Shia001107Vols,33,1201,1533,231,85
243,197,435,Shia001107Vols,34,947,1212,142,62
243,1083,1387,Shia001107Vols,295,1015,1314,201,76
243,62,435,Shia003712,57,634,1037,274,77
243,18,435,Hindawi029620591,236,956,1519,334,72
243,62,435,Shia003729Vols,100,756,1167,299,88
243,18,435,Shia002185Vols,144,535,990,334,89
243,1083,1387,Shia002185Vols,1233,335,634,212,82
243,62,435,Shia001432Vols,9220,284,742,240,62
243,151,266,Shia001432Vols,9221,187,594,91,27
243,317,435,Shia001432Vols,9394,1024,1163,72,61
243,18,189,Shia001432Vols,9396,1229,1406,134,90
243,62,311,Shia001432Vols,24383,1383,1656,197,85
243,311,435,Shia001432Vols,24384,6,130,99,99
243,18,356,Rafed0001617Vols,10,1158,1534,271,87
243,650,957,Shamela0006897,117,1122,1417,156,58
243,30,435,ShamAY0033599,59,846,1345,245,59
243,650,957,Sham19Y0000760,403,1152,1443,157,60
243,62,435,Hindawi079072819,198,39,447,301,90
243,317,435,Rafed0001121,115,648,794,71,58
243,73,435,Shia20200618,10,0,397,292,90
243,1083,1387,Shia20200618,137,555,854,201,76
243,1083,1400,Shamela0007435,479,392,661,179,70
243,650,957,Shamela0012406,1320,925,1180,151,60
243,30,435,Sham19Y0023644,1447,754,1231,307,78
243,62,435,Shia002165,20,835,1294,260,67
243,1083,1387,Shamela0007853,880,48,395,227,79
243,78,427,Zaydiyya0000037Vols,293,99,535,226,58
243,62,435,Zaydiyya0000037Vols,333,688,1089,285,84
243,650,1002,Shamela0004445,3770,631,1031,177,49
243,1086,1387,Shamela0023789,915,1066,1388,207,74
244,1062,1448,Shamela0009773,1300,1140,1541,256,72
244,1051,1590,JK009325,1314,104,606,359,75
244,1051,1590,Hindawi024069693,11,1056,1593,389,84
244,1040,1590,Hindawi060208373,84,476,824,230,47
244,1051,1451,Hindawi046307961,195,1165,1567,311,91
244,1051,1590,Shia003675Vols,721,1027,1546,311,59
244,1051,1590,Shia002185Vols,3303,832,1366,390,83
244,1051,1590,Sham19Y0145435,2511,139,708,377,76
244,1051,1590,Shamela0010283,4421,818,1485,383,66
244,1051,1341,JK000911,1139,1257,1592,211,75
244,1177,1590,Hindawi049493751,17,0,416,338,98
244,1006,1488,Shamela0009429,161,1097,1581,373,93
244,1051,1590,Shamela0010614,219,402,960,403,83
244,1051,1441,Shamela0028453,125,1059,1450,289,87
244,1022,1590,Shamela0012396BK1,300,944,1550,386,74
244,1237,1425,Shamela0012406,1266,764,899,103,66
244,1172,1494,Sham19Y0023644,2466,4,337,245,87
244,616,801,Sham19Y0023644,2467,1155,1352,106,67
244,1124,1590,Shamela0007853,707,0,457,348,87
244,1051,1590,Sham19Y0026523,2280,687,1256,376,76
244,1237,1425,EScr202211221604,42,882,1017,103,66
244,1051,1590,Shamela0009783BK1,2182,818,1387,377,76
244,1124,1590,Hindawi027508303,101,0,481,346,83
244,1051,1590,Shamela0023789,888,662,1202,395,84
245,541,892,Shamela0009773,1301,1063,1441,218,63
245,0,541,JK009325,1314,606,1206,398,80
245,541,990,JK009325,1315,162,667,349,83
245,97,541,Hindawi024069693,12,6,451,287,71
245,541,994,Hindawi024069693,12,995,1506,350,83
245,0,946,Hindawi060208373,84,824,1651,360,36
245,0,541,Hindawi046307961,196,158,775,405,79
245,656,994,Hindawi046307961,197,0,336,275,97
245,97,541,Shia003675Vols,722,0,421,238,62
245,800,973,Shia003675Vols,722,1169,1375,135,79
245,166,541,Shia002185Vols,3304,36,427,271,83
245,541,994,Shia002185Vols,3304,958,1488,351,80
245,0,541,Sham19Y0145435,2511,708,1306,401,81
245,541,990,Sham19Y0145435,2512,260,769,350,83
245,136,541,Shamela0010283,4422,0,465,293,75
245,541,994,Shamela0010283,4422,987,1502,353,83
245,330,541,Hindawi059250728,71,594,805,161,94
245,0,541,JK000911,1140,210,810,395,80
245,682,990,JK000911,1141,0,302,250,97
245,0,994,Hindawi049493751,17,416,1494,791,90
245,0,999,Shamela0009429,162,105,1188,786,89
245,258,741,Shamela0023790,408,500,1076,175,28
245,0,541,Shamela0010614,219,960,1581,405,79
245,541,994,Shamela0010614,220,537,1073,340,77
245,541,741,Shamela0028453,126,977,1275,152,64
245,186,541,Shamela0028453,126,4,392,265,82
245,785,990,Shamela0028453,127,1223,1419,158,92
245,54,541,Shamela0012396BK1,301,0,509,355,84
245,541,990,Shamela0012396BK1,301,1010,1519,353,84
245,296,541,Sham19Y0023644,2466,337,597,149,67
245,541,990,Sham19Y0023644,2466,963,1456,330,79
245,803,990,JK009288,209,392,585,136,83
245,0,541,Shamela0007853,707,457,1056,398,80
245,541,994,Shamela0007853,708,23,539,350,82
245,264,741,Hindawi068305130,437,561,1133,172,27
245,0,381,Sham19Y0026523,2280,1256,1654,270,80
245,541,990,Sham19Y0026523,2281,703,1212,350,83
245,0,202,Shamela0009783BK1,2182,1387,1626,151,77
245,202,541,Shamela0009783BK1,2183,0,358,250,83
245,541,990,Shamela0009783BK1,2183,933,1442,350,83
245,0,538,Hindawi027508303,101,481,1092,395,78
245,541,994,Hindawi027508303,102,81,601,353,82
245,803,990,Shamela0000558,128,0,183,134,82
245,0,391,Shamela0023789,888,1202,1620,288,83
245,391,541,Shamela0023789,889,0,169,113,81
245,541,994,Shamela0023789,889,707,1220,356,84
246,271,590,Shamela0009773,1914,1201,1466,172,67
246,0,553,JK001477,192,934,1536,383,74
246,553,1376,JK001477,193,0,831,615,86
246,0,216,Shamela0008505,191,1299,1518,169,94
246,216,1376,Shamela0008505,192,47,1234,924,95
246,271,532,JK000916,4351,654,908,171,73
246,0,875,JK000916,4353,570,1499,622,77
246,875,1376,JK000916,4354,0,495,379,87
246,342,1017,JK000916,4356,708,1203,227,36
246,0,357,JK009325,235,1064,1491,274,79
246,357,1376,JK009325,236,0,944,742,89
246,346,1017,Hindawi024069693,20,188,937,424,65
246,0,681,Shamela0026813,14,708,1476,533,86
246,681,1376,Shamela0026813,15,0,687,556,97
246,271,933,Hindawi060208373,86,1168,1605,247,42
246,342,696,Shia003675Vols,1064,933,1121,120,41
246,271,801,Shamela0035100,1319,1088,1487,269,59
246,0,289,JK009229,313,1126,1554,214,62
246,289,1376,JK009229,314,0,1094,823,87
246,236,1017,Sham19Y0145435,3605,525,1310,410,58
246,267,676,JK010344,725,908,1335,299,80
246,216,744,Shamela0010283,4676,928,1551,376,75
246,744,1376,Shamela0010283,4677,0,1233,239,20
246,245,900,JK000911,1442,744,1552,344,47
246,1219,1376,Hindawi049493751,30,15,187,128,91
246,342,590,JK000974,207,193,1136,160,20
246,271,1005,Shamela0006617,1141,1015,1524,289,43
246,205,1105,Shamela0009429,163,684,1552,401,41
246,331,1005,Hindawi079708060,81,625,1083,228,36
246,4,641,Shamela0012318,591,965,1548,361,64
246,641,1376,Shamela0012318,592,0,638,482,79
246,346,1017,Hindawi079072819,209,531,1297,432,65
246,342,488,Hindawi026382506Vols,466,10,131,96,81
246,346,1215,Shamela0010614,334,18,868,533,65
246,342,1128,Shamela0028453,31,368,1354,507,57
246,464,1017,Shamela0007012,476,117,406,164,35
246,236,1017,Shamela0012396BK1,438,270,968,406,56
246,137,1017,Shamela0012406,1488,152,1404,503,47
246,264,819,Shamela0012406,1493,883,1521,317,51
246,245,1017,JK001310,55,641,1334,341,43
246,271,900,Shamela0003118,1637,584,1200,306,45
246,1156,1376,Shamela0003118,1638,742,954,168,95
246,0,819,AOCP20251104036,39,623,1526,593,76
246,835,1376,AOCP20251104036,40,0,570,402,79
246,0,729,JK010766,656,753,1511,526,80
246,729,1376,JK010766,657,0,601,485,91
246,271,1017,Sham19Y0023644,3167,558,1306,302,35
246,342,1017,JK010370,190,560,1392,427,58
246,216,907,Sham19Y0145334,1123,612,1508,474,62
246,1215,1376,Sham19Y0145334,1124,858,1091,122,64
246,0,472,Shamela0007853,722,972,1502,356,81
246,472,1376,Shamela0007853,723,0,854,664,88
246,271,1017,Shamela0004445,4160,696,1428,383,54
246,0,216,Shamela0010798,1552,1333,1556,168,94
246,216,1376,Shamela0010798,1553,30,1103,852,90
246,0,1350,Hindawi030807493,121,115,1539,1076,92
246,236,520,Shamela0009783BK1,2705,1187,1509,175,63
246,520,1017,Shamela0009783BK1,2706,0,462,233,53
246,435,540,JK010643,16,1282,1385,77,93
246,259,1215,Hindawi027508303,107,343,1249,541,59
246,0,1376,Shamela0001000,329,452,1504,772,65
246,259,391,Shamela0023789,894,1208,1555,88,31
246,397,1017,Shamela0023789,895,5,738,397,62
246,342,532,Shamela0023789,1196,821,993,131,86
247,427,1645,Hindawi040915851,191,63,1454,979,85
247,427,1100,Hindawi024069693,14,942,1622,547,97
247,1100,1645,Hindawi024069693,15,0,613,446,88
247,427,1645,Sham19Y0073348,680,87,1160,723,63
247,427,1191,Shamela0001002,141,729,1500,613,96
247,1191,1645,Shamela0001002,142,38,559,365,85
247,427,690,Sham19Y0148529,278,1325,1589,209,94
247,690,1645,Sham19Y0148529,279,0,1137,762,81
247,427,878,Sham19Y0000259,1000,1194,1628,354,95
247,878,1645,Sham19Y0000259,1001,0,772,578,84
247,427,1645,Sham19Y0017048,144,180,1533,913,79
247,427,663,Hindawi068305130,198,1367,1607,183,92
247,663,1303,Hindawi068305130,199,0,482,360,67
247,427,684,Shamela0004473,4852,1354,1612,202,91
247,684,1473,Shamela0004473,4853,0,954,631,80
247,486,1645,Hindawi030807493,123,0,1229,948,93
247,427,690,Hindawi027508303,57,808,1010,162,75
247,427,1191,Shamela0001000,1540,764,1536,592,92
247,1191,1645,Shamela0001000,1541,38,545,350,81
248,0,129,Hindawi040915851,191,1458,1588,106,99
248,0,129,Hindawi024069693,15,617,747,106,99
248,0,129,Sham19Y0073348,680,1164,1288,101,95
248,0,129,Shamela0001002,142,563,692,105,98
248,0,129,Sham19Y0148529,279,1141,1270,106,100
248,0,129,Sham19Y0000259,1001,776,906,105,98
248,0,129,Hindawi030807493,123,1233,1363,106,99
250,202,591,JK010768,100,901,1270,241,75
250,202,591,Shamela0001349,31,1044,1429,237,72
250,219,614,Shia002185Vols,1468,1047,1496,248,70
250,223,562,Sham19Y0020762,485,57,391,209,75
250,219,591,JK010344,821,902,1265,252,82
250,247,401,Sham19Y0000760,1032,1379,1535,103,74
250,401,591,Sham19Y0000760,1033,0,215,140,84
250,223,534,Shamela0023790,28,1180,1487,204,79
250,907,1284,Hindawi050926304,11,231,602,226,63
250,202,614,JK001310,70,390,776,247,72
250,319,585,SAWS20200409,49,21,310,154,62
250,903,1284,Hindawi048607936,279,329,701,229,64
250,907,1284,ShamAY0035859,33,209,566,205,57
250,907,1284,Sham19Y0026523,1655,778,1146,228,64
250,267,585,Shamela0001000,821,641,975,247,94
250,223,591,Shamela0023789,49,743,1122,243,79
252,214,351,Shamela0000041,1870,8,145,113,100
252,161,351,Shamela0037458,3042,644,834,156,100
252,155,351,JK000110,1659,1232,1428,160,99
252,155,351,PV2024060602,1659,1232,1428,160,99
252,161,363,JK000917,1205,759,960,161,97
252,161,351,Meshkat0014420,3480,898,1088,156,100
252,161,359,Shamela0000432,6100,701,899,163,100
252,161,351,Shamela0023578,2288,1183,1373,156,100
252,161,351,QuranAnalysis001,163,548,738,156,100
252,214,359,Sham19Y0020891,4483,315,467,120,95
252,155,363,Sham19Y0016684,1857,1268,1476,170,99
252,161,351,Sham19Y0023608,2872,153,343,156,100
252,155,363,Shamela0021715,9217,319,563,170,84
252,161,351,Shamela0021499,74,1332,1522,156,100
252,149,359,Zaydiyya0000054,387,617,821,154,85
252,161,363,JK006478,6991,1387,1591,166,98
252,155,363,Sham19Y0013252,8961,98,306,170,99
252,161,351,JK009270,3502,929,1119,156,100
252,161,351,Zaydiyya0000062,1397,1128,1318,155,99
252,161,351,Shamela0010283,614,219,409,156,100
252,161,359,JK009266,7041,395,605,162,93
252,155,359,Sham19Y0018106,3745,387,591,167,99
252,161,351,Shamela0029743,758,506,696,156,100
252,161,394,Rafed0001713Vols,1853,719,934,167,87
252,161,351,Shamela0012884,3812,171,361,156,100
252,155,351,Sham19Y0016584,4119,1002,1198,160,99
252,161,351,Shamela0010523,69,409,599,156,100
252,161,337,Rafed0003257Vols,4018,1369,1544,144,99
252,161,359,Shamela0007798,7064,674,872,163,100
252,161,351,Shamela0009066,2,263,453,156,100
252,161,351,Shamela0023591,5277,353,543,156,100
252,161,351,Shamela0023591,5302,441,631,156,100
252,155,351,Sham19Y0018103,3654,908,1104,160,99
252,161,351,Shamela0008473,3525,743,933,156,100
252,155,351,Sham19Y0013605,4355,963,1159,160,99
252,161,363,JK000028,109,671,895,165,89
252,161,382,JK007018,521,564,779,171,92
252,161,351,Shamela0023628,2661,462,652,156,100
252,161,351,ShamAY0007299,4417,1181,1371,156,100
252,197,363,JK000385,91,0,171,135,96
252,138,359,Shamela0004473,4648,1055,1285,169,85
252,155,359,Sham19Y0018176,2242,1268,1472,167,99
252,161,359,Shamela0021821,1348,1340,1538,163,100
252,161,359,JK009396,1080,734,944,163,94
252,161,351,JK009268,3567,27,217,156,100
252,161,351,Shamela0010273,2185,21,211,156,100
252,161,359,Shamela0023789,1379,208,417,162,94
254,491,813,Shamela0023833,804,1107,1435,248,93
254,16,813,JK000105,886,263,696,280,41
254,805,990,JK000105,887,727,918,140,92
254,635,801,Sham19Y0146127,3716,330,502,120,86
254,474,698,JK006912,14,0,177,121,67
254,491,813,JK006912,104,378,711,250,93
254,970,1199,Hindawi017160604,810,171,401,159,85
254,805,1199,JK007143,2461,123,544,303,90
254,16,801,Shia002958,525,361,887,292,40
254,16,693,JK001296,25,799,1071,200,37
254,543,813,Shamela0026740,17,1266,1546,206,90
254,976,1199,Shamela0000618,46,1319,1527,135,67
254,491,693,Shamela0005502,60,420,623,158,97
254,491,801,JK010732,3,754,1065,245,98
254,646,801,Shamela0026568,296,399,553,123,96
254,990,1204,Shamela0010428BK1,147,1125,1304,115,67
254,268,1199,JK000778,837,304,1030,359,39
254,810,976,JK009325,111,925,1090,127,95
254,646,801,JK009325,792,972,1127,124,98
254,990,1199,JK009325,1012,1272,1487,155,90
254,0,801,JK006886,139,709,1163,247,34
254,865,976,Sham19Y0122257,2789,171,281,89,99
254,491,801,Masaha001946Vols,697,917,1227,242,97
254,805,990,Masaha001946Vols,702,210,392,139,94
254,990,1199,JK009230,318,905,1118,155,91
254,810,985,JK010743,59,456,627,127,92
254,491,813,Shamela0023653,569,1076,1405,245,93
254,805,990,Shamela0023653,573,459,645,139,94
254,16,693,Shamela0006739,162,932,1154,161,30
254,491,813,Shamela0006739,168,666,1059,249,78
254,0,693,JK010746,16,965,1276,170,30
254,491,801,JK000474,3660,1096,1405,239,96
254,990,1204,Shamela0010428BK11,10,741,920,115,67
254,805,976,JK003609,5966,139,310,133,97
254,300,976,JK000533,2247,0,369,174,28
254,491,693,ShamAY0033734,121,29,231,159,98
254,491,682,JK009408,364,1208,1398,144,94
254,641,801,JK010752,52,75,234,123,95
254,491,813,Shamela0035100,351,1061,1390,234,87
254,491,801,Hindawi051519061,9,998,1312,245,97
254,805,976,JK009229,26,1196,1367,132,97
254,810,976,JK007537,5,1244,1414,128,94
254,491,801,JK007537,14,720,1019,217,84
254,805,976,Sham19Y0020762,2352,1319,1476,112,84
254,810,918,JK011658,26,1374,1482,87,100
254,970,1199,Shamela0023775,7,437,678,173,90
254,990,1199,Shamela0005433,62,872,1045,123,73
254,491,813,Hindawi085205353,102,54,381,250,95
254,491,625,Shamela0010283,3398,1444,1577,99,93
254,625,813,Shamela0010283,3399,0,194,146,93
254,588,1199,Shia003636Vols,13010,468,1151,171,22
254,865,976,JK007044,5281,64,175,89,99
254,865,976,Sham19Y0016782,6,1385,1495,89,98
254,16,801,JK007054,1092,1020,1353,202,29
254,805,985,JK007054,1093,1221,1400,136,93
254,810,976,JK007082,103,1007,1173,129,97
254,810,976,JK006907,105,967,1133,129,97
254,0,693,JK000911,596,260,551,209,38
254,810,980,Shamela0030623Vols,428,92,261,131,97
254,538,801,JK000637,3352,648,914,208,96
254,543,813,JK000467,2013,1183,1519,198,73
254,801,976,Shamela0023785,37,1260,1438,135,94
254,641,810,Shamela0023785,38,1095,1269,130,93
254,641,801,JK007021,191,1025,1184,126,97
254,491,813,Shamela0000722,147,334,664,249,94
254,810,976,JK001336,857,517,681,119,82
254,970,1199,JK010738,277,587,817,152,81
254,990,1199,JK000927,2958,443,616,121,72
254,865,976,Sham19Y0018569,803,254,366,89,98
254,641,801,JK001164,73,485,643,125,96
254,491,813,AOCP2023090619,104,1047,1375,243,91
254,976,1215,Kraken22021606121201,1185,377,587,131,66
254,491,993,Shamela0005446,502,42,738,343,57
254,641,801,Sham19Y0023644,1369,1281,1457,88,63
254,810,928,JK009288,222,1447,1564,91,95
254,0,693,ShamAY0033595,78,479,713,163,28
254,805,976,ShamAY0033595,79,644,814,130,95
254,491,813,Shamela0010906,534,651,985,233,86
254,990,1199,JK007628,10,660,882,158,90
254,16,805,Sham19Y0009800,1056,482,940,288,41
254,635,1199,Shamela0023700,1993,178,821,351,58
254,491,813,Masaha002028Vols,1574,644,971,248,94
254,805,1199,Masaha002028Vols,1590,192,588,299,93
254,990,1199,JK010621,3,495,669,129,75
254,491,641,Shamela0009770,529,1386,1534,112,94
254,641,813,Shamela0009770,530,0,178,133,92
254,16,813,Shamela0004473,1531,891,1447,285,39
254,491,813,Shamela0004445,2052,405,731,247,93
254,805,976,Shamela0004445,2056,5,176,132,97
254,543,805,JK006838,1140,633,963,191,72
254,990,1199,Sham19Y0013665,50,998,1215,159,92
254,646,801,JK010637,4,559,713,122,97
254,263,1199,Shamela0026484,196,958,1537,345,41
254,980,1199,Shamela0000558,155,401,636,167,89
254,810,976,Shamela0023789,396,771,937,128,96
255,95,495,Shamela0001515,152,603,1115,114,21
255,1233,1365,Hindawi031705303,85,247,379,106,100
255,876,1070,JK007143,287,895,1091,140,87
255,1070,1365,Shamela0008505,585,875,1158,207,84
255,1429,1573,Shamela0008505,590,289,480,108,71
255,876,1084,Sham19Y0150966,388,766,966,145,87
255,1412,1573,Shamela0021554,22,489,694,117,70
255,1100,1380,Shamela0021554,41,78,404,202,76
255,1184,1365,JK009325,281,350,516,125,86
255,1429,1573,JK009325,893,26,172,108,93
255,1408,1573,JK000533,3286,132,338,113,67
255,1054,1352,Shamela0009229,156,1258,1541,190,76
255,1424,1573,JK009233,234,167,363,117,74
255,1412,1573,JK010666,88,684,903,120,68
255,1100,1365,JK006908,123,379,651,195,84
255,1429,1573,Shia002185Vols,3849,455,647,108,70
255,1191,1365,Sham19Y0020762,1209,372,550,128,88
255,1196,1365,Shamela0010283,564,553,720,118,82
255,1429,1573,Shamela0010283,1073,860,1006,108,93
255,1100,1365,JK006907,75,254,381,89,41
255,901,1070,Hindawi093681649,143,118,286,134,98
255,891,1573,Sham19Y0000760,1002,514,1363,258,27
255,1100,1408,JK010727,18,1066,1419,234,78
255,1424,1573,JK010738,262,334,531,113,72
255,1100,1380,JK010738,285,690,964,210,93
255,1408,1573,Sham19Y0000259,1167,337,552,123,71
255,1100,1408,JK000927,3115,436,788,235,78
255,208,513,Kraken2107130858031,40,718,990,160,59
255,1184,1370,Shia004007,49,214,398,132,88
255,1412,1573,JK010522,55,448,659,121,71
255,1084,1408,Shamela0005446,503,756,1147,244,74
255,1100,1433,Shamela0006947,7815,681,1007,242,87
255,881,1070,Shamela0006947,7817,122,311,145,94
255,904,1573,Kraken220413194132,426,0,523,201,30
255,1191,1408,JK007532,6,0,258,153,70
255,961,1070,JK007532,18,1172,1335,88,66
255,1429,1573,JK007532,25,398,597,108,68
255,1408,1573,Sham19Y0017724,152,949,1168,120,68
255,891,1070,AOCP20251104137,94,5,212,139,83
255,1095,1573,Shamela0026484,272,785,1133,218,49
256,1322,1459,JK007122,1,128,259,104,94
256,1396,1521,LAL2017040401,17,43,167,99,98
256,1396,1531,Shamela0005502,6,770,901,100,92
256,1281,1521,Shamela0008505,295,93,331,193,99
256,1281,1521,JK000919BK1,327,1125,1408,187,80
256,1396,1521,JK009325,794,1313,1437,100,99
256,1281,1396,JK009325,795,32,147,94,100
256,1281,1550,JK009230,600,1019,1287,219,98
256,1281,1521,JK009230,674,33,271,189,97
256,1396,1521,Shamela0026525,4,774,897,93,92
256,15,215,Sham19Y0036540,4869,1391,1590,161,99
256,1318,1521,JK010749,119,564,760,152,93
256,1396,1521,JK007001,610,367,488,98,96
256,1396,1550,JK006908,16,430,642,123,71
256,1281,1521,Sham19Y0020762,39,308,488,144,73
256,1336,1504,Sham19Y0020762,559,1205,1511,131,52
256,1281,1396,Sham19Y0020762,560,16,238,94,51
256,1336,1459,Sham19Y0020762,779,1348,1471,98,99
256,1396,1521,JK000049,11,578,701,99,98
256,1281,1521,JK010729,189,1144,1383,192,97
256,1396,1521,JK007054,265,1296,1420,100,99
256,1336,1459,Shia001432Vols,15518,721,842,97,98
256,1281,1396,JK007082,454,387,502,94,100
256,15,330,Hindawi071490515,49,961,1235,179,61
256,1281,1550,Hindawi071490515,54,800,1121,214,81
256,1396,1521,Sham19Y0013235,79,899,1023,99,98
256,1281,1521,Hindawi014252850,76,1273,1512,190,97
256,15,238,ShamAY0034642,96,1366,1635,111,52
256,1281,1454,JK010727,41,1347,1520,138,97
256,1365,1550,Shamela0000740,74,0,631,142,27
256,1396,1521,JK010738,280,1081,1263,100,67
256,1396,1521,Shamela0001002,1666,1167,1291,100,99
256,1336,1444,Shia001349Vols,1168,1403,1510,87,99
256,1396,1521,Sham19Y0000259,1166,7,131,99,98
256,1396,1521,JK000927,311,1315,1440,99,97
256,1281,1550,JK000927,324,544,871,214,80
256,1396,1521,Shamela0006909,21,232,356,99,97
256,1396,1521,JK007063,370,403,527,100,99
256,1281,1396,Hindawi050926304,225,545,660,94,100
256,1336,1521,Shamela0012406,1343,63,247,148,99
256,1396,1521,Shamela0003118,1490,936,1060,100,99
256,1281,1550,JK010766,459,593,967,216,70
256,1336,1550,Shamela0005446,501,640,911,167,75
256,15,238,Hindawi092028080,2,134,270,109,60
256,1336,1521,Sham19Y0023644,2725,1034,1218,148,99
256,1336,1468,JK009320,66,934,1065,97,92
256,15,281,Shamela0006947,7818,151,330,140,65
256,1281,1550,Shamela0006947,16907,572,838,216,97
256,1276,1521,Shamela0006947,16909,1375,1505,98,48
256,1396,1521,Shamela0026350,49,428,550,98,96
256,1288,1521,Shamela0028181,21,0,231,185,97
256,15,330,JK007532,18,308,687,237,78
256,1396,1521,Sham19Y0026523,2809,729,853,99,98
256,1336,1521,Shamela0004445,3809,253,438,148,98
256,1330,1468,Shamela0001000,1767,85,258,100,73
256,1281,1521,Shamela0026484,218,490,727,190,97
257,141,247,Shamela0009773,1318,207,313,81,97
257,141,359,Shamela0009773,3388,725,941,165,95
257,141,247,Sham19Y0018608,51,760,866,77,93
257,117,247,JK007143,775,1448,1576,89,85
257,141,359,JK001296,29,1074,1291,159,92
257,141,350,Shamela0012398,261,124,333,147,86
257,141,359,JK009245,187,530,747,164,95
257,141,359,Sham19Y0016714,1228,531,811,171,76
257,141,359,JK001095,11,965,1183,153,89
257,199,359,Shamela0023735,2092,6,165,122,96
257,146,247,Shamela0000432,5747,0,101,80,100
257,141,247,Sham19Y0020891,4587,691,797,84,100
257,141,359,JK003609,2665,476,693,167,96
257,141,247,JK000533,590,955,1061,84,100
257,141,247,JK010635,51,1089,1195,78,94
257,139,243,JK010752,58,1391,1497,75,89
257,141,359,JK010724,1,1186,1404,161,93
257,141,359,Shia002185Vols,2387,1072,1288,163,94
257,141,359,JK009229,1147,1198,1416,163,94
257,141,247,JK000955,131,506,612,84,100
257,141,359,Shamela0026560,15,946,1166,157,90
257,141,359,JK000302,2282,1147,1364,167,96
257,141,359,JK000415,193,1166,1326,122,71
257,141,247,Hindawi094061468,281,1169,1275,81,97
257,103,247,Shia002378,174,983,1153,91,68
257,141,359,Shamela0010283,634,307,465,117,68
257,141,359,Sham19Y0020761,62,606,823,156,90
257,141,359,JK007531,16,71,293,163,91
257,141,359,Shia003461Vols,428,182,400,158,92
257,141,247,Shia003461Vols,429,137,243,81,97
257,141,247,Shamela0023358,729,491,597,81,97
257,141,359,Shamela0001003,148,875,1092,168,97
257,121,350,Hindawi079072819,68,151,374,164,90
257,117,359,Shamela0000740,70,550,788,172,89
257,103,247,JK010738,335,1034,1210,94,68
257,103,247,JK010738,373,936,1112,91,66
257,141,247,Rafed0003799Vols,2426,638,744,78,94
257,141,308,JK008250Vols,620,1351,1517,127,95
257,141,359,Sham19Y0000259,1166,304,521,169,97
257,141,359,JK000927,317,453,670,169,97
257,134,359,JK000927,318,550,772,173,96
257,141,359,Shamela0006909,22,21,179,116,67
257,141,247,Sham19Y0016421,132,1165,1271,81,97
257,141,359,JK009139,8385,775,993,163,94
257,141,247,Shamela0012406,1341,772,878,82,98
257,158,359,Shamela0012406,1342,0,201,140,89
257,141,353,Shamela0003118,1491,1336,1547,154,92
257,141,359,JK010370,81,799,958,117,68
257,141,333,ShamAY0033598,182,1277,1469,142,93
257,141,359,Shamela0005406,217,951,1169,161,93
257,141,247,AOCP20251104066,11,627,734,84,99
257,103,359,Sham19Y0127677,3433,145,372,161,80
257,141,353,ShamAY0007299,4864,1284,1496,164,96
257,141,247,ShamAY0007299,4883,211,317,84,100
257,141,359,Shamela0008243,9,714,934,160,92
257,141,359,JK010621,194,141,360,154,90
257,141,359,Shamela0004445,3808,360,578,154,90
257,141,359,Sham19Y0017724,503,5,223,158,92
257,141,247,Sham19Y0016934,6384,515,621,81,97
257,141,359,Sham19Y0016934,8339,262,479,160,93
257,141,350,Shamela0001000,1443,255,466,154,92
257,121,359,Shamela0026484,265,1070,1300,165,88
257,141,359,Shamela0000558,341,32,249,168,97
257,141,446,Shamela0023789,1378,856,1157,192,79
257,141,350,Shamela0023789,1393,1185,1395,159,94
258,108,572,Shamela0023833,847,152,890,297,46
258,245,572,JK000105,879,6,554,207,42
258,245,356,JK003502,1902,929,1040,88,98
258,98,539,JK010732,426,688,1245,310,69
258,108,519,JK000916,3562,685,1180,306,77
258,103,519,JK000916,15542,899,1445,317,72
258,103,572,Shamela0023680,726,272,922,358,69
258,245,356,Sham19Y0017458,162,1152,1288,88,80
258,103,539,JK000778,199,572,1065,254,63
258,108,430,JK009245,181,1078,1520,235,65
258,108,572,JK009325,772,103,712,313,59
258,137,486,JK009325,795,1096,1383,171,53
258,103,572,JK006886,147,523,973,269,66
258,118,539,Shamela0036515,615,37,556,272,64
258,137,549,Shamela0023653,563,911,1537,273,54
258,245,356,Sham19Y0020891,3993,972,1083,87,97
258,245,356,JK009362,7716,852,963,90,100
258,108,572,JK003609,2845,358,966,312,59
258,220,519,ShamAY0037109,68,1075,1264,133,56
258,245,373,ShamAY0034541,82,36,163,90,86
258,103,356,Sham19Y0023608,3705,1243,1515,182,82
258,113,356,Shamela0035100,385,1277,1544,175,81
258,137,572,JK010724,158,565,1092,234,45
258,137,281,Hindawi051519061,12,1439,1581,114,97
258,281,572,Hindawi051519061,13,0,807,211,33
258,103,572,Sham19Y0020762,569,648,1378,327,56
258,245,414,Sham19Y0020762,1684,341,551,100,55
258,253,572,Sham19Y0145435,1611,0,538,193,40
258,245,356,Hindawi085925824,178,822,933,90,100
258,103,539,JK000415,128,290,799,282,62
258,148,572,Shamela0010283,3698,0,700,281,46
258,193,572,JK007054,1091,0,381,201,56
258,127,467,JK000911,605,1197,1473,171,54
258,245,356,Kraken220201000819,127,352,463,87,97
258,103,467,Shamela0009429,286,191,558,224,65
258,137,309,JK007534,35,1288,1464,137,94
258,309,572,JK007534,36,0,801,188,29
258,220,572,JK010727,43,756,995,182,65
258,103,414,JK001336,239,919,1310,243,77
258,108,572,JK009313,2633,619,1347,299,47
258,103,572,Shamela0001524,315,361,1002,341,66
258,137,572,Sham19Y0000259,688,352,799,266,68
258,108,572,JK000927,755,913,1525,362,74
258,234,356,JK010081,325,1333,1453,90,92
258,108,539,AOCP2023090619,22,703,1179,263,67
258,108,370,Kraken22021606121201,404,1282,1589,165,56
258,245,572,JK009139,7061,16,563,209,48
258,245,356,Zaydiyya0000079BK1,91,4,115,88,98
258,103,572,Shamela0003118,4567,379,1039,347,66
258,137,539,Shamela0005446,501,85,547,298,80
258,245,364,Shamela0005446,740,1009,1128,89,93
258,103,467,Sham19Y0023644,1334,704,1044,155,44
258,245,356,JK001305,489,1040,1150,87,97
258,245,356,Shamela0023788,483,670,781,88,98
258,137,467,Sham19Y0145166,690,1288,1556,201,76
258,245,356,JK001019,54,1402,1513,88,98
258,108,424,ShamAY0033595,68,1129,1551,225,66
258,113,356,Shamela0010906,568,806,1074,175,80
258,122,572,ShamAY0033598,231,709,1265,280,56
258,140,529,Sham19Y0026523,6241,0,444,208,46
258,197,572,Masaha002028Vols,1649,0,588,230,44
258,108,467,Shamela0009770,579,1171,1528,214,63
258,137,467,Shamela0004473,4658,0,160,127,48
258,108,572,Shamela0004445,2119,657,1390,300,47
258,245,356,JK001001,210,59,170,88,98
258,137,572,Shamela0009783BK1,1086,587,1238,270,47
259,65,350,Shamela0026481,12,799,1133,185,70
259,65,350,Shamela0030750,5,149,486,190,71
259,340,704,JK010552,824,1094,1559,125,23
259,65,390,JK006912,100,802,1127,255,96
259,335,781,JK007143,688,211,862,315,59
259,335,743,JK007143,1976,917,1261,177,50
259,462,809,Shamela0010428BK1,151,55,592,196,46
259,335,856,JK000778,982,770,1527,232,33
259,462,743,JK000778,986,234,617,212,69
259,462,856,JK009325,762,1218,1530,179,49
259,335,743,Sham19Y0016714,1018,40,449,173,43
259,65,456,JK000533,2626,1152,1397,129,35
259,340,650,Shamela0005644,84,20,278,103,38
259,81,743,Shia003636Vols,11834,0,949,255,27
259,65,573,Shia001432Vols,16998,644,1213,261,48
259,467,781,ShamAY0034667,143,511,959,215,59
259,335,781,Shamela0023785,87,603,974,187,42
259,573,781,JK009313,4024,1111,1383,146,68
259,27,781,Zaydiyya0000142,412,187,778,286,39
259,335,844,Shamela0007012,98,924,1274,141,31
259,65,861,Shamela0005446,498,967,1527,268,36
259,335,907,JK009320,65,972,1296,185,38
259,573,781,Shamela0006947,3004,774,1081,131,51
259,573,856,JK009296,747,0,153,98,41
259,335,781,Shamela0023700,2249,590,1206,195,34
259,65,287,Masaha003390Vols,182,1027,1249,150,85
259,27,743,Shamela0004473,9732,239,749,177,24
259,462,781,Sham19Y0017724,348,403,850,221,61
259,462,619,JK000483,233,1243,1452,122,71
260,806,1021,Rafed0000609Vols,703,28,361,99,31
260,646,1069,Shamela0023785,158,112,630,203,43
260,683,1045,Shamela0023789,1395,1004,1507,176,39
261,658,770,Shamela0023741,47,311,423,91,100
261,653,770,Shamela0010283,495,983,1100,95,100
261,663,817,Shamela0010906,2069,941,1222,116,51
261,110,247,JK007544,6,1370,1508,107,92
261,247,686,JK007544,7,0,567,325,69
262,429,848,ShamAY0032960,23,996,1434,149,34
262,435,848,Shia001303,18,373,633,125,30
262,429,848,Rafed0000230Vols,140,140,725,152,26
262,741,848,JK010552,830,1240,1449,84,51
262,353,848,Shia003702,195,357,1010,276,46
262,741,848,Shia001171,228,150,359,83,50
262,379,848,JK007143,3078,69,701,212,34
262,741,848,Shia001300,163,1071,1281,84,50
262,741,848,Shia002958,537,205,312,84,100
262,429,798,JK009306,58,1140,1521,106,25
262,379,848,JK010732,362,620,1301,253,44
262,325,741,JK000916,16032,605,1180,240,44
262,741,848,JK000916,16033,53,262,84,51
262,741,848,Shia001423Vols,977,45,202,82,66
262,435,633,Shia001423Vols,1033,199,461,117,53
262,741,848,Shia001423Vols,1033,1034,1244,84,50
262,435,848,Shamela0012398,124,798,1225,136,28
262,741,848,Rafed0000167,28,290,397,84,100
262,325,848,Sham19Y0150966,1321,428,1262,232,33
262,325,741,JK010665,138,711,1484,328,52
262,741,848,JK009230,44,746,955,84,51
262,741,848,Sham19Y0016714,580,1320,1430,84,97
262,741,848,Shia001416,284,332,542,84,50
262,711,848,Kraken220413030759,500,801,1013,88,52
262,311,848,Hindawi060208373,170,913,1263,262,58
262,429,848,Shamela0006739,199,162,647,144,28
262,325,848,JK009291,187,228,913,298,44
262,325,788,Hindawi093024958,102,163,475,210,50
262,383,848,Shia003727Vols,182,0,941,283,34
262,741,848,Shia002992Vols,4473,151,360,84,51
262,741,848,Shia004092Vols,4807,158,367,84,51
262,325,667,Shia004092Vols,7192,828,1546,275,47
262,684,848,Shia004092Vols,7193,332,546,130,76
262,741,848,Shia004092Vols,10201,1308,1516,84,51
262,435,848,Shia004092Vols,10209,26,253,133,40
262,486,848,Shia004092Vols,12803,83,544,207,46
262,429,848,Shia004092Vols,12831,73,453,140,31
262,325,848,Shia004092Vols,13256,339,1173,232,33
262,325,848,Zaydiyya0000013,317,708,1123,253,55
262,429,848,Shamela0009091,203,488,920,136,28
262,684,848,Hindawi051519061,24,946,1160,130,76
262,379,684,Hindawi051519061,24,13,315,210,81
262,315,788,JK006908,17,227,746,189,38
262,325,684,JK007547,19,695,1404,285,50
262,684,848,JK007547,20,216,439,129,72
262,429,845,JK009229,15,273,704,141,31
262,741,858,Zaydiyya0000199,34,165,282,86,94
262,741,848,Rafed0003228Vols,227,141,301,84,66
262,741,848,Rafed0002654Vols,4435,1206,1415,84,51
262,325,684,Rafed0002654Vols,6879,522,1257,288,48
262,684,848,Rafed0002654Vols,6880,60,274,130,76
262,325,848,Rafed0002654Vols,10009,139,974,232,33
262,741,848,Rafed0002654Vols,10016,790,998,84,51
262,325,848,Rafed0002654Vols,10023,843,1234,224,48
262,486,848,Rafed0002654Vols,12876,56,518,206,46
262,429,848,Rafed0002654Vols,12904,1015,1395,140,31
262,429,776,Hindawi085205353,103,1140,1552,96,23
262,315,845,Shamela0010283,4743,260,1209,328,41
262,435,741,Shia003636Vols,1939,901,1167,119,36
262,537,848,Shia003636Vols,14846,398,1187,203,33
262,435,633,Shia001432Vols,15359,1235,1497,120,54
262,741,848,Shia001432Vols,15360,531,741,84,50
262,410,848,Shia003707Vols,556,864,1460,228,41
262,435,741,Shia003707Vols,599,28,243,124,47
262,741,848,Shia003707Vols,599,861,1071,84,50
262,311,633,Shia003716,39,717,1272,252,56
262,429,848,Masaha004387Vols,410,211,698,154,32
262,429,776,Shamela0006617,1207,1164,1526,89,22
262,741,848,Masaha002872,391,968,1075,84,100
262,741,848,Masaha005108Vols,263,159,368,84,51
262,741,848,Shia003764Vols,784,71,178,84,100
262,741,848,Masaha002310,18,311,515,84,52
262,741,848,Masaha002473,249,94,304,84,50
262,435,741,Shia001349Vols,1136,747,962,123,47
262,741,848,Shia001349Vols,1137,45,255,84,50
262,741,848,Shamela0023644,1638,1239,1447,84,51
262,429,845,Sham19Y0000259,1127,1083,1511,142,31
262,325,576,JK000927,2244,1186,1489,202,81
262,576,848,JK000927,2245,0,632,216,43
262,325,684,JK000927,4619,769,1181,287,86
262,684,848,JK000927,4620,7,221,130,76
262,858,1119,Kraken2107130858031,38,1062,1291,158,67
262,741,848,Shia002932VolsBK1,86,26,235,84,51
262,429,848,Shamela0012406,1622,1034,1414,140,31
262,429,848,Shamela0005446,505,604,1083,149,32
262,435,788,Sham19Y0023644,3470,6,678,156,23
262,325,848,Zaydiyya0000211,57,427,843,116,23
262,741,848,Shamela0003722,4836,874,1082,84,51
262,741,848,Shamela0004445,4286,50,259,84,51
262,429,848,Hindawi030807493,125,1141,1573,145,31
262,429,848,Shamela0001000,1673,875,1357,149,28
262,325,848,ShamAY0005375,194,706,1229,370,80
262,537,741,Shamela0000558,198,10,215,122,75
263,556,668,Hindawi031705303,67,1281,1393,85,97
263,1043,1295,Shamela0008505,575,678,905,127,61
263,1096,1343,JK010732,287,672,1201,129,29
263,524,664,JK001330,916,534,666,91,83
263,1096,1246,Sham19Y0073348,131,713,862,88,70
263,556,664,JK009366,37,1174,1282,85,100
263,532,664,JK009229,1286,68,201,95,91
263,491,1037,Shamela0023741,46,908,1403,298,62
263,551,664,Shamela0011056BK1,39,752,865,89,100
263,556,664,Hindawi084172852,29,1242,1350,85,100
263,556,664,JK010672,60,1393,1504,85,97
263,1096,1250,Shia003636Vols,5254,263,416,89,69
263,556,664,Hindawi030207395,355,1291,1399,85,100
263,556,664,Sham19Y0073350,57,800,909,85,99
263,556,668,Sham19Y0073350,678,1234,1346,85,97
263,1016,1343,Shamela0023785,161,641,975,213,77
263,551,664,Hindawi079072819,67,392,509,88,95
263,1096,1246,Shamela0012406,1759,975,1124,88,70
263,1096,1246,Shamela0003118,7329,313,462,88,70
263,527,664,Sham19Y0145166,171,832,968,98,91
263,518,876,JK009320,71,102,467,223,70
263,532,664,JK009365,571,420,572,99,82
263,1096,1246,JK009304,250,1308,1457,88,70
263,524,664,Sham19Y0026523,6383,1300,1455,96,78
263,1096,1246,Shamela0026484,232,21,463,121,33
264,502,910,Rafed0000230Vols,99,291,1090,284,43
264,516,910,Zaydiyya0000191,280,0,654,278,51
264,502,766,JK010552,614,1135,1317,125,60
264,502,910,JK007143,1063,921,1284,243,66
264,502,740,JK007143,1064,886,1264,111,36
264,502,910,Shia002958,547,239,1258,283,34
264,502,855,JK000916,19826,490,1099,209,43
264,492,766,Sham19Y0150966,21,390,973,202,43
264,502,766,Zaydiyya0000018,94,58,519,120,28
264,502,815,JK009325,807,419,979,238,53
264,502,766,Sham19Y0029600,40,212,579,206,69
264,502,910,Sham19Y0016714,658,235,765,315,74
264,502,815,Hindawi093024958,101,48,466,249,74
264,502,766,Shamela0035100,2004,216,609,206,65
264,608,910,JK009366,102,65,464,195,54
264,650,815,Hindawi051519061,39,0,218,130,74
264,520,766,JK010344,805,0,503,194,47
264,608,766,Shia003634Vols,419,0,213,128,74
264,487,715,Shia003636Vols,13027,1415,1531,91,49
264,502,608,Sham19Y0000760,136,1295,1429,83,78
264,608,766,Sham19Y0000760,137,7,321,125,49
264,502,865,Shia003659,5,393,1220,278,42
264,502,815,Zaydiyya0000142,569,547,1103,244,54
264,487,865,Zaydiyya0000142,574,264,772,81,13
264,502,865,JK000927,3562,1163,1272,58,19
264,650,815,JK000927,3564,0,294,130,55
264,502,826,Kraken22021606121201,1359,611,1236,200,40
264,502,855,Shamela0003118,5749,212,820,209,43
264,497,809,Sham19Y0023644,3976,1001,1461,242,65
264,502,612,JK009365,224,1246,1399,86,71
264,608,766,JK009365,225,22,314,119,50
264,487,865,Shia003994,21,252,989,281,48
264,502,608,Masaha003390Vols,46,1142,1290,83,70
264,608,771,Masaha003390Vols,47,773,1073,128,53
264,507,766,Zaydiyya0000037Vols,704,464,891,202,58
264,502,865,Kraken220413203004,611,174,969,280,43
264,502,910,Sham19Y0017724,19,787,1314,269,59
264,502,910,Zaydiyya0000036,4,72,740,289,52
264,502,715,ShamAY0005375,193,1237,1567,157,59
264,715,910,ShamAY0005375,194,119,364,151,76
264,559,815,Zaydiyya0000474,510,44,426,199,64
265,4,572,Hindawi071490515,97,553,965,297,61
268,1436,1647,Shamela0008505,615,1192,1389,148,88
268,1486,1631,Shamela0023789,878,1068,1206,91,83
269,0,124,Shamela0008505,615,1389,1514,97,95
269,124,228,Shamela0008505,616,0,123,77,80
269,979,1160,JK000829,91,881,1057,134,95
269,948,1165,Sham19Y0145435,3826,1123,1356,151,83
269,462,724,Shamela0010614,56,149,527,193,63
269,948,1160,Shamela0009783BK1,3767,332,560,148,83
271,408,600,JK010372,190,987,1131,108,70
271,408,600,Shamela0012398,581,707,898,154,98
271,361,600,JK003609,862,412,659,188,93
271,408,600,Shamela0035100,5487,99,289,154,98
271,408,600,JK010749,82,1290,1483,133,86
271,361,600,Shamela0009091,619,702,1191,107,23
271,361,600,Shamela0009788,1876,1220,1468,188,93
271,357,600,Shamela0012406,3241,210,482,193,87
271,408,600,Sham19Y0023644,5936,754,945,149,96
271,408,600,Shamela0010906,5069,364,557,112,57
271,408,600,Shamela0004445,5237,357,547,154,98
271,361,600,EScr202211221604,714,451,718,187,86
271,361,486,Shamela0001000,1384,967,1543,99,21
271,408,600,Shamela0006624,318,103,294,154,97
272,1366,1613,Hindawi050926304,83,845,1093,198,99
272,1366,1613,ShamAY0035859,116,419,667,196,98
272,1366,1613,Sham19Y0026523,1518,1281,1530,198,99
273,0,302,Hindawi050926304,83,1093,1390,241,97
273,0,302,ShamAY0035859,116,667,962,240,97
273,1177,1562,ShamAY0035859,196,250,709,277,71
273,9,302,Sham19Y0026523,1519,0,288,234,97
274,770,1455,JK009230,695,48,743,536,95
274,217,699,Hindawi071490515,176,764,1251,262,54
274,0,212,ShamAY0035859,196,700,911,161,93
274,770,1450,ShamAY0035859,420,419,1089,523,95
275,477,1134,Shia003636Vols,4866,1196,1638,348,65
275,477,833,Shamela0006743,657,1168,1530,267,86
275,833,1242,Shamela0006743,658,0,405,316,95
276,481,915,Hindawi071490515,179,0,311,172,45
277,729,1053,Shamela0011789,323,1223,1572,216,70
277,1053,1359,Shamela0011789,324,0,307,243,98
277,827,1351,Kraken220413030759,2011,498,1186,399,72
277,748,1031,Rafed0002209Vols,1598,1343,1630,223,95
277,1035,1359,Rafed0002209Vols,1599,5,330,258,98
277,748,1316,Shamela0009091,1126,685,1187,369,79
277,827,1351,Shamela0006631,779,442,1010,404,88
277,1397,1627,Zaydiyya0000153,249,1192,1426,134,63
277,748,1359,Shamela0001000,776,155,775,486,97
277,748,1351,Shamela0006624,574,222,808,443,88
279,311,753,Kraken2107130858031,31,1069,1388,190,43
281,273,481,Kraken22021606123201,379,1251,1391,92,55
282,618,1005,Hindawi019507951,6,376,645,116,27
282,625,997,Shamela0007328,38,1068,1477,139,32
282,643,997,ShamAY0007299,4379,320,595,96,24
283,433,626,Shamela0009788,1227,594,868,127,55
283,336,1072,Kraken2107130858031,110,0,559,371,59
283,267,622,Sham19Y0009937,15,1401,1631,116,39
284,421,906,Shamela0001242,340,147,703,222,44
286,0,238,Hindawi073640603,112,1335,1498,94,51
288,20,541,Hindawi049270639,63,670,1116,297,59
290,522,626,JK010611,44,1318,1421,82,99
290,522,685,ShamAY0034809,414,47,210,129,100
290,307,526,Hindawi017160604,608,950,1176,168,93
290,516,685,Hindawi017160604,617,715,888,132,94
290,691,894,Hindawi017160604,621,827,1033,157,97
290,522,685,JK001477,232,912,1075,129,100
290,307,526,Masaha001922,157,811,1031,170,96
290,464,626,Shamela0000736,2596,139,291,91,71
290,307,464,JK009225,498,423,585,85,67
290,522,685,JK000916,19070,713,828,91,70
290,522,685,Shamela0010428BK1,15,283,446,125,97
290,271,516,JK010550,87,1121,1306,129,65
290,307,526,Shia001370,159,522,741,169,96
290,522,630,Sham19Y0150966,1,1040,1209,82,61
290,307,476,JK009325,698,1086,1369,123,54
290,522,685,Shia004021,111,209,370,126,97
290,307,464,Sham19Y0029600,52,904,1223,116,45
290,307,464,Sham19Y0036072,238,1309,1522,113,67
290,522,685,JK007613,56,898,1066,124,94
290,691,894,JK007613,230,423,632,155,94
290,556,685,AOCP20251104127,20,0,130,98,94
290,522,685,Shamela0000580,103,384,499,86,67
290,307,516,JK009230,543,707,916,158,95
290,522,685,Shamela0026102,14,63,178,91,70
290,522,685,Shamela0006944,126,116,278,123,96
290,522,685,Sham19Y0036110,373,43,206,126,98
290,522,685,Masaha004568Vols,42,1163,1326,127,98
290,578,685,Shamela0007380,83,1341,1448,85,100
290,271,516,JK003609,2428,1308,1493,128,65
290,307,464,Sham19Y0023608,3524,508,665,113,91
290,522,685,Shamela0035100,2600,106,269,129,100
290,307,468,Shamela0001349,91,195,356,124,96
290,522,685,Shamela0001349,436,720,835,85,66
290,271,464,Shamela0009091,297,218,398,130,82
290,522,685,Shamela0010509,60,805,968,127,98
290,307,516,Shamela0022892,52,1387,1544,119,70
290,522,685,Shamela0010428BK3,15,283,446,125,97
290,522,691,Shamela0023741,49,310,431,96,71
290,307,464,JK010561,595,1076,1343,120,56
290,307,526,Sham19Y0020762,263,999,1256,162,79
290,464,685,Sham19Y0020762,339,967,1228,141,65
290,360,526,Sham19Y0020762,2171,178,350,127,93
290,522,685,JK006919,623,751,914,129,100
290,307,464,Shamela0023775,352,711,927,116,68
290,522,685,Shamela0005433,50,831,994,129,100
290,307,526,Shamela0005433,61,83,303,168,95
290,568,691,ShamAY0033733,40,654,775,91,92
290,522,685,Shamela0009788,1004,713,876,128,98
290,740,894,JK007054,394,1179,1333,119,98
290,568,685,JK007082,629,163,280,90,96
290,571,685,JK006907,110,0,115,90,98
290,307,516,JK006907,118,543,700,116,69
290,522,691,Sham19Y0020986,110,696,863,130,97
290,522,685,JK000021,2409,15,178,128,99
290,522,685,Shamela0036082,46,198,360,126,97
290,522,678,EScr202304041409,56,1133,1293,118,94
290,522,710,Shamela0021105,38,1172,1383,137,81
290,516,685,JK000974,145,13,182,133,99
290,360,464,Shamela0006897,103,868,972,83,100
290,307,526,Sham19Y0000760,1243,497,720,163,91
290,307,464,Shamela0005683,32,86,243,123,98
290,307,464,Shamela0023790,33,565,835,115,53
290,522,685,JK010727,46,311,473,129,99
290,522,685,JK001336,217,825,940,87,68
290,522,685,Shamela0007473,27,832,947,88,68
290,522,685,JK010738,81,1137,1300,124,96
290,307,476,Sham19Y0000259,441,1058,1229,121,90
290,522,685,Sham19Y0000259,448,807,922,88,68
290,307,526,JK000927,541,898,1118,168,95
290,522,710,JK000927,565,924,1099,129,87
290,307,464,JK000927,576,582,795,109,65
290,522,685,JK000927,589,636,799,129,100
290,691,894,JK000927,591,158,361,157,99
290,307,526,Shamela0006909,95,461,681,170,96
290,522,685,Shamela0006909,383,506,669,129,100
290,271,464,Sham19Y0029560,488,586,770,127,80
290,522,685,Shamela0007867,6,649,813,125,96
290,516,685,Sham19Y0147597,893,1314,1482,132,98
290,522,685,Sham19Y0014579,1174,522,684,129,99
290,360,685,Sham19Y0014579,1949,511,1052,168,31
290,516,685,Kraken22021606121201,311,1240,1415,111,69
290,691,894,Kraken22021606121201,318,163,365,155,97
290,307,468,ShamAY0037021,355,1066,1229,118,92
290,578,685,JK010568,67,266,373,85,100
290,522,685,Shamela0003118,5527,657,771,90,69
290,522,706,JK010766,191,476,664,133,90
290,522,691,Shamela0005446,188,1172,1337,130,95
290,387,526,Shamela0005446,189,0,140,105,95
290,522,685,ShamAY0036737,160,671,834,127,98
290,522,685,Sham19Y0023644,4383,91,208,88,67
290,522,685,JK009320,81,346,510,128,98
290,522,685,JK009365,318,684,799,88,68
290,360,685,Shamela0006947,14460,1043,1584,168,31
290,280,464,Shamela0005406,216,909,1139,126,67
290,307,526,Sham19Y0018147,1130,1341,1561,169,96
290,307,464,Shamela0004445,4700,1161,1320,118,93
290,522,685,JK010253,5,522,685,129,100
290,522,685,JK010637,314,1146,1309,129,100
290,271,468,Shamela0001000,166,955,1164,136,83
290,522,685,Shamela0001000,271,290,453,129,100
290,522,685,Sham19Y0148535,43,1109,1279,121,91
290,786,903,Shamela0000558,63,1310,1427,85,94
290,740,894,Shamela0000558,88,695,848,118,97
290,307,464,Shamela0000558,175,261,477,117,68
290,522,685,Shamela0000558,273,1137,1300,128,99
290,516,685,JK010473,158,688,862,130,94
291,717,1313,Hindawi017160604,688,383,1348,459,57
291,524,670,JK001227,270,0,147,116,99
291,472,670,Shamela0000736,2917,1245,1445,145,93
291,472,670,JK009306,167,44,194,106,68
291,472,670,JK000916,5034,1001,1203,114,57
291,472,732,JK000916,5038,91,332,147,71
291,472,670,Shamela0012398,300,287,485,148,95
291,472,670,Shia004021,174,342,541,114,58
291,472,571,Sham19Y0020891,2234,388,487,78,100
291,465,670,JK010666,19,782,988,140,87
291,472,670,JK000113,55,835,982,111,71
291,472,670,Shamela0010479,21,965,1165,145,93
291,472,647,Sham19Y0020762,1813,458,634,136,98
291,472,670,Sham19Y0020762,2314,623,822,149,95
291,521,621,Hindawi085925824,28,205,305,79,100
291,472,670,Shia003636Vols,8699,102,303,145,92
291,472,670,JK010200,5,226,377,104,67
291,472,670,JK007054,569,310,509,141,91
291,472,670,JK001138,160,944,1143,141,91
291,472,670,JK000841,66,307,507,145,93
291,472,670,Kraken220413030905,314,721,917,152,96
291,472,621,Shamela0009918,1853,1125,1325,106,68
291,472,571,Tafsir09083,492,827,926,78,100
291,465,670,Sham19Y0000760,763,43,250,143,88
291,472,670,ShamAY0035035,9859,340,540,143,91
291,472,661,Shia003764Vols,627,1387,1577,138,92
291,472,725,Shamela0003583,29,420,670,156,77
291,472,670,Shamela0007473,19,5,204,154,98
291,472,647,Shia001349Vols,446,1364,1540,98,54
291,472,670,Hindawi095297381,118,1315,1414,75,48
291,472,670,ShamAY0002038,78,264,463,109,56
291,472,621,Shamela0012406,2348,1308,1458,106,90
291,472,670,Hindawi030536269,863,637,835,156,100
291,465,670,Shamela0003118,1813,973,1180,147,91
291,465,665,Sham19Y0023644,4739,369,572,143,90
291,472,670,Shamela0005406,234,526,725,141,90
291,472,621,JK000030,101,1270,1369,77,66
291,472,690,Shamela0004445,4809,558,780,150,87
291,472,670,Shamela0009631,254,421,621,129,84
291,472,571,Shamela0012034,874,894,993,78,100
291,472,670,Shamela0001000,381,0,201,143,91
291,472,683,Shamela0000558,454,787,997,144,88
291,465,631,Shamela0023789,627,1333,1499,127,96
292,414,584,Hindawi038246146,74,1382,1556,135,94
292,655,843,Hindawi017160604,683,782,933,116,80
292,421,626,Hindawi017160604,683,64,268,163,99
292,421,538,JK009237,2461,845,960,91,95
292,414,588,Shamela0000736,2345,382,555,131,94
292,414,588,JK000916,2997,8,183,131,94
292,655,843,Shamela0012398,334,807,959,112,77
292,414,584,Hindawi082863627,11,27,202,132,93
292,421,626,JK003609,2181,891,1095,163,99
292,727,843,Zaydiyya0000039,70,83,198,85,90
292,421,626,JK006908,29,1148,1352,133,67
292,655,772,Hindawi041584975,62,1514,1631,91,100
292,414,538,Shamela0023741,50,849,973,97,96
292,421,538,Shamela0012396BK2,6,264,381,94,100
292,421,584,Shamela0010551,121,614,777,128,98
292,421,626,Shia003636Vols,4968,1035,1239,162,99
292,655,843,Shia003636Vols,4975,931,1307,144,49
292,421,588,AOCP20251104151,371,684,850,128,96
292,421,538,Shamela0021105,114,149,266,94,100
292,421,599,Shamela0009429,518,1275,1453,133,93
292,421,626,Shamela0012289,25,749,995,157,79
292,383,538,Shamela0023785,259,673,841,106,80
292,414,584,Sham19Y0000259,1173,192,367,135,95
292,421,626,JK000927,683,685,889,162,99
292,848,1233,Kraken2107130858031,39,648,949,164,43
292,421,538,Shamela0006909,44,1206,1323,93,99
292,421,599,Sham19Y0029560,607,630,796,102,72
292,421,626,Sham19Y0014579,1970,523,640,92,56
292,414,584,EScr221025,21,370,542,130,94
292,421,843,Kraken22021606121201,362,272,978,258,40
292,400,584,ShamAY0037021,378,477,657,141,95
292,421,584,Shamela0012406,2503,245,407,127,97
292,655,843,JK010766,487,854,1039,138,92
292,421,599,Sham19Y0023644,4879,215,423,132,79
292,414,588,Shamela0007830,69,983,1157,136,98
292,421,542,JK010621,175,1377,1498,96,99
292,421,599,Shamela0004445,4853,267,472,138,83
292,421,538,Shamela0010798,1296,694,814,91,95
292,421,584,Shamela0010798,1306,1127,1290,127,98
292,414,588,Shamela0010798,1376,1201,1373,130,94
292,421,538,Shamela0011566,2113,189,306,92,98
292,400,584,Hindawi030807493,43,813,1007,142,91
292,421,584,Shamela0001000,132,1308,1470,130,99
292,655,843,JK007579,11,662,859,145,94
293,260,474,Sham19Y0026183,568,114,220,84,49
293,661,880,Sham19Y0026183,576,0,220,169,96
293,170,376,JK001477,314,1296,1528,144,80
293,810,925,Shamela0005372,101,0,115,93,100
293,191,925,Shamela0028175,52,136,862,572,97
293,188,832,Sham19Y0036072,350,1268,1605,249,47
293,580,707,Rafed0002171,59,1453,1579,95,88
293,162,363,JK010638,86,177,723,103,25
293,699,816,JK010734,121,1379,1495,92,98
293,580,925,Shamela0035100,6252,399,567,131,47
293,162,363,JK010724,3,1001,1203,141,89
293,191,871,JK006908,130,295,951,442,72
293,816,925,Shamela0005880,118,871,980,85,97
293,682,871,Shia002185Vols,641,433,616,140,93
293,816,925,Sham19Y0020762,493,203,312,88,100
293,580,925,Sham19Y0020762,1484,135,367,179,64
293,816,925,Shamela0010283,589,60,227,88,65
293,191,925,Shamela0010283,1093,8,736,560,95
293,699,825,Shia003636Vols,1769,1361,1485,96,95
293,640,925,Shia003636Vols,7146,1008,1296,221,95
293,154,925,Shia003636Vols,7279,449,1196,578,94
293,699,871,Hindawi074291969Vols,265,447,619,137,99
293,204,474,Sham19Y0020990,646,813,1368,123,28
293,474,880,Sham19Y0020990,647,13,887,269,38
293,580,871,Shamela0036543,2356,595,709,89,38
293,751,871,Sham19Y0000760,166,1182,1303,92,95
293,162,925,Shia003764Vols,24,316,1073,413,52
293,682,871,Shia003764Vols,25,147,330,140,93
293,451,871,JK010738,256,0,368,285,83
293,580,925,ShamAY0033832,106,1418,1646,182,65
293,640,925,JK000927,3535,895,1121,182,79
293,666,925,Kraken22021606121201,1353,212,413,94,37
293,669,871,Shamela0023591,2282,921,1052,97,60
293,640,925,Shamela0000515,20,870,1096,179,78
293,816,925,JK010766,563,602,711,87,98
293,170,363,Shamela0005446,921,995,1139,96,64
293,816,925,Hindawi092028080,120,128,295,88,65
293,640,925,Sham19Y0023644,5100,1164,1336,132,57
293,183,363,Sham19Y0023644,5100,462,651,131,86
293,580,871,Shamela0010906,5563,80,203,88,38
293,699,871,JK010747,236,18,189,134,97
293,418,528,Sham19Y0018147,1336,253,363,88,100
293,204,871,EScr202211221604,425,86,582,373,71
293,204,925,JK007583,147,369,1063,519,86
293,418,675,JK010637,301,1385,1530,111,54
293,580,871,JK010637,302,24,256,184,79
293,640,925,ShamAY0005375,4,850,1133,223,97
293,183,576,ShamAY0005375,27,1109,1521,302,92
293,576,925,ShamAY0005375,28,0,348,278,99
294,847,1097,Sham19Y0026183,382,1259,1507,198,97
294,847,1158,Sham19Y0026183,387,65,375,243,97
294,956,1107,Rafed0000040Vols,1795,602,755,122,98
294,385,721,Rafed0002341Vols,1276,1100,1528,257,73
294,721,1258,Rafed0002341Vols,1277,0,535,425,97
294,538,986,ShamAY0032247,107,1215,1555,276,75
294,986,1158,ShamAY0032247,108,0,172,102,58
294,435,714,Shamela0028175,22,1284,1561,223,98
294,714,1258,Shamela0028175,23,0,542,434,98
294,372,1258,Shamela0009091,552,532,1505,670,84
294,441,1158,JK006908,56,1008,1463,363,62
294,441,926,Shamela0009788,2026,1182,1567,306,77
294,926,1167,Shamela0009788,2027,0,239,185,95
294,926,1158,Shia003636Vols,2128,900,1142,169,87
294,800,1258,Shia003764Vols,427,677,1131,354,96
294,956,1158,Shia001349Vols,1334,531,733,156,96
294,441,1258,Sham19Y0000259,864,520,1335,643,97
294,403,1258,Sham19Y0029560,754,17,879,664,94
294,538,826,Hindawi030536269,268,1397,1629,188,79
294,830,1258,Hindawi030536269,269,4,431,337,97
294,367,991,Shamela0005446,565,1040,1542,390,75
294,991,1258,Shamela0005446,566,0,220,176,82
294,800,956,Shamela0006947,17805,1290,1446,123,98
294,441,1258,Hindawi096809026,126,9,927,646,86
294,385,1252,Shamela0001000,1628,623,1579,671,86
294,441,627,ShamAY0005375,41,1432,1616,138,90
294,627,1258,ShamAY0005375,42,0,628,502,97
294,441,1339,Shamela0006624,287,432,1145,542,73
296,1183,1291,Shamela0022720,47,904,1012,74,88
296,1190,1448,Hindawi018264640,3,279,485,119,47
296,1190,1307,Hindawi082959503,245,1297,1476,92,64
296,1307,1451,Hindawi082959503,246,0,385,116,37
296,1080,1348,Shamela0011790,2294,975,1504,212,50
296,1030,1190,Sham19Y0120922,631,795,1275,128,32
296,1080,1430,JK009325,1021,1156,1500,236,84
296,1080,1451,Shamela0028175,42,148,787,297,57
296,1183,1451,Shamela0035888,194,71,607,209,49
296,1030,1241,JK010638,49,1391,1595,81,32
296,1241,1345,JK010638,50,50,154,82,100
296,1183,1291,Shamela0010463,587,800,908,74,88
296,1190,1345,JK010754,484,873,1526,119,23
296,1080,1451,Sham19Y0020762,286,573,1462,291,40
296,1080,1451,Shia003636Vols,3527,391,1177,297,47
296,1131,1291,Shia003636Vols,3528,1188,1507,86,29
296,1190,1451,Shia003636Vols,3533,566,778,91,39
296,1131,1291,Shia003636Vols,6758,1136,1453,86,28
296,1080,1451,Sham19Y0014786,164,85,672,295,62
296,1080,1451,JK010775,115,695,979,80,17
296,1190,1291,JK000063,171,233,334,79,100
296,1175,1345,JK010753,541,523,1203,125,23
296,1131,1451,Hindawi048020527,42,638,814,90,28
296,1080,1345,Shamela0037460,6,978,1242,177,83
296,1080,1291,JK007610,27,798,1425,168,33
296,1131,1291,JK010778,40,1162,1579,90,24
296,1030,1451,JK010778,199,395,911,244,48
296,1190,1451,JK010568,70,386,648,167,79
296,1080,1345,Shamela0005446,199,1068,1336,175,82
296,1080,1460,JK001305,133,160,639,298,77
296,1183,1399,ShamAY0000454,109,241,1280,167,20
296,1190,1291,Shamela0095735,799,309,410,71,91
296,1080,1451,Hindawi059616186Vols,791,786,1292,189,40
296,1030,1451,Shamela0037032,48,555,1194,337,65
296,1080,1345,Hindawi030807493,166,281,495,138,64
296,1131,1451,Shamela0006743,104,0,588,256,54
296,1030,1399,JK010637,313,222,733,206,41
296,1190,1451,Shamela0023156,1156,1368,1500,80,38
296,1190,1345,JK001090,117,579,734,122,100
297,33,189,Hindawi018264640,5,442,598,120,98
297,249,496,Hindawi082959503,160,424,902,182,48
297,0,189,Hindawi082959503,268,802,1330,146,35
297,0,249,Shamela0011790,2259,681,928,190,96
297,249,496,Shamela0011790,2292,957,1211,146,73
297,33,193,Sham19Y0120922,636,103,443,122,46
297,261,496,Hindawi0061961973Vols,402,695,835,73,40
297,249,358,JK010776,257,315,508,78,52
297,0,240,Shamela0028175,28,989,1282,185,80
297,88,240,JK010743,71,587,741,108,90
297,88,240,Shamela0037468,14,577,891,74,25
297,249,496,JK010638,65,183,528,182,67
297,33,256,JK010638,68,20,492,162,43
297,33,240,Hindawi014758020,58,761,1019,158,78
297,249,392,JK010754,120,1049,1488,105,30
297,0,138,JK010754,344,177,675,101,26
297,249,496,Sham19Y0020762,815,748,1193,179,51
297,0,240,Sham19Y0020762,1172,214,507,180,78
297,88,240,Shamela0005385,65,1013,1480,112,30
297,88,240,Shamela0005433,68,487,640,114,96
297,0,193,Hindawi085205353,113,1301,1495,147,97
297,249,450,Shamela0010283,1076,301,449,107,67
297,249,478,Shia003636Vols,3576,1325,1560,132,59
297,0,249,Shia003636Vols,3614,448,695,189,96
297,261,496,Shia003636Vols,3616,0,235,177,96
297,501,1266,Hindawi071490515,170,219,752,293,41
297,0,138,JK010753,380,270,768,101,25
297,0,240,Shamela0037460,4,229,572,185,68
297,138,240,Sham19Y0000259,631,215,318,76,95
297,249,450,JK007610,13,994,1303,145,60
297,102,249,JK010778,207,4,150,109,93
297,249,496,JK010778,210,670,917,182,93
297,0,240,Shamela0005446,197,573,918,182,67
297,4,240,JK001305,131,0,309,180,74
297,33,193,Hindawi017291520,55,725,889,120,93
297,189,496,ShamAY0034503,119,340,629,77,19
297,0,252,Shamela0037032,56,248,651,191,60
297,249,496,Shamela0037032,58,1245,1492,185,96
297,33,240,Hindawi030807493,165,493,751,158,78
297,0,138,Shamela0006743,111,1248,1548,108,45
297,138,249,Shamela0006743,112,0,109,81,92
297,249,496,Shamela0006743,114,741,988,186,96
298,1217,1501,Hindawi018264640,3,1204,1490,220,98
298,227,963,Rafed0000230Vols,371,823,1461,460,75
298,1217,1501,Rafed0000230Vols,376,800,1035,180,80
298,1217,1501,Shamela0011790,2442,956,1196,182,81
298,1212,1544,JK001477,76,1136,1466,255,95
298,1217,1544,Shamela0000736,1687,644,965,246,94
298,1217,1544,Sham19Y0147062,613,865,1193,254,98
298,1217,1544,Shamela0010525,24,719,1046,247,96
298,1217,1544,Hindawi014758020,72,871,1316,252,71
298,1217,1544,Hindawi085205353,107,1111,1439,255,99
298,1310,1501,Hindawi037392750,39,636,827,148,98
298,1217,1501,Shia003764Vols,904,561,842,217,95
298,1212,1447,Sham19Y0000259,1111,1204,1438,174,96
298,1217,1361,Hindawi031861395,245,1080,1224,109,97
298,1217,1544,Sham19Y0023644,6662,386,667,214,83
298,1407,1544,Hindawi063950852,2,724,861,108,98
298,1217,1357,Sham19Y0026523,3226,236,373,107,97
298,1217,1544,Shamela0010798,1871,1319,1458,106,40
298,1217,1544,Shamela0010275BK2,181,1179,1501,250,96
298,204,891,ShamAY0005375,77,948,1528,415,72
298,891,1201,ShamAY0005375,78,0,343,241,81
298,1217,1461,JK010322,429,1220,1463,188,98
298,1217,1544,JK007580,80,553,887,250,93
299,194,522,Hindawi018264640,4,23,228,107,34
299,12,380,Rafed0000230Vols,376,1035,1403,289,97
299,12,317,Shamela0011790,2442,1196,1501,241,99
299,51,522,JK001477,77,0,460,340,86
299,291,635,JK001477,80,316,521,155,56
299,0,380,Shamela0000736,1687,965,1344,298,97
299,275,635,Rafed0002341Vols,1408,29,260,163,57
299,0,380,Shamela0010525,24,1046,1426,300,99
299,275,635,JK010550,68,358,589,161,56
299,0,180,Hindawi014758020,72,1316,1495,144,98
299,180,380,Hindawi014758020,73,0,303,157,66
299,275,599,JK003609,1614,1324,1518,133,50
299,0,380,JK006908,137,900,1295,294,92
299,15,380,Hindawi085205353,108,0,366,289,99
299,12,380,Shia003764Vols,904,842,1209,287,96
299,1150,1289,Shamela0001002,443,1003,1142,99,91
299,1187,1295,Shamela0001002,2525,392,499,70,76
299,0,380,Sham19Y0000259,1112,97,388,229,75
299,210,515,JK010766,465,0,612,237,48
299,12,380,Sham19Y0023644,6662,726,1099,276,93
299,12,291,ShamAY0034503,233,1058,1322,93,27
299,291,558,Hindawi059616186Vols,1324,1303,1531,99,33
299,1150,1295,Hindawi060292585,57,1202,1348,114,98
299,80,380,Shamela0010275BK2,182,0,298,238,98
299,194,295,Shamela0001000,290,1204,1306,76,97
299,0,522,JK010322,430,83,1037,395,51
299,0,380,JK007580,80,887,1289,301,93
299,386,522,JK007580,82,551,693,104,92
302,130,872,Shamela0010283,1638,793,1526,553,91
302,130,872,Shamela0009429,2384,356,1109,591,97
302,1311,1477,Shamela0009429,2389,1197,1364,132,99
303,788,1346,Shamela0037022,56,172,739,441,96
303,788,1346,Shamela0011682,1289,702,1269,441,95
303,788,1346,Shamela0012320,4475,97,660,443,97
303,788,1346,Shamela0001002,2361,171,733,448,97
303,835,1346,JK007042,455,6,520,407,97
306,1072,1179,Rafed0000230Vols,1069,6,196,84,56
306,1072,1179,Rafed0000040Vols,963,231,338,84,100
306,1072,1179,Rafed0002341Vols,2903,1061,1248,84,57
306,1072,1384,Rafed0002341Vols,3104,779,1265,144,38
306,1047,1179,Shamela0031215,293,1217,1335,89,86
306,1072,1240,JK007603,75,1217,1391,133,95
306,1328,1574,JK007603,76,773,1032,195,94
306,1072,1283,Kraken220413030847,55,695,907,162,97
306,1328,1574,Kraken220413030847,56,182,462,184,83
306,1041,1179,Hindawi051519061,85,1150,1272,92,84
306,1234,1439,Hindawi051519061,86,939,1479,69,14
306,1072,1283,Shia003636Vols,13754,517,980,167,45
306,1420,1574,Shia003636Vols,13756,0,389,121,39
306,1072,1283,ShamAY0034642,417,853,1282,165,48
306,1066,1179,JK001305,16,804,1012,85,51
306,1072,1234,JK009296,520,1263,1588,128,49
306,1061,1361,ShamAY0037820,67,515,1450,202,27
306,1372,1574,ShamAY0037820,68,0,369,159,54
306,1358,1551,Zaydiyya0000355,181,262,376,87,58
306,1047,1224,ShamAY0005375,376,1149,1456,123,50
307,1387,1494,Shamela0011790,2932,932,1049,83,91
307,1387,1494,JK001477,203,537,644,80,97
307,1387,1494,Rafed0002267,175,1111,1218,80,97
307,1387,1494,Sham19Y0013226,137,1037,1253,83,49
307,1387,1494,JK001305,408,8,115,83,100
308,0,412,Zaydiyya0000142,4013,336,779,313,81
308,0,237,ShamAY0005375,273,1365,1582,158,75
312,368,743,Sham19Y0145210,403,130,578,221,55
312,743,1163,Sham19Y0145210,403,1204,1623,309,84
312,1159,1393,Sham19Y0145210,404,59,321,177,79
313,209,823,Hindawi049464279Vols,261,430,1529,374,39
314,1351,1498,Hindawi094053925,78,1200,1537,116,43
314,1351,1661,Hindawi063795362,173,449,1183,242,41
316,0,130,Sham19Y0036540,2003,1385,1515,96,92
316,130,559,Sham19Y0036540,2004,0,418,332,96
316,623,760,Hindawi035092828,45,348,488,112,97
316,20,555,Hindawi035092828,46,0,597,421,87
316,882,1131,Hindawi035092828,47,611,1035,202,58
323,831,1442,Sham19Y0011565,141,37,652,490,98
323,208,617,Sham19Y0011565,160,1103,1514,318,97
323,805,1158,Hindawi041969168,93,1132,1480,274,94
323,1158,1507,Hindawi041969168,94,0,406,280,85
323,213,623,Hindawi041969168,129,576,991,322,98
323,797,1134,Hindawi094053925,17,1188,1523,253,92
323,213,623,Hindawi094053925,20,232,647,322,98
323,831,1353,Hindawi052028503,9,832,1413,413,87
323,213,623,Shamela0006947,5035,792,1207,323,98
324,769,1614,Hindawi070706142,157,18,900,678,94
324,758,926,Sham19Y0011565,445,1315,1497,132,89
324,769,1614,Hindawi094053925,55,360,782,334,48
324,872,1096,Hindawi052028503,32,1346,1572,177,96
324,1096,1544,Hindawi052028503,33,0,466,364,95
324,769,1614,Hindawi096809026,275,28,640,483,70
325,143,690,ShamAY0037923,52,1103,1456,126,25
325,0,681,Hindawi070706142,157,900,1541,505,90
325,681,1050,Hindawi070706142,158,0,593,293,61
325,0,338,Hindawi052028503,33,1258,1550,229,83
325,338,714,Hindawi052028503,34,0,382,302,98
325,0,272,Hindawi096809026,275,640,861,176,81
326,1290,1596,Sham19Y0011565,358,1240,1497,209,83
326,422,1644,Hindawi094053925,96,46,1217,870,80
326,422,1081,Shamela0006947,8994,976,1685,537,92
326,1101,1644,Shamela0006947,8995,724,1272,444,98
326,422,1081,Sham19Y0026523,2865,1051,1708,535,99
326,1101,1644,Sham19Y0026523,2866,826,1321,398,88
326,1101,1261,Shamela0004473,603,520,683,114,79
326,422,589,Hindawi063795362,91,1410,1578,133,98
326,589,1101,Hindawi063795362,92,0,515,418,98
326,1101,1374,Hindawi063795362,92,1322,1597,221,98
326,1374,1644,Hindawi063795362,93,0,272,223,99
327,555,800,Hindawi049062575,36,69,208,98,49
327,563,862,Sham19Y0011565,415,649,862,141,57
327,234,424,Sham19Y0011565,582,1115,1316,146,90
327,563,919,Sham19Y0011565,609,1260,1615,282,97
327,847,1527,Sham19Y0011565,611,567,1523,281,29
327,563,1473,Hindawi094053925,26,246,805,433,59
327,0,211,Hindawi094053925,96,1217,1429,175,99
327,563,734,Hindawi052028503,12,1224,1395,136,98
327,734,1527,Hindawi052028503,13,303,1487,626,66
327,234,542,Hindawi085830684,18,747,1256,244,60
327,563,904,Hindawi085830684,26,257,598,269,97
327,0,211,Shamela0006947,8995,1272,1483,175,100
327,0,216,Sham19Y0026523,2866,1321,1537,179,100
327,0,211,Hindawi063795362,93,272,484,175,99
328,0,772,Hindawi094053925,26,817,1508,540,84
328,0,199,Hindawi052028503,14,255,464,159,94
328,199,360,Hindawi052028503,14,1180,1341,130,100
328,360,772,Hindawi052028503,30,5,425,333,98
328,1448,1575,ShamAY0037946,491,1002,1133,99,92
328,1310,1448,ShamAY0037946,491,0,293,112,47
329,509,811,Sham19Y0005414,132,241,721,174,44
329,691,1124,Sham19Y0005414,133,345,843,266,64
329,610,784,Sham19Y0038155,5,0,275,134,60
329,895,1030,Hindawi041635814,157,852,987,107,97
329,851,1455,Shamela0021525,147,802,1399,481,97
329,673,836,Shamela0021525,148,724,992,111,52
329,851,1124,Hindawi080746828,40,972,1244,218,98
329,1216,1445,Hindawi080746828,42,307,536,187,99
329,851,1445,Shamela0005449,180,910,1503,473,97
329,851,1450,Sham19Y0000259,763,132,729,483,98
329,673,836,Sham19Y0000259,765,464,732,111,52
329,0,254,ShamAY0037946,491,1133,1392,206,97
329,351,458,ShamAY0037946,552,751,857,85,99
329,851,1209,Shamela0012406,619,1021,1526,284,69
329,1158,1445,Shamela0012406,620,328,947,189,38
330,876,1036,Shamela0031371,56,1399,1562,97,75
330,932,1036,Shamela0006686BK1,131,1313,1467,78,65
330,932,1036,Shamela0011790,1043,238,390,78,66
330,932,1036,Hindawi031705303,85,1342,1446,78,97
330,932,1036,JK000916,25884,763,917,78,65
330,932,1050,JK000298,3080,991,1111,76,83
330,876,1036,JK010716,72,6,214,115,70
330,1055,1203,JK009325,859,1326,1595,119,54
330,738,1377,Shamela0028175,20,169,1037,483,69
330,876,1036,Shamela0035888,42,1027,1190,97,75
330,876,1015,JK009291,184,1363,1504,79,70
330,347,724,Hindawi070706142,91,336,731,301,94
330,876,1036,Shamela0011363,180,205,314,87,68
330,932,1036,Sham19Y0013226,327,1180,1284,78,97
330,1055,1217,JK006908,36,822,1101,131,58
330,763,1055,JK006908,38,207,707,181,46
330,1163,1430,Sham19Y0020762,1475,1151,1345,101,42
330,879,1036,Sham19Y0020762,2213,0,164,114,88
330,876,1036,Shamela0005448,19,77,234,119,94
330,932,1036,ShamAY0033733,90,789,943,78,65
330,1055,1377,Shamela0009788,1836,58,570,213,50
330,876,1050,MMS00020,78,1384,1553,126,92
330,876,1046,Shamela0010283,560,1196,1363,120,88
330,876,1046,Shia003636Vols,7087,23,188,128,95
330,932,1036,Shia003636Vols,7258,754,858,78,97
330,1324,1482,Hindawi071490515,118,1063,1236,91,66
330,932,1036,Sham19Y0000259,254,494,655,73,59
330,1055,1217,Sham19Y0000259,1130,515,1010,131,32
330,876,1046,Shamela0006909,12,1240,1407,116,86
330,876,1036,Shamela0012406,2615,1079,1239,121,96
330,1055,1377,JK010778,64,686,1104,217,62
330,876,1036,Shamela0005446,520,820,977,114,91
330,1055,1324,Hindawi092028080,121,115,402,173,75
330,876,1036,Sham19Y0023644,5104,415,578,116,90
330,876,1036,JK009365,224,586,695,87,68
330,347,724,Hindawi096809026,181,193,360,128,42
330,932,1075,Shamela0007830,75,309,453,86,75
330,876,1036,JK007583,5,1149,1314,121,92
330,932,1036,JK000022,3915,736,889,78,66
331,331,713,Hindawi082959503,207,219,745,297,71
331,742,1460,Hindawi082959503,233,709,1482,572,91
331,324,615,Shamela0011790,2279,228,640,223,68
331,742,1412,Shamela0011790,2301,46,451,323,60
331,0,238,Shamela0011790,2440,488,725,180,91
331,442,605,JK009325,821,834,997,129,100
331,306,713,Shamela0028175,24,1053,1457,316,98
331,0,286,Hindawi014758020,75,817,1104,228,98
331,324,442,Sham19Y0013226,373,711,828,91,97
331,324,442,JK010754,490,460,667,91,55
331,553,713,JK010754,491,7,376,124,42
331,799,998,JK010754,699,303,1309,154,18
331,1054,1412,JK010754,700,79,1106,277,33
331,324,713,JK006908,61,832,1276,257,65
331,1152,1460,JK006908,79,719,977,203,80
331,331,605,Sham19Y0020762,1115,491,753,152,69
331,742,1260,Sham19Y0020762,1722,1083,1347,201,48
331,324,713,Shia003636Vols,3531,1032,1420,260,73
331,742,1460,Shia003636Vols,3542,693,956,209,35
331,331,442,Shia003636Vols,3609,1408,1519,88,100
331,1204,1361,Shamela0037057,263,504,744,89,46
331,320,442,JK010753,549,1313,1540,97,53
331,442,605,JK010753,550,794,1413,124,25
331,742,1005,JK010753,810,318,1536,210,21
331,987,1361,JK010753,811,29,1411,281,25
331,442,605,JK001336,414,1058,1221,129,100
331,331,442,Sham19Y0000259,681,0,111,87,99
331,713,1460,Sham19Y0000259,1134,605,1379,588,93
331,742,987,JK007610,24,1160,1412,195,95
331,1152,1419,JK007610,25,20,188,129,59
331,742,855,JK010778,56,155,268,89,98
331,291,442,JK010778,200,881,1039,100,80
331,324,615,Shamela0005446,569,648,1049,211,66
331,331,442,ShamAY0000454,117,239,694,88,24
331,442,713,ShamAY0000454,118,87,1024,190,25
331,742,855,Sham19Y0145334,243,415,528,90,99
331,291,442,Shamela0037032,49,1331,1503,107,78
331,718,1460,Hindawi030807493,160,699,1474,589,94
331,291,442,Shamela0006743,105,703,865,107,83
331,0,286,ShamAY0005375,81,622,908,221,93
332,980,1254,AOCP20251104145Vols,633,0,168,126,58
332,0,642,Hindawi082959503,247,148,952,524,79
332,925,1254,Shamela0009773,2108,842,1087,122,44
332,925,1249,JK010552,46,849,1337,251,65
332,0,642,Shamela0011790,2275,839,1485,481,91
332,925,1254,Shamela0011790,3401,581,817,122,45
332,925,1249,JK001030,322,774,986,123,48
332,1075,1249,JK009306,54,1223,1388,126,91
332,925,1254,JK000917,1209,1124,1400,214,82
332,1265,1458,Shamela0008505,114,79,329,155,76
332,879,1360,Shamela0008505,338,1194,1499,96,18
332,925,1254,Sham19Y0150966,280,733,1018,211,78
332,889,1458,Sham19Y0120922,236,380,557,103,22
332,1259,1458,Shamela0036515,2248,516,784,149,68
332,889,1249,Sham19Y0016714,567,205,770,241,51
332,1265,1423,Sham19Y0016714,1049,1229,1393,124,93
332,317,587,Shamela0023735,1007,169,381,131,49
332,317,587,JK010638,53,1083,1346,173,66
332,925,1249,JK009291,214,639,967,124,36
332,688,830,JK003609,2671,1095,1286,109,71
332,1075,1249,ShamAY0037109,215,1058,1234,133,96
332,29,371,JK010754,547,252,1566,263,24
332,354,587,JK010754,548,417,1225,180,27
332,345,537,Shamela0037491,126,588,913,121,45
332,1265,1433,JK009366,60,298,457,120,88
332,879,1249,JK006908,18,992,1318,150,38
332,0,587,JK006908,77,1044,1410,290,60
332,107,214,Shia002185Vols,1564,1335,1442,85,99
332,1075,1249,Shamela0011056BK1,41,308,478,131,95
332,0,492,Sham19Y0145210,1646,1186,1677,399,98
332,492,642,Sham19Y0145210,1647,0,260,120,56
332,925,1249,ShamAY0033733,55,529,1019,251,64
332,925,1249,Shamela0005355,27,916,1405,242,62
332,317,492,Shia003634Vols,633,101,275,133,93
332,317,537,Shamela0010283,7000,745,963,177,97
332,0,587,Shia003636Vols,3523,948,1484,394,75
332,317,537,Shia003636Vols,12401,419,639,181,99
332,317,537,JK010775,132,395,1113,131,22
332,685,884,Shamela0006617,1156,511,717,147,90
332,1084,1249,Shamela0006617,1201,13,178,127,97
332,0,214,JK010753,626,763,1571,173,26
332,272,587,JK010753,628,41,1592,225,17
332,925,1254,Shamela0011788,291,748,1240,257,65
332,694,879,Hindawi079072819,68,706,891,146,98
332,925,1249,JK001336,114,1072,1399,194,74
332,0,642,Sham19Y0000259,1136,4,698,522,91
332,688,905,Sham19Y0029560,359,1254,1463,156,90
332,0,537,JK007610,28,744,1299,418,91
332,925,1249,Shamela0012406,1658,560,1049,251,65
332,0,642,JK010778,36,899,1441,350,56
332,925,1117,Shamela0003118,1508,1109,1465,151,53
332,1117,1249,Shamela0003118,1509,0,132,101,96
332,1265,1407,Shamela0009250,36,942,1138,114,71
332,925,1254,Sham19Y0023644,3652,554,1000,191,48
332,925,1249,EScr20120309,108,177,394,154,60
332,107,427,ShamAY0000454,182,43,1366,253,23
332,0,587,JK009365,259,898,1536,473,90
332,1031,1249,Sham19Y0018147,1006,13,396,163,54
332,894,1114,Shamela0004473,9372,1091,1312,92,53
332,694,884,Sham19Y0017724,25,360,774,150,45
332,1265,1407,Sham19Y0017724,34,1292,1488,109,68
332,1084,1249,Sham19Y0017724,120,149,314,127,97
332,0,642,Shamela0010798,116,665,1162,362,68
332,0,642,Hindawi030807493,163,622,1316,523,92
332,1084,1249,JK000022,1902,539,975,98,28
332,427,587,Shamela0006743,14,1012,1171,127,97
332,694,875,Shamela0001000,198,1332,1512,145,98
332,925,1249,Shamela0001000,280,382,871,251,65
332,1265,1458,Shamela0026484,328,775,1022,156,78
332,317,543,GVDB20200120,218,922,1146,184,98
332,1084,1254,Shamela0023789,225,489,659,130,97
332,675,879,Shamela0023789,228,927,1153,150,84
332,925,1254,Shamela0023789,235,396,890,255,65
333,1345,1568,Hindawi093717253,105,275,500,175,97
333,1297,1568,Shamela0031371,279,827,1074,191,87
333,447,883,Rafed0000230Vols,505,130,778,338,63
333,1453,1568,Shamela0006911,32,198,314,90,95
333,0,286,Shamela0011790,793,1288,1522,178,77
333,447,780,Shamela0011790,2603,1058,1498,265,73
333,447,883,Shamela0009248BK1,14,254,901,343,64
333,1301,1551,JK001477,213,762,1020,175,85
333,0,167,JK001477,265,994,1109,90,67
333,1301,1568,Sham19Y0147062,1500,374,657,194,85
333,167,371,JK010475,202,4,208,160,97
333,1301,1568,JK010732,558,42,301,190,88
333,1338,1464,JK000916,6396,971,1096,75,77
333,0,371,Shamela0012398,851,1059,1379,252,84
333,1345,1481,Sham19Y0150966,930,1228,1518,105,45
333,1301,1568,JK000919BK1,222,854,1109,180,83
333,0,267,AOCP20251104084,28,102,272,124,56
333,1345,1551,Shamela0028175,37,1030,1478,161,45
333,0,381,JK009230,90,1153,1477,256,83
333,1345,1568,Sham19Y0016714,346,225,507,176,78
333,1297,1568,JK010743,3,430,727,193,81
333,1345,1453,Shamela0006944,169,1131,1235,61,72
333,0,371,JK003609,4885,775,1095,244,80
333,447,883,JK003609,5705,57,597,332,75
333,1345,1453,Shamela0005449,205,170,279,85,99
333,1345,1453,Shamela0005449,231,1449,1557,85,98
333,0,267,Shamela0035100,6707,799,1016,168,78
333,447,780,Shamela0035100,8674,908,1135,180,65
333,1292,1568,Sham19Y0013226,171,936,1182,185,83
333,1345,1453,Shamela0009091,586,927,1035,83,97
333,447,883,Shamela0009091,1046,369,587,170,47
333,0,261,JK007585,15,1215,1486,205,94
333,1301,1568,JK006908,88,1255,1507,188,87
333,725,883,JK009229,943,205,362,121,95
333,1345,1551,JK007639,12,950,1421,157,41
333,1441,1568,Sham19Y0145210,1808,0,128,100,96
333,1301,1504,Shamela0010551,118,1213,1395,135,83
333,1301,1568,ShamAY0033733,89,335,674,193,71
333,1301,1453,Hindawi085925824,69,30,157,99,82
333,1261,1568,Hindawi085205353,96,1169,1454,201,79
333,1297,1568,Shamela0010283,570,699,1011,194,75
333,1345,1453,Hindawi030207395,359,1115,1224,85,99
333,447,830,ShamAY0034637,386,363,583,178,56
333,447,635,Sham19Y0016362,137,1355,1595,152,75
333,635,893,Sham19Y0016362,138,0,412,194,57
333,1338,1453,Sham19Y0014592,2366,811,925,71,80
333,1338,1453,JK007082,302,91,205,72,81
333,447,883,Shamela0000176,539,27,674,343,64
333,447,893,Shamela0006631,410,187,840,344,64
333,1453,1568,Sham19Y0014786,184,1214,1330,89,94
333,1338,1453,Shamela0036543,2357,134,303,87,65
333,1345,1568,JK001099,21,120,352,176,94
333,1338,1504,Shamela0009429,517,134,307,128,93
333,1338,1453,Shamela0023785,203,982,1096,73,81
333,1345,1453,Shamela0023790,598,1254,1364,67,77
333,426,883,Shia003764Vols,937,948,1255,192,50
333,1301,1568,JK001336,238,922,1169,189,86
333,1338,1568,Shamela0007473,24,437,695,174,84
333,1345,1453,Shamela0011812,180,601,710,85,99
333,1345,1453,JK010738,311,76,184,84,98
333,1345,1551,Shamela0001002,712,1133,1457,126,49
333,1267,1453,Shamela0005805,62,783,927,101,69
333,1453,1568,Shamela0010614,433,811,927,90,95
333,1345,1453,JK010494,59,938,1047,83,97
333,1354,1453,Hindawi014942790,27,0,99,78,100
333,0,371,JK006900,1622,424,743,253,84
333,447,883,Zaydiyya0000142,1422,447,1094,340,64
333,1292,1560,Sham19Y0000259,922,1340,1582,178,83
333,0,371,Sham19Y0000259,941,1008,1324,249,83
333,1345,1453,JK000927,1981,191,298,71,84
333,1453,1568,Shamela0006909,53,559,675,91,96
333,1338,1453,Sham19Y0029560,804,577,693,87,95
333,0,371,Sham19Y0029560,1029,1163,1377,167,56
333,1297,1453,Sham19Y0147597,108,1127,1270,100,81
333,1338,1453,Shamela0003118,2201,166,280,72,81
333,1334,1453,JK006910,239,711,832,87,91
333,1345,1453,Shamela0005446,190,593,702,85,99
333,1345,1469,Hindawi075352027,17,1513,1637,97,97
333,447,691,Sham19Y0023644,7486,1289,1586,195,79
333,691,883,Sham19Y0023644,7487,0,350,145,51
333,1345,1568,Hindawi094050268,71,1267,1492,176,97
333,1345,1453,JK009320,76,827,936,85,99
333,447,883,Sham19Y0145334,2014,212,860,342,64
333,1301,1504,JK009365,553,206,383,134,82
333,942,1256,Shamela0006947,983,119,432,250,99
333,0,371,JK009296,227,588,853,190,60
333,670,780,JK009370Vols,1618,557,770,86,50
333,1362,1555,Shamela0028174,253,0,242,150,77
333,1338,1504,Sham19Y0018147,531,1235,1356,83,63
333,0,371,Sham19Y0018147,1213,754,1074,240,78
333,1345,1568,Sham19Y0017724,300,1068,1507,175,50
333,1453,1568,Sham19Y0016435,16,137,254,89,94
333,1345,1568,Hindawi030807493,67,0,225,176,97
333,447,780,Hindawi097031861,28,421,648,183,66
333,1345,1504,Sham19Y0017916,84,926,1086,125,98
333,0,371,Shamela0006743,981,242,558,240,80
333,0,371,Shamela0001000,789,977,1348,292,98
333,447,883,Shamela0001000,954,885,1533,343,64
333,447,660,ShamAY0005375,90,1309,1573,162,73
333,660,883,ShamAY0005375,91,0,332,171,64
333,1345,1551,ShamAY0005375,138,242,693,160,44
333,883,1267,ShamAY0005375,593,557,976,296,87
333,942,1256,Hindawi063795362,1,1092,1405,251,99
333,1297,1551,JK010473,27,422,665,171,85
333,1334,1504,Shamela0023789,138,768,994,124,69
334,0,926,Hindawi093717253,105,500,1431,728,98
334,0,600,Shamela0031371,279,1074,1521,346,72
334,600,926,Shamela0031371,280,0,329,254,96
334,0,828,Shamela0006911,32,314,940,480,72
334,178,785,JK001477,213,1014,1506,341,71
334,184,332,JK009225,324,1066,1406,77,30
334,379,926,JK009225,325,59,251,94,22
334,0,877,Sham19Y0147062,1500,657,1251,374,49
334,0,926,JK010732,558,301,1231,721,97
334,0,926,Sham19Y0150966,931,88,1016,715,96
334,0,353,JK000919BK1,222,1109,1493,233,67
334,353,926,JK000919BK1,223,0,576,448,97
334,0,835,AOCP20251104084,125,571,1454,640,91
334,0,588,Hindawi0061961973Vols,780,958,1140,144,30
334,31,588,Shamela0028175,38,74,1470,435,39
334,588,926,Shamela0028175,39,23,859,269,40
334,278,379,Sham19Y0036072,320,806,908,76,96
334,0,885,Sham19Y0016714,346,507,1445,677,90
334,0,861,JK010743,3,727,1535,625,91
334,31,184,Shamela0023735,87,156,309,118,98
334,949,1285,Shamela0021525,446,1208,1544,274,99
334,1285,1450,Shamela0021525,447,0,160,127,96
334,588,690,Hindawi050259706,45,1109,1211,78,98
334,31,135,Shamela0026536,57,974,1528,79,18
334,428,637,Shamela0026536,61,99,1414,162,15
334,31,480,Hindawi052805036,7,1090,1413,84,16
334,31,135,JK000294,15,1046,1152,79,95
334,949,1114,Hindawi020579040,9,469,634,134,98
334,0,353,Sham19Y0013226,171,1182,1535,274,98
334,353,885,Sham19Y0013226,172,0,532,413,96
334,31,132,JK010754,478,201,303,77,97
334,26,828,JK006908,89,0,752,589,92
334,184,379,Shia002185Vols,658,1163,1359,145,94
334,184,828,JK007128,136,748,1135,254,49
334,0,523,JK007639,13,39,1461,402,35
334,532,926,JK007639,14,100,1138,311,37
334,0,184,Sham19Y0145210,1808,128,312,144,98
334,449,828,Shamela0010551,119,0,274,205,67
334,0,828,ShamAY0033733,89,674,1501,649,98
334,0,119,Hindawi085205353,96,1454,1572,95,99
334,119,926,Hindawi085205353,97,0,811,637,98
334,0,632,Shamela0010283,570,1011,1490,372,73
334,632,936,Shamela0010283,571,0,302,239,96
334,0,234,JK010741,52,203,384,57,20
334,949,1285,Hindawi030207395,215,37,318,209,75
334,0,242,Sham19Y0014786,184,1330,1520,139,73
334,255,877,Sham19Y0014786,185,5,528,394,79
334,31,234,JK001099,21,1333,1487,116,72
334,428,785,JK001099,22,1029,1399,275,93
334,234,428,JK001099,22,2,203,152,95
334,734,926,JK001099,23,764,947,124,78
334,0,828,Shamela0009429,517,321,539,162,24
334,0,379,JK001336,238,1169,1496,247,82
334,480,926,JK001336,239,0,449,348,97
334,0,753,JK010738,310,975,1530,308,45
334,0,248,Shamela0001002,713,5,584,184,40
334,0,877,Shamela0010614,433,927,1153,179,25
334,0,132,Hindawi014942790,27,719,934,79,46
334,532,877,Hindawi014942790,28,67,172,81,29
334,178,637,Hindawi014942790,52,752,958,116,32
334,949,1146,Sham19Y0000259,919,1372,1569,159,97
334,1146,1450,Sham19Y0000259,920,0,301,240,98
334,0,931,Sham19Y0000259,923,9,944,730,98
334,949,1285,Kraken220415100046Vols,2077,977,1338,159,47
334,583,690,Hindawi075352027,18,126,233,80,96
334,0,132,Hindawi094050268,71,1492,1623,100,95
334,197,958,Hindawi094050268,72,0,662,491,80
334,0,828,JK009365,553,397,877,341,51
334,184,625,Shamela0028181,62,1165,1510,181,42
334,1285,1440,JK009370Vols,76,633,1201,98,22
334,0,828,Shamela0028174,253,156,985,613,87
334,97,926,Sham19Y0017724,301,0,834,653,98
334,0,379,Sham19Y0016435,16,254,1417,262,28
334,379,780,Sham19Y0016435,17,296,1551,314,31
334,780,926,Sham19Y0016435,18,0,313,115,45
334,0,926,Hindawi030807493,67,225,1156,731,98
334,0,771,Sham19Y0017916,84,1100,1508,314,51
334,949,1285,Hindawi035251309,3,90,372,207,74
334,0,282,ShamAY0005375,138,794,1487,221,40
334,278,885,ShamAY0005375,139,12,1529,465,38
334,327,926,JK010473,27,665,933,167,35
334,0,785,Shamela0023789,138,1008,1395,248,40
335,614,760,JK001441,145,725,871,117,100
335,0,351,JK007526,6,1102,1465,280,95
335,1158,1607,JK007526,13,0,570,361,76
335,419,1001,JK007526,29,903,1508,468,94
335,760,1006,Shamela0028175,35,745,945,158,77
335,712,1001,Shamela0023735,2890,183,425,187,79
335,0,262,Shamela0021525,447,1259,1520,210,99
335,262,384,Shamela0021525,448,0,112,89,91
335,1107,1496,Shamela0021525,451,1154,1631,304,75
335,407,1112,Shamela0021525,463,840,1553,564,96
335,712,1001,Rafed0002489Vols,131,964,1206,170,73
335,0,389,Sham19Y0000259,682,1119,1498,302,97
335,1188,1607,Sham19Y0000259,683,0,420,340,98
335,407,1112,Sham19Y0000259,684,368,1069,563,97
335,1135,1607,Kraken220415100046Vols,794,995,1555,280,53
335,419,1112,Kraken220415100046Vols,1003,676,1344,487,86
335,699,1001,Kraken220415100046Vols,1083,177,428,193,78
335,0,324,Kraken220415100046Vols,1151,71,390,242,94
335,419,1102,Hindawi026931350,86,390,1132,275,31
335,853,1006,Hindawi084793046,28,74,306,87,47
336,57,1056,JK007526,2,110,1096,669,72
336,1095,1563,JK007526,41,244,885,368,70
336,131,1066,Shamela0021525,445,0,929,744,98
336,1061,1331,Shamela0021525,471,1261,1533,208,93
336,1331,1563,Shamela0021525,472,0,234,189,98
336,0,1129,Sham19Y0000259,917,427,1556,900,97
336,1129,1563,Sham19Y0000259,918,0,433,345,97
336,1095,1461,Masaha004524,45,487,945,184,41
336,1095,1461,Masaha004524,77,0,459,184,40
337,247,1129,Rafed0000230Vols,576,143,691,430,61
337,1227,1452,JK010491,352,69,237,133,71
337,1129,1452,JK006912,84,52,353,230,88
337,0,196,JK007526,41,888,1425,158,36
337,1219,1445,AOCP2023090638Vols,106,1396,1562,125,67
337,218,621,Shamela0028175,40,1158,1542,302,94
337,621,1119,Shamela0028175,41,0,502,396,98
337,572,683,Shamela0010018,336,850,962,88,99
337,0,206,Shamela0021525,472,234,434,163,97
337,247,444,Sham19Y0013226,103,1333,1529,141,91
337,449,1119,Sham19Y0013226,104,4,566,427,80
337,247,372,Shamela0009788,2004,1322,1446,91,92
337,372,1119,Shamela0009788,2005,0,585,445,74
337,1124,1457,JK000911,434,1042,1290,183,66
337,1166,1502,JK007534,17,429,773,257,93
337,257,1124,Sham19Y0000259,687,0,863,679,98
337,0,206,Sham19Y0000259,918,433,638,167,99
337,1307,1502,Sham19Y0000259,1119,0,197,157,97
337,210,1071,Sham19Y0014579,1990,1098,1395,228,33
337,215,793,AOCP20251104150,64,1292,1526,170,37
337,247,1119,JK001305,96,619,1387,582,83
338,222,490,JK006912,114,373,854,213,54
338,616,864,JK007143,2061,1310,1552,153,64
338,616,914,Shamela0008505,186,630,977,227,81
338,222,439,JK010732,329,533,960,168,48
338,956,1403,JK007526,2,1109,1465,237,65
338,616,746,Sham19Y0150966,939,1363,1544,99,68
338,749,914,Sham19Y0150966,940,0,165,127,96
338,616,914,Sham19Y0016714,220,1147,1505,235,82
338,214,490,JK010743,39,992,1262,176,66
338,949,1334,Shamela0021525,445,989,1271,204,65
338,616,811,ShamAY0037109,31,15,166,95,61
338,554,803,JK009366,133,1217,1519,166,68
338,567,914,Shamela0009096,201,918,1326,237,72
338,616,919,Shia002378,328,1097,1422,160,49
338,956,1547,Shia003636Vols,13538,93,372,214,45
338,276,439,Shia003636Vols,14852,679,898,126,71
338,759,864,Shia003636Vols,15048,1157,1262,82,98
338,222,439,Sham19Y0013609,342,280,1320,167,19
338,678,924,JK006907,185,23,266,189,97
338,0,204,JK007534,17,775,988,157,91
338,222,490,Shamela0000722,137,493,1139,213,40
338,956,1443,JK007608,46,962,1469,381,93
338,0,204,Sham19Y0000259,1119,197,401,165,99
338,257,490,Sham19Y0000259,1120,0,330,179,65
338,588,914,Sham19Y0017724,304,0,378,242,80
338,616,811,Hindawi053526174,59,1208,1454,143,74
338,588,914,Sham19Y0017916,43,784,1126,204,68
338,558,914,Shamela0001000,1672,265,670,278,85
338,1046,1557,ShamAY0005375,195,0,514,403,97
339,1343,1496,JK010611,82,610,764,122,98
339,1040,1324,Rafed0000230Vols,73,106,385,215,94
339,417,896,Rafed0000230Vols,412,1161,1488,250,65
339,1008,1306,Shia002958,545,961,1255,222,93
339,1328,1491,JK000919BK1,421,1356,1510,123,92
339,1040,1257,Shamela0010913,22,907,1065,124,70
339,1316,1496,JK009325,188,570,812,141,73
339,1003,1306,Sham19Y0036072,34,1272,1579,241,98
339,1316,1444,JK010743,46,1328,1457,103,99
339,1008,1153,JK009362,7877,1317,1463,113,95
339,1040,1153,Hindawi074979204,10,568,681,90,98
339,1352,1496,Shia002185Vols,215,382,528,116,98
339,1040,1153,JK007004,341,732,845,84,92
339,1040,1306,Shamela0005644,60,1162,1368,162,75
339,1036,1257,Shia003636Vols,12757,85,247,126,70
339,1340,1506,JK010729,187,582,745,129,95
339,1008,1340,Sham19Y0017077,20,200,532,183,57
339,1003,1306,Sham19Y0014786,164,1105,1297,115,47
339,1040,1316,JK001099,58,49,330,213,94
339,1311,1506,JK001099,118,702,900,150,92
339,1040,1153,Shamela0012286,2315,839,952,90,98
339,1008,1274,Hindawi079072819,115,1255,1504,193,90
339,1040,1153,ShamIbadiyya0000281,243,7,120,87,95
339,0,367,JK007608,47,122,505,294,93
339,390,916,Sham19Y0000259,1121,819,1489,400,73
339,1008,1257,JK001262,247,460,668,144,67
339,1017,1257,Rafed0003376Vols,1352,914,1518,131,24
339,1008,1257,EScr202211221604,165,251,439,142,70
339,1003,1306,Sham19Y0016435,40,803,1138,183,56
339,1362,1496,Sham19Y0016435,81,0,136,108,98
339,450,998,Hindawi030807493,192,0,707,437,77
339,0,372,ShamAY0005375,195,514,886,298,97
339,1311,1496,Sham19Y0148535,157,780,1029,136,67
339,1100,1324,Shamela0000558,290,0,219,139,76
339,1040,1257,Shamela0023789,368,1140,1300,127,72
340,1184,1350,JK000007,126,200,365,129,98
340,312,429,Sham19Y0023138,186,1075,1191,93,99
340,723,1125,Shamela0005416,180,744,1137,299,91
340,728,1101,JK010491,202,765,995,150,47
340,1184,1300,Shamela0037559,27,708,822,87,94
340,1187,1296,Shamela0005372,141,861,970,86,100
340,1184,1296,Shamela0000736,5662,217,329,88,100
340,312,479,JK009225,458,327,496,132,97
340,114,289,Hindawi049296385,6,544,719,141,100
340,1184,1350,Shamela0026552,134,1041,1203,110,85
340,312,479,Shamela0026552,153,937,1161,127,70
340,1184,1296,Shamela0026552,196,106,218,88,100
340,753,1180,JK000919BK1,141,931,1348,324,94
340,493,718,JK000919BK1,372,700,924,173,98
340,0,244,JK000919BK1,386,225,426,155,79
340,1184,1360,JK000919BK1,393,874,1043,132,95
340,753,1170,AOCP20251104084,40,464,881,304,85
340,1355,1485,JK009325,476,329,470,105,92
340,753,1170,JK009325,951,650,1169,327,78
340,753,1170,Shamela0001585,165,1018,1430,320,95
340,1184,1296,Sham19Y0029600,269,1261,1372,87,99
340,1184,1350,Sham19Y0029600,270,260,456,128,82
340,0,289,Sham19Y0036072,25,446,735,232,100
340,294,484,Sham19Y0036072,265,1061,1277,144,81
340,1175,1350,Sham19Y0036072,293,1073,1246,122,90
340,1184,1350,JK007613,168,77,245,121,91
340,1184,1337,JK009230,130,1360,1511,120,98
340,753,1180,JK009230,654,974,1392,317,91
340,489,718,JK010743,12,812,1049,173,94
340,1360,1485,JK010743,14,1027,1153,101,99
340,299,473,JK010743,48,255,436,135,92
340,1175,1368,Shamela0026102,3,860,1045,132,86
340,1175,1300,Shamela0026536,228,973,1575,76,15
340,370,479,Shamela0026536,373,357,870,85,21
340,484,607,Shamela0026536,378,1279,1402,93,97
340,607,718,Shamela0026536,379,375,703,83,32
340,1355,1482,Shamela0026536,406,135,689,101,22
340,1184,1350,Shamela0006944,89,169,333,122,93
340,736,1114,Shamela0006944,110,993,1208,158,51
340,1184,1350,ShamAY0033942,24,472,640,122,92
340,1184,1296,JK009362,9581,1289,1401,88,100
340,1184,1360,JK003609,793,1012,1183,129,93
340,728,1114,JK003609,1342,1129,1535,271,82
340,728,877,ShamAY0037109,122,1437,1595,120,93
340,753,949,Hindawi080603582,129,1352,1546,152,96
340,1175,1300,Shamela0006651,48,68,191,89,89
340,114,244,JK011577,7,1108,1243,95,82
340,1184,1300,Shamela0010016,23,61,177,77,85
340,1184,1360,JK010666,56,718,886,122,89
340,294,479,Shamela0001349,390,1101,1287,138,93
340,753,1180,Shamela0009091,443,1262,1521,190,55
340,1175,1296,Shia002185Vols,209,1083,1207,94,96
340,963,1114,Shia002185Vols,648,505,655,122,99
340,753,1180,JK001096,7,286,546,204,59
340,1184,1360,JK009391,309,652,801,110,79
340,294,489,Shamela0009096,194,224,420,137,87
340,303,463,JK010561,342,1340,1501,123,95
340,299,479,Sham19Y0020762,227,420,627,135,82
340,1187,1296,Sham19Y0020762,682,1104,1213,85,99
340,1184,1350,Sham19Y0020762,820,832,1002,128,95
340,728,1170,Sham19Y0020762,997,278,748,314,82
340,489,718,Sham19Y0020762,1010,921,1161,175,94
340,1360,1485,Sham19Y0020762,1382,949,1357,97,29
340,0,244,Sham19Y0020762,1721,721,913,145,74
340,1180,1296,JK011658,219,258,370,88,96
340,1184,1296,JK001016,88,233,345,88,100
340,294,479,Shamela0005433,61,926,1101,129,88
340,306,479,Sham19Y0148096,162,740,923,137,93
340,312,479,Shamela0010283,1244,739,908,128,94
340,1184,1296,ShamAY0038086,59,460,571,88,99
340,736,1170,ShamAY0032251,64,969,1349,275,73
340,25,289,ShamAY0032251,65,0,241,189,89
340,303,479,JK006907,122,1170,1345,127,90
340,723,910,JK001099,68,451,644,150,96
340,778,1043,JK001099,68,1186,1480,141,54
340,17,289,JK001099,78,1143,1425,215,94
340,1166,1296,JK001099,118,886,1020,96,92
340,1355,1482,JK001099,216,940,1071,102,96
340,501,664,Hindawi030353837,148,1403,1512,86,66
340,1175,1360,Shamela0023790,268,527,709,118,81
340,109,289,Shamela0023790,555,505,685,139,95
340,1360,1485,Hindawi079072819,115,1070,1196,101,99
340,13,289,Hindawi079072819,121,0,275,221,99
340,1355,1485,JK001336,240,167,303,105,95
340,0,244,JK010738,318,73,317,194,99
340,312,493,Shamela0010614,354,1293,1465,103,62
340,753,1180,JK001460,516,611,1030,328,95
340,312,429,JK007011,84,952,1068,89,95
340,1180,1350,JK010766,114,157,327,132,98
340,1175,1360,JK010766,473,694,875,138,94
340,484,718,JK010766,575,659,895,179,97
340,294,489,JK010766,589,260,510,144,69
340,753,958,AOCP20251104013,22,0,203,158,97
340,114,289,Hindawi092028080,216,49,226,138,97
340,0,244,Sham19Y0023644,2799,301,548,192,97
340,1175,1296,JK009248,27,1280,1401,95,100
340,1175,1296,Shamela0009702,577,1273,1394,71,60
340,1180,1360,Shamela0006947,6073,1218,1387,130,92
340,963,1114,ShamAY0036039,97,455,604,122,98
340,312,479,JK010747,174,739,908,129,95
340,963,1170,Hindawi013957902,88,1230,1436,159,92
340,1195,1296,Shamela0003722,7190,0,100,79,99
340,1184,1350,Masaha003390Vols,282,1300,1464,117,90
340,1184,1350,Shamela0028174,148,1179,1344,125,96
340,1175,1296,AOCP20251104103Vols,47,599,714,88,93
340,1184,1350,Shamela0006687,291,23,188,127,97
340,963,1114,Sham19Y0018100,935,710,860,122,99
340,744,861,Sham19Y0016435,47,1163,1382,89,51
340,0,234,Sham19Y0016435,54,738,1502,167,27
340,1184,1350,Sham19Y0016435,80,1128,1431,129,53
340,294,479,Sham19Y0016435,133,94,326,144,78
340,484,718,Sham19Y0016435,135,1093,1531,176,51
340,1355,1485,Sham19Y0016435,145,452,732,105,46
340,1175,1296,JK001480,1135,980,1099,94,98
340,1184,1296,Shamela0012034,633,1289,1401,88,100
340,753,1170,ShamAY0005375,193,92,557,315,84
340,1184,1296,JK010322,71,16,128,88,100
340,1184,1368,Shamela0000558,160,959,1138,129,90
340,70,244,Shamela0000558,287,440,749,137,55
340,1184,1350,JK010473,84,861,1027,129,98
340,607,728,Shamela0023789,345,512,738,89,49
340,1175,1296,Shamela0023789,366,829,950,95,100
341,275,925,Sham19Y0026183,541,73,777,513,89
341,197,488,Shamela0095860,10,596,856,171,70
341,68,179,Sham19Y0150966,1804,638,750,87,99
341,201,869,JK009325,781,1110,1451,257,47
341,68,179,Sham19Y0016714,385,957,1071,87,97
341,68,179,Sham19Y0016714,850,2,116,87,97
341,354,541,JK010743,32,0,185,143,95
341,1375,1547,JK010743,38,469,643,137,97
341,1012,1547,JK007584,54,497,1061,216,36
341,953,1326,JK007584,57,498,1216,257,44
341,210,869,JK006908,99,611,1225,440,81
341,59,179,Sham19Y0020762,229,663,815,93,77
341,1326,1547,Sham19Y0020762,499,165,374,153,86
341,217,869,Sham19Y0020762,675,508,1174,388,62
341,321,861,Sham19Y0020762,1261,598,812,169,38
341,321,655,Sham19Y0020762,1852,600,761,129,47
341,1012,1547,Shia003636Vols,6791,349,884,227,39
341,217,545,Shia003636Vols,7256,1096,1527,255,72
341,545,925,Shia003636Vols,7257,0,435,300,84
341,275,617,Shia003707Vols,577,595,873,200,72
341,68,179,JK007513,3,464,577,86,97
341,68,179,JK001099,12,510,624,87,97
341,201,484,Shamela0009429,290,1123,1363,175,75
341,275,541,Shia003752Vols,623,157,359,151,69
341,174,925,Sham19Y0000259,1122,241,984,583,95
341,1021,1547,Sham19Y0000259,1123,0,528,424,98
341,330,925,Shamela0006909,54,0,314,215,44
341,68,179,Hindawi052963131,13,1390,1502,87,99
341,68,179,Sham19Y0023644,6148,464,576,87,99
341,68,179,Shamela0028174,200,621,733,87,99
341,64,179,Sham19Y0017724,533,1405,1527,89,93
341,68,179,Sham19Y0016435,9,981,1093,87,99
341,59,179,Shamela0009783BK3,182,371,496,89,92
341,275,925,JK007583,209,3,741,496,82
341,986,1547,Shamela0006743,21,0,547,232,37
341,179,910,ShamAY0005375,30,831,1539,543,91
342,186,836,Rafed0000230Vols,222,569,1494,492,65
342,813,957,Rafed0002341Vols,1308,0,204,112,68
342,675,972,Rafed0002341Vols,3136,643,1397,222,36
342,977,1279,Sham19Y0029676,794,1136,1541,226,69
342,186,400,JK010743,37,982,1367,96,30
342,972,1227,JK010743,67,975,1283,195,78
342,191,615,JK007584,34,596,1341,296,49
342,626,957,JK007584,35,138,673,256,60
342,1080,1279,JK007584,50,40,356,151,59
342,344,898,JK003609,2791,361,704,222,50
342,977,1174,ShamAY0037109,212,818,1018,145,90
342,344,577,Shamela0035100,5906,1327,1513,95,52
342,752,898,Shamela0035100,5907,0,145,111,95
342,186,724,Sham19Y0013226,110,327,1479,405,43
342,718,957,Sham19Y0013226,111,94,391,183,77
342,229,898,JK006908,108,41,497,259,41
342,967,1279,JK006908,109,744,1177,212,53
342,977,1279,Sham19Y0020762,1413,318,965,233,44
342,191,794,Sham19Y0020762,1854,1199,1485,188,37
342,794,898,Sham19Y0020762,1855,0,103,80,97
342,977,1227,Sham19Y0020762,2232,1156,1444,176,76
342,282,949,AOCP20251104063,105,279,1333,472,55
342,977,1279,Shia003636Vols,6724,721,1179,238,63
342,282,957,Shia003636Vols,6805,351,1416,520,61
342,1305,1519,Shia003636Vols,6825,705,914,133,68
342,1305,1519,Shia003636Vols,9303,794,1003,133,68
342,1022,1227,Sham19Y0000760,1226,824,1081,155,75
342,724,913,Zaydiyya0000288,444,1082,1354,114,47
342,400,949,Zaydiyya0000142,1102,598,1481,417,59
342,977,1279,Sham19Y0000259,1123,645,1049,228,69
342,1080,1178,ShamAY0035792,197,694,792,77,100
342,344,898,Shamela0012406,3376,21,364,221,50
342,724,898,Shamela0005446,192,1139,1313,133,96
342,186,898,Shamela0005446,526,208,1142,382,41
342,344,898,JK001210,131,82,367,220,49
342,186,752,JK009365,448,783,1519,261,34
342,752,898,JK009365,449,0,145,114,97
342,783,898,Sham19Y0014075,1253,0,114,85,94
342,186,615,Shamela0010275BK1,374,137,756,301,56
342,977,1279,Shamela0006743,23,528,988,243,65
342,1299,1519,Shamela0006743,24,1086,1306,176,98
342,235,615,Shamela0006743,39,1004,1329,215,70
342,186,459,ShamAY0005375,177,942,1499,209,46
342,459,1279,ShamAY0005375,178,0,953,600,74
343,81,640,Hindawi082959503,164,265,865,446,92
343,81,411,Shamela0011790,2263,724,1059,264,97
343,660,1591,Shamela0011790,2738,611,1429,609,80
343,351,470,JK010780,76,618,738,96,97
343,351,640,Sham19Y0120922,635,544,659,93,39
343,73,525,Shamela0028175,35,1050,1506,360,97
343,821,1591,Shamela0028175,37,0,770,619,97
343,63,525,JK010743,32,513,978,368,97
343,525,640,JK010743,65,343,458,91,100
343,351,564,Hindawi014758020,65,1346,1583,123,51
343,81,295,JK010754,286,601,1427,169,25
343,275,585,JK010754,287,8,1015,221,27
343,295,650,JK010749,112,1237,1564,134,33
343,184,525,JK006908,107,41,381,273,98
343,63,525,Shia002185Vols,662,441,907,364,96
343,666,1153,JK007639,4,997,1501,381,92
343,1153,1591,JK007639,5,0,581,349,73
343,351,525,Shia003636Vols,3510,155,329,140,98
343,650,947,Shia003636Vols,11706,26,222,141,57
343,1000,1591,Shia003636Vols,11720,442,855,130,18
343,295,585,Shamela0037057,42,706,1021,98,26
343,351,525,Hindawi073640603,219,776,953,140,96
343,295,525,Hindawi074291969Vols,270,860,1090,186,98
343,98,525,JK010753,317,89,1529,318,27
343,476,640,JK010753,318,158,602,100,27
343,298,640,Hindawi048020527,44,249,564,135,34
343,666,1591,JK010494,77,730,1431,552,72
343,295,594,JK006900,1345,375,991,205,41
343,640,1591,Sham19Y0000259,922,327,1219,699,89
343,345,525,Hindawi086930379,133,348,528,139,95
343,295,640,JK010766,564,579,920,272,97
343,525,650,Sham19Y0023644,714,1396,1602,92,55
343,134,640,JK001305,129,825,985,127,31
343,184,525,Hindawi059616186Vols,799,410,635,183,65
343,298,640,Hindawi060292585,46,1018,1360,275,99
343,351,525,Shamela0037032,3,1159,1333,141,98
343,351,525,Shamela0006743,59,105,279,140,98
343,351,640,Shamela0005354,57,1257,1372,93,39
343,695,1591,ShamAY0005375,137,0,1006,706,85
344,247,945,Shamela0011790,2440,860,1564,543,96
344,949,1298,Shamela0011790,2441,0,297,227,80
344,0,120,Shamela0011790,2738,1429,1550,91,93
344,1089,1293,Rafed0000040Vols,2055,796,998,159,95
344,1089,1298,JK003502,1660,748,958,124,57
344,1089,1298,Rafed0000167,118,983,1355,162,53
344,247,668,JK009245,784,164,395,162,46
344,0,120,Shamela0028175,37,770,891,97,99
344,134,286,Shamela0028175,39,1358,1509,120,99
344,286,1298,Shamela0028175,40,0,1019,808,97
344,760,1298,Shamela0035888,199,448,780,247,56
344,1089,1298,Rafed0001515,65,1351,1557,162,94
344,148,349,JK003609,1617,1368,1528,118,73
344,349,1298,JK003609,1618,0,699,540,70
344,336,1298,ShamAY0037109,176,211,907,432,51
344,1139,1308,Shia004092Vols,234,926,1089,130,94
344,404,823,Sham19Y0013226,99,1237,1516,203,61
344,823,1298,Sham19Y0013226,100,58,565,369,87
344,125,760,JK006908,116,297,921,448,83
344,1089,1298,Sham19Y0020762,433,255,464,167,97
344,1089,1298,Sham19Y0020762,1829,528,737,162,94
344,141,509,Shia003634Vols,876,685,1231,130,23
344,1341,1496,Sham19Y0011565,159,61,216,122,97
344,458,878,Shamela0010512,107,1230,1391,126,37
344,1089,1298,Shia003764Vols,961,19,230,165,96
344,1089,1298,Zaydiyya0000161,477,701,995,164,68
344,0,120,JK010494,77,1431,1552,88,82
344,1089,1298,JK006900,1602,869,1024,121,71
344,1341,1546,Hindawi041969168,90,168,374,164,98
344,0,125,Sham19Y0000259,922,1219,1345,101,99
344,120,470,Sham19Y0000259,1123,1192,1547,265,91
344,470,1303,Sham19Y0000259,1124,0,836,670,98
344,1089,1298,Sham19Y0095660,1361,28,239,164,95
344,141,301,Hindawi092514250,176,1200,1377,127,90
344,1089,1298,Shamela0005446,630,298,507,167,97
344,1089,1293,Sham19Y0023644,832,139,289,112,68
344,1089,1298,Shamela0006947,3765,976,1131,122,72
344,130,1298,Hindawi030807493,181,173,1353,933,97
344,1089,1298,Shamela0012034,924,984,1194,168,97
344,458,1298,Shamela0001000,290,290,825,418,61
344,148,818,ShamAY0005375,85,836,1507,524,97
344,818,1303,ShamAY0005375,86,0,487,389,97
344,0,120,ShamAY0005375,137,1006,1127,95,96
344,148,247,JK007580,56,1325,1426,78,98
344,247,1298,JK007580,57,95,1205,818,91
345,1162,1278,Shamela0005416,87,981,1095,84,92
345,1060,1535,JK010491,410,559,1032,369,96
345,1060,1535,JK007143,802,356,803,348,91
345,1090,1278,JK009225,220,135,368,137,72
345,1035,1535,JK010732,439,506,1003,375,93
345,1410,1535,JK009245,556,0,125,100,98
345,1060,1452,Sham19Y0016714,364,985,1392,309,94
345,1060,1535,Shamela0005410,33,478,953,363,94
345,737,885,Hindawi037520352,99,495,694,86,53
345,833,986,Shamela0009229,453,878,1032,122,99
345,1035,1535,Shamela0005449,186,56,482,331,81
345,1162,1278,Hindawi096918483,30,715,849,91,85
345,1433,1535,Shia002185Vols,3843,32,134,80,97
345,368,679,Hindawi053803853,64,875,1135,207,82
345,697,878,Sham19Y0010438,294,1420,1628,113,62
345,878,986,Sham19Y0010438,295,0,109,86,99
345,142,302,Sham19Y0011565,159,211,370,124,96
345,368,679,Hindawi074291969Vols,1103,695,954,206,82
345,737,938,Hindawi074291969Vols,1107,1264,1506,149,76
345,1035,1535,Shamela0000740,12,381,1082,363,62
345,1162,1535,ShamAY0037893,6,32,479,293,82
345,368,579,Hindawi041969168,35,1196,1406,167,98
345,0,270,Hindawi041969168,88,1196,1518,177,68
345,0,302,Hindawi041969168,90,374,676,238,98
345,1060,1535,Sham19Y0000259,1094,680,1155,369,96
345,97,251,Hindawi049464279Vols,595,194,348,123,99
345,1031,1535,JK000919BK3,42,808,1294,374,91
345,1166,1278,Shamela0005446,287,263,373,83,93
345,737,885,Hindawi075352027,27,720,1009,116,49
345,1035,1327,ShamAY0037226,1,153,640,220,55
345,1327,1535,ShamAY0037226,2,111,891,164,26
345,1219,1535,JK010747,79,854,1014,120,47
345,1060,1535,JK010747,101,135,463,246,64
345,358,679,Hindawi096809026,114,74,500,224,66
345,737,986,Hindawi030427571,73,1109,1409,189,78
345,1060,1535,Sham19Y0017916,104,1021,1460,339,88
346,549,758,Shamela0005416,87,1095,1303,160,96
346,0,502,JK010491,410,1032,1534,384,94
346,502,1560,JK010491,411,0,1178,830,86
346,1305,1534,JK007143,1993,606,836,184,97
346,543,871,JK007143,2480,876,1213,255,95
346,549,654,ShamAY0001760,76,1003,1109,80,96
346,0,627,JK010732,439,1003,1536,415,81
346,627,1560,JK010732,440,0,851,622,81
346,8,758,JK009325,273,1178,1482,233,39
346,0,585,Shamela0005410,33,953,1539,462,97
346,585,1560,Shamela0005410,34,0,1039,758,90
346,806,1259,Shamela0005449,186,736,1191,346,94
346,0,208,Shamela0005449,186,482,692,166,98
346,0,304,Shamela0000740,12,1082,1531,239,66
346,347,1305,Shamela0000740,13,8,1551,745,59
346,0,1073,ShamAY0037893,6,479,1526,802,91
346,1073,1560,ShamAY0037893,7,0,542,368,82
346,0,445,Sham19Y0000259,1094,1155,1548,309,86
346,445,1560,Sham19Y0000259,1095,0,1183,885,92
346,549,717,JK006910,37,1448,1563,84,63
346,0,275,JK000919BK3,42,1294,1570,217,97
346,275,1560,JK000919BK3,43,0,1305,973,88
346,8,193,ShamAY0037226,2,945,1545,148,30
346,440,602,ShamAY0037226,4,756,1588,127,18
346,602,929,ShamAY0037226,5,75,1377,247,23
346,1103,1305,ShamAY0037226,7,778,1576,159,24
346,1358,1534,ShamAY0037226,8,655,1413,142,23
346,602,758,JK010747,79,1022,1177,110,91
346,549,1201,JK010747,101,881,1333,346,65
346,0,208,JK009283,8,1280,1488,160,95
347,0,393,JK010491,411,1178,1572,310,97
347,393,1385,JK010491,412,0,987,763,95
347,450,593,JK007143,2720,1421,1563,115,98
347,607,939,JK007143,3183,772,1100,259,96
347,0,768,JK010732,440,851,1574,554,89
347,780,1395,JK010732,441,10,620,472,95
347,290,450,Shamela0005410,23,575,1375,125,19
347,1049,1172,Shamela0005410,29,759,1266,89,22
347,0,529,Shamela0005410,34,1039,1569,418,97
347,529,1385,Shamela0005410,35,0,855,674,96
347,40,187,JK001129,15,402,1277,120,16
347,269,393,JK001129,16,989,1486,87,21
347,383,586,JK001129,17,542,1453,153,20
347,1112,1328,JK001129,22,25,1396,170,15
347,1446,1568,Shamela0009788,816,137,357,95,54
347,1410,1568,Shia003636Vols,9368,971,1236,111,52
347,607,758,JK006907,216,237,387,110,90
347,0,863,Shamela0000740,14,439,1568,671,73
347,874,1385,Shamela0000740,15,0,806,391,60
347,0,1041,ShamAY0037893,7,542,1578,820,97
347,1041,1385,ShamAY0037893,8,0,344,272,96
347,0,398,Sham19Y0000259,1095,1183,1581,316,98
347,398,1404,Sham19Y0000259,1096,0,966,749,90
347,1385,1568,Sham19Y0000259,1153,92,362,124,53
347,0,269,JK000919BK3,43,1305,1574,212,96
347,273,1385,JK000919BK3,44,5,1111,856,94
347,0,239,ShamAY0037226,9,558,1518,193,24
347,239,707,ShamAY0037226,10,106,1529,368,32
347,707,968,ShamAY0037226,11,337,1410,196,23
347,968,1328,ShamAY0037226,12,211,1430,285,28
348,21,438,Rafed0000230Vols,412,222,951,286,45
348,486,1152,Hindawi027518393,132,617,1234,474,90
348,0,438,Shamela0009788,816,357,1159,338,52
348,137,438,Shia003636Vols,9369,0,508,237,57
348,754,1015,Sham19Y0011565,148,1368,1563,148,71
348,1015,1266,Sham19Y0011565,149,0,312,123,39
348,486,1152,Hindawi074291969Vols,1104,7,669,520,98
348,486,1511,Hindawi041969168,194,126,1258,802,88
348,486,1152,Hindawi094053925,13,962,1469,387,73
348,0,438,Sham19Y0000259,1153,362,1066,347,60
348,477,1152,Hindawi049464279Vols,596,476,1163,525,95
348,21,182,JK009365,297,44,309,122,56
348,486,1511,Shamela0006947,5033,262,1393,806,89
348,454,1260,ShamAY0005375,179,837,1522,520,80
348,1260,1511,ShamAY0005375,180,0,253,201,98
349,622,846,Sham19Y0026523,743,1455,1631,137,73
349,846,1058,Sham19Y0026523,744,0,157,123,73
349,0,188,ShamAY0005375,180,253,440,139,93
349,622,1061,Hindawi063795362,145,1039,1540,306,68
349,1061,1277,Hindawi063795362,146,0,217,169,98
349,219,592,Hindawi063795362,147,538,913,296,98
350,53,343,ShamAY0037923,21,1043,1488,86,18
350,35,708,Hindawi070706142,66,848,1531,520,91
350,708,1426,Hindawi070706142,67,0,743,560,91
350,53,154,Hindawi073191613,116,154,254,77,95
350,35,302,Hindawi094053925,54,295,557,205,92
350,53,302,Hindawi052028503,22,606,878,198,88
350,292,1041,Hindawi052028503,23,38,1502,580,48
350,1041,1426,Hindawi052028503,24,152,1023,299,42
350,292,436,Hindawi096809026,224,1497,1638,114,97
350,436,1426,Hindawi096809026,225,0,744,478,53
350,53,1085,Hindawi095095863,26,375,842,362,44
351,0,780,Hindawi070706142,67,733,1541,622,92
351,780,1572,Hindawi070706142,68,0,822,637,92
351,0,300,Hindawi052028503,24,1013,1560,237,51
351,310,1274,Hindawi052028503,25,223,1534,768,70
351,1274,1572,Hindawi052028503,26,1182,1487,242,95
351,213,535,Hindawi096809026,225,758,1028,221,83
352,1201,1537,Sham19Y0036540,3879,587,774,146,53
352,0,431,Hindawi070706142,68,822,1265,331,91
352,455,1072,Hindawi070706142,69,451,1401,473,61
352,1201,1540,Hindawi070706142,120,346,703,278,94
352,71,431,Hindawi052028503,27,675,1035,277,94
352,1201,1537,Hindawi052028503,36,959,1308,275,96
353,428,888,ShamAY0037923,37,153,1378,200,18
353,903,1586,ShamAY0037923,38,98,1178,193,17
353,0,847,Hindawi070706142,120,703,1624,689,90
353,847,1641,Hindawi070706142,121,0,895,627,86
353,105,659,Hindawi094053925,55,1114,1575,363,78
353,0,149,Hindawi052028503,37,182,335,122,97
353,149,688,Hindawi052028503,37,990,1674,442,78
353,688,1129,Hindawi052028503,38,0,1162,348,36
353,149,331,Hindawi096809026,107,1212,1394,150,100
354,500,1310,ShamAY0037923,39,353,780,163,23
354,0,442,Hindawi070706142,121,895,1456,354,77
354,437,1450,Hindawi070706142,122,48,1124,818,93
354,547,686,Hindawi094053925,45,67,206,114,100
354,122,500,Hindawi052028503,39,308,925,308,60
354,686,1450,Hindawi052028503,40,439,1226,612,95
354,0,122,Hindawi096809026,108,29,151,95,99
355,854,1003,Sham19Y0026183,403,175,463,112,48
355,830,1013,JK000916,24977,420,674,125,56
355,1353,1519,Shamela0003283,697,96,248,114,81
355,0,448,JK009325,1175,216,403,132,36
355,173,522,JK009325,1176,652,981,141,38
355,830,1003,Shamela0006739,899,841,1095,122,57
355,830,1003,Shamela0006739,1750,12,267,121,57
355,854,1020,Shamela0035100,4914,1023,1280,119,56
355,854,1003,JK006908,56,439,680,114,59
355,854,1020,Shamela0021105,1,307,472,123,92
355,0,421,Shamela0021105,3,1113,1533,329,98
355,421,557,Shamela0021105,4,0,138,107,98
355,830,1003,JK010568,155,361,617,123,58
355,830,1013,Shamela0003118,7176,582,846,123,56
355,854,1003,JK010766,440,561,754,119,76
355,854,1013,Sham19Y0023644,5562,1223,1471,117,58
355,0,820,Shamela0006743,458,20,722,459,62
355,854,1003,Shamela0023789,943,571,764,116,74
356,837,963,Shamela0003283,696,0,482,92,24
356,651,771,Shamela0003283,699,597,716,95,99
356,783,953,Shamela0028112,20,1367,1560,110,70
356,963,1060,Shamela0028112,21,181,277,72,96
356,150,273,Shamela0028112,24,1214,1337,96,96
356,85,669,JK010575,15,588,779,89,19
356,1206,1370,JK007606,28,833,1001,129,92
356,150,273,JK007592,88,171,299,98,95
357,140,647,Shamela0003283,695,272,1166,257,35
357,1079,1314,Shamela0003283,699,1071,1500,109,31
357,1183,1406,Shamela0010283,2122,514,730,145,80
357,1073,1178,JK001336,763,600,703,76,89
357,751,900,JK007606,28,1012,1168,123,94
358,0,115,Shamela0003283,699,11,129,83,89
358,773,934,JK009230,274,610,784,123,86
358,1363,1539,JK009230,276,0,177,138,98
358,767,917,JK000627,69,527,680,117,92
358,1278,1539,JK006908,196,855,1139,206,91
358,1307,1517,Sham19Y0020762,178,186,564,158,52
358,1278,1430,JK006919,92,467,608,106,88
358,1307,1430,Hindawi085925824,135,874,998,92,95
358,1307,1517,Shamela0010283,1423,347,558,163,98
358,746,1273,Shamela0009429,686,678,1156,225,41
358,1278,1517,JK006900,1203,798,1037,186,97
358,1278,1539,Sham19Y0000259,665,458,647,141,65
358,1297,1517,Sham19Y0013666,47,558,779,174,99
358,279,404,Shamela0009607,635,666,789,95,92
358,773,934,Sham19Y0018147,1283,386,567,123,83
358,917,1115,Shamela0023789,945,1117,1331,157,90
358,773,934,Shamela0005351,40,888,1061,121,85
359,601,1078,Sham19Y0026183,404,597,1131,334,75
359,1284,1388,Hindawi082959503,175,1314,1420,82,96
359,1284,1393,Shamela0011790,2308,962,1071,82,96
359,699,1078,JK007143,294,746,1525,302,47
359,1099,1276,Tafsir04042,2252,77,198,85,61
359,727,1113,Shamela0001601,31,0,434,289,81
359,1099,1266,JK007589,1110,66,236,133,95
359,601,1119,JK009325,1175,805,1336,371,78
359,341,591,JK009230,274,808,1091,192,86
359,1092,1276,JK009230,275,621,801,138,93
359,1099,1266,Shamela0023578,3237,910,1083,130,94
359,341,601,Hindawi014758020,54,1049,1301,146,71
359,1284,1388,JK010754,48,84,294,81,49
359,1083,1266,Shamela0009091,620,243,408,95,53
359,738,1078,JK000102,129,0,400,242,75
359,320,591,Shamela0000623BK1,4,808,1067,167,75
359,732,1078,JK006908,196,0,404,276,83
359,1099,1266,JK006908,197,180,353,131,95
359,1099,1284,Kraken220413030940,95,1256,1437,136,90
359,1088,1266,Sham19Y0020762,821,256,442,137,92
359,642,1078,Sham19Y0020762,1455,1042,1531,350,87
359,617,1102,Shamela0023775,33,750,1401,380,70
359,601,1088,Shamela0010283,1422,658,1169,366,82
359,1083,1276,Shamela0010283,1423,647,837,150,96
359,1088,1289,Shamela0010283,1493,80,304,147,81
359,642,955,Shia003636Vols,7289,1178,1491,255,98
359,1099,1266,Tafsir04003,3926,235,404,126,94
359,613,1028,Sham19Y0000760,155,1110,1589,328,83
359,1028,1289,Sham19Y0000760,156,48,545,184,46
359,1088,1266,Shamela0009429,26,198,378,142,98
359,642,1092,Shamela0009429,688,227,725,360,87
359,642,1088,Shamela0023790,44,631,960,261,72
359,806,1092,JK006900,1203,173,507,224,81
359,95,309,JK007571,18,386,657,166,77
359,601,1092,Sham19Y0000259,666,924,1516,369,75
359,601,1078,Shamela0006909,299,990,1512,370,85
359,1099,1210,Shia003744Vols,506,175,288,85,94
359,617,1088,JK010778,161,474,1050,377,79
359,1099,1266,Hindawi036480695,326,839,952,87,65
359,361,591,Sham19Y0013666,46,986,1337,175,63
359,1129,1276,Sham19Y0013666,52,0,143,110,92
359,642,1078,Sham19Y0013666,53,232,779,353,78
359,1088,1304,JK010568,97,1304,1513,149,84
359,601,1266,JK010766,439,513,1493,510,64
359,1083,1266,Shamela0005446,309,403,594,142,93
359,1092,1276,Sham19Y0023644,9,1308,1489,135,91
359,1083,1284,JK001305,155,464,666,146,88
359,1088,1266,JK001305,160,884,1067,136,93
359,601,1083,ShamAY0034503,110,316,844,210,36
359,699,1092,Masaha003390Vols,364,77,523,308,84
359,601,1078,ShamAY0035859,214,1040,1564,362,81
359,1088,1284,Sham19Y0026523,6385,286,505,148,83
359,320,591,Sham19Y0018147,1283,663,912,179,83
359,629,1053,Shamela0004473,4384,179,711,202,42
359,635,1102,JK007583,44,251,856,361,72
359,1099,1266,JK010637,272,535,648,89,66
359,1099,1266,Shamela0001000,1385,1228,1397,130,97
359,756,1113,Shamela0023789,943,0,443,275,76
359,1099,1276,ShamAY0034059,7457,1081,1198,93,65
359,361,601,Shamela0005351,40,1159,1442,179,79
360,1018,1143,Rafed0000230Vols,411,483,610,100,97
360,404,706,Shamela0001032,74,1300,1544,186,76
360,1279,1423,Shamela0001032,75,998,1152,113,92
360,712,999,Shamela0001032,75,6,189,138,61
360,367,1009,JK009325,1142,704,1105,304,58
360,448,999,Shamela0037632,71,0,334,236,53
360,534,999,JK009230,500,0,461,304,74
360,1433,1537,JK003609,1094,115,219,83,100
360,404,1009,Shamela0010283,20,1042,1377,246,50
360,1018,1143,Shia003636Vols,9369,1046,1173,100,97
360,404,999,Shamela0006909,247,86,519,330,69
360,404,999,Shamela0005446,324,8,600,384,74
360,16,219,JK007630,721,1045,1257,160,93
360,374,999,JK010621,253,393,1014,422,78
361,1445,1583,JK001477,229,416,563,100,83
361,894,1213,Shamela0005502,9,394,959,124,23
361,327,483,Shamela0001032,32,186,343,126,98
361,0,136,Shamela0001032,77,717,847,100,91
361,327,483,Shamela0037632,27,1437,1594,126,98
361,0,136,Shamela0037632,73,740,866,103,92
361,894,1198,JK010734,5,687,852,79,30
361,871,1457,Shamela0010283,24,763,1541,195,23
361,937,1149,JK010744,9,708,816,71,41
361,889,1119,ShamAY0034642,417,5,165,108,60
361,894,1161,Sham19Y0000760,119,484,690,76,26
361,1018,1168,Shamela0005446,778,1025,1226,99,59
361,1018,1149,JK001305,264,889,1096,100,61
361,507,858,Hindawi051703160,106,211,779,288,61
361,507,658,Sham19Y0026523,1224,1474,1629,123,96
361,645,858,Sham19Y0026523,1225,40,307,171,77
362,904,1073,Shamela0011790,921,267,516,94,49
362,36,485,Shamela0001032,40,588,761,94,27
362,1066,1288,Shamela0001032,42,428,1546,152,16
362,36,444,Shamela0037632,37,977,1168,101,31
362,1066,1385,Shamela0037632,39,628,1422,154,22
362,1216,1465,Shamela0037632,40,0,436,112,26
362,31,208,JK003609,1338,1138,1333,75,43
362,1411,1511,Shamela0028115,20,87,639,77,17
363,263,560,Sham19Y0026183,625,600,901,235,96
363,268,560,JK010731,114,557,840,225,94
363,268,560,Shamela0001032,170,959,1242,229,96
363,263,560,JK009325,1149,169,450,229,92
363,290,560,JK009291,333,1193,1434,190,85
363,263,560,JK010734,56,1186,1484,235,97
363,263,560,Hindawi014758020,25,1256,1551,235,97
363,268,569,Hindawi092480708,81,837,1134,235,96
363,268,560,JK010724,152,573,830,201,83
363,268,560,Shamela0000623BK1,84,84,356,211,87
363,608,1205,JK007639,39,742,1467,475,80
363,263,560,Shamela0010283,36,785,1103,225,88
363,758,1205,Hindawi074291969Vols,758,200,600,288,70
364,209,305,Shamela0011790,2345,725,821,75,100
364,335,635,Shamela0011790,2347,779,993,155,63
364,209,305,JK001477,273,1430,1526,75,100
364,209,305,JK007611,24,681,779,75,97
364,335,635,JK007611,33,616,978,188,64
364,209,305,Shamela0001032,42,1009,1105,75,100
364,209,305,Shamela0037632,39,1184,1280,72,96
364,1024,1369,Hindawi070706142,70,573,931,270,94
364,335,462,Shamela0000589,89,594,717,93,90
364,203,305,Hindawi085925824,136,538,641,78,97
364,650,1450,Shamela0010283,2207,925,1278,247,39
364,671,944,Shia003636Vols,8067,1106,1332,165,74
364,13,171,Shia003636Vols,10938,331,491,124,95
364,209,305,JK010744,10,1161,1257,75,100
364,209,314,Shamela0001003,604,429,529,77,94
364,209,323,Shamela0028115,20,543,670,85,85
364,728,947,Hindawi059616186Vols,780,456,671,162,92
364,13,171,Shamela0006743,150,1061,1221,127,97
364,209,305,Shamela0006743,155,591,687,75,100
364,335,635,Shamela0006743,156,669,969,239,97
364,671,1412,Shamela0006743,209,483,784,232,39
365,296,399,Shamela0011790,2403,271,375,80,97
365,1153,1413,Shamela0010710,227,1253,1507,165,68
365,1153,1413,JK000916,4650,813,1069,166,68
365,726,1011,Shamela0001032,40,232,434,149,67
365,726,1011,Shamela0037632,37,637,835,139,63
365,1153,1413,JK003609,2858,218,472,163,67
365,130,264,JK003609,2956,1401,1534,104,95
365,1148,1413,JK003609,4704,695,924,137,53
365,1153,1413,Shamela0035100,5760,404,576,132,63
365,1272,1524,JK009391,278,0,340,193,69
365,1153,1413,Shia003634Vols,1568,1250,1506,171,70
365,1153,1413,Shamela0010283,59,1053,1270,160,77
365,130,283,Shia003636Vols,8066,1357,1509,124,98
365,283,661,Shia003636Vols,8067,0,325,251,82
365,130,713,Sham19Y0000760,627,66,648,445,94
365,1153,1413,Shamela0001003,170,167,422,166,68
365,130,482,Sham19Y0000259,883,1202,1546,267,94
365,482,718,Sham19Y0000259,884,0,240,180,94
365,1177,1413,Shamela0003118,1721,0,231,146,65
365,1153,1413,Sham19Y0023644,6165,1294,1551,166,68
365,1239,1413,Sham19Y0145334,1214,22,149,96,70
365,1153,1391,Shamela0010906,5375,1432,1581,117,60
365,117,296,Sham19Y0018147,200,208,399,139,90
365,1153,1497,Shamela0010275BK2,317,937,1237,206,66
365,1153,1497,JK010565,82,287,587,203,65
365,117,414,Shamela0006743,213,1260,1549,231,95
365,414,713,Shamela0006743,214,0,298,233,96
365,745,1103,Shamela0006743,219,198,525,259,91
365,1148,1391,Shamela0006743,231,1297,1536,191,97
365,1141,1524,Shamela0006743,839,528,787,173,56
366,878,1202,Shamela0011790,2320,1223,1581,203,68
366,1219,1482,Shamela0011790,2323,1235,1496,204,95
366,1008,1202,Shamela0001032,169,654,887,144,74
366,878,1156,Shia003636Vols,10933,848,1106,168,63
366,1211,1482,Shia003636Vols,10959,318,590,204,93
366,1219,1482,JK007606,33,909,1183,196,88
366,110,391,Shamela0006743,235,849,1440,210,44
366,402,627,Shamela0006743,238,1009,1368,149,50
366,638,829,Shamela0006743,243,329,522,148,95
366,878,1202,Shamela0006743,344,1116,1530,245,72
366,1219,1512,Shamela0006743,349,128,411,214,90
367,222,400,Rafed0000230Vols,558,54,233,141,99
367,215,400,Shamela0011790,2333,839,1025,141,96
367,222,400,Shamela0011790,2359,285,467,140,97
367,1409,1564,Shamela0011790,2366,904,1100,122,76
367,893,1074,Shamela0011790,2388,547,771,133,72
367,1042,1350,Shamela0011790,2389,309,557,189,75
367,890,1065,JK001477,222,866,1069,102,62
367,180,424,JK001477,236,1006,1234,121,57
367,1091,1350,JK001477,303,1218,1477,206,98
367,1415,1564,JK001477,349,1426,1615,120,77
367,690,842,JK003609,5518,138,291,121,97
367,239,400,JK007626,2,0,167,126,95
367,690,851,Shamela0009788,1333,1274,1431,124,94
367,435,630,Shia003634Vols,1004,1199,1394,150,96
367,424,630,Shia003636Vols,8414,136,349,159,93
367,215,400,Shia003636Vols,11084,896,1082,143,97
367,1186,1350,Shia003636Vols,12560,6,169,130,97
367,172,400,JK010744,21,414,594,116,60
367,414,630,Sham19Y0000760,627,998,1216,119,55
367,215,400,ShamAY0037826,3,404,590,141,96
367,6,160,ShamAY0037826,17,1102,1254,120,97
367,421,630,Shamela0028115,16,772,981,152,92
367,1091,1307,Shamela0005446,102,1324,1538,168,95
367,146,400,Shamela0005446,536,389,665,167,77
367,1091,1350,Shamela0005446,780,766,1025,210,99
367,890,1004,Sham19Y0011151,607,392,967,90,19
367,215,400,Shamela0006743,366,470,656,143,97
367,428,630,Shamela0006743,389,861,1063,157,97
367,859,1065,Shamela0006743,454,1380,1632,152,73
367,690,842,Shamela0006743,455,431,583,122,98
367,1042,1350,Shamela0006743,456,355,671,227,87
367,1385,1564,Shamela0006743,498,747,977,142,76
368,0,302,Shamela0011790,2366,1100,1419,211,81
368,439,588,Shamela0011790,2367,556,704,116,97
368,439,588,JK001477,349,1214,1359,116,96
368,632,1150,JK003502,234,1019,1636,398,78
368,341,588,Shamela0001032,160,834,1082,187,93
368,120,259,JK010744,14,551,690,112,100
368,341,520,Sham19Y0000760,627,1452,1581,102,70
368,1288,1543,Sham19Y0000259,882,357,665,203,79
368,588,1164,Sham19Y0000259,894,252,921,451,83
368,640,828,JK009296,688,1419,1615,145,92
368,828,1164,JK009296,689,0,431,268,77
368,0,302,Shamela0006743,498,977,1463,227,56
368,323,588,Shamela0006743,500,498,765,203,94
369,1002,1137,JK010665,34,1370,1508,88,80
369,1168,1319,Shamela0001032,134,1289,1445,106,85
369,1009,1137,Shamela0028115,8,132,263,87,84
369,1168,1319,Zaydiyya0000142,1204,780,934,121,97
369,1027,1146,Zaydiyya0000142,1204,6,123,87,90
369,69,665,Sham19Y0000259,883,467,1185,476,81
369,1002,1330,JK009320,97,998,1272,181,64
369,1043,1330,Shamela0007830,92,0,263,195,85
369,1002,1137,Sham19Y0018147,1343,396,544,90,78
369,857,991,Shamela0006743,789,748,999,106,53
369,1027,1319,Shamela0006743,793,204,490,214,91
369,1377,1564,Shamela0006743,797,199,387,156,99
370,657,885,Shamela0011790,2400,289,614,147,56
370,1120,1419,Shamela0011790,2401,82,383,234,96
370,1120,1419,JK007581,10,490,784,219,87
370,1110,1419,Shamela0001032,185,64,373,242,97
370,1120,1298,JK009230,575,1382,1562,140,96
370,657,860,JK003609,4966,1206,1508,153,62
370,498,627,Shamela0009788,1080,701,828,95,91
370,657,954,Shamela0001003,466,384,676,217,91
370,12,153,AOCP20251117062,239,1291,1464,92,66
370,12,283,Shamela0006743,845,1106,1545,204,56
370,283,493,Shamela0006743,846,63,319,169,81
370,498,616,Shamela0006743,847,518,636,95,100
370,765,1278,Shamela0006743,991,947,1513,386,84
370,1278,1419,Shamela0006743,992,0,142,114,97
371,476,710,Sham19Y0026183,498,1347,1538,98,53
371,106,283,JK001477,227,76,240,133,92
371,488,762,Shamela0000788,74,0,324,201,77
371,476,752,AOCP20251104084,142,57,195,92,44
371,106,283,Shamela0001032,43,190,354,128,89
371,476,766,Sham19Y0036072,354,409,745,208,77
371,106,283,Shamela0037632,40,316,480,125,87
371,476,752,Shamela0012221,99,1089,1229,81,39
371,135,283,JK003609,3853,127,275,117,97
371,135,283,Shamela0009788,1001,684,832,119,98
371,1026,1163,Shamela0010283,1330,1391,1575,111,73
371,492,798,Shamela0010283,1342,0,320,204,80
371,757,945,Shamela0010283,1346,348,528,134,84
371,96,283,JK010744,11,1019,1208,134,89
371,518,707,Sham19Y0000760,1220,505,796,131,57
371,1199,1426,JK007571,3,1098,1331,183,96
371,1026,1163,JK007571,23,728,918,111,71
371,762,998,Sham19Y0000259,884,523,739,173,91
371,450,663,Sham19Y0029560,595,184,716,136,33
371,113,288,JK010766,638,467,629,123,86
371,96,283,Shamela0025011,19,1295,1469,137,90
371,794,998,Shamela0006743,292,1230,1433,160,98
371,135,283,Shamela0006743,1003,361,509,120,100
371,313,431,Shamela0006743,1004,1355,1473,95,100
371,1016,1163,Shamela0023789,59,424,620,116,72
371,1168,1457,Shamela0023789,65,1299,1573,201,85
371,476,752,Shamela0023789,100,334,665,209,79
371,766,998,Shamela0023789,101,972,1213,182,94
372,271,435,JK001477,39,0,218,129,73
372,619,828,Shamela0010283,227,95,353,166,77
372,933,1142,Shamela0021105,13,1431,1581,119,70
372,1316,1560,ShamAY0037946,492,819,1122,195,78
372,878,1284,JK009365,219,786,1362,316,68
372,686,878,JK009365,219,0,246,154,77
372,666,878,Shamela0006743,629,891,1157,172,79
372,878,1284,Shamela0006743,630,103,739,322,62
372,188,608,Shamela0006743,731,50,769,326,56
373,349,860,Sham19Y0026183,404,79,589,383,92
373,422,806,JK000916,21265,133,334,155,50
373,436,806,JK009325,1174,994,1177,146,47
373,429,806,JK009230,1,441,588,116,37
373,397,860,Hindawi014758020,29,132,657,373,87
373,865,1512,Hindawi051620274,67,498,1511,389,40
373,491,757,JK010754,746,0,172,138,62
373,961,1512,Sham19Y0073348,444,213,1057,344,44
373,961,1210,Sham19Y0073348,2497,750,897,115,57
373,397,806,JK006908,57,361,629,214,64
373,667,806,Sham19Y0020762,1609,1374,1513,113,98
373,865,1065,Shamela0010283,227,1350,1567,143,80
373,480,757,Shamela0037057,455,584,721,109,48
373,916,1210,JK007576,210,468,1147,227,41
373,667,806,Shamela0021105,1,95,234,115,100
373,711,860,Shamela0010665,218,549,703,118,94
373,349,870,Sham19Y0000760,157,280,608,233,55
373,436,806,JK010738,288,144,379,178,58
373,888,1193,Shamela0001002,321,884,1570,237,42
373,860,1512,Sham19Y0000259,1083,936,1555,485,88
373,508,806,Sham19Y0147597,760,0,203,165,66
373,0,344,ShamAY0037946,492,1122,1476,276,95
373,436,806,JK010568,35,262,450,149,49
373,422,806,Shamela0003118,6115,869,1076,153,48
373,397,860,JK010766,440,787,1063,216,57
373,436,806,Sham19Y0023644,5121,578,763,145,48
373,436,860,JK001020,68,953,1190,191,54
373,429,860,JK001019,293,382,762,301,84
373,436,860,Shamela0006947,3977,726,1103,298,85
373,961,1210,Hindawi060292585,40,1057,1203,116,58
373,422,769,JK006914,346,642,863,148,51
373,429,860,ShamAY0035859,216,0,488,346,86
373,667,806,Hindawi027508303,4,566,705,115,100
373,349,870,Shamela0023789,949,410,793,272,63
374,607,1207,Sham19Y0026183,626,733,1326,477,97
374,1359,1571,Hindawi082959503,115,0,229,169,92
374,1245,1571,Hindawi041795941,3,251,578,258,99
374,425,571,JK001477,259,1393,1537,115,97
374,0,287,JK000919BK1,262,980,1350,224,74
374,1270,1528,AOCP20251104084,140,1353,1640,204,88
374,1225,1571,JK009230,199,1005,1347,261,94
374,0,124,Shamela0006739,2030,1437,1561,97,96
374,124,273,Shamela0006739,2031,0,238,120,62
374,1245,1571,JK010638,55,146,473,251,96
374,591,960,JK010734,90,711,973,203,66
374,599,1207,Hindawi014758020,28,131,738,489,98
374,1245,1551,Shamela0005388,187,354,629,84,28
374,1245,1496,JK010754,656,342,1311,191,24
374,1245,1518,JK006908,74,1249,1521,210,96
374,1296,1496,JK006908,186,195,401,158,96
374,0,227,JK006908,206,843,1033,147,79
374,1245,1496,Shamela0010283,1950,814,1065,191,96
374,1225,1571,Shia003636Vols,3537,995,1236,175,64
374,1233,1496,Shia003636Vols,3617,382,765,197,65
374,312,571,Shia003636Vols,7287,1342,1601,195,92
374,0,179,Sham19Y0014592,2641,835,1015,141,97
374,1245,1396,JK010753,762,514,1247,111,19
374,1396,1571,JK010753,763,14,533,139,33
374,1296,1571,Sham19Y0000760,601,864,1141,214,97
374,326,571,Shamela0006909,260,829,1072,175,86
374,1233,1496,JK010778,213,491,1056,195,43
374,0,273,Hindawi091818506,33,961,1234,219,99
374,1245,1571,Shamela0009752,69,1029,1355,249,96
374,1337,1496,Shamela0037032,62,81,307,122,66
374,326,571,JK007583,140,935,1190,184,89
374,1233,1496,Shamela0006743,117,774,1342,197,44
374,1245,1571,JK010637,142,739,1065,250,96
374,326,571,ShamAY0005375,25,1216,1458,187,95
374,1225,1571,ShamAY0005375,57,135,466,249,91
374,44,179,Shamela0000558,319,0,137,104,95
375,994,1235,ShamAY0037923,50,910,1313,188,58
375,46,581,Shamela0028175,46,178,876,397,65
375,994,1235,Hindawi070706142,146,186,598,188,56
375,89,581,JK007639,233,266,983,380,64
375,32,394,Sham19Y0000259,697,1228,1610,263,77
375,394,581,Sham19Y0000259,698,0,234,141,71
375,603,882,Sham19Y0000259,699,1109,1442,214,78
375,89,284,Shamela0009607,1008,1415,1610,159,98
375,291,581,Shamela0009607,1009,5,486,231,59
375,902,1092,Hindawi095095863,36,1504,1703,154,93
375,1270,1483,Hindawi063795362,9,1219,1430,162,96
376,0,255,Shamela0010517,2953,407,662,204,98
376,21,1129,Sham19Y0011565,347,0,847,673,75
376,1182,1576,Hindawi051703160,109,434,1162,312,52
376,0,333,Shamela0006947,6749,1319,1654,270,98
376,333,1129,Shamela0006947,6750,0,795,635,98
376,0,384,Sham19Y0026523,843,1255,1638,308,98
376,392,1139,Sham19Y0026523,844,3,745,586,96
376,255,512,Shamela0004473,6623,91,319,134,64
376,128,283,Shamela0004473,6630,1037,1247,89,54
376,719,972,Hindawi039150590,32,159,411,199,97
376,0,533,Hindawi063795362,82,1044,1578,431,98
376,533,1129,Hindawi063795362,83,0,648,475,90
377,53,300,Hindawi051620274,68,676,1071,189,57
377,53,300,Sham19Y0073348,99,729,1081,200,69
377,53,256,Sham19Y0073348,2497,1137,1339,156,93
377,53,256,Shamela0010283,228,793,1146,158,54
377,53,300,JK007576,211,745,1158,191,55
377,616,1209,Sham19Y0011565,139,655,1256,481,96
377,53,300,Shamela0001002,322,1188,1582,195,59
377,374,1689,Hindawi041969168,198,180,1500,1037,94
377,53,305,Sham19Y0000259,1084,822,1073,201,97
377,857,1060,Hindawi049464279Vols,595,403,608,168,99
377,419,1060,Shamela0006947,5032,541,1007,368,69
377,53,249,Hindawi060292585,40,1444,1639,159,98
377,53,300,Hindawi030807493,178,1173,1420,201,98
377,318,1071,Hindawi030807493,216,883,1634,611,97
377,1071,1689,Hindawi030807493,217,0,624,504,97
378,1099,1395,Hindawi070706142,184,1302,1556,203,82
378,1395,1596,Hindawi070706142,185,0,206,165,97
378,560,783,Sham19Y0010438,206,1375,1593,171,93
378,0,165,Hindawi041969168,198,1500,1664,133,98
378,165,520,Hindawi041969168,199,0,350,275,94
378,0,535,Hindawi030807493,217,624,1161,413,94
379,179,672,Hindawi057293074,30,869,1240,234,53
379,0,179,Hindawi070706142,185,206,386,145,99
379,338,1011,Hindawi051620274,68,0,676,540,97
379,282,1011,Sham19Y0073348,99,0,729,592,99
379,313,1011,JK007576,211,0,742,547,90
379,1069,1649,Hindawi079072819,74,463,1205,472,77
379,221,577,Hindawi026382506Vols,941,256,604,280,94
379,179,1011,Shamela0001002,322,354,1188,629,86
379,213,1011,Sham19Y0000259,1084,15,822,641,96
379,240,790,Shamela0005390,27,1099,1647,422,93
379,790,962,Shamela0005390,28,0,173,134,95
379,179,1011,Hindawi030807493,178,340,1173,676,99
380,0,261,Hindawi079072819,74,1205,1519,210,82
380,296,680,Sham19Y0035118,439,331,768,310,87
381,1104,1216,JK010611,15,1043,1155,83,96
381,425,653,JK010611,38,1467,1657,125,68
381,841,1372,JK010611,102,430,1127,415,75
381,192,415,Sham19Y0023138,190,55,277,176,98
381,841,1372,Shamela0009773,3129,19,177,124,29
381,890,1165,JK007143,2223,1059,1495,216,62
381,1165,1372,JK007143,2224,0,157,121,75
381,1104,1216,Shamela0008505,307,826,937,85,98
381,1104,1221,JK000916,23571,1084,1201,88,97
381,1052,1372,Shamela0026552,180,1009,1230,166,66
381,425,735,Hindawi019139738,91,35,324,187,65
381,252,415,Sham19Y0150966,2,0,160,125,95
381,183,425,JK000919BK1,420,266,501,186,95
381,1104,1225,Shamela0002573,1196,1347,1466,90,96
381,425,735,JK010665,133,1146,1433,185,65
381,865,1382,AOCP20251104084,127,807,1344,261,51
381,425,735,AOCP20251104084,127,44,334,187,65
381,176,425,JK009325,989,1188,1441,191,91
381,807,1072,JK009325,1008,1205,1506,196,77
381,1072,1382,JK009325,1009,0,364,235,81
381,425,735,JK009325,1019,765,1127,214,74
381,420,735,JK009230,360,1201,1567,221,75
381,807,1372,JK009230,537,241,856,331,63
381,841,1372,Sham19Y0016714,826,0,723,408,71
381,1104,1216,ShamAY0034457,90,1380,1490,87,98
381,0,166,Shamela0021525,366,354,520,130,96
381,859,1004,Shamela0026536,645,1296,1428,90,76
381,1104,1216,Shamela0026536,647,962,1074,86,99
381,1205,1372,Shamela0026536,648,613,803,125,84
381,841,1159,Shamela0006944,124,1320,1478,120,47
381,1099,1216,Shamela0000135,66,0,120,88,95
381,1104,1216,JK010638,85,884,996,87,100
381,455,735,Shamela0009229,635,252,577,202,77
381,1104,1216,ShamAY0034541,92,437,549,87,100
381,455,735,Shamela0009221,19,798,1122,198,76
381,425,735,Hindawi092480708,59,199,540,187,60
381,1104,1216,Hindawi096918483,61,1143,1255,87,100
381,1104,1221,Shia002185Vols,645,1202,1319,86,95
381,1104,1216,Shia002185Vols,1319,95,207,87,100
381,841,1372,Shia002185Vols,4034,323,913,358,74
381,22,166,Shamela0037488,181,0,809,118,17
381,285,415,Sham19Y0020762,189,1096,1228,94,87
381,807,1372,Sham19Y0020762,254,308,1072,395,64
381,425,774,Sham19Y0020762,559,286,579,162,52
381,936,1372,JK010646,260,0,219,98,23
381,1104,1216,Shamela0005448,73,860,972,85,98
381,300,425,Shamela0005433,51,764,882,93,92
381,1104,1216,Hindawi085925824,194,805,916,86,99
381,999,1159,JK010344,785,10,169,123,95
381,1104,1225,Shia002378,141,1074,1191,88,94
381,1104,1216,Shamela0011786,231,1424,1536,85,98
381,807,1232,JK010729,204,859,1431,274,59
381,1241,1372,JK010729,205,6,140,97,93
381,811,1372,ShamAY0032251,60,788,1329,278,55
381,171,425,JK006907,122,898,1151,196,96
381,807,1372,Sham19Y0014786,156,627,1284,376,71
381,1052,1382,JK000911,2677,937,1221,170,55
381,420,791,Shamela0021105,49,888,1242,282,93
381,841,1052,JK001099,352,764,1089,165,64
381,1052,1372,JK001099,353,392,782,247,80
381,1104,1216,Kraken220201000819,146,78,190,85,98
381,1104,1316,Sham19Y0000760,106,860,1073,164,98
381,300,425,Sham19Y0000760,434,979,1096,93,92
381,999,1216,JK001039,86,757,1022,163,77
381,1104,1216,Shamela0023790,509,104,216,85,98
381,814,1115,JK010738,277,1205,1490,181,69
381,1115,1372,JK010738,278,0,214,129,64
381,807,1216,JK010738,324,1030,1423,268,78
381,947,1104,JK000927,1686,1186,1349,90,69
381,0,166,JK000927,2276,1304,1470,136,100
381,1104,1372,JK000927,2499,824,988,95,46
381,455,735,JK000927,3856,556,881,202,77
381,1104,1216,Sham19Y0095660,228,329,441,87,100
381,1104,1216,Shamela0006909,77,464,576,87,100
381,1104,1216,GVDB20201027,389,154,266,87,100
381,1104,1216,PV20220525,1349,18,130,86,99
381,1104,1216,Sham19Y0014579,1271,761,873,87,100
381,1104,1372,Kraken22021606121201,1044,231,397,93,44
381,455,735,Kraken22021606121201,1465,877,1204,202,76
381,1104,1216,Shamela0009607,1022,1388,1500,83,96
381,1104,1216,Shamela0003118,6757,982,1093,84,97
381,1104,1221,AOCP20251104036,194,570,736,88,68
381,171,415,JK010766,205,1136,1368,172,86
381,807,1372,JK010766,226,207,594,226,50
381,841,1186,JK000919BK3,54,905,1459,230,47
381,929,1159,Sham19Y0023644,3456,0,288,140,63
381,425,735,JK009288,429,644,1001,203,69
381,1104,1216,JK001213,21,727,839,87,100
381,1104,1216,Sham19Y0147320,122,905,1017,87,100
381,0,166,Hindawi039141640,70,665,843,136,93
381,1104,1216,Sham19Y0011151,858,1174,1286,87,100
381,1104,1216,Sham19Y0011151,859,41,153,87,100
381,807,1004,Sham19Y0016435,231,240,744,139,34
381,1104,1372,Sham19Y0016435,232,32,700,207,39
381,1104,1216,JK001001,229,1416,1528,86,99
381,1104,1211,Shia003956,262,742,987,81,42
381,425,735,JK010637,314,27,379,213,75
381,430,774,ShamAY0005375,180,727,1038,229,79
381,1104,1221,Sham19Y0148535,13,1193,1312,85,93
381,807,1216,Shamela0023789,1134,365,695,214,58
382,1220,1472,Shamela0005416,15,532,788,188,91
382,496,1476,Shamela0011790,1826,991,1504,372,47
382,1280,1548,Hindawi036246180,19,641,861,167,76
382,1216,1472,Hindawi0061961973Vols,414,1264,1478,155,75
382,496,800,Shamela0028175,2,1216,1522,224,93
382,794,1548,Shamela0028175,3,26,738,523,85
382,488,1548,Shamela0006739,210,28,1098,815,93
382,584,1548,Shamela0009099,189,0,975,664,81
382,496,1127,JK003609,5332,905,1541,425,77
382,1127,1548,JK003609,5333,0,425,306,89
382,1226,1552,Hindawi092480708,97,578,909,261,96
382,496,1552,Shamela0011056BK2,45,344,1433,777,87
382,1226,1521,Sham19Y0020762,482,588,893,222,90
382,478,1189,Sham19Y0020762,1201,795,1509,486,79
382,1195,1548,Sham19Y0020762,1202,4,306,216,75
382,496,1422,Sham19Y0020762,1859,615,1011,272,37
382,496,1548,Hindawi085205353,109,160,1224,742,83
382,1266,1472,Shamela0037494,46,246,451,157,95
382,496,1295,Hindawi036050924,31,740,1548,549,80
382,1295,1521,Hindawi036050924,32,0,227,179,97
382,0,368,Sham19Y0000259,840,1086,1456,293,98
382,1216,1373,Hindawi052849381,74,678,845,120,88
382,496,800,Hindawi052849381,74,330,636,226,94
382,373,709,Shamela0005446,567,1126,1488,195,60
382,709,1548,Shamela0005446,568,0,839,649,94
382,496,1439,JK009365,76,507,1467,660,81
382,1280,1472,Shamela0006947,13265,263,457,146,93
382,1226,1373,Hindawi019395315,17,302,452,119,98
382,496,632,ShamAY0038630,77,1409,1543,103,95
382,632,1548,ShamAY0038630,78,0,1239,607,56
382,1220,1548,JK009304,9,228,415,142,52
382,1226,1422,Hindawi046946197,132,1116,1269,122,75
382,368,845,Hindawi030807493,179,1115,1564,354,92
382,848,1552,Hindawi030807493,180,0,709,567,98
382,378,1044,ShamAY0005375,232,812,1522,511,90
382,1051,1548,ShamAY0005375,233,0,500,389,95
382,0,363,ShamAY0037942,94,500,1181,289,52
383,491,745,Shamela0005416,15,279,538,188,92
383,491,697,Shamela0011790,1826,664,870,155,94
383,729,946,Shamela0011790,1827,33,248,157,90
383,0,677,Shamela0028175,3,742,1474,465,74
383,677,946,Shamela0028175,4,5,328,210,81
383,0,446,Shamela0006739,210,1102,1496,295,83
383,446,946,Shamela0006739,211,0,501,377,94
383,0,491,Shamela0009099,189,979,1476,368,93
383,491,956,Shamela0009099,190,49,512,354,94
383,0,951,JK003609,5333,429,1441,718,89
383,745,897,Hindawi092480708,54,245,397,119,97
383,0,531,Hindawi092480708,97,909,1500,360,70
383,531,946,Hindawi092480708,98,0,473,318,84
383,86,946,Shamela0011056BK2,46,0,923,649,88
383,3,946,Sham19Y0020762,1202,299,1254,610,76
383,0,241,Hindawi085205353,109,1228,1473,177,91
383,247,946,Hindawi085205353,110,35,800,494,76
383,77,897,Shamela0037494,46,451,1169,494,71
383,16,946,Hindawi036050924,32,221,1269,665,76
383,0,739,Shamela0005446,568,843,1475,491,83
383,739,946,Shamela0005446,569,0,208,166,99
383,0,946,JK009365,77,113,1119,718,90
383,0,951,ShamAY0038630,79,344,857,366,48
383,0,777,Hindawi030807493,180,709,1488,611,98
383,777,956,Hindawi030807493,181,0,173,139,96
383,0,951,ShamAY0005375,233,504,1461,733,96
383,969,1488,Hindawi063795362,139,657,1160,400,95
384,369,1258,Hindawi094053925,84,1098,1558,345,47
384,1258,1427,Hindawi094053925,85,0,120,98,71
384,89,188,Hindawi063795362,140,399,498,75,97
384,185,369,Hindawi063795362,140,995,1180,149,99
384,369,1427,Hindawi063795362,141,389,1455,849,98
385,0,349,Hindawi082959503,246,715,1091,282,92
385,1328,1544,Kraken22031816264700,41,1172,1387,139,71
385,8,349,JK010638,53,0,134,105,39
385,88,359,JK010754,526,179,997,213,32
385,1328,1499,Shamela0001349,393,113,283,120,89
385,374,885,Sham19Y0020762,835,1126,1472,258,62
385,1328,1440,Sham19Y0020762,2266,646,758,80,91
385,1328,1544,Shamela0010283,1245,1136,1295,122,70
385,1273,1544,Shamela0010283,3016,1096,1340,184,83
385,1315,1539,JK006907,31,10,232,160,91
385,354,553,Shamela0021105,12,1308,1506,161,99
385,553,1263,Shamela0021105,13,0,702,563,98
385,88,349,JK010753,598,21,931,204,27
385,1328,1446,Shia003764Vols,178,1425,1542,90,95
385,1361,1544,Sham19Y0000259,1006,0,184,146,98
385,1321,1544,MMS00013,713,931,1155,169,95
385,1328,1544,MMS00013,1154,480,697,168,97
385,0,349,Hindawi094050268,52,59,198,110,39
385,0,249,ShamAY0000454,156,730,1575,196,28
385,1258,1544,Shamela0012715,93,838,1117,198,79
385,1315,1499,Sham19Y0026523,1621,916,1098,129,89
385,1258,1499,Hindawi059535917,176,364,528,116,56
385,1258,1544,Shamela0006624,69,47,326,195,78
386,566,855,Shamela0036075,130,100,275,127,55
386,0,238,Sham19Y0036072,267,86,320,179,92
386,0,117,Kraken22031816264700,41,1387,1505,93,98
386,0,293,Shamela0001349,393,278,790,227,55
386,575,1545,JK007639,26,0,1012,759,92
386,0,238,Shamela0010283,1245,1295,1535,184,95
386,0,126,Shamela0010283,3016,1340,1465,101,99
386,126,460,Shamela0010283,3017,0,392,257,81
386,566,739,Shia003636Vols,11714,990,1166,133,96
386,0,460,JK006907,31,237,1028,354,55
386,0,238,Shia003764Vols,179,99,282,147,76
386,0,1303,Sham19Y0000259,1006,184,1529,1028,94
386,1303,1545,Sham19Y0000259,1007,0,241,194,97
386,0,293,MMS00013,713,1155,1449,232,98
386,0,460,MMS00013,1154,697,1215,357,85
386,0,404,Shamela0012715,93,1117,1519,322,98
386,117,455,Sham19Y0026523,1621,1104,1332,173,63
386,548,1545,ShamAY0005375,141,60,1052,766,95
386,0,460,Shamela0006624,69,326,787,357,96
387,1084,1545,Shamela0031371,717,439,1121,377,67
387,0,410,JK007639,26,1012,1441,317,92
387,410,1017,JK007639,27,0,751,478,79
387,0,1022,Sham19Y0000259,1007,241,1369,798,88
387,0,440,ShamAY0005375,141,1052,1491,344,98
387,440,1027,ShamAY0005375,142,0,686,444,79
388,0,186,Shamela0031371,717,1121,1574,151,41
388,186,490,Shamela0031371,718,259,670,250,73
388,1413,1590,Hindawi094053925,75,653,832,142,97
388,1413,1590,Hindawi063795362,127,127,306,143,97
389,826,1289,Shamela0021525,108,1202,1622,333,88
389,1289,1590,Shamela0021525,109,43,345,239,99
389,826,1590,Hindawi079072819,86,6,820,611,93
389,0,709,Hindawi094053925,75,832,1608,559,88
389,760,1590,Sham19Y0000259,1102,158,834,482,67
389,824,1590,JK007529,2,114,980,602,85
389,0,731,Hindawi063795362,127,306,1094,579,90
390,0,542,Shamela0021525,109,345,931,429,90
390,1057,1189,JK007639,144,1324,1460,108,97
390,1189,1548,JK007639,145,0,472,289,75
390,596,1016,JK007639,158,0,441,335,94
390,0,542,Hindawi079072819,86,820,1408,429,90
390,0,573,Sham19Y0000259,1102,834,1369,373,74
390,542,1324,Sham19Y0000259,1107,1210,1529,258,40
390,1324,1550,Sham19Y0000259,1108,0,317,185,71
390,0,406,JK007529,2,980,1416,319,90
390,406,542,JK007529,3,0,191,109,70
391,295,494,AOCP20250214603,172,619,763,77,49
391,295,788,Sham19Y0016728,98,695,1137,347,86
391,234,540,JK000916,16862,1240,1521,214,82
391,397,544,Shamela0012398,817,897,1044,116,97
391,295,788,JK009245,988,1022,1285,194,48
391,1027,1401,Hindawi053581373,17,1341,1526,134,44
391,234,1401,Shamela0028175,55,236,1180,734,77
391,397,544,Sham19Y0036072,161,103,250,118,98
391,295,788,Shamela0006739,1697,322,1373,339,40
391,295,485,JK003609,5581,1387,1575,151,97
391,485,1581,JK003609,5582,0,1052,813,91
391,295,544,Shamela0035100,6554,446,743,125,52
391,397,544,Shamela0009091,763,22,169,116,97
391,788,1401,MMS00006,201,646,828,141,28
391,406,544,Shia001401,8,0,138,109,97
391,295,447,JK000829,192,1039,1191,120,97
391,225,1315,JK006908,133,548,1538,702,74
391,1315,1557,JK006908,134,0,245,185,94
391,427,591,JK006908,203,1251,1411,118,86
391,230,747,JK010397,145,599,1127,370,79
391,929,1505,Shamela0005392,68,923,1216,231,50
391,0,220,JK007639,145,478,857,142,48
391,295,833,JK007623,88,91,702,433,86
391,874,1581,JK007623,89,450,1152,504,83
391,320,591,Kraken220308195638,402,349,644,135,44
391,295,1143,Sham19Y0020762,1328,758,1583,641,92
391,1143,1581,Sham19Y0020762,1329,0,441,332,94
391,929,1187,Sham19Y0145210,2140,1329,1589,204,96
391,1187,1505,Sham19Y0145210,2141,0,173,133,52
391,1027,1401,Hindawi030207395,253,1032,1218,134,44
391,295,587,JK007054,573,125,365,194,81
391,397,544,JK000841,2,95,242,119,99
391,295,856,Shamela0010665,33,1229,1551,253,55
391,591,1581,Shamela0010665,34,25,977,737,91
391,295,524,Sham19Y0000760,1061,1017,1240,169,91
391,295,1505,Shia003764Vols,40,248,1026,619,63
391,295,1505,JK006900,1600,590,1036,348,35
391,220,1581,Sham19Y0000259,903,45,930,643,56
391,0,220,Sham19Y0000259,1108,317,674,140,49
391,397,544,Sham19Y0029560,1001,1070,1217,118,98
391,295,882,JK007063,263,1220,1564,278,58
391,611,747,JK007063,264,0,148,103,85
391,295,882,Shamela0003118,4935,1048,1391,275,57
391,295,460,Hindawi096279749,68,1394,1557,125,88
391,460,788,Hindawi096279749,69,0,329,263,97
391,295,1581,Sham19Y0023644,6456,522,1579,783,72
391,295,563,JK001305,14,1316,1592,136,52
391,551,1122,Hindawi053957094,65,138,411,182,36
391,551,1122,Shamela0023788,112,364,693,224,45
391,295,639,JK001210,209,177,324,116,41
391,230,1581,JK009365,505,131,1103,707,62
391,295,494,Shamela0012715,490,929,1076,116,72
391,397,544,Shamela0004445,5473,103,250,119,99
391,323,1581,Hindawi030807493,182,0,1260,1009,98
391,397,544,Shamela0001000,919,122,269,118,98
391,248,803,ShamAY0005375,186,978,1573,432,86
391,803,1581,ShamAY0005375,187,0,777,612,97
392,0,538,JK003609,5582,1052,1576,374,79
392,585,1603,JK003609,5583,0,1219,720,67
392,877,1070,JK006908,194,1026,1228,143,88
392,668,1358,JK007623,88,755,1493,465,68
392,0,349,JK007623,89,1152,1519,273,90
392,349,668,JK007623,90,0,335,235,87
392,74,422,Sham19Y0020762,763,669,1063,268,83
392,8,275,Sham19Y0020762,1329,449,710,200,92
392,0,668,Shamela0010665,34,977,1588,465,86
392,668,1647,Shamela0010665,35,0,1133,686,68
392,621,1139,JK006900,1600,1091,1565,243,44
392,614,1303,JK009365,505,1170,1414,145,24
392,0,337,Hindawi030807493,182,1260,1596,273,99
392,337,1647,Hindawi030807493,183,0,1314,1064,98
392,0,743,ShamAY0005375,187,777,1519,596,98
392,758,1647,ShamAY0005375,188,0,895,714,96
393,1229,1378,Hindawi038184164,20,173,322,116,100
393,1229,1574,Sham19Y0038155,195,569,914,255,93
393,7,417,JK003609,5583,1219,1631,324,97
393,417,1160,JK003609,5584,0,793,570,86
393,606,1059,Shia002992Vols,4132,838,1035,155,42
393,302,898,JK006908,204,139,301,119,23
393,59,1138,JK007623,90,338,1540,866,88
393,51,465,JK007054,573,413,584,130,37
393,1171,1574,Hindawi071490515,198,744,1170,292,83
393,0,509,Shamela0010665,35,1133,1643,405,97
393,509,1160,Shamela0010665,36,0,706,517,88
393,606,750,Shia003764Vols,40,1075,1220,114,98
393,1171,1574,Shamela0001002,1619,761,1149,294,91
393,628,750,JK007135,7,0,120,92,94
393,1160,1574,Sham19Y0000259,914,84,478,312,94
393,1171,1534,AOCP20251104150,52,143,476,225,68
393,798,1171,JK010766,580,913,1076,119,37
393,606,1059,Shia002955Vols,59,851,1049,155,42
393,509,670,JK009365,505,1419,1535,92,70
393,670,802,JK009365,506,0,133,103,96
393,1229,1378,Hindawi019395315,67,951,1100,111,96
393,1229,1574,Shamela0026350,23,689,1036,266,96
393,1171,1426,Sham19Y0026523,1222,92,313,166,81
393,0,319,Hindawi030807493,183,1314,1632,256,99
393,319,1160,Hindawi030807493,184,0,848,686,98
393,1171,1574,Hindawi030807493,212,1062,1446,304,94
393,1178,1574,Hindawi020790318Vols,1005,76,468,290,92
393,1229,1574,Shamela0001522,155,756,1101,252,92
393,0,721,ShamAY0005375,188,895,1623,567,96
393,721,1171,ShamAY0005375,189,0,446,364,97
394,60,171,JK010475,7,768,880,78,92
394,0,648,Sham19Y0038155,195,914,1511,447,86
394,549,680,Sham19Y0038155,196,0,189,76,46
394,680,1382,Sham19Y0038155,196,851,1550,492,80
394,1382,1526,Sham19Y0038155,197,0,151,94,79
394,367,585,Hindawi051620274,13,1149,1365,157,92
394,367,626,Sham19Y0073348,908,118,375,203,98
394,474,598,Hindawi041584975,187,1438,1561,97,99
394,598,999,Hindawi041584975,188,0,402,321,99
394,0,342,Hindawi071490515,198,1170,1513,271,98
394,342,1526,Hindawi071490515,199,0,1184,937,98
394,0,287,Shamela0001002,1619,1149,1436,226,99
394,287,1526,Shamela0001002,1620,0,1240,990,98
394,0,1026,Sham19Y0000259,914,478,1505,817,99
394,1026,1526,Sham19Y0000259,915,0,499,388,95
394,0,494,Shamela0026350,23,1036,1532,389,97
394,494,1526,Shamela0026350,24,0,1081,801,90
394,674,1526,Hindawi092963020,623,1174,1560,303,44
394,0,131,Hindawi030807493,212,1446,1576,102,99
394,131,1526,Hindawi030807493,213,0,1397,1119,99
394,0,1037,Hindawi020790318Vols,1005,468,1506,827,99
394,1037,1526,Hindawi020790318Vols,1006,0,490,392,98
394,0,441,Shamela0001522,155,1101,1540,331,93
394,441,680,Shamela0001522,156,0,338,138,44
394,680,1158,Shamela0001522,156,1051,1525,329,76
394,1158,1526,Shamela0001522,157,0,375,251,82
395,905,1403,Rafed0000230Vols,383,862,1359,366,91
395,334,795,Hindawi082959503,179,364,926,371,81
395,1408,1571,Shamela0006904,93,879,1290,121,36
395,591,825,Shamela0005416,80,565,784,165,87
395,1413,1571,JK006912,89,127,519,118,36
395,493,795,Shamela0011790,2262,881,1185,242,98
395,348,493,Shamela0011790,2293,723,874,115,94
395,1434,1571,JK001477,307,478,901,111,32
395,1434,1571,Sham19Y0147062,1901,828,1250,106,30
395,805,1125,Shamela0011682,946,1362,1623,188,72
395,1125,1403,Shamela0011682,947,0,278,207,94
395,805,1019,JK001441,193,217,631,122,36
395,354,795,Shamela0012398,646,589,955,280,78
395,1434,1571,Sham19Y0150966,397,1043,1465,110,31
395,493,795,Sham19Y0120922,632,1073,1428,243,84
395,0,306,Sham19Y0038155,197,151,457,240,96
395,905,1019,Zaydiyya0000018,63,1295,1453,85,66
395,326,795,JK009325,911,60,537,370,93
395,326,795,Shamela0028175,50,209,678,379,99
395,905,1347,Sham19Y0036072,177,1006,1442,209,43
395,905,1403,Shamela0021510,33,548,1045,379,95
395,445,795,JK010638,66,861,1211,277,94
395,990,1403,JK000410,41,0,413,314,95
395,856,1347,JK003609,4851,405,689,186,45
395,354,489,JK010754,705,760,1117,108,37
395,541,795,JK010754,706,51,1173,203,22
395,354,692,Shamela0009091,659,978,1236,196,71
395,591,795,JK006908,132,300,513,164,94
395,1434,1571,Sham19Y0017904,1,292,669,110,35
395,320,795,Sham19Y0020762,987,628,1082,318,75
395,1434,1571,Shamela0009788,918,902,1195,110,46
395,1427,1571,Shia002378,177,387,720,112,40
395,905,1403,Shamela0010283,1081,152,647,372,93
395,360,795,Shia003636Vols,3543,0,244,197,55
395,0,306,Hindawi071490515,199,1184,1493,239,96
395,354,591,JK010753,817,755,1515,188,30
395,561,795,JK010753,818,42,702,174,32
395,856,1347,Shamela0001003,441,1129,1413,185,45
395,905,1403,JK010658,13,73,571,378,94
395,905,1019,Shia003764Vols,298,677,790,85,92
395,591,795,Shia003764Vols,865,984,1137,121,73
395,0,306,Shamela0001002,1620,1240,1547,246,99
395,354,745,Shamela0037460,13,230,528,238,75
395,1194,1403,Shamela0006633,163,184,340,115,70
395,905,1403,JK006900,835,373,762,284,71
395,795,1403,Sham19Y0000259,911,522,792,204,42
395,0,320,Sham19Y0000259,915,499,819,247,95
395,1422,1571,Sham19Y0000259,1105,1191,1336,116,94
395,306,795,Sham19Y0000259,1113,489,976,393,98
395,354,709,Sham19Y0029560,885,843,1106,205,71
395,354,745,JK007610,20,366,771,271,74
395,354,621,ShamAY0037021,398,1361,1597,173,79
395,621,795,ShamAY0037021,399,0,173,134,95
395,1194,1403,JK010766,587,444,600,114,69
395,373,745,Shamela0005446,206,0,285,220,72
395,905,1019,Shamela0001242,114,1274,1387,85,92
395,1413,1571,JK010747,261,285,808,119,28
395,147,306,Hindawi019395315,39,1090,1249,126,98
395,0,326,Shamela0026350,24,1081,1405,236,89
395,1434,1571,Shamela0023700,2503,810,1235,111,32
395,326,795,Shamela0012715,424,830,1160,248,65
395,911,1403,Zaydiyya0000037Vols,589,321,838,219,39
395,1434,1571,ShamAY0007299,4875,160,529,80,26
395,805,1347,Sham19Y0026523,5609,522,1036,352,80
395,905,1077,Hindawi092963020,557,139,310,126,90
395,316,795,Hindawi030807493,162,44,523,389,99
395,0,147,Hindawi030807493,213,1397,1544,118,98
395,147,306,Hindawi030807493,214,0,159,129,100
395,0,306,Hindawi020790318Vols,1006,490,797,246,99
395,0,306,Shamela0001522,157,375,680,209,85
395,493,795,Shamela0005354,55,227,665,233,64
395,354,795,Shamela0001000,1015,346,712,282,78
395,334,795,ShamAY0005375,72,546,1032,370,93
395,326,795,Shamela0006624,339,442,773,249,65
395,1408,1571,Shamela0023789,630,484,934,127,34
396,0,156,Shamela0005416,179,69,272,122,74
396,0,404,JK006912,89,519,1029,313,76
396,637,1575,Hindawi038246146,100,12,905,715,93
396,641,1480,Zaydiyya0000091,98,892,1595,554,80
396,0,201,Sham19Y0147062,1901,1250,1395,107,65
396,587,1188,Shamela0012398,697,55,666,435,87
396,641,1575,JK010550,210,683,1535,658,85
396,0,201,JK000778,1084,480,636,123,74
396,641,1575,JK001330,828,326,1225,595,67
396,641,917,JK010665,35,825,1019,149,67
396,458,1480,Shamela0028175,53,364,1562,738,73
396,0,165,Shamela0023735,2885,1425,1543,95,69
396,641,859,Kraken22031816264700,170,1453,1624,133,75
396,641,1575,JK006906,191,744,1457,559,73
396,723,1144,Zaydiyya0000090BK1,125,0,493,152,26
396,641,1322,JK003609,85,949,1588,491,87
396,1322,1575,JK003609,86,0,213,172,81
396,641,1139,Shamela0035100,5954,573,894,241,59
396,0,404,Sham19Y0017904,1,669,1176,268,60
396,490,1575,JK009229,174,230,1277,786,88
396,641,1575,Sham19Y0020762,1374,686,1439,531,69
396,0,467,Sham19Y0020762,1975,925,1179,151,36
396,641,960,JK006919,1040,733,1051,249,96
396,0,201,Shia002378,191,407,563,121,73
396,449,1051,Shamela0010283,1102,207,825,360,61
396,641,1575,JK010478,184,165,1019,620,77
396,641,1051,JK000911,3011,344,757,314,94
396,0,201,Shia003764Vols,64,1294,1450,121,73
396,641,1460,Shia003764Vols,194,124,674,423,63
396,449,1575,Hindawi079072819,90,287,1331,766,80
396,587,1575,Sham19Y0000259,909,440,1429,755,92
396,0,189,Sham19Y0000259,1105,1336,1525,153,98
396,189,454,Sham19Y0000259,1106,0,284,204,87
396,641,1139,Shamela0006909,371,708,1141,242,49
396,1005,1139,Sham19Y0014579,830,427,561,104,96
396,641,1005,Hindawi018197281,86,183,547,277,92
396,641,955,Sham19Y0120145,11,1282,1551,209,80
396,458,1383,Shamela0003118,1547,683,1538,547,65
396,1388,1575,Shamela0003118,1548,0,188,151,97
396,14,444,Shamela0003118,2115,499,864,179,39
396,623,1575,Shamela0025011,48,296,1033,570,72
396,641,1144,Sham19Y0023644,6179,1138,1553,314,76
396,1018,1575,Sham19Y0023644,6180,0,517,335,68
396,0,201,JK010747,261,808,964,123,74
396,0,201,Shamela0023700,2503,1235,1391,123,74
396,641,1005,Shamela0012715,443,879,1203,249,84
396,0,201,Sham19Y0011151,740,84,514,127,37
396,637,818,Shamela0004445,5365,31,213,140,95
396,587,1575,Hindawi030807493,179,110,1103,762,93
396,707,1575,Shamela0006743,477,18,1037,667,80
396,698,1575,Shamela0001000,1388,0,880,686,95
396,779,1005,Shamela0006624,354,0,228,170,92
397,618,883,JK001477,194,905,1227,193,77
397,618,953,Sham19Y0147062,1457,1348,1579,167,63
397,883,1032,Shamela0008505,585,322,467,112,94
397,883,1028,JK010566,151,488,634,108,92
397,622,883,Shamela0021554,44,1133,1441,117,51
397,883,1028,Shamela0021554,45,260,745,112,29
397,93,468,Hindawi058630741,18,187,472,141,42
397,618,1079,JK003609,2577,339,704,210,58
397,1207,1497,Shamela0009229,745,320,614,214,90
397,592,973,JK009233,233,853,1484,268,53
397,56,382,Tess21012418,1233,430,856,225,67
397,674,883,Hindawi079072819,87,0,424,155,47
397,592,1133,Sham19Y0000259,600,213,755,404,93
397,83,579,Sham19Y0000259,601,0,915,381,52
397,1177,1497,Sham19Y0000259,1100,241,559,250,95
397,618,883,JK000927,3112,1109,1326,124,61
397,883,1133,JK000927,3113,109,511,190,59
397,618,871,JK007532,9,900,1380,185,49
397,622,977,Shamela0023789,639,934,1234,136,41
397,83,569,ShamAY0037942,70,0,959,335,44
397,1248,1497,Shamela0012045,394,0,255,187,91
398,62,174,MMS00005,19,237,350,87,96
398,62,392,Hindawi017160604,679,136,416,208,77
398,24,392,Shamela0008505,606,19,326,107,26
398,35,392,JK000916,26993,406,752,261,90
398,62,392,JK009325,904,544,773,172,66
398,62,392,JK009230,621,202,432,131,49
398,458,1534,Shamela0009229,457,0,1124,847,93
398,62,392,Shamela0009229,684,440,774,259,98
398,62,392,Hindawi080268240,32,1117,1290,130,50
398,24,392,JK006907,75,609,923,217,72
398,444,744,Tess21012418,655,537,833,205,86
398,62,392,Shamela0001003,597,640,862,167,62
398,62,339,Shamela0023785,143,1195,1476,213,95
398,397,1534,Hindawi079072819,92,179,1402,902,91
398,62,356,JK010738,229,1311,1497,107,38
398,62,288,JK000927,2392,1319,1548,179,97
398,288,392,JK000927,2393,0,104,81,100
398,62,193,JK000927,2396,1354,1486,97,91
398,86,392,JK000927,3447,0,252,190,77
398,62,392,Shamela0008189,12,603,828,163,60
398,170,392,Kraken22021606121201,990,1269,1478,109,53
398,62,392,JK010522,32,498,671,131,50
398,62,279,JK010747,246,1310,1531,166,95
398,994,1345,Hindawi030427571,49,340,736,281,88
398,538,1393,Hindawi030427571,60,1159,1456,239,34
398,1393,1534,Hindawi030427571,61,757,899,115,99
398,60,392,JK007559,5,566,911,256,93
398,62,392,Sham19Y0017724,337,1055,1230,129,49
398,62,392,Shamela0021508,68,695,1029,256,97
398,82,392,Sham19Y0148535,173,0,323,229,91
399,204,670,Hindawi037520352,99,1430,1586,102,27
399,0,427,Shamela0009229,457,1124,1550,339,98
399,427,1243,Shamela0009229,458,0,861,644,92
399,842,1243,Sham19Y0010438,295,305,503,159,49
399,0,164,Hindawi079072819,92,1402,1565,133,99
399,164,1243,Hindawi079072819,93,0,1127,860,95
399,0,258,Hindawi030427571,61,899,1518,207,41
399,357,1243,Hindawi030427571,62,251,1182,462,49
400,1270,1498,ShamAY0037923,145,338,983,174,32
400,1259,1498,Hindawi070706142,294,861,1505,178,33
400,1290,1498,Hindawi094053925,33,308,991,169,30
400,532,965,ShamAY0005375,411,823,1280,337,91
400,965,1231,ShamAY0005375,412,89,346,197,92
401,0,492,ShamAY0037923,145,983,1489,387,94
401,492,1487,ShamAY0037923,146,0,1022,794,95
401,0,1487,Hindawi070706142,295,0,1492,1184,97
401,1317,1487,Shamela0011755,838,0,118,95,69
401,0,596,Hindawi094053925,33,991,1606,470,94
401,596,1487,Hindawi094053925,34,0,933,718,94
402,409,539,JK007572,37,35,169,98,95
402,707,1014,ShamAY0037923,96,1160,1474,245,96
402,0,264,ShamAY0037923,147,328,601,216,96
402,1088,1295,Hindawi060585083,87,523,795,166,75
402,1286,1504,Hindawi060585083,87,1340,1562,172,94
402,707,1025,Hindawi070706142,245,878,1200,255,98
402,0,264,Hindawi070706142,296,755,1019,216,100
402,1038,1540,Sham19Y0145210,404,351,911,384,82
402,0,264,Sham19Y0011565,391,143,559,215,63
402,0,264,Hindawi094053925,35,225,489,216,100
402,1119,1295,Shamela0006947,5459,48,219,132,92
402,1286,1540,Shamela0006947,5459,765,1184,204,59
402,707,1028,Hindawi096809026,142,181,402,177,68
402,1065,1295,Hindawi063795362,154,1118,1440,181,69
402,1286,1540,Hindawi063795362,155,393,811,203,59
403,1124,1349,GVDB20200720,51,329,456,73,42
403,1049,1201,Rafed0000230Vols,191,897,1049,120,98
403,436,768,Shamela0006911,31,876,1547,172,29
403,543,706,Shamela0006911,32,0,160,77,63
403,1101,1258,Shamela0012722,803,1159,1452,117,50
403,1254,1520,Shamela0012722,804,0,641,208,40
403,822,983,JK010732,88,707,1182,126,33
403,1049,1249,Sham19Y0150966,1553,1098,1265,128,80
403,429,706,JK009325,136,687,1135,122,29
403,1049,1520,ShamIbadiyya0000650,1,21,493,375,99
403,470,826,Shamela0021525,283,113,716,262,54
403,822,983,Shamela0021525,340,888,1362,125,33
403,5,370,Hindawi060585083,88,623,1300,294,52
403,487,706,Sham19Y0020762,1567,461,679,120,55
403,0,370,Sham19Y0145210,404,911,1281,301,99
403,1049,1494,Hindawi085205353,117,1203,1347,112,31
403,1101,1430,Shia003636Vols,13769,877,1528,241,44
403,1397,1520,Shia003636Vols,13770,60,320,97,46
403,1101,1520,Shia003636Vols,14624,28,1000,327,42
403,436,706,Shamela0005683,25,1049,1320,86,26
403,1049,1201,Shia003764Vols,241,130,282,119,98
403,988,1520,Shamela0000722,101,453,867,327,76
403,876,983,Shamela0000136,53,407,517,82,94
403,822,983,Sham19Y0000259,1117,956,1278,126,49
403,38,370,Shamela0006947,5460,47,691,270,51
403,436,768,Sham19Y0018147,541,920,1144,132,49
403,1101,1349,Shamela0004445,572,839,992,120,61
403,1101,1349,Shia003721Vols,481,1230,1383,114,58
403,5,164,Hindawi063795362,155,1326,1645,128,48
403,172,376,Hindawi063795362,156,160,363,163,98
404,613,711,Hindawi016420804,17,554,655,77,97
404,613,711,Hindawi018264640,5,245,345,75,96
404,360,661,Rafed0000230Vols,615,309,476,86,37
404,0,360,Shamela0012722,804,641,1489,281,41
404,360,952,Shamela0012722,805,68,1426,446,41
404,943,1458,Shamela0012722,806,18,1197,401,42
404,0,930,ShamIbadiyya0000650,1,493,1474,722,92
404,930,1465,ShamIbadiyya0000650,2,0,537,414,95
404,121,360,Sham19Y0020762,820,1202,1465,187,88
404,0,465,Shia003636Vols,13770,320,1416,350,40
404,465,1058,Shia003636Vols,13771,22,1416,436,40
404,1050,1458,Shia003636Vols,13772,43,938,278,39
404,613,756,Tafsir01005,3103,574,717,113,100
404,0,661,Shamela0000722,101,867,1524,509,96
404,661,1465,Shamela0000722,102,0,808,616,94
405,94,768,Shamela0012722,807,32,1499,496,42
405,680,1393,Shamela0012722,808,17,1487,490,41
405,1416,1537,Shamela0012722,809,99,360,92,44
405,482,680,Rafed0002385,12,466,613,113,72
405,284,755,Sham19Y0150966,1526,1213,1561,253,66
405,0,942,ShamIbadiyya0000650,2,537,1525,712,85
405,942,1537,ShamIbadiyya0000650,3,0,603,460,95
405,0,236,Shia003636Vols,13772,1016,1517,185,45
405,236,814,Shia003636Vols,13773,71,1413,432,40
405,814,1523,Shia003636Vols,13774,14,1473,469,40
405,1163,1312,ShamAY0034642,136,725,876,115,95
405,0,702,Shamela0000722,102,808,1511,559,98
405,702,1537,Shamela0000722,103,0,791,598,88
405,284,436,Shamela0006909,331,38,193,123,97
405,573,877,Shamela0006947,13499,1235,1492,190,78
406,0,509,Shamela0012722,809,360,1424,361,42
406,580,1243,Shamela0012722,810,0,1451,468,40
406,1243,1488,Shamela0012722,811,26,548,184,44
406,0,893,ShamIbadiyya0000650,3,603,1495,690,96
406,893,1505,ShamIbadiyya0000650,4,0,614,484,98
406,0,657,Shia003636Vols,13775,163,1481,425,40
406,657,1338,Shia003636Vols,13776,56,1494,474,41
406,1338,1505,Shia003636Vols,13777,66,431,129,44
406,999,1488,Shia003636Vols,14625,374,1499,371,41
406,1191,1390,ShamAY0034642,151,104,208,77,49
406,0,925,Shamela0000722,103,791,1512,557,75
406,925,1505,Shamela0000722,104,0,582,448,96
406,1146,1505,JK000952,2504,321,683,271,94
406,657,852,Shamela0009752,93,459,651,106,55
406,309,611,JK009283,78,1340,1586,189,77
406,611,949,JK009283,79,0,236,187,69
407,277,483,Rafed0000230Vols,1070,587,756,87,54
407,29,437,Rafed0000230Vols,1244,842,1521,235,41
407,0,386,Shamela0012722,811,624,1507,294,41
407,531,1270,Shamela0012722,812,80,1562,503,41
407,1276,1514,Shamela0012722,813,67,587,190,45
407,0,881,ShamIbadiyya0000650,4,614,1497,687,97
407,881,1514,ShamIbadiyya0000650,5,0,639,504,97
407,277,578,Shamela0035100,5404,221,378,124,50
407,277,581,Shamela0035100,5899,943,1103,125,50
407,770,1171,Shamela0005448,291,795,1091,230,71
407,0,444,Shia003636Vols,13777,431,1449,324,40
407,419,1148,Shia003636Vols,13778,21,1495,468,39
407,1148,1514,Shia003636Vols,13779,0,883,291,40
407,0,565,Shia003636Vols,14626,69,1443,419,38
407,277,578,Shamela0012860,176,775,928,121,49
407,333,578,JK000806BK1,90,127,329,81,28
407,0,1182,Shamela0000722,104,582,1515,726,76
407,1182,1514,Shamela0000722,105,0,286,231,84
407,0,627,JK000952,2504,683,1168,370,73
407,277,581,Shamela0010906,5314,423,584,126,50
407,0,227,Hindawi092963020,195,71,298,180,99
408,1103,1479,JK007143,657,1088,1490,273,80
408,0,354,Shamela0012722,813,658,1435,219,35
408,343,862,Shamela0012722,814,0,1435,400,34
408,862,1419,Shamela0012722,815,6,1379,422,39
408,0,788,ShamIbadiyya0000650,5,642,1531,574,76
408,788,1479,ShamIbadiyya0000650,6,0,793,541,85
408,1103,1397,Shia002992Vols,5089,21,266,193,82
408,0,280,Shia003636Vols,13779,948,1458,173,43
408,47,1011,Shia003636Vols,13780,48,1404,420,31
408,613,1292,Shia003636Vols,13781,159,1493,363,29
408,1305,1479,Shia003636Vols,13782,88,478,136,43
408,0,1066,Shamela0000722,105,286,1448,777,79
408,1066,1479,Shamela0000722,106,0,412,322,98
408,1349,1479,Hindawi079072819,308,1317,1448,101,96
408,1103,1397,Shia002955Vols,199,967,1211,192,81
408,0,419,Shamela0006947,14925,1029,1444,323,97
409,160,853,Rafed0000230Vols,192,757,1208,347,63
409,19,503,Shamela0012722,816,246,1392,327,37
409,516,1091,Shamela0012722,817,81,1434,446,41
409,1091,1418,Shamela0012722,818,43,670,226,45
409,314,563,Shamela0006723BK2,13,1193,1340,111,57
409,0,617,ShamIbadiyya0000650,6,793,1414,436,83
409,617,1423,ShamIbadiyya0000650,7,0,813,630,97
409,105,762,Shia002992Vols,5089,259,514,196,38
409,722,1423,Sham19Y0020762,753,179,823,475,84
409,160,516,Sham19Y0020762,1898,830,954,81,29
409,215,620,Shamela0005385,59,157,857,131,19
409,19,373,Shia003636Vols,13782,573,1367,255,42
409,365,949,Shia003636Vols,13783,41,1389,456,42
409,949,1418,Shia003636Vols,13784,6,985,332,42
409,160,466,ShamAY0032251,65,1059,1266,160,66
409,0,1004,Shamela0000722,106,412,1421,775,97
409,1004,1423,Shamela0000722,107,0,375,283,84
409,8,853,Hindawi079072819,309,0,306,235,35
409,160,550,Shamela0005446,286,1053,1444,298,97
409,550,762,Shamela0005446,287,0,211,164,97
409,105,762,Shia002955Vols,199,1204,1459,197,38
409,1091,1278,Shamela0006947,2660,548,690,107,71
410,0,539,Shamela0012722,818,738,1512,264,33
410,535,1196,Shamela0012722,819,57,1447,478,42
410,1196,1558,Shamela0012722,820,6,752,246,41
410,0,660,ShamIbadiyya0000650,7,813,1474,523,98
410,660,1558,ShamIbadiyya0000650,8,0,906,710,96
410,0,794,Sham19Y0020762,753,823,1364,412,64
410,186,1031,Shia003636Vols,13785,105,1491,476,38
410,1031,1558,Shia003636Vols,13786,0,1172,371,39
410,0,1473,Shamela0000722,107,375,1551,921,76
411,0,304,Shamela0012722,820,821,1466,237,46
411,304,1057,Shamela0012722,821,50,1445,479,40
411,1057,1305,Shamela0012722,822,43,573,186,44
411,0,628,ShamIbadiyya0000650,8,906,1531,487,97
411,1057,1181,Sham19Y0020762,1890,1237,1464,94,52
411,0,127,Shia003636Vols,13786,1247,1510,100,47
411,127,728,Shia003636Vols,13787,0,1383,443,40
411,716,1315,Shia003636Vols,13788,0,1010,343,39
411,0,1305,Shamela0000722,108,86,1237,882,84
412,782,1156,ShamAY0034809,378,1037,1176,107,35
412,0,315,Shamela0006904,64,48,524,230,62
412,80,315,JK007143,3032,39,323,169,76
412,876,1161,JK009306,159,896,1046,105,46
412,471,641,Sham19Y0005414,282,794,964,137,100
412,0,315,JK010732,199,556,965,233,72
412,869,1161,Shamela0012398,283,834,1037,90,39
412,782,1249,JK007540,25,776,1281,358,88
412,370,641,JK000919BK1,416,702,1132,202,58
412,1254,1482,Sham19Y0038155,288,1377,1595,177,95
412,807,1249,Sham19Y0038155,434,0,388,202,52
412,370,641,JK009325,2116,501,769,204,94
412,370,641,Shamela0021525,40,869,1135,205,95
412,0,339,Shamela0021525,249,581,921,254,93
412,325,584,Shamela0006944,195,1167,1399,127,54
412,370,772,Masaha004568Vols,328,390,819,249,69
412,325,584,Shamela0026803,133,254,599,176,62
412,782,1249,JK006908,228,70,259,136,36
412,792,1116,Zaydiyya0000075BK27,25,347,534,125,48
412,782,1156,JK009226,130,1188,1416,138,45
412,325,764,Sham19Y0020762,655,520,973,267,67
412,528,696,Sham19Y0020762,1038,580,696,87,65
412,782,929,JK011658,108,171,317,108,90
412,370,604,Shamela0010283,489,881,1048,121,65
412,0,133,ShamAY0032251,61,1352,1485,105,98
412,782,1249,Shia001432Vols,11691,253,722,355,94
412,320,772,JK006907,122,310,810,308,76
412,782,1156,JK000021,2165,326,465,107,35
412,782,1249,Hindawi081316951,67,1279,1468,127,34
412,364,604,Shamela0005683,25,567,740,127,67
412,370,772,JK010671,74,501,948,224,62
412,325,584,Shia001349Vols,225,1078,1311,129,54
412,782,1203,Sham19Y0000259,390,681,1107,324,94
412,1264,1516,Sham19Y0000259,409,960,1157,158,75
412,0,228,Sham19Y0000259,617,102,281,140,77
412,782,1156,JK000927,704,766,994,136,45
412,364,584,Shia003704,206,968,1129,121,68
412,782,1156,Shamela0003118,4840,1254,1393,107,35
412,370,641,JK010766,475,169,677,201,49
412,320,747,Shamela0005446,182,678,1136,272,70
412,364,747,JK009320,53,134,574,257,73
412,0,339,JK009320,59,20,393,212,66
412,370,741,ShamAY0007299,4586,582,1383,278,43
412,0,339,ShamAY0007299,4747,174,601,243,72
412,370,696,Sham19Y0018147,542,580,900,190,63
412,379,559,Shamela0004473,10028,783,1018,102,56
412,782,929,Hindawi015792571,17,528,675,109,90
412,370,471,JK001412,38,835,936,80,100
413,1085,1472,Sham19Y0022797,317,1034,1374,242,77
413,1174,1475,JK000916,16705,0,247,168,70
413,261,661,JK007540,16,1114,1473,275,82
413,714,1070,JK007540,17,6,362,232,77
413,1085,1453,JK007599,12,64,338,204,68
413,1085,1453,Shia003727Vols,99,495,759,200,67
413,1085,1453,JK003609,5038,817,1137,235,79
413,1085,1247,Shamela0009096,13,1200,1362,126,98
413,1085,1247,Sham19Y0020762,1317,1226,1344,90,70
413,1085,1215,Sham19Y0020762,1547,1396,1525,102,98
413,1085,1301,Sham19Y0020762,2120,445,667,161,91
413,1085,1453,Shamela0005433,54,548,816,198,65
413,1085,1423,Shamela0005355,72,1228,1504,199,75
413,1181,1463,Sham19Y0000760,843,0,174,133,58
413,0,355,Sham19Y0000259,409,1157,1552,272,84
413,355,814,Sham19Y0000259,410,0,458,369,99
413,1297,1448,ShamAY0035792,200,1459,1611,114,92
413,1085,1475,Shamela0003118,4885,47,386,244,78
413,261,572,ShamAY0005375,173,1218,1530,206,69
413,572,1453,ShamAY0005375,174,0,849,639,89
414,603,906,JK000005,197,513,663,118,48
414,300,643,Rafed0000230Vols,57,1222,1613,238,76
414,756,1242,Rafed0000230Vols,58,8,691,331,56
414,603,909,Shamela0010541,47,1341,1599,194,79
414,603,906,JK000081,353,597,851,179,73
414,289,888,JK007143,2374,1062,1567,314,59
414,906,1517,JK007143,2375,163,735,457,92
414,603,874,Sham19Y0016728,51,1346,1570,151,68
414,614,855,Shamela0036578,1086,0,193,152,78
414,0,289,JK009325,203,1007,1292,175,67
414,603,909,Shamela0001585,190,773,1030,186,75
414,603,909,Shamela0000894,6214,1006,1264,199,81
414,300,906,Sham19Y0029600,77,215,670,257,45
414,0,198,Sham19Y0036072,245,1329,1484,117,75
414,364,1517,Sham19Y0016714,1132,58,641,329,34
414,0,279,JK010743,57,947,1227,173,68
414,603,909,ShamAY0034569,214,874,1135,173,69
414,603,909,Shamela0011363,6,482,635,114,46
414,603,909,Tafsir06051,579,73,332,193,78
414,603,906,JK006478,772,127,326,154,63
414,0,300,Sham19Y0020762,352,439,872,214,63
414,603,909,JK011658,16,847,1054,154,63
414,313,453,Sham19Y0145210,1499,0,143,111,96
414,409,1242,Shia003636Vols,11491,59,990,521,60
414,0,179,JK006907,118,1252,1472,139,79
414,0,198,Shamela0006897,47,77,232,117,75
414,603,906,Shamela0008353,891,319,572,183,76
414,640,909,JK001336,35,0,222,168,78
414,603,906,Shamela0007473,24,1006,1310,238,97
414,603,909,Sham19Y0000259,212,1131,1390,196,80
414,603,909,Shamela0009823,462,263,522,159,55
414,603,922,Sham19Y0023644,6110,392,674,172,64
414,284,1101,Sham19Y0148539,67,528,1465,504,57
414,1101,1517,Sham19Y0148539,68,3,444,329,92
414,603,906,Shamela0006947,1815,698,953,184,76
414,603,909,Tafsir02096,1782,1326,1534,153,62
414,0,198,Shamela0028174,122,882,1037,115,74
414,359,1517,Sham19Y0017724,324,111,1258,769,73
414,0,279,JK007518,10,381,753,176,60
414,603,909,Shamela0010273,56,950,1211,187,75
414,307,1517,JK000942,78,1036,1467,263,27
415,7,168,Rafed0000230Vols,58,686,842,121,92
415,200,390,JK010552,234,340,589,144,71
415,1161,1578,Shamela0006904,29,107,1473,306,27
415,1279,1578,JK001477,57,0,249,200,82
415,0,158,JK007143,2375,735,893,130,100
415,200,520,Shia002958,561,921,1241,203,69
415,1161,1546,JK010732,127,610,1491,286,39
415,168,580,Sham19Y0029676,706,905,1363,311,80
415,200,476,JK000916,19695,1218,1449,175,78
415,200,476,JK000916,19696,786,1494,180,29
415,200,334,Shamela0026552,59,255,495,107,54
415,200,379,JK000919BK1,38,1392,1581,103,53
415,601,1131,JK007599,1,17,527,305,62
415,1197,1488,JK009325,729,82,585,185,41
415,200,520,Sham19Y0036072,216,366,734,184,55
415,200,520,JK009230,227,191,560,174,53
415,200,334,Shamela0036515,1551,615,749,107,97
415,168,573,JK010743,42,831,1260,309,84
415,200,520,ShamAY0034556,31,530,898,161,44
415,168,520,Shamela0001349,181,861,1203,188,51
415,210,476,Shia002185Vols,2551,0,518,180,39
415,200,476,JK009226,504,366,642,180,69
415,1166,1495,Sham19Y0020762,119,955,1192,157,58
415,168,563,Sham19Y0020762,905,197,673,244,56
415,200,456,Shia002378,145,763,974,159,77
415,7,168,Shia003636Vols,11491,985,1141,121,92
415,168,520,Sham19Y0014592,2717,737,1085,229,70
415,1243,1495,JK006907,97,162,422,152,61
415,200,476,JK001099,362,358,644,225,96
415,601,1109,Shamela0007473,24,1321,1461,110,27
415,601,1017,Sham19Y0000259,243,831,972,107,32
415,200,476,Shamela0012406,1706,807,1083,181,69
415,200,429,Shamela0003118,5706,665,849,143,76
415,0,158,Sham19Y0148539,68,444,611,130,94
415,601,1017,JK009365,525,344,485,107,32
415,200,476,Sham19Y0026523,2126,731,957,176,78
415,200,476,Sham19Y0018147,997,1025,1306,155,59
415,200,476,Shamela0004445,4429,703,934,177,79
415,200,520,Sham19Y0017724,41,412,731,206,70
415,0,168,Sham19Y0017724,324,1258,1421,131,95
415,200,563,ShamAY0021514,81,462,988,257,55
415,163,563,Sham19Y0016435,238,560,1592,285,33
415,200,520,Shamela0026484,238,754,1123,177,53
415,0,168,Shamela0000558,51,17,176,121,88
416,816,1509,JK001293BK1,736,147,494,271,48
416,127,467,ShamAY0034809,494,1125,1439,236,87
416,784,1462,ShamAY0034809,665,61,940,516,69
416,118,346,Shamela0005416,43,1273,1463,122,65
416,816,1462,Hindawi017160604,709,118,775,520,98
416,0,113,JK001477,57,249,362,91,100
416,155,581,JK001477,111,388,815,289,77
416,315,535,JK007143,1768,0,221,167,95
416,1152,1317,Shamela0036075,127,0,165,121,92
416,784,1462,Shamela0000736,3716,524,1421,521,71
416,779,1229,JK009306,231,1105,1538,341,94
416,1229,1509,JK009306,232,0,282,228,99
416,0,113,JK010732,128,232,345,90,99
416,784,1393,JK000916,8888,787,1474,461,81
416,0,113,JK009325,729,1312,1426,90,98
416,123,346,Rafed0002267,171,812,1013,118,66
416,123,535,JK010743,45,617,955,263,80
416,118,346,Shamela0026536,681,317,517,157,86
416,123,535,Shamela0001687,6327,646,896,147,46
416,123,581,Shamela0009099,177,1048,1485,300,75
416,164,581,JK003609,5933,330,745,284,77
416,816,1509,Shamela0035100,2667,846,1192,257,46
416,816,1016,JK007001,759,171,374,146,86
416,867,1509,JK009229,51,736,1375,489,94
416,816,1509,Sham19Y0020762,626,894,1181,153,26
416,816,1509,Sham19Y0020762,1982,656,892,150,27
416,123,535,Sham19Y0020762,2136,1047,1485,298,81
416,164,489,Shamela0005385,73,1028,1537,188,46
416,127,443,ShamAY0032251,63,13,326,206,76
416,1118,1215,Sham19Y0017077,74,1236,1435,76,48
416,816,1509,JK007054,1165,89,440,271,48
416,127,471,JK000021,2831,231,551,236,86
416,164,489,JK000911,437,856,1359,192,45
416,164,443,JK001099,379,336,673,219,81
416,816,1016,JK001039,28,396,599,146,86
416,164,443,JK007140,8952,972,1163,109,50
416,127,535,Hindawi079072819,117,70,450,298,91
416,123,535,JK010766,123,978,1375,296,89
416,816,1457,Sham19Y0023644,4385,161,792,431,77
416,816,1509,Shamela0036357,1017,552,899,271,48
416,212,535,Sham19Y0026523,5462,845,1081,179,68
416,246,489,Sham19Y0016435,251,138,585,187,52
416,816,1084,Shamela0001000,640,1442,1611,132,60
416,1084,1462,Shamela0001000,641,0,331,266,87
417,1006,1575,Hindawi017160604,710,182,507,202,43
417,158,1211,JK009306,230,0,805,538,60
417,894,1317,JK009306,231,0,936,211,23
417,72,857,JK007540,9,426,1469,557,63
417,1034,1517,JK007540,11,0,348,215,48
417,267,548,Sham19Y0038155,190,1325,1556,181,80
417,373,1323,Sham19Y0038155,191,22,746,313,30
417,177,1211,Sham19Y0038155,548,0,882,572,59
417,1006,1517,Sham19Y0038155,549,420,776,245,54
417,267,570,Shamela0000894,7979,796,951,123,51
417,267,570,Shamela0000894,8007,1242,1397,123,51
417,72,324,Shia003366Vols,1208,1406,1516,78,40
417,72,213,Shamela0009788,1018,613,755,111,97
417,72,267,ShamAY0032251,61,473,647,122,70
417,72,291,Sham19Y0000259,621,1334,1553,173,98
417,291,1605,Sham19Y0000259,622,0,1322,1046,97
417,72,1274,ShamAY0005375,162,381,1533,916,93
417,1274,1605,ShamAY0005375,163,0,335,266,96
417,177,1211,JK010473,255,0,832,567,61
417,1006,1317,JK010473,256,435,957,165,32
418,73,623,Hindawi017160604,709,964,1153,148,33
418,73,574,JK009306,230,1208,1449,153,34
418,17,246,JK009306,231,160,340,91,41
418,774,1418,JK009306,233,295,1039,423,61
418,774,1040,JK000916,16821,569,835,208,96
418,21,379,JK007540,10,1017,1395,212,62
418,774,1567,Sham19Y0038155,155,113,954,632,92
418,0,221,Sham19Y0038155,191,407,579,135,75
418,73,574,Sham19Y0038155,548,1087,1329,155,34
418,17,379,Sham19Y0038155,549,7,371,218,66
418,1086,1311,Shamela0035888,168,685,842,86,47
418,774,1101,Shamela0006739,1188,1249,1575,256,96
418,1101,1567,Shamela0006739,1189,0,240,163,42
418,840,1567,Shamela0035100,6381,0,501,365,61
418,774,878,AOCP202502141227,23,1163,1267,80,96
418,741,1567,Shamela0000623BK1,77,496,1399,434,49
418,774,912,JK009229,321,1336,1473,111,99
418,912,1567,JK009229,322,0,335,266,49
418,774,878,Shia003366Vols,8436,152,256,83,100
418,1086,1364,Sham19Y0020762,160,1155,1387,134,60
418,774,1469,ShamAY0034637,63,137,351,163,29
418,328,574,ShamAY0032251,61,366,752,116,30
418,774,1257,Shia003764Vols,440,728,943,168,43
418,0,216,Sham19Y0000259,622,1322,1592,167,76
418,216,727,Sham19Y0000259,623,0,511,407,98
418,727,976,Sham19Y0000259,624,1264,1493,177,87
418,976,1567,Sham19Y0000259,625,0,595,467,96
418,737,1473,JK009365,206,827,1591,472,65
418,1143,1466,Shamela0012034,880,475,632,121,47
418,774,1567,JK000037,1,2,880,633,88
418,0,1027,ShamAY0005375,163,335,1567,793,79
418,1027,1567,ShamAY0005375,164,0,485,384,87
418,774,1567,JK010473,252,928,1401,365,56
418,1160,1418,JK010473,253,0,152,118,56
418,73,623,JK010473,255,1186,1375,145,33
418,17,379,JK010473,256,26,386,203,64
419,1048,1453,JK009306,233,1082,1499,235,63
419,5,1008,JK009306,234,267,886,222,22
419,1201,1357,JK000916,16821,835,994,113,90
419,0,595,Sham19Y0038155,155,954,1547,472,98
419,595,1510,Sham19Y0038155,156,0,918,721,98
419,80,1159,Shamela0000623BK1,78,0,1424,555,45
419,1259,1502,Shamela0000623BK1,79,39,444,191,58
419,114,334,JK009229,322,1061,1381,167,65
419,643,1008,JK009229,323,252,456,129,44
419,174,331,Sham19Y0020762,1863,1201,1474,85,41
419,907,1008,Sham19Y0020762,2245,1077,1189,80,90
419,1054,1167,Sham19Y0020762,2253,1378,1515,90,79
419,174,331,Shamela0009856,325,107,212,83,66
419,0,947,Sham19Y0000259,625,595,1539,745,98
419,947,1510,Sham19Y0000259,626,0,571,410,82
419,0,1510,JK009365,207,95,1466,765,50
419,1054,1255,JK001189,66,901,1102,162,100
419,0,465,JK000037,1,880,1476,360,75
419,465,1510,JK000037,2,0,1168,814,86
419,0,1147,ShamAY0005375,164,485,1534,814,88
419,1147,1510,ShamAY0005375,165,0,313,241,80
419,114,954,JK010473,253,614,1494,266,25
420,243,520,JK009306,234,1132,1464,202,77
420,0,206,JK009306,234,529,682,120,72
420,563,1462,MMS00011,262,69,1417,644,61
420,0,508,Sham19Y0038155,156,918,1481,397,88
420,537,884,Shamela0035888,138,1088,1538,247,69
420,884,1462,Shamela0035888,139,54,817,405,67
420,206,470,Shamela0006739,1012,1309,1515,152,71
420,0,470,Shamela0006739,1189,363,615,189,50
420,0,520,Shamela0035100,6381,624,977,229,50
420,0,520,Shamela0000623BK1,79,500,1375,346,50
420,0,206,JK009229,323,99,252,120,72
420,239,520,JK009229,323,699,1035,202,76
420,255,470,Sham19Y0020762,2313,143,362,164,93
420,0,537,ShamAY0034637,63,357,671,189,44
420,0,520,Sham19Y0000259,626,571,1150,410,88
420,127,255,JK009365,208,0,129,101,99
420,99,255,ShamAY0034640,134,312,470,124,98
420,0,255,JK000037,2,1168,1437,203,94
420,249,520,JK000037,3,86,430,204,74
420,0,942,ShamAY0005375,165,313,1381,593,61
420,936,1462,ShamAY0005375,166,83,736,385,74
420,0,206,JK010473,253,1193,1346,120,72
420,239,520,JK010473,254,298,634,199,75
420,563,732,Shamela0023156,303,946,1221,124,57
421,11,816,MMS00011,263,0,1471,553,46
421,0,371,Shamela0035888,139,817,1361,280,64
421,415,981,Shamela0035888,140,36,1049,419,51
421,1065,1455,Shamela0035888,149,1114,1547,313,88
421,1455,1578,Shamela0035888,150,0,124,99,96
421,1171,1578,Sham19Y0000259,632,182,307,99,29
421,1065,1578,JK001305,141,830,1428,413,84
421,991,1578,Hindawi030807493,184,871,1424,444,93
421,0,486,ShamAY0005375,166,736,1501,332,53
421,486,981,ShamAY0005375,167,0,892,327,42
422,0,1363,Shamela0035888,150,124,1594,940,73
422,1363,1570,Shamela0035888,151,0,211,166,95
422,1231,1373,Zaydiyya0000400,69,766,909,113,99
422,0,1421,Sham19Y0000259,632,307,651,276,23
422,0,173,JK001305,141,1428,1553,101,72
422,173,1570,JK001305,142,0,1522,1107,89
422,0,181,Hindawi030807493,184,1424,1604,144,98
422,181,1570,Hindawi030807493,185,0,1391,1114,98
423,0,1334,Shamela0035888,151,211,1547,1028,94
423,1334,1601,Shamela0035888,152,0,267,213,96
423,677,1296,Sham19Y0000259,632,736,916,144,28
423,54,1601,JK001305,143,0,1546,1238,97
423,0,172,Hindawi030807493,185,1391,1563,136,97
423,172,1601,Hindawi030807493,186,0,1437,1163,99
424,1169,1508,Sham19Y0038155,514,990,1331,271,98
424,0,1081,Shamela0035888,152,267,1310,793,90
424,30,1076,JK001305,144,0,1049,824,98
424,0,140,Hindawi030807493,186,1437,1577,113,98
424,140,1130,Hindawi030807493,187,0,1235,788,79
425,1106,1381,Sham19Y0038155,451,743,1069,217,83
425,241,1066,Sham19Y0038155,515,0,822,604,87
426,476,821,Shamela0035888,141,980,1433,230,62
426,161,422,Shamela0035888,141,184,504,176,70
426,821,1162,Shamela0035888,142,0,498,219,56
426,422,831,ShamAY0035000,42,167,432,207,62
426,0,1006,ShamAY0005375,161,395,1461,774,90
426,1006,1320,ShamAY0005375,162,0,318,233,92
426,1335,1497,ShamAY0005375,189,745,902,120,89
427,475,1252,Rafed0000230Vols,682,484,1532,565,67
427,1252,1523,Rafed0000230Vols,683,0,373,206,67
427,475,1114,Sham19Y0038155,220,706,1479,469,75
427,1114,1523,Sham19Y0038155,221,0,511,327,78
427,585,1029,Sham19Y0038155,332,5,1397,341,31
427,1035,1510,Sham19Y0038155,333,0,1197,377,38
427,470,1523,Shamela0028175,27,268,1317,824,96
427,439,938,Shamela0035888,146,690,1444,362,59
427,934,1515,Shamela0035888,147,24,657,442,85
427,475,798,JK007633,106,813,1338,244,58
427,798,1506,JK007633,107,3,767,472,73
427,470,845,Hindawi074291969Vols,761,272,594,155,53
427,470,1362,Shamela0007473,16,485,999,340,43
427,470,1244,Sham19Y0000259,623,732,1506,601,95
427,1244,1523,Sham19Y0000259,624,0,235,188,82
427,924,1515,JK009365,201,700,1338,424,80
427,625,1515,ShamAY0005375,170,0,1076,686,79
427,0,422,ShamAY0005375,189,902,1326,332,97
428,1083,1533,Rafed0000230Vols,406,878,1335,364,97
428,0,740,Rafed0000230Vols,683,373,1249,396,47
428,740,1028,Rafed0000230Vols,684,16,348,191,62
428,22,536,Sham19Y0038155,221,672,1458,377,60
428,546,1028,Sham19Y0038155,222,55,814,339,52
428,29,410,Sham19Y0038155,334,365,1319,276,36
428,455,740,Sham19Y0038155,335,371,1329,212,28
428,740,1028,Sham19Y0038155,336,524,1256,195,33
428,0,178,Shamela0028175,27,1317,1494,141,98
428,178,1028,Shamela0028175,28,0,855,672,98
428,1057,1533,Shamela0028175,29,213,703,358,89
428,1057,1533,Shamela0035888,143,12,741,376,62
428,22,455,Shamela0035888,147,876,1395,304,73
428,455,1028,Shamela0035888,148,32,1018,389,47
428,1083,1451,Shamela0006739,408,1173,1548,292,95
428,1172,1533,JK003609,3139,0,369,287,95
428,0,357,JK007633,107,887,1409,254,61
428,357,1028,JK007633,108,0,1245,458,45
428,1083,1533,Shamela0009788,813,985,1443,361,96
428,1083,1406,Shia003634Vols,559,539,1278,259,42
428,267,1028,Shamela0007473,16,1041,1374,254,42
428,0,1033,Sham19Y0000259,624,235,1269,812,98
428,1028,1533,Sham19Y0000259,1096,932,1422,376,89
428,267,410,Shamela0021524,59,1457,1601,112,97
428,406,1028,JK009365,201,0,611,301,52
428,267,1028,JK009365,202,41,837,380,50
428,1038,1533,JK009365,263,1074,1566,332,73
428,1083,1508,JK009370Vols,640,167,597,340,97
428,1306,1533,Shamela0010798,2096,16,141,101,53
428,267,410,Kraken220413194105,281,19,162,105,91
428,1057,1533,Hindawi030807493,190,615,1081,359,91
428,1083,1533,Shamela0001000,437,191,648,363,97
428,1045,1520,ShamAY0005375,167,1017,1534,372,88
428,173,1028,ShamAY0005375,171,0,1458,595,50
429,1336,1448,Shamela0037345,1,1465,1577,87,99
429,1042,1339,Rafed0000230Vols,406,1350,1644,225,93
429,1339,1568,Rafed0000230Vols,407,0,230,183,99
429,1372,1500,Shamela0095860,84,218,397,74,53
429,1442,1550,JK009245,985,399,507,83,97
429,0,752,Shamela0028175,29,703,1515,588,90
429,752,1568,Shamela0028175,30,0,818,639,95
429,0,450,Shamela0035888,143,741,1434,349,63
429,450,1227,Shamela0035888,144,39,1522,596,49
429,1227,1568,Shamela0035888,145,49,581,270,63
429,0,1409,Shamela0006739,409,83,1554,1091,91
429,1409,1568,Shamela0006739,410,0,160,125,97
429,1336,1448,Shamela0006739,1994,794,907,86,97
429,0,1115,JK003609,3139,369,1542,857,89
429,1115,1568,JK003609,3140,0,453,353,96
429,1055,1568,JK007639,19,238,579,149,36
429,831,1115,Sham19Y0020762,436,1213,1471,104,36
429,122,1568,Shamela0009788,814,0,1504,1145,93
429,27,450,Shia003634Vols,560,387,1385,315,39
429,663,1111,Shia003634Vols,561,445,1443,338,41
429,1168,1550,Shia003634Vols,562,83,961,292,41
429,1336,1448,Hindawi097053705,21,567,678,84,94
429,75,1251,ShamAY0034642,364,341,1489,520,55
429,1336,1448,Shamela0010512,240,1336,1449,83,94
429,1177,1568,Sham19Y0000259,1097,0,392,304,96
429,1336,1448,Shamela0009607,1072,303,414,84,94
429,1055,1222,Shamela0005446,287,413,579,133,98
429,1055,1448,JK001305,127,769,884,92,29
429,1339,1448,JK001305,291,916,1025,86,100
429,63,1550,JK009365,264,0,1548,1164,92
429,0,715,JK009370Vols,640,730,1552,551,83
429,715,1550,JK009370Vols,641,0,1088,639,72
429,1055,1222,Shamela0004473,607,1071,1236,132,97
429,1055,1448,Hindawi020414802,19,659,937,219,69
429,0,347,Hindawi030807493,190,1081,1431,277,98
429,1042,1227,Hindawi030807493,190,1418,1601,143,95
429,1227,1568,Hindawi030807493,191,0,342,270,98
429,0,842,Shamela0001000,437,648,1544,663,91
429,842,1568,Shamela0001000,438,0,727,577,97
429,1055,1568,ShamAY0005375,140,654,981,149,36
429,0,1481,ShamAY0005375,168,14,1556,1170,93
430,0,1099,Rafed0000230Vols,407,230,1340,823,88
430,250,406,Shamela0005416,184,1017,1173,116,94
430,195,406,JK009245,990,248,460,160,95
430,456,617,Hindawi0061961973Vols,550,1193,1301,83,65
430,0,717,Shamela0028175,30,818,1540,561,96
430,717,1126,Shamela0028175,31,0,410,305,92
430,0,690,Shamela0035888,145,581,1533,545,71
430,690,1099,Shamela0035888,146,0,541,326,74
430,0,1099,Shamela0006739,410,160,1269,864,96
430,0,1048,JK003609,3140,453,1510,780,87
430,569,777,Hindawi020579040,77,54,203,118,71
430,0,777,Sham19Y0020762,437,97,634,362,54
430,90,676,Shamela0005385,41,152,446,98,16
430,50,1099,Shamela0009788,815,0,1057,834,98
430,36,195,Shia003634Vols,562,1039,1496,122,33
430,187,827,Shia003634Vols,563,22,1415,449,40
430,827,1099,Shia003634Vols,564,0,594,208,43
430,1147,1374,Sham19Y0011565,101,1152,1387,176,93
430,462,676,Shamela0010512,60,360,473,92,52
430,462,676,Shamela0010512,125,1379,1492,92,52
430,0,1044,Shia003764Vols,726,145,1096,741,87
430,0,1104,Sham19Y0000259,1097,392,1504,828,88
430,250,472,Hindawi064163579,3,1304,1528,172,95
430,462,617,Shamela0005446,287,585,746,86,67
430,0,981,JK001305,127,903,1528,484,60
430,0,1099,JK009365,265,19,1186,862,91
430,0,334,JK009370Vols,641,1213,1547,258,95
430,334,1099,JK009370Vols,642,0,1177,603,63
430,0,1099,Shamela0010798,2096,355,1363,783,87
430,777,1099,Hindawi020414802,19,1158,1559,175,47
430,0,1126,Hindawi030807493,191,342,1478,876,95
430,0,854,Shamela0001000,438,727,1532,633,91
430,854,1099,Shamela0001000,439,0,247,192,96
430,0,1099,ShamAY0005375,169,88,1200,873,97
430,1121,1542,ShamAY0005375,412,352,776,308,85
430,250,569,JK003608,2797,657,975,248,95
431,413,849,Shamela0006904,84,967,1398,312,85
431,413,1104,Shamela0006905,51,394,1074,427,67
431,465,1064,Sham19Y0150966,408,347,1151,389,56
431,1145,1539,Shamela0028175,33,48,440,309,98
431,460,849,Sham19Y0016714,401,961,1471,302,73
431,468,1104,Shamela0001687,818,0,588,456,88
431,465,1064,JK000299,1708,251,1002,453,74
431,418,1059,Sham19Y0020762,80,259,804,260,41
431,413,560,Sham19Y0133417,68,323,821,104,26
431,413,997,JK006907,102,1242,1458,161,34
431,1370,1483,Hindawi049464279Vols,341,1164,1277,90,100
431,465,1064,Shamela0021744,2007,85,971,457,63
431,605,1104,Kraken210901163531,101,141,681,331,67
431,565,849,JK009320,59,1207,1444,177,76
431,460,1054,JK007126,827,1147,1394,173,36
431,460,774,Sham19Y0017724,160,1169,1485,250,96
431,774,1064,Sham19Y0017724,161,0,440,144,36
431,0,307,ShamAY0005375,412,776,1191,231,69
432,442,1613,ShamAY0005375,413,170,1369,923,94
433,0,184,ShamAY0005375,413,1369,1552,145,95
433,184,1525,ShamAY0005375,414,0,1340,991,86
434,1222,1544,Shamela0011789,277,901,1228,252,95
434,1222,1544,Shamela0011790,2606,88,414,250,94
434,1222,1544,Shamela0009248BK1,52,1118,1448,249,93
434,1222,1440,Kraken220208041043,396,283,500,168,95
434,1222,1386,Shamela0009091,1046,903,1068,118,90
434,1222,1440,JK009229,942,1312,1527,164,93
434,1222,1544,Sham19Y0014592,2722,921,1249,248,93
434,1222,1440,Shia003764Vols,937,1427,1646,168,95
434,1222,1440,JK001336,633,695,914,163,93
434,1222,1386,Sham19Y0014579,1988,535,655,93,70
434,1222,1544,Sham19Y0023644,7490,1102,1429,251,94
434,1222,1493,JK001305,12,127,361,171,76
434,1222,1544,JK009370Vols,1621,940,1268,252,94
434,1222,1544,Shamela0001000,955,674,1001,251,94
434,0,174,ShamAY0005375,414,1340,1510,137,95
434,174,1165,ShamAY0005375,415,0,870,656,82
435,1333,1503,Rafed0000230Vols,410,1305,1477,138,98
435,32,279,Shamela0011790,2555,1283,1530,196,98
435,279,444,Shamela0011790,2556,0,169,127,93
435,32,550,Rafed0002341Vols,1462,125,801,409,75
435,1106,1261,ShamAY0001760,58,520,678,115,91
435,93,495,JK000916,1790,0,254,190,58
435,32,444,Shamela0012398,1116,47,464,326,97
435,5,239,Rafed0002267,7,90,337,173,85
435,585,846,Hindawi0061961973Vols,783,315,578,92,35
435,32,165,JK003609,1926,1470,1602,105,97
435,165,550,JK003609,1927,0,540,296,68
435,32,444,Shia002992Vols,739,814,1230,320,96
435,1106,1224,ShamAY0032838,24,1378,1495,93,98
435,32,550,Shamela0009091,964,527,1094,360,71
435,560,828,Sham19Y0020762,1873,585,846,191,91
435,32,438,Shia003636Vols,4335,1194,1603,311,94
435,438,550,Shia003636Vols,4336,0,316,86,34
435,1333,1503,Shia003636Vols,9368,710,882,138,98
435,86,550,Shia003636Vols,10244,392,963,133,21
435,585,811,ShamAY0032251,62,127,238,83,47
435,861,1250,EScr202304041409,67,615,914,202,64
435,861,1250,JK009202,61,826,1312,302,78
435,585,783,JK009202,64,1378,1573,151,96
435,937,1250,Sham19Y0000760,555,0,409,242,75
435,585,735,Sham19Y0000760,604,1334,1483,115,97
435,585,846,ShamAY0034377,51,135,321,114,48
435,1277,1503,Shia003986,321,1117,1309,154,82
435,585,842,ShamAY0035781,61,1222,1328,81,40
435,32,550,Zaydiyya0000142,1362,723,1431,363,59
435,76,550,Sham19Y0029560,1247,0,533,333,71
435,1054,1250,AOCP20251104150,109,993,1189,154,97
435,32,223,Shamela0003118,801,1404,1541,107,69
435,223,495,Shamela0003118,802,0,177,130,59
435,0,495,Sham19Y0023644,7298,770,1149,285,71
435,32,550,Shia002955Vols,17,64,740,405,74
435,851,1250,JK009370Vols,598,11,511,305,77
435,188,495,JK009370Vols,1206,31,243,123,42
435,32,550,Shamela0001000,88,133,810,408,75
435,861,1250,ShamAY0005375,437,874,1264,291,93
436,1057,1433,Shamela0010835,65,262,752,256,65
436,1123,1379,JK000916,9603,936,1195,173,83
436,1222,1433,JK000916,9605,0,213,159,94
436,1045,1306,Rafed0002267,164,1114,1539,180,52
436,188,349,Masaha004755,8,106,269,130,97
436,1057,1433,JK007078,51,108,646,284,64
436,1057,1208,JK010649,52,1246,1505,113,52
436,1216,1433,JK010649,53,61,280,160,92
436,455,566,JK010770,285,1512,1623,87,98
436,1081,1440,Zaydiyya0000229,111,670,953,166,51
436,562,836,Hindawi070582947,120,1346,1556,162,74
436,1057,1433,Shamela0010016,6,308,795,279,70
436,455,562,JK011658,18,894,1000,77,91
436,1057,1433,Shamela0009788,1035,388,765,279,91
436,1057,1428,EScr202304041409,54,130,559,292,84
436,455,562,Tafsir01005,2276,192,298,77,91
436,1146,1433,Shamela0030592Vols,52,6,297,206,88
436,4,158,Shia003986,321,1314,1467,120,98
436,158,1528,Shia003986,322,0,829,650,58
436,1045,1433,Shia003764Vols,6,823,1121,210,67
436,1057,1417,Shamela0030340,23,1003,1475,258,67
436,84,349,Sham19Y0000259,454,644,1179,208,48
436,349,700,Sham19Y0000259,455,995,1483,276,70
436,764,1528,Sham19Y0000259,456,0,1161,609,64
436,1057,1433,Shamela0000678,8,231,767,280,63
436,1216,1433,Sham19Y0013666,14,118,283,110,65
436,1045,1450,Shamela0005446,286,367,937,277,59
436,1057,1433,Shamela0029776,8,932,1421,268,68
436,1123,1433,Sham19Y0148539,65,123,501,230,75
436,1216,1433,JK000082,232,773,992,165,95
436,437,562,JK000465,1195,1302,1431,80,72
436,844,1057,Shamela0009631,352,448,663,166,94
436,1057,1433,Shamela0010798,3314,632,741,88,28
436,78,311,ShamAY0005375,430,1246,1485,180,94
436,311,1063,ShamAY0005375,431,0,507,363,57
437,405,611,JK000005,53,101,401,150,61
437,405,611,JK009237,4739,748,955,154,91
437,405,611,JK009237,5964,4,211,153,91
437,398,611,Shamela0000736,1832,304,518,157,90
437,187,405,JK007540,15,285,508,167,92
437,711,964,JK007599,8,933,1185,182,88
437,405,559,Sham19Y0122257,2777,730,884,123,97
437,1433,1544,JK010743,52,475,637,90,68
437,510,711,Masaha004755,9,902,1056,123,74
437,1385,1548,Shamela0006944,3,158,368,95,53
437,405,611,JK006906,144,738,949,151,88
437,405,711,JK007078,304,496,759,187,75
437,398,611,Zaydiyya0000013,291,1078,1293,159,91
437,1321,1467,Shamela0001349,82,94,251,101,80
437,405,711,JK009270,1204,144,500,204,62
437,405,559,JK007044,5263,562,716,123,97
437,310,611,JK010733,13,232,523,172,70
437,405,620,Tafsir01005,5426,177,489,155,61
437,405,611,Masaha002064Vols,236,1127,1390,153,72
437,405,717,Shia003986,320,1090,1454,188,57
437,0,964,Shia003986,322,829,1493,527,67
437,405,711,Shamela0007473,19,631,890,195,78
437,405,675,Sham19Y0000259,452,1341,1611,216,97
437,0,207,Sham19Y0000259,456,1161,1373,156,91
437,187,405,Sham19Y0000259,457,40,259,172,97
437,1433,1544,Shamela0006909,98,590,751,90,68
437,510,711,ShamAY0002038,166,402,555,123,75
437,405,611,JK010766,203,1065,1235,124,74
437,510,711,JK000001,12,524,677,123,75
437,405,711,Shamela0001466,620,628,986,203,61
437,442,611,Shamela0009823,413,0,173,125,89
437,405,611,Sham19Y0014556,816,1018,1167,91,55
437,405,711,Shamela0006947,11757,701,1058,185,57
437,405,711,JK001021,28,826,1212,202,60
437,405,584,AOCP202502141237,188,245,480,133,69
437,699,964,ShamAY0005375,431,501,769,201,94
437,1433,1544,Shamela0023789,329,1134,1295,89,68
438,190,293,JK001330,1009,940,1043,79,99
438,190,320,Hindawi053581373,13,127,259,88,87
438,851,1009,JK009325,347,896,1054,111,85
438,1148,1295,JK007584,44,930,1286,111,39
438,851,1009,Sham19Y0018194,248,1218,1380,124,95
438,71,293,Shamela0001349,83,0,230,172,94
438,190,293,Shamela0009096,24,119,222,80,100
438,99,293,Sham19Y0017879,586,1014,1209,136,84
438,660,851,Sham19Y0020762,271,382,591,150,88
438,190,293,Sham19Y0020762,2361,935,1043,77,92
438,190,293,Sham19Y0123581,73,914,1017,77,97
438,190,293,JK009150,63,479,582,77,97
438,190,293,Shamela0010283,593,871,974,80,100
438,6,190,Shamela0010283,594,500,692,138,89
438,669,999,Shia003636Vols,7296,636,1018,265,85
438,190,320,Hindawi030207395,248,795,926,88,87
438,851,1009,JK010733,33,288,446,115,87
438,190,297,Shamela0001002,687,760,867,79,96
438,190,293,Sham19Y0000259,258,124,227,77,97
438,190,293,Shamela0005446,307,1275,1378,74,94
438,190,293,Sham19Y0023644,7023,1391,1494,79,99
438,190,287,JK001189,19,1102,1199,72,96
438,656,999,Shamela0004473,2760,960,1306,274,97
438,669,851,JK007583,212,1160,1347,146,96
438,851,999,JK007583,213,16,175,116,90
438,851,999,Hindawi046486938,160,1418,1571,117,94
439,41,454,Rafed0000230Vols,410,871,1286,333,99
439,1019,1255,Hindawi082959503,267,813,1217,186,57
439,1277,1531,JK010552,235,64,436,163,54
439,1019,1255,Shamela0011790,2259,1169,1357,148,78
439,1277,1567,JK001477,169,319,609,226,95
439,475,667,Hindawi038697931,257,557,748,155,99
439,1277,1531,JK000916,19697,449,814,174,58
439,475,667,JK007589,25,1127,1324,155,96
439,475,667,JK007589,153,43,240,155,96
439,805,1032,JK007589,526,0,326,161,60
439,1019,1147,Sham19Y0120922,635,1372,1499,101,99
439,1019,1255,JK001330,751,695,894,149,78
439,672,1011,Sham19Y0036072,282,293,609,176,59
439,1006,1160,Sham19Y0036072,319,596,952,121,42
439,1277,1567,JK007613,248,440,740,218,90
439,1277,1531,JK007558,61,177,440,169,80
439,1111,1255,JK010754,341,235,637,116,35
439,1006,1160,Sham19Y0073348,2551,558,712,115,94
439,1011,1126,Shia002185Vols,665,1483,1597,91,99
439,1011,1210,Sham19Y0020762,316,901,1211,153,62
439,1265,1567,Sham19Y0020762,1143,886,1175,206,85
439,697,1001,Sham19Y0020762,1168,624,1065,239,65
439,464,611,Sham19Y0020762,1353,1392,1557,116,85
439,1006,1126,JK006919,381,502,623,83,88
439,41,454,Shia003636Vols,9368,272,686,333,99
439,1065,1255,Shamela0037460,4,689,879,149,98
439,1260,1537,AOCP20251104150,81,1459,1732,210,93
439,1277,1531,Shamela0012406,1706,1180,1429,167,81
439,475,667,Shamela0012406,2973,844,1035,153,98
439,1065,1255,Shamela0005446,197,1019,1215,152,96
439,1277,1531,Sham19Y0023644,3738,1117,1367,164,77
439,459,633,Sham19Y0023644,5561,35,207,126,91
439,1019,1255,JK001305,130,1142,1329,147,78
439,1277,1567,JK009365,410,576,816,178,75
439,1019,1255,Shamela0009752,106,840,1216,188,62
439,459,667,Shamela0004445,5077,782,983,158,94
439,1019,1160,Shamela0005354,58,569,710,112,100
439,1006,1111,Shamela0001000,1336,1103,1208,81,96
439,475,667,ShamAY0005375,303,589,781,153,97
439,459,618,Shamela0000558,262,663,966,116,47
439,1277,1531,Shamela0000558,270,82,282,140,68
440,794,1090,JK000005,92,736,1034,228,94
440,466,785,JK000005,93,428,763,254,94
440,1111,1498,JK000005,206,43,628,292,62
440,466,670,JK000968,20,777,932,115,65
440,492,781,Kraken220809002354,239,373,673,226,93
440,479,729,JK000298,4556,89,342,195,94
440,34,279,Sham19Y0073348,3045,28,229,153,77
440,486,785,Sham19Y0014592,2457,1087,1394,234,94
440,492,785,JK000583,511,802,1098,226,94
440,474,670,JK000170,158,96,355,154,73
440,262,455,JK001336,42,188,532,145,53
440,269,455,Sham19Y0000259,8,1056,1395,145,54
440,479,785,Sham19Y0149697,2452,1117,1422,239,95
440,492,785,ShamIbadiyya0000433,7,298,596,229,94
440,492,785,JK001160,292,350,647,233,97
440,34,279,JK007579,25,144,496,189,67
440,262,670,ShamAY0005375,431,799,1124,187,56
440,804,1090,Shamela0000558,35,937,1231,213,91
441,722,929,Shamela0011790,2480,783,989,160,96
441,987,1254,JK007540,14,231,453,167,75
441,0,354,Sham19Y0073348,1916,1227,1619,173,49
441,780,983,Sham19Y0020762,1079,0,154,118,69
441,729,983,Sham19Y0020762,1969,1365,1567,161,78
441,133,306,Hindawi041969168,117,0,624,132,27
441,987,1202,Sham19Y0000259,462,582,798,171,98
441,983,1149,Hindawi075352027,8,1434,1603,122,89
441,987,1202,ShamAY0005375,431,1014,1228,168,96
442,656,821,Shia003702,163,78,240,119,91
442,382,656,JK003502,29,596,875,217,97
442,656,821,JK010743,59,627,845,125,70
442,821,926,Hindawi062705842,28,802,913,83,93
442,1210,1384,Sham19Y0020762,1987,829,1004,134,94
442,656,821,Sham19Y0020762,2257,211,416,116,69
442,821,926,Hindawi030207395,313,1038,1149,84,94
442,656,824,JK007054,520,839,1067,118,64
442,656,821,ShamIbadiyya0000109,7852,849,1016,129,95
442,821,926,ShamIbadiyya0000109,7854,138,247,80,91
442,656,821,ShamAY0033599,52,742,958,118,67
442,656,821,Shamela0023785,291,1256,1475,124,69
442,665,821,JK001336,527,0,155,124,98
442,821,1106,JK001336,529,744,1173,226,65
442,1106,1521,JK001336,530,330,788,333,88
442,821,926,Shamela0010614,355,1213,1324,83,93
442,408,926,Sham19Y0000259,438,0,363,278,67
442,656,831,Shamela0095735,987,327,563,131,68
442,382,656,JK009296,124,732,1011,215,96
442,656,831,Masaha003296Vols,364,993,1223,126,67
442,1210,1410,ShamAY0005375,179,629,829,157,97
442,365,776,ShamAY0005375,428,1086,1512,316,91
442,776,1521,ShamAY0005375,429,0,568,418,67
442,6,354,ShamAY0005375,431,1236,1465,173,62
442,1210,1410,Shamela0000558,80,0,203,142,83
442,656,800,Shamela0000558,121,1337,1533,103,64
443,181,470,Sham19Y0038155,193,398,758,126,43
443,470,583,JK001336,881,906,1017,88,98
443,577,791,Sham19Y0000259,241,1169,1395,163,87
443,0,707,ShamAY0005375,429,705,1556,541,78
443,1069,1510,ShamAY0005375,432,0,440,265,62
444,1046,1164,Rafed0002341Vols,2436,863,981,95,100
444,67,177,Shamela0001585,90,942,1052,81,96
444,67,196,Shamela0026102,25,596,732,82,77
444,67,177,Shia002185Vols,1318,1140,1249,80,95
444,1363,1480,JK007639,44,136,256,90,95
444,270,395,Hindawi048020527,37,1089,1210,88,88
444,60,177,JK001336,443,95,212,87,96
444,270,384,Sham19Y0000259,22,374,489,88,97
444,67,177,ShamIbadiyya0000198Vols,1736,771,881,62,57
444,60,182,JK001189,44,474,595,77,79
444,1363,1483,ShamAY0005375,147,1035,1154,90,95
444,0,870,ShamAY0005375,432,440,1179,481,64
445,737,865,Sham19Y0022797,296,207,334,84,88
445,204,737,Sham19Y0038155,250,583,789,156,36
445,737,845,Shamela0010016,6,840,949,80,97
445,737,845,JK010561,521,1212,1321,79,96
445,737,845,Sham19Y0014592,3028,598,706,82,100
445,737,845,JK001336,129,1154,1262,82,100
445,0,164,Sham19Y0000259,477,826,1002,127,90
445,1008,1177,ShamAY0005375,179,453,622,131,97
446,1210,1419,Sham19Y0017745,141,1378,1533,126,72
446,166,489,Shamela0021475,22,668,988,238,92
446,0,103,Shamela0021475,31,596,699,72,86
446,128,489,Shamela0011790,1692,59,391,194,64
446,166,484,Hindawi038246146,75,235,389,115,44
446,166,484,Hindawi017160604,401,766,1081,224,88
446,166,484,Shamela0000736,5796,629,944,195,66
446,663,791,ShamAY0001760,40,935,1063,102,97
446,166,484,JK000916,2666,803,1167,238,81
446,212,484,Shamela0012398,386,579,853,214,97
446,663,791,Shamela0012398,1044,82,210,104,99
446,108,484,Shamela0011997,246,889,1248,258,83
446,166,484,JK000919BK1,26,1016,1331,198,66
446,1210,1419,Sham19Y0038155,157,592,802,170,99
446,791,1059,Sham19Y0038155,360,633,953,205,77
446,520,663,Sham19Y0038155,394,364,504,103,91
446,324,484,AOCP20251104084,125,0,161,119,93
446,654,791,Shamela0006723BK2,20,346,483,105,93
446,166,430,Shamela0001585,153,172,434,189,90
446,217,484,Sham19Y0127698,409,200,417,173,80
446,663,791,Sham19Y0127698,536,776,904,104,99
446,166,484,Masaha004092,227,605,762,113,44
446,166,489,JK009230,671,1115,1387,207,80
446,1210,1419,Sham19Y0008889,318,57,212,126,72
446,108,484,Shamela0035100,3868,192,580,260,80
446,1055,1162,Shamela0001349,104,858,964,82,96
446,166,484,Shamela0009091,480,331,645,243,95
446,663,791,Shamela0009091,916,1384,1510,103,96
446,663,791,Sham19Y0023625,6,1086,1218,102,94
446,1210,1419,Sham19Y0023625,2843,59,214,126,72
446,1210,1419,Sham19Y0018568,119,664,873,169,98
446,1210,1366,AOCP20251104049,167,36,192,126,99
446,166,520,Shamela0009096,134,248,513,150,50
446,1214,1419,Sham19Y0020762,97,123,327,157,93
446,277,484,Sham19Y0020762,1369,0,130,96,57
446,166,484,Sham19Y0020762,1952,746,1058,193,64
446,1055,1210,JK011658,84,75,230,118,96
446,1055,1166,JK011024,91,409,520,85,97
446,1210,1419,Kraken220208041038,212,251,492,148,67
446,663,791,Kraken220208041038,469,348,476,99,95
446,166,338,Shamela0009788,439,1323,1491,111,81
446,166,446,Shamela0010283,947,1249,1524,192,86
446,663,791,Sham19Y0014592,315,9,137,102,97
446,1210,1419,Sham19Y0014592,2572,441,650,165,96
446,324,484,JK006907,104,16,284,115,54
446,166,440,EScr202304041409,81,897,1116,152,70
446,1055,1162,Tafsir01005,2189,208,315,84,99
446,166,484,Shamela0036543,2357,580,738,117,45
446,1055,1166,Hindawi093681649,126,618,729,87,99
446,663,791,ShamAY0035035,5969,584,712,102,97
446,663,791,ShamAY0035035,6621,1108,1236,102,97
446,615,791,ShamAY0035035,6904,665,821,114,80
446,166,484,Shamela0012289,30,1333,1596,184,73
446,166,379,Shia003764Vols,369,930,1144,170,99
446,663,791,Shamela0010488,179,461,589,102,97
446,520,654,JK001336,129,191,324,104,98
446,520,654,JK001336,502,449,582,104,98
446,663,791,Shamela0001002,508,907,1035,104,99
446,791,1055,Shamela0001002,772,1009,1323,211,82
446,663,791,Shamela0006633,346,1003,1131,104,99
446,1055,1162,JK007571,45,759,868,84,97
446,663,791,Sham19Y0000259,192,315,442,101,96
446,520,654,Sham19Y0000259,196,1515,1648,102,97
446,166,484,Sham19Y0000259,271,1336,1491,116,45
446,791,1055,Sham19Y0000259,581,195,509,210,82
446,166,484,JK000927,1108,810,1125,224,88
446,663,791,Sham19Y0029560,1180,1460,1588,104,99
446,1210,1419,JK007011,85,107,317,167,97
446,1210,1490,Shia002264,351,364,645,182,72
446,166,489,Kraken22021606121201,534,224,543,215,84
446,166,484,Shamela0003118,1059,159,523,238,81
446,221,484,Shamela0003118,7252,0,264,162,64
446,0,103,Hindawi083858057,62,884,986,81,99
446,166,470,Sham19Y0023644,4624,1342,1537,145,58
446,791,1055,ShamAY0035000,246,601,916,210,81
446,166,470,EScr20120309,228,1192,1492,206,86
446,663,791,Sham19Y0145334,3056,1104,1232,104,99
446,663,791,JK009365,182,812,940,102,97
446,0,103,JK009365,254,57,159,78,95
446,663,791,ShamAY0034640,72,1151,1279,102,97
446,663,805,Shamela0026350,510,1354,1495,106,92
446,663,796,Tafsir02096,1491,988,1121,102,94
446,166,484,Shamela0005406,219,118,271,116,44
446,166,489,Shamela0010798,750,142,359,157,60
446,166,484,Shamela0010798,1011,950,1263,234,90
446,166,484,Shamela0010275BK2,262,256,570,193,65
446,663,791,Hindawi020790318Vols,560,355,483,104,99
446,791,1055,Hindawi020790318Vols,645,1136,1451,211,81
446,166,484,Shamela0001000,121,129,449,253,98
446,663,791,Shamela0001000,1169,14,142,104,99
446,663,791,Shamela0012014,1,1266,1394,102,97
446,663,791,Zaydiyya0000474,439,1249,1377,99,95
446,122,484,Shamela0023789,144,305,493,129,42
446,663,791,Shamela0009943,139,120,248,104,99
447,983,1092,JK009364,16,715,823,78,88
447,33,338,Hindawi050259706,57,643,1055,152,39
447,1180,1495,Shamela0001349,176,680,1087,135,34
447,1092,1286,Sham19Y0000259,21,70,365,152,63
447,368,522,Sham19Y0000259,249,186,448,119,57
447,1286,1425,Sham19Y0000259,443,1183,1322,105,96
447,343,563,ShamAY0005375,432,1152,1442,156,67
447,563,1495,ShamAY0005375,433,0,985,698,88
447,988,1289,Shamela0023789,455,812,1032,140,58
448,246,641,Rafed0000230Vols,117,391,786,260,74
448,259,614,JK007599,10,0,362,275,95
448,1208,1314,Shamela0001349,101,197,300,72,86
448,83,189,JK007639,267,577,685,74,89
448,952,1113,Sham19Y0020762,1848,140,369,121,67
448,234,408,Sham19Y0145210,1793,1374,1544,132,94
448,211,1481,ShamAY0005375,434,32,1396,945,85
449,923,1046,Sham19Y0017745,156,1015,1137,82,87
449,359,482,Masaha001922,139,235,356,87,88
449,1063,1178,Shamela0000736,5526,870,985,77,88
449,1063,1178,Shamela0010525,493,710,825,77,88
449,1063,1178,Shamela0012398,757,413,528,77,88
449,359,482,Shia001370,140,1203,1324,87,88
449,1063,1178,JK009245,722,660,775,79,90
449,74,268,JK007599,14,803,968,125,79
449,1063,1178,Sham19Y0127698,569,733,848,77,88
449,942,1046,Sham19Y0008889,347,450,554,78,96
449,1063,1178,Shamela0029911,271,678,793,77,88
449,467,575,Hindawi070582947,29,1187,1295,86,99
449,1063,1178,Shamela0001349,475,222,337,77,88
449,74,177,Sham19Y0020762,1681,259,361,69,85
449,1063,1178,Sham19Y0014592,1262,710,825,78,89
449,942,1046,ShamIbadiyya0000109,7219,241,346,80,98
449,1063,1178,Shia003764Vols,961,264,379,77,88
449,1046,1189,JK001336,383,758,895,102,91
449,115,268,JK001336,512,0,153,120,99
449,869,1137,Sham19Y0000259,22,713,1063,105,30
449,1063,1178,Sham19Y0029560,967,1010,1125,78,89
449,869,1178,ShamAY0002038,451,937,1346,162,52
449,1063,1178,Shamela0012406,3500,1166,1281,78,89
449,1063,1178,Sham19Y0023644,6312,973,1088,77,88
449,1063,1178,Hindawi094050268,26,469,584,77,88
449,1063,1178,Sham19Y0014249,680,748,862,81,92
449,869,1137,Shia001544Vols,526,741,1389,116,23
449,1063,1178,Shamela0004445,5415,553,668,78,89
449,1063,1178,Shamela0001000,1466,763,877,75,86
449,100,1322,ShamAY0005375,435,0,1489,893,73
449,1322,1493,ShamAY0005375,436,0,381,116,35
450,662,868,Rafed0000230Vols,117,802,1017,162,95
450,296,521,ShamAY0034809,445,729,958,166,90
450,1211,1363,Hindawi041795941,15,880,1035,124,98
450,1096,1313,Shamela0005416,91,749,966,135,76
450,296,454,Shia001171,426,47,206,121,95
450,1086,1313,Shamela0005372,118,193,461,165,73
450,1107,1363,Hindawi038697931,49,1164,1421,206,99
450,1100,1363,Hindawi038697931,109,13,276,200,94
450,1086,1313,Shamela0005502,61,741,1010,167,73
450,296,521,JK000916,8869,1027,1254,165,92
450,326,521,JK000916,8870,0,197,142,91
450,296,454,JK000916,16642,0,213,124,72
450,1107,1313,Shamela0026552,84,154,413,159,76
450,1096,1313,JK010731,81,162,430,158,72
450,1086,1313,JK007589,816,543,823,163,70
450,1107,1363,AOCP20251104084,77,939,1195,166,69
450,662,868,JK007599,16,737,956,155,89
450,662,873,Sham19Y0029600,210,846,958,87,51
450,296,521,Sham19Y0036072,265,709,935,165,92
450,1100,1363,JK009230,444,666,929,201,95
450,35,180,JK009230,650,7,198,109,70
450,296,521,Shamela0006944,80,279,506,166,92
450,509,624,Shamela0006944,149,1076,1191,87,95
450,296,527,Shamela0010538,60,943,1173,165,90
450,296,521,Shia003727Vols,97,531,707,117,62
450,292,454,Tafsir07076,7068,619,782,124,95
450,296,454,Tafsir07076,9108,703,862,121,95
450,35,180,Shamela0007380,87,90,235,116,99
450,360,513,JK003609,3962,0,153,110,86
450,1144,1363,Hindawi092480708,32,0,222,176,97
450,1100,1313,Sham19Y0073348,82,1408,1626,132,74
450,35,180,Shamela0001349,11,1197,1342,116,99
450,509,624,Shamela0001349,394,1152,1267,87,95
450,373,521,Shamela0001349,395,0,145,95,83
450,296,454,Shia003729Vols,215,880,1037,119,94
450,184,454,Shamela0010509,45,317,605,202,90
450,1096,1313,JK010561,106,308,604,168,70
450,296,521,Sham19Y0017879,369,769,995,169,94
450,35,180,Sham19Y0020762,156,1303,1499,114,72
450,296,521,Sham19Y0020762,1758,760,991,169,92
450,35,180,JK011658,201,1067,1212,116,99
450,1096,1313,JK006919,1101,551,822,165,75
450,1096,1313,Shamela0009788,1061,1040,1310,165,75
450,1092,1313,Shamela0010283,231,1080,1391,168,67
450,1211,1363,Shia003636Vols,12341,214,367,124,99
450,1107,1313,Shia003636Vols,12357,1023,1283,159,75
450,296,513,Sham19Y0014592,2535,854,1073,166,95
450,296,513,JK007082,676,370,589,166,95
450,268,527,JK006907,6,629,884,175,85
450,296,521,JK000021,2592,141,370,162,90
450,180,521,JK000583,722,388,732,214,75
450,1083,1313,Sham19Y0000760,361,884,1106,166,90
450,296,513,Shamela0023790,224,187,405,165,95
450,296,454,JK010727,3,140,299,121,95
450,662,968,Shamela0007473,24,111,242,87,36
450,1096,1313,Shamela0007473,25,144,310,135,75
450,296,454,JK010738,282,972,1131,125,98
450,296,454,Shamela0009856,429,1082,1241,125,98
450,1096,1322,Shamela0006909,378,740,1023,169,74
450,296,521,Shamela0003118,2927,1201,1426,163,91
450,296,454,Shamela0003118,4866,1167,1381,126,73
450,296,454,JK006910,192,549,708,121,95
450,1092,1313,JK010766,192,273,497,165,91
450,296,521,JK009288,400,594,819,165,92
450,1083,1313,Shamela0005390,556,487,706,165,87
450,275,454,JK007628,5,308,599,127,54
450,296,454,Shamela0028181,41,1209,1442,118,63
450,509,624,JK001189,36,28,143,89,97
450,296,454,JK010253,14,1172,1335,85,67
450,1092,1313,Shamela0011469,445,595,870,171,77
450,0,624,ShamAY0005375,436,381,1022,476,92
450,296,521,Shamela0000558,238,230,355,84,48
450,35,180,Shamela0023789,347,467,612,114,97
450,296,454,Shamela0023789,472,847,1113,125,58
451,502,613,Shamela0037345,61,809,924,83,90
451,1120,1235,Hindawi017160604,681,1084,1199,91,100
451,1120,1235,JK009325,431,938,1053,91,100
451,1238,1504,Hindawi0061961973Vols,828,0,267,216,98
451,1120,1235,Shamela0028175,32,17,132,91,100
451,1220,1504,Sham19Y0036540,1083,661,893,170,74
451,502,613,Shamela0035888,122,201,312,87,98
451,1120,1235,JK003609,2182,133,248,91,100
451,1120,1235,Shamela0001349,239,428,543,91,100
451,1235,1504,Shamela0001349,314,704,970,168,72
451,1120,1238,Sham19Y0020762,232,816,951,92,86
451,295,502,Sham19Y0020762,631,547,756,154,92
451,1291,1504,Shamela0009788,1905,0,209,124,69
451,1120,1235,Shia003636Vols,4980,529,639,87,95
451,1120,1235,Hindawi081316951,60,61,176,91,100
451,1120,1229,EScr202304041409,64,1191,1301,85,98
451,1120,1235,Shia003764Vols,104,477,592,91,100
451,68,205,JK001336,494,757,905,99,83
451,295,526,JK001336,498,915,1137,173,93
451,502,609,Hindawi036050924,47,674,781,83,97
451,1235,1504,Sham19Y0000259,464,1017,1287,218,98
451,1120,1235,JK000927,671,1110,1225,91,100
451,1114,1235,Kraken22021606121201,365,710,831,92,96
451,1120,1235,Hindawi030536269,728,976,1091,91,100
451,295,502,Sham19Y0014075,301,1353,1564,131,78
452,804,1222,Rafed0000230Vols,117,0,365,280,84
452,968,1196,Shamela0000514,44,1002,1121,88,48
452,898,1085,ShamAY0001760,150,486,676,130,89
452,351,560,JK009245,882,9,219,161,95
452,801,1222,JK007599,3,466,847,278,82
452,858,1244,Hindawi0061961973Vols,95,129,513,200,51
452,351,565,Hindawi0061961973Vols,2097,742,952,147,86
452,351,560,ShamAY0036508,2,300,507,158,94
452,351,560,Shia001237Vols,1957,1179,1388,162,96
452,351,574,Shamela0021556,203,1037,1257,137,76
452,351,565,Shamela0010512,252,1286,1495,157,92
452,136,351,JK001336,487,724,956,171,91
452,351,560,Sham19Y0000259,331,1080,1289,160,95
452,858,1244,Sham19Y0000259,332,234,616,200,51
452,560,786,Sham19Y0000259,521,1294,1511,168,93
452,1290,1479,Sham19Y0000259,522,0,187,141,95
452,858,1222,EScr230320080639,151,894,1442,223,47
452,351,560,Hindawi094050268,12,1333,1537,161,96
452,801,1085,Hindawi052807474,8,1370,1538,124,56
452,1244,1494,ShamAY0005375,180,447,697,193,97
452,141,380,ShamAY0005375,436,1174,1468,187,77
452,380,1244,ShamAY0005375,437,0,823,610,86
453,186,445,Shamela0037345,94,177,437,198,95
453,1103,1281,Sham19Y0014197,233,901,1088,140,92
453,1405,1511,Hindawi017160604,722,1169,1276,85,98
453,726,917,JK000916,9601,892,1082,141,91
453,1103,1266,JK007589,229,663,830,123,92
453,1270,1372,Hindawi053581373,6,1215,1317,81,100
453,148,445,Rafed0002267,6,1029,1322,208,84
453,1103,1281,Sham19Y0127698,554,553,744,127,84
453,1103,1266,Shamela0021510,45,561,724,132,100
453,1103,1266,JK000393,48,1370,1534,122,93
453,1103,1266,ShamAY0034569,412,359,523,126,95
453,1075,1266,JK003609,1084,1247,1438,134,88
453,726,917,JK003609,4098,159,350,142,91
453,23,138,MMS00008,754,1448,1563,88,98
453,23,138,JK007639,270,1242,1359,86,94
453,1103,1266,Sham19Y0020762,2073,1202,1370,128,94
453,996,1103,Sham19Y0020762,2233,1200,1485,80,35
453,1103,1270,Shamela0005433,52,566,733,126,94
453,987,1103,Shamela0005433,57,866,983,89,96
453,1395,1511,JK010344,1045,315,431,88,94
453,733,960,Shamela0009788,1033,738,966,182,98
453,1103,1266,JK006907,116,414,577,127,96
453,1103,1266,EScr202304041409,75,1047,1262,124,72
453,726,917,Shamela0030623Vols,188,1175,1365,143,92
453,186,445,JK009202,113,753,1013,203,98
453,186,445,Sham19Y0000760,932,112,371,203,98
453,1103,1266,JK010658,80,472,635,126,96
453,1103,1266,Shia003764Vols,901,392,555,128,97
453,1103,1266,Shamela0006633,258,924,1087,130,98
453,1103,1266,JK006900,691,1341,1504,132,100
453,1103,1266,Sham19Y0000259,450,896,1059,130,98
453,234,391,Sham19Y0029560,1175,176,332,123,99
453,1103,1266,Shamela0006630,186,396,559,130,98
453,733,965,Shamela0000678,9,689,926,170,88
453,1103,1266,JK010766,220,1001,1166,132,98
453,1103,1266,Sham19Y0023644,7049,260,424,125,95
453,823,960,Sham19Y0148539,57,49,191,111,95
453,996,1103,JK009365,154,1310,1417,85,100
453,1103,1270,Hindawi013957902,139,264,431,133,98
453,1103,1275,JK009370Vols,2080,344,516,131,94
453,1103,1266,Shamela0001000,1325,1378,1541,126,96
453,174,377,ShamAY0005375,437,1273,1476,155,96
453,377,965,ShamAY0005375,438,0,305,233,49
453,996,1372,ShamAY0005375,438,1002,1280,171,51
453,1103,1266,JK010473,147,714,877,130,98
453,1103,1266,JK010473,193,1019,1182,132,100
454,0,185,Hindawi017160604,722,1276,1461,152,99
454,192,330,Hindawi017160604,723,0,190,111,72
454,0,330,JK009325,954,195,678,191,40
454,10,281,JK009364,31,755,1272,157,34
454,63,281,JK009291,428,0,462,133,31
454,629,788,Sham19Y0020762,908,847,1010,121,89
454,0,330,Sham19Y0020762,1622,1092,1572,226,53
454,0,281,JK010344,1045,431,624,121,52
454,43,281,Shamela0021105,119,561,1090,193,43
454,385,522,Shamela0021105,128,0,585,105,22
454,510,629,Shamela0021105,129,31,150,98,100
454,620,788,Shamela0021105,130,1125,1294,139,99
454,0,281,Sham19Y0000760,1223,327,519,123,53
454,0,330,JK001336,539,941,1373,164,38