ms1,b1,e1,id2,ms2,b2,e2,ch_match,matches_percent
2,1292,1434,Sham19Y0023625,2307,1080,1204,84,76
2,823,1041,AOCP20240501183,220,1344,1627,156,67
2,1041,1460,AOCP20240501183,221,0,414,311,91
2,833,1434,Shamela0008206,346,0,534,348,69
2,785,1434,Shamela0008206,475,628,1224,368,66
2,743,1434,JK000977,50,58,788,381,56
2,836,1460,Sham19Y0013572,111,814,1451,469,90
2,815,1460,JK009381,10,11,660,473,88
2,960,1460,JK001140,39,0,523,377,89
2,785,1166,Sham19Y0020591,1743,72,433,255,78
2,1166,1451,Sham19Y0020591,1743,1142,1403,193,84
2,815,1451,ShamAY0033581,2,14,696,438,76
2,833,1251,JK009390,4427,1069,1501,306,84
2,1251,1460,JK009390,4428,0,221,149,84
2,836,1166,JK007128,76,393,700,169,54
2,833,1460,JK008001,194,378,1109,470,80
2,669,1460,Shamela0026039,314,588,1315,532,82
2,1319,1434,Tafsir01005,5557,317,456,82,75
2,836,1460,Shamela0036446,11,791,1406,465,91
2,695,1097,JK001214,57,1041,1496,250,66
2,1097,1451,JK001214,58,0,375,235,73
2,833,1460,Sham19Y0017729,2,482,1117,472,92
2,815,1126,Shamela0008204,7,1157,1487,220,77
2,1126,1451,Shamela0008204,8,0,341,212,72
2,1339,1434,JK009270,371,924,1038,74,83
2,1311,1434,JK009270,687,1263,1414,92,75
2,833,1451,JK000098,189,177,759,412,77
2,820,1041,ShamIbadiyya0000730,161,1363,1593,167,88
2,1041,1434,ShamIbadiyya0000730,162,0,398,308,96
2,995,1434,Shamela0000041,29,0,407,253,67
2,695,1422,JK009179,59,653,1459,524,79
2,1288,1434,Shamela0003055,3085,879,1023,102,83
2,1288,1434,Shamela0011211,52,1065,1202,94,81
2,823,1036,Kraken230106005528,12,1276,1481,141,78
2,1036,1451,Kraken230106005528,13,0,447,300,82
2,833,1460,Sham19Y0127677,2986,672,1300,466,91
2,836,1330,Sham19Y0014309,31,970,1481,372,90
2,1330,1460,Sham19Y0014309,32,0,128,88,87
2,695,1460,JK009141,1,135,912,567,89
2,747,1186,JK009141,116,1046,1440,272,75
2,1186,1451,JK009141,117,4,241,179,84
2,815,1434,JK000140,865,172,747,346,65
2,815,1460,JK000071,27,287,965,486,88
2,1113,1434,Shamela0007597,217,0,303,197,71
2,815,1434,Shamela0000782,889,149,724,346,65
2,833,1460,Shamela0001438,5441,362,999,470,91
2,785,943,Sham19Y0014601,5779,969,1131,117,89
2,785,1434,Sham19Y0014601,5780,89,950,437,58
2,885,1084,Sham19Y0132524,34,1268,1475,154,92
2,897,1186,Sham19Y0132524,35,140,670,166,39
2,1279,1460,Sham19Y0132524,36,1174,1353,127,89
2,1339,1434,Sham19Y0132524,37,86,330,74,38
2,764,1460,Shamela0001727,27,0,730,529,90
2,785,1460,Sham19Y0148271,1690,658,1351,500,88
2,695,1288,Sham19Y0122406,81,467,1171,450,79
2,1311,1460,Sham19Y0122406,84,374,521,103,88
2,695,897,JK000137,142,991,1210,151,86
2,1036,1232,JK000137,148,223,877,121,23
2,1292,1434,JK000137,149,219,361,112,100
2,890,1451,Sham19Y0131521,6064,0,511,377,81
2,836,1451,Sham19Y0020944,1086,685,1251,415,81
2,833,1451,Shamela0011334,208,116,686,419,82
2,740,1434,Shamela0005737,147,591,1298,415,67
2,674,1434,Sham19Y0018144,3,69,842,378,53
2,785,1434,Tafsir03097,46,857,1465,326,57
2,827,1451,Shamela0001524,639,623,1246,452,86
2,833,1451,Sham19Y0017903,6,645,1261,464,92
2,659,1434,JK000724,115,373,1085,463,71
2,811,1434,JK000698,53,520,1175,409,73
2,827,1434,Shamela0037325,272,824,1443,469,94
2,833,1460,Shamela0037325,304,815,1455,473,91
2,1288,1434,AOCP20251104131Vols,274,1382,1597,114,66
2,836,1141,JK009336,83,1246,1571,236,89
2,1141,1460,JK009336,84,0,321,235,91
2,833,1460,Sham19Y0020638,7,278,920,475,92
2,785,1369,JK000142,1064,963,1499,393,81
2,669,1468,Shamela0030240,16,621,1424,607,93
2,833,1441,Shamela0008353,283,472,1112,469,91
2,833,1434,Shamela0004482,689,936,1498,412,82
2,732,1166,JK000484,6737,928,1444,247,57
2,833,1460,Shamela0029677,1281,259,817,411,80
2,815,1451,Shamela0006739,72,27,684,437,78
2,890,1460,Shamela0006739,74,0,583,432,92
2,836,1460,JK007065,53,298,929,470,92
2,1104,1434,JK000201,3335,35,1173,189,20
2,811,1434,JK009152,3,949,1509,349,65
2,785,1283,Shamela0001442,1060,1294,1600,217,53
2,1283,1451,Shamela0001442,1061,0,162,121,92
2,674,1434,ShamAY0033555,3,81,908,580,87
2,1311,1434,Shamela0026539,255,1015,1166,92,75
2,1186,1441,Shamela0006947,8145,1048,1339,188,82
2,1297,1441,Shamela0006947,11625,1058,1206,101,80
2,695,1460,PV2024060602,2059,55,856,581,90
2,785,1451,PV2024060602,5661,834,1450,447,81
2,905,1434,PV2024060602,6650,0,477,298,67
2,811,1414,JK000021,111,974,1412,269,52
2,735,952,JK009158,159,273,563,137,59
2,695,1186,ShamAY0033872,9,978,1515,369,86
2,1189,1460,ShamAY0033872,10,0,269,198,91
2,905,1441,Shamela0006547,8,0,595,396,80
2,695,1273,Kraken21041223,42,968,1574,430,87
2,1273,1460,Kraken21041223,43,0,184,127,85
2,740,1434,JK000384,1,344,1066,399,61
2,795,1434,JK000384,2,794,1429,407,71
2,785,1451,JK000384,4,481,1146,434,75
2,785,1460,JK000384,8,761,1455,485,83
2,795,1324,JK000384,105,1036,1583,361,76
2,836,1434,Sham19Y0146127,3670,0,542,359,71
2,1297,1441,JK000381,4089,768,916,101,80
2,785,1315,ShamAY0032870,23,963,1482,346,76
2,1315,1451,ShamAY0032870,24,0,134,96,89
2,674,885,Shamela0004473,13739,1265,1507,147,76
2,885,1460,Shamela0004473,13740,0,534,398,85
2,820,1460,JK000116,505,503,1158,476,89
2,785,980,JK001487,78,1244,1427,96,51
2,980,1434,JK001487,79,0,415,271,69
2,823,1350,Shamela0023578,70,1031,1571,389,88
2,1258,1434,Sham19Y0016618,181,1372,1541,132,95
2,833,1451,Shamela0002386,367,149,745,417,78
2,1084,1451,JK000566,2,0,356,225,71
3,1140,1337,Shamela0012014,185,1046,1243,152,96
3,339,516,Sham19Y0036110,44,73,253,124,84
3,1027,1337,AOCP20240501183,246,1025,1302,197,77
3,339,516,AOCP20240501183,353,665,824,124,89
3,1140,1258,Masaha001946Vols,574,1364,1480,93,97
3,0,215,ShamAY0034815,434,11,224,160,92
3,232,516,JK000977,89,797,1136,161,53
3,533,855,JK000977,123,621,943,240,92
3,1140,1337,Kraken230110004547,434,1011,1215,153,94
3,0,215,Shamela0025794,4375,606,812,146,80
3,0,215,JK000841,49,963,1165,146,82
3,1140,1337,ShamAY0035884,1666,590,831,134,71
3,357,516,JK007128,679,79,352,88,37
3,1181,1337,Sham19Y0122257,1025,982,1140,120,94
3,420,523,Shamela0023695,700,259,361,75,94
3,374,516,JK000552,17,555,740,96,58
3,256,516,JK000786,546,214,403,147,72
3,1140,1337,JK000916,18164,386,599,128,71
3,527,852,Shamela0009652,1,1208,1538,257,97
3,527,855,Shamela0021809,482,250,577,245,91
3,0,200,Shamela0021809,1416,1262,1452,133,78
3,1140,1337,ShamAY0033975,826,361,559,151,95
3,1015,1337,ShamAY0034005,356,437,914,192,49
3,533,855,ShamAY0034005,1503,541,884,238,86
3,1181,1337,ShamAY0034640,3,988,1145,118,93
3,336,516,Sham19Y0014579,1449,484,652,124,85
3,339,516,Zaydiyya0000037Vols,502,497,656,125,89
3,1140,1337,Shamela0036446,1266,734,933,153,96
3,1140,1337,JK000056,7,1057,1253,150,94
3,1050,1337,JK000170,1360,392,587,150,65
3,1140,1337,JK000917,731,575,774,152,96
3,1140,1262,Sham19Y0145435,5314,1315,1436,96,98
3,232,516,ShamAY0035035,1677,787,1246,139,33
3,1140,1333,ShamAY0007299,84,641,836,150,96
3,1140,1337,JK000030,130,177,376,154,96
3,1176,1337,Shamela0000041,1362,712,875,125,95
3,321,516,JK000606,6,1081,1257,99,60
3,1181,1337,JK011696,209,53,208,123,98
3,636,855,Sham19Y0017616,4,986,1197,167,95
3,336,516,Sham19Y0017616,12,892,1054,127,90
3,1140,1339,Sham19Y0017616,19,135,336,152,95
3,336,516,Sham19Y0014309,122,1226,1392,121,83
3,4,215,JK009141,17,1114,1322,156,92
3,226,516,JK009141,24,609,905,223,96
3,527,862,JK009141,45,964,1308,262,95
3,866,1121,JK009141,73,992,1254,196,93
3,1140,1337,JK009141,74,551,750,154,97
3,321,516,Shamela0030327,206,222,398,99,60
3,11,215,Shamela0029878BK2,7,1194,1380,137,81
3,321,516,JK010370,96,738,919,106,63
3,4,215,JK000140,874,974,1178,157,94
3,324,516,JK000071,443,104,355,141,71
3,566,824,Shamela0023700,411,0,263,199,95
3,1140,1337,JK000216,126,760,958,149,94
3,339,516,JK000216,444,784,989,128,77
3,4,215,Shamela0000782,899,274,480,159,95
3,226,516,JK000585,1963,894,1121,167,72
3,336,516,Shamela0011244,56,1007,1168,126,89
3,1050,1337,Shamela0000432,4778,336,552,151,61
3,4,215,Shamela0009270,104,687,906,159,89
3,1140,1337,Shamela0036080,32,644,840,150,95
3,336,516,Sham19Y0035453,6,1287,1449,118,79
3,1140,1337,Sham19Y0132524,175,1245,1444,154,97
3,0,215,Shamela0001727,42,750,960,162,95
3,226,496,Shamela0001727,50,1172,1453,209,94
3,527,751,Shamela0001727,70,1208,1441,175,94
3,1140,1362,Shamela0001727,82,1104,1321,161,91
3,527,855,Sham19Y0148271,410,319,649,240,85
3,0,215,Sham19Y0148271,840,722,923,145,81
3,1140,1337,Sham19Y0148271,1751,353,552,152,96
3,1181,1337,Sham19Y0145212,1300,76,234,120,94
3,0,162,Sham19Y0122406,130,1130,1290,121,95
3,226,478,Sham19Y0122406,154,335,599,195,94
3,527,855,Sham19Y0122406,213,657,995,259,96
3,866,1121,Sham19Y0122406,237,777,1052,196,89
3,4,128,JK000137,216,393,528,95,89
3,1188,1329,JK000137,347,1164,1579,99,29
3,226,516,Sham19Y0018144,43,344,619,129,51
3,1140,1362,Sham19Y0018144,68,696,965,141,64
3,1140,1337,Shamela0005816,414,432,627,132,83
3,331,516,Shamela0005756,4030,997,1169,130,87
3,1050,1337,ShamIbadiyya0000229,2122,1175,1375,147,63
3,533,855,Shamela0009390,9,471,800,248,94
3,527,855,Shamela0003722,1704,961,1299,251,91
3,362,516,Sham19Y0133377,33,898,1060,106,78
3,1024,1337,AOCP20251104103Vols,69,53,254,146,57
3,1181,1337,AOCP20251104103Vols,868,1275,1430,123,98
3,4,215,JK000576,277,514,720,159,95
3,664,855,JK009336,2265,857,1062,152,92
3,1140,1337,JK009336,2460,27,226,152,96
3,331,516,Sham19Y0020638,29,389,556,130,89
3,1140,1271,Sham19Y0020638,52,27,158,103,99
3,1140,1337,Shamela0009773,2769,688,883,150,94
3,374,516,Shamela0009059BK3,2090,127,269,112,100
3,1140,1337,Shamela0012406,1258,186,391,151,92
3,28,1420,Shamela0030240,17,0,1398,1063,95
3,1050,1337,ShamAY0034134,1046,642,854,145,59
3,636,855,JK007065,225,1064,1269,160,91
3,336,516,JK007065,723,527,688,125,88
3,1181,1337,JK007045,265,459,617,120,94
3,639,762,JK000533,388,1009,1122,86,90
3,0,215,PV2024060602,2074,877,1087,162,95
3,370,516,PV2024060602,2083,0,146,115,100
3,636,855,PV2024060602,2103,0,219,173,99
3,1140,1329,PV2024060602,2114,1237,1424,148,97
3,4,215,PV2024060602,6659,695,899,157,94
3,1140,1337,Shamela0000140,1278,486,1336,151,22
3,4,215,JK000384,33,948,1209,155,73
3,533,824,JK000384,42,400,705,219,89
3,1149,1337,JK000384,140,1130,1339,115,63
3,331,516,JK000166,1554,596,768,130,87
3,331,516,Sham19Y0008889,344,1376,1537,122,81
3,374,516,JK000298,4800,0,142,105,89
3,331,516,Sham19Y0017442,183,1007,1175,130,89
3,533,855,ShamAY0038144,31,453,787,251,94
4,245,549,Sham19Y0001729,2198,1072,1416,214,79
4,0,204,JK000784,113,962,1457,134,32
4,661,766,AOCP20240501183,269,246,343,73,89
4,251,549,JK000977,245,474,774,197,81
4,1084,1233,JK000977,265,0,149,118,100
4,278,549,Sham19Y0013572,408,462,768,207,86
4,658,766,Sham19Y0013572,648,1352,1444,67,82
4,278,549,Shamela0012740,49,393,684,209,90
4,278,542,Shamela0021709,63,1245,1524,196,86
4,425,557,Shamela0021709,73,1222,1397,90,64
4,245,549,Shamela0025794,528,1120,1401,188,75
4,0,158,Shamela0013122,117,49,176,100,79
4,0,234,Shamela0021477,40,684,1146,138,34
4,245,549,Shamela0021809,250,732,1065,236,89
4,1074,1233,ShamAY0033975,262,725,912,126,85
4,999,1233,ShamAY0033975,263,698,927,170,92
4,646,766,ShamAY0033975,474,1135,1262,84,82
4,0,234,ShamAY0034282,1986,399,834,112,28
4,1055,1241,Shamela0008544,285,958,1142,114,68
4,1251,1401,Shamela0008544,704,587,722,103,87
4,1012,1185,ShamAY0034005,128,1227,1408,123,86
4,265,549,ShamAY0034005,843,345,713,191,65
4,393,549,Shamela0012293,1886,1267,1417,112,90
4,999,1233,Shamela0005895,16,35,276,174,92
4,0,236,Sham19Y0017616,10,233,788,175,40
4,278,549,Sham19Y0017616,35,1066,1359,211,91
4,658,766,Sham19Y0017616,37,707,807,75,91
4,245,549,Shamela0008254,8,763,1157,183,57
4,0,234,JK009141,50,804,1321,175,42
4,576,673,JK009141,250,1361,1476,75,81
4,1251,1401,JK009141,300,0,151,117,96
4,245,433,JK009141,779,1214,1413,148,93
4,433,549,JK009141,780,0,127,89,88
4,1074,1233,Shamela0000427BK2,56,978,1154,118,85
4,251,549,JK000585,990,889,1165,152,58
4,973,1233,Sham19Y0013667,234,866,1144,184,81
4,0,127,Sham19Y0013252,515,756,882,100,99
4,842,973,Shamela0009279,11,812,947,95,89
4,278,549,Sham19Y0132524,270,969,1263,211,90
4,661,766,Sham19Y0132524,281,1012,1109,73,91
4,1071,1233,Sham19Y0132524,293,597,759,128,100
4,0,251,Shamela0001727,99,66,620,180,40
4,245,549,Shamela0001727,146,897,1229,237,90
4,557,766,Shamela0001727,149,769,987,144,81
4,777,973,Shamela0001727,152,427,651,147,83
4,967,1233,Shamela0001727,156,842,1111,210,98
4,245,549,Sham19Y0148271,1003,1069,1354,187,74
4,777,973,Sham19Y0148271,1542,1030,1189,107,70
4,76,251,Sham19Y0122406,284,357,844,118,30
4,256,535,Sham19Y0122406,405,0,307,217,89
4,557,766,Sham19Y0122406,412,808,1026,144,81
4,834,973,Sham19Y0122406,420,187,330,101,90
4,967,1127,Sham19Y0122406,430,1393,1555,126,97
4,1127,1233,Sham19Y0122406,431,0,107,84,99
4,847,955,JK000137,507,737,876,52,49
4,278,549,Shamela0012220,545,147,419,164,68
4,278,549,Shamela0011334,22,629,907,201,89
4,967,1233,JK000776,190,1254,1516,177,83
4,245,413,Sham19Y0018144,78,869,1056,130,87
4,1012,1233,Sham19Y0018144,182,619,799,137,79
4,245,549,Shia003721Vols,373,559,839,184,74
4,1074,1233,Shamela0005756,1255,1011,1189,126,89
4,661,766,Shamela0005756,5348,199,297,73,90
4,1042,1233,JK000754,70,186,610,112,30
4,278,549,Sham19Y0011326,97,673,951,201,89
4,278,557,Sham19Y0011326,104,382,1439,190,23
4,313,549,JK009142,50,0,254,174,86
4,245,549,Shamela0004445,463,961,1244,185,73
4,1020,1233,JK009336,1873,1285,1478,134,74
4,278,549,JK009336,2053,533,838,210,87
4,783,955,Shamela0000767,244,259,450,124,81
4,7,234,Shamela0000767,3566,336,922,167,36
4,0,234,Sham19Y0020638,64,610,1164,176,40
4,278,408,Sham19Y0020638,113,1298,1439,102,90
4,408,549,Sham19Y0020638,114,0,152,109,90
4,658,766,Sham19Y0020638,118,541,641,75,91
4,1071,1233,Sham19Y0020638,123,447,609,128,100
4,34,693,Shamela0030240,18,0,672,433,72
4,1020,1233,JK000484,104,659,817,93,50
4,0,234,JK000484,4387,147,696,168,38
4,278,549,JK007065,399,517,818,210,88
4,1063,1233,JK007065,1463,1090,1269,128,91
4,323,549,ShamAY0038149,8,0,297,153,63
4,1071,1233,Sham19Y0017437,31,276,453,128,91
4,0,158,JK000842,394,1062,1189,100,79
4,999,1185,JK000683,8,1296,1475,133,90
4,0,251,PV2024060602,2131,184,738,180,40
4,245,549,PV2024060602,2178,1027,1359,237,90
4,557,766,PV2024060602,2181,901,1119,144,81
4,777,973,PV2024060602,2184,544,768,147,83
4,967,1233,PV2024060602,2188,978,1247,210,98
4,305,549,JK000021,436,0,268,177,84
4,658,766,Sham19Y0017063,85,1259,1359,75,91
4,958,1181,JK007091,112,1189,1430,173,90
4,245,549,JK000083,103,985,1323,233,87
4,245,519,JK007078,223,1199,1471,193,85
4,265,538,JK000384,435,1188,1471,196,83
4,19,234,Sham19Y0146127,2335,894,1380,148,37
4,278,549,JK006870,4,654,932,200,89
4,278,549,Shamela0010517,2706,396,690,211,90
4,278,549,JK000116,56,716,1002,208,92
4,297,549,JK000166,7756,531,752,156,77
4,323,549,Shamela0008473,983,0,244,176,91
4,278,549,Shamela0012001,7,543,836,200,84
4,265,549,Shamela0026324,2064,108,362,148,64
4,278,549,Shamela0002386,46,14,292,201,89
5,984,1358,JK000653,127,1137,1457,204,65
5,974,1368,JK000653,133,11,326,214,68
5,6,288,JK000977,335,612,907,211,88
5,970,1384,JK000977,375,455,847,257,74
5,57,456,Kraken230110004547,321,427,860,292,80
5,987,1368,Shamela0025794,3732,638,1029,199,53
5,639,807,Sham19Y0020868,303,1065,1251,132,88
5,1037,1318,JK007128,232,86,282,140,60
5,1009,1388,Shamela0001875,269,1128,1503,287,93
5,645,807,JK006803,241,853,1015,131,100
5,18,456,ShamAY0033975,560,668,1122,317,83
5,0,456,Shamela0008544,704,722,1182,334,87
5,974,1388,ShamAY0034005,234,789,1120,223,67
5,60,456,JK000386,162,776,1117,250,76
5,69,456,Shamela0036446,90,336,697,251,77
5,1009,1388,Sham19Y0017729,90,628,1003,283,91
5,60,456,JK000264,210,538,927,303,95
5,48,456,JK000471,91,1091,1466,283,86
5,1009,1388,ShamAY0035233,27,952,1297,228,73
5,864,1304,Sham19Y0131336,621,1038,1490,250,61
5,984,1368,ShamAY0038116,47,738,1071,215,68
5,57,262,Sham19Y0017616,46,1186,1409,157,87
5,268,456,Sham19Y0017616,47,0,188,147,98
5,1009,1388,Sham19Y0017616,80,908,1288,282,91
5,79,456,Sham19Y0014309,2270,1072,1420,258,83
5,60,456,ShamIbadiyya0000433,163,196,590,260,76
5,0,456,JK009141,300,151,617,353,95
5,617,807,JK009141,489,518,703,138,90
5,883,1388,JK009141,534,791,1302,374,88
5,69,456,Sham19Y0018100,1324,13,404,300,95
5,243,456,ShamAY0033177,237,0,188,146,85
5,930,1388,Sham19Y0013667,1392,0,463,344,89
5,987,1388,JK000485,1415,1125,1472,221,68
5,1084,1388,JK007107,128,0,288,216,88
5,1049,1388,Sham19Y0014601,1668,846,1355,183,41
5,639,807,ShamAY0033591,10,213,370,126,92
5,1009,1388,Shamela0012027,359,70,449,286,92
5,970,1388,Shamela0026746,3,753,1157,216,52
5,60,456,Sham19Y0132524,366,363,763,305,95
5,1144,1388,Sham19Y0132524,398,0,706,182,32
5,833,1330,Shamela0012981,861,336,823,212,44
5,60,456,JK007111,70,1125,1496,260,76
5,0,330,Shamela0001727,199,1091,1430,252,93
5,639,807,Shamela0001727,221,884,1056,132,95
5,819,1388,Shamela0001727,224,138,844,431,75
5,987,1368,Sham19Y0148271,1187,1115,1452,206,62
5,639,807,Shamela0029892,17,672,829,126,92
5,0,343,Sham19Y0122406,560,1220,1572,263,93
5,639,807,Sham19Y0122406,631,888,1060,132,95
5,819,1350,Sham19Y0122406,639,531,1211,410,75
5,885,1388,Sham19Y0016599,1218,215,726,346,77
5,984,1388,Sham19Y0131521,1318,135,530,233,65
5,1012,1388,Sham19Y0020944,196,363,729,248,80
5,52,439,JK000154,171,589,980,276,85
5,984,1323,Sham19Y0018144,412,579,859,172,61
5,57,456,JK000754,151,996,1368,282,87
5,1009,1388,Sham19Y0017903,223,332,703,279,89
5,1012,1257,JK009137,982,1195,1410,157,75
5,1012,1388,JK009336,1435,378,748,284,93
5,79,456,JK009336,1918,351,732,289,93
5,57,456,Sham19Y0020638,154,851,1253,309,96
5,1009,1388,Sham19Y0020638,173,316,695,289,93
5,984,1388,JK000142,222,440,835,233,65
5,1009,1388,JK007065,181,24,355,257,84
5,45,456,JK007065,1449,479,924,302,81
5,970,1336,Shamela0008540,1257,1078,1503,170,39
5,57,201,ShamAY0033075,25,727,885,113,89
5,57,456,ShamAY0033075,41,647,1058,307,93
5,45,456,ShamAY0033181,43,878,1266,276,82
5,57,456,Sham19Y0017437,206,36,457,300,88
5,974,1388,JK000842,229,411,746,236,72
5,0,209,PV2024060602,2231,1209,1429,162,92
5,209,456,PV2024060602,2232,0,245,190,96
5,639,807,PV2024060602,2253,1007,1179,132,95
5,819,1388,PV2024060602,2256,290,996,431,75
5,984,1388,PV2024060602,4819,324,719,233,65
5,1009,1388,JK000213,290,762,1104,231,74
5,1009,1388,Shamela0004473,13117,1008,1383,288,93
5,883,1388,Shamela0004473,15400,740,1259,384,90
5,57,262,JK009231,192,194,401,144,86
6,0,219,JK000165,775,1279,1507,159,86
6,722,1175,JK000977,451,639,1090,325,88
6,823,1175,Sham19Y0127656,74,785,1060,162,55
6,279,583,Shamela0025794,3497,947,1255,180,67
6,279,583,Shamela0021809,199,518,821,177,68
6,286,583,Shamela0021729,50,293,624,232,89
6,286,583,JK000097,94,65,362,230,98
6,739,1175,ShamAY0034005,270,741,1100,230,63
6,286,583,ShamAY0035960,97,885,1183,232,99
6,0,231,JK000264,519,212,450,171,90
6,0,231,JK000264,797,251,494,167,83
6,0,231,JK000471,516,15,247,154,78
6,300,583,Kraken230106005528,538,699,1005,190,76
6,1253,1380,Sham19Y0017616,78,550,692,102,88
6,857,1175,Sham19Y0017616,90,11,339,229,87
6,300,583,Sham19Y0014309,1542,1189,1469,207,88
6,716,903,JK009141,467,1261,1442,142,94
6,903,1175,JK009141,468,0,273,210,98
6,1208,1380,JK009141,508,249,424,138,97
6,243,583,JK009141,530,1005,1339,259,96
6,29,231,Sham19Y0013667,1362,400,603,151,96
6,823,1175,JK007107,161,763,1038,160,55
6,0,231,Sham19Y0014601,1150,150,384,175,91
6,857,1175,Sham19Y0132524,441,531,1053,227,55
6,1253,1380,Sham19Y0132524,460,419,548,102,96
6,1187,1380,Shamela0012981,507,1224,1401,128,80
6,286,514,JK000367,79,1238,1477,177,93
6,0,234,Shamela0001727,225,552,786,180,99
6,249,699,Shamela0001727,257,480,1188,339,59
6,716,1175,Shamela0001727,271,672,1130,352,96
6,1187,1380,Shamela0001727,283,496,706,155,90
6,1187,1380,Sham19Y0148271,1239,578,771,149,94
6,47,234,Sham19Y0122406,644,0,184,143,97
6,294,699,Sham19Y0122406,722,471,1130,298,57
6,716,1175,Sham19Y0122406,751,541,999,352,96
6,0,231,JK000137,690,915,1146,180,100
6,4,231,Sham19Y0020944,126,0,228,169,89
6,739,1175,JK000132,291,335,664,221,62
6,286,583,AOCP20251104081,504,80,410,232,89
6,300,583,JK009336,1314,1118,1434,219,88
6,819,1175,JK009336,1386,1016,1293,163,54
6,0,231,Shia000963Vols,204,931,1157,174,95
6,601,1175,Shamela0000767,511,4,474,301,62
6,249,583,Shamela0000767,762,23,303,205,76
6,764,1175,Sham19Y0020638,208,652,1045,305,95
6,249,583,JK000484,834,701,1042,249,91
6,722,917,JK000484,1101,1248,1435,139,88
6,917,1175,JK000484,1102,0,251,188,93
6,262,407,JK007065,309,1308,1478,106,74
6,407,583,JK007065,310,0,177,135,97
6,29,231,Shamela0008540,786,0,203,153,94
6,736,1175,Shamela0008540,891,271,580,181,50
6,0,234,PV2024060602,2257,690,924,180,99
6,249,699,PV2024060602,2289,605,1313,339,59
6,716,1175,PV2024060602,2303,793,1251,352,96
6,1187,1380,PV2024060602,2315,620,830,155,90
6,286,583,JK006950,1158,706,1037,232,89
6,76,231,JK006950,1330,608,773,109,81
6,312,583,Sham19Y0146127,429,0,272,212,99
6,739,1175,Sham19Y0146127,565,472,884,305,87
6,286,583,JK000381,6855,887,1218,232,89
6,76,231,JK000381,7027,1160,1325,109,81
6,1235,1380,Shamela0010517,650,868,1022,113,90
6,0,262,Shamela0004473,15401,962,1249,192,83
6,0,231,JK007036,97,951,1232,171,76
7,1036,1185,Sham19Y0001729,724,696,835,98,84
7,0,460,JK000977,490,614,1125,210,45
7,535,706,Kraken230110004547,161,585,842,136,64
7,55,194,JK009317,5,1423,1576,106,86
7,535,706,Sham19Y0013572,79,520,704,132,84
7,535,706,Shamela0025794,53,813,992,115,69
7,1058,1185,Shamela0025794,1039,1286,1413,100,100
7,1058,1185,JK000130,270,343,449,83,83
7,535,706,ShamAY0035884,1021,631,796,114,73
7,1058,1185,Sham19Y0020591,379,991,1114,97,96
7,1058,1185,JK001503,425,61,193,99,95
7,535,706,Sham19Y0023644,1877,199,377,113,68
7,542,706,JK000916,17513,679,832,98,67
7,1036,1185,ShamAY0034005,197,688,838,110,91
7,309,535,JK009408,36,220,472,122,60
7,1058,1185,Tafsir01005,206,1227,1356,99,97
7,58,278,Shamela0036446,185,59,257,154,87
7,776,1018,Shamela0036446,201,1099,1317,162,84
7,58,278,Sham19Y0017729,99,602,818,169,96
7,290,697,Sham19Y0145435,555,809,1071,164,48
7,55,260,Sham19Y0148529,300,399,610,145,86
7,545,706,Sham19Y0039268,243,352,502,96,67
7,365,535,Sham19Y0017616,69,193,384,120,77
7,535,706,Sham19Y0017616,69,1003,1174,136,97
7,365,477,Sham19Y0017616,238,0,114,73,76
7,491,706,Sham19Y0014309,957,0,548,158,34
7,62,278,JK007054,444,652,1088,162,47
7,0,278,JK009141,227,638,916,215,96
7,290,535,JK009141,380,959,1209,163,75
7,535,706,JK009141,381,319,484,132,94
7,1058,1185,JK009141,534,48,155,83,83
7,724,1018,JK009141,576,137,441,222,92
7,296,535,Sham19Y0013667,5302,1045,1316,171,79
7,535,706,Sham19Y0013667,5303,521,688,134,95
7,290,535,JK000485,56,511,763,150,69
7,164,278,Sham19Y0132524,483,1034,1148,89,100
7,368,535,Sham19Y0132524,486,981,1143,121,90
7,535,706,Sham19Y0132524,490,71,261,136,87
7,368,477,Sham19Y0132524,1765,1229,1334,70,78
7,290,535,Shamela0012981,136,1042,1292,163,76
7,754,1018,Shamela0012981,507,0,264,187,84
7,0,278,Shamela0001727,294,736,1032,218,93
7,535,706,Shamela0001727,297,723,913,137,87
7,718,1018,Shamela0001727,301,613,929,232,94
7,1030,1185,Shamela0001727,307,279,438,122,97
7,290,477,Shamela0001727,914,597,838,130,66
7,290,697,Shamela0009783BK1,1674,704,966,163,47
7,718,1018,Sham19Y0020878,2626,312,548,108,36
7,0,278,Sham19Y0122406,812,728,1023,218,93
7,290,535,Sham19Y0122406,818,781,1030,181,90
7,535,706,Sham19Y0122406,819,1023,1213,137,87
7,718,999,Sham19Y0122406,829,1180,1476,218,93
7,1030,1185,Sham19Y0122406,851,605,764,122,97
7,304,477,Sham19Y0122406,2429,475,658,119,79
7,37,164,Sham19Y0131521,156,1386,1508,92,90
7,164,278,Sham19Y0131521,157,0,112,83,93
7,1058,1185,Sham19Y0131521,1347,28,151,97,96
7,1058,1168,Sham19Y0131521,1348,3,298,83,36
7,746,1018,JK000132,378,421,692,202,93
7,776,1011,JK000154,545,899,1115,160,83
7,290,535,Sham19Y0018144,1407,1095,1361,155,69
7,164,278,Sham19Y0017903,242,0,115,89,99
7,1058,1185,JK000227,76,717,848,98,95
7,535,706,Hindawi013538483,637,1230,1395,114,73
7,1058,1185,JK000475,254,827,933,83,83
7,368,535,JK009336,844,327,499,121,85
7,535,706,JK009336,844,1104,1269,128,88
7,55,278,JK009336,1394,509,733,175,99
7,751,908,JK009336,1401,1297,1453,122,99
7,368,706,Shamela0008657,361,0,607,214,40
7,313,460,Shamela0000767,700,1187,1441,104,52
7,1058,1185,Shamela0000767,784,951,1070,91,91
7,55,278,Sham19Y0020638,229,917,1142,176,99
7,365,535,Sham19Y0020638,231,914,1098,120,80
7,535,706,Sham19Y0020638,232,248,439,137,87
7,365,477,Sham19Y0020638,717,1137,1245,72,78
7,1058,1185,JK000142,226,303,426,97,96
7,1030,1168,Shamela0012399,414,213,407,94,58
7,724,1018,JK000484,1223,186,474,220,95
7,8,278,JK000484,1602,0,342,207,75
7,365,535,JK007065,35,1188,1368,121,81
7,535,706,JK007065,36,548,732,132,84
7,1058,1185,Shamela0008540,1272,268,392,97,96
7,1058,1185,JK009152,406,1128,1256,99,98
7,55,278,Sham19Y0017437,275,727,950,174,98
7,0,278,PV2024060602,2326,860,1156,218,93
7,309,535,PV2024060602,2329,7,235,166,90
7,535,706,PV2024060602,2329,846,1036,137,87
7,718,1018,PV2024060602,2333,762,1078,232,94
7,1030,1185,PV2024060602,2339,404,563,122,97
7,290,477,PV2024060602,2946,714,955,130,66
7,1058,1185,PV2024060602,4823,188,311,97,96
7,1058,1185,PV2024060602,7351,490,596,83,83
7,290,697,ShamAY0034809,638,156,418,164,48
7,542,706,Shamela0003118,5104,1083,1236,97,67
7,290,535,ShamAY0032957,8,927,1180,161,74
7,535,706,ShamAY0032957,9,321,490,114,71
7,754,1018,Sham19Y0146127,624,1031,1298,192,86
7,40,278,Sham19Y0146127,817,746,983,169,83
7,1058,1185,ShamAY0033910,266,751,858,83,83
8,87,236,Sham19Y0001729,873,462,622,112,88
8,918,1129,JK000165,1289,647,839,146,86
8,918,1115,Shamela0023685,1232,175,358,145,92
8,54,236,JK000977,571,679,858,123,81
8,254,430,JK000977,572,205,356,115,82
8,448,616,JK000977,577,854,1031,130,94
8,914,1121,Sham19Y0013572,550,1062,1275,162,95
8,65,236,Shamela0025794,4087,490,653,123,90
8,869,1121,Sham19Y0020591,454,1059,1232,131,67
8,877,1115,Sham19Y0122257,863,1304,1452,115,61
8,877,1121,Sham19Y0018259,227,1101,1333,177,89
8,448,616,JK006803,376,1205,1374,130,98
8,877,1121,Sham19Y0014119,122,1053,1204,119,61
8,254,430,ShamAY0034005,314,741,902,119,83
8,899,1121,Shamela0012293,6011,0,247,170,86
8,829,1121,Shamela0026389,180,1011,1324,226,91
8,1169,1409,Sham19Y0017729,54,158,384,93,43
8,918,1115,Sham19Y0014309,1726,316,472,123,77
8,456,624,JK009256BK1,2255,106,332,101,49
8,628,817,JK009141,363,995,1190,150,95
8,442,616,JK009141,377,604,792,135,92
8,1133,1409,JK009141,378,938,1294,191,67
8,43,523,JK009141,457,664,1319,244,44
8,829,1121,JK009141,581,346,638,224,95
8,877,1121,JK000913,1899,406,621,167,85
8,874,1121,JK007107,239,101,319,168,85
8,49,236,Shamela0026668,297,684,927,131,68
8,906,1121,Sham19Y0014601,2072,323,459,103,61
8,918,1174,Sham19Y0013252,2064,42,221,131,64
8,95,236,Sham19Y0132524,561,114,255,112,99
8,877,1032,Sham19Y0132524,601,123,282,121,96
8,49,236,Shamela0001727,339,687,876,149,98
8,628,817,Shamela0001727,343,1152,1352,149,93
8,442,616,Shamela0001727,343,0,177,135,97
8,835,1084,Shamela0001727,363,1198,1447,190,95
8,1133,1412,Shamela0001727,367,494,877,200,64
8,877,1121,Sham19Y0145212,1069,677,832,122,63
8,49,236,Sham19Y0122406,929,285,474,149,98
8,628,817,Sham19Y0122406,940,402,602,149,93
8,943,1121,Sham19Y0122406,992,4,181,141,98
8,1133,1412,Sham19Y0122406,1001,801,1184,200,64
8,869,1121,Sham19Y0131521,1645,301,474,131,67
8,869,1121,Sham19Y0131521,1646,807,1397,190,40
8,49,221,JK000132,580,1328,1503,112,80
8,869,1121,JK000776,519,88,353,189,89
8,248,430,Sham19Y0018144,264,689,866,136,90
8,1133,1412,Sham19Y0018144,330,676,1127,156,43
8,248,422,Sham19Y0018144,374,1327,1498,133,95
8,861,1121,Sham19Y0018144,570,315,545,140,59
8,877,1121,ShamIbadiyya0000229,1661,809,975,122,60
8,874,1115,JK000754,528,1331,1525,153,80
8,65,430,Shamela0001524,2952,106,832,236,37
8,65,213,JK000724,351,1348,1500,113,90
8,1169,1412,JK009137,1178,1183,1278,69,35
8,65,236,JK000475,181,323,480,110,79
8,877,1121,ShamAY0037374,9,0,228,179,91
8,914,1121,JK009336,1487,553,760,160,94
8,43,213,Shamela0000767,445,335,499,113,73
8,95,236,Sham19Y0020638,260,1249,1390,112,99
8,874,1121,Sham19Y0020638,282,1061,1302,183,92
8,1161,1412,Sham19Y0020638,284,1113,1394,110,36
8,861,1121,JK000142,277,467,643,133,66
8,877,1121,Sham19Y0016976,510,1040,1191,119,61
8,829,1121,ShamAY0032772,7,347,562,120,52
8,1139,1379,JK000484,1596,831,1428,153,32
8,835,1121,JK000484,1744,1149,1350,139,60
8,914,1121,JK007065,507,538,748,163,97
8,877,1098,JK007045,208,1302,1434,104,59
8,869,1121,Shamela0008540,1498,462,636,130,66
8,877,1121,JK000201,1155,801,955,121,63
8,918,1115,Shamela0021715,1872,469,648,143,90
8,49,430,Zaydiyya0000015,2067,162,564,206,61
8,442,616,Zaydiyya0000015,2109,49,226,135,97
8,874,1095,Sham19Y0017437,576,1339,1551,164,93
8,918,1115,Shamela0026568,1126,722,907,147,92
8,49,236,PV2024060602,2371,801,990,149,98
8,628,812,PV2024060602,2375,1279,1473,145,92
8,442,616,PV2024060602,2375,127,304,135,97
8,952,1121,PV2024060602,2396,0,168,134,98
8,1133,1412,PV2024060602,2399,624,1007,200,64
8,861,1121,PV2024060602,4874,351,527,133,66
8,471,616,JK000021,901,914,1062,111,95
8,906,1121,Sham19Y0017063,274,630,786,115,66
8,488,616,Sham19Y0146127,805,476,606,85,84
8,1161,1412,Sham19Y0146127,815,633,946,70,19
8,869,1108,Sham19Y0146127,893,448,592,108,58
8,869,1121,Shamela0010517,498,521,786,193,90
8,835,1121,Shamela0004473,12122,1115,1385,189,77
8,869,1121,JK007036,122,644,890,189,93
8,877,1121,JK007044,1631,1030,1341,123,41
8,918,1115,JK000166,1736,268,446,142,90
8,49,324,Shamela0026324,4554,339,670,87,23
9,207,385,JK000737,30,502,673,107,70
9,239,439,JK000165,1195,595,862,128,56
9,975,1113,Shamela0009107BK1,446,1250,1390,100,90
9,148,439,JK000977,616,436,778,179,60
9,837,1093,JK007117,690,274,746,99,25
9,242,439,Sham19Y0127700,125,638,878,140,73
9,242,439,Sham19Y0127656,115,477,770,126,55
9,975,1120,Shamela0011730,215,909,1054,115,99
9,634,797,ShamAY0035884,1859,1272,1454,117,80
9,169,433,Sham19Y0020591,406,429,995,165,35
9,239,370,JK000123,408,1298,1405,83,81
9,204,439,Shamela0001875,210,796,1066,152,66
9,226,439,Shamela0001875,391,155,407,137,63
9,242,439,Shamela0006610,290,315,583,126,54
9,242,439,Shamela0006610,322,497,758,126,55
9,169,439,Sham19Y0018106,779,844,1142,161,62
9,242,439,JK005202,494,715,1005,121,47
9,242,439,Sham19Y0020699,260,528,713,126,76
9,242,370,JK007116,17,562,687,96,96
9,242,370,JK000302,485,918,1043,81,69
9,242,439,Shamela0036446,209,357,573,123,63
9,242,439,Sham19Y0017729,130,722,979,143,71
9,242,439,JK006897,144,396,683,143,63
9,142,439,Shamela0000041,2575,709,1045,169,56
9,242,439,JK000787BK2,440,996,1255,142,70
9,226,439,ShamIbadiyya0000433,222,1043,1312,127,53
9,809,1179,JK009141,38,33,302,81,22
9,809,934,JK009141,577,1299,1421,93,96
9,142,531,JK009141,660,68,488,238,67
9,169,439,Sham19Y0018103,892,945,1243,161,62
9,169,439,Sham19Y0018176,428,602,900,161,62
9,242,439,JK011153,702,590,838,119,54
9,242,439,JK000913,1171,1087,1298,119,62
9,242,439,JK007107,77,950,1161,118,61
9,166,433,JK000467,339,228,521,168,66
9,169,439,Sham19Y0013252,1724,507,805,162,62
9,229,370,Sham19Y0132524,607,1262,1430,104,80
9,148,531,Shamela0001727,368,15,455,247,68
9,457,599,Shamela0001727,369,1044,1190,108,97
9,617,934,Shamela0001727,370,801,1389,230,49
9,908,1120,Shamela0001727,373,414,596,142,81
9,148,370,Sham19Y0122406,1002,1149,1373,171,97
9,457,599,Sham19Y0122406,1005,810,957,108,96
9,617,797,Sham19Y0122406,1006,1283,1465,136,90
9,169,433,Sham19Y0131521,1460,127,423,160,62
9,207,370,Sham19Y0020944,214,1270,1417,95,70
9,216,569,Shamela0037837,128,0,340,132,40
9,242,370,JK009324,644,1318,1446,99,100
9,169,439,JK000132,666,846,1133,171,66
9,242,439,Sham19Y0014325,907,725,996,141,66
9,207,439,JK000154,527,939,1210,143,60
9,242,439,JK000154,819,196,444,121,56
9,180,531,Sham19Y0018144,332,7,387,180,55
9,975,1120,Sham19Y0018144,584,61,225,107,81
9,166,433,Shamela0005756,3038,1216,1519,161,62
9,169,447,Shamela0005756,3849,236,546,165,61
9,607,797,Shamela0005756,4387,1320,1539,146,82
9,242,439,Sham19Y0017903,303,1143,1401,142,70
9,946,1120,Shamela0003722,2025,193,394,122,76
9,242,439,JK009137,1179,390,656,138,64
9,242,439,Sham19Y0016584,910,743,939,119,65
9,242,439,JK009336,1460,500,741,141,73
9,239,439,JK000271,89,0,281,146,66
9,952,1120,Shamela0000767,580,822,991,132,94
9,166,538,Shamela0000767,835,1054,1408,183,55
9,242,370,Sham19Y0014580,450,984,1088,81,81
9,226,439,Sham19Y0020638,285,257,529,155,72
9,655,797,Sham19Y0020638,286,1134,1270,103,90
9,142,433,JK000142,244,751,1057,168,61
9,952,1120,Sham19Y0018611,547,101,619,126,30
9,457,599,JK000484,697,577,717,103,93
9,169,433,JK000484,1786,840,1155,163,60
9,242,439,JK000254,147,503,687,123,75
9,166,433,Shamela0008540,1352,543,841,164,63
9,242,370,JK006883,19,1345,1458,81,75
9,239,439,JK000201,937,1159,1368,127,69
9,975,1099,Shamela0006947,17559,1320,1444,97,97
9,148,370,ShamAY0033668,19,538,743,135,71
9,169,439,JK000110,223,641,937,163,63
9,169,439,PV2024060602,223,641,937,163,63
9,148,531,PV2024060602,2400,136,576,247,68
9,457,599,PV2024060602,2401,1169,1315,108,97
9,617,916,PV2024060602,2402,925,1376,187,53
9,908,1120,PV2024060602,2405,524,706,142,81
9,142,433,PV2024060602,4841,630,936,168,61
9,169,410,Sham19Y0016684,366,1219,1486,139,59
9,242,439,JK000148,551,1175,1460,121,48
9,975,1120,JK006950,1444,773,917,114,98
9,219,439,Sham19Y0013605,1308,755,988,127,61
9,837,1120,Sham19Y0146127,894,344,600,131,57
9,975,1120,Sham19Y0146127,902,74,219,115,99
9,180,433,Sham19Y0146127,915,827,1103,151,62
9,177,370,JK009231,1012,540,730,121,76
9,142,447,JK009231,1578,10,329,168,59
10,269,447,JK000165,1846,1267,1458,138,93
10,203,447,Shamela0009107BK1,33,593,923,142,53
10,266,455,Tafsir09050,4897,1052,1235,116,76
10,839,1051,ShamAY0037293,99,100,321,167,94
10,782,1051,JK000977,724,239,522,191,81
10,1158,1422,JK000977,728,5,256,187,87
10,1158,1278,Kraken230110004547,225,1239,1355,82,82
10,1278,1422,Kraken230110004547,226,0,150,113,94
10,1146,1422,Sham19Y0013572,248,1076,1354,206,93
10,1139,1420,ShamAY0033630,6,288,564,150,61
10,1117,1420,Shamela0025794,743,515,843,170,57
10,822,1051,Sham19Y0020891,6022,467,933,149,37
10,266,444,Sham19Y0020891,6864,116,287,116,79
10,1146,1397,Shamela0021315,195,388,581,120,61
10,1136,1422,JK007049,47,412,705,211,91
10,0,141,Shamela0001875,469,517,659,112,97
10,822,1051,Shamela0001875,489,230,475,172,85
10,522,752,Shamela0001875,495,939,1255,172,68
10,764,1051,Shamela0001875,739,851,1135,217,94
10,522,752,Shamela0001875,1258,991,1292,171,71
10,269,447,Shamela0006610,499,618,808,135,91
10,782,1032,ShamAY0032927,34,69,357,147,60
10,1139,1397,ShamAY0034005,291,340,587,150,68
10,1117,1420,ShamAY0038638,214,663,959,160,60
10,822,1051,Tafsir01005,4708,46,275,175,95
10,839,1051,Tafsir01005,5685,235,447,167,97
10,492,752,Sham19Y0123510,805,72,412,147,49
10,281,447,Shamela0036446,355,392,545,117,90
10,825,1051,Shamela0036446,901,586,812,171,94
10,281,447,Sham19Y0017729,180,351,516,128,99
10,266,447,Shamela0023628,3703,884,1079,137,90
10,297,398,Sham19Y0014297,1419,0,114,78,88
10,266,447,JK006897,259,995,1188,138,92
10,795,1051,Shamela0000041,9,812,1144,178,65
10,0,141,Sham19Y0017616,99,1062,1204,112,97
10,822,1051,Sham19Y0017616,540,73,309,180,95
10,522,752,Sham19Y0017616,544,58,382,173,67
10,839,946,JK009256BK1,2554,745,862,82,88
10,1195,1422,JK007054,443,898,1108,135,74
10,0,191,JK009141,605,720,1008,144,61
10,822,1051,JK000216,155,453,664,166,90
10,839,1051,Sham19Y0014592,742,1116,1372,156,76
10,1199,1422,Sham19Y0013667,2083,14,236,146,72
10,1125,1420,JK000485,1043,1163,1418,152,58
10,833,1051,JK007107,222,0,236,170,89
10,1149,1397,Sham19Y0013252,1553,577,696,90,45
10,839,1051,Shamela0010013,162,877,1103,162,87
10,333,447,Sham19Y0132524,644,0,114,90,100
10,582,752,Sham19Y0132524,669,0,240,126,65
10,817,1051,Sham19Y0132524,680,1192,1425,176,94
10,459,752,Shamela0012981,478,833,1179,198,70
10,0,141,Shamela0001727,391,0,142,112,97
10,315,447,Shamela0001727,401,0,132,104,100
10,459,803,Shamela0001727,420,523,915,231,69
10,817,1051,Shamela0001727,426,0,240,184,95
10,1063,1422,Shamela0001727,428,1027,1391,279,98
10,1113,1420,Sham19Y0148271,1203,1052,1366,171,58
10,786,1051,Shamela0027095,1,402,695,186,78
10,0,141,Sham19Y0122406,1063,1223,1365,112,97
10,203,447,Sham19Y0122406,1082,605,865,187,92
10,459,752,Sham19Y0122406,1130,903,1271,223,76
10,770,1016,Sham19Y0122406,1140,1162,1412,189,96
10,1063,1422,Sham19Y0122406,1149,704,1068,279,98
10,795,1051,Shamela0001440Vols,524,344,635,178,74
10,839,1032,Sham19Y0131521,477,282,475,139,89
10,1136,1420,JK000132,198,217,427,149,67
10,1158,1422,Sham19Y0018144,438,709,959,158,71
10,227,398,Sham19Y0018144,759,1261,1473,104,60
10,459,803,Sham19Y0018144,1023,574,992,177,48
10,795,1051,Shamela0009810,123,844,1141,184,78
10,281,455,Sham19Y0017903,402,764,938,128,95
10,266,447,Shamela0006117,11,988,1179,125,79
10,312,447,JK007132,640,0,131,88,77
10,203,447,JK000469,1121,192,454,131,61
10,1158,1422,JK009336,1307,824,1112,199,87
10,869,1051,JK009336,2337,0,191,143,92
10,272,447,JK009336,2530,1084,1277,135,90
10,825,1051,Shamela0008657,333,387,616,159,84
10,0,141,JK000378,96,1209,1351,111,97
10,0,141,Sham19Y0020638,301,207,349,112,97
10,281,447,Sham19Y0020638,307,1297,1463,129,100
10,522,752,Sham19Y0020638,324,677,983,171,70
10,822,1051,Sham19Y0020638,330,1158,1393,180,95
10,1158,1422,Sham19Y0020638,335,0,274,205,95
10,901,1051,Shamela0005860,348,1130,1277,116,96
10,534,752,Sham19Y0022884,244,557,827,157,70
10,822,988,Shamela0009702,292,1359,1519,124,94
10,1136,1420,JK000484,1496,180,460,164,67
10,471,736,JK000484,5598,1095,1457,148,46
10,810,1051,JK007065,58,521,776,173,82
10,1158,1422,JK007065,113,1006,1287,204,92
10,292,447,JK007065,238,0,154,120,99
10,0,141,JK007065,1459,854,996,112,97
10,1227,1422,JK000201,1234,1287,1485,149,95
10,0,141,JK000365,306,954,1096,111,97
10,266,447,JK009315,16,1079,1266,135,93
10,795,1051,JK009152,653,258,589,178,66
10,1146,1422,Shamela0012884,4607,453,761,188,75
10,0,141,PV2024060602,2423,114,256,112,97
10,209,447,PV2024060602,2433,0,254,182,92
10,459,803,PV2024060602,2452,652,1044,231,69
10,770,1051,PV2024060602,2458,76,368,218,94
10,1063,1347,PV2024060602,2460,1162,1449,218,97
10,1158,1422,JK000021,714,8,240,159,71
10,795,1051,JK000141,47,1078,1371,181,77
10,830,1032,JK000746,280,276,482,126,70
10,839,1032,Sham19Y0013605,810,933,1124,146,93
10,1139,1420,Sham19Y0146127,763,1164,1438,163,67
10,495,752,Sham19Y0146127,3015,581,911,146,50
10,795,1051,ShamAY0032785,3,687,965,181,80
10,209,447,Shamela0026884,548,1060,1394,144,55
10,1131,1391,JK000166,1266,673,896,163,81
10,547,752,JK000166,6536,788,1200,126,38
10,839,1051,JK000166,10394,119,296,125,75
10,786,1051,Shamela0022579,476,76,455,182,60
10,203,447,Shamela0010906,4312,1196,1506,143,56
11,1057,1336,Sham19Y0001729,503,1091,1383,204,88
11,150,679,Sham19Y0001729,929,0,429,326,77
11,1107,1327,Shamela0009107BK1,482,1351,1552,137,74
11,1118,1336,JK000486,3,248,453,145,81
11,97,679,JK000977,729,294,729,325,68
11,1063,1424,JK000977,746,562,1022,240,61
11,1146,1336,JK007117,729,753,929,129,84
11,1112,1336,Shamela0025794,57,242,468,153,79
11,1118,1336,Sham19Y0016946,161,636,859,129,67
11,1236,1336,JK007128,28,486,586,73,92
11,1057,1336,JK006803,151,483,767,129,57
11,1095,1336,ShamAY0034005,306,696,916,159,83
11,114,679,ShamAY0034005,1079,327,845,383,83
11,1130,1336,JK007116,26,1142,1333,135,81
11,1143,1336,Shamela0006700,480,937,1139,123,74
11,1143,1336,Shamela0036446,209,774,919,101,65
11,114,679,ShamAY0032818,17,906,1430,381,81
11,1100,1336,Shamela0005803,4,1010,1259,153,75
11,1143,1336,Sham19Y0014299,339,883,1311,72,19
11,143,679,Sham19Y0017616,102,151,709,419,94
11,1143,1336,Sham19Y0127677,2975,527,739,124,72
11,1168,1336,Sham19Y0014309,2309,511,656,95,69
11,248,679,JK007054,339,0,345,261,74
11,1088,1336,Shamela0013174,661,667,894,156,79
11,878,1030,JK009141,623,197,382,119,82
11,1135,1336,JK000585,1875,1158,1351,138,85
11,1236,1336,JK007107,252,453,553,79,100
11,143,679,Sham19Y0132524,686,247,790,419,96
11,91,679,Shamela0001727,429,760,1363,460,95
11,697,866,Shamela0001727,431,191,362,134,98
11,884,1030,Shamela0001727,436,1217,1398,114,80
11,1063,1294,Shamela0001727,440,1245,1479,181,97
11,1057,1336,Sham19Y0148271,1674,433,750,158,62
11,1143,1303,Sham19Y0145212,526,1257,1513,113,55
11,91,679,Sham19Y0122406,1151,159,762,460,95
11,697,866,Sham19Y0122406,1153,943,1114,134,98
11,1063,1424,Sham19Y0122406,1179,49,629,274,60
11,1138,1336,JK000154,803,1241,1428,140,87
11,1057,1336,JK000221,94,601,885,132,58
11,1194,1336,Shamela0021676,5,0,137,103,92
11,1100,1336,JK009142,91,140,371,129,68
11,740,866,JK009336,454,1204,1330,100,100
11,1130,1336,JK009336,1946,239,512,136,60
11,1236,1336,JK000271,110,1122,1222,79,100
11,0,679,Sham19Y0020638,335,274,1054,474,69
11,732,866,Sham19Y0020638,336,1207,1348,106,94
11,1143,1336,Sham19Y0020638,346,1041,1234,152,100
11,1100,1336,JK000484,437,600,862,145,70
11,1063,1336,JK000484,1792,185,472,200,88
11,146,679,JK001236,147,357,912,408,91
11,1123,1336,JK007065,19,397,700,142,58
11,1118,1336,JK000625,15,796,1017,144,75
11,136,419,Shamela0021715,7829,919,1250,207,75
11,1100,1336,Shamela0002863,238,281,532,146,69
11,1143,1336,Sham19Y0017437,585,1123,1402,138,62
11,91,630,PV2024060602,2461,888,1440,421,95
11,697,866,PV2024060602,2463,322,493,134,98
11,1168,1424,PV2024060602,2473,0,332,195,73
11,1135,1336,Sham19Y0146127,222,869,1076,126,71
11,1095,1336,Sham19Y0146127,918,997,1205,158,83
11,230,419,JK000166,6597,0,174,137,91
12,1088,1206,Shamela0012014,254,0,118,94,100
12,452,616,Shamela0009107BK1,296,691,880,111,71
12,789,1344,Shamela0012844,23,231,1050,142,18
12,0,229,JK000977,746,1031,1240,163,87
12,1022,1206,JK000977,773,0,183,142,97
12,1249,1392,JK000977,777,480,871,106,34
12,1088,1206,Kraken230110004547,256,119,237,94,100
12,934,1206,Shamela0025794,3135,629,907,182,73
12,971,1206,Shamela0025794,3143,823,1062,177,91
12,452,616,Shamela0025794,3454,488,662,117,83
12,247,440,JK000130,302,470,667,129,81
12,948,1206,Shamela0013033,58,304,571,181,84
12,980,1206,Sham19Y0020591,425,1105,1329,164,89
12,452,616,Shamela0026862,2,437,606,109,76
12,987,1214,Sham19Y0122257,783,1120,1319,151,84
12,391,771,Sham19Y0122257,893,0,222,102,28
12,514,616,Sham19Y0023644,2297,1183,1285,76,88
12,295,440,JK000786,496,542,694,114,95
12,963,1206,JK000786,518,675,928,187,93
12,940,1137,JK000916,7484,1212,1438,135,72
12,260,440,JK000916,13190,467,645,132,94
12,452,616,Shamela0021809,1967,1244,1414,118,85
12,247,440,Shamela0021809,2287,204,420,113,67
12,934,1206,Shamela0021809,2554,1124,1397,179,72
12,987,1206,Shamela0001875,290,188,409,169,97
12,35,229,Shamela0001875,392,228,407,140,91
12,987,1206,Shamela0001875,416,1062,1281,171,99
12,49,229,ShamAY0033975,575,671,877,143,87
12,0,229,ShamAY0034282,612,468,686,170,93
12,934,1206,ShamAY0034282,654,530,739,119,54
12,458,616,ShamAY0034005,313,61,223,110,81
12,940,1141,ShamAY0034005,314,1183,1388,146,86
12,458,616,Sham19Y0123581,16,862,1022,105,77
12,35,229,Sham19Y0017729,128,996,1189,153,98
12,0,229,Shamela0005803,5,474,707,182,98
12,29,229,JK000471,97,927,1133,127,71
12,458,616,Shamela0012750,2,343,500,105,79
12,987,1206,JK007083,87,825,1040,168,97
12,458,616,Shamela0029900,12,1250,1407,105,79
12,987,1206,Rafed0002209Vols,1861,0,219,171,99
12,458,616,JK009154,119,488,657,103,72
12,241,705,Shamela0006206,63,599,915,176,49
12,247,440,Shamela0021577,13,660,856,128,80
12,35,229,Sham19Y0017616,104,303,523,153,87
12,987,1206,Sham19Y0017616,108,1087,1292,160,92
12,971,1206,Shamela0013174,690,0,223,166,88
12,1218,1392,JK009141,632,212,658,134,38
12,0,229,JK009141,653,602,830,181,99
12,452,616,JK009141,665,984,1149,129,99
12,934,1176,JK009141,672,1193,1435,189,98
12,458,616,Shamela0030267Vols,66,506,659,103,80
12,241,440,JK009176,26,872,1069,135,85
12,35,223,ShamAY0033177,251,752,1189,148,42
12,458,616,Shamela0021494,316,778,935,102,78
12,0,229,JK000585,1875,658,868,156,83
12,968,1206,JK000585,2517,573,807,165,84
12,0,229,Sham19Y0013667,697,808,1039,161,87
12,0,229,Sham19Y0013667,712,781,1014,182,98
12,944,1206,Sham19Y0013667,2210,178,425,181,85
12,6,229,JK000485,75,1162,1378,158,85
12,452,616,JK000485,380,278,453,128,93
12,987,1197,JK000913,1507,1327,1523,153,91
12,35,229,JK000913,2018,1311,1482,128,83
12,35,229,JK007107,252,37,249,147,84
12,6,229,Sham19Y0013241,466,521,739,166,94
12,971,1206,Sham19Y0013241,508,843,1086,175,88
12,934,1161,Sham19Y0014601,1931,178,390,144,72
12,987,1206,Shamela0036080,18,1116,1306,146,85
12,80,199,Sham19Y0132524,704,994,1113,94,100
12,0,229,Shamela0001727,441,206,435,182,100
12,247,440,Shamela0001727,449,255,456,151,96
12,452,616,Shamela0001727,451,380,547,129,98
12,783,922,Shamela0001727,454,417,559,109,97
12,934,1206,Shamela0001727,456,1049,1328,212,96
12,1218,1392,Shamela0001727,459,456,934,134,35
12,452,616,Sham19Y0148271,1664,619,793,117,83
12,934,1214,Sham19Y0148271,1912,89,365,183,74
12,960,1181,ShamAY0033707,22,1202,1423,148,79
12,1071,1206,Sham19Y0145212,961,1171,1305,94,87
12,0,229,Sham19Y0122406,1179,629,858,182,100
12,247,422,Sham19Y0122406,1204,853,1036,136,95
12,452,616,Sham19Y0122406,1212,643,810,129,98
12,783,922,Sham19Y0122406,1220,1320,1462,109,97
12,1051,1206,Sham19Y0122406,1225,478,634,120,98
12,1218,1340,Sham19Y0122406,1232,599,723,94,97
12,934,1206,Shamela0010627,11,207,488,178,76
12,987,1206,Sham19Y0131521,882,491,695,158,91
12,934,1206,Sham19Y0131521,1534,362,619,176,75
12,987,1206,Sham19Y0020944,226,901,1118,158,89
12,971,1206,JK009324,668,0,192,144,78
12,948,1206,JK000677,66,773,1037,178,83
12,1249,1392,JK000132,515,278,740,102,28
12,0,229,JK000132,625,572,796,177,97
12,474,616,JK000132,638,488,641,106,84
12,452,616,Shamela0009564,19,345,525,108,70
12,35,229,Sham19Y0014325,1225,16,209,152,98
12,452,616,Sham19Y0018144,649,1066,1244,113,79
12,474,616,Sham19Y0018144,650,235,376,97,81
12,35,136,Sham19Y0017903,298,1318,1418,78,98
12,654,922,Sham19Y0017903,308,825,1114,124,52
12,925,1206,ShamAY0032749,2,869,1121,161,64
12,452,616,Shamela0003722,4011,755,936,110,75
12,6,229,JK009142,91,732,949,164,92
12,0,160,JK000469,145,569,711,97,71
12,452,616,ShamAY0034569,441,979,1147,108,76
12,0,229,Shamela0012415,124,771,1019,168,79
12,247,440,JK000475,371,164,355,128,83
12,987,1206,JK009336,1516,924,1152,170,94
12,45,229,JK000271,110,668,857,140,89
12,452,616,Shamela0000767,958,267,442,126,92
12,35,195,Sham19Y0020638,346,1321,1480,126,98
12,987,1206,Sham19Y0020638,358,55,274,171,99
12,934,1206,JK000142,256,1110,1382,177,76
12,35,229,ShamAY0035950,703,477,671,153,99
12,35,229,Shamela0021848BK1,390,193,367,119,72
12,55,229,JK000484,438,0,207,137,83
12,940,1206,JK000484,976,162,427,205,98
12,247,440,JK000484,1804,1219,1395,134,88
12,975,1206,JK000484,1876,94,326,171,90
12,1282,1392,JK007065,707,748,1122,67,21
12,987,1206,JK007065,1189,920,1140,171,98
12,987,1206,JK007045,185,353,551,152,88
12,340,771,JK007045,219,521,797,140,35
12,971,1197,Shamela0008540,1413,305,521,159,87
12,960,1344,Shamela0029933,11,733,1140,180,42
12,940,1206,JK000474,3751,290,541,164,76
12,948,1206,Shamela0002863,787,367,629,189,92
12,35,229,Sham19Y0013783,555,660,831,133,87
12,6,211,JK000842,264,189,334,103,61
12,0,229,PV2024060602,2473,332,561,182,100
12,247,440,PV2024060602,2481,392,593,151,96
12,452,616,PV2024060602,2483,508,675,129,98
12,783,922,PV2024060602,2486,556,698,109,97
12,934,1172,PV2024060602,2488,1171,1415,186,95
12,1218,1392,PV2024060602,2491,577,1055,134,35
12,934,1206,PV2024060602,4853,970,1242,177,76
12,247,440,PV2024060602,7383,621,818,129,81
12,458,616,JK000021,1517,782,939,107,82
12,452,616,Shamela0008203,95,195,368,114,81
12,987,1206,Shamela0003118,2495,401,617,159,89
12,0,229,Sham19Y0146127,222,1253,1429,139,76
12,951,1206,Sham19Y0146127,501,293,553,193,94
12,295,440,Sham19Y0146127,925,0,148,111,95
12,971,1206,Sham19Y0146127,962,244,470,171,92
12,1282,1392,Sham19Y0146127,1011,116,490,76,25
12,247,440,ShamAY0033910,298,411,609,129,80
12,35,229,JK007036,128,1075,1291,139,81
12,29,229,JK000298,550,614,781,124,78
12,458,616,Shamela0026324,3799,1095,1257,113,86
12,987,1185,Shamela0006366,1101,1343,1538,153,97
12,987,1167,Shamela0006366,1104,1267,1445,139,97
13,684,1247,Shamela0009082,72,446,1198,410,68
13,785,1385,JK000977,818,11,1131,420,46
13,711,907,Shamela0026484,519,716,947,146,80
13,903,1385,Shamela0025794,80,122,1038,332,44
13,684,1247,Shamela0026039,69,248,951,374,65
13,568,1385,JK000916,17554,0,974,232,23
13,687,1247,ShamAY0034005,346,206,977,398,63
13,898,1385,JK000302,657,289,716,138,28
13,898,1247,JK000479,230,59,480,183,44
13,487,653,Shia001626Vols,471,631,786,115,85
13,1270,1385,JK009256BK1,1777,863,979,92,99
13,250,653,JK009141,683,137,644,288,74
13,687,1385,Sham19Y0013667,5516,77,1332,475,47
13,1247,1385,JK000583,247,532,698,104,77
13,250,398,Shamela0001727,481,882,1073,112,76
13,665,907,Shamela0001727,482,1099,1374,186,86
13,416,653,Shamela0001727,482,466,703,176,94
13,898,1385,Shamela0001727,483,113,1039,372,50
13,250,398,Sham19Y0122406,1287,1240,1431,112,76
13,416,653,Sham19Y0122406,1288,1092,1329,176,94
13,665,881,Sham19Y0122406,1289,1231,1460,165,91
13,898,1256,Sham19Y0122406,1290,175,585,264,80
13,1243,1385,Sham19Y0122406,1291,203,346,113,99
13,723,898,JK000137,1012,119,296,127,88
13,490,1380,Shamela0012062,322,0,1376,494,42
13,665,1077,Shamela0005756,4937,842,1450,312,65
13,1080,1385,Shamela0005756,4938,4,763,227,37
13,355,653,JK009336,3137,121,506,146,38
13,348,653,Sham19Y0020638,381,692,1327,151,30
13,714,1336,Sham19Y0020638,382,229,1429,468,49
13,1260,1385,Sham19Y0018611,101,0,128,100,97
13,1243,1385,JK000484,2281,488,642,111,89
13,250,398,PV2024060602,2513,1006,1197,112,76
13,416,653,PV2024060602,2514,582,819,176,94
13,820,1385,PV2024060602,2515,0,1164,429,46
13,499,653,Shamela0003118,5115,793,964,121,90
13,322,538,Sham19Y0146127,1180,776,998,76,42
13,1243,1385,Sham19Y0146127,1182,1056,1189,102,88
13,706,898,JK000166,1981,752,941,137,87
13,1252,1385,JK000166,1982,202,331,100,92
14,557,763,Sham19Y0001729,1197,968,1235,154,71
14,336,545,Sham19Y0001729,1493,553,760,157,92
14,1184,1464,Shamela0000894,2190,0,308,226,89
14,1136,1464,Shamela0000894,2193,424,789,260,87
14,1139,1464,Shamela0000894,6394,1144,1491,262,92
14,1136,1464,JK000165,1735,1035,1352,256,95
14,877,1034,AOCP20240501183,241,0,161,125,95
14,781,999,Shamela0096228,483,1175,1386,148,79
14,336,514,Shamela0009107BK1,403,1256,1424,132,91
14,36,309,JK000977,856,134,394,195,87
14,563,763,JK000977,913,17,222,148,87
14,1113,1459,JK000977,969,1125,1447,243,83
14,830,1034,Kraken230110004547,79,683,884,156,92
14,1136,1464,Kraken230110004547,272,889,1213,250,91
14,1136,1464,Sham19Y0013572,497,1118,1428,243,91
14,1136,1464,JK000222,300,39,364,261,97
14,109,309,Shamela0021765,662,701,898,153,93
14,1136,1464,Sham19Y0127700,179,1187,1492,243,90
14,1113,1464,Shamela0025794,597,223,574,278,97
14,1113,1464,JK000130,458,577,929,259,85
14,15,309,ShamAY0035884,856,583,866,197,83
14,1110,1464,JK007043,198,529,888,260,85
14,781,1034,JK007043,849,926,1201,169,73
14,1113,1464,Sham19Y0020591,862,148,810,254,46
14,1136,1464,JK009390,7058,240,522,172,57
14,557,763,JK000482,129,802,1036,155,83
14,1136,1274,JK008001,3280,1376,1494,92,79
14,1113,1464,JK001503,1202,787,1123,258,88
14,833,955,Zaydiyya0000220,226,1349,1470,98,99
14,1139,1464,Shamela0021544,54,534,921,253,79
14,1136,1464,Shamela0021721,929,960,1301,254,89
14,1113,1464,JK000916,19722,57,475,267,77
14,1057,1464,Shamela0021487,53,740,1126,255,75
14,15,309,JK000122,263,512,801,216,89
14,1136,1464,Shamela0001875,679,608,924,256,96
14,1126,1363,JK006803,580,1270,1513,175,85
14,15,309,ShamAY0034005,353,1036,1342,218,87
14,1067,1464,ShamAY0034005,389,467,858,274,81
14,342,545,ShamAY0034005,649,819,1022,146,87
14,781,1034,ShamAY0034005,1191,748,1002,182,84
14,852,1034,Shamela0001466,3647,802,985,134,90
14,1136,1464,Tafsir01005,563,397,739,265,95
14,830,1034,Tafsir01005,5760,471,676,138,79
14,1136,1464,JK005200,433,672,993,255,94
14,342,538,JK000022,1302,164,365,141,83
14,342,538,JK000022,1593,393,578,146,93
14,342,538,JK000022,1657,1163,1357,143,88
14,1139,1464,Shamela0036446,335,844,1103,201,75
14,860,1037,Shamela0036446,1018,1064,1244,132,88
14,1139,1464,Sham19Y0145210,1881,584,896,252,95
14,1110,1464,JK000477,477,355,706,278,96
14,76,309,Sham19Y0017729,141,920,1149,178,94
14,1139,1464,Sham19Y0017729,164,1203,1527,263,99
14,1139,1447,Shamela0023023BK2,492,1271,1560,230,91
14,1136,1464,JK000917,73,801,1111,232,82
14,1136,1464,JK000471,985,690,1045,254,86
14,1136,1464,ShamAY0035035,2273,1138,1475,250,90
14,1139,1464,Shia000075Vols,1132,1103,1410,237,88
14,860,1034,Shamela0023628,3357,358,540,132,87
14,106,309,Shia001626Vols,474,1210,1387,141,87
14,822,1034,JK006897,232,1059,1275,169,97
14,1231,1464,JK006897,238,352,587,169,82
14,1255,1464,JK000734,147,474,635,117,66
14,833,962,Zaydiyya0000153,242,1400,1527,102,97
14,1255,1464,Sham19Y0017885,520,25,198,129,73
14,1227,1464,Kraken230106005528,620,903,1118,146,71
14,557,763,Sham19Y0039268,88,1169,1412,158,82
14,106,309,Sham19Y0017616,120,508,729,155,84
14,830,1034,Sham19Y0017616,142,27,227,155,92
14,1136,1464,Sham19Y0017616,145,225,566,262,94
14,429,545,Sham19Y0017616,216,631,761,91,88
14,1136,1381,Sham19Y0127677,4980,1326,1549,142,63
14,1227,1464,Sham19Y0014309,1868,258,470,149,73
14,362,545,JK009256BK1,2011,431,605,96,60
14,1139,1464,Shia000107Vols,1865,926,1230,232,86
14,1139,1464,ShamIbadiyya0000095,308,805,1089,206,76
14,9,309,JK009141,701,653,945,214,84
14,781,1034,JK009141,944,615,872,198,96
14,781,1034,Shamela0029953Vols,110,965,1226,189,88
14,336,545,Shamela0009076,367,861,1063,146,86
14,1113,1303,JK000140,253,1270,1464,147,90
14,1139,1464,Shia000218Vols,1445,826,1131,239,89
14,1255,1464,Sham19Y0032197,284,374,537,121,68
14,1113,1464,Shamela0000782,258,776,1129,260,87
14,1231,1464,JK000299,857,0,254,178,84
14,336,545,Shamela0021494,38,439,632,146,88
14,350,545,Shamela0021494,132,591,787,147,91
14,1113,1464,JK000585,2621,49,388,255,87
14,1191,1464,JK011153,1107,382,649,199,84
14,106,301,JK000913,2261,299,490,148,93
14,1249,1464,JK000913,2885,617,788,135,77
14,1136,1464,Sham19Y0014827,99,1157,1481,260,97
14,120,264,JK007107,327,1299,1435,109,94
14,1255,1464,JK000583,831,58,221,122,69
14,1213,1464,JK000871,351,0,231,184,89
14,1136,1464,Shamela0001438,7124,177,429,171,58
14,852,1034,JK009266,8851,950,1133,131,86
14,860,1034,Shamela0010013,27,1129,1318,127,81
14,1139,1464,Shamela0021744,1003,731,1066,244,85
14,856,1034,Sham19Y0132524,876,50,236,134,87
14,1242,1464,Sham19Y0132524,910,884,1103,175,95
14,860,1034,ShamIbadiyya0000050,5749,162,326,123,84
14,342,545,Shamela0012981,699,177,383,139,81
14,830,1034,JK000367,73,134,323,143,84
14,15,309,Shamela0001727,504,1142,1438,225,93
14,336,545,Shamela0001727,521,971,1182,164,98
14,775,1034,Shamela0001727,544,1073,1337,202,95
14,1061,1464,Shamela0001727,572,341,822,324,83
14,1113,1464,Sham19Y0148271,1033,948,1285,265,92
14,1113,1464,Sham19Y0020878,681,483,805,246,84
14,15,309,Sham19Y0122406,1340,384,681,225,93
14,336,593,Sham19Y0122406,1397,540,881,188,69
14,557,763,Sham19Y0122406,1441,645,861,160,93
14,775,1034,Sham19Y0122406,1453,629,893,202,95
14,1061,1464,Sham19Y0122406,1510,523,1000,321,82
14,1139,1464,Sham19Y0029676,62,1169,1474,239,89
14,1255,1464,JK001160,475,846,1010,123,69
14,1113,1464,Sham19Y0131521,3176,195,529,256,89
14,1231,1464,Sham19Y0131521,3177,839,1230,178,54
14,62,309,Sham19Y0131521,4359,699,1042,182,64
14,1136,1412,Sham19Y0020944,495,1272,1532,202,89
14,1150,1464,JK000132,684,0,380,245,78
14,106,264,Sham19Y0014325,1387,887,1042,120,92
14,1191,1464,JK000154,1239,348,614,198,83
14,1113,1403,Sham19Y0018144,680,1218,1559,212,74
14,1113,1464,JK000221,380,590,948,254,84
14,1249,1464,ShamIbadiyya0000229,2700,0,214,173,99
14,76,309,JK000754,815,171,377,161,87
14,76,231,Sham19Y0017903,327,1272,1438,120,88
14,1139,1464,Sham19Y0017903,372,821,1160,263,95
14,336,538,Shamela0003722,4011,1323,1531,151,88
14,775,1034,Shamela0003722,8072,799,1072,194,86
14,1139,1381,Sham19Y0013253,170,368,597,142,66
14,860,1034,Rafed0001826,238,918,1101,137,91
14,342,545,Shamela0012415,554,297,525,151,81
14,1139,1464,JK009137,1632,967,1284,251,93
14,1113,1464,JK000475,535,738,1091,261,86
14,1191,1464,Shamela0021537,3698,6,275,219,98
14,813,1034,JK009336,437,962,1179,150,80
14,120,309,JK009336,1604,438,616,142,93
14,1144,1464,JK009336,1622,416,724,250,95
14,362,545,JK009336,2113,831,963,99,68
14,1139,1464,JK000271,167,265,582,257,97
14,170,309,Shamela0000767,1059,0,137,107,94
14,76,309,Sham19Y0020638,396,783,1022,178,90
14,429,545,Sham19Y0020638,412,26,141,91,99
14,830,1034,Sham19Y0020638,432,637,845,156,92
14,1136,1464,Sham19Y0020638,454,61,402,265,95
14,15,297,Shamela0009773,176,1205,1475,169,74
14,1113,1464,JK000142,537,720,1052,257,89
14,781,1034,Shamela0021821,1826,372,628,184,85
14,1255,1464,Shamela0021848BK1,568,1143,1306,121,68
14,1067,1464,JK000484,2619,1100,1472,277,86
14,389,545,JK000484,5025,0,161,109,81
14,1139,1397,Shia000291Vols,1351,1381,1619,186,87
14,830,1034,JK007065,180,365,570,148,86
14,1110,1464,JK007065,452,56,405,268,90
14,49,309,JK007065,1455,831,1051,166,81
14,1139,1464,Sham19Y0018146,180,490,746,196,75
14,1136,1363,JK000201,1354,1391,1607,175,94
14,1255,1464,JK007113,787,1002,1165,121,68
14,1277,1464,JK009152,947,136,286,110,68
14,1136,1464,JK000232,135,611,899,221,81
14,1113,1464,Shamela0001442,332,1212,1541,245,83
14,1213,1464,ShamAY0033181,524,0,218,174,84
14,1061,1464,Shamela0002863,1060,1051,1493,290,80
14,1136,1464,Shamela0006947,4139,135,441,247,92
14,1136,1464,Shamela0006947,6909,518,824,247,92
14,15,202,PV2024060602,2536,1269,1462,143,91
14,336,545,PV2024060602,2553,1095,1306,164,98
14,567,763,PV2024060602,2571,0,205,152,93
14,775,981,PV2024060602,2576,1197,1403,161,97
14,1061,1464,PV2024060602,2604,462,943,324,83
14,1113,1464,PV2024060602,5134,597,929,257,89
14,1113,1464,PV2024060602,6038,994,1346,260,87
14,1113,1464,PV2024060602,7539,736,1088,259,85
14,76,309,JK001421,75,160,529,161,54
14,336,545,JK000760,46,729,960,160,87
14,1177,1464,Sham19Y0011194,59,0,295,223,89
14,1249,1464,JK000272,330,1081,1253,135,77
14,1255,1464,JK000559,529,79,239,118,67
14,1147,1464,Shamela0003118,5714,902,1280,229,73
14,1136,1464,Shamela0023582,40,872,1181,247,92
14,1139,1464,JK007039,216,0,309,227,80
14,1110,1464,Sham19Y0146127,1371,161,457,229,80
14,365,545,Sham19Y0146127,2681,598,780,128,86
14,106,309,Shamela0010517,831,320,527,155,89
14,1113,1464,ShamAY0033910,453,322,675,260,86
14,1122,1464,Shamela0004473,7436,105,445,264,94
14,1136,1464,JK009237,1421,383,710,265,99
14,342,545,ShamAY0032921,21,848,1043,152,95
14,1255,1464,Shamela0001142,1258,226,404,122,69
15,1251,1404,Sham19Y0001729,1332,1224,1378,102,84
15,575,733,Sham19Y0001729,1388,1339,1486,109,86
15,888,1017,Kraken230110004547,115,71,199,90,85
15,861,1127,Sham19Y0013572,647,1044,1430,147,41
15,866,1017,Sham19Y0127700,209,5,170,116,89
15,569,802,JK000130,573,1148,1389,168,82
15,583,795,Shamela0013033,98,393,640,162,81
15,586,789,JK001503,1327,173,408,141,69
15,616,789,Sham19Y0016636,20,1196,1400,124,71
15,624,802,Shamela0001875,768,702,904,135,80
15,586,780,ShamAY0034282,222,1252,1396,109,71
15,586,789,Sham19Y0018106,1390,1290,1524,146,74
15,583,789,ShamAY0034005,465,31,242,134,68
15,627,802,JK000386,546,1138,1347,128,74
15,892,1017,Shamela0036446,396,177,298,89,90
15,514,795,JK000477,565,995,1174,116,52
15,624,789,JK000471,1041,1088,1257,103,66
15,624,802,Sham19Y0017616,167,220,449,135,71
15,866,1017,Sham19Y0017616,170,551,704,117,98
15,332,436,Sham19Y0014309,678,553,657,81,100
15,869,1017,Sham19Y0014309,735,1166,1324,92,75
15,586,789,Sham19Y0018103,1419,527,761,146,74
15,586,789,Sham19Y0018176,756,882,1116,146,74
15,586,789,Sham19Y0013241,849,1157,1363,132,71
15,288,436,Sham19Y0013252,876,867,1003,101,88
15,586,789,Sham19Y0013252,3298,1065,1299,146,74
15,601,798,Sham19Y0013252,3299,184,502,136,52
15,624,802,Sham19Y0132524,1017,662,867,135,79
15,888,1017,Sham19Y0132524,1071,384,514,98,95
15,624,795,JK000710,324,1074,1253,108,66
15,228,436,Shamela0001727,636,423,675,163,82
15,461,802,Shamela0001727,647,149,551,268,84
15,825,1239,Shamela0001727,678,0,588,313,67
15,586,789,Shamela0028107,382,226,469,141,67
15,320,436,Sham19Y0145212,1767,366,482,89,99
15,228,436,Sham19Y0122406,1657,1087,1340,163,82
15,461,644,Sham19Y0122406,1682,1251,1462,141,85
15,644,780,Sham19Y0122406,1683,0,227,102,56
15,814,1239,Sham19Y0122406,1772,81,680,321,68
15,866,1017,JK000137,1286,28,187,106,82
15,569,789,Sham19Y0131521,2473,1090,1332,139,64
15,575,789,Shamela0037837,331,526,767,149,75
15,667,789,JK009324,1476,262,398,100,88
15,583,795,JK000677,113,126,366,157,78
15,277,431,Tafsir07055,2264,1316,1445,92,76
15,586,789,Tafsir07055,2274,831,1060,147,75
15,586,789,Shamela0005756,6521,552,786,147,75
15,569,802,Shamela0009810,1149,1132,1382,162,77
15,583,789,Shamela0021479,103,767,983,141,75
15,569,802,JK000475,761,335,576,168,82
15,315,436,Shamela0004445,2224,4,125,92,97
15,586,789,Sham19Y0006684,1053,896,1131,141,69
15,586,802,JK000576,263,526,736,136,69
15,874,1017,JK009336,633,1214,1357,111,98
15,1074,1239,JK009336,634,16,188,132,95
15,624,802,Sham19Y0020638,507,193,409,135,75
15,866,1239,Sham19Y0020638,532,465,970,243,54
15,569,789,JK000142,423,255,496,138,63
15,583,798,Shamela0012399,1597,314,789,151,39
15,586,789,ShamAY0035950,176,1073,1279,132,71
15,586,795,JK000147,739,476,710,159,83
15,253,436,JK000484,2860,1178,1360,130,89
15,586,789,JK000484,2911,350,553,129,68
15,1281,1404,JK000484,2940,4,157,95,79
15,861,1239,JK007065,591,7,534,259,62
15,291,436,JK007065,1309,524,665,107,95
15,583,802,JK009152,1104,1203,1450,162,78
15,538,789,JK000474,888,730,996,143,60
15,583,789,Shamela0001442,401,195,409,143,77
15,586,789,Shamela0021715,3033,227,461,146,74
15,627,789,ShamAY0033181,588,601,856,107,48
15,291,436,Shamela0002863,1158,45,185,105,93
15,586,789,Shamela0002863,1182,1279,1484,132,70
15,586,789,JK000110,459,909,1143,146,74
15,624,789,Sham19Y0017437,948,61,242,109,67
15,586,789,PV2024060602,459,909,1143,146,74
15,228,436,PV2024060602,2668,551,803,163,82
15,461,802,PV2024060602,2679,270,672,268,84
15,814,1239,PV2024060602,2710,110,709,321,68
15,569,802,PV2024060602,4306,976,1223,160,76
15,569,789,PV2024060602,5020,124,365,138,63
15,569,750,PV2024060602,7654,1303,1467,127,88
15,624,789,Sham19Y0014224,695,228,407,110,68
15,569,802,JK000141,588,723,970,160,76
15,586,789,Sham19Y0016684,705,875,1110,146,74
15,624,789,Sham19Y0013769,1131,367,546,110,68
15,277,436,JK010001,2184,1174,1309,96,77
15,280,436,Sham19Y0146127,1499,1191,1341,111,89
15,586,789,Sham19Y0146127,1524,1037,1230,132,77
15,1281,1404,Sham19Y0146127,1538,1051,1176,82,79
15,228,436,Shamela0023422,69,426,677,163,82
15,228,436,Shamela0023422,80,233,484,163,82
15,461,802,Shamela0023422,148,572,1003,268,78
15,461,702,Shamela0023422,149,133,403,187,88
15,814,1239,Shamela0023422,274,57,907,320,47
15,569,750,ShamAY0033910,567,1314,1479,128,89
15,288,436,JK000166,580,822,952,83,73
15,874,1017,JK000166,2447,822,965,110,97
16,57,715,JK000977,1141,0,1041,419,47
16,871,1089,JK000977,1149,1026,1234,142,82
16,1169,1357,Kraken230110004547,121,224,422,135,88
16,1210,1357,Sham19Y0013572,399,0,151,109,92
16,775,1089,Shia001663Vols,388,733,976,158,63
16,0,627,Shia001663Vols,390,508,1349,424,62
16,903,1089,Shamela0025794,469,1148,1351,143,88
16,1144,1357,Shamela0023769,208,11,239,146,78
16,254,517,Sham19Y0018259,247,81,353,181,86
16,950,1089,Shamela0001875,774,1062,1199,107,97
16,254,715,Shamela0001875,806,648,1192,353,82
16,929,1089,JK009138,406,1218,1379,112,80
16,273,715,Sham19Y0018106,1279,448,901,320,89
16,0,294,ShamAY0034005,439,848,1379,198,47
16,1107,1357,ShamAY0034005,440,752,1035,185,82
16,268,715,ShamAY0034005,440,152,501,253,70
16,273,715,JK000386,440,0,446,318,90
16,0,498,JK000386,702,592,1419,344,53
16,498,715,JK000386,703,4,229,165,92
16,254,715,Sham19Y0123510,438,29,573,334,77
16,273,459,JK005200,496,12,178,123,79
16,1169,1357,Shamela0036446,410,1099,1287,133,86
16,1221,1357,JK006897,274,21,161,95,84
16,273,636,JK006897,294,282,587,159,47
16,1144,1357,Sham19Y0017616,181,878,1115,158,85
16,1169,1357,Sham19Y0014309,768,114,323,130,81
16,273,715,Sham19Y0018103,1330,65,511,318,90
16,273,459,Sham19Y0018176,694,1233,1420,138,93
16,459,715,Sham19Y0018176,695,3,265,182,87
16,254,715,JK000299,1102,218,545,234,63
16,871,1089,Sham19Y0013667,3559,1023,1248,167,93
16,1107,1357,Sham19Y0013667,3754,737,1007,195,91
16,1144,1337,Sham19Y0014601,2832,1244,1442,143,88
16,273,585,Sham19Y0013252,3021,1089,1407,227,90
16,589,715,Sham19Y0013252,3022,0,124,92,91
16,254,715,Shamela0021744,1292,119,704,308,63
16,301,715,Sham19Y0132524,1072,697,1032,248,75
16,1160,1357,JK007111,566,418,645,143,81
16,0,715,Shamela0001727,679,40,1113,531,63
16,865,1089,Shamela0001727,682,867,1101,172,92
16,1107,1357,Shamela0001727,683,729,1002,188,87
16,903,1357,JK001284,157,185,705,236,58
16,0,715,JK001284,160,363,1212,393,47
16,865,1327,JK001284,172,876,1405,229,53
16,0,154,Sham19Y0122406,1773,1096,1247,110,91
16,254,589,Sham19Y0122406,1774,1030,1449,259,78
16,865,1089,Sham19Y0122406,1780,884,1118,172,92
16,1107,1357,Sham19Y0122406,1782,1194,1462,188,89
16,254,636,JK000137,1288,676,981,145,44
16,1144,1357,JK000137,1293,295,518,163,92
16,911,1089,Shamela0012220,642,385,572,119,81
16,254,703,Shamela0037837,300,975,1419,306,85
16,18,385,Sham19Y0018144,867,660,1415,251,43
16,277,640,Sham19Y0018144,868,0,260,186,64
16,0,424,Tafsir07055,1994,722,1386,267,48
16,319,715,Tafsir07055,1995,0,402,306,94
16,273,715,Tafsir07055,1996,357,803,321,90
16,0,541,Shamela0005756,5998,411,1387,386,50
16,541,715,Shamela0005756,5999,0,172,134,96
16,273,715,Shamela0005756,6057,766,1207,312,88
16,254,715,Sham19Y0017903,420,774,1315,347,81
16,254,462,Shamela0012415,296,401,540,95,58
16,273,715,Sham19Y0016584,1422,372,819,320,90
16,950,1089,JK009336,604,1003,1142,111,100
16,1178,1357,JK009336,674,1082,1280,135,87
16,0,715,JK009336,676,156,1122,505,66
16,1107,1357,Shamela0000767,1579,409,675,183,88
16,254,715,Shamela0000767,1583,117,568,285,66
16,0,589,Sham19Y0020638,533,377,1368,434,55
16,589,715,Sham19Y0020638,534,0,126,98,98
16,919,1089,Sham19Y0020638,536,1147,1314,127,94
16,1144,1327,Sham19Y0020638,537,1195,1445,134,68
16,254,459,Shamela0005860,268,507,753,121,54
16,254,715,JK000105,362,67,482,291,79
16,254,715,JK000105,412,20,549,328,79
16,0,715,JK000484,2940,157,1260,520,59
16,1107,1357,JK000484,2941,272,534,188,91
16,1160,1357,JK007065,393,410,625,145,86
16,916,1089,JK007065,410,1014,1169,115,82
16,0,218,JK007065,1403,1082,1441,152,53
16,218,715,JK007065,1404,0,624,359,72
16,254,715,JK009152,1044,63,529,327,89
16,273,741,Shamela0021715,2730,298,770,329,88
16,268,624,Shamela0021715,2732,127,643,178,37
16,903,1089,Shamela0000347,353,1268,1454,133,86
16,273,715,JK000110,410,801,1246,318,90
16,929,1089,Sham19Y0017437,915,93,252,122,96
16,1225,1357,Sham19Y0017437,960,252,401,98,80
16,273,715,PV2024060602,410,801,1246,318,90
16,0,715,PV2024060602,2711,162,1235,531,63
16,865,1089,PV2024060602,2714,991,1225,172,92
16,1107,1357,PV2024060602,2715,862,1135,188,87
16,273,636,Sham19Y0013605,1824,297,663,262,90
16,0,395,JK010001,1923,674,1368,280,51
16,395,715,JK010001,1924,0,328,248,94
16,254,715,JK010001,1925,166,634,327,88
16,18,154,Sham19Y0146127,1538,1180,1320,101,95
16,170,1357,Sham19Y0146127,1539,70,1153,557,47
16,86,471,Shamela0023422,276,0,1039,217,26
16,316,715,Shamela0023422,277,92,693,306,64
16,865,1089,Shamela0023422,288,158,443,172,76
16,1107,1357,Shamela0023422,290,1040,1324,185,83
16,18,237,JK000166,2446,868,1216,138,48
17,12,165,Sham19Y0001729,1387,890,1060,115,81
17,183,486,JK000977,1167,297,558,170,67
17,1100,1296,JK000977,1206,783,1025,148,78
17,29,165,Sham19Y0127656,227,926,1091,104,75
17,531,794,Shamela0025794,5224,81,414,159,59
17,1100,1296,JK001503,1392,482,727,151,78
17,536,794,Zaydiyya0000361,509,587,843,132,56
17,26,165,Shamela0001875,781,709,864,106,81
17,1105,1258,Shamela0001875,797,476,649,117,87
17,214,441,Shamela0001875,829,1285,1511,177,99
17,849,1120,Shamela0001875,853,560,842,190,80
17,1096,1296,Sham19Y0014462,111,275,502,140,74
17,565,790,JK009138,429,1242,1439,148,84
17,498,794,Sham19Y0018106,1304,979,1309,162,56
17,1072,1258,Sham19Y0018106,1316,875,1120,129,68
17,12,165,Sham19Y0018106,1350,1005,1188,114,75
17,1100,1296,ShamAY0034005,456,94,299,141,82
17,183,486,ShamAY0034005,883,506,782,168,64
17,26,165,Sham19Y0145435,5384,135,305,106,75
17,12,165,JK000479,219,479,636,123,97
17,20,165,JK000471,1113,1074,1230,117,92
17,565,794,Sham19Y0017616,177,409,632,172,95
17,871,1120,Sham19Y0017616,178,0,242,170,83
17,1128,1296,Sham19Y0017616,180,232,392,123,92
17,29,165,Sham19Y0122096,1172,1216,1343,92,78
17,35,165,JK009256BK1,1803,486,629,97,78
17,1072,1258,Sham19Y0018103,1359,1015,1260,129,68
17,12,165,Sham19Y0018103,1386,239,422,117,77
17,498,794,Sham19Y0018176,706,975,1305,162,56
17,1072,1258,Sham19Y0018176,712,759,1004,129,68
17,12,165,Sham19Y0018176,733,502,685,117,77
17,520,686,Sham19Y0013667,3864,554,714,87,60
17,1100,1296,Sham19Y0013667,4073,337,563,149,83
17,1072,1253,Sham19Y0013252,3104,1194,1433,125,67
17,12,165,Sham19Y0013252,3186,176,359,117,77
17,29,165,Sham19Y0013252,3187,464,616,104,81
17,29,165,Sham19Y0132524,1076,60,200,110,97
17,565,662,Sham19Y0132524,1094,588,685,76,100
17,662,794,Sham19Y0132524,1095,490,617,96,91
17,1128,1296,Sham19Y0132524,1112,649,806,122,92
17,0,165,Shamela0001727,686,564,736,133,95
17,177,486,Shamela0001727,694,194,521,240,94
17,498,794,Shamela0001727,703,342,635,225,95
17,821,1120,Shamela0001727,705,0,299,213,84
17,1072,1296,Shamela0001727,717,1201,1433,174,95
17,494,794,Sham19Y0148271,2082,629,992,171,56
17,498,794,JK001284,54,991,1228,142,59
17,1100,1296,Shamela0028107,391,278,524,150,78
17,0,165,Sham19Y0122406,1789,20,192,133,95
17,177,486,Sham19Y0122406,1802,535,855,239,95
17,615,759,Sham19Y0122406,1818,1371,1508,106,92
17,812,1120,Sham19Y0122406,1822,402,710,220,84
17,1140,1296,Sham19Y0122406,1853,0,161,122,95
17,849,1060,JK000137,1321,5,212,170,98
17,1128,1232,JK000137,1337,1444,1549,80,95
17,607,812,Shamela0012220,1834,365,649,131,59
17,547,768,Shamela0037837,312,1157,1424,128,57
17,12,165,Shamela0037837,322,216,384,117,83
17,504,794,JK000132,1004,90,687,158,32
17,8,165,JK000132,1066,623,797,116,78
17,173,486,Sham19Y0018144,861,154,469,226,92
17,177,494,Tafsir07055,2078,108,441,244,93
17,498,713,Shamela0005756,6135,1294,1513,107,51
17,844,1120,Shamela0005756,6284,1251,1507,165,69
17,12,165,Shamela0005756,6325,840,1030,117,74
17,177,437,Shamela0005756,6360,1153,1464,196,79
17,177,486,Shamela0009810,1166,814,1106,118,43
17,1100,1296,Shamela0021479,145,883,1116,152,83
17,547,794,JK000469,937,518,841,143,55
17,1100,1296,JK000469,998,1122,1364,149,77
17,1100,1296,Sham19Y0006684,1109,1168,1412,151,79
17,498,794,Sham19Y0016584,1445,795,1118,157,54
17,12,165,Sham19Y0016584,1491,959,1142,117,77
17,504,794,Shamela0000767,1619,671,968,197,77
17,26,165,Sham19Y0020638,539,689,832,112,97
17,219,382,Sham19Y0020638,546,1288,1473,122,84
17,565,794,Sham19Y0020638,554,1174,1398,173,96
17,852,1120,Sham19Y0020638,556,110,385,186,79
17,1131,1296,Sham19Y0020638,565,844,997,119,91
17,1072,1296,Shamela0012399,1715,547,838,160,67
17,802,1086,Shamela0030240,21,1151,1432,221,93
17,1086,1438,Shamela0030240,22,0,352,269,94
17,26,165,JK000105,359,351,506,103,80
17,8,165,JK000484,2817,874,1062,113,73
17,812,1060,JK000484,3038,1184,1444,191,88
17,1078,1296,JK000484,3235,685,928,161,85
17,1314,1438,JK000484,3252,1158,1294,97,88
17,1108,1296,JK007065,1315,196,393,134,81
17,12,165,JK000201,1593,284,472,114,73
17,1100,1264,JK009152,1040,714,927,124,75
17,498,794,Shamela0021715,2782,1048,1370,154,53
17,12,165,Shamela0021715,2914,675,857,117,77
17,183,486,Shamela0000347,375,1104,1372,164,62
17,498,794,JK000110,420,423,745,154,53
17,1072,1258,JK000110,425,199,444,129,68
17,12,165,JK000110,442,42,225,114,75
17,498,794,PV2024060602,420,423,745,154,53
17,1072,1258,PV2024060602,425,199,444,129,68
17,12,165,PV2024060602,442,42,225,114,75
17,0,165,PV2024060602,2718,684,856,133,95
17,177,486,PV2024060602,2726,311,638,240,94
17,498,794,PV2024060602,2735,470,763,225,95
17,812,1120,PV2024060602,2737,118,426,220,84
17,1193,1296,PV2024060602,2750,0,104,81,99
17,177,486,PV2024060602,4317,878,1160,117,44
17,177,486,JK000141,599,631,913,117,44
17,498,794,Sham19Y0016684,666,711,1034,157,54
17,12,165,Sham19Y0016684,684,527,710,117,77
17,1131,1296,JK001421,33,973,1138,118,84
17,17,165,JK001421,45,175,328,119,96
17,498,686,Sham19Y0013605,1846,1400,1555,90,57
17,1072,1258,Sham19Y0013605,1857,1188,1433,129,68
17,12,165,Sham19Y0013605,1888,901,1083,114,76
17,177,494,JK010001,2003,497,834,244,92
17,200,437,Sham19Y0146127,1556,595,907,131,49
17,844,1091,Sham19Y0146127,1589,318,562,179,87
17,627,794,Sham19Y0146127,1592,0,193,112,74
17,1100,1296,Sham19Y0146127,1691,360,538,134,85
17,0,165,Shamela0023422,301,1333,1509,132,93
17,177,486,Shamela0023422,359,294,643,240,88
17,177,486,Shamela0023422,361,647,1092,162,40
17,498,794,Shamela0023422,414,133,433,225,92
17,559,682,Shamela0023422,418,0,149,92,79
17,637,794,Shamela0023422,418,943,1169,111,60
17,812,1120,Shamela0023422,422,684,996,219,83
17,812,1023,Shamela0023422,424,419,782,171,57
17,1072,1249,Shamela0023422,505,1297,1495,136,87
17,1072,1296,Shamela0023422,510,934,1350,174,53
17,26,165,Shamela0010517,1233,856,1039,101,67
17,26,165,JK000166,1827,979,1114,103,88
18,142,428,Shamela0000894,4818,1302,1588,225,99
18,428,1020,Shamela0000894,4819,0,1117,454,51
18,154,825,Kraken230110004547,459,683,1427,517,87
18,830,1020,Kraken230110004547,460,456,646,149,98
18,418,769,Sham19Y0023644,2920,710,1121,216,61
18,830,1020,Sham19Y0023644,2921,1137,1318,141,93
18,145,456,Shamela0006610,547,1191,1481,222,91
18,473,1020,Shamela0006610,548,81,1078,423,52
18,830,1020,Tafsir01005,409,282,472,149,98
18,145,395,Shamela0036446,434,1258,1504,193,96
18,395,1020,Shamela0036446,435,0,1135,469,52
18,142,413,Sham19Y0145435,5787,872,1144,206,92
18,142,1020,Sham19Y0145435,5819,0,1407,677,60
18,142,586,Sham19Y0017616,186,913,1428,335,82
18,586,1020,Sham19Y0017616,187,0,897,344,47
18,145,313,Sham19Y0132524,1123,593,761,132,99
18,313,843,Sham19Y0132524,1124,40,629,382,80
18,830,1020,Sham19Y0132524,1125,311,500,149,99
18,158,1020,Shamela0001727,726,0,1388,667,60
18,830,985,JK000371,394,1146,1300,81,64
18,86,461,Sham19Y0122406,1871,456,838,293,97
18,473,850,Sham19Y0122406,1872,857,1228,291,95
18,830,1020,Sham19Y0122406,1873,1138,1328,149,98
18,142,850,Tafsir09084,160,702,1474,519,83
18,830,1020,Tafsir09084,161,449,631,138,92
18,154,304,JK000137,1349,933,1062,103,86
18,323,825,JK000137,1350,87,934,155,17
18,383,691,Sham19Y0014325,2356,0,401,188,62
18,86,850,Shamela0005756,5914,177,1012,559,83
18,850,1020,Shamela0005756,5915,19,188,133,99
18,830,1020,JK000754,1210,526,710,145,96
18,150,825,JK009313,143,697,1442,500,82
18,830,1020,JK009313,144,581,761,137,90
18,142,326,JK009336,2551,1314,1506,144,94
18,326,1020,JK009336,2552,0,1222,528,54
18,142,850,Sham19Y0020638,573,352,1136,535,84
18,830,1020,Sham19Y0020638,574,96,285,149,99
18,0,970,Shamela0030240,22,352,1442,746,85
18,970,1420,Shamela0030240,23,0,443,328,92
18,1038,1276,JK000484,6077,141,821,164,31
18,131,309,JK007065,1321,1316,1498,127,87
18,309,1020,JK007065,1322,0,1234,540,55
18,437,686,ShamAY0034447,763,122,444,181,72
18,142,850,JK000365,1051,471,1256,523,81
18,830,1020,JK000365,1052,279,462,144,96
18,142,626,Shamela0021715,2649,1071,1482,245,56
18,86,975,PV2024060602,2758,52,1472,687,61
18,131,358,Shamela0008362BK1,115,1321,1503,136,73
18,358,769,Shamela0008362BK1,116,0,470,272,71
18,198,1020,Shamela0023422,557,0,1341,627,58
18,86,248,Shamela0023422,568,1171,1482,63,20
18,233,432,Shamela0023422,569,451,1555,156,17
18,494,664,Shamela0023422,570,1162,1518,132,46
18,626,813,Shamela0023422,571,125,480,147,51
18,830,965,Shamela0023422,576,1281,1442,106,82
18,774,1020,Masaha004755,69,314,565,106,42
18,154,1020,ShamAY0035990,339,45,805,318,40
18,473,825,JK000166,2396,93,357,181,63
18,830,1020,JK000166,2397,713,881,126,83
18,86,365,Shamela0008473,506,1236,1521,219,96
18,830,1020,Shamela0008473,507,1013,1193,142,94
18,365,850,Shamela0008473,507,0,556,358,80
18,86,850,Shia001353,256,503,1461,580,75
18,830,1020,Shia001353,257,442,631,149,99
19,198,513,JK000977,1283,832,1271,223,61
19,593,802,JK000977,1339,1132,1343,163,96
19,856,1130,JK000977,1371,773,1055,194,86
19,256,513,Shia001663Vols,424,318,706,198,63
19,945,1130,Sham19Y0127656,594,871,1059,136,87
19,15,180,Sham19Y0020591,746,54,211,122,93
19,192,513,Shamela0009391,43,966,1447,243,63
19,256,398,Shamela0021766,889,954,1150,111,70
19,900,1130,Sham19Y0018106,3222,0,244,162,79
19,198,513,ShamAY0034005,619,936,1392,226,61
19,593,802,ShamAY0034005,669,989,1203,162,94
19,945,1130,Shamela0001466,3737,709,924,138,82
19,546,802,JK009408,2435,281,522,163,77
19,986,1130,Tafsir01005,5858,0,147,113,97
19,256,513,Shia004014Vols,175,465,880,199,60
19,1003,1130,Shamela0036446,1009,0,135,99,92
19,256,513,JK000471,1205,713,1107,193,60
19,256,445,JK000471,1209,1178,1507,144,54
19,598,802,ShamAY0033592,15,76,285,157,93
19,945,1130,Shia001626Vols,301,0,186,136,88
19,829,1130,Sham19Y0039268,68,786,1110,209,81
19,955,1130,Sham19Y0150960,1414,504,680,131,91
19,829,1007,Sham19Y0018103,3076,1330,1491,84,56
19,1007,1130,Sham19Y0018103,3077,0,134,96,90
19,829,1130,Sham19Y0018176,1867,406,703,180,70
19,945,1084,JK009362,8620,329,458,101,92
19,256,398,JK000299,1392,1115,1257,114,100
19,204,398,Sham19Y0013667,4114,337,523,126,76
19,1297,1434,Sham19Y0013667,4364,940,1079,106,96
19,829,1130,Sham19Y0013252,7157,1047,1339,178,69
19,945,1063,JK009266,8975,1453,1580,88,88
19,286,398,Shamela0010013,200,569,682,91,99
19,256,398,Shamela0021744,1639,757,899,114,100
19,0,180,Shamela0001727,757,945,1125,141,100
19,198,513,Shamela0001727,763,264,726,243,66
19,546,802,Shamela0001727,800,891,1151,204,98
19,829,1130,Shamela0001727,822,364,684,233,92
19,1297,1434,Shamela0001727,836,326,464,108,99
19,0,180,Sham19Y0122406,1955,644,824,141,100
19,198,398,Sham19Y0122406,1973,876,1079,160,98
19,546,755,Sham19Y0122406,2071,626,839,165,97
19,829,1130,Sham19Y0122406,2143,268,588,233,92
19,1297,1434,Sham19Y0122406,2179,323,461,108,99
19,307,467,JK000137,1412,686,1200,96,24
19,15,180,Sham19Y0131521,2741,135,292,122,93
19,15,180,Sham19Y0020944,428,683,841,123,94
19,841,1088,Shamela0037837,972,226,663,134,38
19,912,1130,Shamela0012062,64,21,359,169,63
19,220,509,Sham19Y0018144,1070,64,565,206,52
19,829,1130,Sham19Y0018144,1189,289,608,202,79
19,912,1048,Sham19Y0018144,1192,0,149,80,64
19,829,1130,Shamela0005756,12117,118,414,180,70
19,0,180,Shamela0005756,12360,873,1046,136,96
19,192,513,Shamela0003722,1736,858,1351,233,60
19,256,398,Shamela0021537,4780,89,231,114,100
19,829,1130,Sham19Y0016584,3459,53,346,178,69
19,955,1130,JK009336,420,1093,1271,132,91
19,15,180,JK009336,3305,696,857,123,92
19,244,513,JK009336,3314,423,835,195,58
19,256,513,Sham19Y0020638,603,60,459,190,58
19,669,802,Sham19Y0020638,630,746,879,102,96
19,933,1063,Sham19Y0020638,647,1382,1505,96,94
19,15,180,JK000142,467,290,447,122,93
19,955,1130,Shamela0009918,179,1119,1316,129,79
19,0,513,Shamela0030240,23,443,949,393,95
19,945,1130,Shia004038,102,620,799,130,87
19,198,398,JK000484,4522,1138,1358,156,88
19,231,513,JK007065,1256,465,883,211,63
19,959,1105,JK000201,4036,665,1210,102,23
19,15,180,Shamela0001442,677,249,407,121,93
19,829,1130,Shamela0021715,7625,1196,1491,180,70
19,697,1105,Shamela0021715,8900,274,840,140,27
19,933,1130,Shamela0006947,20219,1098,1296,150,94
19,829,1130,JK000110,1355,389,684,179,70
19,256,513,Sham19Y0017437,1242,71,484,197,59
19,912,1130,Zaydiyya0000161,368,685,911,158,84
19,829,1130,PV2024060602,1355,389,684,179,70
19,0,180,PV2024060602,2789,1067,1247,141,100
19,198,513,PV2024060602,2795,381,843,243,66
19,546,802,PV2024060602,2832,1018,1278,204,98
19,829,1130,PV2024060602,2854,493,813,233,92
19,1297,1434,PV2024060602,2868,449,587,108,99
19,15,180,PV2024060602,5064,168,325,122,93
19,973,1130,Sham19Y0016684,1677,0,168,122,92
19,872,1130,Sham19Y0013605,3689,11,273,173,77
19,192,513,Shia000403,17,446,921,251,65
19,216,503,Sham19Y0146127,2409,548,970,197,54
19,271,513,Shamela0010517,2208,168,572,186,57
19,256,394,Shamela0004473,3042,1253,1387,107,95
19,256,398,JK007044,3529,306,448,114,100
19,15,116,JK000166,6623,395,491,75,95
20,710,1023,Shamela0000894,4321,1061,1362,239,95
20,138,328,Shamela0025794,1601,1096,1299,145,90
20,650,1191,JK000659,40,92,991,302,38
20,650,1136,JK001503,2505,402,1205,287,41
20,1128,1321,JK000122,263,1084,1290,150,93
20,513,638,Shamela0001875,937,420,545,99,100
20,707,1023,JK009138,452,555,878,232,84
20,147,271,ShamAY0034005,558,0,119,88,91
20,683,1017,ShamAY0034005,565,327,662,193,63
20,656,1110,Sham19Y0123510,507,462,1296,330,48
20,683,967,JK000022,701,678,978,181,69
20,837,1110,Shia001626Vols,190,595,1210,155,29
20,487,638,Sham19Y0017616,227,1100,1266,119,90
20,1176,1321,Sham19Y0017616,228,437,583,113,99
20,707,937,Sham19Y0014309,241,1272,1458,136,71
20,937,1110,Sham19Y0014309,242,0,504,117,28
20,469,638,ShamIbadiyya0000433,872,304,472,130,97
20,735,1110,ShamIbadiyya0000433,875,0,686,287,52
20,423,638,JK000140,440,1209,1395,144,85
20,423,638,Shamela0000782,450,491,678,145,85
20,650,1110,JK000585,735,880,1335,291,73
20,656,1023,Sham19Y0013667,4505,779,1139,278,93
20,429,541,Sham19Y0013667,4513,1418,1536,85,92
20,656,1110,Sham19Y0013667,5770,188,1034,344,51
20,683,987,Shamela0030617Vols,7,87,379,153,50
20,490,638,Sham19Y0132524,1688,1199,1351,117,97
20,890,1023,Sham19Y0132524,1690,990,1111,94,87
20,861,980,Sham19Y0132524,1691,48,201,70,46
20,138,328,Shamela0001727,859,7,199,148,97
20,423,954,Shamela0001727,895,635,1474,406,61
20,954,1136,Shamela0001727,896,0,605,117,25
20,1122,1321,Shamela0001727,897,925,1128,155,98
20,650,1110,Sham19Y0148271,845,551,1421,348,49
20,111,328,Sham19Y0122406,2261,603,825,170,96
20,423,777,Sham19Y0122406,2367,21,684,263,50
20,777,1136,Sham19Y0122406,2368,16,798,260,42
20,1122,1321,Sham19Y0122406,2371,780,983,155,98
20,650,1017,JK001006,93,392,821,216,58
20,423,638,Sham19Y0018144,1359,669,929,143,69
20,687,1017,Sham19Y0018144,1361,200,549,194,63
20,1176,1321,Tafsir07055,170,532,677,112,98
20,832,1110,Tafsir07055,190,79,798,201,35
20,451,617,Shamela0009810,908,1353,1528,124,87
20,687,993,JK001235,7,283,593,193,69
20,707,1110,Shamela0037325,118,289,1106,307,47
20,656,949,JK000576,285,1233,1486,194,80
20,949,1183,JK000576,286,0,651,134,26
20,517,638,JK009336,224,859,985,96,96
20,710,1023,JK009336,228,1096,1395,236,93
20,1179,1321,JK009336,229,1204,1343,107,95
20,429,638,Shamela0000767,2800,1159,1360,145,84
20,487,638,Sham19Y0020638,700,1343,1489,114,95
20,687,1110,Sham19Y0020638,701,230,1058,318,48
20,1176,1321,Sham19Y0020638,702,613,758,112,98
20,683,980,Sham19Y0018611,226,763,1042,180,72
20,661,1023,JK000484,3320,471,825,274,93
20,702,1110,JK007065,244,288,1070,308,49
20,1153,1321,JK007065,304,259,428,131,99
20,846,1023,Zaydiyya0000142,3550,956,1117,122,85
20,687,1023,Shamela0002863,1347,312,769,142,30
20,111,328,PV2024060602,2891,101,323,170,96
20,423,819,PV2024060602,2927,760,1464,297,53
20,819,1136,PV2024060602,2928,0,740,226,38
20,1122,1321,PV2024060602,2929,1063,1266,155,98
20,451,638,PV2024060602,4167,1188,1384,137,88
20,423,638,PV2024060602,6225,933,1119,144,85
20,451,638,JK000141,449,930,1126,137,88
20,461,638,Sham19Y0013769,1283,312,487,118,84
20,1179,1321,Sham19Y0013769,1290,812,954,95,78
20,1176,1321,JK010001,165,917,1062,112,98
20,832,1110,JK010001,184,746,1404,202,38
20,687,1023,Sham19Y0146127,1732,1126,1440,245,90
20,699,1023,Shamela0010906,1944,330,629,232,89
21,1012,1286,Shamela0012014,316,281,782,127,29
21,200,519,Sham19Y0001729,1766,857,1208,216,73
21,587,1012,JK000165,2196,1109,1430,206,59
21,44,214,Shamela0009107BK1,251,0,171,131,97
21,1048,1286,Sham19Y0013572,217,216,700,128,30
21,846,990,Sham19Y0127660,801,0,143,112,98
21,291,519,Shamela0025794,5298,80,304,167,89
21,0,214,JK007043,1365,142,354,157,90
21,0,214,JK007043,2780,408,614,156,90
21,329,519,JK000123,776,654,845,129,75
21,1012,1286,Sham19Y0122257,3405,234,723,125,29
21,16,214,JK000916,5656,1081,1411,131,49
21,1012,1286,JK000916,7823,213,713,191,47
21,262,519,JK000122,1194,508,760,195,97
21,798,990,JK000122,1195,787,984,145,90
21,291,519,Shamela0021809,2603,1014,1237,166,88
21,326,519,Shamela0001875,938,1178,1371,152,100
21,839,990,Shamela0001875,940,5,156,118,99
21,9,214,JK006803,718,1085,1283,152,93
21,1048,1286,JK009138,506,133,543,150,45
21,16,214,Shamela0012581,198,89,307,122,69
21,250,519,ShamAY0034282,2360,255,534,205,92
21,350,519,ShamAY0034005,567,0,164,130,97
21,35,214,ShamAY0034005,570,0,211,115,64
21,1008,1286,ShamAY0034005,1075,825,1331,194,48
21,1048,1239,Shamela0036446,571,986,1361,126,41
21,226,519,JK000477,610,592,880,213,91
21,326,519,Sham19Y0017729,338,161,353,151,99
21,326,519,Sham19Y0149697,5733,777,935,112,73
21,329,519,JK007083,167,1144,1334,150,100
21,326,519,Sham19Y0014442,2167,1121,1317,150,96
21,326,519,Shamela0023628,401,954,1146,149,96
21,326,519,Sham19Y0014594,541,1396,1589,149,96
21,326,519,Sham19Y0014297,3363,290,442,110,72
21,326,519,Sham19Y0017616,221,555,748,152,100
21,839,990,Sham19Y0017616,229,195,360,115,89
21,1103,1286,Sham19Y0017616,233,32,236,116,74
21,19,214,Sham19Y0014309,238,1194,1370,131,84
21,341,519,Sham19Y0014309,244,12,163,116,80
21,587,1056,ShamIbadiyya0000433,870,167,518,216,57
21,250,519,Sham19Y0013667,4495,626,892,198,90
21,798,990,Sham19Y0013667,5757,562,776,148,87
21,1002,1304,JK000485,236,215,751,203,47
21,326,519,JK011153,1748,679,864,146,94
21,19,214,Sham19Y0132524,1695,1004,1205,150,95
21,326,519,Sham19Y0132524,1696,427,620,152,100
21,1048,1286,Sham19Y0132524,1737,763,1070,139,54
21,250,519,JK005008,138,881,1113,166,79
21,329,519,JK007111,647,884,1080,147,93
21,0,519,Shamela0001727,899,276,960,399,73
21,531,990,Shamela0001727,901,220,948,347,60
21,1002,1312,Shamela0001727,911,607,1158,217,49
21,0,214,Sham19Y0148271,1786,1203,1425,160,87
21,291,519,Sham19Y0148271,1899,970,1191,167,91
21,1033,1286,Shamela0035100,1099,57,445,167,51
21,204,519,Sham19Y0122406,2376,986,1338,239,84
21,792,990,Sham19Y0122406,2380,1241,1445,156,96
21,531,780,Sham19Y0122406,2380,168,431,195,94
21,1171,1405,Sham19Y0122406,2420,0,607,172,36
21,16,214,Sham19Y0131521,4528,213,403,141,88
21,326,519,JK000154,1729,846,1040,152,99
21,0,214,Sham19Y0018144,1356,198,459,163,78
21,0,214,Sham19Y0018144,1365,803,1027,165,92
21,226,519,Sham19Y0018144,1374,571,866,206,84
21,792,990,Tafsir07055,174,380,591,156,93
21,9,214,JK000221,479,1054,1250,151,93
21,313,475,Sham19Y0017903,660,1373,1536,120,92
21,288,519,Shamela0003722,6872,0,227,178,98
21,16,214,Shamela0121376,1233,352,462,79,52
21,250,519,JK000469,1431,852,1134,196,85
21,0,214,JK000469,1516,187,406,156,86
21,329,519,JK009137,1963,398,633,149,80
21,1033,1286,JK009313,5090,497,872,130,42
21,839,990,JK009336,225,522,673,118,99
21,19,214,JK009336,230,1162,1351,142,91
21,329,519,JK009336,233,1095,1302,149,91
21,1048,1280,JK009336,2309,671,1186,155,38
21,337,519,Shamela0000767,2804,0,164,128,89
21,0,214,Shamela0000767,2816,983,1215,163,87
21,19,519,Sham19Y0020638,703,590,1171,289,51
21,587,780,Sham19Y0020638,704,1236,1441,150,94
21,851,990,Sham19Y0020638,705,255,394,109,99
21,1048,1286,Sham19Y0020638,715,823,1303,169,45
21,326,472,Sham19Y0017747,1169,1464,1609,115,99
21,1048,1286,Shamela0009702,215,727,1088,145,49
21,798,990,JK000484,3328,151,352,149,93
21,238,519,JK000484,3331,10,269,195,88
21,0,214,JK000484,3345,1089,1320,165,90
21,1033,1286,Kraken220208041038,30,685,910,118,55
21,1012,1335,JK007065,98,862,1352,147,36
21,842,990,JK007065,683,1206,1359,116,96
21,574,780,JK007065,684,432,645,159,94
21,309,519,JK007065,1258,276,483,160,95
21,0,214,JK007065,1268,140,336,153,89
21,1033,1286,JK007045,914,530,946,120,33
21,346,519,Sham19Y0018146,442,80,241,126,91
21,16,214,JK000232,339,615,801,133,84
21,1048,1286,Sham19Y0017437,1139,352,839,171,45
21,0,519,PV2024060602,2931,401,1085,399,73
21,531,990,PV2024060602,2933,343,1071,347,60
21,1002,1312,PV2024060602,2943,738,1289,217,49
21,792,990,JK010001,169,352,563,156,93
21,19,214,Shamela0003118,1954,858,1182,125,47
21,1043,1298,Shamela0003118,2576,188,683,184,47
21,16,214,JK007039,274,607,798,142,88
21,587,990,Sham19Y0146127,1737,645,792,115,36
21,262,519,Sham19Y0146127,1739,520,758,181,90
21,0,214,Sham19Y0146127,1746,757,976,158,87
21,1069,1320,Sham19Y0146127,1900,0,411,163,50
21,590,1012,JK000166,3234,167,476,214,62
21,16,214,ShamAY0032921,55,1198,1387,103,57
21,1033,1286,Shamela0010906,971,654,1022,155,51
22,234,532,Sham19Y0013572,1435,445,862,212,61
22,601,1000,Shamela0025794,3445,723,837,89,28
22,545,1000,Shamela0021809,1843,368,962,161,28
22,245,532,Shamela0001875,1023,185,597,219,65
22,166,532,ShamAY0034282,2891,970,1475,248,58
22,204,532,ShamAY0034005,600,522,999,242,62
22,234,532,JK000471,1687,834,1264,231,66
22,245,532,Masaha001838,108,757,1189,222,63
22,204,451,Shamela0013174,2241,979,1260,190,84
22,601,930,ShamAY0033733,106,1097,1479,180,48
22,204,416,JK000585,1337,1242,1468,149,79
22,172,541,Sham19Y0013241,1172,252,697,252,69
22,234,532,Sham19Y0132524,1785,976,1403,231,67
22,604,803,Sham19Y0132524,1811,1180,1379,152,96
22,172,284,Shamela0001727,922,1312,1452,87,76
22,284,551,Shamela0001727,923,0,387,196,61
22,545,803,Shamela0001727,940,379,640,201,98
22,835,1000,Shamela0001727,941,0,174,129,94
22,1199,1359,Shamela0001727,945,1002,1168,119,87
22,1019,1180,Shamela0001727,945,384,576,124,83
22,172,451,Sham19Y0122406,2455,316,627,220,87
22,545,803,Sham19Y0122406,2505,419,680,201,98
22,1019,1180,Sham19Y0122406,2519,1278,1470,124,83
22,1199,1359,Sham19Y0122406,2520,1077,1243,119,87
22,204,587,Sham19Y0018144,1431,83,617,256,59
22,601,1000,Sham19Y0018144,1485,452,565,88,27
22,234,451,Shamela0005756,8349,1158,1384,169,92
22,253,532,JK000775,455,515,884,186,60
22,1099,1359,Sham19Y0017903,750,118,734,149,30
22,234,422,JK009336,2167,1333,1511,143,91
22,604,803,JK009336,3422,1158,1380,154,89
22,1019,1268,Shamela0000767,3149,677,1353,156,29
22,234,532,Sham19Y0020638,724,168,599,229,66
22,601,1000,Sham19Y0020638,736,349,798,232,54
22,1105,1359,Sham19Y0020638,739,601,990,154,46
22,172,532,JK000484,3780,675,1180,266,66
22,1203,1359,JK000484,5034,1089,1228,107,87
22,601,803,JK007065,190,431,639,153,92
22,219,445,JK007065,597,1263,1490,169,87
22,1245,1359,JK007065,1282,1127,1240,89,99
22,568,803,JK000474,3114,373,576,156,85
22,234,532,ShamAY0033181,1097,903,1326,225,64
22,234,532,Sham19Y0017437,1134,552,998,230,64
22,172,551,PV2024060602,2955,0,528,283,65
22,545,803,PV2024060602,2972,495,756,201,98
22,816,1000,PV2024060602,2973,97,292,144,94
22,1019,1180,PV2024060602,2977,510,702,124,83
22,1199,1359,PV2024060602,2977,1128,1294,119,87
22,219,532,Sham19Y0146127,1980,180,627,239,66
22,1226,1359,Sham19Y0146127,2686,580,699,89,84
22,568,899,Sham19Y0146127,3491,341,927,156,32
22,204,451,JK000134,1425,1058,1310,167,77
23,670,1031,JK000165,3100,835,1207,271,89
23,670,1031,Sham19Y0014207,172,321,503,134,46
23,557,1031,Shamela0026484,26,874,1371,363,91
23,670,1209,Kraken230110004547,139,276,1019,333,55
23,685,1031,Sham19Y0013572,169,1093,1460,266,91
23,1253,1415,JK000130,1147,241,403,119,93
23,670,1006,Shamela0026047,56,243,586,259,95
23,557,1031,JK007043,1013,261,818,253,52
23,670,947,JK007128,123,474,1067,134,24
23,1253,1415,JK000916,14482,776,939,125,98
23,1301,1415,Sham19Y0017350,1005,117,237,89,95
23,670,1031,Sham19Y0018259,461,1120,1494,271,89
23,557,1031,JK000122,616,23,427,284,71
23,557,1031,JK000122,1204,913,1343,293,73
23,670,1031,Shamela0001875,1256,770,1147,279,93
23,670,1031,Shamela0001001,91,1095,1336,174,60
23,670,880,Shamela0006610,893,1318,1520,151,88
23,880,1209,Shamela0006610,894,0,502,178,45
23,4,152,Shamela0000956,706,736,866,80,70
23,0,152,Shamela0012581,427,739,877,88,71
23,1301,1415,Sham19Y0150600,726,89,208,89,94
23,355,533,ShamAY0034005,730,924,1109,137,94
23,557,1142,ShamAY0034005,744,583,1390,389,59
23,0,152,JK009408,1068,768,920,90,70
23,211,321,Tafsir01005,1591,522,633,87,99
23,670,1006,Tafsir01005,4036,1107,1449,259,95
23,670,997,Shamela0036446,652,1155,1463,235,89
23,670,1031,Sham19Y0017729,383,719,1077,270,92
23,599,947,ShamAY0035235,3,1068,1444,191,58
23,599,1031,Shamela0012750,53,164,623,234,58
23,670,1031,JK007083,219,56,436,278,92
23,1304,1415,JK007083,221,391,503,87,99
23,670,1031,JK006897,476,381,742,279,97
23,788,1031,Masaha001838,19,975,1230,191,95
23,77,321,Sham19Y0017616,220,0,613,152,31
23,670,1031,Sham19Y0017616,251,1056,1449,278,89
23,1301,1415,Sham19Y0017616,253,178,293,89,99
23,670,1031,Sham19Y0014309,871,283,674,277,89
23,1100,1209,Shamela0013174,2371,535,641,71,80
23,557,781,Sham19Y0013667,6382,224,486,169,81
23,171,321,Sham19Y0013667,6822,644,805,116,91
23,1066,1209,JK000485,92,444,578,95,82
23,724,1031,Sham19Y0013241,1581,55,389,229,85
23,211,321,Sham19Y0132524,1605,743,854,87,99
23,670,831,Sham19Y0132524,1921,292,456,121,92
23,887,1031,Sham19Y0132524,1922,1310,1460,113,96
23,670,1031,JK007111,1482,208,629,268,78
23,0,152,Shamela0001727,946,533,688,120,98
23,165,321,Shamela0001727,948,31,192,122,96
23,557,1209,Shamela0001727,982,559,1403,503,75
23,1247,1415,Shamela0001727,988,1237,1409,131,97
23,1094,1209,Sham19Y0148271,1616,1289,1391,68,75
23,165,321,Sham19Y0122406,2525,694,855,122,96
23,557,855,Sham19Y0122406,2636,180,500,232,90
23,870,1031,Sham19Y0122406,2637,0,166,125,95
23,1085,1209,Sham19Y0122406,2638,0,129,95,94
23,870,1031,JK000137,1709,36,201,124,95
23,1107,1209,JK000137,1710,325,439,74,81
23,670,1085,Sham19Y0131521,3632,1185,1496,219,65
23,670,1010,Sham19Y0014325,6304,1171,1466,223,81
23,685,1031,Shamela0005756,10242,799,1118,213,71
23,670,1031,Sham19Y0017903,802,523,886,276,95
23,0,152,Shamela0003722,8150,956,1112,91,74
23,670,1209,JK009137,2795,412,1090,331,54
23,1304,1415,JK009137,3120,597,720,87,90
23,670,1021,JK009313,3857,832,1229,193,56
23,658,1182,JK000475,1096,645,1456,190,28
23,670,873,JK009336,783,1235,1450,155,89
23,873,1031,JK009336,784,0,164,124,96
23,630,1031,Shamela0008657,541,421,694,181,57
23,211,321,Sham19Y0020638,740,1307,1422,87,95
23,670,974,Sham19Y0020638,770,1155,1457,233,96
23,974,1209,Sham19Y0020638,771,0,468,105,25
23,1267,1415,Sham19Y0020638,775,860,1007,91,78
23,551,1031,JK000142,1012,667,1170,243,54
23,1253,1415,Sham19Y0018611,540,20,175,117,89
23,603,1209,Shamela0026558,5,603,1436,288,39
23,685,1031,AOCP20251104101,40,759,1159,262,82
23,670,1031,JK007065,78,407,765,271,92
23,1301,1415,JK007065,208,301,421,89,95
23,0,152,JK007065,1283,379,530,119,99
23,0,152,JK006675,762,1228,1367,88,71
23,4,152,Shamela0008223,117,1302,1432,80,70
23,666,1209,Shamela0006947,2711,438,1031,325,67
23,765,1031,Sham19Y0013783,3153,8,296,207,90
23,670,962,Sham19Y0017437,1584,1247,1544,214,87
23,1301,1415,Sham19Y0017437,1652,1238,1358,89,95
23,0,152,PV2024060602,2978,673,828,120,98
23,165,321,PV2024060602,2980,171,332,122,96
23,557,1146,PV2024060602,3014,676,1453,455,73
23,551,1031,PV2024060602,5609,533,1036,243,54
23,1253,1415,PV2024060602,8228,389,551,119,93
23,0,152,JK000021,2451,8,157,85,70
23,670,1031,Sham19Y0011194,118,759,1126,274,90
23,1301,1415,Sham19Y0011194,122,229,348,89,94
23,865,1031,JK000559,1007,179,303,86,61
23,1304,1415,Shamela0003118,4248,645,757,86,97
23,204,321,Shamela0010517,122,475,593,89,95
23,685,1031,JK000166,4822,853,1165,215,73
24,912,1337,Sham19Y0001729,1701,925,1441,262,62
24,912,1413,Sham19Y0001729,2279,723,1259,341,76
24,912,1413,Shamela0000894,4776,231,703,320,75
24,998,1413,JK001324,17,0,396,281,79
24,912,1254,Zaydiyya0000454,237,609,920,205,72
24,900,1068,Zaydiyya0000039,665,1108,1456,96,33
24,949,1151,Shia001657Vols,55,843,1000,106,65
24,561,814,Kraken230110004547,99,1076,1349,189,88
24,561,810,Sham19Y0013572,71,817,1069,175,84
24,912,1088,Rafed0002654Vols,9158,467,656,118,77
24,912,1413,Rafed0002654Vols,9159,436,1021,312,65
24,984,1083,Rafed0002654Vols,12553,0,99,78,100
24,949,1151,Shia001663Vols,70,201,375,121,74
24,912,1213,Shia001663Vols,327,31,294,177,70
24,912,1413,Sham19Y0127656,505,575,1050,315,73
24,284,465,Sham19Y0020868,438,1136,1321,144,97
24,1008,1213,Masaha001961Vols,1386,1246,1443,153,93
24,561,814,JK009390,4182,996,1288,193,84
24,561,814,JK009390,5257,13,305,190,83
24,561,814,JK008001,2616,261,798,190,45
24,546,807,Shamela0026039,300,937,1168,137,61
24,912,1206,Sham19Y0023644,1452,1165,1452,177,70
24,564,810,Sham19Y0023644,1453,1014,1253,162,80
24,912,1206,Sham19Y0018106,2819,1169,1444,187,75
24,1206,1413,Sham19Y0018106,2820,0,198,134,74
24,275,465,ShamAY0034005,594,1054,1245,145,93
24,912,1413,ShamAY0034005,1471,840,1337,341,79
24,949,1122,Shia004014Vols,195,14,148,98,71
24,663,814,Zaydiyya0000286,9,0,154,114,96
24,1020,1413,Zaydiyya0000286,23,0,354,255,77
24,912,1371,Zaydiyya0000037Vols,255,13,468,296,74
24,564,814,Shamela0036446,769,416,650,172,84
24,104,216,Sham19Y0017729,356,547,656,82,90
24,64,216,JK000479,167,260,432,94,69
24,912,1411,Shia002932VolsBK2,18,701,1158,303,72
24,912,1382,Shia001174Vols,2280,1094,1530,305,78
24,1060,1413,Shia004092Vols,9404,0,418,221,65
24,949,1083,Shia004092Vols,12511,1267,1400,105,99
24,608,814,Sham19Y0017616,278,4,221,159,93
24,912,1136,Sham19Y0017616,279,1207,1472,152,70
24,1136,1413,Sham19Y0017616,280,0,306,210,84
24,101,216,Sham19Y0017616,315,275,393,89,95
24,561,810,Sham19Y0127677,3226,1071,1329,178,86
24,543,814,Kraken220413030759,179,655,963,200,82
24,564,814,Sham19Y0014309,636,1101,1372,179,81
24,949,1413,Sham19Y0018103,2702,25,453,308,80
24,912,1413,Sham19Y0018176,1588,679,1153,320,75
24,912,1413,Sham19Y0013667,2953,818,1366,307,65
24,493,814,Sham19Y0013667,2957,808,1144,248,94
24,250,465,Sham19Y0013667,6767,845,1082,169,90
24,561,814,Shamela0001438,4931,1029,1264,159,76
24,954,1413,Sham19Y0013252,6433,6,428,305,80
24,642,814,Sham19Y0132524,1211,0,174,130,96
24,970,1258,Sham19Y0132524,1218,556,836,217,95
24,965,1413,Sham19Y0132524,1219,105,553,188,49
24,305,465,Sham19Y0132524,1965,331,491,128,100
24,25,216,Shamela0001727,989,741,969,146,81
24,250,465,Shamela0001727,992,1072,1305,170,92
24,499,814,Shamela0001727,1009,361,689,244,95
24,912,1350,Shamela0001727,1011,969,1422,318,85
24,827,1413,Sham19Y0148271,1042,94,734,350,62
24,25,216,Sham19Y0122406,2664,111,340,145,80
24,305,468,Sham19Y0122406,2671,277,630,100,33
24,300,465,Sham19Y0122406,2679,1231,1396,132,100
24,499,673,Sham19Y0122406,2735,682,866,138,94
24,594,814,Sham19Y0122406,2736,578,936,144,51
24,912,1353,Sham19Y0122406,2745,272,783,286,69
24,1060,1400,Sham19Y0122406,2745,1112,1442,229,82
24,912,1413,Shia004456Vols,1254,907,1389,318,73
24,912,1411,Shia001553,234,79,607,308,66
24,561,807,Sham19Y0020944,655,1087,1305,130,62
24,954,1158,Shamela0037837,409,1233,1435,138,76
24,912,1413,JK001173,389,805,1251,320,78
24,546,760,Sham19Y0018144,1659,1265,1465,118,62
24,250,465,Shamela0005756,7942,440,675,170,91
24,89,216,Shamela0005756,8545,0,124,94,91
24,635,814,Shamela0005756,9264,90,862,116,19
24,912,1413,Shamela0005756,10957,57,532,319,74
24,909,1079,Rafed0000167,50,364,634,98,42
24,1136,1353,Sham19Y0013253,421,933,1098,120,67
24,912,1151,Shia002942,218,11,238,149,73
24,305,465,JK009137,2186,555,725,128,94
24,858,1413,Shamela0004445,2497,129,568,255,56
24,909,1083,Rafed0003537Vols,587,538,1025,93,22
24,912,1413,Sham19Y0016584,3042,463,937,320,75
24,564,814,JK009336,539,680,950,182,83
24,305,448,JK009336,3055,1327,1483,114,91
24,104,216,Sham19Y0020638,775,1204,1313,82,90
24,279,465,Sham19Y0020638,778,958,1142,144,97
24,564,814,Sham19Y0020638,792,602,868,187,89
24,924,1413,Sham19Y0020638,795,837,1374,356,82
24,1083,1400,Shamela0006617,692,184,501,173,61
24,499,814,JK000484,4010,1007,1377,234,78
24,564,814,JK007065,31,638,894,189,92
24,305,448,JK007065,236,919,1063,114,99
24,912,1223,JK000365,2032,1162,1447,199,77
24,1223,1413,JK000365,2033,0,185,135,86
24,458,807,Shamela0001442,540,295,665,152,47
24,912,1140,Shamela0021715,6439,1285,1499,140,71
24,1140,1413,Shamela0021715,6440,0,258,180,77
24,954,1413,JK000110,1125,0,422,305,80
24,954,1413,PV2024060602,1125,0,422,305,80
24,25,216,PV2024060602,3021,861,1089,146,81
24,250,465,PV2024060602,3024,1198,1431,170,92
24,499,814,PV2024060602,3041,486,814,244,95
24,912,1234,PV2024060602,3043,1080,1407,229,83
24,1234,1413,PV2024060602,3044,0,202,140,87
24,989,1413,Sham19Y0016684,1491,0,392,285,80
24,912,1411,Masaha005108Vols,21,52,552,302,66
24,949,1413,Sham19Y0013605,3291,354,782,308,80
24,516,814,Sham19Y0146127,2116,327,626,206,83
24,1136,1413,Kraken22021606123201,524,0,294,170,66
24,561,814,Shia001432Vols,9511,51,293,175,85
24,546,807,Shamela0008473,4709,761,1015,146,63
24,912,1240,Shia002069Vols,741,1109,1471,212,70
24,1240,1413,Shia002069Vols,742,0,189,109,73
24,546,807,JK000460,272,548,820,159,66
25,0,567,Sham19Y0001729,1702,68,933,412,58
25,133,567,Sham19Y0001729,2280,0,722,326,56
25,0,567,Shamela0000894,4776,703,1488,398,62
25,0,567,JK001324,17,396,1233,394,57
25,0,567,Masaha001946Vols,806,14,887,418,59
25,176,567,Sham19Y0013572,21,892,1150,121,38
25,707,915,Sham19Y0013572,1420,211,484,149,64
25,0,159,Rafed0002654Vols,9159,1021,1229,120,69
25,181,567,Rafed0002654Vols,9160,48,385,234,69
25,0,219,Sham19Y0127656,505,1050,1483,125,34
25,219,567,Sham19Y0127656,506,0,360,267,91
25,1332,1451,Shamela0025794,484,573,707,88,85
25,1332,1451,Shamela0025794,672,655,785,87,87
25,0,567,Sham19Y0023644,1453,228,915,282,44
25,176,516,AOCP20251104037Vols,1005,901,1288,230,69
25,0,567,Sham19Y0018106,2820,198,990,400,62
25,92,567,ShamAY0034005,1472,0,748,359,60
25,1332,1451,Tafsir02100,187,940,1062,81,80
25,0,567,Zaydiyya0000286,23,354,1077,387,63
25,176,567,Shamela0036446,719,466,726,122,38
25,1297,1451,JK000488,241,534,728,90,58
25,43,416,Shia002932VolsBK2,18,1161,1498,202,64
25,0,567,Shia004092Vols,9404,418,1214,356,50
25,0,567,Sham19Y0017616,280,306,1177,432,62
25,707,915,Sham19Y0017616,300,80,369,163,70
25,0,567,Sham19Y0018103,2702,453,1241,398,61
25,0,159,Sham19Y0018176,1588,1153,1318,93,66
25,176,567,Sham19Y0018176,1589,78,471,303,94
25,137,567,Sham19Y0013667,2954,32,715,321,58
25,1217,1451,Sham19Y0013667,4919,425,709,174,78
25,0,567,Sham19Y0013252,6433,428,1220,400,62
25,0,567,Sham19Y0132524,1219,553,1398,432,63
25,0,567,Shamela0001727,1012,76,923,432,63
25,648,915,Shamela0001727,1028,778,1117,211,77
25,928,1074,Shamela0001727,1033,1212,1364,116,96
25,1211,1451,Shamela0001727,1055,902,1171,180,86
25,0,567,Sham19Y0148271,1042,734,1491,316,46
25,0,479,Sham19Y0122406,2746,11,481,170,32
25,176,567,Sham19Y0122406,2747,205,614,306,92
25,648,915,Sham19Y0122406,2795,1152,1491,211,77
25,928,1074,Sham19Y0122406,2814,1304,1456,116,96
25,1275,1451,Sham19Y0122406,2863,0,188,132,91
25,137,567,Shia004456Vols,1255,30,692,323,60
25,39,252,JK000137,1768,680,998,87,27
25,0,567,Shia001553,234,607,1389,392,61
25,0,567,Shamela0037837,410,240,1035,394,60
25,0,137,JK001173,389,1251,1434,101,66
25,137,567,JK001173,390,0,648,314,59
25,1283,1451,Sham19Y0018144,1743,856,1063,105,67
25,0,567,Shamela0005756,10957,532,1318,396,61
25,1349,1451,Rafed0000167,50,845,977,79,77
25,1332,1451,JK000475,2584,101,221,79,79
25,0,567,Shamela0004445,2497,568,1345,282,40
25,0,159,Sham19Y0016584,3042,937,1102,93,66
25,176,567,Sham19Y0016584,3043,576,969,303,94
25,207,567,JK009336,841,0,245,111,37
25,710,915,JK009336,2271,391,666,148,63
25,48,576,Sham19Y0020638,796,0,803,395,61
25,707,915,Sham19Y0020638,816,44,310,152,68
25,654,915,JK000484,5884,844,1185,205,75
25,176,567,JK007065,12,68,328,128,40
25,707,915,JK007065,1122,44,308,153,69
25,0,567,JK000365,2033,185,1013,408,59
25,0,567,Shamela0021715,6440,258,1043,398,62
25,0,159,Shamela0021715,6442,927,1275,96,33
25,176,567,Shamela0021715,6443,154,921,303,49
25,0,567,JK000110,1125,422,1210,398,61
25,0,567,PV2024060602,1125,422,1210,398,61
25,0,567,PV2024060602,3044,202,1049,432,63
25,648,915,PV2024060602,3060,899,1238,211,77
25,1031,1178,PV2024060602,3066,0,479,98,26
25,1211,1451,PV2024060602,3087,1033,1302,180,86
25,0,567,Sham19Y0016684,1491,392,1180,397,61
25,43,567,Masaha005108Vols,21,555,1054,320,72
25,137,567,Sham19Y0013605,3292,353,998,322,61
25,176,490,Kraken22021606123201,524,1092,1433,242,87
25,0,567,Shia002069Vols,742,189,1094,394,53
25,928,1074,Shia001353,253,536,689,116,95
26,260,423,Shamela0000894,5010,1012,1189,128,90
26,994,1288,Shamela0000894,6084,747,1065,230,90
26,260,423,JK000165,2485,800,961,127,98
26,551,931,Zaydiyya0000258,159,753,1148,278,85
26,994,1127,ShamAY0034015,80,1220,1363,100,88
26,1061,1288,Shamela0026484,457,0,230,171,91
26,192,420,Shamela0026484,497,973,1201,173,94
26,991,1288,Kraken230110004547,153,461,780,230,90
26,551,931,Sham19Y0013572,46,394,796,292,91
26,239,423,JK007117,1918,1127,1311,145,99
26,271,423,JK009390,4304,0,156,120,96
26,260,423,JK008001,1975,935,1099,128,98
26,509,931,JK000916,17538,118,531,251,69
26,198,423,JK000916,17539,217,488,157,72
26,260,423,Shamela0006610,715,846,1008,128,98
26,974,1233,ShamAY0034005,748,1138,1421,198,86
26,207,423,ShamAY0034005,1484,1043,1266,159,88
26,825,931,JK007116,93,163,271,78,89
26,449,931,JK000022,43,732,1058,178,39
26,994,1288,Shamela0036446,712,433,720,211,87
26,554,931,Shamela0036446,721,303,681,275,87
26,994,1288,Sham19Y0017729,223,362,673,227,90
26,263,423,Sham19Y0017729,229,210,370,127,99
26,260,883,Shia001416,202,1047,1474,231,39
26,350,857,Kraken230106005528,371,876,1532,281,47
26,551,931,Sham19Y0017616,305,446,869,297,88
26,991,1288,Sham19Y0017616,308,762,1071,232,94
26,260,423,Sham19Y0127677,3181,873,1035,127,98
26,554,931,Sham19Y0014309,958,351,759,285,86
26,509,931,Shamela0013174,1338,765,1195,319,92
26,192,423,JK000485,62,75,298,136,68
26,260,423,Shamela0001438,5269,427,591,128,98
26,828,931,Shamela0010013,161,1277,1374,73,90
26,551,914,Sham19Y0132524,1364,1028,1419,276,87
26,1039,1288,Sham19Y0132524,1373,742,996,192,94
26,192,931,Shamela0001727,1061,0,979,557,72
26,1008,1288,Shamela0001727,1064,0,291,219,94
26,192,423,JK007015,43,609,842,158,80
26,239,423,Shamela0035100,723,124,306,141,97
26,192,423,Sham19Y0122406,2873,645,877,181,98
26,443,931,Sham19Y0122406,2874,851,1411,381,86
26,944,1198,Sham19Y0122406,2881,513,789,192,87
26,509,931,ShamAY0032964,15,35,468,317,89
26,509,931,Sham19Y0131521,4012,277,773,316,79
26,770,931,Shamela0012062,312,290,460,115,85
26,192,423,Sham19Y0018144,1780,999,1233,161,87
26,239,931,Sham19Y0018144,1781,263,1000,354,51
26,1068,1288,Sham19Y0018144,1786,0,230,166,87
26,226,777,Shamela0001524,3466,679,1492,357,49
26,1029,1288,Sham19Y0017903,478,0,266,199,92
26,263,423,Sham19Y0017903,486,25,185,126,98
26,991,1229,AOCP2023092779,23,1445,1704,185,88
26,781,931,Rafed0000040Vols,1525,0,153,116,95
26,994,1288,JK009336,829,900,1221,227,88
26,546,931,JK009336,846,185,585,285,88
26,770,931,Shia002185Vols,2455,360,525,113,86
26,260,423,Shamela0008657,360,165,332,124,93
26,260,423,Sham19Y0020638,865,1198,1361,129,99
26,562,931,Sham19Y0020638,866,100,483,289,95
26,991,1288,Sham19Y0020638,869,34,338,232,95
26,551,719,Shia004020,162,1233,1415,125,85
26,719,931,Shia004020,163,0,212,153,83
26,558,770,ShamAY0035791,26,1230,1465,151,75
26,198,931,JK000484,5277,65,1088,418,47
26,551,931,JK007065,20,581,992,287,87
26,991,1288,JK007065,1465,766,1059,222,91
26,777,931,Zaydiyya0000142,1770,324,484,106,78
26,944,1048,JK009152,1549,587,694,79,94
26,226,423,Shamela0026359,8,1207,1402,144,90
26,192,931,PV2024060602,3093,125,1104,557,72
26,944,1288,PV2024060602,3096,62,423,266,92
26,1307,1411,JK000021,2127,933,1037,81,100
26,944,1288,Sham19Y0017533,94,30,384,265,94
26,551,931,Shamela0003118,5112,763,1135,220,67
26,271,423,Shamela0003118,5113,5,146,97,76
26,226,849,Sham19Y0146127,2827,749,1420,334,59
26,498,697,Shia001368,369,1330,1529,120,66
26,697,931,Shia001368,370,0,248,182,92
26,239,423,Shamela0010906,717,1170,1352,141,97
27,1034,1232,Shamela0012014,279,1249,1510,128,57
27,981,1268,Sham19Y0001729,1629,1090,1449,178,63
27,282,406,Sham19Y0001729,2045,161,396,92,49
27,1034,1250,AOCP20240501183,270,1164,1494,146,54
27,1034,1286,AOCP20240501183,344,279,599,184,73
27,1031,1294,JK007084,646,1057,1394,193,73
27,947,1382,JK000653,120,368,835,246,62
27,419,658,Shamela0026484,65,512,747,180,97
27,286,406,Kraken230110004547,497,1020,1277,95,45
27,502,658,Sham19Y0013572,640,186,345,121,98
27,996,1313,Shamela0025794,3707,1028,1420,190,56
27,996,1328,Shamela0025794,3736,364,774,199,60
27,286,406,JK009265,47,408,663,83,40
27,1114,1294,Sham19Y0122257,2303,202,394,141,93
27,677,934,JK000916,24394,582,983,170,52
27,996,1294,Shamela0021809,3401,374,743,182,56
27,759,934,JK009138,495,202,394,120,78
27,996,1321,ShamAY0034005,699,13,458,225,64
27,286,522,ShamAY0034005,754,1038,1409,97,26
27,282,415,Shamela0012847,24,637,886,92,47
27,1034,1359,Kraken220218125253,156,265,599,170,56
27,1031,1294,Kraken220218125253,424,393,674,161,68
27,1045,1294,ShamAY0001760,178,151,495,177,64
27,706,1069,Sham19Y0123510,900,808,1105,162,52
27,1045,1294,JK001336,384,983,1244,136,65
27,1031,1294,Sham19Y0021575,64,480,812,174,66
27,1126,1294,JK009325,471,561,737,126,89
27,953,1303,JK000022,722,48,466,190,54
27,759,934,Shamela0036446,110,191,371,123,80
27,1114,1294,Shamela0036446,735,1151,1339,137,93
27,759,934,Sham19Y0017729,236,1241,1428,134,90
27,759,934,JK000264,2125,814,1004,137,90
27,759,934,JK000471,1481,605,804,137,86
27,1024,1294,JK010729,90,485,825,179,66
27,1034,1294,JK010729,96,463,798,184,70
27,274,406,Kraken230106005528,959,1024,1330,101,40
27,1031,1294,Sham19Y0017616,256,422,754,193,75
27,274,406,Sham19Y0017616,306,1010,1287,106,47
27,502,658,Sham19Y0017616,314,672,828,121,100
27,677,1054,Sham19Y0013667,4845,574,1092,201,44
27,996,1321,JK000485,1438,697,1104,189,55
27,1034,1294,JK000080,484,89,420,176,64
27,1061,1294,JK000583,323,1197,1494,156,65
27,125,395,Shamela0036080,29,1163,1395,145,67
27,505,719,Sham19Y0132524,1400,263,460,134,81
27,57,262,Shamela0001727,1074,912,1145,158,85
27,274,425,Shamela0001727,1075,512,796,111,46
27,419,658,Shamela0001727,1078,1122,1366,184,97
27,671,927,Shamela0001727,1086,1065,1461,186,59
27,947,1321,Shamela0001727,1102,833,1306,273,72
27,1307,1407,Shamela0001727,1110,783,887,80,96
27,996,1294,Sham19Y0148271,1191,185,551,172,55
27,1114,1294,Sham19Y0145212,2397,701,892,141,93
27,57,262,Sham19Y0122406,2902,938,1171,158,85
27,290,425,Sham19Y0122406,2904,0,261,99,44
27,282,406,Sham19Y0122406,2906,951,1276,87,33
27,510,658,Sham19Y0122406,2910,0,148,115,100
27,671,927,Sham19Y0122406,2924,1086,1482,186,59
27,947,1183,Sham19Y0122406,2964,316,544,138,61
27,1126,1321,Sham19Y0122406,2965,432,633,139,84
27,1307,1407,Sham19Y0122406,2983,181,286,80,95
27,274,415,Tafsir09084,561,891,1187,107,45
27,274,406,JK000137,1862,374,931,94,20
27,685,934,Sham19Y0131521,5755,944,1221,162,69
27,530,658,JK001173,5,722,835,83,81
27,1126,1294,JK010561,656,69,221,115,86
27,419,658,Shamela0005737,144,568,765,106,53
27,947,1321,Sham19Y0018144,1853,445,885,191,53
27,502,658,Zaydiyya0000199,210,974,1127,121,98
27,759,934,Sham19Y0017903,496,934,1121,134,90
27,518,658,Rafed0000040Vols,128,208,356,107,93
27,759,934,JK009137,2066,981,1195,135,79
27,502,658,JK009137,2697,935,1099,117,91
27,759,934,JK009336,1226,44,228,126,82
27,1049,1294,JK009336,2643,969,1282,170,69
27,128,251,JK009336,2739,1347,1482,97,87
27,274,406,JK009336,2740,837,1123,106,46
27,274,406,Sham19Y0020638,876,735,1012,106,47
27,502,658,Sham19Y0020638,878,747,903,121,100
27,759,947,Sham19Y0020638,884,1159,1363,145,90
27,1031,1294,Sham19Y0020638,895,752,1061,181,73
27,48,943,Shamela0030240,18,527,1405,652,91
27,943,1382,Shamela0030240,19,0,431,283,73
27,1031,1294,Kraken22041319410300,241,37,369,193,75
27,1024,1196,JK007065,176,1265,1482,102,57
27,480,658,JK007065,585,627,811,132,92
27,1114,1294,JK007045,581,596,769,130,88
27,502,658,JK000365,45,752,910,121,98
27,274,406,ShamAY0009682,24,1187,1457,106,48
27,128,406,Zaydiyya0000142,3396,934,1362,123,28
27,1004,1359,JK000549,65,0,420,205,60
27,996,1294,Shamela0005716,10,257,643,181,55
27,1024,1294,JK010195,3,116,437,177,68
27,125,406,Shamela0012884,496,1177,1454,124,41
27,502,658,Zaydiyya0000161,530,709,863,121,97
27,57,262,PV2024060602,3106,1040,1273,158,85
27,274,425,PV2024060602,3107,625,909,111,46
27,419,595,PV2024060602,3110,1241,1421,133,96
27,947,1321,PV2024060602,3134,955,1428,273,72
27,1307,1407,PV2024060602,3142,903,1007,80,96
27,502,658,Shamela0021512,40,1288,1444,121,100
27,522,658,Sham19Y0017533,26,0,136,106,100
27,1119,1294,Shamela0000140,1788,1110,1298,137,93
27,502,658,JK006950,3887,913,1069,121,100
27,502,658,Shamela0011290,5,822,978,121,100
27,759,934,Shamela0003118,7027,171,360,132,86
27,462,658,Sham19Y0146127,2838,644,792,84,54
27,274,406,Sham19Y0146127,2854,211,436,85,47
27,759,934,Sham19Y0146127,3074,999,1183,134,91
27,502,658,JK000381,9587,758,914,121,100
27,502,658,JK006983,5,1132,1288,121,100
27,487,595,Shamela0010517,2848,1424,1541,79,85
27,505,658,Shamela0004473,13254,644,814,119,90
27,502,658,Shamela0004473,14696,248,428,121,86
27,1114,1294,JK007044,4267,850,1257,129,39
27,953,1321,Shamela0026884,247,1097,1495,233,67
27,274,415,Shamela0008473,1275,1117,1412,110,46
27,63,262,Shia001353,258,659,887,153,84
27,274,658,Shia001353,259,204,1046,287,43
27,274,406,Shia001353,260,421,653,98,51
28,123,480,Sham19Y0001729,2372,826,1428,239,50
28,178,514,JK006898,42,332,899,236,51
28,178,514,Kraken230110004547,546,356,948,247,53
28,1221,1405,Sham19Y0013572,603,585,701,61,39
28,178,569,Shamela0021809,1910,0,643,261,51
28,862,1097,JK009138,745,890,1083,102,52
28,1169,1405,ShamAY0034005,529,292,456,76,37
28,126,477,ShamAY0034005,1552,793,1428,246,49
28,0,360,Shamela0030774,35,702,1219,252,62
28,1224,1405,Sham19Y0017729,391,737,845,61,41
28,781,982,Sham19Y0131336,1574,561,909,140,51
28,178,514,Sham19Y0017616,263,155,758,252,53
28,1221,1405,Sham19Y0017616,317,913,1024,63,42
28,178,514,Shamela0021536,739,36,630,250,53
28,1213,1405,JK000485,1120,165,284,67,42
28,74,360,JK000467,2589,1009,1319,186,78
28,178,360,Sham19Y0132524,1357,397,585,139,94
28,74,514,Shamela0001727,1112,125,825,329,60
28,804,982,Shamela0001727,1128,755,1064,128,51
28,1150,1405,Shamela0001727,1131,599,990,182,59
28,811,982,Sham19Y0148271,642,98,389,112,46
28,74,514,Sham19Y0122406,2986,105,805,329,60
28,804,982,Sham19Y0122406,3025,123,432,128,51
28,1150,1312,Sham19Y0122406,3030,651,815,127,98
28,74,564,Sham19Y0018144,1891,761,1454,299,51
28,790,982,JK008250Vols,410,1072,1412,129,46
28,866,1075,Shamela0001524,1658,0,183,105,62
28,114,360,Shamela0001524,2812,941,1194,186,92
28,376,514,Shamela0001524,2813,13,160,108,91
28,1224,1405,Sham19Y0017903,825,561,669,61,41
28,862,982,JK009336,1990,857,964,80,82
28,178,360,JK009336,2914,1137,1330,133,89
28,360,514,JK009336,2915,97,265,114,85
28,178,360,Sham19Y0020638,905,1213,1396,136,93
28,376,522,Sham19Y0020638,906,227,382,108,88
28,862,982,Sham19Y0020638,917,94,201,80,82
28,1221,1405,Sham19Y0020638,918,1019,1283,103,49
28,65,1300,Shamela0030240,19,391,1411,725,73
28,80,514,Sham19Y0018611,94,489,1211,279,48
28,1213,1405,JK000484,5798,1106,1240,67,39
28,811,982,JK000484,6286,1006,1233,127,72
28,0,514,JK007065,1227,284,1093,291,45
28,74,514,PV2024060602,3144,247,947,329,60
28,804,982,PV2024060602,3160,878,1187,128,51
28,1150,1405,PV2024060602,3163,728,1119,182,59
28,1213,1405,Sham19Y0146127,3137,288,410,68,42
28,178,514,JK000166,10244,380,823,183,47
28,232,514,JK000166,10578,964,1237,183,73
28,556,847,Shamela0010527,1084,111,532,77,22
29,459,586,AOCP20240501183,288,1395,1512,94,91
29,1168,1396,Kraken230110004547,583,1079,1263,140,78
29,456,611,Sham19Y0013572,509,368,519,112,88
29,703,873,Sham19Y0013572,564,564,704,94,71
29,1216,1336,JK000122,153,0,120,97,100
29,945,1103,ShamAY0033975,98,94,276,122,85
29,1116,1336,JK000990,393,691,922,173,94
29,92,214,Tafsir01005,3941,101,242,93,85
29,1171,1396,JK000479,412,869,1110,135,64
29,92,214,Sham19Y0017616,319,913,1061,93,81
29,962,1103,Sham19Y0017616,326,78,236,112,89
29,1168,1396,Sham19Y0017616,337,1151,1389,175,91
29,1171,1396,Sham19Y0018100,396,1058,1279,173,97
29,29,214,Sham19Y0013667,5141,357,579,135,79
29,472,611,Sham19Y0132524,2024,210,351,110,95
29,92,214,Sham19Y0132524,2097,114,236,93,99
29,1168,1396,Sham19Y0132524,2108,312,518,161,89
29,29,214,Shamela0001727,1138,364,550,135,93
29,403,611,Shamela0001727,1161,523,747,162,91
29,630,815,Shamela0001727,1193,191,388,142,93
29,851,1103,Shamela0001727,1196,720,982,197,95
29,1116,1396,Shamela0001727,1200,104,384,214,96
29,29,214,Sham19Y0122406,3056,356,542,135,93
29,630,815,Sham19Y0122406,3180,628,825,142,93
29,851,1103,Sham19Y0122406,3188,401,986,196,42
29,1116,1396,Sham19Y0122406,3195,648,928,214,96
29,1116,1341,Sham19Y0122406,3201,407,628,171,94
29,92,214,JK009324,1857,264,361,66,69
29,397,606,Sham19Y0018144,2009,332,557,124,67
29,1116,1396,Sham19Y0018144,2091,1140,1400,150,66
29,1138,1396,Shamela0001524,1525,61,346,182,79
29,439,606,Shamela0001524,1682,1269,1439,131,95
29,29,214,Sham19Y0016584,3840,209,387,89,58
29,459,611,JK009336,1212,660,817,112,89
29,29,214,Shamela0000767,1954,386,566,138,95
29,115,214,Sham19Y0020638,924,678,777,76,100
29,459,611,Sham19Y0020638,938,873,1042,121,88
29,962,1103,Sham19Y0020638,963,731,876,112,97
29,1168,1396,Sham19Y0020638,966,450,665,161,86
29,92,217,Sham19Y0020638,1438,1098,1229,64,59
29,1168,1396,Shamela0009702,279,1063,1249,138,76
29,1122,1396,JK000484,1346,511,797,200,86
29,456,611,JK007065,461,551,718,117,87
29,1239,1396,JK007065,1503,0,153,119,96
29,29,214,Shamela0021715,8580,601,778,89,57
29,942,1103,Sham19Y0017437,1773,7,287,115,51
29,29,214,PV2024060602,3170,481,667,135,93
29,403,611,PV2024060602,3193,653,877,162,91
29,630,815,PV2024060602,3225,313,510,142,93
29,851,1103,PV2024060602,3228,850,1112,197,95
29,1116,1396,PV2024060602,3232,221,501,214,96
29,1122,1396,JK000021,1791,415,700,201,87
29,29,214,Sham19Y0013605,4057,824,1002,89,58
29,1146,1390,Sham19Y0146127,685,1256,1477,155,72
29,68,214,Shamela0008276,14,31,594,100,23
30,384,491,JK007070,515,29,382,71,26
30,750,1268,Sham19Y0001729,1907,483,1134,365,66
30,750,1105,Shamela0000894,549,644,1121,274,70
30,734,1268,Sham19Y0013572,224,118,736,365,69
30,347,491,Sham19Y0013572,428,763,1108,101,37
30,844,1277,ShamAY0032850,8,0,395,201,52
30,263,495,Shamela0008244,22,1020,1415,149,47
30,1309,1446,JK001503,3627,1029,1184,106,87
30,750,1099,Sham19Y0023644,1530,436,828,226,63
30,53,250,ShamAY0033647,10,1036,1373,152,56
30,866,1268,Shamela0001875,1112,0,544,304,69
30,300,434,ShamAY0034005,555,184,333,105,89
30,709,1268,ShamAY0034005,790,29,723,390,65
30,68,250,Shamela0036446,681,733,920,133,89
30,759,1268,Shamela0036446,703,609,1118,324,69
30,743,1099,JK000279,697,1114,1506,227,64
30,347,491,JK000189BK1,709,194,519,101,40
30,743,1099,Shamela0023628,3395,828,1270,258,69
30,734,1272,JK006897,14,499,1068,386,78
30,65,250,JK006897,62,1127,1323,138,88
30,347,651,Sham19Y0017616,342,712,1166,149,37
30,743,1268,Sham19Y0017616,345,582,1279,412,73
30,709,1099,ShamAY0032762,13,478,984,267,61
30,9,223,Shamela0023700,1586,824,1068,165,85
30,743,1099,JK009362,2207,258,670,241,71
30,1326,1446,Sham19Y0014592,1806,71,228,94,76
30,510,651,Sham19Y0013667,5485,777,938,110,87
30,746,1272,JK000485,1027,306,950,369,67
30,68,250,JK000080,789,1090,1288,140,88
30,362,491,Sham19Y0035453,123,307,653,81,30
30,68,231,Sham19Y0132524,2109,1346,1512,121,91
30,743,935,Sham19Y0132524,2142,949,1158,158,91
30,947,1149,Sham19Y0132524,2144,480,678,155,93
30,1121,1373,Sham19Y0132524,2145,300,616,142,56
30,709,1257,Shamela0012981,471,774,1426,353,60
30,9,250,Shamela0001727,1200,1120,1374,186,92
30,504,651,Shamela0001727,1223,842,1015,113,83
30,532,1348,Shamela0001727,1228,184,1126,504,60
30,1281,1446,Shamela0001727,1229,292,478,128,88
30,259,491,Sham19Y0148271,962,700,1094,137,42
30,1309,1446,Shamela0028107,709,1044,1198,107,88
30,376,526,Sham19Y0122406,3242,942,1314,95,32
30,504,651,Sham19Y0122406,3243,1117,1290,113,83
30,532,1260,Sham19Y0122406,3253,473,1349,490,68
30,1281,1446,Sham19Y0122406,3255,219,405,128,88
30,664,1257,Sham19Y0131521,5475,53,841,359,52
30,1042,1268,Sham19Y0131521,5479,178,547,144,48
30,723,1268,JK001006,79,260,892,334,58
30,9,250,Sham19Y0018144,2094,708,1103,169,52
30,376,491,JK009137,2455,0,292,79,34
30,1309,1446,Sham19Y0006684,4211,819,971,107,90
30,755,1268,JK009336,1127,4,562,356,73
30,350,491,JK009336,1136,329,692,99,35
30,347,491,Sham19Y0020638,982,140,494,101,37
30,734,1268,Sham19Y0020638,985,250,937,409,72
30,1309,1446,Shamela0012399,3787,530,696,107,82
30,1287,1446,JK000484,1352,641,833,123,81
30,15,250,JK000484,1925,283,555,172,76
30,670,1268,JK000484,4722,798,1477,389,63
30,734,1268,JK007065,102,708,1319,369,70
30,1309,1446,JK009152,1939,550,705,107,88
30,709,1099,Masaha004231Vols,810,887,1429,291,65
30,743,1099,Tafsir09083,1588,559,1014,253,67
30,65,250,Shamela0006947,16773,761,964,141,87
30,706,1257,JK000842,477,894,1438,286,55
30,9,208,PV2024060602,3232,1237,1448,152,91
30,290,526,PV2024060602,3255,0,462,161,45
30,504,651,PV2024060602,3255,961,1134,113,83
30,532,1348,PV2024060602,3260,311,1253,504,60
30,1281,1446,PV2024060602,3261,419,605,128,88
30,664,1257,PV2024060602,5535,268,1056,359,52
30,40,250,JK000021,1787,796,1109,151,60
30,660,1176,JK000021,2263,879,1529,356,64
30,347,491,Shamela0008476,103,365,741,101,35
30,350,500,JK000559,872,595,896,102,43
30,44,250,Sham19Y0146127,990,162,390,158,87
30,709,1268,Sham19Y0146127,2515,349,990,378,67
30,743,1268,Shamela0010517,2386,851,1522,398,71
30,376,491,JK009245,228,661,1028,76,27
30,709,1016,Shamela0010906,2034,445,865,218,62
31,1045,1428,Shamela0012014,372,679,1092,291,85
31,934,1325,Sham19Y0001729,1041,1062,1456,291,89
31,655,885,Sham19Y0001729,1929,169,410,160,84
31,1159,1428,Shamela0026443,2,3,325,201,77
31,1053,1428,JK000764,307,0,383,246,72
31,1053,1428,Sham19Y0013572,170,820,1218,292,90
31,1041,1428,Sham19Y0127656,686,1037,1443,300,91
31,898,1170,Shamela0025794,377,562,838,189,84
31,655,885,Shamela0025794,1251,1055,1300,166,86
31,1061,1428,Kraken211201162527,30,0,385,288,91
31,1038,1428,JK009390,4783,522,916,256,71
31,1087,1428,JK008001,1547,0,322,238,82
31,934,1183,JK001503,3464,1160,1429,190,89
31,1187,1428,JK001503,3465,5,263,183,86
31,934,1428,Shamela0026039,319,624,1138,381,92
31,1030,1428,Sham19Y0023644,1751,708,1068,245,71
31,934,1362,JK000916,12808,1012,1468,330,90
31,898,1377,Shamela0021809,1763,230,631,219,51
31,1053,1428,Sham19Y0014462,57,0,409,290,87
31,1053,1428,Shamela0006610,1083,187,575,289,89
31,934,1428,Sham19Y0018106,3584,676,1204,381,89
31,934,1170,Shia003060Vols,44,761,988,173,92
31,661,885,ShamAY0034005,637,437,672,168,88
31,21,266,ShamAY0034005,789,550,847,159,68
31,934,1276,ShamAY0034005,846,1034,1395,265,91
31,1276,1428,ShamAY0034005,847,0,152,113,89
31,1209,1428,Kraken220413030928,108,0,208,149,81
31,1053,1428,Shamela0036446,261,945,1295,249,79
31,108,266,JK000961,376,698,836,76,61
31,1053,1428,ShamAY0035035,8623,921,1338,284,84
31,934,1428,MMS00016,85,408,952,362,80
31,898,1170,JK009179,84,861,1136,192,87
31,1038,1428,Sham19Y0017616,365,11,445,306,86
31,1038,1428,Sham19Y0127677,3579,1082,1454,266,78
31,1058,1267,JK000010,26,1435,1650,150,77
31,898,1311,JK009141,755,990,1416,316,89
31,934,1428,Sham19Y0018103,3476,580,1109,380,89
31,1038,1267,Shamela0096178,77,222,367,107,56
31,934,1428,Sham19Y0018176,2131,521,1049,381,89
31,934,1428,JK000585,1641,563,1072,375,89
31,934,1428,Sham19Y0013667,5572,87,662,370,80
31,934,1428,JK000485,205,918,1371,318,76
31,680,885,ShamAY0035249,80,629,848,143,79
31,108,219,JK000080,759,152,350,75,48
31,1038,1295,Shamela0001438,5028,1244,1487,174,77
31,934,1428,Sham19Y0013252,8546,977,1505,381,89
31,111,266,Sham19Y0132524,2146,1177,1376,110,70
31,1079,1428,Sham19Y0132524,2266,877,1237,256,87
31,1053,1428,ShamIbadiyya0000050,1101,591,918,191,54
31,996,1377,Shamela0012981,330,5,390,230,70
31,93,266,JK000367,71,568,791,118,66
31,27,274,Shamela0001727,1229,1090,1395,176,73
31,655,885,Shamela0001727,1249,952,1245,180,78
31,889,1428,Shamela0001727,1271,478,1039,419,93
31,655,885,Sham19Y0148271,1129,205,453,163,84
31,939,1372,Sham19Y0148271,1297,315,675,190,49
31,934,1183,Shamela0028107,688,1120,1383,190,91
31,1187,1428,Shamela0028107,689,5,256,185,88
31,1061,1428,Sham19Y0145212,1207,696,1119,278,80
31,130,266,Sham19Y0122406,3256,1186,1362,95,68
31,27,130,Sham19Y0122406,3256,254,376,81,84
31,889,1267,Sham19Y0122406,3366,905,1205,219,70
31,1170,1428,Sham19Y0122406,3367,393,655,201,93
31,946,1083,Sham19Y0131521,4271,8,308,88,39
31,1199,1428,Sham19Y0131521,4272,3,243,183,92
31,1079,1428,Shamela0001515,408,6,372,256,83
31,934,1428,Shamela0037837,671,711,1216,375,91
31,1053,1428,JK009324,3319,798,1178,274,84
31,1041,1425,Shamela0012062,104,425,747,213,62
31,1053,1428,Shamela0012062,105,27,443,288,85
31,530,885,Sham19Y0018144,2197,425,763,180,59
31,934,1428,Sham19Y0018144,2248,7,525,372,88
31,951,1209,Shia003721Vols,415,1204,1463,169,79
31,881,1209,Shamela0005756,13391,1116,1470,223,78
31,1209,1428,Shamela0005756,13392,0,223,171,93
31,81,266,JK000754,2447,653,846,121,74
31,1023,1428,Shamela0021479,57,0,445,303,83
31,898,1428,Shamela0003722,3472,801,1348,395,89
31,655,885,Shamela0003722,3897,851,1078,157,80
31,934,1428,JK000469,1819,534,1056,376,89
31,1041,1428,Shamela0037325,79,811,1235,296,86
31,680,885,JK000475,2032,961,1177,143,81
31,951,1377,Shamela0004445,506,166,564,217,56
31,934,1428,Sham19Y0006684,4077,398,920,382,91
31,898,1428,JK000576,62,692,1249,378,82
31,934,1428,JK000576,63,869,1395,377,87
31,934,1362,Sham19Y0016584,3915,999,1462,332,89
31,108,219,JK009336,1119,888,1086,75,48
31,1041,1428,JK009336,2056,685,1108,292,82
31,1126,1428,Shia002185Vols,2413,0,260,186,70
31,1053,1428,Shamela0008657,287,499,882,284,87
31,934,1428,JK000575,1,322,824,364,87
31,93,266,Sham19Y0020638,986,403,626,116,66
31,1053,1428,Sham19Y0020638,1018,511,905,293,91
31,934,1428,Shamela0012406,978,741,1271,382,89
31,1058,1428,JK000105,1036,924,1309,264,80
31,667,885,JK000484,4322,771,1026,161,81
31,1053,1417,Sham19Y0038171,2218,1090,1490,274,84
31,965,1428,JK007065,78,969,1475,316,72
31,84,266,JK007065,1186,403,625,131,74
31,1003,1428,Shamela0021715,8755,0,460,328,88
31,934,1428,JK000110,1567,294,821,379,89
31,934,1428,PV2024060602,1567,294,821,379,89
31,27,198,PV2024060602,3261,1217,1442,124,69
31,655,885,PV2024060602,3281,1083,1376,180,78
31,889,1428,PV2024060602,3303,597,1158,419,93
31,708,885,JK000021,1623,10,200,138,93
31,934,1428,Sham19Y0016684,1799,807,1337,381,89
31,934,1325,JK000746,123,216,567,202,62
31,1045,1417,Shamela0000140,2121,540,941,283,86
31,1149,1377,Shamela0000140,2122,0,455,180,48
31,934,1126,Sham19Y0013605,4143,570,787,146,87
31,1209,1428,Sham19Y0013605,4144,0,222,171,93
31,954,1425,Shamela0003118,3860,892,1479,353,74
31,703,885,Sham19Y0146127,2301,1230,1407,125,81
31,968,1388,Shamela0010517,2042,1050,1467,283,75
31,108,249,JK009245,410,1007,1225,83,47
31,939,1377,Shamela0008473,774,211,570,193,48
32,0,406,Shamela0012014,372,1092,1545,319,87
32,406,554,Shamela0012014,373,0,147,114,94
32,0,554,Sham19Y0001729,1042,107,662,428,94
32,923,1162,Shamela0000894,4934,10,259,187,95
32,314,554,Shamela0000894,8086,1313,1518,145,75
32,0,554,Shamela0026443,2,325,955,418,82
32,125,521,Sham19Y0014310,706,941,1446,222,52
32,80,427,JK007004,184,1158,1485,191,64
32,1350,1448,Masaha002473,8,289,426,74,68
32,0,554,JK000764,307,383,948,391,81
32,870,1162,Shamela0026484,497,55,364,219,90
32,915,1162,Kraken230110004547,417,121,341,162,81
32,901,1162,Sham19Y0013572,143,1062,1312,178,81
32,0,258,Sham19Y0013572,170,1218,1475,201,93
32,258,554,Sham19Y0013572,171,0,297,225,94
32,1226,1448,Rafed0002654Vols,342,316,534,94,47
32,1175,1337,Rafed0002654Vols,414,646,845,124,80
32,1346,1448,Rafed0002654Vols,3237,1092,1229,75,70
32,1175,1337,Rafed0002654Vols,5697,311,507,121,80
32,1166,1391,Rafed0002654Vols,11133,1048,1266,141,81
32,1341,1448,Rafed0002654Vols,12350,39,147,84,98
32,915,1162,Sham19Y0127700,343,886,1152,168,75
32,108,554,Sham19Y0127656,687,0,459,311,78
32,829,1162,Shamela0025794,215,709,1078,233,77
32,0,554,Kraken211201162527,30,385,944,421,93
32,1175,1337,Masaha002199,36,883,1078,124,81
32,1350,1448,Zaydiyya0000288,514,414,551,73,67
32,235,554,Sham19Y0020891,5098,837,1122,212,81
32,0,554,JK009390,4783,916,1463,415,90
32,840,1162,JK000482,71,864,1208,223,79
32,0,554,JK008001,1547,322,864,414,91
32,0,554,JK001503,3465,263,802,408,89
32,0,317,Shamela0026039,319,1138,1479,245,88
32,317,554,Shamela0026039,320,0,216,162,85
32,0,554,Sham19Y0023644,1751,1068,1581,389,85
32,875,1133,Sham19Y0023644,1887,1126,1479,159,55
32,0,554,JK000916,12809,64,632,431,94
32,802,1107,JK000916,17561,1071,1393,211,81
32,0,554,Sham19Y0014462,57,409,942,409,90
32,0,554,Shamela0006610,1083,575,1133,427,94
32,829,1162,Sham19Y0018106,2556,94,395,203,75
32,0,288,Sham19Y0018106,3584,1204,1500,226,93
32,288,554,Sham19Y0018106,3585,0,244,187,87
32,0,554,ShamAY0034005,847,152,697,418,91
32,814,1162,ShamAY0034005,1062,809,1192,254,84
32,288,554,Tafsir01005,926,1084,1496,182,53
32,0,554,Kraken220413030928,108,208,1012,413,63
32,0,258,Shamela0036446,261,1295,1559,206,94
32,258,554,Shamela0036446,262,0,287,216,90
32,901,1162,Shamela0036446,1219,793,1037,161,70
32,0,554,Sham19Y0145435,5553,282,824,411,90
32,0,183,ShamAY0035035,8623,1338,1517,143,94
32,183,554,ShamAY0035035,8624,0,397,272,85
32,901,1162,ShamAY0035035,9576,781,1108,188,71
32,836,1209,JK001030,1,798,1370,222,46
32,1350,1448,Shia004037,53,871,1008,73,67
32,1350,1448,Shia003754Vols,35,744,882,73,66
32,1175,1337,Shia003754Vols,71,730,926,121,80
32,0,537,MMS00016,85,952,1530,402,86
32,1175,1337,Shia004092Vols,944,649,848,124,80
32,1175,1337,Shia004092Vols,1581,1257,1454,124,81
32,1346,1448,Shia004092Vols,3618,1217,1354,75,70
32,1175,1337,Shia004092Vols,6028,46,242,121,80
32,1166,1391,Shia004092Vols,11249,683,901,141,81
32,1341,1448,Shia004092Vols,12317,122,230,84,98
32,220,554,JK009179,84,1176,1489,230,85
32,919,1162,ShamAY0035288,208,0,256,190,94
32,0,554,Sham19Y0017616,365,445,1002,426,94
32,901,1162,Sham19Y0017616,407,648,973,201,78
32,7,554,Sham19Y0127677,3580,0,536,407,89
32,142,554,JK000911,807,730,1041,213,62
32,915,1162,Kraken220413030759,123,4,657,151,27
32,915,1089,JK009256BK1,2470,558,709,110,80
32,61,410,Shamela0021735,21,1092,1511,167,46
32,0,554,JK000010,27,169,749,393,80
32,7,554,JK009141,756,107,658,422,95
32,583,734,JK009141,1308,1219,1407,117,78
32,829,1162,Sham19Y0018103,2421,528,817,206,78
32,0,397,Sham19Y0018103,3476,1109,1494,295,90
32,397,554,Sham19Y0018103,3477,0,155,120,93
32,901,1162,Sham19Y0018100,1105,665,940,199,90
32,829,1162,Shamela0023700,1767,248,582,228,82
32,829,1162,Sham19Y0018176,1383,96,397,203,75
32,0,451,Sham19Y0018176,2131,1049,1483,331,89
32,14,424,JK000216,54,1102,1422,238,72
32,0,468,JK000585,1641,1072,1529,338,85
32,875,1162,Sham19Y0014592,68,1034,1338,183,69
32,7,362,Sham19Y0014592,1603,1089,1500,227,64
32,80,554,Sham19Y0013667,5572,645,1122,339,85
32,97,554,JK000485,206,0,431,304,80
32,128,554,Hindawi082068526,71,531,816,203,59
32,235,554,Shamela0000432,2430,1221,1542,224,82
32,901,1162,JK000146,364,164,449,201,89
32,0,554,Shamela0001438,5029,137,679,414,91
32,896,1162,Shamela0001438,6342,211,422,135,60
32,829,1162,Sham19Y0013252,6012,896,1185,206,78
32,3,554,Sham19Y0013252,8547,0,539,413,91
32,283,554,JK009266,1494,361,745,187,56
32,901,1162,Shamela0012027,372,1018,1260,171,79
32,283,554,Shamela0010013,182,949,1177,169,76
32,104,473,Sham19Y0132524,2267,682,1051,279,94
32,910,1162,Sham19Y0132524,2472,404,700,162,69
32,7,415,ShamIbadiyya0000050,1101,1113,1507,286,83
32,901,1102,Shia004266Vols,39,1293,1493,150,94
32,1175,1337,Shia004266Vols,202,478,675,124,81
32,0,432,Shamela0001727,1271,1039,1473,334,95
32,432,554,Shamela0001727,1272,0,125,97,96
32,795,1162,Shamela0001727,1357,50,433,264,86
32,1175,1337,Shamela0001727,1365,1199,1398,124,80
32,1350,1448,Shamela0001727,1367,1275,1408,75,71
32,836,1112,Sham19Y0148271,1645,1153,1449,192,79
32,878,1162,JK000001,3172,1232,1526,186,74
32,0,554,Shamela0028107,689,256,790,407,89
32,0,406,Sham19Y0145212,1207,1119,1545,318,92
32,100,554,Sham19Y0122406,3368,667,1122,348,95
32,557,734,Sham19Y0122406,3422,484,684,121,71
32,763,1162,Sham19Y0122406,3592,576,1055,310,82
32,1175,1337,Sham19Y0122406,3609,985,1184,124,80
32,1308,1448,Sham19Y0122406,3613,919,1408,95,24
32,1350,1448,Shia004456Vols,158,742,875,75,71
32,1175,1337,Shia004456Vols,3625,258,454,124,81
32,1175,1337,Shia004456Vols,4512,1242,1439,124,81
32,263,554,JK000137,2113,200,521,210,78
32,1175,1337,Shia001553,37,708,906,122,80
32,0,554,Sham19Y0131521,4272,243,799,416,91
32,0,554,Shamela0001515,408,372,922,385,80
32,0,248,Shamela0037837,671,1216,1470,198,95
32,248,554,Shamela0037837,672,0,284,212,86
32,829,1162,Shamela0037837,808,162,464,200,73
32,0,402,JK009324,3319,1178,1569,299,90
32,836,1152,JK001173,225,305,591,167,62
32,901,1162,JK001173,330,69,342,201,93
32,0,554,Shamela0012062,104,747,1278,401,87
32,0,554,Shamela0012062,105,443,964,393,87
32,901,1162,Shamela0012062,328,1200,1441,169,78
32,326,554,Sham19Y0018144,2247,0,335,152,53
32,0,554,Sham19Y0018144,2248,525,1070,413,90
32,235,554,Sham19Y0018144,2249,695,1014,228,83
32,829,1162,Shamela0005756,10226,388,677,206,78
32,0,554,Shamela0005756,13392,223,763,415,91
32,836,1162,Shamela0009810,63,950,1312,232,79
32,0,554,JK008250Vols,942,316,996,356,61
32,402,554,JK000754,2269,227,585,103,36
32,1350,1448,Shia001555Vols,155,64,197,75,71
32,0,554,Shamela0021479,57,445,995,414,90
32,108,554,Shamela0003722,3473,0,437,325,89
32,901,1162,Shamela0029967,132,1187,1439,168,75
32,0,451,JK000469,1819,1056,1474,313,85
32,901,1152,JK009313,5038,700,1133,175,50
32,0,241,Shamela0037325,79,1235,1483,193,94
32,241,554,Shamela0037325,80,0,295,222,87
32,836,1152,JK000475,1737,235,690,200,52
32,0,554,Sham19Y0006684,4077,920,1451,406,89
32,901,1152,Hindawi068305130,628,519,944,182,53
32,0,245,JK000576,62,1249,1501,192,91
32,245,554,JK000576,63,0,306,232,93
32,114,554,JK000576,64,0,415,314,88
32,988,1162,Sham19Y0016584,2705,0,155,115,82
32,0,554,Sham19Y0016584,3916,65,607,415,91
32,0,371,JK009336,2056,1108,1483,283,93
32,371,554,JK009336,2057,0,183,141,95
32,915,1162,JK009336,2391,724,987,168,75
32,80,554,Shia002185Vols,2413,243,775,325,70
32,0,554,Shamela0008657,287,882,1438,423,92
32,283,554,Shamela0008657,643,97,361,198,90
32,61,530,JK000575,1,831,1291,339,88
32,0,554,Sham19Y0020638,1018,905,1467,431,95
32,1012,1162,Sham19Y0020638,1108,0,167,115,88
32,836,1162,JK000747,4,1055,1363,211,79
32,0,254,Shamela0012406,978,1271,1531,203,95
32,254,554,Shamela0012406,979,0,281,209,86
32,0,308,JK000105,1036,1309,1622,228,88
32,901,1162,JK001414,493,548,815,194,92
32,0,554,Sham19Y0038171,2219,12,590,419,89
32,901,1162,Sham19Y0038171,2434,160,487,183,70
32,279,554,Shamela0029677,1228,108,388,186,79
32,202,554,Shamela0029677,1232,913,1261,247,86
32,432,554,Shamela0021684,20,0,125,97,96
32,7,554,JK007065,79,0,551,425,94
32,1350,1448,Zaydiyya0000080,120,1313,1446,75,71
32,901,1162,JK000365,1781,986,1263,199,91
32,959,1162,JK000365,1860,0,217,147,82
32,7,554,ShamAY0009682,31,634,1097,282,59
32,0,415,ShamIbadiyya0000155,102,905,1321,302,84
32,901,1162,ShamAY0038413,65,1075,1298,140,62
32,283,554,Tafsir02091,254,1187,1470,176,72
32,829,1162,Shamela0021715,5747,620,920,203,75
32,0,554,Shamela0021715,8755,460,1002,415,91
32,7,489,Shamela0006947,15341,1196,1592,227,54
32,1175,1337,Shia004030Vols,368,160,356,123,81
32,1350,1448,Shia004030Vols,708,316,453,75,69
32,1175,1337,Shia004030Vols,1003,827,1025,124,81
32,1175,1337,Shia004030Vols,1004,311,510,124,80
32,1175,1337,Shia004030Vols,1560,489,685,121,80
32,1346,1448,Zaydiyya0000213,1,1111,1243,74,68
32,829,1162,JK000110,963,275,574,198,73
32,0,554,JK000110,1567,821,1361,415,91
32,829,1162,PV2024060602,963,275,574,198,73
32,0,554,PV2024060602,1567,821,1361,415,91
32,0,308,PV2024060602,3303,1158,1471,241,95
32,314,554,PV2024060602,3304,0,240,185,96
32,602,734,PV2024060602,3325,0,168,102,77
32,763,1162,PV2024060602,3389,79,558,310,82
32,836,1162,PV2024060602,3741,596,955,229,78
32,0,415,ShamIbadiyya0000438,838,648,1034,288,83
32,836,1162,JK000141,23,351,710,229,78
32,978,1162,Sham19Y0016684,1357,0,165,123,83
32,0,202,Sham19Y0016684,1799,1337,1547,161,93
32,202,554,Sham19Y0016684,1800,0,331,254,89
32,905,1097,Shamela0026662,97,1324,1534,112,58
32,235,554,JK000746,123,837,1155,224,83
32,61,554,JK007074,1974,475,920,257,60
32,29,415,JK007074,2008,991,1252,163,53
32,0,335,Shamela0000140,2122,708,1077,265,88
32,0,554,Shamela0008203,109,233,843,316,58
32,1015,1162,Sham19Y0013605,2993,62,194,97,82
32,0,279,Sham19Y0013605,4144,222,510,222,95
32,288,554,Sham19Y0013605,4144,1276,1521,189,88
32,901,1162,Shamela0023644,1748,584,868,201,89
32,0,554,Shamela0003118,3861,4,571,433,95
32,875,1162,Sham19Y0132618,10,305,587,185,75
32,901,1162,Shamela0096283,310,111,352,169,78
32,905,1162,JK000381,1047,1048,1311,191,92
32,0,554,Shamela0010517,2043,39,579,414,91
32,901,1162,Shamela0004473,3616,557,879,198,78
32,915,1162,JK007044,6661,613,876,192,92
32,1175,1337,Shia001432Vols,12652,939,1130,121,82
32,14,424,JK000298,656,307,634,242,74
32,836,1162,JK009185,29,339,709,228,75
32,1341,1448,Shamela0008473,3810,686,847,80,63
32,1350,1448,Shia001353,53,1013,1146,75,71
32,1350,1448,Shia001353,76,81,214,75,71
32,1175,1337,Shia001353,102,812,1008,121,79
32,1175,1337,Shia001353,149,775,973,124,81
32,1175,1337,Shia001353,150,225,422,124,81
32,1175,1337,Shia001353,366,1205,1405,124,80
32,836,1162,JK000568,62,126,454,220,79
33,735,1129,Shamela0029751,5,776,1191,283,83
33,340,492,JK001324,235,1061,1218,120,95
33,505,716,Masaha002473,71,486,759,155,72
33,848,1129,Shamela0005772,77,35,302,175,73
33,555,713,Kraken230110004547,421,5,164,120,97
33,296,492,Rafed0002654Vols,379,809,1042,136,74
33,352,492,Rafed0002654Vols,742,0,134,108,95
33,296,492,Rafed0002654Vols,1632,992,1231,137,73
33,505,713,Rafed0002654Vols,2025,754,1033,154,71
33,329,474,Rafed0002654Vols,3238,1303,1447,116,99
33,511,716,Rafed0002654Vols,5655,40,328,148,66
33,555,713,Rafed0002654Vols,7255,756,921,114,89
33,555,716,Rafed0002654Vols,7256,451,604,113,91
33,555,716,Rafed0002654Vols,7258,411,564,115,93
33,555,713,Rafed0002654Vols,8480,764,912,111,92
33,105,492,Rafed0002654Vols,8613,199,487,191,63
33,320,492,Rafed0002654Vols,8619,1189,1377,128,82
33,63,487,Rafed0002654Vols,8627,945,1337,190,45
33,0,98,Rafed0002654Vols,8839,850,945,74,96
33,757,1044,Rafed0002654Vols,8948,1086,1266,115,49
33,329,492,Rafed0002654Vols,12341,138,301,131,100
33,0,190,Rafed0002654Vols,12350,147,336,146,99
33,555,716,Shia002093,176,15,172,118,96
33,848,1138,Sham19Y0127656,366,1027,1276,161,67
33,751,902,Shamela0025794,3574,1305,1464,119,93
33,902,1129,Shamela0025794,3575,0,234,174,92
33,110,492,Tafsir04056,6090,970,1405,189,48
33,845,1129,JK007043,2257,0,281,202,85
33,729,979,Sham19Y0020591,757,1203,1490,194,85
33,984,1129,Sham19Y0020591,758,4,412,113,35
33,340,487,Zaydiyya0000288,516,0,143,106,85
33,0,492,Zaydiyya0000474,767,854,1452,201,32
33,729,1129,JK000482,314,682,1080,289,88
33,296,492,JK000906,8512,1222,1445,138,77
33,334,492,JK000916,15709,480,630,116,90
33,511,705,JK000916,16146,1161,1434,141,65
33,751,1044,JK000916,26151,536,719,127,54
33,751,1129,Shamela0021809,2442,1036,1435,290,90
33,340,492,Rafed0000609Vols,32,15,179,122,92
33,236,492,ShamAY0034282,1737,40,598,157,32
33,729,1129,Sham19Y0018106,2216,897,1339,296,84
33,555,716,ShamAY0034005,1069,15,167,114,93
33,63,487,ShamAY0034005,1081,34,838,245,38
33,804,1129,ShamAY0034005,1082,0,326,243,91
33,729,1129,JK000481,140,594,1014,275,80
33,105,447,Shamela0036446,1287,1119,1353,149,57
33,845,1074,Sham19Y0145435,5395,1210,1434,153,76
33,283,456,JK000961,301,1186,1493,114,46
33,729,1129,ShamAY0032748,5,897,1334,288,80
33,209,492,Shia004037,54,750,1245,217,54
33,63,492,Shia004037,57,148,677,189,43
33,63,492,Shia003754Vols,36,185,1207,283,36
33,329,492,Zaydiyya0000091,5,324,487,131,100
33,771,1129,JK006838,1740,10,372,255,83
33,555,716,Shia001174Vols,3085,1183,1345,117,92
33,378,492,Shia001174Vols,5877,0,120,93,95
33,296,492,Shia004092Vols,898,721,945,131,75
33,296,492,Shia004092Vols,2053,245,469,134,75
33,347,492,Shia004092Vols,3620,0,145,117,100
33,529,716,Shia004092Vols,5986,185,452,135,65
33,555,713,Shia004092Vols,7567,1189,1356,114,88
33,555,716,Shia004092Vols,7568,906,1059,113,91
33,555,716,Shia004092Vols,7570,853,1002,112,91
33,555,713,Shia004092Vols,8774,551,699,111,92
33,105,492,Shia004092Vols,8902,746,1031,189,63
33,63,492,Shia004092Vols,8903,119,366,107,31
33,320,492,Shia004092Vols,8909,216,404,128,82
33,105,492,Shia004092Vols,8910,319,614,170,53
33,340,487,Shia004092Vols,8917,34,181,118,100
33,0,98,Shia004092Vols,9102,1330,1425,74,96
33,757,1039,Shia004092Vols,9212,1254,1428,111,48
33,329,492,Shia004092Vols,12309,782,945,131,100
33,0,190,Shia004092Vols,12317,230,419,146,99
33,555,713,Sham19Y0017616,412,698,868,121,91
33,1148,1279,JK009256BK1,35,1037,1163,91,84
33,1142,1338,JK009141,95,1065,1302,152,79
33,105,716,JK009141,1395,474,1030,243,47
33,729,992,JK009141,1413,1136,1410,205,94
33,992,1129,JK009141,1414,0,121,93,84
33,334,447,Shia001551,10,316,423,80,90
33,729,1129,Sham19Y0018103,2114,381,823,296,84
33,729,1044,Shamela0023700,2165,91,480,216,68
33,729,1129,Sham19Y0018176,1180,121,563,296,84
33,105,501,JK006802,20,733,1184,188,39
33,729,1044,Shamela0023653,655,587,873,169,68
33,555,716,Shia003707Vols,57,487,642,115,92
33,511,713,Shamela0026668,32,1023,1291,149,71
33,735,950,JK000467,1943,1097,1355,161,78
33,729,1011,Sham19Y0014601,3207,411,738,217,84
33,729,1129,Sham19Y0013252,5305,400,842,296,84
33,555,713,Sham19Y0132524,2492,709,866,121,99
33,329,492,Sham19Y0132524,2515,33,198,131,98
33,203,492,Shamela0012981,1199,922,1375,159,42
33,329,713,Shamela0001727,1369,258,710,289,79
33,729,1129,Shamela0001727,1387,482,916,313,91
33,1142,1338,Shamela0001727,1390,97,338,153,78
33,840,1129,Shamela0035100,727,386,639,194,84
33,63,311,Sham19Y0122406,3615,22,318,149,67
33,258,492,Sham19Y0122406,3616,0,454,185,51
33,505,713,Sham19Y0122406,3616,1167,1453,160,72
33,751,1124,Sham19Y0122406,3667,0,403,293,92
33,1142,1338,Sham19Y0122406,3671,585,826,153,78
33,203,451,Shia004456Vols,121,1077,1550,195,52
33,340,492,Shia004456Vols,175,388,564,120,84
33,63,340,Shia004456Vols,177,840,1381,153,38
33,329,492,Shia004456Vols,178,188,352,130,98
33,63,492,Shia004456Vols,223,215,735,187,44
33,105,492,Shia004456Vols,272,250,586,180,47
33,352,492,Shia004456Vols,286,0,140,111,97
33,105,492,Shia004456Vols,290,322,597,174,57
33,283,492,Shia004456Vols,349,485,684,149,90
33,283,492,Shia004456Vols,436,778,1138,143,50
33,334,492,Zaydiyya0000022,44,490,650,120,89
33,329,492,Shia001553,92,1055,1221,130,97
33,340,492,Shia001553,93,258,415,121,96
33,729,1129,Sham19Y0131521,2774,850,1299,311,88
33,815,1097,Sham19Y0131521,2782,0,1004,202,25
33,848,1129,Sham19Y0020944,434,378,680,214,87
33,799,1129,Shamela0037837,465,41,378,240,86
33,729,1129,Sham19Y0018144,1112,0,454,297,81
33,105,492,Sham19Y0018144,2451,43,765,244,42
33,729,1129,Shamela0005756,9283,799,1253,296,82
33,352,492,Shia001544Vols,1889,68,203,109,95
33,543,691,Zaydiyya0000110,8,248,405,111,91
33,110,562,Shamela0001524,1359,9,819,281,44
33,203,492,Shia001555Vols,118,801,1316,229,56
33,340,492,Shia001555Vols,171,359,534,119,84
33,63,340,Shia001555Vols,173,830,1371,153,38
33,329,487,Shia001555Vols,174,178,337,127,99
33,63,492,Shia001555Vols,214,383,903,187,44
33,105,492,Shia001555Vols,263,454,790,180,47
33,105,492,Shia001555Vols,277,0,351,185,47
33,105,492,Shia001555Vols,281,583,858,174,57
33,804,1129,Sham19Y0016584,2368,883,1271,197,59
33,729,924,Sham19Y0016584,2368,180,391,139,83
33,924,1129,Sham19Y0016584,2369,204,506,123,49
33,555,713,JK009336,2409,957,1115,122,100
33,835,1129,JK009336,2470,683,995,216,85
33,329,492,JK009336,2487,128,291,131,100
33,555,716,Shia003729Vols,12,519,660,98,79
33,334,562,Shia002958,455,66,310,135,67
33,555,716,Shamela0008657,457,1244,1392,111,90
33,555,716,Sham19Y0020638,1124,1161,1319,120,97
33,63,492,Sham19Y0020638,1126,437,956,199,39
33,848,1129,Sham19Y0020638,1144,42,340,217,90
33,729,1079,JK000142,472,1088,1479,271,87
33,280,492,Rafed0003257Vols,4310,369,682,150,61
33,785,1039,Sham19Y0020881,964,0,253,148,72
33,511,713,JK000484,1383,88,379,150,66
33,296,492,Shia001404,126,812,1022,135,81
33,751,1044,Shamela0023100,626,33,223,125,52
33,63,492,JK007065,307,38,634,231,50
33,831,1129,JK007065,1159,573,862,203,80
33,63,311,Zaydiyya0000080,121,756,1449,149,28
33,329,492,Zaydiyya0000080,122,240,403,131,100
33,343,492,Masaha002336,135,0,145,118,96
33,936,1129,Masaha002336,159,159,365,126,68
33,334,492,Shia003636Vols,875,1193,1342,119,93
33,105,492,Shia003636Vols,1081,72,348,182,59
33,334,492,Shia003636Vols,10582,701,858,121,96
33,511,713,Shamela0010444,3,1058,1326,149,71
33,575,713,Zaydiyya0000142,2161,0,160,101,80
33,324,492,JK000474,1147,1053,1220,114,81
33,725,1129,JK000474,3846,403,841,291,82
33,729,1129,Shamela0021715,4923,1032,1470,295,84
33,828,1105,Shamela0021715,4924,758,1554,207,33
33,296,492,Shamela0006947,13692,1364,1586,138,77
33,209,492,Shia004030Vols,267,364,846,215,55
33,63,296,Shia004030Vols,269,1096,1342,66,33
33,329,492,Shia004030Vols,270,23,186,131,100
33,203,492,Shia004030Vols,709,143,636,225,57
33,126,492,Shia004030Vols,721,0,605,150,28
33,105,365,Shia004030Vols,966,1142,1492,115,41
33,365,501,Shia004030Vols,967,0,137,105,93
33,729,1129,JK000110,801,570,1010,293,83
33,729,1129,PV2024060602,801,570,1010,293,83
33,63,311,PV2024060602,3400,862,1161,149,66
33,203,713,PV2024060602,3401,30,830,387,60
33,729,1129,PV2024060602,3419,601,1035,313,91
33,1142,1338,PV2024060602,3422,218,459,153,78
33,729,1129,PV2024060602,5069,966,1412,310,88
33,729,1129,Sham19Y0016684,1197,338,781,296,84
33,329,492,Shamela0000140,717,755,917,129,98
33,729,1044,Shamela0002331,549,913,1237,188,71
33,775,924,Sham19Y0013605,2675,0,152,110,90
33,848,1129,Sham19Y0013605,2675,778,1060,162,71
33,334,456,Shamela0003118,4606,1324,1436,84,85
33,555,716,Shamela0003118,4727,97,249,114,93
33,555,713,Sham19Y0146127,706,357,512,107,84
33,505,716,Shia003697,5,570,849,156,71
33,751,1039,ShamAY0033545,13,1184,1493,165,65
33,555,716,JK007044,6696,132,280,106,84
33,296,492,Shia001432Vols,7678,429,612,133,85
33,334,447,Shia001432Vols,7680,939,1051,89,99
33,63,492,Shia001432Vols,11879,828,1405,205,41
33,343,487,JK000298,1270,768,921,102,82
33,296,492,Shia001392Vols,148,185,340,112,71
33,63,492,Shamela0008473,3811,189,671,270,71
33,555,713,Shia001353,21,75,248,116,85
33,203,492,Shia001353,55,123,629,229,57
33,329,492,Shia001353,77,228,391,131,100
33,329,492,Shia001353,80,127,290,129,98
33,505,713,Shia001353,367,132,433,156,66
33,334,447,Shia001368,87,8,115,85,94
33,924,1129,Shamela0010906,722,0,198,151,92
33,751,1129,Shamela0010906,1675,617,969,272,89
34,635,1084,Sham19Y0001729,2530,827,1334,325,77
34,0,122,Shamela0012403,663,593,724,89,88
34,219,408,Shamela0023685,1053,206,420,141,83
34,641,1030,JK000916,10995,1013,1398,300,96
34,135,408,Sham19Y0018106,4132,965,1245,193,87
34,641,861,ShamAY0034005,1114,1242,1447,161,93
34,861,1084,ShamAY0034005,1115,0,296,167,70
34,1103,1292,Shamela0008884,509,472,681,100,51
34,597,720,Shamela0008884,510,939,1078,90,83
34,674,1084,Sham19Y0017616,429,653,1141,314,81
34,1179,1399,Sham19Y0017616,439,9,475,117,31
34,1256,1399,JK009141,1264,569,715,113,97
34,597,835,JK009141,1319,1243,1496,184,91
34,835,1084,JK009141,1320,0,328,191,73
34,135,408,Sham19Y0018103,4068,89,369,193,87
34,135,408,Sham19Y0018176,2498,119,399,193,87
34,1103,1243,Sham19Y0013667,5550,660,851,109,71
34,609,1084,JK000467,1816,890,1347,335,86
34,720,1084,Sham19Y0132524,2602,0,442,279,79
34,94,975,Shamela0001727,1408,514,1473,522,60
34,975,1084,Shamela0001727,1409,4,188,80,55
34,1097,1243,Shamela0001727,1409,1070,1245,114,81
34,1256,1399,Shamela0001727,1410,1051,1198,114,97
34,94,408,Sham19Y0122406,3707,871,1195,213,80
34,274,1030,Sham19Y0122406,3708,543,1385,395,50
34,1097,1243,Sham19Y0122406,3709,1250,1425,114,81
34,1256,1399,Sham19Y0122406,3711,124,271,114,97
34,162,393,Shamela0037837,707,490,823,108,42
34,219,383,JK009324,3393,1329,1489,118,91
34,0,122,Sham19Y0018144,2483,605,730,94,97
34,135,287,Sham19Y0018144,2508,1225,1403,113,83
34,659,1084,Sham19Y0018144,2509,0,493,317,79
34,165,835,Shamela0001524,2711,1191,1477,208,39
34,835,1084,Shamela0001524,2712,0,328,192,73
34,165,1084,Shamela0001524,3198,46,661,397,50
34,597,876,Shamela0003722,2647,973,1246,188,81
34,194,408,Shamela0037325,172,631,843,160,95
34,135,408,Sham19Y0016584,4626,403,683,193,87
34,182,1084,JK009336,2449,525,1187,390,47
34,219,408,Sham19Y0020638,1164,1180,1376,145,95
34,677,1084,Sham19Y0020638,1165,186,671,312,81
34,25,122,JK007065,180,1093,1190,75,100
34,219,1084,JK007065,280,361,1024,387,50
34,231,408,Shamela0021715,10440,0,175,132,95
34,135,408,JK000110,1880,570,849,190,86
34,274,408,Shamela0026568,940,0,130,100,95
34,135,408,PV2024060602,1880,570,849,190,86
34,94,844,PV2024060602,3440,630,1458,417,54
34,1097,1243,PV2024060602,3441,1201,1376,114,81
34,844,1084,PV2024060602,3441,0,319,184,72
34,1256,1399,PV2024060602,3442,1183,1330,114,97
34,624,1084,JK000021,1461,14,494,307,72
34,211,408,Sham19Y0013605,4843,884,1088,118,68
34,677,1084,Shamela0003118,3400,910,1376,301,79
34,694,876,JK000166,10049,1111,1280,133,92
34,880,1059,JK000166,10050,500,693,122,73
35,167,431,Sham19Y0001729,90,0,206,151,71
35,151,502,Sham19Y0001729,2524,0,387,236,67
35,847,1463,Shamela0026484,608,196,826,349,55
35,923,1463,Kraken230110004547,503,502,1046,290,51
35,357,502,Sham19Y0127660,194,457,609,108,86
35,132,431,Shamela0025794,4842,527,762,156,63
35,139,431,Shamela0025794,4908,1133,1364,140,58
35,907,1463,ShamAY0035884,2317,592,1188,212,34
35,571,712,ShamAY0035884,3028,531,682,106,87
35,337,502,JK007043,697,1156,1295,108,76
35,100,431,Sham19Y0020591,1358,670,982,194,66
35,926,1390,Masaha001961Vols,1659,1009,1459,214,43
35,120,431,JK000761,232,906,1168,173,65
35,923,1463,Sham19Y0122257,3430,283,810,229,38
35,930,1463,Sham19Y0023644,3125,0,419,262,54
35,571,712,JK000916,3280,841,990,110,94
35,515,712,JK000916,3281,866,1078,123,71
35,106,431,JK000916,26438,884,1136,195,74
35,1023,1412,JK000916,26716,23,289,105,28
35,948,1463,JK010761,863,123,652,213,38
35,120,431,ShamAY0034005,98,199,496,187,66
35,402,712,ShamAY0034005,1131,356,695,146,50
35,907,1456,ShamAY0034005,1505,905,1425,199,35
35,926,1463,Shamela0036446,1413,711,1127,307,70
35,923,1463,Sham19Y0145435,5822,640,1172,294,53
35,521,712,Sham19Y0017535,33,652,882,133,69
35,124,431,ShamAY0033592,28,171,455,175,64
35,571,712,JK006838,1501,84,286,108,68
35,847,1406,JK006838,1563,917,1454,303,54
35,923,1463,Kraken230106005528,968,626,1435,299,39
35,124,431,Sham19Y0039268,406,563,848,184,67
35,156,502,Sham19Y0017616,437,615,996,234,67
35,923,1188,Sham19Y0017616,448,1133,1428,103,30
35,1188,1463,Sham19Y0017616,449,0,298,213,89
35,100,350,JK009141,189,27,260,168,83
35,515,712,JK009141,1454,958,1203,151,77
35,847,1463,JK009141,1471,715,1346,353,55
35,926,1463,JK009288,279,417,822,195,39
35,144,431,Shamela0096178,276,928,1156,168,73
35,515,712,Shamela0023700,203,37,291,144,69
35,923,1424,JK000216,195,991,1439,264,55
35,156,426,Sham19Y0014592,1790,322,516,141,65
35,179,431,ShamAY0032955,5,0,198,146,70
35,399,712,JK000467,1802,462,745,139,45
35,159,431,Sham19Y0132524,2617,1287,1491,160,74
35,923,1087,Sham19Y0132524,2668,1142,1306,130,100
35,1035,1463,Sham19Y0132524,2670,138,841,203,30
35,594,712,Shamela0012981,145,0,139,92,84
35,106,452,Shamela0001727,1413,1107,1499,245,72
35,402,712,Shamela0001727,1436,598,974,182,61
35,847,1463,Shamela0001727,1438,341,966,355,56
35,402,712,Sham19Y0148271,1704,1164,1479,160,62
35,847,1170,Sham19Y0148271,2085,1155,1489,252,91
35,96,431,Sham19Y0148271,2231,860,1139,163,57
35,926,1095,Sham19Y0145212,3698,543,729,135,90
35,1289,1463,Sham19Y0145212,3699,732,908,135,96
35,106,502,Sham19Y0122406,3719,229,671,286,75
35,402,712,Sham19Y0122406,3758,950,1326,182,61
35,847,1438,Sham19Y0122406,3761,873,1470,334,55
35,953,1075,JK000137,2293,0,118,94,96
35,100,431,Sham19Y0131521,4914,262,574,194,66
35,159,426,Sham19Y0020944,817,84,305,141,60
35,124,426,Sham19Y0018144,2517,437,850,172,44
35,402,735,Sham19Y0018144,2550,833,1211,159,47
35,731,834,Sham19Y0018144,2551,718,821,80,98
35,907,1463,Sham19Y0018144,2552,764,1227,210,39
35,402,712,ShamAY0034438,7,1034,1364,141,46
35,907,1463,ShamAY0034438,18,503,888,220,45
35,124,260,Shamela0001524,2499,1358,1520,104,80
35,260,502,Shamela0001524,2500,0,275,164,64
35,930,1456,Shamela0001524,2733,0,578,274,46
35,521,712,JK000326,19,212,430,117,68
35,147,431,Shamela0029967,161,275,500,166,73
35,847,1463,Shamela0021493,188,747,1347,358,59
35,515,662,Shamela0021493,251,1281,1488,111,68
35,853,1463,Shamela0004445,4142,0,611,334,54
35,935,1463,JK009336,2763,0,545,282,50
35,923,1463,Shamela0008657,605,638,1031,279,63
35,926,1383,JK000637,2457,491,835,122,26
35,147,431,Sham19Y0020638,1169,1229,1449,160,70
35,923,1463,Sham19Y0020638,1190,58,603,297,53
35,100,431,JK000142,838,915,1225,190,65
35,571,712,Shamela0012406,1004,1061,1225,108,84
35,597,712,Shamela0005848,90,36,151,89,99
35,923,1308,JK007065,1503,1073,1460,165,38
35,1308,1463,JK007065,1504,0,157,121,96
35,926,1463,JK007045,924,560,1139,291,49
35,847,1390,JK000474,4763,690,1102,145,26
35,106,421,PV2024060602,3445,1233,1494,197,76
35,402,712,PV2024060602,3468,728,1104,182,61
35,847,1463,PV2024060602,3470,477,1102,355,56
35,100,431,PV2024060602,5435,786,1096,190,65
35,120,431,JK001421,57,421,678,186,74
35,926,1463,Sham19Y0017063,1575,609,1168,291,50
35,124,431,JK000005,336,1115,1362,170,68
35,159,431,Shamela0003118,7882,1031,1235,161,74
35,930,1070,JK007044,6587,940,1445,105,26
35,156,399,JK000166,10618,127,369,121,48
35,124,431,JK000728,124,830,1115,181,66
35,91,431,Shamela0012579,14,226,546,171,55
35,511,712,Shamela0012579,386,1253,1486,124,68
35,731,861,Shamela0010906,1755,932,1046,80,79
36,307,848,Shamela0012014,97,819,1354,307,65
36,355,598,JK007070,592,884,1145,178,83
36,287,598,Shamela0012403,1039,374,738,226,75
36,272,761,JK000653,318,46,529,266,63
36,931,1093,JK001492,27,661,833,115,83
36,0,226,Shamela0026484,608,826,1052,178,98
36,302,598,JK007007,16,1046,1340,212,89
36,0,226,Kraken230110004547,503,1046,1272,177,97
36,1180,1377,Sham19Y0013572,1253,0,206,147,89
36,0,192,ShamAY0035884,2317,1188,1484,120,51
36,1124,1377,JK007043,1606,956,1223,189,92
36,931,1093,Sham19Y0020891,382,565,737,120,85
36,0,226,Masaha001961Vols,1660,330,576,170,83
36,0,226,Sham19Y0122257,3430,810,1036,177,97
36,1180,1377,JK000063,260,0,189,148,95
36,0,226,Sham19Y0023644,3125,419,632,161,87
36,0,226,JK000916,26715,441,674,138,71
36,0,226,JK010761,863,652,872,171,93
36,1218,1377,Shamela0036446,1078,0,153,119,96
36,0,226,Shamela0036446,1413,1127,1340,165,90
36,942,1093,Shamela0001535,1098,725,893,111,81
36,0,226,Sham19Y0145435,5822,1172,1398,178,98
36,0,226,JK000961,309,998,1222,160,82
36,0,226,JK006838,1564,59,286,176,96
36,0,226,Sham19Y0017616,449,298,524,178,98
36,976,1093,Sham19Y0017616,458,0,130,92,88
36,945,1093,JK007054,1019,90,243,109,87
36,551,848,JK009141,791,633,950,196,80
36,0,226,JK009288,279,822,1028,154,85
36,611,848,ShamAY0033733,6,1191,1400,157,85
36,0,226,JK000216,196,52,276,171,93
36,1180,1377,Sham19Y0014592,426,991,1201,147,87
36,333,598,Sham19Y0014592,669,849,1132,199,85
36,336,598,JK000080,883,874,1159,203,88
36,0,226,Sham19Y0132524,2670,841,1066,177,97
36,945,1093,Sham19Y0132524,2699,672,817,109,92
36,0,226,Shamela0001727,1438,966,1192,178,98
36,234,637,Shamela0001727,1443,704,1379,271,49
36,640,848,Shamela0001727,1444,6,217,161,98
36,872,1093,Shamela0001727,1452,755,993,167,87
36,1106,1377,Shamela0001727,1479,1125,1405,206,92
36,266,598,Sham19Y0148271,1081,1036,1412,250,83
36,0,226,Sham19Y0148271,2086,291,510,170,93
36,31,226,Sham19Y0145212,3700,347,539,143,92
36,40,226,Sham19Y0122406,3762,836,1022,146,97
36,234,808,Sham19Y0122406,3773,565,1418,401,59
36,917,1093,Sham19Y0122406,3793,6,179,131,93
36,1117,1377,Sham19Y0122406,3857,0,269,197,92
36,336,555,ShamAY0002038,339,1412,1637,174,95
36,370,598,Shia002264,416,1120,1355,177,93
36,302,598,JK000776,662,6,355,218,76
36,272,769,Sham19Y0018144,2563,53,646,285,58
36,0,226,ShamAY0034438,18,888,1108,130,70
36,1145,1377,JK000754,2471,1074,1266,149,82
36,0,226,Shamela0001524,2733,585,815,178,96
36,10,240,Shamela0009823,488,0,217,146,76
36,0,155,Shamela0021493,188,1347,1499,118,93
36,0,226,Shamela0004445,4142,611,841,177,94
36,1188,1377,JK009336,1746,0,183,142,96
36,0,226,JK009336,2763,545,770,175,96
36,0,226,Shamela0008657,605,1031,1255,173,93
36,0,226,Sham19Y0020638,1190,603,820,171,94
36,442,848,Sham19Y0020638,1195,0,367,213,65
36,942,1093,Sham19Y0020638,1200,703,858,112,89
36,0,226,Shamela0012406,1479,796,1077,147,66
36,0,1366,Shamela0030240,20,78,1415,1000,91
36,283,598,JK000484,2481,634,952,237,92
36,691,848,JK007065,590,37,625,100,21
36,1145,1377,JK007065,1042,1086,1313,175,96
36,0,226,JK007065,1504,157,383,178,98
36,0,226,JK007045,924,1139,1365,178,98
36,0,226,JK007082,673,1180,1399,124,65
36,611,761,JK009152,2088,15,170,113,94
36,326,598,ShamAY0000055,39,714,974,189,83
36,0,226,PV2024060602,3470,1102,1328,178,98
36,234,744,PV2024060602,3475,832,1391,284,62
36,551,848,PV2024060602,3476,9,333,197,79
36,872,1093,PV2024060602,3484,889,1127,167,87
36,1106,1304,PV2024060602,3511,1244,1456,155,92
36,0,226,Sham19Y0017063,1575,1168,1388,171,93
36,398,598,Shamela0000140,702,53,572,145,35
36,341,848,Shamela0008203,3,0,449,275,65
36,0,226,Shamela0023644,507,774,1014,143,68
36,0,226,Shamela0003118,1279,214,447,141,73
36,349,588,Sham19Y0146127,1297,0,213,160,83
36,0,226,Rafed0002297,71,1128,1343,148,80
36,333,598,JK009245,375,460,744,204,88
36,945,1078,JK000298,4534,799,922,93,88
36,1106,1377,Shamela0010906,2171,801,1060,196,90
37,747,927,Shamela0012014,304,871,1357,136,35
37,662,927,Sham19Y0001729,365,220,714,140,31
37,12,450,Sham19Y0001729,2117,1001,1472,289,73
37,120,293,Sham19Y0001729,2118,65,222,108,74
37,73,450,Shamela0008206,364,1056,1427,282,94
37,12,293,Shamela0008206,444,154,876,144,24
37,73,450,JK007004,146,1020,1413,272,85
37,12,450,JK000764,247,913,1325,265,71
37,724,927,Kraken230110004547,182,245,694,143,39
37,1287,1391,Kraken230110004547,499,155,260,80,97
37,1046,1201,Rafed0002654Vols,10722,864,1025,123,95
37,1016,1201,Sham19Y0127660,1367,679,861,129,84
37,714,927,Shamela0025794,3129,0,523,66,12
37,12,316,Shamela0025794,3790,321,753,187,53
37,676,927,JK000130,1153,752,1099,161,58
37,120,289,Shamela0011730,435,985,1152,119,88
37,668,927,JK000675,465,444,1050,187,39
37,120,289,Sham19Y0020891,6821,210,371,116,86
37,1252,1363,Shamela0008244,116,283,422,69,64
37,12,450,JK001503,3476,793,1230,287,77
37,744,927,Sham19Y0122257,1349,1292,1461,125,86
37,76,450,JK000028,76,575,953,283,94
37,691,927,JK000786,3067,1030,1312,176,78
37,1016,1201,JK000786,4264,68,241,118,80
37,120,289,JK000906,11417,248,428,115,77
37,8,169,Shamela0030294,31,1271,1429,120,94
37,12,316,Shamela0021809,2029,380,812,183,52
37,662,927,Shamela0021809,2580,94,648,182,41
37,1016,1201,Shamela0000956,877,352,520,117,79
37,73,450,Kraken220413030832,95,106,477,276,93
37,1016,1201,Shia003060Vols,95,536,718,131,88
37,8,450,ShamAY0034005,71,171,617,261,69
37,668,927,ShamAY0034005,1143,338,618,173,72
37,76,398,Shamela0001466,4096,1234,1556,219,79
37,175,450,Tafsir01005,6271,0,273,207,94
37,1046,1201,ShamAY0034435,11,628,801,121,86
37,60,450,JK009160,214,202,598,289,89
37,662,995,JK000481,119,707,1401,227,40
37,80,450,Shamela0036446,1054,1046,1388,257,87
37,140,289,Shamela0036446,1055,0,147,106,89
37,805,927,Shamela0036446,1317,0,160,90,69
37,12,450,JK001214,41,849,1311,322,86
37,503,635,JK001214,76,275,420,97,86
37,73,450,Sham19Y0013231,2818,328,680,217,66
37,1016,1176,JK000479,343,652,813,107,77
37,106,450,Shamela0008363,228,975,1307,192,64
37,76,450,JK000100,12,316,695,285,94
37,73,450,Shamela0023628,3672,1141,1532,282,89
37,126,289,Shamela0023628,3673,0,178,117,80
37,28,345,Shamela0000041,2765,1246,1545,192,72
37,1046,1201,Shia004092Vols,10869,776,937,123,95
37,12,450,JK009179,12,552,982,324,92
37,28,450,JK009179,111,4,455,264,73
37,120,289,Shamela0003055,126,982,1137,117,88
37,73,450,Sham19Y0017616,467,301,715,289,88
37,1287,1391,Sham19Y0017616,511,217,322,80,97
37,1043,1201,Sham19Y0017616,516,1067,1246,124,87
37,979,1201,JK009256BK1,4381,388,618,154,80
37,954,1201,JK009141,997,1215,1430,162,81
37,87,450,JK009141,1054,0,363,278,96
37,662,927,JK009141,1067,1083,1346,203,96
37,1214,1391,JK009141,1486,1233,1402,127,91
37,751,930,Sham19Y0014328,583,0,249,131,65
37,778,927,JK001187,192,1006,1188,98,65
37,778,930,JK000071,479,775,965,103,68
37,8,293,Shamela0011417,32,556,1197,192,38
37,593,927,Shamela0000782,1169,625,970,178,63
37,12,450,JK000585,1032,432,889,285,74
37,778,927,Sham19Y0014592,244,1164,1350,104,70
37,658,927,JK000485,1452,971,1453,176,44
37,778,927,JK000080,552,36,222,103,70
37,8,293,ShamAY0032946,16,76,698,180,35
37,983,1201,JK000467,2560,1075,1283,145,82
37,744,927,Shamela0036080,16,1267,1433,121,84
37,57,293,Shamela0030617Vols,27,0,555,151,33
37,175,450,Sham19Y0132524,2782,57,335,212,97
37,0,450,Shamela0001727,1487,209,666,344,95
37,662,927,Shamela0001727,1511,1016,1281,201,95
37,954,1201,Shamela0001727,1606,690,991,192,80
37,1214,1391,Shamela0001727,1609,811,993,135,94
37,12,316,Sham19Y0148271,1723,112,532,178,51
37,593,927,Sham19Y0148271,1908,826,1474,143,23
37,1046,1201,Sham19Y0148271,2299,0,148,114,87
37,778,927,JK009241,972,1235,1426,102,67
37,744,927,Sham19Y0145212,1601,63,529,102,24
37,0,307,Sham19Y0122406,3872,525,836,235,95
37,334,450,Sham19Y0122406,3873,0,119,89,95
37,106,450,Sham19Y0122406,3874,509,1206,152,26
37,662,927,Sham19Y0122406,3927,648,913,201,95
37,954,1201,Sham19Y0122406,4115,111,411,193,81
37,1229,1391,Sham19Y0122406,4121,0,167,123,94
37,76,391,JK000539,1,1148,1478,185,65
37,1016,1201,Shamela0012220,2066,1027,1207,134,88
37,169,387,Zaydiyya0000059,1216,0,288,123,49
37,744,927,Kraken220414225529,7,83,567,138,35
37,106,403,Sham19Y0018144,2656,0,577,162,33
37,778,927,Shamela0006886,85,1090,1286,109,69
37,1252,1363,Shamela0009390,4,1158,1305,67,59
37,1016,1201,Shamela0003722,4435,808,987,137,90
37,662,927,Shamela0003722,6657,473,755,200,89
37,126,450,JK000698,63,0,345,246,89
37,95,450,Shamela0037325,193,27,386,272,95
37,747,927,JK009336,995,399,878,105,25
37,76,450,JK009336,2769,817,1186,283,95
37,73,450,ShamIbadiyya0000198Vols,708,983,1411,237,69
37,960,1149,Shamela0000767,4925,1175,1413,145,77
37,778,930,JK000081,742,4,195,103,68
37,73,224,Sham19Y0020638,1221,1288,1436,114,91
37,224,450,Sham19Y0020638,1222,0,227,173,97
37,1043,1201,Sham19Y0020638,1323,993,1157,125,95
37,1249,1363,JK001230,23,533,672,64,56
37,0,1114,Shamela0030240,21,51,1151,816,91
37,73,450,Shamela0008353,284,463,836,279,94
37,668,927,ShamAY0034134,9,569,901,189,71
37,76,450,Shamela0022653,65,960,1347,220,67
37,76,450,JK007065,199,818,1198,287,94
37,1043,1201,JK007065,1476,377,525,109,86
37,106,289,JK007045,21,738,952,133,76
37,1046,1201,JK000201,2919,627,787,121,94
37,8,316,JK000474,3437,673,1013,195,68
37,691,927,JK000474,3748,684,938,166,79
37,954,1201,JK000474,4681,1110,1335,149,75
37,778,930,Shamela0012884,366,1041,1230,103,67
37,120,360,ShamIbadiyya0000185,269,316,588,125,59
37,1046,1201,JK009214,34,695,856,123,95
37,0,224,Zaydiyya0000413Vols,761,1339,1558,163,92
37,224,450,Zaydiyya0000413Vols,762,0,227,163,88
37,0,450,PV2024060602,3519,330,787,344,95
37,662,927,PV2024060602,3543,1132,1397,201,95
37,954,1201,PV2024060602,3638,811,1112,192,80
37,1214,1391,PV2024060602,3641,933,1115,135,94
37,662,930,PV2024060602,6915,1042,1305,163,72
37,676,927,PV2024060602,8234,900,1247,161,58
37,8,293,JK000021,115,406,1084,162,28
37,691,927,JK000021,272,0,267,176,82
37,668,927,JK009158,711,942,1249,180,72
37,787,927,Shamela0000140,1905,0,676,90,16
37,120,289,JK000381,352,1284,1450,121,90
37,73,450,JK000381,2503,674,1051,286,95
37,73,450,JK000381,4950,830,1211,290,95
37,676,927,ShamAY0033910,1144,284,631,161,58
37,76,387,JK000166,9219,367,734,169,51
37,12,450,JK001487,45,601,1083,275,71
37,1016,1201,Shamela0022579,133,94,312,146,84
38,881,1186,Sham19Y0001729,2352,285,524,109,38
38,1007,1186,Shamela0000894,4816,400,579,141,100
38,933,1174,Shamela0009107BK1,130,997,1447,120,33
38,1007,1186,JK006898,18,466,645,141,100
38,699,857,JK006898,21,0,157,118,88
38,715,857,Hindawi049069206,4,0,142,106,87
38,1007,1186,Kraken230110004547,541,1311,1499,139,94
38,1007,1186,Sham19Y0013572,292,459,648,141,94
38,971,1186,Shamela0021765,2731,152,369,156,86
38,938,1186,Shamela0025794,752,865,1098,175,88
38,938,1186,Shamela0025794,851,926,1159,172,86
38,938,1186,JK009265,52,685,923,169,82
38,637,868,JK009265,55,459,878,168,49
38,630,857,JK000020,161,611,1032,166,48
38,944,1186,JK007049,56,1205,1445,167,83
38,938,1186,JK000786,4309,711,950,168,82
38,926,1186,Shamela0021477,353,1031,1284,177,81
38,676,857,Hindawi036480695,18,14,192,120,77
38,0,323,ShamAY0034005,22,109,449,143,46
38,944,1186,ShamAY0034005,1534,261,499,169,83
38,377,554,JK000022,268,453,690,113,59
38,164,304,Sham19Y0145435,5615,1418,1551,105,93
38,990,1186,Shamela0022721,470,671,865,149,94
38,152,323,Sham19Y0017616,509,5,170,125,92
38,676,1076,Sham19Y0017616,514,1166,1470,181,53
38,1076,1186,Sham19Y0017616,515,0,110,87,100
38,1007,1186,Sham19Y0127677,5132,464,595,92,61
38,1010,1293,JK009256BK1,2278,601,1041,162,45
38,327,562,JK009141,1499,992,1247,181,90
38,881,1186,JK009141,1512,719,1037,235,94
38,566,857,JK009141,1543,403,847,215,59
38,676,862,Sham19Y0014328,784,537,719,121,76
38,971,1186,JK000470,84,999,1299,140,56
38,92,323,Shamela0021536,565,58,299,164,86
38,1007,1186,Shamela0021536,614,399,578,138,98
38,938,1186,JK000485,1076,419,660,174,86
38,1007,1186,Shamela0001438,7454,372,503,91,61
38,952,1186,JK000467,2611,374,666,168,70
38,1010,1186,Sham19Y0132524,2980,1180,1356,139,100
38,575,857,Sham19Y0132524,2982,1315,1588,142,51
38,77,323,Shamela0001727,1613,1065,1320,181,90
38,327,562,Shamela0001727,1614,896,1151,181,90
38,676,857,Shamela0001727,1616,40,218,121,78
38,676,1186,Shamela0001727,1616,575,1052,291,67
38,898,1375,Shamela0001727,1617,588,999,193,46
38,938,1186,Sham19Y0148271,1210,334,571,172,86
38,148,323,Sham19Y0122406,4130,0,174,132,95
38,327,562,Sham19Y0122406,4131,589,844,181,90
38,575,857,Sham19Y0122406,4132,1075,1535,213,57
38,747,1186,Sham19Y0122406,4133,857,1287,263,65
38,938,1214,Shamela0001440Vols,942,476,740,193,85
38,971,1277,Shamela0012220,893,557,838,155,58
38,881,1190,ShamAY0034438,55,1051,1325,193,75
38,614,783,Shamela0001524,3244,1160,1505,131,46
38,1010,1186,Sham19Y0017903,990,76,252,137,98
38,1007,1186,Rafed0002565Vols,541,502,680,132,94
38,699,857,JK009334,11,996,1160,112,81
38,676,857,ShamAY0033590,56,609,787,120,77
38,938,1186,Shamela0004445,6820,928,1161,172,86
38,637,857,Shamela0004445,6823,656,1054,164,50
38,680,857,Hindawi068305130,117,892,1125,128,66
38,676,857,JK009336,2517,621,799,119,77
38,155,323,JK009336,2742,783,974,129,84
38,1010,1186,JK009336,2905,566,761,138,87
38,152,323,Sham19Y0020638,1329,563,747,130,89
38,676,1186,Sham19Y0020638,1331,416,912,268,56
38,1007,1186,JK007065,129,1016,1205,141,94
38,152,323,JK007065,154,495,675,124,88
38,676,857,JK007065,1277,507,685,121,78
38,676,857,Sham19Y0127668,36,210,415,123,71
38,671,857,Hindawi083096496,172,1017,1211,117,73
38,77,323,PV2024060602,3645,1192,1447,181,90
38,327,562,PV2024060602,3646,1024,1279,181,90
38,676,1186,PV2024060602,3648,708,1185,291,67
38,676,857,PV2024060602,3648,173,351,121,78
38,898,1375,PV2024060602,3649,727,1138,193,46
38,1000,1186,Sham19Y0017063,1345,1022,1212,144,96
38,887,1186,Shia001353,347,640,956,230,92
38,386,554,Shamela0010906,1088,679,890,114,69
39,872,1385,Shamela0000894,1339,79,628,377,87
39,0,579,Shamela0000894,1340,195,1140,431,57
39,1083,1385,JK000165,3197,621,901,206,85
39,373,579,JK000165,3198,493,787,128,54
39,461,579,Kraken230110004547,540,807,923,83,89
39,872,1380,Shamela0025794,5121,476,1100,296,57
39,645,806,JK009265,65,67,300,87,42
39,592,806,JK000020,179,813,1043,159,88
39,645,806,Sham19Y0122257,3091,1350,1510,125,99
39,645,806,Sham19Y0014119,530,627,783,122,96
39,872,1380,ShamAY0034005,1539,427,995,270,52
39,31,454,Shamela0036446,1431,721,1115,293,85
39,470,1385,Shamela0036446,1432,69,999,537,71
39,642,806,Sham19Y0017791,1821,1078,1241,127,99
39,132,579,Sham19Y0017616,519,0,813,327,51
39,872,1385,Sham19Y0017616,521,261,810,377,87
39,598,1317,JK009141,1536,584,1388,514,82
39,642,806,JK000216,223,1217,1380,124,97
39,658,806,Shamela0021536,694,1163,1313,109,89
39,12,579,Shamela0021536,716,542,1314,369,55
39,893,1385,Shamela0021536,717,0,488,337,82
39,12,454,Sham19Y0132524,3003,236,681,339,95
39,470,579,Sham19Y0132524,3004,112,224,84,96
39,911,1086,Sham19Y0132524,3010,840,1027,123,78
39,558,1385,Sham19Y0132524,3011,120,1013,336,35
39,658,806,Sham19Y0132524,3012,593,742,114,95
39,0,454,Shamela0001727,1630,670,1126,348,95
39,592,1024,Shamela0001727,1633,862,1381,312,77
39,1024,1385,Shamela0001727,1634,0,380,265,88
39,815,1380,Sham19Y0148271,2100,350,994,304,55
39,0,183,Sham19Y0122406,4158,1272,1454,145,98
39,183,454,Sham19Y0122406,4159,0,273,205,94
39,592,760,Sham19Y0122406,4164,1224,1397,128,94
39,826,1050,Sham19Y0122406,4165,1239,1486,168,86
39,1233,1385,Sham19Y0122406,4167,1259,1411,120,98
39,0,699,ShamAY0034438,115,223,1258,408,48
39,12,579,Sham19Y0132973,331,194,1068,362,51
39,1219,1385,Sham19Y0132973,332,0,173,129,93
39,645,806,Shamela0004445,6835,223,447,89,45
39,31,454,JK009336,2901,671,1095,324,95
39,470,579,JK009336,2902,105,218,84,95
39,442,1283,JK009336,2902,485,1467,453,56
39,1283,1385,JK009336,2903,0,104,80,96
39,31,454,Sham19Y0020638,1342,598,1022,315,92
39,470,579,Sham19Y0020638,1343,9,121,84,96
39,686,1385,Sham19Y0020638,1345,0,714,446,70
39,645,1330,Kraken22031816264700,295,319,749,233,42
39,642,806,Sham19Y0016976,1626,1310,1473,127,99
39,1083,1385,Shamela0008353,544,786,1112,215,81
39,645,806,Shamela0012398,14,352,512,125,99
39,642,806,JK007065,1481,551,715,128,100
39,645,806,JK007045,812,429,591,125,98
39,598,806,JK009152,2481,678,885,160,99
39,15,454,JK009214,126,964,1415,331,90
39,470,1385,JK009214,127,201,1004,433,51
39,0,454,PV2024060602,3662,786,1242,348,95
39,592,907,PV2024060602,3665,986,1379,222,73
39,907,1385,PV2024060602,3666,4,506,354,89
39,650,806,Sham19Y0017063,1383,819,974,121,99
39,1083,1326,Sham19Y0132618,196,1189,1478,163,66
39,368,579,Sham19Y0132618,197,266,765,116,30
39,645,786,JK007044,5953,250,557,110,45
39,1083,1385,JK000166,10623,169,456,213,86
39,0,579,JK000166,10624,283,879,329,59
39,0,579,Shamela0001441,7,76,911,419,62
39,826,1189,Shamela0001441,9,902,1363,195,50
40,666,894,Shamela0012014,137,247,498,179,88
40,604,894,Sham19Y0001729,2509,866,1145,192,80
40,4,215,Sham19Y0001729,2595,1258,1429,99,57
40,628,894,JK000778,646,429,676,177,80
40,666,894,AOCP20240501183,238,148,371,168,91
40,1012,1205,ShamIbadiyya0000193,797,410,566,124,80
40,135,361,JK006898,27,77,303,172,93
40,1012,1205,Meshkat00042485,2388,1223,1421,140,89
40,663,815,JK001492,615,1059,1237,120,84
40,1012,1205,Tafsir09050,816,1240,1396,124,80
40,666,894,Shamela0006879,86,370,621,177,87
40,1102,1434,Kraken230110004547,197,0,561,245,55
40,655,894,Shamela0012740,3,222,455,172,89
40,4,405,Shamela0025794,1241,587,873,164,52
40,604,894,Shamela0025794,3286,837,1193,213,72
40,4,355,JK009265,118,94,432,248,86
40,1008,1205,Sham19Y0020891,1673,1050,1432,146,46
40,4,361,JK000020,198,1050,1413,267,89
40,616,894,JK000639,33,1072,1354,195,82
40,1035,1434,Sham19Y0122257,2954,0,378,287,90
40,604,883,Sham19Y0023644,1706,1062,1339,201,86
40,374,715,JK000786,3735,127,431,87,27
40,650,894,JK000786,3848,26,310,127,51
40,374,576,JK000786,4275,184,459,112,44
40,1008,1205,JK000906,2368,855,1041,142,91
40,604,894,Shamela0021809,1821,70,426,213,72
40,903,1160,Shamela0008494,10,837,1076,159,76
40,604,894,Shamela0008494,175,1027,1299,183,71
40,980,1205,Shamela0021766,1224,73,292,174,97
40,1230,1362,Shamela0021766,3999,1329,1460,102,97
40,1222,1434,ShamAY0034005,1205,1098,1331,160,87
40,46,405,ShamAY0034005,1553,167,443,160,55
40,976,1205,Shamela0001466,609,275,521,164,80
40,624,878,JK009408,1641,1185,1400,143,66
40,976,1160,Tafsir01005,1922,1296,1477,138,95
40,1008,1205,Tafsir01005,2699,629,816,148,94
40,604,869,JK000481,63,329,985,183,34
40,1020,1434,Shamela0036446,1375,830,1130,222,66
40,976,1205,Shamela0010283,2506,194,416,175,96
40,604,886,Sham19Y0145435,5521,688,971,222,97
40,948,1113,Shamela0007798,3225,1333,1504,130,93
40,1008,1205,Shamela0023628,967,1291,1475,142,91
40,976,1205,Shamela0000041,734,973,1196,176,96
40,976,1205,Kraken230106005528,452,642,857,149,80
40,51,361,Sham19Y0017616,524,1140,1456,239,94
40,976,1249,Sham19Y0017616,531,1153,1404,194,89
40,1249,1434,Sham19Y0017616,532,0,198,145,92
40,663,894,Sham19Y0017616,535,94,327,182,97
40,976,1275,Sham19Y0014309,1242,1164,1443,178,74
40,75,361,JK009256BK1,2092,184,484,194,72
40,604,894,JK009141,949,104,400,228,95
40,907,1411,JK009141,960,950,1448,371,90
40,39,361,JK009141,1548,4,332,247,93
40,650,869,Shamela0023700,1585,897,1132,117,57
40,1263,1434,JK000057,183,1006,1185,124,87
40,696,894,JK000057,221,722,909,126,78
40,663,894,Shamela0021536,427,924,1178,178,87
40,980,1205,Sham19Y0014592,1870,852,1095,174,89
40,663,894,Shamela0012031,141,582,807,170,91
40,976,1205,JK000080,1111,1003,1231,174,96
40,666,894,JK000080,1143,519,781,180,85
40,666,894,JK000080,1304,89,324,173,88
40,686,894,JK000467,1636,0,211,157,89
40,1020,1140,Sham19Y0132524,2910,763,882,95,99
40,1140,1434,Sham19Y0132524,2911,663,949,213,87
40,123,355,Sham19Y0132524,3035,424,658,178,94
40,1008,1230,ShamIbadiyya0000050,2015,482,686,149,86
40,4,205,Shamela0001727,1640,1229,1444,157,92
40,205,361,Shamela0001727,1641,0,153,119,95
40,380,576,Shamela0001727,1642,579,787,151,92
40,604,894,Shamela0001727,1655,493,789,229,96
40,907,1434,Shamela0001727,1660,712,1237,397,92
40,1008,1205,JK000465,973,1003,1183,139,87
40,604,878,Sham19Y0148271,1534,1159,1500,202,71
40,976,1241,Sham19Y0145212,3136,105,337,175,84
40,1226,1434,Sham19Y0145212,3136,895,1104,160,95
40,4,361,Sham19Y0122406,4184,165,533,275,93
40,4,210,Sham19Y0122406,4185,500,662,95,56
40,380,576,Sham19Y0122406,4186,538,746,151,92
40,907,1366,Sham19Y0122406,4216,1007,1459,342,91
40,75,361,Tafsir09084,644,82,370,221,95
40,1008,1205,Tafsir09084,704,41,235,152,96
40,663,894,Tafsir09084,2350,1009,1254,161,78
40,431,576,Sham19Y0131521,5642,0,235,111,59
40,1008,1280,Shamela0006886,127,425,638,135,57
40,604,894,Shamela0003722,1723,490,772,215,91
40,46,405,JK000698,103,749,1014,151,52
40,4,361,Shamela0004445,6891,601,966,277,95
40,663,894,Shamela0004445,7213,1052,1285,160,79
40,1129,1434,JK009336,1082,0,289,223,91
40,440,576,JK009336,2920,654,796,108,95
40,75,361,JK009336,2922,1067,1372,218,89
40,666,894,JK009336,3092,939,1201,180,85
40,132,361,Sham19Y0020638,1351,0,233,170,88
40,663,894,Sham19Y0020638,1367,474,707,182,97
40,976,1434,Sham19Y0020638,1375,3,448,339,91
40,123,370,Kraken22031816264700,300,1164,1397,163,81
40,541,894,Shamela0012406,997,11,328,212,74
40,1065,1205,Shamela0021821,468,0,140,111,100
40,0,415,Shamela0030240,18,897,1191,84,20
40,650,894,JK000640,8,1013,1249,146,69
40,388,576,JK007065,1215,693,862,123,81
40,75,361,JK007065,1217,453,741,215,92
40,976,1434,JK007065,1220,549,978,330,90
40,650,894,JK007065,1284,720,1041,192,74
40,976,1434,JK007045,766,173,603,323,88
40,380,894,JK009152,2384,662,1089,237,56
40,610,757,JK000474,3126,1279,1430,114,94
40,89,361,PV2024060602,3673,0,274,210,95
40,380,576,PV2024060602,3674,699,907,151,92
40,604,894,PV2024060602,3687,626,922,229,96
40,907,1434,PV2024060602,3692,838,1363,397,92
40,610,894,JK000021,2879,198,486,219,94
40,1222,1434,JK000021,2894,302,533,151,80
40,1222,1434,JK000021,2928,862,1095,160,87
40,663,894,Sham19Y0017063,1438,0,247,173,84
40,666,894,JK000083,51,13,241,169,91
40,650,894,ShamAY0034809,503,1151,1397,189,95
40,1008,1272,Tafsir07057,1488,762,1027,159,73
40,10,361,JK000384,472,288,644,264,92
40,628,894,JK000055,119,1187,1456,201,92
40,903,1160,Sham19Y0020882,128,66,305,159,76
40,1255,1434,JK000298,1745,0,148,112,79
40,4,361,Shamela0008473,1424,788,1160,275,91
40,948,1205,Shamela0008473,1537,836,1093,197,95
40,4,179,Shamela0008473,3576,1346,1534,133,86
40,182,361,Shamela0008473,3577,0,174,134,93
40,4,405,Shamela0008473,4144,364,611,150,47
40,604,894,Shamela0008473,4551,1104,1453,213,74
40,746,894,JK005003,23,0,153,117,94
40,976,1205,Shamela0023578,995,356,581,170,91
41,159,370,Shamela0009107BK1,74,397,622,150,81
41,169,265,Zaydiyya0000454,69,1529,1624,75,98
41,265,384,Zaydiyya0000454,70,0,120,92,97
41,230,384,Shamela0025794,4174,4,171,117,89
41,149,384,JK007049,31,54,294,180,95
41,397,753,JK000786,2691,286,633,168,51
41,450,753,JK009175,4,380,677,152,51
41,177,384,Sham19Y0017616,315,546,772,161,90
41,162,384,Shamela0030327,75,218,426,138,74
41,42,384,JK000645,15,1001,1306,186,63
41,91,370,Shamela0026731,95,960,1253,167,63
41,42,384,Shamela0001727,1664,648,1044,261,83
41,467,748,Shamela0001727,1669,0,381,211,70
41,42,384,Sham19Y0122406,4223,154,550,261,83
41,397,730,Sham19Y0122406,4232,551,1027,247,66
41,450,748,JK008250Vols,383,730,1354,196,39
41,493,748,JK009336,3115,852,1137,127,57
41,177,384,Sham19Y0020638,1378,387,595,158,95
41,484,753,Sham19Y0020638,1381,473,750,151,67
41,42,384,PV2024060602,3696,776,1172,261,83
41,397,748,PV2024060602,3701,13,507,260,67
41,162,384,JK000607,18,136,345,139,74