ms1,b1,e1,id2,ms2,b2,e2,ch_match,matches_percent
1,1118,1316,Shia002945Vols,47,627,854,145,81
1,45,468,Shia002945Vols,50,860,1256,309,93
1,693,1401,Shia002945Vols,116,627,1140,330,57
1,693,906,Shia002945Vols,146,1048,1275,168,93
1,1175,1316,Shia000383Vols,468,31,181,105,87
1,76,540,Shia000383Vols,612,10,456,299,79
1,1215,1316,Shia000297,154,337,437,78,99
1,763,914,Shia001119,90,805,965,107,83
1,119,689,Shia001119,91,854,1393,278,50
1,779,1023,Shia000372Vols,428,0,251,180,85
1,693,914,Shia000209,49,1064,1283,161,90
1,914,1023,Shia000209,50,96,198,78,89
1,45,468,Shia000209,157,1021,1435,309,90
1,720,906,Shia000207,41,639,845,147,89
1,1178,1344,Shia000207,219,1121,1292,114,86
1,79,468,Shia000207,224,200,570,285,93
1,1118,1316,Masaha001130Vols,174,837,1039,147,93
1,45,468,Masaha001130Vols,182,30,449,302,85
1,1178,1316,Shia000317Vols,177,687,813,79,69
1,79,387,Shia000317Vols,192,1117,1436,211,78
1,735,1023,Shia000317Vols,658,1252,1521,206,86
1,720,906,Shia000317Vols,814,907,1095,137,92
1,79,387,Shia000063Vols,9,246,556,227,91
1,693,1023,Zaydiyya0000302,65,849,1184,256,95
1,1118,1316,Zaydiyya0000302,198,466,672,148,90
1,45,337,Zaydiyya0000302,328,1147,1423,210,91
1,507,794,Zaydiyya0000302,331,0,271,133,47
1,1221,1316,Shia000277Vols,13,1391,1486,74,100
1,763,921,Shia000277Vols,73,107,267,121,95
1,276,468,Shia000151,19,186,351,123,82
1,79,387,Masaha001108Vols,208,52,340,206,81
1,72,261,Shia001149Vols,9,924,1111,118,71
1,1178,1316,Shia000234Vols,253,688,830,100,90
1,720,906,Shia000234Vols,571,1247,1441,135,88
1,720,906,Shia000234Vols,793,400,592,139,91
1,0,640,Shia001114,36,827,1538,506,89
1,647,1417,Shia001114,37,19,883,595,87
1,287,468,Shia000220Vols,130,35,218,133,90
1,1175,1344,Shia000107Vols,27,130,316,111,75
1,76,468,Shia000107Vols,38,623,1004,276,86
1,717,906,Shia000107Vols,226,658,862,148,91
1,76,468,Shia001432Vols,24974,729,1148,261,77
1,717,914,Shia001432Vols,25267,280,481,129,80
1,1221,1316,Shia000298Vols,30,1110,1205,74,100
1,763,988,Shia000298Vols,266,1396,1618,175,96
1,1190,1328,Shia000152,285,0,183,89,61
1,79,387,Shia000126Vols,15,943,1237,206,82
1,79,468,Shia000291Vols,273,996,1360,281,92
1,45,468,PV2024060601,1075,800,1228,326,94
1,693,1023,PV2024060601,1107,632,971,257,94
1,72,261,PV2024060601,3738,178,365,118,71
1,1118,1316,PV2024060601,4921,686,897,147,86
1,45,526,PV2024060601,4923,160,679,317,72
1,693,1023,PV2024060601,6191,1012,1347,256,95
1,1118,1316,PV2024060601,6324,629,835,148,90
1,177,468,PV2024060601,6455,0,277,217,94
1,487,794,PV2024060601,6457,127,418,147,50
1,61,387,Shia000055Vols,38,57,379,214,78
1,720,1023,Shia000055Vols,110,613,793,129,52
1,1118,1316,Shia001157Vols,34,686,897,147,86
1,45,526,Shia001157Vols,36,160,679,317,72
1,1182,1383,Shia001217Vols,101,0,246,133,67
1,45,748,Shia001217Vols,113,207,798,361,56
1,693,1352,Shia001217Vols,266,643,1193,301,51
1,1178,1316,Shia000196Vols,54,849,999,107,91
1,276,387,Shia000196Vols,69,141,252,87,100
1,720,906,Shia000196Vols,159,688,890,140,87
1,495,643,Shia000196Vols,457,107,270,117,90
1,45,468,Shia001122Vols,1075,800,1228,326,94
1,693,1023,Shia001122Vols,1107,632,971,257,94
1,717,1023,Shia000218Vols,519,33,350,235,92
1,495,667,Shia000218Vols,649,554,734,115,81
1,1168,1316,Shia000218Vols,669,71,228,105,83
1,76,468,Shia000218Vols,702,419,797,286,93
1,720,1023,Shia000401Vols,230,1208,1519,215,83
1,720,1023,Shia000401Vols,299,511,826,212,81
1,732,1023,Shia000401Vols,407,964,1330,206,70
2,0,104,Shia002945Vols,39,1110,1214,79,97
2,968,1368,Shia002945Vols,56,1115,1537,309,91
2,1017,1368,Shia000383Vols,152,164,536,270,90
2,1017,1441,Shia000383Vols,346,922,1333,316,94
2,314,826,Shia001119,90,955,1473,218,46
2,0,956,Shia001119,91,198,771,233,25
2,1061,1441,Shia001119,92,86,452,249,74
2,186,507,Shia001119,99,205,585,207,68
2,504,627,Shia000372Vols,489,981,1106,92,92
2,968,1441,Shia000209,162,361,873,363,88
2,960,1441,Masaha001130Vols,128,306,798,374,94
2,1032,1340,Shia000317Vols,100,173,496,224,86
2,808,1055,Shia000317Vols,103,1231,1432,116,59
2,504,627,Shia000317Vols,716,1306,1431,93,96
2,968,1441,Zaydiyya0000302,295,966,1445,278,64
2,968,1441,Zaydiyya0000302,334,664,1153,368,94
2,0,100,Shia000234Vols,201,573,673,79,100
2,1020,1215,Shia000234Vols,316,591,795,147,89
2,1017,1441,Shia000234Vols,331,382,813,316,92
2,1055,1428,Shia000234Vols,552,674,936,192,65
2,0,592,Shia001114,37,883,1535,471,90
2,592,1441,Shia001114,38,0,910,669,93
2,0,100,Shia000220Vols,92,824,924,79,100
2,1061,1441,Shia000220Vols,107,21,398,296,97
2,504,627,Shia002766Vols,686,781,905,89,89
2,655,956,Shia001432Vols,24968,177,496,164,63
2,1020,1316,Shia001432Vols,25051,1121,1413,183,68
2,968,1300,Shia001432Vols,25052,414,755,250,91
2,321,956,Shia001432Vols,25188,375,598,172,34
2,989,1438,Shia001432Vols,25198,478,899,281,73
2,497,627,Shia001432Vols,25204,188,319,100,98
2,1020,1441,Shia001432Vols,25246,954,1357,266,71
2,186,516,Shia001432Vols,26364,771,1015,194,73
2,1061,1438,Shia000298Vols,46,1019,1258,172,58
2,504,636,Shia000298Vols,333,922,1054,94,93
2,193,310,Shia001237Vols,112,254,371,93,100
2,0,100,PV2024060601,4903,1267,1367,79,100
2,960,1306,PV2024060601,4909,1075,1431,272,95
2,1306,1441,PV2024060601,4910,0,136,107,99
2,968,1310,PV2024060601,6421,1116,1472,189,57
2,968,1441,PV2024060601,6460,806,1295,368,94
2,0,114,PV2024060601,6463,107,217,87,96
2,1020,1441,Shia000055Vols,56,306,636,234,68
2,0,100,Shia001157Vols,16,1267,1367,79,100
2,960,1306,Shia001157Vols,22,1075,1431,272,95
2,1306,1441,Shia001157Vols,23,0,136,107,99
2,504,627,Rafed0003599Vols,995,71,195,89,89
2,0,100,Shia001217Vols,91,618,718,79,100
2,0,100,Shia001217Vols,93,175,275,79,100
2,984,1441,Shia001217Vols,126,0,460,345,92
2,647,956,Shia001217Vols,130,686,903,149,57
2,504,608,Shia001217Vols,269,1307,1411,78,96
2,0,104,Shia000196Vols,43,216,320,79,97
2,968,1441,Shia001352,47,320,803,277,63
2,1045,1441,Shia000218Vols,544,0,409,309,93
2,0,100,Shia000218Vols,570,1124,1224,79,100
3,0,204,Shia002945Vols,57,74,278,161,99
3,240,590,Shia002945Vols,124,0,389,132,34
3,1111,1278,Masaha000626,13,195,353,116,82
3,1111,1278,Shia000003,13,221,379,116,82
3,771,878,Shia000383Vols,184,1420,1517,77,90
3,0,198,Shia000383Vols,346,1333,1531,155,97
3,387,513,Shia001119,90,1026,1153,97,96
3,850,1066,Shia001119,92,630,809,115,66
3,0,224,Shia001119,92,471,695,160,87
3,1085,1315,Shia001119,110,581,797,165,89
3,778,951,Shia000372Vols,25,198,337,100,75
3,190,387,Shia000209,53,269,437,118,76
3,0,204,Shia000209,162,873,1077,161,99
3,0,258,Masaha001130Vols,128,798,1098,186,79
3,208,387,Masaha001130Vols,270,122,316,139,91
3,771,951,Shia000317Vols,109,100,271,129,92
3,269,509,Shia000317Vols,621,997,1179,119,57
3,204,381,Zaydiyya0000302,76,985,1172,134,90
3,0,251,Zaydiyya0000302,334,1153,1423,169,74
3,0,204,Shia000234Vols,331,813,1017,161,99
3,0,529,Shia001114,38,910,1486,416,91
3,529,1425,Shia001114,39,0,995,706,89
3,0,204,Shia000220Vols,107,398,602,161,99
3,747,996,Shia001432Vols,24968,472,697,146,76
3,778,975,Shia001432Vols,25026,580,775,141,91
3,0,322,Shia001432Vols,25052,135,529,227,72
3,269,509,Shia001432Vols,25138,888,1044,110,58
3,0,204,Shia001432Vols,25198,920,1133,159,94
3,1092,1315,Shia001432Vols,25280,816,1027,160,90
3,962,1066,Shia001432Vols,25325,1031,1135,78,96
3,53,204,Shia000298Vols,46,1269,1420,118,99
3,0,300,PV2024060601,4910,136,493,201,70
3,208,387,PV2024060601,4947,481,674,139,92
3,204,381,PV2024060601,6202,1143,1330,134,90
3,0,127,PV2024060601,6460,1295,1421,100,98
3,0,300,Shia001157Vols,23,136,493,201,70
3,208,387,Shia001157Vols,60,481,674,139,92
3,0,284,Shia001217Vols,126,460,775,180,66
3,224,387,Shia001217Vols,257,215,390,127,92
3,212,590,Shia001217Vols,258,877,1323,139,29
3,1092,1278,Shia001217Vols,436,470,652,145,96
3,647,759,Shia001352,6,739,863,85,87
3,0,322,Shia000218Vols,544,409,714,200,76
3,401,509,Shia000401Vols,309,388,498,78,81
4,1122,1265,Shia002945Vols,73,862,1277,98,30
4,1184,1342,Shia002945Vols,77,386,553,114,88
4,0,133,Shia002945Vols,217,657,804,104,89
4,137,324,Shia002945Vols,223,1272,1465,142,88
4,414,636,Shia002945Vols,228,48,306,173,84
4,414,624,Shia000209,124,563,785,165,93
4,441,733,Shia000207,115,376,667,155,59
4,171,410,Shia000134VolsBK2,235,681,903,157,81
4,783,970,Masaha001130Vols,840,942,1139,146,91
4,214,410,Shia000317Vols,4026,307,503,154,96
4,1180,1338,Zaydiyya0000302,184,316,485,122,91
4,1122,1231,Zaydiyya0000302,210,600,1086,74,20
4,414,682,Zaydiyya0000302,272,381,661,182,77
4,769,1076,Zaydiyya0000302,370,97,353,170,63
4,0,186,Zaydiyya0000302,840,654,851,118,76
4,137,496,Zaydiyya0000302,936,267,621,228,73
4,509,682,Zaydiyya0000302,938,9,181,124,91
4,288,410,Shia000277Vols,796,57,180,94,95
4,171,410,Shia000075Vols,216,861,1082,152,79
4,438,677,Shia000234Vols,1100,136,407,155,71
4,438,624,Shia000234Vols,4041,1231,1439,133,79
4,168,410,Shia000234Vols,4119,714,936,168,86
4,0,465,Shia001114,39,995,1512,361,88
4,475,1420,Shia001114,40,11,1071,735,87
4,171,410,Masaha001142Vols,43,799,1004,146,75
4,441,618,Shia000220Vols,403,73,245,123,86
4,171,410,Shia000220Vols,496,977,1206,166,86
4,171,410,Shia000182VolsBK2,543,752,1004,184,91
4,438,624,Shia000107Vols,1369,650,847,145,91
4,438,624,Shia000107Vols,1412,203,413,146,87
4,168,410,Shia000107Vols,1441,266,509,175,89
4,168,410,Shia001432Vols,25499,259,501,183,93
4,217,393,Shia000298Vols,1469,228,393,125,85
4,171,410,Shia000152,616,1018,1235,152,79
4,441,624,Shia000291Vols,852,1173,1358,140,95
4,171,410,Shia000291Vols,913,754,966,154,80
4,269,410,PV2024060601,1217,0,141,113,100
4,414,677,PV2024060601,1234,522,815,181,75
4,769,970,PV2024060601,5068,0,215,149,86
4,1180,1338,PV2024060601,6310,474,643,122,91
4,1122,1231,PV2024060601,6336,759,1245,74,20
4,414,682,PV2024060601,6398,531,811,182,77
4,769,1076,PV2024060601,6496,248,504,170,63
4,0,186,PV2024060601,6966,810,1007,118,76
4,137,496,PV2024060601,7062,424,778,228,73
4,414,682,PV2024060601,7064,43,336,177,77
4,171,374,Shia000263Vols,843,1402,1669,129,55
4,171,410,Shia000055Vols,607,769,1009,172,84
4,769,970,Shia001157Vols,181,0,215,149,86
4,171,410,Shia000121Vols,213,731,950,152,79
4,137,465,Shia001217Vols,665,129,487,221,77
4,414,682,Shia001217Vols,669,95,403,176,71
4,769,1076,Shia001217Vols,714,1165,1448,175,65
4,1184,1352,Shia001217Vols,861,984,1151,120,89
4,441,682,Shia000196Vols,273,1252,1510,159,74
4,171,410,Shia000196Vols,888,439,661,157,81
4,269,410,Shia001122Vols,1217,0,141,113,100
4,414,677,Shia001122Vols,1234,522,815,181,75
4,288,453,Shia000233,1088,508,655,107,81
4,441,644,Shia000233,1089,1344,1533,131,81
5,1084,1270,Shia002945Vols,366,895,1111,143,85
5,864,1324,Shia002945Vols,624,984,1348,117,32
5,578,1103,Shia001119,95,894,1229,239,56
5,460,962,Shia001119,96,444,1361,222,31
5,753,962,Shia001119,105,761,1314,129,29
5,95,217,Masaha001130Vols,109,358,492,94,90
5,597,749,Shia000317Vols,3301,1223,1377,117,98
5,1084,1239,Zaydiyya0000302,661,1302,1467,119,91
5,293,455,Shia002976,16,1056,1245,121,82
5,946,1080,Shia000234Vols,1605,1010,1143,103,97
5,0,363,Shia001114,40,1071,1481,279,87
5,363,1339,Shia001114,41,0,1083,755,89
5,626,749,Shia000220Vols,865,0,117,88,91
5,946,1103,Shia001432Vols,25008,9,158,110,89
5,923,1103,Shia001432Vols,25225,313,477,110,78
5,620,1080,Shia001432Vols,26363,0,265,203,56
5,597,749,Shia001432Vols,26523,848,994,111,92
5,760,853,Shia001432Vols,26533,735,828,72,100
5,760,853,Shia001432Vols,27055,1359,1451,68,94
5,333,455,PV2024060601,2864,0,135,95,89
5,95,395,PV2024060601,4906,844,1084,115,41
5,1103,1270,PV2024060601,6788,0,179,129,92
5,95,395,Shia001157Vols,19,844,1084,115,41
5,293,455,Shia001418Vols,452,771,933,122,96
5,597,749,Shia001217Vols,1638,144,295,115,96
5,760,853,Shia001217Vols,1666,520,612,68,94
5,597,1006,Shia001217Vols,1902,914,1309,160,36
5,284,455,Shia001217Vols,6855,152,335,125,88
5,753,873,Shia001352,19,40,153,85,90
5,333,455,Shia001122Vols,2864,0,135,95,89
6,338,558,Shia002945Vols,73,1190,1416,167,93
6,562,741,Shia002945Vols,74,3,175,129,91
6,861,1283,Shia002945Vols,366,186,562,177,44
6,573,727,Shia000383Vols,428,947,1105,119,94
6,731,1120,Shia001119,97,766,1087,174,55
6,199,334,Masaha001138,101,280,419,98,91
6,346,668,Shia000209,170,1212,1542,247,93
6,584,727,Shia000207,183,485,627,110,97
6,584,782,Shia000317Vols,2645,414,600,107,67
6,338,475,Zaydiyya0000302,211,1303,1452,107,88
6,475,911,Zaydiyya0000302,212,0,456,225,51
6,34,419,Zaydiyya0000302,546,361,750,191,56
6,1161,1283,Zaydiyya0000302,671,0,121,94,99
6,199,334,Masaha001108Vols,230,269,405,105,99
6,1081,1283,Shia001149Vols,122,898,1048,96,63
6,373,668,Shia000234Vols,1691,1290,1581,218,91
6,573,727,Shia000234Vols,1777,284,656,91,28
6,0,328,Shia001114,41,1083,1457,252,86
6,328,1377,Shia001114,42,0,1172,823,89
6,199,334,Shia000094Vols,56,1024,1175,94,80
6,584,1077,Shia000220Vols,733,460,1038,154,28
6,584,741,Shia000220Vols,2764,1021,1172,117,94
6,373,727,Shia000182VolsBK2,176,1081,1418,265,94
6,359,679,Shia000107Vols,524,1201,1496,227,89
6,148,334,Shia001432Vols,25961,855,1121,131,60
6,731,895,Shia001432Vols,25965,1303,1470,108,84
6,1117,1283,Shia001432Vols,25994,1114,1294,125,90
6,877,1006,PV2024060601,2913,1051,1192,99,90
6,1081,1283,PV2024060601,3851,134,284,96,63
6,338,911,PV2024060601,6338,9,615,332,59
6,34,419,PV2024060601,6672,520,909,191,56
6,1110,1283,PV2024060601,6797,121,293,134,99
6,338,741,Shia001217Vols,836,467,875,303,92
6,338,727,Shia001217Vols,877,543,778,161,50
6,738,842,Shia001217Vols,1132,350,454,82,98
6,148,334,Shia001217Vols,1137,11,184,133,93
6,1110,1283,Shia001217Vols,1170,207,379,133,99
6,846,1006,Shia001217Vols,1214,918,1088,123,93
6,0,393,Shia001217Vols,1902,113,266,103,34
6,584,727,Shia000196Vols,405,328,471,112,100
6,188,380,Shia001352,43,294,479,116,73
6,877,1006,Shia001122Vols,2913,1051,1192,99,90
7,621,883,Shia002945Vols,45,199,417,112,47
7,389,556,Shia002945Vols,360,752,941,128,87
7,880,1129,Shia001119,94,459,708,175,87
7,479,798,Shia001119,97,0,396,177,50
7,182,336,Shia001119,110,179,369,88,51
7,688,814,Shia000209,155,536,659,91,90
7,389,556,Shia002972Vols,1301,507,672,116,87
7,389,556,Shia000207,330,842,1020,121,86
7,389,570,Masaha001130Vols,628,827,1035,124,76
7,389,556,Shia000317Vols,1936,568,750,120,85
7,655,806,Shia000317Vols,1992,1158,1300,106,89
7,189,282,Shia000317Vols,2565,531,628,71,95
7,930,1111,Shia000317Vols,2755,0,184,130,86
7,659,889,Zaydiyya0000302,336,0,225,133,71
7,384,570,Zaydiyya0000302,552,397,601,124,77
7,422,556,Shia000277Vols,381,293,426,102,97
7,384,560,Masaha001108Vols,223,297,476,119,85
7,621,794,Shia001149Vols,3,1301,1437,98,73
7,373,560,Shia001149Vols,119,1116,1319,135,86
7,621,806,Shia000234Vols,153,1059,1207,106,74
7,389,556,Shia000234Vols,1573,71,260,123,84
7,655,889,Shia000234Vols,1632,955,1201,134,66
7,389,556,Shia000234Vols,1863,557,740,118,82
7,870,1129,Shia000234Vols,2628,1142,1403,183,86
7,0,310,Shia001114,42,1172,1517,241,89
7,310,1392,Shia001114,43,0,1221,841,87
7,389,556,Shia000220Vols,199,1186,1356,119,90
7,688,809,Shia000182VolsBK2,131,598,720,93,99
7,389,556,Shia000182VolsBK2,198,239,424,120,84
7,655,806,Shia000107Vols,13,1293,1424,94,78
7,389,556,Shia000107Vols,569,234,405,116,86
7,70,178,Shia001432Vols,25051,154,262,83,98
7,189,316,Shia001432Vols,25963,48,180,89,90
7,880,1129,Shia001432Vols,26044,653,901,177,88
7,655,1129,Shia001115Vols,509,88,559,253,53
7,389,556,Shia000152,333,724,907,117,82
7,389,556,Shia000126Vols,89,585,768,118,82
7,621,806,Shia000291Vols,255,327,477,104,72
7,389,556,Shia000291Vols,434,141,319,115,82
7,621,809,PV2024060601,3732,537,689,109,75
7,373,560,PV2024060601,3848,350,553,135,86
7,389,570,PV2024060601,5027,897,1105,120,74
7,649,889,PV2024060601,6462,140,374,140,72
7,384,570,PV2024060601,6678,553,757,124,77
7,389,570,Shia001157Vols,140,897,1105,120,74
7,389,556,Shia000399,121,691,864,116,85
7,621,862,Shia001217Vols,85,1125,1322,122,65
7,389,556,Shia001217Vols,874,54,240,120,83
7,189,414,Shia001217Vols,1139,509,676,92,49
7,829,1376,Shia001217Vols,1158,196,709,276,54
7,389,556,Shia000196Vols,447,93,273,121,85
7,655,814,Shia000218Vols,647,968,1148,117,84
7,662,806,Shia000218Vols,1023,0,139,97,87
8,137,417,Shia002945Vols,380,816,1143,174,64
8,421,696,Shia001119,93,946,1369,212,62
8,680,1052,Shia001119,94,698,1456,232,39
8,130,809,Shia001119,99,575,838,183,34
8,1049,1156,Shia000317Vols,2649,703,810,78,96
8,257,417,Shia000317Vols,2748,1192,1413,127,71
8,1034,1187,Shia000317Vols,2749,166,326,95,71
8,1061,1382,Shia000234Vols,2629,0,373,124,30
8,0,254,Shia001114,43,1221,1524,199,82
8,254,1426,Shia001114,44,0,1294,924,90
8,1007,1363,Shia001114,45,1194,1547,137,36
8,236,417,Shia001114,97,299,489,124,82
8,257,417,Shia000220Vols,757,766,928,111,85
8,680,1052,Shia001432Vols,26043,718,1088,140,37
8,1027,1382,Shia001432Vols,26044,876,1270,147,34
8,809,961,Shia001432Vols,26045,1142,1453,118,46
8,1020,1426,Shia001432Vols,26195,454,862,160,37
8,428,696,Shia001432Vols,26540,998,1405,207,62
8,137,417,Shia001115Vols,510,146,461,132,53
8,1049,1187,Shia001115Vols,510,848,987,88,77
8,687,790,Shia001237Vols,513,517,619,80,99
8,286,417,PV2024060601,2967,4,135,105,100
8,257,417,Shia000263Vols,1363,693,854,111,85
8,257,417,Shia000263Vols,3271,1227,1397,109,81
8,286,933,Shia001217Vols,1158,477,1084,216,32
8,930,1069,Shia001217Vols,1159,0,152,102,83
8,137,417,Shia001217Vols,1266,57,375,173,65
8,428,696,Shia001217Vols,1272,1035,1342,152,59
8,26,809,Shia001217Vols,1275,991,1275,180,29
8,286,417,Shia001122Vols,2967,4,135,105,100
9,1029,1178,Shia002945Vols,366,189,353,116,90
9,1029,1236,Shia002945Vols,382,438,663,155,88
9,408,561,Shia002945Vols,428,149,315,122,91
9,13,169,Shia002945Vols,567,930,1109,121,85
9,46,898,Shia001119,93,956,1469,138,14
9,922,1427,Shia000317Vols,2749,67,326,186,46
9,653,776,Shia000317Vols,2752,510,629,95,96
9,787,911,Shia000317Vols,2781,775,903,97,96
9,787,911,Shia000317Vols,2794,1062,1190,97,96
9,1029,1236,Zaydiyya0000302,670,909,1131,156,90
9,1029,1225,Shia000111Vols,74,993,1199,149,90
9,1298,1427,Shia000234Vols,2629,4,126,83,81
9,152,312,Shia000234Vols,2663,666,821,115,89
9,769,911,Shia000234Vols,2719,1185,1319,105,94
9,8,219,Shia001114,44,1314,1550,165,88
9,219,1427,Shia001114,45,0,1355,949,88
9,1201,1427,Shia000220Vols,757,203,437,141,76
9,610,776,Shia000220Vols,758,0,142,96,73
9,1233,1427,Shia001432Vols,24940,1133,1329,151,98
9,1289,1427,Shia001432Vols,26044,898,1036,89,77
9,569,776,Shia001432Vols,26047,678,885,149,86
9,13,872,Shia001432Vols,26540,956,1480,127,14
9,565,776,Shia001115Vols,509,47,256,162,96
9,1212,1427,Shia001115Vols,510,759,987,159,90
9,408,561,PV2024060601,1333,482,647,122,92
9,8,173,PV2024060601,3952,568,754,127,86
9,1029,1236,PV2024060601,6796,1064,1286,156,90
9,606,776,Shia000263Vols,1363,1437,1581,98,72
9,1201,1427,Shia000263Vols,1364,901,1137,144,78
9,587,1108,Shia001217Vols,1122,1018,1301,115,28
9,1080,1427,Shia001217Vols,1158,611,920,139,46
9,1236,1427,Shia001217Vols,1267,467,667,145,93
9,13,169,Shia001217Vols,1272,602,767,122,92
9,769,911,Shia001217Vols,1368,347,485,105,91
9,351,561,Shia001217Vols,1372,985,1219,135,71
9,408,561,Shia001122Vols,1333,482,647,122,92
10,595,768,Shia002945Vols,82,732,918,127,87
10,285,633,Shia002945Vols,378,741,1057,154,53
10,695,1152,Shia001119,94,936,1336,178,38
10,930,1215,Shia001119,99,333,630,101,28
10,58,496,Shia001119,102,807,1263,150,29
10,581,754,Masaha001130Vols,758,778,967,132,87
10,148,320,Shia000317Vols,2760,447,631,114,80
10,581,727,Zaydiyya0000302,219,1288,1445,115,91
10,4,131,Zaydiyya0000302,553,947,1086,100,90
10,285,637,Zaydiyya0000302,670,428,752,203,71
10,148,281,Shia000234Vols,2707,280,416,103,96
10,58,369,Shia000234Vols,2710,60,326,171,70
10,4,157,Shia001114,45,1371,1547,121,85
10,157,1405,Shia001114,46,0,1397,977,88
10,148,320,Shia000220Vols,759,1012,1195,112,79
10,930,1152,Shia001432Vols,25023,974,1245,128,60
10,930,1169,Shia001432Vols,26043,583,868,135,61
10,292,940,Shia001432Vols,26045,1061,1426,218,39
10,58,369,Shia001432Vols,26049,537,1167,203,39
10,9,323,Shia001432Vols,26082,713,1033,184,71
10,148,281,Shia000298Vols,990,291,417,93,87
10,292,577,Shia000296,101,1248,1453,104,43
10,148,281,Shia001237Vols,708,847,983,99,93
10,292,577,Shia000291Vols,466,314,519,104,43
10,4,137,PV2024060601,1382,1130,1275,105,91
10,581,768,PV2024060601,5048,11,231,136,78
10,581,754,PV2024060601,6346,0,185,135,92
10,4,131,PV2024060601,6679,1106,1245,100,90
10,285,637,PV2024060601,6796,583,907,203,71
10,148,320,Shia000263Vols,1367,485,673,115,78
10,581,768,Shia001157Vols,161,11,231,136,78
10,765,947,Shia000376Vols,88,921,1110,119,74
10,595,768,Shia001217Vols,853,951,1145,123,79
10,937,1065,Shia001217Vols,855,1017,1142,95,95
10,285,1010,Shia001217Vols,1158,677,1312,261,35
10,52,275,Shia001217Vols,1275,1131,1398,122,57
10,148,281,Shia001217Vols,1898,1190,1323,103,98
10,4,137,Shia001122Vols,1382,1130,1275,105,91
10,930,1065,Shia000218Vols,1024,1110,1241,98,93
11,832,1315,Shia001119,93,0,480,244,46
11,368,545,Shia001119,93,106,280,135,97
11,4,378,Shia001119,132,389,598,150,51
11,1112,1315,Shia000317Vols,2875,523,727,159,98
11,822,929,Shia000317Vols,2918,1165,1271,83,93
11,78,355,Shia000317Vols,4740,1209,1352,87,37
11,191,525,Shia000234Vols,2346,23,245,161,61
11,1083,1280,Shia000234Vols,2857,1316,1497,137,87
11,4,124,Shia001114,46,1413,1544,95,90
11,124,1420,Shia001114,47,0,1467,1021,88
11,11,285,Shia000182VolsBK2,314,1344,1566,89,40
11,191,525,Shia001432Vols,25803,167,363,151,58
11,542,738,Shia001432Vols,25847,471,666,145,91
11,11,355,Shia001432Vols,26127,366,545,138,51
11,1083,1315,Shia001432Vols,26210,475,697,169,91
11,822,960,Shia001432Vols,26232,1089,1230,97,87
11,375,531,Shia000298Vols,789,1216,1373,120,98
11,542,724,Shia001217Vols,981,390,572,140,95
11,78,355,Shia001217Vols,1290,616,737,87,40
11,191,525,Shia001217Vols,1383,229,434,156,60
11,1083,1315,Shia001217Vols,1418,960,1183,168,91
12,877,1065,Shia002945Vols,409,775,974,140,89
12,718,865,Shia002945Vols,461,0,161,113,90
12,522,772,Shia001119,93,1071,1247,128,62
12,1178,1338,Shia001119,98,93,247,110,87
12,947,1420,Shia001119,101,849,1171,120,28
12,749,865,Shia001119,102,1251,1364,86,96
12,70,532,Shia001119,106,642,996,264,70
12,706,865,Shia000207,411,1171,1334,116,92
12,710,865,Shia000317Vols,3012,160,306,100,85
12,118,272,Shia000317Vols,3032,1250,1409,113,90
12,877,1043,Zaydiyya0000302,609,1269,1446,130,92
12,672,858,Zaydiyya0000302,632,1235,1432,143,92
12,706,865,Shia000111Vols,93,811,974,116,92
12,696,865,Shia000234Vols,2941,933,1106,120,90
12,130,272,Shia000234Vols,2960,0,146,107,91
12,947,1342,Shia001114,23,1012,1328,121,31
12,86,1441,Shia001114,48,16,1516,1068,90
12,706,865,Shia000094Vols,110,791,954,116,92
12,947,1342,Masaha001007BK1,23,212,504,124,34
12,706,865,Shia000220Vols,804,860,1010,100,80
12,706,865,Shia000182VolsBK2,336,167,357,111,75
12,901,1051,Shia000182VolsBK2,373,709,868,111,87
12,706,865,Shia000182VolsBK2,809,881,1044,116,92
12,909,1051,Shia000107Vols,869,1170,1310,108,95
12,761,865,Shia000107Vols,981,0,104,80,100
12,122,518,Shia001432Vols,26394,0,279,208,65
12,693,972,Shia001432Vols,26396,725,1024,126,43
12,522,772,Shia001432Vols,26540,1113,1286,129,64
12,86,389,Shia001432Vols,27516,322,499,128,53
12,749,865,Shia000298Vols,1054,1246,1362,89,100
12,749,865,Shia000296,120,642,758,89,100
12,706,865,Shia000152,490,1170,1328,111,88
12,749,865,Shia000291Vols,516,284,400,89,100
12,706,865,PV2024060601,3910,633,793,110,87
12,898,1065,PV2024060601,6736,0,176,125,89
12,721,865,PV2024060601,6759,0,156,111,91
12,706,865,Shia000263Vols,1515,176,326,99,73
12,706,865,Shia000370,87,400,541,97,79
12,522,772,Shia001217Vols,1272,1164,1356,139,69
12,86,272,Shia001217Vols,1443,897,1089,141,89
12,400,518,Shia001217Vols,1448,495,615,88,95
12,680,865,Shia001217Vols,1449,1195,1394,110,66
12,1062,1219,Shia001217Vols,1503,589,740,120,94
12,877,1051,Shia001217Vols,1515,587,770,134,91
12,1219,1320,Shia001217Vols,2216,995,1096,80,100
12,706,901,Shia000196Vols,674,854,1069,127,74
13,959,1280,Shia002945Vols,365,599,859,130,52
13,742,999,Shia002945Vols,409,79,382,175,73
13,1220,1394,Shia002945Vols,424,424,609,133,88
13,96,527,Shia001119,105,864,1314,280,72
13,1234,1424,Shia000207,455,1381,1594,126,76
13,619,999,Masaha001130Vols,1271,762,1193,160,34
13,1234,1424,Masaha001130Vols,1300,1220,1409,129,85
13,831,999,Shia000317Vols,3071,669,844,113,75
13,661,792,Shia000317Vols,3114,764,893,98,96
13,831,999,Shia000317Vols,3122,1330,1482,118,89
13,1234,1394,Shia000317Vols,3282,906,1060,112,89
13,627,993,Zaydiyya0000302,451,778,1187,188,53
13,1205,1408,Zaydiyya0000302,622,549,762,149,88
13,1009,1115,Shia000277Vols,686,359,464,78,96
13,959,1119,Shia001149Vols,123,416,552,95,78
13,828,1037,Shia000234Vols,3011,105,318,133,81
13,1231,1394,Shia000234Vols,3134,414,581,122,92
13,1234,1394,Shia000234Vols,3149,1305,1474,116,87
13,831,999,Shia000234Vols,4399,93,260,121,92
13,36,1394,Shia001114,49,0,1503,1066,89
13,831,1037,Shia000220Vols,820,1005,1190,112,68
13,661,804,Shia000220Vols,829,42,183,87,77
13,1231,1430,Shia000182VolsBK2,288,163,394,127,66
13,831,999,Shia000182VolsBK2,362,884,1067,131,91
13,661,792,Shia000182VolsBK2,363,1312,1455,101,90
13,828,1115,Shia000107Vols,734,140,521,130,43
13,828,999,Shia000107Vols,865,946,1112,117,82
13,874,1135,Shia001432Vols,26372,37,274,127,55
13,0,610,Shia001432Vols,26497,1192,1375,143,29
13,96,369,Shia001432Vols,27046,519,870,207,73
13,874,999,Shia000298Vols,1129,124,235,86,88
13,1234,1394,Shia000291Vols,612,487,654,119,90
13,959,1119,PV2024060601,3851,1067,1203,95,78
13,627,999,PV2024060601,5153,941,1345,196,56
13,627,993,PV2024060601,6577,925,1334,188,53
13,1205,1408,PV2024060601,6748,708,921,149,88
13,831,999,Shia000263Vols,1581,977,1141,110,81
13,627,999,Shia001157Vols,266,941,1345,196,56
13,661,792,Shia000121Vols,660,1289,1417,87,87
13,1234,1394,Shia000121Vols,708,117,279,114,89
13,1223,1424,Shia000370,224,41,230,120,77
13,877,999,Shia000370,473,0,125,95,96
13,1220,1408,Shia001217Vols,1373,1093,1279,137,91
13,627,843,Shia001217Vols,1500,323,566,141,75
13,894,1037,Shia001217Vols,1507,0,133,91,81
13,796,999,Shia001217Vols,1524,27,242,158,93
13,103,503,Shia001217Vols,1528,1088,1429,203,61
13,1234,1394,Shia000196Vols,724,771,936,120,92
13,96,358,Shia001352,19,139,417,192,85
14,390,616,Shia002945Vols,71,426,661,162,88
14,379,588,Shia002945Vols,616,1229,1450,160,92
14,588,829,Shia002945Vols,617,0,191,152,79
14,484,1365,Shia001119,96,0,1115,497,48
14,975,1413,Shia001119,105,119,477,172,50
14,175,439,Shia001119,131,199,541,174,62
14,379,829,Masaha001130Vols,1625,54,471,313,84
14,393,616,Shia000317Vols,1682,1134,1347,150,85
14,393,616,Shia000317Vols,1717,782,1002,154,89
14,364,843,Zaydiyya0000302,674,248,701,322,81
14,840,968,Shia000277Vols,680,1109,1229,94,93
14,439,696,Shia001149Vols,122,1208,1414,160,79
14,696,996,Shia001149Vols,123,0,384,163,53
14,393,610,Shia000234Vols,1605,556,772,156,93
14,985,1359,Shia000234Vols,3380,0,409,135,33
14,439,620,Shia000234Vols,3381,461,642,137,97
14,0,1380,Shia001114,50,33,1531,1085,91
14,393,584,Shia000220Vols,170,562,743,125,85
14,840,971,Shia000220Vols,926,128,251,96,93
14,393,616,Shia000220Vols,2746,1103,1316,150,87
14,413,616,Shia000182VolsBK2,165,0,215,150,88
14,182,323,Shia001432Vols,23117,1311,1448,108,97
14,430,662,Shia001432Vols,25008,148,386,164,82
14,379,670,Shia001432Vols,25225,272,653,164,55
14,436,1265,Shia001432Vols,26363,272,1275,495,54
14,670,1413,Shia001432Vols,26365,159,702,242,35
14,501,616,Shia000298Vols,83,0,115,89,100
14,1217,1333,Shia001615Vols,1065,381,494,88,97
14,393,557,Shia000291Vols,177,1367,1542,127,92
14,439,996,PV2024060601,3851,444,1035,315,62
14,379,601,PV2024060601,5220,1126,1349,169,96
14,601,829,PV2024060601,5221,0,179,142,77
14,364,843,PV2024060601,6800,395,848,322,81
14,379,601,Shia001157Vols,333,1126,1349,169,96
14,601,829,Shia001157Vols,334,0,179,142,77
14,390,616,Shia001217Vols,885,1037,1271,163,89
14,182,358,Shia001217Vols,1841,739,908,132,94
14,518,829,Shia001217Vols,1879,0,261,206,83
14,1210,1333,Shia001217Vols,1879,765,888,91,95
14,982,1084,Shia001217Vols,1893,1004,1106,81,100
14,840,1274,Shia001217Vols,1905,442,790,211,55
14,393,610,Shia000196Vols,390,507,721,155,90
14,393,616,Shia000061,33,653,863,147,85
14,390,616,Shia000218Vols,940,738,990,168,86
14,393,616,Shia000218Vols,976,831,1058,162,92
15,962,1149,Shia001119,98,505,653,86,52
15,255,413,Shia001119,99,73,219,113,90
15,397,701,Shia001119,102,699,1271,129,23
15,657,986,Shia001119,104,935,1347,172,52
15,499,690,Shia001119,105,424,614,148,97
15,1064,1287,Shia001119,106,1178,1397,166,92
15,141,393,Masaha001130Vols,214,823,1081,189,94
15,212,393,Shia000317Vols,732,190,376,132,90
15,212,393,Shia000317Vols,1909,841,1024,134,93
15,506,670,Shia000317Vols,2417,0,140,110,84
15,506,670,Shia000317Vols,3530,764,929,128,98
15,141,388,Zaydiyya0000302,38,676,937,192,94
15,1280,1408,Zaydiyya0000302,876,157,293,90,80
15,506,657,Shia000277Vols,677,1276,1427,117,98
15,216,393,Shia000234Vols,404,0,181,133,93
15,407,855,Shia000234Vols,3380,0,275,207,57
15,849,958,Shia000234Vols,3381,64,173,85,99
15,1091,1276,Shia000234Vols,3807,67,247,143,97
15,0,1342,Shia001114,51,36,1508,1056,90
15,506,684,Shia000220Vols,663,497,651,112,79
15,323,624,Shia000220Vols,924,661,1109,122,32
15,202,393,Shia000107Vols,239,896,1097,144,90
15,159,393,Shia001432Vols,25102,211,454,176,93
15,404,670,Shia001432Vols,26169,654,981,140,49
15,849,958,Shia001432Vols,26357,1249,1358,86,100
15,886,1094,Shia001432Vols,26364,255,486,106,53
15,266,684,Shia001432Vols,26365,16,830,245,37
15,499,670,Shia001432Vols,26370,710,880,132,97
15,499,690,Shia001432Vols,27046,344,535,148,98
15,1091,1287,Shia001432Vols,27664,558,752,146,92
15,255,393,Shia000298Vols,341,1353,1491,109,100
15,506,670,Shia000298Vols,857,487,626,110,84
15,237,393,Shia000296,79,780,928,102,77
15,506,670,Shia001237Vols,632,1460,1624,129,100
15,212,393,Shia000291Vols,420,381,565,135,92
15,141,393,PV2024060601,4932,202,470,195,93
15,141,388,PV2024060601,6164,867,1128,192,94
15,1280,1408,PV2024060601,7002,331,467,90,80
15,388,657,Shia000263Vols,1898,666,1048,121,40
15,141,393,Shia001157Vols,45,202,470,195,93
15,506,670,Shia000370,52,813,953,110,84
15,506,624,Shia000370,303,846,1235,76,23
15,154,393,Shia001217Vols,181,846,1101,184,91
15,681,876,Shia001217Vols,1897,733,925,135,84
15,849,958,Shia001217Vols,1903,936,1045,85,99
15,1091,1276,Shia001217Vols,1980,431,611,142,96
15,845,972,Shia001352,6,859,984,93,94
15,397,690,Shia001352,18,1092,1359,167,68
15,186,393,Shia001352,46,767,988,161,92
15,273,378,Shia000218Vols,252,0,105,84,100
16,1210,1379,Shia002945Vols,586,505,688,131,91
16,775,955,Shia001119,92,933,1099,129,89
16,146,652,Shia001119,107,0,803,261,37
16,945,1406,Shia001119,108,825,1194,267,71
16,0,275,Shia001119,109,1299,1535,113,42
16,1231,1379,Masaha001130Vols,1819,648,811,115,89
16,952,1138,Shia000317Vols,3886,1177,1358,140,93
16,1231,1379,Zaydiyya0000302,910,121,282,115,91
16,952,1225,Shia000277Vols,765,602,877,197,88
16,782,929,Shia000234Vols,1317,455,597,109,93
16,339,613,Shia000234Vols,3049,211,468,189,85
16,34,175,Shia000234Vols,3072,607,751,111,95
16,592,782,Shia000234Vols,3887,201,382,144,93
16,952,1291,Shia000234Vols,4003,741,1076,222,80
16,0,1423,Shia001114,52,97,1638,1139,91
16,585,782,Shia000049Vols,210,508,699,126,67
16,782,934,Shia001432Vols,25235,1130,1283,118,97
16,782,929,Shia001432Vols,25928,258,399,108,93
16,255,581,Shia001432Vols,26449,642,959,217,81
16,592,771,Shia001432Vols,27652,479,658,141,94
16,34,581,Shia001432Vols,27664,742,1236,321,70
16,592,782,Shia001432Vols,27851,351,538,148,95
16,945,1350,Shia001432Vols,28251,1193,1495,230,71
16,1231,1379,PV2024060601,5259,843,993,115,98
16,1231,1379,PV2024060601,7036,277,438,115,91
16,1231,1379,Shia001157Vols,372,843,993,115,98
16,952,1138,Shia000370,264,488,667,138,93
16,782,929,Shia001217Vols,786,927,1068,108,93
16,359,581,Shia001217Vols,1519,1179,1398,172,95
16,1268,1493,Shia001217Vols,1729,21,155,94,54
16,592,771,Shia001217Vols,1925,699,872,115,67
16,945,1299,Shia001217Vols,2025,957,1349,231,70
16,1210,1379,Shia001217Vols,2027,1133,1314,131,92
16,585,1423,Shia001352,19,407,1159,406,50
17,128,249,Shia001119,97,1321,1449,90,89
17,1176,1348,Shia001119,98,349,521,127,94
17,609,813,Shia001119,100,125,327,159,97
17,315,619,Shia001119,107,1185,1442,154,64
17,803,1016,Shia001119,109,1159,1436,170,73
17,616,799,Shia000317Vols,2212,778,961,146,100
17,135,225,Shia000317Vols,4430,854,953,69,90
17,1027,1172,Zaydiyya0000302,524,544,701,112,91
17,616,785,Shia000277Vols,437,1272,1441,134,99
17,474,609,Shia001149Vols,23,480,631,102,86
17,0,1302,Shia001114,53,123,1568,1024,89
17,1302,1436,Shia001114,54,0,147,106,91
17,616,799,Shia000220Vols,644,235,418,146,100
17,474,605,Shia001432Vols,23946,402,543,99,86
17,1043,1330,Shia001432Vols,26430,746,953,137,61
17,315,474,Shia001432Vols,27046,849,1009,122,96
17,565,799,Shia001432Vols,27169,88,292,160,85
17,803,1016,Shia001432Vols,27388,484,700,171,95
17,1059,1348,Shia001432Vols,27433,425,642,149,67
17,28,124,Shia000296,269,832,931,72,93
17,474,609,PV2024060601,3751,1225,1376,102,86
17,1027,1172,PV2024060601,6650,697,854,112,91
17,474,602,Shia001340,36,460,599,97,86
17,322,483,Shia001217Vols,947,743,915,115,86
17,1043,1285,Shia001217Vols,1463,1274,1449,114,59
17,1035,1172,Shia001217Vols,2172,557,706,106,91
17,28,160,Shia000196Vols,485,211,339,77,73
18,638,769,Shia001119,98,0,130,99,96
18,46,505,Shia001119,99,849,1187,163,38
18,1048,1185,Shia001119,104,1215,1354,97,89
18,772,989,Shia001119,105,0,232,121,63
18,314,485,Shia000365,177,39,287,131,64
18,231,485,Shia000317Vols,4373,1267,1439,133,64
18,766,888,Shia000317Vols,4648,498,610,86,91
18,238,485,Shia000234Vols,2386,1237,1408,122,61
18,1055,1152,Shia000234Vols,3313,238,335,76,100
18,0,1251,Shia001114,54,147,1548,983,88
18,1251,1421,Shia001114,55,0,195,136,87
18,1055,1152,Shia001432Vols,26663,1034,1131,76,100
18,623,755,Shia001432Vols,27335,565,697,99,97
18,759,982,Shia001432Vols,27353,1242,1466,128,71
18,496,604,Shia001432Vols,27408,402,510,85,100
18,108,227,Shia001432Vols,27433,628,754,94,94
18,231,485,Shia001432Vols,27535,285,457,132,64
18,496,630,Shia001217Vols,1657,244,392,96,83
18,1055,1152,Shia001217Vols,1687,1032,1130,75,97
18,766,888,Shia001217Vols,1693,958,1080,94,100
18,97,227,Shia001217Vols,2179,1128,1258,97,94
18,231,485,Shia001217Vols,2188,594,782,129,60
18,623,755,Shia001217Vols,2263,905,1034,100,97
18,231,440,Shia000061,47,1392,1513,97,57
19,991,1160,Shia002945Vols,403,258,442,125,87
19,167,327,Shia002945Vols,499,895,1064,119,87
19,327,474,Shia002945Vols,509,655,798,103,90
19,497,745,Shia002945Vols,511,167,420,175,86
19,0,190,Shia002945Vols,512,388,595,140,85
19,0,163,EShia0027411,83,518,673,98,71
19,327,451,Shia000211,13,953,1076,97,99
19,23,167,Shia001119,103,1121,1255,102,89
19,1091,1396,Shia001119,107,765,1066,191,75
19,17,190,Shia000207,478,967,1127,119,87
19,455,724,Masaha001130Vols,1607,1173,1441,203,93
19,500,724,Shia000317Vols,2679,11,227,155,87
19,5,163,Shia000317Vols,3410,1213,1386,117,84
19,500,731,Shia000317Vols,4531,1136,1355,159,87
19,327,455,Shia000317Vols,4641,1092,1220,98,97
19,17,163,Shia000317Vols,4718,858,991,95,81
19,455,613,Zaydiyya0000302,558,1256,1425,125,91
19,613,731,Zaydiyya0000302,559,0,118,94,100
19,991,1197,Zaydiyya0000302,602,1070,1271,136,80
19,0,182,Zaydiyya0000302,650,1220,1416,135,87
19,455,724,Zaydiyya0000302,675,309,576,201,93
19,500,724,Zaydiyya0000302,716,1209,1435,165,89
19,167,312,Zaydiyya0000302,899,694,854,114,90
19,0,520,Zaydiyya0000302,903,511,870,215,49
19,537,724,Shia000277Vols,538,950,1129,133,83
19,543,731,Shia000277Vols,885,1149,1342,148,95
19,327,451,Shia000277Vols,897,339,463,98,100
19,17,163,Shia000234Vols,539,1168,1300,95,81
19,500,724,Shia000234Vols,2659,38,266,169,93
19,17,163,Shia000234Vols,3298,968,1101,95,81
19,500,731,Shia000234Vols,4319,125,361,170,89
19,330,451,Shia000234Vols,4374,369,490,96,100
19,17,163,Shia000234Vols,4393,967,1100,95,81
19,23,163,Shia001114,28,567,693,92,84
19,0,1197,Shia001114,55,195,1535,941,88
19,1197,1448,Shia001114,56,0,278,201,89
19,23,251,Masaha001007BK1,27,1187,1390,101,43
19,500,724,Shia000220Vols,739,848,1064,146,77
19,500,731,Shia000182VolsBK2,295,841,1071,172,92
19,0,163,Shia000182VolsBK2,402,625,804,130,90
19,211,451,Shia000182VolsBK2,745,595,771,125,65
19,497,731,Shia000182VolsBK2,782,673,921,171,86
19,0,163,Shia000182VolsBK2,797,1433,1591,113,86
19,497,653,Shia000107Vols,758,1349,1501,108,86
19,208,451,Shia000107Vols,1200,968,1144,125,65
19,17,163,Shia000107Vols,1212,1150,1284,95,81
19,23,251,Shia001432Vols,3027,1069,1264,101,44
19,17,163,Shia001432Vols,27336,1093,1224,98,85
19,1204,1376,Shia001432Vols,27337,380,550,124,89
19,543,731,Shia000298Vols,971,656,847,147,95
19,23,163,Shia000298Vols,1781,1095,1224,92,82
19,0,163,Shia000296,258,618,781,121,93
19,500,731,Shia000296,320,301,530,165,88
19,211,451,Shia000296,322,222,392,115,57
19,17,163,Shia000296,323,58,184,101,85
19,327,451,Shia000296,356,97,221,98,100
19,17,163,Shia000291Vols,656,1280,1426,116,99
19,500,731,Shia000291Vols,718,584,813,165,88
19,211,451,Shia000291Vols,720,575,744,114,56
19,17,163,Shia000291Vols,721,327,474,117,99
19,466,731,PV2024060601,6685,0,277,210,95
19,991,1197,PV2024060601,6728,1232,1433,136,80
19,37,182,PV2024060601,6777,0,147,106,91
19,455,724,PV2024060601,6801,460,727,201,93
19,558,724,PV2024060601,6843,0,165,132,99
19,167,312,PV2024060601,7025,845,1005,114,90
19,0,520,PV2024060601,7029,667,1026,215,49
19,17,163,Shia000263Vols,1825,686,820,96,82
19,5,163,Shia000370,237,36,202,118,88
19,455,724,Shia001217Vols,1243,847,1098,195,91
19,1172,1376,Shia001217Vols,2230,867,1079,158,90
19,497,939,Shia001217Vols,2268,948,1463,224,49
19,0,223,Shia001217Vols,2277,130,351,141,75
19,327,512,Shia001217Vols,2284,845,1015,114,75
19,500,724,Shia000196Vols,608,128,355,170,94
19,500,731,Shia000196Vols,984,1340,1569,165,88
19,211,451,Shia000196Vols,1001,995,1164,114,56
19,17,163,Shia000196Vols,1010,392,527,97,83
19,17,163,Shia000196Vols,1017,566,699,95,81
20,946,1160,Shia002945Vols,789,323,557,119,60
20,60,191,Shia001119,108,87,216,100,96
20,310,841,Shia001119,111,433,765,243,58
20,831,1390,Shia001119,112,599,1434,282,39
20,209,331,Zaydiyya0000302,956,453,589,94,88
20,946,1237,Zaydiyya0000302,1189,671,926,185,78
20,946,1085,Shia000234Vols,5117,390,541,108,91
20,1120,1386,Shia000234Vols,5307,6,367,131,47
20,0,1120,Shia001114,56,278,1533,877,88
20,1120,1397,Shia001114,57,0,314,217,87
20,67,191,Shia001432Vols,27595,811,937,93,93
20,413,520,Shia001432Vols,29878,806,913,86,100
20,619,731,Shia001432Vols,29883,400,512,87,99
20,1241,1386,Shia001432Vols,30107,593,737,111,97
20,1248,1386,Shia000298Vols,2353,886,1024,97,90
20,946,1085,Shia000291Vols,1305,6,149,98,82
20,209,331,PV2024060601,7082,608,744,94,88
20,946,1237,PV2024060601,7315,838,1093,185,78
20,67,191,Shia001217Vols,2329,1148,1272,95,98
20,946,1135,Shia001217Vols,2706,1101,1317,121,72
20,1113,1397,Shia001217Vols,2839,844,1267,155,45
21,0,475,Shia002945Vols,807,715,1157,289,77
21,342,718,Shia002945Vols,893,520,1056,256,61
21,364,934,Shia002945Vols,897,337,1118,162,23
21,901,1064,Shia002945Vols,933,193,371,128,91
21,66,333,Shia001119,112,202,476,202,91
21,783,886,Shia001119,113,1134,1236,77,96
21,1181,1361,Shia001119,116,1035,1213,139,96
21,438,681,Shia000317Vols,5989,59,312,177,90
21,438,681,Zaydiyya0000302,1207,859,1129,181,87
21,532,681,Shia000075Vols,1243,600,861,113,56
21,23,333,Shia000234Vols,4487,828,1148,232,91
21,499,681,Shia000234Vols,5496,0,186,140,97
21,909,1064,Shia000234Vols,5724,826,994,122,91
21,909,1064,Shia000234Vols,5760,395,563,122,91
21,1074,1365,Shia000234Vols,6346,364,697,224,84
21,66,333,Shia001114,34,514,765,176,80
21,0,1032,Shia001114,57,314,1455,801,89
21,1032,1407,Shia001114,58,0,412,301,91
21,66,333,Masaha001007BK1,33,1176,1415,176,82
21,342,681,Shia002389Vols,390,1028,1377,251,92
21,909,1064,Shia000182VolsBK2,1312,578,748,122,90
21,66,333,Shia001432Vols,3033,598,832,176,82
21,38,333,Shia001432Vols,30099,32,335,217,88
21,1068,1357,Shia001432Vols,31071,352,641,225,96
21,66,205,Shia000298Vols,1838,5,145,110,99
21,23,212,Shia000296,481,902,1098,141,91
21,0,475,PV2024060601,1641,294,791,284,62
21,342,532,PV2024060601,1753,1270,1472,146,92
21,532,718,PV2024060601,1754,0,183,125,89
21,403,681,PV2024060601,5410,35,599,174,37
21,906,1064,PV2024060601,5417,669,840,123,90
21,438,681,PV2024060601,7333,1001,1271,181,87
21,901,1064,PV2024060601,7347,46,222,128,92
21,403,681,Shia001157Vols,523,35,599,174,37
21,906,1064,Shia001157Vols,530,669,840,123,90
21,442,681,Shia001418Vols,328,874,1103,161,88
21,442,681,Shia002369Vols,169,669,863,116,61
21,0,383,Shia001217Vols,2326,118,498,258,83
21,342,715,Shia001217Vols,2970,1030,1419,274,91
21,892,1064,Shia001217Vols,3111,25,210,131,89
21,1074,1357,Shia001217Vols,3766,374,677,223,91
21,906,1064,Shia000196Vols,1699,345,516,124,91
21,0,475,Shia001122Vols,1641,294,791,284,62
21,342,532,Shia001122Vols,1753,1270,1472,146,92
21,532,718,Shia001122Vols,1754,0,183,125,89
21,342,707,Shia002394Vols,616,851,1221,255,88
22,1186,1406,Shia002945Vols,956,264,513,176,87
22,721,889,Shia002945Vols,1002,527,707,129,92
22,893,1399,Shia001119,113,156,918,243,35
22,171,1186,Shia001119,116,61,868,366,40
22,425,626,Shia001119,117,0,198,152,96
22,0,167,Shia001140Vols,451,516,695,132,92
22,1186,1303,Zaydiyya0000302,1238,1361,1491,92,87
22,1210,1406,Shia000234Vols,5813,1090,1286,147,93
22,8,167,Shia000234Vols,5945,434,595,112,87
22,0,986,Shia001114,58,412,1507,767,89
22,986,1406,Shia001114,59,0,458,329,89
22,1202,1406,Shia000094Vols,625,1265,1483,144,81
22,418,638,Shia000220Vols,1431,407,626,143,78
22,1210,1406,Shia000107Vols,2087,975,1165,149,94
22,312,608,Shia001432Vols,30979,519,1193,222,42
22,0,167,Shia001432Vols,31024,918,1087,119,87
22,178,308,Shia001432Vols,31171,471,601,99,100
22,1256,1406,Shia000298Vols,2500,1364,1511,119,96
22,721,911,PV2024060601,1832,1138,1346,135,84
22,1186,1406,PV2024060601,7365,29,264,176,93
22,1213,1406,Shia000055Vols,941,382,715,150,55
22,411,585,Shia001217Vols,3137,1237,1399,127,92
22,1186,1406,Shia001217Vols,3139,420,654,176,93
22,893,1076,Shia001217Vols,3480,11,201,139,88
22,734,937,Shia001217Vols,3567,642,832,129,76
22,0,167,Shia001217Vols,3613,470,641,119,86
22,11,308,Shia001217Vols,4018,803,990,131,54
22,1213,1406,Shia000196Vols,1719,429,627,149,93
22,721,911,Shia001122Vols,1832,1138,1346,135,84
23,467,744,Shia002945Vols,959,916,1199,208,91
23,925,1083,Shia002945Vols,980,128,315,124,82
23,1087,1375,Shia001119,115,179,545,222,75
23,258,403,Shia001119,116,1213,1358,112,96
23,491,621,Shia000317Vols,6165,643,765,96,93
23,467,621,Shia000317Vols,6251,531,742,120,72
23,1236,1361,Shia000317Vols,6745,1234,1358,95,96
23,925,1077,Zaydiyya0000302,1326,63,217,120,97
23,467,621,Shia000234Vols,5832,551,722,120,89
23,1236,1361,Shia000234Vols,6346,209,335,97,97
23,467,621,Shia000234Vols,6461,1077,1248,120,89
23,0,976,Shia001114,59,458,1621,768,83
23,984,1486,Shia001114,60,15,554,404,92
23,741,921,Shia000220Vols,1240,257,450,136,89
23,467,621,Shia000220Vols,1245,243,400,107,87
23,467,730,Shia000107Vols,2758,621,870,183,89
23,96,268,Shia001432Vols,30933,293,476,136,91
23,1087,1225,Shia001432Vols,30993,1076,1214,111,100
23,0,780,Shia001432Vols,31003,1231,1444,143,23
23,734,921,Shia001432Vols,31004,37,224,147,98
23,1236,1361,Shia001432Vols,31071,222,346,98,99
23,497,730,Shia000298Vols,2516,213,445,175,94
23,467,621,Shia000126Vols,293,745,916,120,89
23,925,1077,PV2024060601,7452,214,368,120,97
23,467,621,Shia000055Vols,946,702,892,120,79
23,741,921,Shia001217Vols,3152,168,348,138,96
23,467,720,Shia001217Vols,3155,1118,1401,187,80
23,925,1083,Shia001217Vols,3489,264,447,124,84
23,1229,1361,Shia001217Vols,3766,209,342,102,96
23,467,621,Shia000196Vols,1728,848,1019,120,89
23,491,621,Shia000196Vols,1731,4,138,101,96
24,509,801,Shia002945Vols,1174,552,851,123,51
24,159,1357,Shia001119,114,794,1566,409,36
24,327,504,Shia001119,115,975,1167,137,88
24,555,961,Shia001119,116,875,1432,146,31
24,527,651,Shia000317Vols,6855,1317,1445,90,92
24,655,873,Shia001140Vols,444,2,224,175,97
24,504,702,Zaydiyya0000302,1392,926,1120,110,71
24,1379,1493,Masaha001108Vols,259,745,870,90,90
24,527,743,Shia000234Vols,6712,940,1133,111,64
24,0,911,Shia001114,60,554,1632,725,83
24,911,1493,Shia001114,61,0,699,461,82
24,517,659,Shia000094Vols,769,1194,1345,100,87
24,527,651,Shia000182VolsBK2,1784,86,222,90,86
24,517,651,Shia000107Vols,2403,353,480,94,90
24,1148,1383,Shia001432Vols,19951,1322,1567,166,82
24,517,651,Shia001432Vols,25918,754,902,94,83
24,159,868,Shia001432Vols,30933,55,583,230,33
24,336,1046,Shia001432Vols,31124,0,323,221,39
24,555,651,Shia000298Vols,2814,1289,1385,75,100
24,504,702,PV2024060601,5524,936,1142,118,70
24,504,702,PV2024060601,7518,1083,1277,110,71
24,504,702,Shia001157Vols,637,936,1142,118,70
24,332,957,Shia001217Vols,3896,808,1118,209,41
24,679,887,Shia001217Vols,3998,359,606,158,78
24,517,651,Shia000196Vols,2010,4,142,94,89
25,702,965,Shia002945Vols,988,159,434,211,95
25,411,720,Shia002945Vols,1017,1043,1376,224,87
25,253,426,Shia002945Vols,1020,350,547,123,82
25,593,1120,Shia001119,113,188,762,237,49
25,1053,1297,Shia001119,116,201,413,134,63
25,291,698,Shia001119,117,300,661,230,68
25,753,965,Shia000317Vols,6382,711,918,168,97
25,256,392,Shia000317Vols,7061,851,997,96,86
25,419,698,Shia000317Vols,7065,391,740,176,65
25,702,965,Zaydiyya0000302,1423,350,624,211,94
25,248,407,Zaydiyya0000302,1462,1039,1217,123,89
25,411,727,Zaydiyya0000302,1468,839,1248,228,72
25,454,583,Shia000277Vols,1696,448,577,100,100
25,256,401,Shia000111Vols,322,940,1112,105,79
25,256,407,Shia000075Vols,1397,400,568,109,82
25,419,698,Shia000075Vols,1408,204,567,181,63
25,470,589,Shia000075Vols,1483,0,119,93,100
25,253,401,Shia000234Vols,6008,289,460,111,84
25,419,661,Shia000234Vols,6013,1256,1469,148,75
25,457,724,Shia000234Vols,6014,609,912,137,51
25,720,965,Shia000234Vols,6059,443,710,197,91
25,707,965,Shia000234Vols,6087,1000,1296,191,78
25,4,698,Shia001114,61,715,1529,540,84
25,702,1416,Shia001114,62,16,827,562,87
25,256,411,Shia000094Vols,671,87,270,113,77
25,256,407,Shia000220Vols,1630,320,479,107,88
25,720,965,Shia000182VolsBK2,1481,206,473,197,91
25,22,501,Shia000182VolsBK2,1540,545,1387,251,36
25,419,698,Shia000182VolsBK2,1542,89,397,214,88
25,416,736,Shia000107Vols,2519,396,796,227,71
25,710,965,Shia000107Vols,2521,1109,1366,196,94
25,416,589,Shia000107Vols,2587,174,349,134,98
25,253,407,Shia000107Vols,2588,201,358,116,94
25,291,656,Shia001432Vols,31023,1139,1456,210,66
25,732,979,Shia001432Vols,31038,1195,1448,184,87
25,976,1127,Shia001432Vols,31047,601,752,114,97
25,753,882,Shia000298Vols,2601,230,363,106,96
25,702,965,PV2024060601,7549,520,794,211,94
25,248,407,PV2024060601,7588,1191,1369,123,89
25,411,720,PV2024060601,7594,1008,1406,224,72
25,717,882,Shia001217Vols,3516,289,466,133,92
25,253,439,Shia001217Vols,3590,1116,1364,136,71
25,416,691,Shia001217Vols,3599,909,1344,176,52
25,707,965,Shia001217Vols,3628,178,474,191,78
25,256,401,Shia000196Vols,2103,619,787,109,84
25,419,691,Shia000196Vols,2104,605,843,144,65
25,256,407,Shia000196Vols,2106,251,419,117,89
26,216,524,Shia002945Vols,1222,834,1125,206,81
26,325,538,Shia001119,118,4,182,133,78
26,955,1402,Shia001119,118,844,1360,192,37
26,169,524,Shia002972Vols,845,726,1093,277,96
26,219,524,Shia000317Vols,12622,681,946,192,79
26,169,524,Shia001140Vols,414,995,1382,271,88
26,722,936,Zaydiyya0000302,1790,634,847,163,96
26,332,524,Shia000277Vols,3196,0,163,122,79
26,309,524,Shia000111Vols,1895,129,306,139,81
26,219,524,Shia000075Vols,1723,707,914,144,60
26,768,936,Shia000234Vols,5563,179,356,128,90
26,216,524,Shia000234Vols,6768,611,860,169,65
26,219,524,Shia000234Vols,6769,551,863,234,93
26,768,936,Shia000234Vols,7041,1097,1274,128,90
26,0,657,Shia001114,62,827,1543,516,91
26,657,1402,Shia001114,63,0,843,580,87
26,216,524,Shia000094Vols,1910,394,689,201,76
26,216,528,Shia000204Vols,559,415,731,232,91
26,722,936,Shia002389Vols,2014,405,627,158,88
26,219,524,Shia000220Vols,2630,926,1207,195,80
26,216,524,Shia000220Vols,2631,278,514,154,62
26,375,524,Shia000107Vols,2751,4,138,104,88
26,219,524,Shia000261Vols,585,371,620,191,80
26,231,538,Shia001432Vols,30957,1029,1240,162,66
26,169,524,Shia001432Vols,30957,104,484,266,88
26,67,243,Shia001432Vols,31037,943,1103,81,50
26,219,524,Shia000163VolsBK2,3393,1138,1387,194,80
26,169,524,PV2024060601,1732,983,1351,277,96
26,123,524,PV2024060601,1974,863,1275,276,84
26,722,936,PV2024060601,2125,652,878,166,94
26,1088,1206,PV2024060601,2440,1059,1189,91,90
26,752,936,PV2024060601,5600,0,193,134,85
26,722,936,PV2024060601,7916,779,992,163,96
26,201,524,PV2024060601,8747,626,926,193,71
26,752,936,Shia001157Vols,713,0,193,134,85
26,158,524,Shia001217Vols,3698,716,991,187,61
26,198,524,Shia001217Vols,3700,0,338,255,96
26,722,936,Shia001217Vols,4795,1123,1346,163,92
26,270,538,Shia001217Vols,5338,0,217,149,70
26,962,1067,Shia001217Vols,5880,1094,1200,81,96
26,169,524,Shia001122Vols,1732,983,1351,277,96
26,123,524,Shia001122Vols,1974,863,1275,276,84
26,722,936,Shia001122Vols,2125,652,878,166,94
26,1088,1206,Shia001122Vols,2440,1059,1189,91,90
27,229,826,Shia001119,119,651,1499,274,31
27,372,612,Shia001119,120,99,335,183,97
27,52,243,Shia001119,131,24,213,145,95
27,1259,1396,Shia000411Vols,536,0,153,104,83
27,1218,1396,Shia000134VolsBK2,2799,962,1182,139,80
27,1271,1396,Shia000277Vols,2594,752,898,99,84
27,1275,1396,Shia000277Vols,2748,1361,1507,96,81
27,1215,1396,Shia000234Vols,9289,625,864,133,70
27,0,612,Shia001114,63,843,1491,479,93
27,616,1396,Shia001114,64,0,884,610,87
27,1215,1396,Shia000094Vols,1604,342,583,129,68
27,368,612,Shia001432Vols,32403,172,416,186,96
27,623,918,Shia001432Vols,32434,420,784,224,75
27,52,225,Shia001432Vols,32449,1004,1176,135,98
27,1218,1377,Shia000163VolsBK2,2242,1395,1568,107,71
27,922,1072,PV2024060601,8172,290,831,115,27
27,1160,1396,PV2024060601,8226,27,305,183,83
27,236,364,Shia001217Vols,5243,422,550,100,100
27,368,612,Shia001217Vols,5413,627,870,175,92
27,59,196,Shia001217Vols,5599,1273,1409,105,97
27,623,918,Shia001217Vols,5717,902,1202,225,94
27,1160,1396,Shia001217Vols,5746,473,754,181,82
28,0,168,Shia000411Vols,536,153,319,129,97
28,0,168,Shia000134VolsBK2,2799,1182,1361,128,88
28,11,168,Shia000134VolsBK2,3103,186,347,116,91
28,4,168,Shia000317Vols,10942,94,265,114,76
28,494,607,Shia000317Vols,12013,0,113,87,96
28,4,168,Shia000277Vols,2594,903,1076,127,90
28,949,1083,Shia000277Vols,3001,864,993,104,96
28,473,615,Shia000277Vols,3058,0,138,103,92
28,30,168,Shia000111Vols,1319,1290,1400,69,63
28,911,1108,Masaha001108Vols,342,868,1071,136,81
28,0,168,Shia000234Vols,9289,864,1044,131,92
28,911,1108,Shia000234Vols,10647,1212,1427,139,82
28,0,531,Shia001114,64,884,1474,417,89
28,531,1469,Shia001114,65,0,1073,741,86
28,0,168,Shia000094Vols,1498,72,253,130,90
28,0,168,Shia000094Vols,1604,583,761,128,89
28,916,1108,Shia000094Vols,1708,252,464,132,76
28,916,1108,Shia000204Vols,428,632,847,138,80
28,406,607,Shia000204Vols,473,56,269,155,91
28,4,257,Zaydiyya0000049,280,596,845,145,71
28,375,687,Shia002389Vols,1969,403,723,245,94
28,916,1108,Shia000220Vols,2330,421,619,140,89
28,406,607,Shia000220Vols,2377,7,210,151,92
28,4,168,Zaydiyya0000004,332,1151,1309,121,92
28,1324,1469,Shia000261Vols,18,0,323,117,43
28,409,607,Shia000261Vols,114,850,1060,149,89
28,911,1108,Shia000126Vols,737,757,970,140,83
28,0,168,Shia000163VolsBK2,2243,32,202,125,93
28,911,1108,Shia000163VolsBK2,2846,129,385,137,68
28,413,607,Shia000163VolsBK2,3002,0,196,136,85
28,375,723,PV2024060601,2652,547,897,261,91
28,1112,1453,PV2024060601,5783,561,951,265,85
28,0,244,PV2024060601,8226,305,544,157,78
28,911,1350,PV2024060601,8347,849,1307,207,52
28,1112,1464,PV2024060601,8349,416,820,274,84
28,380,607,PV2024060601,8485,1110,1354,152,80
28,1112,1453,Shia001157Vols,896,561,951,265,85
28,0,168,Shia001217Vols,5746,754,934,131,92
28,916,1108,Shia001217Vols,6188,149,356,148,87
28,1125,1469,Shia001217Vols,6193,836,1238,264,81
28,375,687,Shia001217Vols,6239,83,442,210,74
28,375,723,Shia001122Vols,2652,547,897,261,91
28,409,607,Shia000233,887,475,652,133,84
29,628,991,Shia001119,120,321,682,248,83
29,960,1379,Shia001119,121,11,589,296,63
29,372,757,Shia001119,128,405,730,216,64
29,988,1094,Shia000234Vols,9572,1353,1463,81,94
29,6,446,Shia001114,65,1096,1583,352,89
29,446,1441,Shia001114,66,0,1081,780,91
29,379,661,Shia001432Vols,32443,360,569,154,68
29,981,1116,Shia001432Vols,32490,790,922,103,97
29,716,995,Shia001432Vols,32609,475,757,205,92
29,1127,1348,Shia001432Vols,32623,512,724,165,95
29,0,152,Shia001432Vols,32641,57,339,118,52
29,152,368,PV2024060601,8408,553,781,169,92
29,672,1116,Shia001217Vols,5658,213,571,174,49
29,672,950,Shia001217Vols,6074,1135,1404,202,91
29,161,368,Shia001217Vols,6101,944,1171,165,90
29,1127,1348,Shia001217Vols,6177,752,969,169,97
30,1078,1383,Shia001119,125,1211,1469,153,59
30,237,859,Shia001119,126,891,1211,206,41
30,305,531,Shia001119,129,145,376,122,62
30,687,862,Shia000317Vols,1757,707,874,124,90
30,496,632,Shia000317Vols,12931,0,139,97,89
30,1048,1277,Zaydiyya0000302,1831,733,958,146,77
30,943,1085,Shia000277Vols,3275,1395,1523,100,89
30,522,632,Shia000277Vols,3353,1139,1250,86,99
30,687,862,Shia000234Vols,1681,462,633,126,91
30,492,684,Shia000234Vols,1773,1013,1195,118,75
30,0,359,Shia001114,66,1081,1502,279,84
30,363,1383,Shia001114,67,0,1133,797,89
30,900,1078,Masaha001142Vols,803,528,701,135,96
30,925,1085,Shia000220Vols,2722,885,1039,116,93
30,492,632,Shia000220Vols,2768,816,960,100,89
30,852,1085,Shia000182VolsBK2,3047,785,1031,149,77
30,900,1085,Shia000182VolsBK2,3050,28,221,139,88
30,687,862,Shia000182VolsBK2,3086,505,687,126,86
30,237,488,Shia001432Vols,20378,67,254,132,67
30,666,859,Shia001432Vols,20754,83,275,132,86
30,651,907,Shia001432Vols,20759,668,929,165,79
30,684,859,Shia001432Vols,24893,174,337,120,87
30,1142,1383,Shia001432Vols,32695,730,907,126,65
30,522,632,Shia000298Vols,3294,762,872,86,100
30,732,862,Shia000298Vols,3302,942,1071,101,99
30,943,1085,Shia000298Vols,3426,233,375,111,100
30,900,1085,Shia000163VolsBK2,3463,612,938,127,47
30,847,1145,PV2024060601,2696,391,720,190,73
30,636,915,PV2024060601,2870,842,1153,199,83
30,866,1145,PV2024060601,5929,1043,1318,169,73
30,1048,1277,PV2024060601,7957,880,1105,146,77
30,866,1145,PV2024060601,8595,866,1145,180,74
30,636,900,PV2024060601,8678,974,1241,180,86
30,492,687,PV2024060601,8679,835,1021,116,77
30,866,1145,Shia001157Vols,1042,1043,1318,169,73
30,492,632,Shia000260,396,1278,1411,95,85
30,866,1085,Shia001217Vols,6479,1087,1314,167,92
30,237,488,Shia001217Vols,6516,928,1125,136,66
30,492,915,Shia001217Vols,6822,263,678,151,43
30,636,912,Shia001217Vols,6822,876,1228,183,66
30,1100,1263,Shia001217Vols,6901,648,823,127,92
30,847,1145,Shia001122Vols,2696,391,720,190,73
30,636,915,Shia001122Vols,2870,842,1153,199,83
30,687,862,Shia000233,923,1236,1397,122,89
31,601,1174,Shia001119,121,1018,1475,263,51
31,322,954,Shia001119,122,745,1223,221,38
31,798,954,Shia000317Vols,7537,178,335,119,95
31,419,597,Shia000317Vols,14489,1037,1215,142,100
31,963,1201,Shia000317Vols,14493,1099,1394,190,79
31,419,535,Shia000277Vols,3928,1456,1571,91,99
31,1205,1385,Shia001149Vols,769,550,749,119,76
31,1205,1361,Shia000234Vols,9472,1354,1525,110,83
31,0,299,Shia001114,67,1133,1491,232,81
31,299,1486,Shia001114,68,0,1381,943,85
31,980,1201,Shia000220Vols,3299,0,259,177,84
31,613,1118,Shia001432Vols,24844,1097,1451,190,44
31,419,550,Shia001432Vols,24848,1345,1475,103,99
31,419,613,Shia001432Vols,31271,481,673,146,95
31,1205,1349,PV2024060601,4497,1226,1384,113,90
31,1353,1486,PV2024060601,6106,1080,1228,105,89
31,1205,1385,PV2024060601,8334,1035,1231,120,79
31,1374,1486,PV2024060601,9038,729,854,89,88
31,1353,1486,Shia001157Vols,1219,1080,1228,105,89
31,963,1205,Shia001217Vols,7345,414,715,190,78
31,419,597,Shia001217Vols,7356,702,880,142,100
31,605,954,Shia001217Vols,7358,0,232,170,59
31,1353,1486,Shia001217Vols,7657,565,713,105,89
32,127,487,Masaha000626,150,23,268,163,56
32,127,487,Shia000003,153,961,1206,169,58
32,895,1420,Shia001349Vols,1229,82,502,262,60
32,1289,1411,Shia000317Vols,7505,572,684,80,77
32,522,917,Shia000317Vols,14557,1085,1497,299,88
32,917,1427,Shia000317Vols,14558,0,541,378,84
32,0,320,Shia000317Vols,14804,1134,1446,237,95
32,320,487,Shia000317Vols,14805,0,163,131,97
32,1289,1411,Shia000277Vols,3971,328,450,97,100
32,0,155,Shia001114,68,1381,1547,117,91
32,155,1427,Shia001114,69,0,1409,997,89
32,124,376,Shia000094Vols,2334,0,239,177,90
32,1249,1411,Masaha001142Vols,911,145,313,128,94
32,0,487,Shia000220Vols,3491,61,546,362,93
32,1270,1411,Shia000182VolsBK2,3739,0,152,112,92
32,0,204,Shia000182VolsBK2,3966,1294,1482,139,88
32,201,376,Shia000182VolsBK2,3967,5,220,130,76
32,1040,1420,Shia001432Vols,24915,101,451,230,68
32,167,487,Shia001237Vols,4707,8,221,151,59
32,1249,1411,Shia000163VolsBK2,4374,1187,1375,128,85
32,491,1379,PV2024060601,3234,441,1476,667,79
32,0,160,PV2024060601,6106,1228,1384,118,95
32,160,376,PV2024060601,6107,0,212,164,97
32,491,658,PV2024060601,8946,1222,1400,131,92
32,658,1427,PV2024060601,8947,0,854,603,87
32,0,487,PV2024060601,9038,854,1324,357,92
32,0,160,Shia001157Vols,1219,1228,1384,118,95
32,160,376,Shia001157Vols,1220,0,212,164,97
32,491,1072,Shia001217Vols,7446,839,1439,445,90
32,1081,1427,Shia001217Vols,7447,18,403,256,81
32,0,526,Shia001217Vols,7657,713,1220,354,84
32,491,1379,Shia001122Vols,3234,441,1476,667,79
33,687,925,Shia001119,122,268,546,188,83
33,321,458,Masaha001108Vols,369,1128,1264,104,96
33,57,1385,Shia001114,70,0,1562,1048,84
33,321,458,Shia000182VolsBK2,3833,585,734,108,91
33,692,887,Shia001432Vols,8849,905,1112,149,87
33,692,887,Shia001432Vols,24243,962,1173,152,89
33,692,887,Shia001432Vols,24937,574,788,154,90
33,692,887,Shia001432Vols,32802,375,589,154,90
33,276,406,PV2024060601,3224,1300,1441,103,90
33,276,458,PV2024060601,8990,253,448,144,92
33,114,364,PV2024060601,9071,174,518,160,58
33,547,887,Shia001217Vols,7553,510,768,171,60
33,114,272,Shia001217Vols,7565,971,1170,122,78
33,276,406,Shia001122Vols,3224,1300,1441,103,90
33,1160,1322,Masaha004648Vols,76,635,794,112,88
34,890,1467,Shia001119,123,434,1130,320,54
34,730,1350,Shia001119,125,503,1064,244,38
34,1219,1336,Shia000215Vols,276,184,303,90,94
34,897,1063,Shia000317Vols,7912,639,796,125,93
34,1219,1336,Shia000234Vols,1589,28,150,89,91
34,1219,1336,Shia000234Vols,6902,1199,1319,88,90
34,897,1063,Shia000234Vols,7213,482,639,127,94
34,0,1359,Shia001114,71,105,1632,1079,88
34,1359,1467,Shia001114,72,0,121,85,88
34,1132,1350,Shia001432Vols,32257,582,813,110,45
34,897,1063,Shia001432Vols,32282,1192,1353,130,96
34,1347,1457,Shia001432Vols,32295,843,953,81,94
34,668,880,Shia001432Vols,32299,959,1195,127,69
34,1132,1450,Shia001432Vols,32449,922,1091,94,37
34,467,636,Shia001115Vols,489,52,215,122,91
34,1219,1336,Shia000298Vols,2988,1583,1702,90,94
34,1228,1336,Shia001615Vols,111,0,113,83,92
34,44,193,PV2024060601,8553,327,476,121,100
34,279,450,PV2024060601,9058,294,474,119,83
34,1219,1336,Shia000376Vols,27,1026,1141,85,91
34,897,1063,Shia000376Vols,710,360,517,127,94
34,44,197,Shia001217Vols,4270,0,159,120,92
34,1219,1336,Shia001217Vols,4700,103,224,88,90
34,897,1063,Shia001217Vols,4852,804,968,132,98
34,1347,1457,Shia001217Vols,4857,17,128,82,95
34,751,1092,Shia001217Vols,4942,49,426,113,28
34,1219,1329,Shia001217Vols,6475,817,930,84,93
34,1347,1457,Shia001217Vols,6889,307,418,82,95
34,1132,1350,Shia001352,19,1057,1275,117,68
35,159,992,Shia001119,130,517,970,251,37
35,390,651,Shia001119,131,1202,1468,139,62
35,1093,1362,Shia001119,132,712,990,204,91
35,939,1089,Shia000215Vols,761,876,1039,116,91
35,942,1089,Shia000215Vols,815,15,162,104,91
35,651,789,Shia000317Vols,9537,69,213,106,94
35,942,1089,Shia000317Vols,11830,446,603,106,87
35,942,1097,Shia000317Vols,12638,11,162,102,86
35,942,1089,Shia000063Vols,445,1179,1348,114,86
35,111,305,Shia001149Vols,638,737,936,138,81
35,651,789,Shia000234Vols,8340,0,147,106,92
35,0,1232,Shia001114,72,121,1502,962,88
35,1232,1395,Shia001114,73,0,176,129,92
35,942,1089,Shia000204Vols,444,1274,1436,114,90
35,939,1105,Shia000204Vols,549,533,699,101,78
35,939,1089,Shia000204Vols,562,708,863,108,90
35,942,1089,Shia000220Vols,2641,298,436,93,82
35,942,1089,Shia000220Vols,2643,828,966,93,82
35,114,305,Shia000261Vols,204,1315,1507,141,87
35,942,1089,Shia000261Vols,599,1460,1607,104,91
35,942,1089,Shia000261Vols,611,683,848,97,76
35,651,789,Shia001432Vols,32328,1249,1387,106,98
35,390,498,Shia001432Vols,32655,1067,1178,83,95
35,1130,1296,Shia001432Vols,32658,1299,1463,118,90
35,949,1089,Shia000291Vols,1277,0,132,94,85
35,942,1089,Shia000163VolsBK2,2870,257,407,94,80
35,942,1089,Shia000163VolsBK2,3405,1409,1556,104,91
35,80,305,PV2024060601,2678,1105,1343,177,93
35,118,305,PV2024060601,4367,10,181,124,83
35,502,632,PV2024060601,5899,1203,1348,99,88
35,875,1133,PV2024060601,5924,1059,1327,175,83
35,88,319,PV2024060601,8516,0,238,171,89
35,486,632,PV2024060601,8538,79,242,104,84
35,875,1133,PV2024060601,8578,1165,1432,167,76
35,502,632,Shia001157Vols,1012,1203,1348,99,88
35,875,1133,Shia001157Vols,1037,1059,1327,175,83
35,875,1138,Shia001217Vols,6227,723,1021,182,78
35,118,305,Shia001217Vols,6264,0,207,147,88
35,502,632,Shia001217Vols,6286,823,965,99,90
35,942,1089,Shia001217Vols,6406,1054,1206,103,87
35,597,783,Shia001352,19,1265,1464,119,75
35,80,305,Shia001122Vols,2678,1105,1343,177,93
36,45,519,Shia001119,130,187,1108,368,49
36,546,709,Shia002972Vols,1024,55,223,112,80
36,329,546,Shia000215Vols,490,811,1023,149,84
36,329,519,Shia000317Vols,9898,313,519,127,78
36,52,230,Shia000317Vols,10063,286,457,132,93
36,1066,1218,Shia003692,223,267,456,121,79
36,568,904,Zaydiyya0000302,625,460,790,168,52
36,1222,1457,Zaydiyya0000302,1034,423,681,179,86
36,1227,1457,Zaydiyya0000302,1046,97,353,173,84
36,52,230,Shia000277Vols,2452,91,262,135,95
36,304,481,Shia000234Vols,8662,28,205,122,84
36,52,183,Shia000234Vols,9069,1422,1546,96,91
36,0,1168,Shia001114,73,176,1543,914,84
36,1168,1457,Shia001114,74,0,326,225,87
36,1292,1457,Shia000182VolsBK2,1058,871,1064,129,83
36,1289,1457,Shia000107Vols,1728,139,336,124,75
36,52,230,Shia000261Vols,144,543,713,126,89
36,52,230,Shia000261Vols,266,149,320,128,91
36,798,999,Shia001432Vols,26819,864,1075,130,76
36,341,519,Shia001432Vols,32258,690,855,129,92
36,341,526,Shia001432Vols,32333,261,445,130,91
36,25,230,Shia001432Vols,32347,763,958,142,88
36,329,519,Shia000405Vols,2511,188,360,120,79
36,568,904,PV2024060601,6751,622,952,168,52
36,1222,1457,PV2024060601,7160,580,838,179,86
36,1227,1457,PV2024060601,7172,263,519,173,84
36,774,1218,Shia001138BK1,25,287,809,131,20
36,788,999,Shia001138BK1,42,53,543,146,37
36,568,757,Shia001217Vols,1685,209,410,152,93
36,878,999,Shia001217Vols,1730,0,152,91,77
36,304,546,Shia001217Vols,5228,127,360,165,84
37,893,1410,Shia001119,126,492,965,284,67
37,49,228,Shia001119,134,398,578,137,90
37,702,889,Shia000317Vols,11107,228,431,134,78
37,502,640,Shia000317Vols,12203,0,115,91,83
37,502,640,Shia000317Vols,12208,226,347,93,85
37,247,456,Shia001140Vols,430,854,1094,133,62
37,232,471,Zaydiyya0000302,1277,287,553,170,80
37,755,889,Shia000277Vols,2803,649,785,100,93
37,691,889,Shia000234Vols,9998,850,1073,147,83
37,0,1012,Shia001114,74,326,1522,798,83
37,1012,1479,Shia001114,75,0,528,371,88
37,699,889,Shia000204Vols,254,122,444,146,57
37,460,717,Zaydiyya0000049,321,425,690,122,54
37,702,889,Shia000220Vols,2025,301,484,130,84
37,456,640,Shia000261Vols,317,912,1127,127,69
37,493,640,Shia000261Vols,322,99,229,96,80
37,902,1243,Shia001432Vols,15953,1052,1410,262,90
37,274,430,Shia001432Vols,31087,199,402,119,74
37,938,1251,Shia001432Vols,32696,13,329,239,94
37,271,471,Shia001115Vols,95,879,1099,122,63
37,902,1192,Shia001615Vols,3618,4,309,222,91
37,456,640,Shia000163VolsBK2,3135,646,845,117,69
37,232,447,PV2024060601,1864,477,729,169,84
37,232,471,PV2024060601,7403,456,722,170,80
37,644,879,PV2024060601,8239,1171,1441,183,85
37,451,640,PV2024060601,8553,102,327,149,83
37,232,447,Shia001217Vols,3739,966,1229,169,81
37,644,889,Shia001217Vols,5849,873,1136,189,91
37,463,706,Shia001217Vols,6324,0,301,153,57
37,898,1164,Shia001217Vols,6902,1148,1434,208,89
37,232,447,Shia001122Vols,1864,477,729,169,84
37,1322,1479,Masaha004648Vols,213,689,849,123,97
38,4,176,Shia001119,123,680,848,130,94
38,4,890,Shia001114,75,544,1493,694,92
38,890,1379,Shia001114,76,0,490,380,99
38,346,500,Shia001174Vols,2336,1394,1547,121,99
38,500,1379,Shia001174Vols,2337,0,894,687,98
38,346,551,Shia002992Vols,5007,821,1014,140,87
38,346,1064,Shia002389Vols,2384,712,1441,559,96
38,1197,1379,Shia002389Vols,2385,0,183,140,99
38,9,176,Shia001432Vols,32330,887,1052,127,96
38,9,176,Shia001237Vols,3434,407,576,124,92
38,346,495,PV2024060601,464,1297,1446,117,98
38,495,1379,PV2024060601,465,0,896,691,98
38,346,1294,Masaha000001Vols,456,457,1416,742,98
38,361,780,Shia001217Vols,1186,417,550,86,26
38,346,1379,Shia001423Vols,1436,75,1120,804,97
38,346,495,Shia001122Vols,464,1297,1446,117,98
38,495,1379,Shia001122Vols,465,0,896,691,98
38,402,1273,Rafed0000040Vols,2319,563,1443,682,98
39,609,1001,Shia002932VolsBK1,173,978,1462,218,55
39,986,1447,Shia004030Vols,1719,301,767,277,70
39,772,1001,Masaha005108Vols,418,902,1139,172,90
39,0,952,Shia001114,76,490,1465,762,97
39,952,1505,Shia001114,77,0,661,436,82
39,777,1296,Shia001114,79,260,682,145,27
39,986,1174,Shia001174Vols,1417,1374,1590,146,85
39,0,548,Shia001174Vols,2337,894,1441,442,99
39,548,768,Shia001174Vols,2338,0,220,176,100
39,772,1107,Shia002992Vols,3795,875,1217,197,62
39,609,1094,Shia002992Vols,5007,319,892,246,49
39,0,854,Shia002389Vols,2385,183,1009,627,90
39,986,1436,Shia002389Vols,3010,380,871,258,60
39,986,1447,Shia001431,16,293,729,275,73
39,1008,1271,PV2024060601,165,0,292,208,89
39,0,548,PV2024060601,465,896,1442,441,99
39,548,814,PV2024060601,466,0,257,187,88
39,1116,1328,Shia001255Vols,1243,393,639,155,77
39,0,768,Masaha000001Vols,457,86,853,616,99
39,1008,1271,Shia001186,458,0,292,208,89
39,0,296,Shia001423Vols,1436,1120,1415,237,99
39,296,768,Shia001423Vols,1437,0,478,375,96
39,1008,1271,Shia001122Vols,165,0,292,208,89
39,0,548,Shia001122Vols,465,896,1442,441,99
39,548,814,Shia001122Vols,466,0,257,187,88
39,0,944,Rafed0000040Vols,2320,106,1025,657,82
40,8,283,Rafed0001826,196,1212,1496,200,84
40,0,316,Tafsir04038,436,896,1300,234,70
40,297,683,Tafsir04038,439,779,1237,229,58
40,8,291,Shia004030Vols,105,369,663,174,66
40,11,558,Shia004030Vols,1057,0,584,427,90
40,117,316,Shia004030Vols,1060,0,238,155,81
40,0,316,Shia004030Vols,1062,923,1249,238,87
40,1311,1522,Shia000317Vols,6917,488,742,158,75
40,435,558,Tafsir04042,1572,1192,1317,95,96
40,8,291,Masaha002336,176,170,586,186,54
40,1311,1522,Shia000234Vols,6828,1085,1356,168,76
40,0,818,Shia001114,77,661,1531,649,92
40,818,1522,Shia001114,78,0,807,560,86
40,693,951,Shia001114,79,190,723,76,16
40,0,783,Shia001174Vols,1424,196,1048,605,86
40,8,411,Shia001174Vols,1426,779,1236,221,58
40,882,1186,Shia001174Vols,2155,672,1007,241,90
40,683,951,Shia001174Vols,2157,141,405,174,78
40,1256,1522,Zaydiyya0000196,12,728,1119,201,63
40,962,1233,Shia002389Vols,55,0,307,192,77
40,693,951,Shia002389Vols,1899,19,273,171,80
40,0,316,Shia002389Vols,1991,747,1057,234,87
40,316,558,Shia002389Vols,2000,655,908,186,92
40,563,689,Shia002389Vols,2910,531,657,105,100
40,864,1335,Shia001417,149,983,1432,248,58
40,8,291,Kraken220413203004,15,1178,1520,187,66
40,8,276,Shia003712,118,1177,1470,174,71
40,95,302,Shamela0006617,1564,108,303,124,70
40,0,310,Shia001432Vols,868,153,483,216,77
40,0,746,Shia001432Vols,7826,114,957,463,64
40,102,291,Shia001432Vols,7835,9,216,124,75
40,882,1354,Shia001432Vols,8065,690,1395,273,45
40,8,266,Shia001432Vols,12363,1180,1456,176,74
40,8,286,Zaydiyya0000258,84,210,534,184,68
40,693,892,Shia003744Vols,246,890,1124,151,81
40,0,316,Shia003744Vols,258,1000,1356,245,85
40,297,586,Shia003744Vols,261,1001,1308,184,69
40,0,291,Shia004092Vols,1150,81,305,149,61
40,0,291,Shia004092Vols,3496,1025,1249,149,61
40,8,297,Shia004092Vols,5491,870,1225,177,59
40,95,291,Shia004092Vols,6934,1183,1358,122,74
40,1303,1522,Shia001111,290,546,811,172,80
40,8,291,Shia004020,84,631,937,187,72
40,0,783,PV2024060601,167,160,1013,610,87
40,871,1259,PV2024060601,402,663,1066,267,80
40,693,951,PV2024060601,403,53,307,171,80
40,1190,1522,PV2024060601,1981,630,1008,260,86
40,87,783,Masaha000001Vols,164,0,768,538,85
40,871,1186,Masaha000001Vols,394,1168,1513,244,88
40,693,951,Masaha000001Vols,395,518,772,171,80
40,0,291,Shia002371,58,381,727,185,64
40,0,207,Shia001186,462,561,780,167,93
40,158,783,Shia001186,463,307,978,455,80
40,95,266,Shia004456Vols,525,875,1024,110,78
40,95,302,Shia004456Vols,4187,299,481,124,72
40,8,291,Shia001353,345,1170,1519,179,62
40,320,483,Shia003961Vols,1051,948,1100,116,86
40,0,310,Masaha000221,50,175,486,246,97
40,0,242,Shia002379,19,997,1266,176,76
40,0,291,Rafed0002654Vols,3117,809,1033,149,61
40,95,297,Rafed0002654Vols,5154,19,255,135,69
40,95,291,Rafed0002654Vols,6620,994,1171,122,75
40,1190,1522,Shia001217Vols,4038,984,1360,256,84
40,0,783,Shia001122Vols,167,160,1013,606,86
40,871,1259,Shia001122Vols,402,663,1066,267,80
40,693,951,Shia001122Vols,403,53,307,171,80
40,1190,1522,Shia001122Vols,1981,630,1008,260,86
40,563,689,Tafsir04056,7147,851,978,104,98
40,0,316,Shia003752Vols,131,382,786,234,70
40,320,566,Shia002382Vols,1279,938,1195,188,91
41,1080,1265,Masaha001945,85,772,958,148,99
41,1269,1477,Shia003695Vols,293,978,1201,163,91
41,836,1174,Shia002932VolsBK1,297,755,1160,214,64
41,1269,1445,Masaha001842Vols,287,1319,1510,137,87
41,840,1174,Masaha005108Vols,586,970,1367,210,63
41,29,437,Shia001149Vols,534,17,454,301,83
41,149,449,Shia000234Vols,6829,0,300,238,99
41,0,662,Shia001114,78,807,1507,529,94
41,662,1499,Shia001114,79,0,938,662,88
41,463,938,Shia001334,311,224,826,326,66
41,0,273,Zaydiyya0000196,12,1119,1435,216,84
41,273,449,Zaydiyya0000196,13,457,627,134,94
41,0,405,Zaydiyya0000196,15,962,1472,314,75
41,840,1094,Shia002953Vols,2003,503,1156,184,34
41,1086,1310,Shia001432Vols,8600,724,982,160,76
41,470,836,Shia001432Vols,11724,35,376,216,70
41,470,917,Shia001432Vols,13084,374,793,234,59
41,1274,1477,Shia001432Vols,15934,326,572,148,73
41,848,1174,Shia001432Vols,16145,20,329,177,67
41,0,449,Shia001432Vols,31346,858,1346,348,87
41,29,279,Shia001432Vols,31363,1389,1641,163,72
41,1269,1477,Shia003707Vols,716,728,963,153,79
41,0,657,Shia001111,290,811,1448,375,58
41,491,909,Masaha002871,18,576,1031,297,83
41,78,449,Shia001237Vols,2476,0,389,288,89
41,0,449,PV2024060601,1981,1008,1476,363,95
41,11,437,PV2024060601,4262,775,1244,313,81
41,6,449,Shia001305,60,784,1166,203,48
41,840,1094,Shia002970Vols,740,1201,1462,181,84
41,0,184,Shia001217Vols,4038,1360,1586,150,80
41,184,441,Shia001217Vols,4039,0,263,201,93
41,0,449,Shia001122Vols,1981,1008,1476,363,95
42,709,947,Shia003695Vols,335,530,731,141,74
42,0,561,Shia002932VolsBK1,279,459,1058,435,90
42,709,947,Masaha001842Vols,316,442,652,150,74
42,763,1527,Shia000317Vols,7625,231,1080,587,83
42,0,561,Masaha005108Vols,564,566,1170,439,90
42,760,1527,Shia000234Vols,6975,396,1227,605,89
42,0,519,Shia001114,79,938,1499,409,91
42,519,1530,Shia001114,80,0,1103,809,90
42,709,1253,Shia001174Vols,1815,904,1490,434,91
42,1253,1530,Shia001174Vols,1816,0,301,223,89
42,0,561,Shia002992Vols,3807,85,743,424,80
42,184,372,Shia002984Vols,1072,920,1057,75,48
42,0,561,Shia002953Vols,941,468,1101,392,73
42,566,705,Shia001432Vols,7643,4,140,107,95
42,0,546,Shia001432Vols,15790,527,1115,378,75
42,724,947,Shia001432Vols,16492,810,1021,134,67
42,709,947,Shia001384,85,893,1130,151,74
42,709,1410,PV2024060601,293,737,1492,565,92
42,1410,1530,PV2024060601,294,0,132,92,86
42,760,1527,Shia000263Vols,3330,560,1379,572,85
42,769,1530,Masaha000001Vols,288,0,828,609,90
42,760,1141,Shia000376Vols,171,1177,1577,285,89
42,1149,1527,Shia000376Vols,172,24,427,293,87
42,709,1530,Shia001423Vols,1638,17,912,656,90
42,130,561,Shia001423Vols,1647,21,528,333,82
42,709,1410,Shia001122Vols,293,737,1492,565,92
42,1410,1530,Shia001122Vols,294,0,132,92,86
43,520,770,Masaha001945,46,1230,1471,183,89
43,736,988,Masaha001945,423,27,279,149,65
43,762,1001,Shia001172,70,1074,1300,125,59
43,120,550,Shia003695Vols,335,775,1139,201,50
43,120,550,Masaha001842Vols,316,696,1018,188,52
43,0,175,Shia000317Vols,7625,1075,1275,133,83
43,930,1472,Masaha002336,202,542,1102,431,95
43,0,175,Shia000234Vols,6975,1222,1424,138,85
43,0,399,Shia001114,80,1103,1555,320,86
43,399,1522,Shia001114,81,0,1219,888,90
43,923,1472,Masaha002473,21,740,1147,180,35
43,0,550,Shia001174Vols,1816,301,905,416,85
43,1194,1516,JK000646,7,1109,1383,152,58
43,910,1298,Zaydiyya0000336,561,572,891,216,68
43,742,948,Shia001432Vols,8499,412,631,139,79
43,120,550,Shia001432Vols,16492,1059,1461,198,46
43,120,471,Shia003707Vols,827,1261,1553,162,49
43,910,1409,Shia003698,193,94,645,392,88
43,120,516,Shia001384,85,1173,1500,180,48
43,910,1211,Shia004092Vols,6867,1131,1472,243,88
43,0,516,PV2024060601,294,132,705,413,89
43,0,139,Shia000263Vols,3330,1374,1525,110,91
43,0,516,Masaha000001Vols,288,828,1400,412,88
43,0,166,Shia000376Vols,172,422,609,127,84
43,910,1211,Rafed0002654Vols,6553,639,980,243,88
43,0,569,Shia001423Vols,1638,912,1525,422,82
43,0,516,Shia001122Vols,294,132,705,413,89
44,317,560,Rafed0000685Vols,92,34,261,148,73
44,25,560,Rafed0000685Vols,260,4,560,353,75
44,615,892,Shia003695Vols,418,1147,1423,200,89
44,892,1159,Shia003695Vols,419,0,245,158,74
44,0,118,Shia002932VolsBK1,278,1343,1460,90,99
44,118,713,Shia002932VolsBK1,279,0,614,395,78
44,1221,1384,Shia004030Vols,590,773,999,124,70
44,7,713,Masaha005108Vols,564,0,726,474,82
44,753,1324,Shia001140Vols,253,0,466,288,62
44,615,1159,Masaha002069Vols,93,754,1348,318,59
44,615,842,Masaha002069Vols,184,1222,1431,146,77
44,1221,1384,Shia001134,514,836,1071,124,67
44,564,1097,Masaha002070,85,181,683,344,79
44,0,270,Shia001114,81,1219,1488,210,99
44,270,1384,Shia001114,82,0,1219,866,90
44,643,1097,Shia001174Vols,1857,0,456,328,88
44,713,934,Rafed0000862,79,1329,1545,146,83
44,0,489,Shia002992Vols,3806,973,1465,380,98
44,0,99,Shia002953Vols,940,1337,1435,76,98
44,99,713,Shia002953Vols,941,0,605,393,80
44,698,1128,Rafed0000705Vols,1073,50,495,310,88
44,698,1128,Rafed0000705Vols,1205,442,887,306,87
44,598,1097,Shia001146,329,0,514,388,96
44,1236,1384,Shia001432Vols,14339,149,337,91,52
44,60,713,Shia001432Vols,15790,0,644,428,82
44,738,1290,Shia001432Vols,16870,4,542,303,60
44,615,930,Shia001432Vols,17190,302,597,207,79
44,1275,1384,Shia001137,527,16,171,85,69
44,564,1142,Masaha002493,98,87,689,399,82
44,1221,1394,Shia001286,25,1087,1316,130,71
44,634,1159,Shia001286,307,763,1307,276,54
44,698,1155,Rafed0002565Vols,194,234,698,311,82
44,631,1159,PV2024060601,307,216,725,352,83
44,1221,1384,PV2024060601,438,372,566,126,82
44,631,1159,Masaha000001Vols,301,548,1056,352,83
44,1221,1384,Masaha000001Vols,430,157,351,126,82
44,631,1021,Masaha002865,277,1193,1504,199,61
44,701,921,Zaydiyya0000349,110,1353,1586,162,85
44,921,1089,Zaydiyya0000349,111,0,172,128,93
44,0,671,Shia001423Vols,1646,698,1394,463,83
44,631,1159,Shia001122Vols,307,216,725,352,83
44,1221,1384,Shia001122Vols,438,372,566,126,82
44,615,1132,Shia001121,45,748,1280,388,93
45,301,648,Masaha001945,326,248,565,182,58
45,639,781,Masaha001945,396,163,299,98,88
45,0,279,Shia001148,95,443,761,216,86
45,0,193,Shia001349Vols,942,1418,1597,138,89
45,0,279,Shia004030Vols,590,1029,1324,210,88
45,0,253,Shia001171,164,1241,1491,187,93
45,0,295,Shia001134,514,1101,1448,224,82
45,1188,1346,Tafsir04042,1857,137,288,110,87
45,0,183,Shia001114,82,1249,1428,141,97
45,183,1400,Shia001114,83,0,1361,950,88
45,421,620,Shia001174Vols,1569,435,618,148,91
45,421,726,Shia001174Vols,1618,424,726,181,66
45,283,878,Shia001174Vols,1619,695,1179,267,49
45,624,781,Shia001174Vols,1672,196,366,121,91
45,785,993,Shia001174Vols,1875,1017,1244,162,91
45,785,1083,Shia002389Vols,3056,1035,1379,179,63
45,0,279,Masaha001978Vols,287,552,841,208,88
45,421,620,Rafed0000705Vols,1068,830,1029,157,94
45,452,620,Rafed0000705Vols,1196,4,135,106,77
45,815,1090,Shia001146,322,845,1220,155,50
45,489,705,Shia001300,269,0,193,119,62
45,1001,1324,Shia001432Vols,7870,1261,1518,172,63
45,639,781,Shia001432Vols,8488,40,188,97,84
45,301,890,Shia001432Vols,8589,780,1276,196,33
45,1083,1400,Shia001432Vols,8924,7,259,179,68
45,1032,1400,Shia001432Vols,10439,235,554,221,71
45,0,279,Shia001432Vols,14339,367,679,216,88
45,0,279,Shia001137,527,201,516,211,83
45,68,279,Shia003757,188,986,1312,152,59
45,0,131,Shia003757,188,393,600,94,58
45,62,279,Masaha002876,51,462,699,135,69
45,997,1400,Shia003744Vols,347,15,450,315,92
45,0,198,Shia001286,25,1316,1520,149,90
45,0,279,Masaha003034,55,1004,1349,209,77
45,421,648,Rafed0002565Vols,8,1119,1339,159,85
45,301,664,Shia001431,108,1122,1401,142,45
45,283,675,Shia001431,109,961,1387,230,60
45,283,878,PV2024060601,221,916,1402,267,49
45,624,865,PV2024060601,241,1216,1437,135,69
45,785,1075,PV2024060601,311,698,976,179,75
45,0,352,PV2024060601,438,596,948,249,86
45,283,890,Masaha000001Vols,217,683,1304,261,40
45,624,865,Masaha000001Vols,237,299,520,138,70
45,785,1075,Masaha000001Vols,305,897,1174,179,75
45,0,352,Masaha000001Vols,430,381,732,249,86
45,421,702,Shia001418Vols,153,62,354,180,74
45,1026,1338,Masaha000221,88,1123,1443,225,85
45,0,279,Shia001423Vols,483,48,339,206,87
45,0,279,Shia001423Vols,523,300,599,217,92
45,283,878,Shia001122Vols,221,916,1402,267,49
45,624,865,Shia001122Vols,241,1216,1437,135,69
45,785,1075,Shia001122Vols,311,698,976,179,75
45,0,352,Shia001122Vols,438,596,948,249,86
46,785,934,Zaydiyya0000013,339,982,1117,102,82
46,507,1173,Tafsir05045,106,77,992,335,41
46,602,934,ShamAY0033996,29,149,673,151,31
46,384,588,Shia001349Vols,988,430,656,132,73
46,222,1114,JK000467,1529,639,1432,379,41
46,428,747,JK000467,1530,58,444,161,50
46,747,895,Shia003695Vols,207,1047,1474,92,26
46,734,928,JK009390,5486,674,1247,113,24
46,734,928,JK009390,6332,48,623,117,25
46,384,617,Rafed0001915,148,49,299,140,70
46,765,934,Rafed0000175,24,1217,1581,109,36
46,839,1143,Shia004030Vols,603,1151,1523,158,48
46,602,1173,Shia004030Vols,971,747,1451,359,55
46,436,588,Shia004030Vols,972,0,161,115,89
46,602,1246,Shia004030Vols,986,651,1330,469,85
46,288,765,Shia004030Vols,1035,0,521,271,56
46,384,602,Shia004030Vols,1038,418,660,143,75
46,708,1173,Shia003754Vols,314,427,1103,323,57
46,384,582,Masaha000554Vols,5341,1335,1564,129,64
46,747,934,JK001493,382,563,878,102,40
46,260,747,Shia002093,145,994,1122,92,24
46,384,646,Tafsir04003,3492,488,732,144,67
46,73,1399,Shia001114,84,0,1482,1039,88
46,843,1173,Shamela0001001,134,0,312,220,75
46,297,836,JK007082,210,557,787,96,23
46,747,1070,Shia003727Vols,137,904,1477,159,32
46,774,941,Shia002992Vols,3401,1050,1282,113,61
46,384,698,Shia002389Vols,2609,756,1035,150,57
46,734,928,Sham19Y0127677,4668,408,992,117,24
46,602,1173,Masaha002880Vols,336,306,955,354,58
46,264,1173,Shamela0012404,27,268,1183,331,31
46,222,974,Zaydiyya0000461,431,860,1465,277,36
46,264,1173,Zaydiyya0000461,433,450,1394,327,30
46,212,747,Zaydiyya0000004,230,111,415,117,23
46,695,1148,Shamela0006617,977,803,1372,266,52
46,424,588,Rafed0000609Vols,29,66,252,125,84
46,774,934,Rafed0000609Vols,308,1096,1481,112,36
46,428,588,Rafed0000609Vols,309,375,555,119,83
46,197,785,Shia001432Vols,7783,762,1403,337,58
46,0,189,Shia001432Vols,7871,78,319,152,77
46,433,588,Shia001432Vols,7930,32,206,117,84
46,582,1114,Shia001432Vols,8378,903,1456,393,86
46,0,189,Shia001432Vols,8924,259,468,152,89
46,0,189,Shia001432Vols,10439,554,798,152,76
46,774,1173,Shia001432Vols,14576,928,1525,201,36
46,839,1173,Shamela0023644,1651,489,842,245,84
46,723,1173,JK000621,33,0,639,343,65
46,774,1173,Zaydiyya0000474,165,199,846,247,43
46,747,1173,Shia003707Vols,473,444,1066,201,34
46,726,1173,Shia003707Vols,485,790,1454,334,61
46,592,1231,Shia003744Vols,327,316,1009,454,79
46,0,189,Shia003744Vols,347,450,670,152,85
46,193,757,Shia003744Vols,389,74,672,354,66
46,747,937,Shia001384,58,1043,1518,123,32
46,242,1173,Shia004092Vols,1541,535,1474,322,29
46,774,1173,Shia004092Vols,1543,16,603,301,63
46,723,937,Shia004092Vols,1544,1036,1482,125,34
46,747,1173,Shia004092Vols,1548,584,1212,189,32
46,747,1173,Shia004092Vols,1549,666,1268,316,63
46,774,912,Shia004092Vols,4457,1233,1488,102,49
46,428,836,Shia004092Vols,4458,184,841,193,31
46,774,1029,Shia004092Vols,4463,743,1438,170,30
46,705,1173,Shia004092Vols,6013,874,1392,243,48
46,222,1092,Shia004092Vols,7139,697,1481,371,41
46,428,928,Shia004092Vols,7140,91,614,143,23
46,757,928,Shia004092Vols,8684,838,1067,91,40
46,280,836,Shia004092Vols,9686,389,616,77,15
46,863,1173,Shia004092Vols,9700,0,350,197,61
46,734,928,Shia004092Vols,11525,282,864,117,24
46,941,1173,Shia004092Vols,13552,809,1104,175,71
46,839,1148,JK009313,4807,125,554,234,65
46,384,646,Rafed0001713Vols,2365,1215,1472,149,68
46,712,928,Shamela0001438,6855,525,1177,123,23
46,222,1173,Shia004266Vols,142,375,1247,423,42
46,761,1173,Shia004266Vols,150,14,708,255,42
46,719,1173,Shia004456Vols,4454,5,678,337,62
46,222,1173,Shia004456Vols,4461,381,1360,329,28
46,734,1173,Shamela0021765,2460,701,1352,332,62
46,774,1173,Shia002185Vols,3189,31,672,247,43
46,269,1051,Shamela0001524,2446,793,1446,314,39
46,617,1231,Masaha000221,81,301,967,434,79
46,222,462,Masaha000221,99,1196,1476,185,81
46,698,928,JK008001,5065,276,895,127,25
46,632,1173,Rafed0002654Vols,333,25,795,383,60
46,242,1173,Rafed0002654Vols,1113,106,1051,323,29
46,222,1015,Rafed0002654Vols,1114,766,1414,305,38
46,428,588,Rafed0002654Vols,1115,198,402,122,75
46,723,1173,Rafed0002654Vols,1116,604,1322,266,42
46,747,1173,Rafed0002654Vols,1120,90,720,191,32
46,747,1173,Rafed0002654Vols,1121,210,813,317,64
46,774,1088,Rafed0002654Vols,4085,1027,1485,241,64
46,450,836,Rafed0002654Vols,4086,38,607,171,30
46,857,1153,Rafed0002654Vols,4090,1127,1525,155,47
46,774,1029,Rafed0002654Vols,4091,411,1101,170,30
46,705,1173,Rafed0002654Vols,5682,838,1356,243,48
46,228,1173,Rafed0002654Vols,6826,573,1434,419,43
46,524,928,Rafed0002654Vols,6827,18,470,105,19
46,757,928,Rafed0002654Vols,8391,682,911,91,40
46,280,836,Rafed0002654Vols,9464,645,868,77,15
46,857,1173,Rafed0002654Vols,9478,233,589,202,61
46,734,928,Rafed0002654Vols,11435,544,1126,117,24
46,734,1173,Rafed0000040Vols,1766,335,1069,266,42
47,1090,1483,Tafsir04038,528,967,1410,311,87
47,1078,1483,Shia001421Vols,44,576,1011,304,85
47,1090,1483,Shia001389,48,551,1009,300,80
47,1183,1483,Shia001172,47,0,355,223,75
47,797,1074,Shia001172,181,113,448,189,70
47,653,780,Shia004030Vols,1234,4,148,101,87
47,1305,1483,Tafsir04042,1828,0,175,131,86
47,0,1251,Shia001114,85,68,1485,990,87
47,1263,1483,Shia001114,86,7,265,174,83
47,0,496,Shia001174Vols,4125,847,1381,391,90
47,1078,1483,Shia002389Vols,1366,415,870,306,82
47,1078,1483,Shia002389Vols,2362,805,1269,309,82
47,1078,1483,Shia001432Vols,5943,208,634,270,74
47,843,1074,Shia001432Vols,7918,0,252,171,82
47,500,739,Shia001432Vols,11965,1128,1393,173,81
47,500,780,Shia003744Vols,509,377,703,219,84
47,784,1074,Shia003744Vols,517,998,1316,229,89
47,0,496,PV2024060601,1069,244,778,391,90
47,19,496,Masaha000001Vols,1078,10,508,373,91
47,513,775,Masaha000221,146,944,1256,206,83
47,797,1135,Masaha000221,150,636,1043,222,62
47,0,653,Shia001217Vols,3342,40,684,436,77
47,0,496,Shia001122Vols,1069,244,778,391,90
47,1263,1483,Shia002382Vols,1492,32,239,155,84
47,1263,1483,Shia002382Vols,2023,281,532,164,77
48,1156,1528,JK005005,165,1043,1362,235,74
48,82,266,Tafsir04038,529,0,203,149,90
48,0,266,Shia001421Vols,44,1011,1284,210,94
48,313,919,Shia001421Vols,371,0,593,409,82
48,0,266,Shia001389,48,1009,1317,214,85
48,0,266,Shia001172,47,355,631,213,94
48,413,824,Shia001544Vols,77,0,442,301,83
48,1169,1504,JK009390,5229,434,753,236,79
48,906,1393,Shia001140Vols,493,1040,1497,192,41
48,858,1398,Shia001140Vols,495,1051,1610,410,87
48,874,1444,ShamAY0032826,880,695,1211,305,64
48,874,1444,ShamAY0032826,882,491,1007,305,64
48,1169,1504,Sham19Y0014592,2615,121,439,235,80
48,0,278,Tafsir04042,1828,175,463,209,86
48,0,1113,Shia001114,86,265,1487,873,89
48,1113,1528,Shia001114,87,0,448,339,92
48,1230,1504,Shamela0012884,246,0,255,185,76
48,1020,1528,JK005004,168,468,907,302,70
48,282,824,Shia001174Vols,5208,316,891,416,91
48,0,266,Shia002389Vols,1366,870,1164,213,89
48,282,700,Shia002389Vols,3224,1059,1481,316,93
48,700,824,Shia002389Vols,3225,0,136,96,89
48,1128,1504,Sham19Y0127677,3894,842,1201,251,77
48,1169,1504,Sham19Y0018272,1505,950,1263,232,79
48,0,356,Shia001432Vols,5943,634,1009,226,70
48,282,488,Shia001432Vols,15821,1211,1428,159,93
48,488,824,Shia001432Vols,15822,0,340,243,85
48,874,1444,Shia001432Vols,20254,975,1468,202,36
48,874,1373,Shia001432Vols,20257,1047,1525,316,72
48,858,1302,Shia001137,402,1117,1593,359,92
48,1302,1528,Shia001137,403,0,227,184,99
48,41,266,Shia001615Vols,865,978,1229,178,87
48,1156,1504,Zaydiyya0000474,825,837,1141,230,77
48,1128,1504,Shamela0001438,5784,429,787,252,77
48,278,421,PV2024060601,3703,1274,1416,107,97
48,421,824,PV2024060601,3704,0,439,311,89
48,50,278,Shia002380Vols,636,697,956,181,85
48,1176,1504,JK008001,2166,1078,1522,228,57
48,874,1335,Shia001217Vols,6491,1066,1450,255,64
48,1030,1444,Shia001217Vols,6492,45,403,173,41
48,278,421,Shia001122Vols,3703,1274,1416,107,97
48,421,824,Shia001122Vols,3704,0,439,311,89
48,919,1528,JK005007,133,644,1235,379,72
48,0,266,Shia002382Vols,1492,239,541,202,80
48,0,266,Shia002382Vols,2023,532,845,202,77
49,236,506,JK005005,166,6,235,159,72
49,17,489,JK009390,5229,759,1188,294,68
49,530,973,Shia001140Vols,493,1040,1497,354,96
49,973,1583,Shia001140Vols,494,0,615,497,98
49,530,978,Shia001140Vols,495,1096,1610,200,45
49,0,543,Shia001140Vols,496,121,646,406,91
49,566,1022,ShamAY0032826,880,732,1211,226,48
49,566,1022,ShamAY0032826,882,528,1007,226,48
49,17,489,Sham19Y0014592,2615,445,860,287,68
49,694,919,Shia000234Vols,1745,1313,1546,161,79
49,919,1583,Shia000234Vols,1746,0,668,533,97
49,0,1126,Shia001114,87,448,1597,908,97
49,1126,1614,Shia001114,88,0,500,401,97
49,17,489,Shamela0012884,246,261,676,288,67
49,0,727,JK005004,168,907,1476,323,52
49,905,1055,Zaydiyya0000049,550,303,655,115,39
49,399,738,Shia002389Vols,112,683,1016,125,33
49,17,417,Sham19Y0127677,3894,1207,1580,254,68
49,747,1583,Rafed0000705Vols,703,0,828,667,96
49,17,362,Sham19Y0018272,1505,1269,1588,217,68
49,399,526,Shia001432Vols,18591,1275,1402,105,100
49,536,1028,Shia001432Vols,20254,975,1473,356,83
49,1028,1583,Shia001432Vols,20255,0,550,445,96
49,0,526,Shia001432Vols,20258,145,655,406,94
49,730,1583,Shia001432Vols,25002,0,880,687,94
49,0,526,Shia001137,403,227,754,431,99
49,17,494,Zaydiyya0000474,825,1147,1532,248,58
49,776,1496,Shamela0022593,666,0,1022,359,38
49,17,489,Shamela0001438,5784,793,1219,291,67
49,798,1022,JK008001,2166,1300,1476,124,68
49,83,489,JK008001,2167,0,360,243,65
49,576,1583,Shia001217Vols,6492,8,969,740,90
49,543,1227,JK005007,133,644,1532,333,37
49,214,506,JK005007,134,0,156,122,50
49,1312,1583,Shia000233,928,214,619,177,50
49,399,543,Shia002382Vols,151,1419,1559,109,93
50,1155,1602,Shia001148,310,963,1481,287,60
50,1270,1493,Shia000317Vols,3474,205,462,174,82
50,172,1259,Shia001140Vols,495,0,1193,746,70
50,124,322,Shia000234Vols,1745,1016,1213,140,77
50,0,1124,Shia001114,88,500,1645,912,97
50,1124,1602,Shia001114,89,0,517,385,92
50,148,437,Shia002389Vols,85,150,336,131,53
50,0,478,Shia001432Vols,20256,1067,1526,331,78
50,478,1151,Shia001432Vols,20257,0,778,492,73
50,7,322,Shia001432Vols,25002,1281,1574,195,73
50,1179,1493,Shia001432Vols,29042,1097,1407,221,81
50,1155,1497,Shia001385,23,802,1502,255,44
50,62,1259,Shia001137,402,0,1212,924,92
50,1259,1493,Shia001615Vols,838,346,592,187,92
50,142,322,Shia000121Vols,498,45,220,134,84
50,1161,1493,Shia001217Vols,1762,51,386,240,83
50,0,322,Shia001217Vols,6491,733,1042,219,78
51,116,296,Shia000743Vols,230,1001,1197,138,86
51,1313,1447,Shia001119,134,1174,1307,106,97
51,960,1300,Shia004042Vols,423,1026,1261,147,52
51,300,508,Shia002932VolsBK1,322,309,527,167,95
51,116,296,Shia000801Vols,269,1224,1420,138,86
51,300,508,Masaha005108Vols,612,80,298,167,95
51,787,978,Shia004623,4,165,333,112,75
51,305,455,Shia003636Vols,15015,1308,1457,119,99
51,0,934,Shia001114,89,517,1552,739,89
51,934,1447,Shia001114,90,0,538,403,95
51,116,296,Shia000723Vols,254,569,765,138,86
51,721,1093,Shia001174Vols,3043,841,1220,275,89
51,1093,1300,Shia001174Vols,3448,293,510,158,93
51,721,939,Shia001174Vols,3449,1250,1479,170,93
51,952,1313,Shia001174Vols,3450,7,273,206,72
51,580,790,Shia001174Vols,3568,904,1170,129,59
51,0,296,Shia001334,101,216,523,216,83
51,300,508,Shia002992Vols,6682,1215,1433,167,95
51,1159,1300,Shia000182VolsBK2,3531,1235,1391,110,89
51,11,296,Shia001299,188,0,318,223,88
51,736,1093,Shia001300,210,397,757,234,71
51,580,717,Shia001432Vols,21734,627,758,109,95
51,31,328,Shia001432Vols,22933,122,450,178,61
51,305,508,Shia001432Vols,23220,89,304,163,94
51,819,978,Shia001432Vols,23325,853,1000,106,84
51,721,1093,Shia001432Vols,23341,340,713,270,87
51,861,1093,Shia001432Vols,23569,0,253,179,88
51,721,1313,Shia001432Vols,23572,278,781,372,78
51,1097,1300,Shia001432Vols,23574,331,541,153,91
51,1319,1447,Shia001432Vols,24028,227,352,97,95
51,1319,1447,Shia001432Vols,28353,654,779,97,95
51,116,296,Shia000806Vols,571,206,407,138,84
51,819,978,Shia001615Vols,615,1190,1337,106,84
51,335,508,Shamela0005355,126,242,409,127,89
51,1319,1447,Shia001237Vols,1426,730,865,97,88
51,305,565,Shia001237Vols,2073,832,1105,177,80
51,31,296,Shia001237Vols,2889,707,994,180,80
51,819,978,Shia001237Vols,3137,198,345,106,84
51,768,1204,Shia001237Vols,3154,1003,1439,254,64
51,721,1034,PV2024060601,703,1110,1428,229,87
51,1097,1300,PV2024060601,829,497,713,157,93
51,721,1313,PV2024060601,830,205,705,369,78
51,512,771,PV2024060601,866,147,406,185,83
51,31,296,Shia000150,3,1231,1523,203,86
51,822,1156,Masaha000001Vols,693,574,1287,137,21
51,721,1313,Masaha000001Vols,695,680,1276,325,60
51,721,1313,Masaha000001Vols,845,945,1439,367,76
51,512,771,Masaha000001Vols,880,760,1015,183,81
51,525,790,Masaha000001Vols,881,394,723,143,51
51,0,296,Shia001217Vols,4413,588,874,189,72
51,721,934,Shia001217Vols,4632,1163,1393,161,88
51,952,1156,Shia001217Vols,4633,5,247,127,61
51,1097,1300,Shia001217Vols,4647,912,1106,140,83
51,721,1034,Shia001122Vols,703,1110,1428,229,87
51,1097,1300,Shia001122Vols,829,497,713,157,93
51,721,1313,Shia001122Vols,830,205,705,369,78
51,512,771,Shia001122Vols,866,147,406,185,83
51,300,508,Shia002944,133,174,392,166,94
52,186,346,EShia0027411,4,845,1018,119,78
52,477,890,Shia001119,134,687,1169,307,78
52,195,349,Zaydiyya0000037Vols,2638,1313,1470,112,82
52,195,425,Zaydiyya0000022,33,432,641,131,62
52,131,349,Shia003692,220,1123,1373,155,75
52,116,340,Zaydiyya0000383,28,611,883,136,53
52,1070,1431,Masaha000979,239,441,787,185,62
52,113,481,Masaha000979,242,300,623,175,57
52,113,425,Shia001134,289,154,547,197,62
52,1143,1366,Tafsir04003,386,145,350,157,89
52,113,372,Masaha002336,28,20,296,146,57
52,451,984,Shia000234Vols,5500,729,1323,349,71
52,131,363,Zaydiyya0000098,345,764,1038,152,63
52,0,763,Shia001114,90,538,1452,594,81
52,763,1448,Shia001114,91,0,798,538,85
52,195,346,EShia0071536,163,701,856,113,82
52,121,372,Shia001383,28,303,550,143,56
52,167,349,Shia001383,112,1134,1360,139,75
52,451,890,Shia002389Vols,2343,659,922,144,38
52,195,346,Shia001131Vols,110,483,638,113,82
52,1116,1366,Shia001131Vols,181,909,1127,157,80
52,124,428,Zaydiyya0000004,33,221,586,159,46
52,186,346,Kraken220413203004,14,38,213,121,79
52,917,1378,Shia001299,40,684,1208,354,86
52,124,349,Shia000107Vols,244,1148,1417,154,70
52,131,376,Shia001300,196,1018,1282,151,65
52,195,349,Zaydiyya0000086,130,29,164,97,72
52,386,894,Shia001432Vols,18350,767,1324,368,80
52,113,349,Shia001432Vols,21609,810,1064,149,66
52,959,1418,Shia001432Vols,21797,407,884,261,62
52,146,349,Shia001432Vols,21801,475,701,133,69
52,458,900,Shia001432Vols,24018,638,1169,324,76
52,0,105,Shia001432Vols,24028,352,460,79,95
52,113,501,Shia001432Vols,25168,1015,1310,165,45
52,936,1262,Shia001432Vols,25635,1132,1436,187,66
52,1239,1366,Shia001432Vols,25636,0,127,101,100
52,113,353,Shia001432Vols,25707,438,681,134,54
52,0,175,Shia001432Vols,28353,779,987,88,43
52,1113,1366,Shia001432Vols,28933,265,510,165,77
52,1105,1431,Shia001432Vols,28940,807,1171,192,62
52,195,346,Zaydiyya0000388,396,1465,1621,111,80
52,167,485,Shia001115Vols,62,29,332,150,48
52,221,412,Shia001115Vols,268,0,236,121,55
52,1181,1366,ShamAY0032941,5,0,152,118,80
52,353,890,Shia001137,304,787,1408,416,84
52,1234,1366,Shia004012,56,4,137,104,98
52,167,349,Shia001615Vols,133,552,756,132,74
52,1143,1366,Shia001615Vols,992,1380,1603,175,100
52,162,349,Zaydiyya0000083,59,952,1175,111,56
52,894,1184,Shia001237Vols,431,1232,1488,146,58
52,1184,1366,Shia001237Vols,432,0,182,144,100
52,1105,1366,Shia001237Vols,1215,969,1257,184,76
52,0,105,Shia001237Vols,1426,865,974,81,96
52,186,346,Shia001237Vols,2158,1149,1339,123,74
52,131,346,Shia001237Vols,2740,573,798,139,64
52,131,346,Shia001237Vols,2883,1230,1455,139,64
52,1134,1366,Shia001237Vols,2949,948,1161,142,73
52,1113,1366,Rafed0001713Vols,196,95,345,165,75
52,162,349,Zaydiyya0000015,852,197,419,114,56
52,386,1086,Shia001217Vols,3162,136,836,388,59
52,175,349,Shia001343,3,1259,1443,113,69
52,1105,1431,Masaha004648Vols,50,350,664,195,72
53,752,1078,Shia001148,141,994,1343,255,91
53,856,1078,Shia001270Vols,436,464,688,178,98
53,99,521,Shia001140Vols,472,945,1438,294,71
53,207,525,Masaha001108Vols,98,1061,1459,237,71
53,0,622,Shia001114,91,798,1485,491,89
53,622,1444,Shia001114,92,0,927,632,86
53,212,450,Shia001391,126,1156,1480,169,63
53,1185,1444,Shia001174Vols,4753,370,668,187,81
53,105,521,Shia001417,98,943,1410,278,72
53,203,521,Shia000068,39,466,878,245,72
53,525,738,Shia001344Vols,228,265,491,167,94
53,528,752,Shia001432Vols,16589,956,1186,157,83
53,749,1078,Shia001432Vols,20933,823,1141,242,89
53,118,521,Shia001432Vols,22688,223,690,288,72
53,853,1078,Shia001615Vols,3692,314,551,180,94
53,212,518,Shia001138BK2,21,19,377,244,83
53,1268,1444,PV2024060601,3544,0,214,124,74
53,1189,1444,Shia001217Vols,4594,155,452,186,81
53,1268,1444,Shia001122Vols,3544,0,214,124,74
54,799,1401,Shia001140Vols,614,330,967,466,92
54,0,497,Shia001114,92,927,1475,381,87
54,497,1401,Shia001114,93,0,992,702,90
54,0,128,Shia001383,50,1394,1510,85,85
54,0,133,Shia001174Vols,4753,668,801,103,100
54,0,128,Shia004021,155,232,353,91,91
54,908,1183,Shia002389Vols,771,652,959,217,89
54,805,1401,Shia002389Vols,1559,653,1146,303,59
54,821,1401,Shia001432Vols,315,426,993,379,75
54,1096,1401,Shia001432Vols,23218,0,327,230,89
54,643,795,Shia001432Vols,23365,483,647,104,82
54,643,942,Shia001432Vols,23476,895,1166,118,44
54,583,942,Shia001137,112,193,647,236,67
54,137,656,PV2024060601,2963,641,1173,254,54
54,0,153,PV2024060601,3544,214,367,116,98
54,137,670,Shia001217Vols,371,461,1011,237,49
54,1188,1401,Shia001217Vols,4292,937,1088,106,64
54,620,1174,Shia001217Vols,4576,899,1440,280,51
54,0,153,Shia001217Vols,4594,452,602,111,94
54,632,898,Shia001217Vols,5381,351,645,155,63
54,137,656,Shia001122Vols,2963,641,1173,254,54
54,0,153,Shia001122Vols,3544,214,367,116,98
54,1188,1370,Shia002382Vols,1061,521,723,127,80
55,239,647,Shia001140Vols,82,812,1239,218,53
55,0,322,Shia001140Vols,529,12,357,201,63
55,0,418,Shia001114,93,1008,1474,329,87
55,418,1474,Shia001114,94,0,1127,837,93
55,1012,1474,Shia003704,371,147,638,362,90
55,322,684,Shia001417,27,661,1038,165,51
55,24,258,Shia001417,225,936,1189,170,83
55,501,635,Shia001432Vols,462,986,1117,94,88
55,1127,1474,Shia001432Vols,8104,0,307,214,72
55,277,579,Shia001432Vols,21855,1133,1449,186,70
55,277,543,Shia001432Vols,22506,804,1089,174,76
55,272,558,Shia001432Vols,25085,615,917,164,59
55,377,517,Shia001432Vols,25089,760,905,94,80
55,494,689,Shia001115Vols,114,989,1209,152,87
55,1000,1406,Shia003757,699,300,888,257,50
55,360,490,Shia001615Vols,2524,563,692,97,94
55,1098,1474,Shia003744Vols,443,0,335,242,78
55,693,1474,Shia001286,64,113,964,614,89
55,315,576,PV2024060601,920,371,686,135,46
55,917,1474,Masaha000221,117,423,975,323,62
55,272,534,Shia001217Vols,177,565,813,152,65
55,312,579,Shia001217Vols,1823,281,589,159,60
55,315,576,Shia001122Vols,920,371,686,135,46
56,13,527,Tafsir05045,260,158,736,306,59
56,31,517,Tafsir05045,261,0,593,313,61
56,650,900,Shia001421Vols,96,25,322,121,47
56,650,908,Shia001148,74,474,821,123,43
56,1079,1309,Shia000317Vols,458,749,973,127,61
56,0,378,Shia001114,94,1127,1504,305,99
56,378,1461,Shia001114,95,0,1198,850,89
56,661,1238,Shia001334,569,0,631,435,86
56,0,609,Shia003704,371,638,1292,437,83
56,1242,1461,Shia002389Vols,744,849,1082,175,93
56,591,908,JK007078,21,660,928,169,60
56,0,527,Shia001432Vols,8104,307,863,365,76
56,636,1238,Shia001432Vols,21981,148,658,348,69
56,0,532,Shia003757,699,733,1250,314,66
56,0,527,Shia003744Vols,443,335,898,369,76
56,0,511,Shia001286,64,964,1495,406,94
56,591,936,Zaydiyya0000131,89,1006,1394,197,57
56,0,522,Masaha000221,117,975,1533,364,75
56,571,1238,Shia001217Vols,27,98,522,279,53
56,1242,1461,Tafsir04056,2444,1080,1313,175,93
56,1242,1461,Masaha004648Vols,262,986,1204,175,98
57,1139,1331,Shia002945Vols,76,1281,1487,151,92
57,1219,1331,Shia001119,97,417,547,86,83
57,1139,1331,Shia000209,175,189,372,131,81
57,1184,1413,Shia000207,195,806,1017,136,70
57,1139,1331,Masaha001130Vols,110,509,754,137,65
57,1184,1331,Shia000317Vols,1728,860,1012,109,91
57,1139,1384,Zaydiyya0000302,210,1146,1387,165,81
57,1139,1419,Zaydiyya0000302,665,124,432,175,66
57,721,1119,Masaha002069Vols,24,1023,1440,313,92
57,1219,1331,Shia000277Vols,359,36,149,88,98
57,1188,1413,Shia000234Vols,1748,0,221,135,72
57,1184,1331,Shia000234Vols,1903,5,164,116,91
57,0,239,Shia001114,95,1198,1472,189,86
57,239,1438,Shia001114,96,0,1385,931,85
57,335,728,Zaydiyya0000004,264,0,492,293,75
57,721,1170,Shia001432Vols,16209,489,966,323,82
57,1181,1331,Shia001432Vols,24997,1235,1411,111,80
57,1139,1354,PV2024060601,1120,542,782,163,86
57,1139,1419,PV2024060601,6791,277,585,175,66
57,1166,1354,Shia000055Vols,313,0,224,129,73
57,75,479,JK009226,467,1007,1462,212,46
57,479,728,JK009226,468,0,301,189,79
57,224,383,JK009226,713,1286,1444,126,99
57,1181,1384,Shia001217Vols,859,94,325,138,77
57,75,220,Shia001217Vols,1692,0,157,112,91
57,1184,1331,Shia000196Vols,101,627,797,113,83
57,1184,1331,Shia000196Vols,400,206,365,116,91
57,1184,1331,Shia000196Vols,434,623,792,116,86
57,1139,1354,Shia001122Vols,1120,542,782,163,86
57,1181,1331,Shia000218Vols,851,710,880,116,86
58,0,141,Shia002945Vols,73,654,791,106,97
58,328,575,Shia002945Vols,380,950,1228,147,69
58,1042,1427,Shia001375,84,664,1066,305,95
58,392,509,Shia001119,94,1145,1259,89,90
58,0,145,Shia000209,174,956,1097,106,95
58,0,145,Shia000207,183,76,221,106,92
58,0,157,Shia000207,329,516,667,106,86
58,41,141,Shia000207,334,920,1230,77,32
58,0,141,Shia000317Vols,1725,1366,1497,97,88
58,0,141,Shia000317Vols,1897,1166,1306,106,95
58,0,141,Shia000317Vols,1912,578,707,93,83
58,349,518,Shia000317Vols,2748,1192,1413,117,67
58,0,145,Zaydiyya0000302,210,460,600,106,92
58,0,141,Shia000277Vols,377,987,1124,101,87
58,118,320,Shia001149Vols,9,421,656,147,80
58,0,145,Shia000234Vols,1727,1105,1249,106,93
58,0,141,Shia000234Vols,1902,126,266,106,95
58,0,130,Shia000234Vols,1937,1415,1543,97,93
58,392,575,Shia000234Vols,2629,133,310,113,74
58,6,141,Shia001114,6,903,1033,91,83
58,346,518,Shia001114,44,0,175,119,86
58,67,1422,Shia001114,97,0,1498,1057,89
58,6,145,Masaha001007BK1,6,624,757,91,80
58,0,141,Shia000220Vols,148,845,986,102,91
58,349,518,Shia000220Vols,757,766,928,107,78
58,0,141,Shia000182VolsBK2,197,94,260,105,79
58,0,145,Shia000107Vols,78,1256,1401,106,92
58,6,157,Shia000107Vols,519,194,344,105,89
58,0,141,Shia000107Vols,574,54,314,104,50
58,1148,1427,Shia001432Vols,18202,668,951,220,97
58,339,518,Shia001432Vols,26012,977,1153,115,80
58,392,575,Shia001432Vols,26044,1043,1212,117,80
58,316,579,Shia001115Vols,510,260,546,171,69
58,339,518,Shia001115Vols,787,949,1116,118,84
58,0,114,Shia000298Vols,108,1395,1505,83,91
58,0,141,Shia000298Vols,888,1127,1263,102,91
58,0,141,Shia000296,79,1065,1205,106,95
58,792,1025,Shia001138BK2,65,527,755,168,85
58,0,141,Shia000291Vols,420,719,859,106,95
58,0,91,PV2024060601,1120,1279,1369,70,98
58,382,575,PV2024060601,2967,0,204,106,65
58,118,320,PV2024060601,3737,1119,1354,147,80
58,0,145,PV2024060601,6336,619,759,106,92
58,349,518,Shia000263Vols,1363,693,854,108,79
58,349,518,Shia000263Vols,3271,1227,1397,110,79
58,0,145,Shia001217Vols,834,120,264,105,92
58,328,579,Shia001217Vols,1266,193,450,144,67
58,835,1025,Shia001217Vols,3436,287,477,135,87
58,0,145,Shia000196Vols,398,1107,1251,106,93
58,0,141,Shia000196Vols,441,221,361,106,95
58,0,91,Shia001122Vols,1120,1279,1369,70,98
58,382,575,Shia001122Vols,2967,0,204,106,65
58,0,145,Shia000218Vols,1004,661,806,106,92
59,0,466,Shia001375,84,1066,1554,371,94
59,466,1294,Shia001375,85,0,821,665,99
59,0,1294,Shia001114,98,6,1317,1037,97
59,0,574,Shia001432Vols,18202,951,1529,413,84
59,574,1294,Shia001432Vols,18203,0,716,525,86
59,544,713,Shia001237Vols,1677,518,660,98,74
59,544,972,Shia001237Vols,2983,908,1208,232,65