ms1,b1,e1,id2,ms2,b2,e2,ch_match,matches_percent
7,69,556,Shia001402,37,970,1572,309,61
7,1340,1557,JK000001,1496,748,956,145,78
7,64,644,JK000001,2225,230,987,397,62
8,1437,1584,Shia001544Vols,1513,1069,1457,111,35
8,1481,1621,Shia001544Vols,2176,1253,1393,113,98
8,1471,1621,Shia002185Vols,1320,280,562,112,49
8,1471,1621,Shia20200618,40,119,402,114,49
8,596,909,JK000001,1495,952,1433,173,42
8,1471,1621,Shia001432Vols,255,668,951,114,49
8,1471,1621,Rafed0001617Vols,41,644,927,114,49
8,1471,1621,Shia001615Vols,2322,1256,1539,114,49
8,1393,1621,Rafed0003591Vols,8,114,741,163,32
8,1471,1621,Shia003754Vols,687,60,343,113,49
8,1449,1621,Shia004021,75,108,415,127,51
9,503,664,Shamela0001438,5745,851,1013,127,92
9,469,664,Masaha004580,273,429,625,134,82
9,0,229,Shia001107Vols,122,210,438,184,99
9,197,469,Shia001107Vols,308,900,1193,192,81
9,503,664,Zaydiyya0000086,23,359,498,109,80
9,503,664,Shamela0010782,7,1361,1523,136,99
9,503,664,Sham19Y0029676,487,1398,1558,135,99
9,0,229,Shia002185Vols,1320,562,791,184,99
9,223,483,Shia002185Vols,2267,1136,1399,182,84
9,503,664,Shia001156,47,1359,1519,134,98
9,503,664,Shia004525,59,1139,1300,136,100
9,503,664,Tafsir04040,1791,278,439,134,98
9,503,664,Zaydiyya0000352,116,1392,1531,113,83
9,0,229,Shia20200618,40,402,630,184,99
9,229,469,Shia20200618,145,640,887,182,90
9,503,664,Shia20200618,220,476,637,136,100
9,503,664,JK000001,2912,604,761,128,94
9,503,664,JK000916,19843,511,653,113,81
9,0,229,Shia001432Vols,255,951,1180,185,99
9,503,664,Shia001432Vols,7625,296,457,135,98
9,233,474,Shia001432Vols,21733,790,1038,181,89
9,503,664,Shia001432Vols,24510,29,171,113,81
9,503,664,JK001042,45,138,277,113,83
9,0,229,Shia002758,108,161,390,185,99
9,0,229,Rafed0001617Vols,41,927,1155,184,99
9,229,469,Rafed0001617Vols,152,115,362,181,90
9,503,664,Rafed0001617Vols,234,827,988,136,100
9,503,664,Sham19Y0127677,3896,934,1096,124,90
9,0,229,Shia002759BK1,117,88,317,184,99
9,503,664,Rafed0003799Vols,142,404,565,133,98
9,35,229,Shia001615Vols,2323,0,194,158,99
9,503,664,Masaha000146Vols,120,1346,1512,102,62
9,0,469,Rafed0003591Vols,8,741,1221,378,97
9,503,664,Rafed0003591Vols,11,839,1000,136,100
9,503,664,Shamela0009096,4,1052,1214,133,96
9,247,469,Shia004027,37,1379,1602,174,96
9,503,664,LAL2013020401BK1,29,231,395,127,92
9,503,664,Zaydiyya0000259,5,493,632,113,83
9,503,664,Shia003754Vols,32,1213,1374,136,100
9,0,229,Shia003754Vols,687,343,572,185,99
9,503,664,Shia003754Vols,702,880,1041,136,100
9,503,664,Shia003697,253,1209,1348,111,79
9,503,664,Shia001255Vols,711,821,981,133,98
9,503,664,Shia004050,363,840,1006,102,62
9,503,664,Masaha000554Vols,5765,750,911,134,98
9,247,474,Rafed0001406,14,854,1080,170,92
9,503,664,Shia004021,39,1311,1473,136,99
9,0,229,Shia004021,75,415,644,185,99
9,507,664,JK009325,19,499,659,131,95
9,247,469,JK009365,316,704,925,176,97
9,247,469,Masaha002310,43,71,302,176,93
11,1195,1526,Zaydiyya0000013,122,156,504,225,77
11,1174,1526,Shamela0021536,378,406,668,170,58
11,1223,1526,EScr20120309,284,14,518,203,53
11,1227,1526,Shamela0030584,2,97,458,212,77
11,1145,1526,Shia004695Vols,1307,1013,1381,262,86
11,1195,1526,JK009288,807,77,444,224,75
11,1195,1526,Zaydiyya0000133,137,348,730,227,75
11,1347,1526,Shia002185Vols,85,0,169,125,90
11,1195,1526,Tafsir04040,1117,1142,1474,240,90
11,1195,1526,Shia001171,534,980,1313,224,79
11,1195,1526,JK000676,209,693,1006,223,84
11,1227,1526,Sham19Y0020762,960,435,796,201,69
11,1195,1398,JK009237,6058,1262,1492,132,71
11,1398,1526,JK009237,6059,0,142,88,81
11,1269,1526,Shia001432Vols,1991,0,247,184,89
11,1195,1520,Shia001432Vols,22263,1094,1449,228,80
11,1195,1526,Shia001432Vols,24236,213,577,233,80
11,1227,1497,Shia001432Vols,24283,1162,1475,193,80
11,1347,1526,Shia001148,200,7,187,133,96
11,1195,1526,Shia001134,2,783,1147,233,80
11,1204,1526,Zaydiyya0000341,1,801,1173,214,73
11,1319,1526,Shamela0007853,57,0,215,155,93
11,1195,1526,Shamela0030586,17,172,551,224,75
11,1338,1487,Sham19Y0016953Vols,648,723,850,95,83
11,1195,1526,Rafed0003799Vols,1338,405,714,225,84
11,1347,1526,Shia001137,91,10,190,133,96
11,1338,1526,Masaha000554Vols,591,891,1115,134,76
11,1227,1470,Shia004021,228,1231,1521,179,80
11,1338,1526,AOCP202502141237,47,975,1162,127,83
11,306,643,JK009365,334,363,708,159,49
12,142,879,Shia004695Vols,1308,132,654,325,51
12,549,846,Tafsir04040,1321,1244,1533,212,83
12,533,1556,Rafed0003669Vols,845,782,1415,387,44
12,549,841,EShia0071807,339,1227,1515,226,93
13,0,173,Shia004695Vols,1307,764,940,131,96
24,765,1326,Shamela0012720,53,814,1532,290,44
53,941,1064,Shia003764Vols,343,1367,1479,90,91
55,0,511,Shia000298Vols,3913,0,561,230,36
58,1112,1669,ShamIbadiyya0000185,686,58,593,330,65
58,1122,1669,Zaydiyya0000013,323,186,696,402,88
58,1122,1669,Shia001544Vols,1489,1044,1558,413,91
58,1129,1347,Masaha004651,39,1387,1604,171,95
58,1347,1669,Masaha004651,40,0,291,235,88
58,1122,1669,Sham19Y0000259,402,1038,1540,318,61
58,1122,1669,JK009288,921,1141,1559,305,67
58,1122,1669,Zaydiyya0000004,167,863,1370,400,88
58,1122,1666,JK011730,1589,457,850,286,61
58,1122,1654,Shamela0026884,348,1015,1522,375,81
58,1122,1669,JK000471,758,24,364,235,49
58,1192,1669,JK007054,243,50,336,215,54
58,1122,1304,Zaydiyya0000059,1103,1363,1552,142,91
58,1304,1669,Zaydiyya0000059,1104,0,322,255,84
58,1122,1669,Sham19Y0122096,1826,957,1352,290,61
58,1192,1669,Sham19Y0036110,344,1206,1478,203,51
58,1119,1669,ShamIbadiyya0000773,169,547,1014,308,65
58,1192,1669,Shia001432Vols,23256,0,451,359,90
58,1122,1669,JK009137,2833,497,1007,357,73
58,1122,1276,JK000298,2558,1339,1492,114,89
58,1276,1669,JK000298,2559,0,240,177,51
58,1122,1669,Zaydiyya0000015,2024,489,997,401,89
58,1122,1584,JK009229,983,1122,1597,344,84
58,1197,1518,Sham19Y0133413,284,518,733,172,63
58,1122,1322,Shia000151,313,1395,1592,154,94
58,1322,1669,Shia000151,314,0,313,248,87
58,1122,1669,Zaydiyya0000217,60,294,753,364,80
58,1122,1347,Shia001217Vols,3381,1221,1445,178,96
58,1347,1669,Shia001217Vols,3382,0,293,233,86
58,1119,1528,ShamIbadiyya0000109,1838,687,1080,247,67
58,1122,1669,Zaydiyya0000022,13,952,1467,403,88
58,1122,1669,Shia000233,1007,12,529,418,92
58,1122,1551,Zaydiyya0000259,79,1247,1624,293,80
58,1122,1669,Zaydiyya0000098,358,914,1417,399,88
58,1138,1669,Masaha004568Vols,184,0,499,389,86
58,1122,1669,Masaha000554Vols,5723,617,1135,410,90
58,1192,1669,JK009245,249,1017,1302,214,54
58,1122,1666,Shia004021,221,867,1386,406,89
58,1122,1376,Shia000376Vols,162,1264,1516,196,94
58,1376,1669,Shia000376Vols,163,0,268,208,84
58,1064,1669,Zaydiyya0000348,17,519,1061,388,77
72,1281,1413,Masaha001028,110,179,336,100,77
72,1281,1459,Shia003752Vols,54,343,527,107,63
72,1281,1413,Shia001171,8,784,934,100,80
72,1093,1273,Shia001402,9,987,1226,144,74
72,1107,1281,Shia001153,122,1204,1408,131,78
72,1093,1265,Masaha000001Vols,22,168,363,135,84
72,1093,1281,Shia001432Vols,153,716,972,143,68
72,646,1082,Shia001432Vols,156,1057,1522,273,63
72,1281,1413,Shia001432Vols,174,442,605,100,74
72,1281,1413,Shia001134,32,553,716,100,74
72,1093,1265,Shia001186,48,612,819,135,79
72,1093,1273,Shia002755,6,217,456,142,72
72,1093,1273,Shia002759BK1,129,107,346,142,72
72,1279,1413,Shia001391,37,52,188,106,97
72,1093,1265,Shia001122Vols,22,555,750,135,84
72,1121,1265,Rafed0003799Vols,458,781,918,103,89
72,1281,1413,Rafed0003799Vols,2480,1066,1229,100,74
72,1281,1489,Shia001615Vols,474,923,1221,119,48
72,1107,1281,Shia001383,105,1084,1288,132,79
72,298,936,Shia004012,41,497,1467,377,46
72,650,1086,Shia004012,42,0,254,193,55
72,1093,1265,Shia001174Vols,391,107,314,135,79
72,1281,1413,Shia001418Vols,191,347,510,100,74
72,1093,1265,Shia001217Vols,7097,876,1083,135,79
72,1281,1413,Shia001217Vols,7144,584,747,100,74
72,1107,1256,Shia003986,310,1500,1649,116,94
72,1093,1273,Shia004021,46,984,1233,124,59
72,1093,1265,Shia000376Vols,718,740,944,135,80
72,1093,1265,PV2024060601,22,555,750,135,84
73,1096,1315,ShamIbadiyya0000185,18,393,578,128,67
73,703,1101,JK000468,19,1226,1583,236,64
73,803,1396,Shamela0038067,267,1050,1580,400,80
73,697,1617,Shamela0010273,309,339,915,360,45
73,874,1138,Shamela0001438,2078,1239,1506,199,84
73,739,1617,JK000985,33,182,970,550,70
73,828,1617,JK000022,251,0,733,524,74
73,697,1617,JK007084,470,370,1128,573,71
73,803,1563,Shamela0023789,308,484,950,327,49
73,885,1617,MMS00020,39,0,661,436,64
73,694,1617,ShamIbadiyya0000438,25,616,1344,456,54
73,803,1617,Kraken220809002354,245,85,815,529,74
73,803,1447,Sham19Y0014592,751,974,1585,381,62
73,672,1315,Shia001334,450,893,1533,490,89
73,1315,1629,Shia001334,451,0,324,254,91
73,672,1138,Shia001334,525,613,1086,353,88
73,853,1617,JK000081,1009,0,697,506,75
73,703,1185,ShamAY0034641,26,816,1173,259,64
73,803,1563,JK006478,627,398,1175,534,76
73,834,1617,Shamela0023798,126,0,710,518,75
73,703,1617,JK010561,611,65,1045,520,53
73,83,310,Kraken220228162439,63,706,937,172,92
73,803,1617,Sham19Y0023618,257,13,782,537,72
73,874,1138,JK009390,1190,1284,1551,199,84
73,986,1617,Tafsir02091,333,0,544,367,64
73,1077,1617,Shamela0001311,8,0,569,349,66
73,803,1617,Shia001392Vols,607,260,853,413,58
73,703,1617,Sham19Y0149697,2436,259,1004,544,69
73,803,1307,Sham19Y0018607,4636,943,1538,345,64
73,664,1629,Shia001402,9,0,965,773,95
73,803,1617,Shamela0009823,460,571,1326,481,62
73,703,1617,Shia001153,16,352,1009,395,48
73,703,1617,JK000676,58,149,945,556,67
73,703,1617,JK000995,3,563,1349,557,68
73,803,1307,JK000001,20,1114,1560,252,51
73,1318,1617,JK000001,21,170,476,203,71
73,739,1457,Shia003675Vols,210,888,1574,422,61
73,1101,1315,ShamIbadiyya0000773,15,892,1067,124,65
73,703,1617,Shamela0010717,4,356,1122,553,70
73,672,1225,Shia001432Vols,149,965,1521,422,89
73,1225,1629,Shia001432Vols,150,0,412,328,93
73,803,1617,JK000082,167,529,1272,423,55
73,771,1359,Sham19Y0018315,82,1027,1610,381,68
73,694,1617,Tafsir04003,685,88,975,520,58
73,997,1617,Shamela0095735,21,0,599,438,77
73,83,310,Shia004006BK1,15,481,714,181,96
73,874,1138,Sham19Y0127677,1299,414,681,197,84
73,803,1617,ShamIbadiyya0000050,1272,822,1556,530,73
73,803,1617,JK005005,275,444,1274,549,71
73,703,1509,JK000005,59,928,1598,493,71
73,681,1629,Shia000211,8,14,987,740,89
73,681,1629,Shia001391,34,254,1234,726,85
73,694,1174,Hindawi095926405Vols,235,1211,1649,288,65
73,1174,1617,Hindawi095926405Vols,236,0,527,336,75
73,83,530,Shia001122Vols,3613,962,1450,339,86
73,530,660,Shia001122Vols,3614,0,132,106,98
73,803,1617,JK001021,20,479,1247,530,71
73,703,1617,JK009236,471,160,987,554,65
73,664,1329,Shia001615Vols,2310,795,1395,200,28
73,409,660,Shia002389Vols,3213,712,972,198,92
73,83,416,Shia001174Vols,4970,1193,1541,247,90
73,412,660,Shia001174Vols,4971,0,256,197,93
73,83,409,Rafed0003591Vols,48,1258,1590,254,96
73,412,660,Rafed0003591Vols,49,8,263,194,91
73,703,1617,AOCP20251104103Vols,7,334,1283,554,58
73,735,1167,AOCP20251104103Vols,30,1135,1584,245,54
73,739,1509,JK000981,39,903,1590,487,72
73,76,694,Rafed0000685Vols,190,126,764,449,84
73,803,1617,ShamAY0032826,432,414,821,271,37
73,803,1617,Shia003986,310,806,1457,372,49
73,703,1617,JK000080,33,113,911,558,68
73,874,1096,JK008001,3794,1364,1570,167,90
73,803,1617,Masaha004568Vols,314,398,1023,455,65
73,803,1617,JK001197,5,840,1363,312,42
73,803,1617,Shia004021,36,810,1438,451,63
73,703,1208,Shia004021,44,1253,1636,274,65
73,803,1509,Shamela0010488,317,909,1568,452,69
73,681,1617,Shia003702,126,265,1017,441,52
73,803,1447,Sham19Y0007729,223,1054,1630,426,76
73,703,1608,Shamela0023578,545,122,900,503,61
73,83,530,PV2024060601,3613,962,1450,339,86
73,530,660,PV2024060601,3614,0,132,106,98
74,757,1400,JK001213,71,319,993,411,70
74,605,1400,Shia001403,57,63,888,601,88
74,757,1400,Zaydiyya0000256,294,25,666,523,99
74,191,415,Sham19Y0000259,388,1152,1372,165,87
74,757,1400,Tafsir04040,756,211,854,522,99
74,617,1340,Tafsir04040,1723,764,1522,576,92
74,755,1400,Tafsir04042,181,302,950,524,98
74,610,748,Noorlib0000587,221,1136,1293,102,79
74,762,1400,JK001412,548,918,1573,400,70
74,757,1400,Shia001171,9,583,1223,345,56
74,875,1030,Shia001237Vols,2186,0,153,125,98
74,610,743,Shia001237Vols,2876,0,167,107,79
74,757,1195,Shia001237Vols,2883,95,365,215,59
74,605,743,Shia001237Vols,4411,356,532,110,77
74,598,743,Shia001402,24,531,681,117,96
74,757,991,Shia001402,24,1322,1555,193,97
74,991,1400,Shia001402,25,0,420,330,96
74,1195,1400,JK000584,863,604,821,124,68
74,1484,1651,Masaha000001Vols,34,772,1337,122,27
74,605,743,Masaha000001Vols,36,1206,1353,110,93
74,757,1400,Masaha000001Vols,38,583,1225,523,99
74,757,1361,Shia000234Vols,3775,1026,1634,491,97
74,598,743,Shia001432Vols,239,127,278,115,92
74,757,1400,Shia001432Vols,246,471,1117,347,56
74,757,1400,Shia001134,544,517,1161,345,55
74,605,743,Shia001186,95,952,1099,111,93
74,875,1064,Shia001186,103,930,1259,153,56
74,991,1214,Shia001186,104,186,747,179,39
74,757,1285,Shia000211,9,1050,1574,429,98
74,757,1414,Shia002755,7,684,1340,527,97
74,605,743,Shia002755,8,875,1022,110,93
74,1484,1651,Shia002755,10,773,1356,126,26
74,1484,1651,Shia001122Vols,35,150,718,120,26
74,605,743,Shia001122Vols,37,648,795,110,93
74,757,1400,Shia001122Vols,39,100,742,523,99
74,1195,1400,JK000239,674,956,1177,125,68
74,757,1285,Shia001615Vols,1898,1029,1618,300,54
74,851,1400,Shia001383,107,0,545,430,95
74,605,743,Shia001174Vols,540,835,982,111,93
74,757,1400,Shia001174Vols,559,807,1448,524,99
74,757,1400,Shia001137,147,637,1289,345,55
74,757,1400,Shia001255Vols,750,33,675,518,97
74,757,1400,Shia004050,158,216,858,525,99
74,757,1400,Shia004021,42,274,913,345,56
74,605,743,Shia004021,43,97,242,109,91
74,743,1222,Shia003702,126,1260,1739,286,67
74,1240,1400,Shia003702,127,20,163,111,86
74,191,415,JK009365,108,1357,1577,165,87
74,1484,1651,PV2024060601,35,150,718,120,26
74,605,743,PV2024060601,37,648,795,110,93
74,757,1400,PV2024060601,39,100,742,523,99
75,691,830,Shia001403,60,874,1013,117,100
75,0,234,Shia001544Vols,919,348,630,134,58
75,177,521,Tafsir04040,755,340,708,271,91
75,177,521,Tafsir04040,1724,293,657,271,91
75,112,452,Zaydiyya0000352,118,624,927,223,79
75,249,521,Zaydiyya0000352,131,0,315,204,76
75,678,830,Shia001171,10,106,268,127,93
75,682,844,Shia001237Vols,2828,492,673,128,85
75,177,421,Shia001402,29,1346,1597,192,92
75,691,830,Shia001402,40,285,424,117,100
75,691,830,Masaha000001Vols,26,1143,1282,117,100
75,177,530,Masaha000001Vols,34,311,685,272,89
75,177,444,Shia001432Vols,234,1055,1338,206,90
75,112,521,Shia001432Vols,236,416,833,271,72
75,682,830,Shia001432Vols,241,845,1008,124,90
75,177,521,Shia001432Vols,305,664,1118,269,72
75,682,830,Shia001134,312,926,1089,124,90
75,201,521,Masaha001108Vols,452,147,517,245,81
75,112,452,Zaydiyya0000229,109,641,940,220,78
75,112,521,Zaydiyya0000229,121,1014,1447,282,73
75,691,830,Shia001186,61,1483,1622,117,100
75,270,521,Shia001186,85,1055,1331,202,89
75,177,503,Shia000211,8,1309,1631,243,89
75,177,521,Shia002755,10,297,656,272,93
75,691,830,Shia002755,11,1054,1186,110,94
75,274,463,Shia001391,36,653,843,152,98
75,691,830,Shia001122Vols,27,271,410,117,100
75,177,469,Shia001122Vols,34,1091,1402,230,90
75,112,343,Zaydiyya0000015,1979,1324,1514,140,76
75,116,521,Shia001383,108,0,510,293,69
75,85,521,Shia000070Vols,4,638,1132,292,73
75,177,521,Shia001174Vols,516,214,578,272,92
75,691,830,Shia001418Vols,189,955,1094,117,100
75,201,319,JK001297,285,759,877,94,98
75,691,830,Shia001217Vols,4358,507,646,117,100
75,122,319,AOCP20251104103Vols,28,0,192,112,71
75,691,892,Rafed0000685Vols,94,408,719,128,49
75,0,371,Shia000233,31,901,1504,167,27
75,691,830,Shia000233,36,611,743,111,94
75,682,830,Rafed0001826,161,204,348,117,92
75,201,521,Rafed0001826,162,547,880,254,94
75,177,521,Shia001137,42,232,692,268,71
75,177,521,Shia004021,42,970,1278,225,77
75,691,830,PV2024060601,27,271,410,117,100
75,177,469,PV2024060601,34,1091,1402,230,90
76,560,693,Shia001115Vols,194,629,764,104,97
76,344,553,Masaha004648Vols,317,229,637,138,40
76,695,874,Tafsir04042,241,979,1475,143,36
76,276,605,Shia001402,69,1123,1468,223,75
76,695,874,Masaha000001Vols,32,360,647,137,59
76,276,553,Masaha000001Vols,33,67,459,203,64
76,267,553,Shia001432Vols,312,623,1071,218,61
76,695,874,Shia001432Vols,317,339,791,112,30
76,560,688,Shia001432Vols,318,484,611,100,99
76,353,553,Shia001432Vols,381,227,458,155,84
76,267,553,Shia001134,367,108,580,217,57
76,560,671,Shia001186,78,1322,1433,87,100
76,276,553,Shia002759BK1,123,754,1130,198,64
76,695,874,Shia001122Vols,32,1089,1376,137,59
76,560,688,Shia001122Vols,33,535,664,101,99
76,267,553,Shia001615Vols,2319,465,812,217,78
76,353,535,Shia002389Vols,929,418,603,136,90
76,353,553,Shia002389Vols,1141,1111,1313,152,90
76,353,553,Shia001174Vols,506,690,893,153,91
76,353,535,Shia002380Vols,268,34,218,136,90
76,353,553,Tafsir04056,3122,1304,1511,152,89
76,276,771,Shia000233,32,324,905,245,48
76,681,828,Shia002382Vols,649,702,1189,100,25
76,344,535,Shia002382Vols,699,759,963,145,87
76,344,553,Masaha001945,444,568,806,158,83
76,695,874,PV2024060601,32,1089,1376,137,59
76,560,688,PV2024060601,33,535,664,101,99
77,540,663,Shia001403,2,355,495,91,82
77,554,654,Shia001115Vols,212,875,980,78,95
77,540,697,Shia001402,153,769,974,111,65
77,540,654,Masaha000001Vols,22,1072,1191,90,95
77,554,663,Shia001432Vols,189,276,390,79,90
77,508,654,Shia001432Vols,1986,677,830,89,67
77,577,825,Shia002758,99,0,422,190,56
77,531,825,Shia000217,1,429,1057,232,45
77,540,654,Shia002755,15,963,1082,90,95
77,540,654,Shia001122Vols,23,72,191,90,95
77,540,654,Shia001174Vols,399,1272,1391,90,95
77,554,649,Shia001418Vols,285,1323,1421,73,93
77,538,725,Shia003986,313,997,1200,125,75
77,531,674,Masaha004568Vols,315,64,199,96,82
77,531,670,Shia004021,37,656,803,101,85
77,540,654,PV2024060601,23,72,191,90,95
78,1338,1558,Masaha000001Vols,567,546,758,170,96
78,1338,1487,Shia001432Vols,21608,1361,1501,113,93
78,1448,1558,Shia001122Vols,572,0,111,87,99
78,1338,1558,Shia001174Vols,2631,46,246,160,90
78,1338,1558,Shia001174Vols,5138,1302,1514,167,94
78,1374,1558,Rafed0003591Vols,42,0,184,147,100
78,1338,1558,Shia001217Vols,4515,443,656,168,95
78,1331,1558,Shia002382Vols,553,127,346,176,96
78,1448,1558,PV2024060601,572,0,111,87,99
79,1033,1511,ShamAY0034797,386,1065,1374,198,50
79,1075,1511,ShamAY0035035,165,7,427,206,47
79,1033,1519,Shia002758,116,690,1182,294,62
80,617,837,ShamAY0034230,5187,1262,1502,135,62
80,617,788,JK006986,38,1371,1542,123,83
80,617,788,JK006986,60,1341,1508,123,85
80,617,788,JK000237,21,426,592,123,85
80,19,778,ShamAY0034797,387,744,1525,506,76
80,828,1024,ShamAY0034797,388,0,205,147,88
80,19,315,ShamAY0035035,165,1273,1574,190,72
80,315,1019,ShamAY0035035,166,0,734,471,76
80,0,1024,Shia002758,117,371,1435,792,90
80,617,788,JK000280,39,180,347,121,84
80,347,609,Shia000233,29,17,293,178,74
82,870,1001,Shia001544Vols,326,273,394,66,56
82,731,943,Masaha000001Vols,866,0,522,151,35
82,701,943,Shia001122Vols,851,159,719,165,37
82,1214,1362,Shia001217Vols,7529,644,795,92,76
82,701,943,PV2024060601,851,159,719,165,37
84,811,1390,Shia001544Vols,823,216,628,316,66
84,1076,1390,Tafsir04042,505,1282,1594,247,97
84,811,1383,Shia001237Vols,2758,797,1281,312,58
84,3,484,JK000001,136,789,1444,231,39
84,811,1328,Shia001432Vols,21952,1182,1525,272,63
84,1076,1383,Shia002394Vols,682,76,381,241,97
84,3,407,JK009298,311,1233,1570,165,50
84,3,152,Zaydiyya0000015,1722,1080,1223,115,95
84,1076,1390,Shia002389Vols,429,77,389,245,96
84,811,1390,Shia001266,50,591,994,313,65
84,3,444,ShamIbadiyya0000109,7774,1196,1548,196,54
84,3,185,Sham19Y0038171,210,644,878,128,66
84,1076,1390,Shia002382Vols,364,457,768,245,96
85,0,181,JK007082,598,498,710,127,76
85,0,190,Zaydiyya0000256,441,1089,1282,145,95
85,0,181,Shia001334,54,503,689,120,80
85,0,181,Shia001153,245,1141,1356,134,77
85,0,190,Masaha000001Vols,577,808,1001,144,93
85,0,181,Shia001130,16,559,778,135,77
85,0,190,Shia001432Vols,21922,1203,1396,145,95
85,0,181,Shia001432Vols,21947,661,847,123,81
85,0,181,Shia001432Vols,24606,603,813,126,75
85,0,181,Shia001432Vols,24644,0,215,134,77
85,0,181,Shia003707Vols,704,968,1177,126,76
85,0,181,Shamela0007853,147,336,544,126,76
85,0,190,Shia001122Vols,582,626,819,145,95
85,0,190,Shia001615Vols,3783,1307,1500,145,95
85,0,190,Shia001383,54,416,630,127,74
85,0,190,Shia001174Vols,2683,275,469,145,95
85,0,190,Shia001217Vols,4313,29,222,144,95
85,0,181,Rafed0000685Vols,234,622,802,141,98
85,0,181,Shia001299,154,646,845,133,85
85,0,181,Shia003636Vols,2057,764,980,134,77
85,0,181,Shia003636Vols,2060,1251,1460,126,76
85,0,190,PV2024060601,582,626,819,145,95
86,1399,1616,Shia001544Vols,822,1217,1450,167,90
86,34,192,Shia003757,322,1284,1442,116,86
86,1399,1632,Shia001237Vols,2758,289,519,172,91
86,15,192,Masaha000001Vols,579,6,191,125,81
86,0,171,Tafsir02011,1000,614,836,131,73
86,0,192,Shia001432Vols,21934,18,219,132,80
86,1399,1616,Shia001432Vols,21952,708,919,159,90
86,1399,1605,Shia001615Vols,3786,42,236,152,93
86,34,192,Shia001383,232,1173,1362,110,70
86,4,171,Shamela0011786,18,701,958,126,61
86,0,192,Shia001174Vols,2691,1073,1274,132,80
86,1399,1632,Shia001266,50,91,335,163,77
86,34,192,Shia002382Vols,1119,1067,1225,110,83
86,0,171,Shamela0010488,146,378,588,111,66
86,0,192,JK009365,564,8,436,135,38
86,34,192,PV2024060601,8797,629,837,110,63
90,741,1058,ShamAY0034059,965,939,1582,192,34
90,773,1408,ShamIbadiyya0000007,314,819,1245,232,39
90,738,1361,JK000001,2734,1109,1558,244,40
90,738,1408,Shamela0006947,8629,5,508,282,43
90,741,1545,AOCP20251104134,44,1203,1655,251,34
91,365,1355,Tafsir04040,167,444,1661,640,58
91,309,1213,ShamAY0034059,966,501,1589,530,54
91,210,1218,ShamIbadiyya0000007,315,242,1625,660,54
91,210,466,JK000001,2735,1254,1571,179,66
91,6,183,JK000001,2735,116,290,129,92
91,466,1403,JK000001,2736,0,1176,616,59
91,6,334,Hindawi092731807,125,763,977,155,59
91,43,183,ShamAY0035035,8338,90,233,104,93
91,210,731,ShamAY0035035,8339,551,1334,348,54
91,756,1403,ShamAY0035035,8340,10,788,425,61
91,6,183,Shamela0006947,8629,574,748,130,92
91,210,1362,Shamela0006947,8630,147,1609,758,58
91,210,393,AOCP20251104134,45,273,443,126,87
93,29,194,JK007044,5678,1213,1374,92,61
93,32,163,Sham19Y0122257,2970,1351,1460,74,66
93,1225,1569,ShamAY0034059,1768,812,952,100,36
93,1225,1569,ShamAY0034059,4802,31,152,91,33
93,1225,1569,ShamAY0034059,6981,1437,1558,91,33
93,4,741,ShamIbadiyya0000007,317,708,1460,417,61
93,778,1075,ShamIbadiyya0000007,318,939,1221,170,66
93,1225,1569,JK000001,2738,1062,1224,123,44
93,4,704,JK000001,2738,114,869,431,65
93,778,1075,JK000001,2739,508,789,176,70
93,32,392,ShamAY0035035,8357,884,1326,247,65
93,392,704,ShamAY0035035,8358,52,433,174,52
93,1225,1569,ShamAY0035035,8358,897,1075,123,43
93,778,1075,ShamAY0035035,8359,619,932,178,65
93,4,704,Shamela0006947,8632,660,1416,434,66
93,1234,1569,Shamela0006947,8633,0,154,116,43
93,24,325,Shia000233,256,764,994,137,51
94,121,554,Shamela0098087,275,1264,1529,150,42
94,201,1173,Tafsir04040,1919,148,860,284,31
94,182,1041,ShamIbadiyya0000007,318,174,814,368,50
94,1365,1518,ShamIbadiyya0000007,319,0,155,114,85
94,121,581,JK000001,2738,1248,1546,188,49
94,656,1165,JK000001,2739,0,470,280,61
94,1313,1518,JK000001,2739,1067,1278,159,91
94,1313,1518,ShamAY0035035,8359,1263,1470,154,87
94,678,1173,ShamAY0035035,8359,0,569,260,50
94,121,1165,Shamela0006947,8633,178,968,478,52
94,1313,1518,Shamela0006947,8634,15,226,160,91
95,17,1132,ShamIbadiyya0000007,319,293,1542,533,43
95,17,151,JK000001,2739,1437,1584,97,72
95,316,1040,JK000001,2740,386,931,342,54
95,1146,1610,JK000001,2741,8,385,199,44
95,316,949,ShamAY0035035,8360,625,1487,297,38
95,17,285,ShamAY0035035,8360,51,324,147,53
95,1040,1610,ShamAY0035035,8361,284,906,260,40
95,17,1040,Shamela0006947,8634,386,1418,494,46
95,1040,1610,Shamela0006947,8635,32,519,276,50
96,475,1611,JK000001,2743,178,1433,590,46
96,1164,1557,JK000001,2744,43,656,149,25
96,475,752,ShamAY0035035,8363,1171,1443,162,68
96,803,1611,ShamAY0035035,8364,181,1388,421,37
96,475,1611,Shamela0006947,8637,287,1544,593,46
96,1281,1557,Shamela0006947,8638,266,768,132,30
96,277,1158,Kraken220413202218,989,207,1550,484,42
96,1164,1543,Kraken220413202218,990,0,846,188,26
97,537,844,Tafsir04040,1522,1043,1318,115,42
97,0,564,JK000001,2744,888,1496,303,53
97,564,1355,JK000001,2745,0,1450,438,34
97,16,495,ShamAY0035035,8366,392,901,269,59
97,537,729,ShamAY0035035,8366,1330,1476,113,73
97,582,1101,ShamAY0035035,8367,53,497,207,42
97,1275,1464,ShamAY0035035,8372,0,489,126,32
97,0,495,Shamela0006947,8638,925,1392,266,58
97,537,1355,Shamela0006947,8639,4,1486,467,37
97,8,266,Kraken220413202218,990,1137,1400,141,58
97,1229,1464,Kraken220413202218,991,105,433,135,46
98,0,522,Tafsir04040,491,1037,1514,253,54
98,506,1436,Tafsir04040,492,14,748,520,67
98,0,1047,JK000001,2746,317,1517,721,69
98,1047,1568,JK000001,2747,0,586,377,78
98,0,662,ShamAY0035035,8372,498,1448,424,53
98,651,1361,ShamAY0035035,8373,469,1543,511,58
98,1308,1568,ShamAY0035035,8374,21,835,181,27
98,0,989,Shamela0006947,8640,344,1498,684,68
98,995,1568,Shamela0006947,8641,0,632,411,77
98,704,1568,Kraken220413202218,991,732,1417,342,41
99,546,776,Shia004695Vols,1860,146,397,161,75
99,227,556,Tafsir04040,492,748,1059,197,66
99,1249,1615,Tafsir04040,1065,788,1136,160,42
99,618,765,Tafsir04040,1678,1362,1566,96,58
99,79,556,JK000001,2747,885,1361,318,69
99,579,1081,JK000001,2748,0,532,256,53
99,1277,1648,JK000001,2749,14,430,240,63
99,227,556,ShamAY0035035,8375,1019,1427,248,71
99,550,940,ShamAY0035035,8376,14,345,205,57
99,1189,1463,ShamAY0035035,8392,582,1061,133,30
99,79,596,Shamela0006947,8641,869,1588,350,53
99,603,1081,Shamela0006947,8642,8,517,243,52
99,1277,1648,Shamela0006947,8643,4,429,240,61
99,134,866,Kraken220413202218,992,143,1082,492,58
100,0,273,JK000001,2749,433,834,212,65
100,0,217,ShamAY0035035,8393,523,966,167,46
100,0,273,Shamela0006947,8643,432,834,213,65
102,561,1027,JK000001,2405,994,1514,314,73
102,678,1150,ShamAY0035035,7662,128,825,297,52
103,399,611,Shamela0001438,2271,906,1172,156,69
103,418,615,Sham19Y0018272,1158,742,959,99,54
103,376,611,Shamela0012884,2149,257,623,167,54
103,1339,1542,JK000083,61,1318,1494,125,76
103,399,611,Sham19Y0014592,1467,930,1153,154,81
103,376,622,JK000940,18,414,798,181,56
103,414,611,ShamAY0036160,8,1133,1307,119,68
103,1339,1561,Sham19Y0018318,8,554,780,144,72
103,414,625,ShamAY0035907,13,115,300,122,67
103,399,611,Shia003101Vols,570,487,746,147,66
103,376,611,JK000742,353,832,1232,175,52
103,423,611,ShamAY0034059,2345,1132,1300,125,79
103,1339,1542,JK000001,1537,911,1095,134,79
103,376,619,Shamela0000222,32,1017,1343,161,56
103,399,611,Shia001432Vols,19789,1371,1597,153,77
103,399,611,Sham19Y0127677,1397,1087,1345,156,72
103,376,611,Shamela0021809,3087,75,427,176,59
103,418,611,JK000298,2652,665,892,125,66
103,376,611,JK006801,843,65,390,152,53
103,376,611,Shamela0021765,1996,680,1033,171,58
103,376,611,Shamela0021765,2801,370,721,170,57
103,399,611,JK009229,554,1201,1432,151,76
103,399,611,JK001297,204,839,1038,132,72
103,376,597,Tafsir04056,3158,1156,1507,158,52
105,403,919,AOCP20251104133,83,66,950,322,38
105,50,702,Tafsir04040,1463,670,1750,335,31
105,75,456,Rafed0003591Vols,381,1218,1603,297,88
105,456,1523,Rafed0003591Vols,382,0,1096,867,91
107,60,745,Shamela0010273,2914,465,1094,383,65
107,1310,1500,Tafsir04040,800,0,214,134,75
107,60,527,JK000001,2406,1156,1580,281,70
107,527,1071,JK000001,2407,9,603,327,62
107,1097,1500,JK000001,2410,76,618,264,57
107,76,645,ShamAY0035035,7663,558,1490,329,41
107,342,728,JK000298,3153,963,1265,192,60
107,613,1071,JK009229,398,788,1266,258,62
107,1325,1500,Kraken220413202218,833,0,194,111,64
107,305,824,JK001197,305,969,1464,314,71
108,0,375,JK000001,2410,618,986,220,62
111,1509,1637,Shia004040,25,0,137,92,80
111,1444,1637,Masaha000001Vols,883,494,722,133,72
111,1444,1637,Shia001432Vols,18266,1138,1354,132,74
111,1455,1637,Shia001122Vols,869,4,221,131,74
111,1444,1637,Shia001174Vols,3578,754,983,130,70
111,1444,1637,Shia001174Vols,4597,1265,1461,124,76
111,1455,1637,PV2024060601,869,4,221,131,74
112,1138,1397,Zaydiyya0000373Vols,341,26,464,161,46
112,1052,1348,Shamela0010273,290,1187,1639,141,33
112,1048,1174,JK005021,324,298,433,97,89
112,1052,1403,Tafsir08060,64,704,1080,238,74
112,1061,1403,JK006478,2072,1048,1525,219,54
112,49,737,Shia002766Vols,318,869,1399,173,27
112,1056,1407,Shamela0011244,68,176,669,221,56
112,1067,1337,Shamela0021821,245,1079,1505,181,54
112,1048,1348,JK000977,144,184,491,139,43
112,42,628,Masaha000001Vols,883,527,1322,264,36
112,25,367,Masaha000001Vols,884,267,624,254,86
112,1138,1337,Sham19Y0013231,668,1312,1533,137,76
112,984,1403,JK000001,1561,109,759,283,53
112,1048,1368,Sham19Y0008889,389,1022,1441,198,59
112,737,948,Shia001432Vols,18266,860,1092,134,71
112,1115,1403,ShamAY0035035,5861,50,551,185,45
112,737,948,Shia001122Vols,868,1149,1423,143,67
112,42,737,Shia001122Vols,869,26,933,352,42
112,825,979,Shia001383,189,28,172,86,71
112,812,948,Shia001174Vols,3578,535,696,95,75
112,392,737,Shia001174Vols,3579,121,528,270,83
112,25,367,Shia001174Vols,3580,348,705,258,88
112,25,678,Shia001217Vols,1833,742,1378,375,62
112,678,808,Shia001217Vols,1834,0,214,90,53
112,1048,1403,Sham19Y0038171,1524,72,728,240,45
112,737,984,Shia000002,175,816,1091,101,48
112,737,948,PV2024060601,868,1149,1423,143,67
112,42,737,PV2024060601,869,26,933,352,42
113,1386,1507,Shia002770Vols,1104,857,997,99,86
113,429,597,Shia004092Vols,733,358,524,127,93
113,429,600,Rafed0002654Vols,156,28,197,131,94
113,1352,1507,Shia002766Vols,9,762,1077,123,47
113,81,410,Tafsir04042,382,72,718,231,42
113,1340,1507,ShamAY0034797,184,683,841,109,80
113,236,410,Shia001432Vols,2823,152,307,121,87
113,236,410,Shia001432Vols,5670,111,265,120,86
113,15,410,Shia002394Vols,490,148,1046,276,37
113,236,410,Shia002389Vols,317,337,492,122,87
113,429,600,Shia001174Vols,3648,384,550,129,93
113,187,410,Rafed0001121,269,412,614,133,73
113,429,600,Shia000233,152,575,744,123,84
113,433,600,Shia002382Vols,281,685,849,129,95
113,154,410,Shia002382Vols,284,15,651,187,35
113,1265,1507,Shia000297,45,677,1389,186,32
113,433,600,Shia003961Vols,478,984,1148,129,95
114,444,578,Sham19Y0017729,7,906,1041,104,94
114,444,790,Shamela0008473,864,535,1164,194,38
114,444,578,JK007117,2074,802,1071,104,47
114,444,578,Shamela0001438,2789,393,529,104,93
114,444,819,Sham19Y0148271,1440,47,529,199,44
114,444,578,Sham19Y0017903,13,1308,1444,104,93
114,624,800,Shia001544Vols,568,418,582,125,90
114,444,578,Sham19Y0018100,576,323,458,104,94
114,656,814,Shamela0008506,222,38,174,92,74
114,444,578,Shamela0009270,74,692,829,102,90
114,444,578,Shamela0025794,1540,781,916,104,94
114,444,578,JK000071,484,1006,1140,102,93
114,656,814,JK010568,143,1444,1580,92,74
114,656,814,Shamela0010548,513,1338,1474,92,74
114,428,578,JK009390,1651,630,777,109,87
114,444,578,Shamela0021659,905,83,222,104,91
114,662,800,Shamela0010283,3164,650,799,80,62
114,440,699,Shamela0036543,639,295,561,131,63
114,444,578,JK009274,678,525,664,104,91
114,444,795,JK000977,148,435,1056,172,33
114,662,800,Shamela0009823,578,938,1076,73,59
114,662,800,Masaha000001Vols,886,0,142,109,97
114,465,790,JK009313,3807,814,1190,132,37
114,444,800,JK009336,2682,957,1311,184,58
114,444,578,Sham19Y0018144,77,1359,1495,103,92
114,444,696,Tafsir01005,3029,1207,1423,123,60
114,662,800,JK000916,6447,512,655,68,53
114,444,790,Sham19Y0122406,249,879,1415,192,44
114,624,800,Shia001432Vols,22323,1275,1435,125,90
114,444,567,ShamAY0035035,5858,1021,1145,95,93
114,444,800,JK007065,1036,1017,1430,192,52
114,444,578,Sham19Y0127677,1633,176,312,104,93
114,656,800,Shamela0000432,6004,1061,1182,86,74
114,444,578,Sham19Y0017616,19,1108,1243,104,94
114,444,578,Shamela0000767,19,659,794,104,94
114,624,800,Shia001122Vols,871,852,1039,138,94
114,948,1065,Shia001122Vols,879,1073,1288,87,51
114,444,790,PV2024060602,2119,480,1018,192,44
114,444,578,AOCP20240501183,213,1074,1207,104,94
114,951,1065,Shia002389Vols,2835,0,211,85,51
114,624,806,Shia001174Vols,3584,1074,1272,142,91
114,948,1065,Shia001174Vols,3605,1057,1271,87,51
114,444,562,Sham19Y0132524,184,1358,1476,91,92
114,611,800,Shia001217Vols,28,804,990,129,82
114,948,1065,Shia001217Vols,4466,185,399,87,51
114,444,790,Shamela0001727,87,348,886,192,44
114,444,578,Sham19Y0020638,55,568,703,104,94
114,622,767,Shia000233,239,211,350,108,95
114,444,790,JK009141,40,373,876,193,46
114,444,800,Sham19Y0013572,1245,109,413,182,58
114,444,578,JK008001,1348,379,515,104,93
114,444,584,Shamela0023628,1262,525,669,108,91
114,684,795,Masaha000554Vols,6677,0,108,76,84
114,624,800,PV2024060601,871,852,1039,138,94
114,948,1065,PV2024060601,879,1073,1288,87,51
116,964,1123,Shia001237Vols,2749,876,1040,121,86
116,37,1204,Shia001432Vols,22370,0,555,244,22
116,964,1123,Shia001432Vols,22373,686,850,121,86
116,164,1204,Shia002394Vols,707,190,560,190,21
116,964,1118,Shia001266,32,43,195,119,89
116,145,1197,Shia002382Vols,372,1199,1545,221,25
118,1028,1658,JK000001,2872,213,942,402,64
119,1524,1693,Shamela0098087,289,0,162,131,92
119,1351,1693,Masaha004844,371,240,562,245,87
119,805,1693,Tafsir02102,2572,470,1450,590,67
119,0,668,JK000001,2872,942,1566,422,71
119,805,1693,JK000001,2874,16,1053,628,71
119,938,1693,Shia001432Vols,20011,0,874,507,67
119,0,668,ShamAY0035035,8731,356,1151,409,58
119,1213,1693,ShamAY0035035,8737,507,1050,344,73
119,805,1275,Shia001615Vols,3369,180,707,299,63
119,805,1693,Shamela0010710,217,291,1275,602,68
119,903,1609,JK009229,1319,12,848,478,66
119,976,1693,Kraken220413202218,1035,341,939,400,64
119,964,1489,Shamela0001417,1016,937,1579,337,60
119,1494,1693,Shamela0001417,1017,0,188,149,89
120,968,1621,Tafsir03033,355,0,543,385,69
120,622,1503,Tafsir02102,2795,919,1661,422,51
120,673,996,Shia001432Vols,18996,1147,1531,208,60
120,996,1621,Shia001432Vols,18997,0,379,254,48
120,1034,1621,JK009149,926,0,475,332,66
120,861,1621,Rafed0003591Vols,327,5,686,451,67
120,622,1621,JK009365,175,339,1124,453,48
121,150,735,Tafsir04040,1546,64,628,247,40
121,150,735,JK001197,339,455,992,244,41
122,39,1446,JK000001,3091,599,1343,453,37
122,127,1227,ShamAY0035035,9310,494,1026,303,30
122,1242,1428,ShamAY0035035,9311,6,171,112,73
122,711,1138,Rafed0003591Vols,322,569,978,181,40
122,96,1446,Kraken220413202218,1146,398,1089,410,35
122,39,1290,JK001197,339,1037,1665,383,35
124,718,1048,Shia001432Vols,19309,141,559,246,68
124,1150,1723,Shia001432Vols,19310,67,693,320,50
124,80,669,Rafed0003591Vols,328,403,959,254,43
124,718,1048,Rafed0003591Vols,329,56,476,245,68
124,1150,1723,Rafed0003591Vols,330,6,638,326,51
125,1217,1642,Masaha004844,269,603,1201,287,55
125,1159,1663,Shia001432Vols,19314,359,881,345,75
125,1159,1636,Rafed0003591Vols,334,519,1025,334,76
126,1462,1615,JK000001,2477,785,948,105,75
126,1462,1615,ShamAY0035035,7792,875,1040,111,78
126,649,1234,ShamIbadiyya0000109,7823,1010,1587,221,33
126,279,1364,JK001197,341,842,1340,298,31
127,514,744,Shamela0098087,234,1018,1367,150,52
127,1455,1641,JK000001,2478,646,874,115,54
127,774,1023,JK000001,3094,1057,1278,153,67
127,774,1037,ShamAY0035035,9326,301,531,154,64
127,1455,1641,Kraken220413202218,875,1250,1484,125,61
127,774,1006,JK001197,341,1574,1779,146,67
129,610,846,PV20230224,901,94,320,141,67
129,206,1476,Rafed0003591Vols,319,28,1180,553,46
130,620,1314,JK000001,2481,672,1555,446,57
130,1367,1571,JK000001,2482,0,222,161,86
130,49,533,Shia001432Vols,19230,976,1619,198,33
130,632,1571,ShamAY0035035,7806,89,1257,602,59
130,620,1571,Shia004704,220,173,1278,594,59
130,352,615,Rafed0003591Vols,318,21,319,146,54
130,620,1571,Kraken220413202218,879,100,1023,524,56
131,448,864,JK000001,2477,115,333,110,30
131,46,1115,JK000001,3095,0,881,577,62
131,34,978,ShamAY0034797,19,138,869,424,51
131,754,1108,JK000082,267,481,892,219,61
131,0,631,ShamAY0035035,9328,621,1407,323,43
131,773,1108,ShamAY0035035,9329,15,752,245,41
131,0,978,Kraken220413202218,1148,575,1241,443,54
131,754,978,Shia003986,116,299,525,163,87
131,747,1115,JK001197,342,531,827,220,71
132,116,707,JK000001,3095,874,1529,299,49
132,714,1251,JK000001,3096,7,454,243,51
132,529,1251,ShamAY0035035,9330,0,839,343,42
132,419,952,JK001197,342,953,1571,323,58
134,1181,1431,Shia003752Vols,385,896,1146,193,94
134,1161,1431,Shia004695Vols,2425,1040,1252,168,74
134,1161,1342,Rafed0003537Vols,323,257,444,145,95
134,1152,1346,Kraken220228162439,51,1345,1534,146,89
134,1161,1431,Tafsir04040,665,626,887,208,93
134,1152,1431,Zaydiyya0000189,1,444,710,198,80
134,1152,1431,Shia004006BK1,5,94,382,218,90
134,1164,1431,Hindawi095926405Vols,1081,328,726,185,52
134,1152,1431,Rafed0003591Vols,415,1259,1552,226,95
134,1164,1431,Shia002397Vols,13,321,587,203,90
135,912,1148,JK001197,344,1133,1414,159,68
136,1239,1485,ShamAY0035035,9350,531,893,159,52
138,938,1050,JK000674,13,1223,1342,77,85
138,938,1050,JK000583,542,1274,1381,79,92
138,802,1050,Tafsir04040,1387,1271,1537,140,66
138,914,1050,JK001091,202,528,664,93,82
138,422,1203,JK000001,3109,683,1423,310,42
138,422,1203,ShamAY0035035,9362,773,1477,300,39
138,938,1050,JK001198,75,560,687,79,81
138,923,1050,Shamela0012738,10,635,797,86,68
138,938,1050,JK005017,25,984,1090,79,92
138,575,1050,ShamIbadiyya0000109,7827,274,548,178,45
139,82,598,JK000001,3102,613,1014,243,53
139,82,598,ShamAY0035035,9347,828,1233,239,52
139,82,598,Kraken220413202218,1153,345,710,221,50
141,943,1136,JK000001,3083,688,845,113,67
141,943,1136,ShamAY0035035,9291,377,534,113,67
141,943,1136,Kraken220413202218,1141,1124,1281,112,67
143,1142,1246,JK000001,167,538,643,78,95
143,1142,1246,JK009325,662,54,159,78,95
145,697,950,Rafed0000609Vols,412,635,920,196,81
155,1216,1608,Shamela0098087,251,662,1039,262,77
155,710,1379,JK000001,2562,887,1643,418,62
155,1379,1661,JK000001,2563,0,389,205,62
155,1209,1661,ShamAY0035035,7963,307,1291,321,39
155,938,1608,Kraken220413202218,920,335,886,328,56
155,848,1090,ShamIbadiyya0000109,7609,1357,1543,113,58
155,1090,1292,ShamIbadiyya0000109,7610,0,154,100,61
155,710,1608,JK001197,313,755,1335,372,45
156,176,409,Shamela0098087,251,1149,1347,145,76
156,65,901,JK000001,2563,383,1290,578,74
156,1129,1309,JK000001,2567,0,181,129,82
156,352,901,ShamAY0035035,7964,14,789,380,59
156,176,409,Kraken220413202218,920,995,1196,146,76
156,920,1343,Kraken220413202218,922,147,492,222,60
157,378,1542,JK000001,2567,145,1362,533,44
158,836,1173,Shamela0010273,3492,687,1045,208,62
158,98,689,Shia001115Vols,259,313,870,269,54
158,410,684,Shia001544Vols,584,703,1055,203,72
158,410,620,Shia001544Vols,1788,1336,1547,161,94
158,422,671,Shia001136,258,545,795,188,92
158,422,671,Tafsir04040,223,1235,1482,197,99
158,836,1173,Sham19Y0023618,1816,1179,1554,217,65
158,422,675,Masaha000001Vols,126,412,663,196,97
158,77,417,Masaha000001Vols,413,151,502,269,95
158,781,1277,JK000001,2571,222,932,338,57
158,168,417,Shia001432Vols,1294,0,255,199,96
158,424,671,Shia001432Vols,1295,62,319,192,92
158,77,417,Shia001432Vols,5552,232,597,269,91
158,784,1048,ShamAY0035035,7981,1270,1606,136,45
158,496,671,Shia001186,379,0,178,139,97
158,912,1173,ShamIbadiyya0000050,6039,7,291,183,73
158,422,675,Shia001122Vols,128,834,1085,196,97
158,77,251,Shia001122Vols,420,1257,1436,135,93
158,251,417,Shia001122Vols,421,0,172,134,96
158,781,1078,Sham19Y0014249,697,1042,1496,219,59
158,1048,1273,Sham19Y0014249,698,14,253,139,66
158,504,671,Shia002389Vols,1237,0,167,133,100
158,77,417,Shia002389Vols,2595,217,568,269,95
158,77,417,Shia002389Vols,2884,666,1017,269,95
158,422,601,Shia001174Vols,1254,1386,1562,141,97
158,512,671,Shia001174Vols,1255,805,1014,123,72
158,77,417,Shia001174Vols,2220,334,699,269,91
158,784,1242,Kraken220413202218,924,557,1237,297,52
158,872,1141,ShamIbadiyya0000109,7612,21,270,158,70
158,422,559,Shia001542Vols,620,969,1101,103,93
158,422,671,Rafed0001826,155,459,788,90,24
158,77,332,Shia002382Vols,1616,1329,1592,201,94
158,77,417,Shia002382Vols,2173,544,898,269,94
158,77,378,Masaha001945,158,1208,1506,228,90
158,422,675,PV2024060601,128,834,1085,196,97
158,77,251,PV2024060601,420,1257,1436,135,93
158,251,417,PV2024060601,421,0,172,134,96
159,1030,1155,Shamela0001438,4652,1176,1298,95,95
159,1036,1356,JK005021,467,671,1074,68,14
159,1030,1170,Shamela0098087,253,900,1051,100,81
159,989,1155,JK006478,622,103,285,123,84
159,1036,1165,JK006478,760,683,805,85,80
159,1030,1155,Sham19Y0023618,52,862,987,101,100
159,1030,1155,JK009390,3093,334,456,95,95
159,1030,1160,JK007070,27,1287,1414,99,95
159,1030,1504,Shia001171,499,463,732,189,47
159,1030,1155,Shia001237Vols,2780,312,444,101,94
159,164,374,JK000001,2561,749,972,143,74
159,989,1155,JK000001,2574,0,187,117,77
159,1360,1504,Shia001432Vols,22108,940,1104,114,87
159,1036,1160,Shia001432Vols,22109,1093,1217,98,98
159,1036,1269,ShamAY0035035,7987,52,470,107,27
159,1360,1504,Shia001134,296,519,683,114,87
159,1030,1155,Sham19Y0127677,2768,738,860,95,95
159,1017,1160,ShamIbadiyya0000050,356,794,936,106,93
159,1030,1170,Shia001615Vols,801,179,330,105,86
159,1030,1165,Shia004012,111,835,980,104,89
159,1030,1155,Shia002389Vols,2589,1390,1532,101,88
159,1030,1155,Shia002389Vols,2868,661,852,101,65
159,1036,1160,JK001044,18,332,455,96,96
159,1030,1170,AOCP20251104103Vols,1099,118,269,107,87
159,1030,1170,Kraken220413202218,925,670,948,109,48
159,983,1356,ShamIbadiyya0000109,7612,855,1167,187,64
159,1030,1160,Sham19Y0038171,2111,740,868,102,97
159,209,374,Shia000233,216,804,1088,115,48
159,1030,1160,Shia001137,63,249,386,102,92
159,1036,1155,JK008001,834,294,569,95,42
159,1036,1160,Shia003636Vols,6483,945,1070,96,95
160,552,667,Shamela0001438,3647,1090,1197,71,71
160,552,667,JK000021,347,545,657,75,75
160,109,545,Shia003752Vols,655,0,490,339,87
160,883,1244,Shia001334,86,910,1305,278,86
160,890,1244,Shia002945Vols,668,504,889,273,87
160,552,667,Shamela0026884,151,89,198,69,66
160,552,667,JK009390,2108,391,503,75,75
160,0,550,Shia001171,499,732,1346,425,87
160,883,1166,Shia001237Vols,573,784,1094,227,89
160,890,1244,Shia001421Vols,331,1169,1554,283,90
160,883,1418,Shia001421Vols,332,47,394,190,38
160,890,1337,Masaha000001Vols,725,819,1538,345,58
160,545,810,JK000001,2576,454,1039,191,42
160,883,1244,Shia001432Vols,7364,226,627,276,82
160,883,1425,Shia001432Vols,13665,573,914,192,38
160,883,1425,Shia001432Vols,14152,585,931,192,38
160,883,1425,Shia001432Vols,21086,660,1003,192,38
160,883,1418,Shia001432Vols,21266,258,602,189,38
160,890,1244,Shia001432Vols,21722,125,507,281,90
160,0,271,Shia001432Vols,22108,1104,1403,208,88
160,271,545,Shia001432Vols,22109,0,303,215,89
160,545,676,ShamAY0035035,7989,967,1118,91,74
160,591,810,JK009315,75,634,784,70,39
160,0,545,Shia001134,296,683,1299,425,87
160,552,667,Sham19Y0127677,1947,1272,1379,71,71
160,983,1418,Shia001122Vols,735,0,695,307,53
160,883,1138,Shia001615Vols,1752,678,959,202,87
160,883,1425,Shia001383,44,834,1206,197,38
160,890,1244,Shia002389Vols,2814,197,590,281,87
160,890,1244,Shia001174Vols,3138,544,924,282,90
160,1021,1244,Shia001217Vols,52,0,251,177,86
160,545,815,ShamIbadiyya0000109,7613,1097,1437,204,76
160,545,676,Sham19Y0038171,2113,412,565,93,76
160,552,672,JK000080,1148,1168,1287,86,94
160,890,1052,Shia004021,60,1306,1475,125,89
160,1047,1437,Shia004021,61,0,600,258,51
160,983,1418,PV2024060601,735,0,695,307,53
161,775,1055,Zaydiyya0000013,125,0,225,162,73
161,647,1055,Shamela0001349,148,746,1121,276,83
161,690,1055,JK001493,274,603,953,263,89
161,695,1055,Shamela0012884,5023,0,378,228,72
161,886,1055,JK000882,768,328,450,95,70
161,222,364,Zaydiyya0000256,197,990,1130,108,97
161,369,527,Zaydiyya0000256,382,1449,1634,124,84
161,690,1055,JK000021,2951,270,644,219,68
161,690,1055,Hindawi093681649,34,822,1174,266,90
161,690,1055,Shamela0030584,2,1075,1424,265,91
161,369,549,Shia003752Vols,656,1160,1371,138,83
161,674,934,JK011658,94,1165,1432,150,60
161,775,998,Shia001333,5,472,731,97,47
161,726,1055,JK001020,78,0,323,231,85
161,690,1046,Kraken22021606121700,117,43,386,252,87
161,667,1019,Hindawi024069693,4,1000,1348,251,86
161,690,1055,JK000030,49,565,921,234,73
161,686,1055,Shamela0010614,140,395,753,268,89
161,690,1095,Shia002185Vols,1313,314,680,255,79
161,690,1055,Sham19Y0036072,122,817,1157,249,85
161,647,1055,Sham19Y0020986,62,522,914,267,82
161,690,1055,Shamela0000894,4729,818,1188,219,68
161,799,1055,Shamela0000894,8082,73,371,109,48
161,886,1055,LAL2016110801,16,800,922,95,70
161,775,1055,Shamela0010283,1119,128,420,164,68
161,775,1066,ShamAY0034059,7846,1146,1392,166,73
161,690,952,JK009174,39,1211,1465,165,76
161,775,1055,Shia001171,500,456,681,163,73
161,775,879,Sham19Y0013252,9317,272,371,76,95
161,690,1102,Shia001153,16,9,391,259,79
161,217,369,Shia001153,244,1322,1503,117,82
161,369,475,Masaha000001Vols,585,1309,1422,80,88
161,15,217,Masaha000001Vols,586,951,1206,156,76
161,647,913,Masaha000001Vols,587,1204,1495,209,89
161,913,1055,Masaha000001Vols,588,0,140,111,97
161,690,1055,JK009313,3390,232,551,208,70
161,879,1055,JK010637,214,165,336,125,87
161,775,1055,JK000001,1871,984,1279,166,69
161,775,1055,JK000001,2597,6,186,130,59
161,690,1055,Shamela0008505,102,706,1049,247,84
161,690,1058,JK009237,6059,660,1010,262,89
161,682,1055,Tafsir01005,5793,556,918,261,85
161,369,532,Shia001432Vols,22089,102,274,127,94
161,15,222,Shia001432Vols,22092,162,417,154,74
161,647,1055,Shia001432Vols,22095,102,538,320,92
161,222,364,Shia001432Vols,22097,833,973,108,97
161,690,1058,Shia001432Vols,24251,259,599,248,85
161,690,1055,Shia001432Vols,24284,1055,1400,197,61
161,217,381,Shia001432Vols,24643,141,339,127,82
161,775,1055,ShamAY0035035,6587,78,371,161,67
161,775,1055,ShamAY0035035,8029,460,637,119,50
161,690,1055,Rafed0001617Vols,345,906,1252,252,86
161,690,1055,ShamIbadiyya0000229,1601,303,633,248,85
161,695,1055,Zaydiyya0000341,2,201,549,260,90
161,690,1055,Shamela0007853,50,1069,1419,265,90
161,690,1055,Shamela0023790,401,319,663,247,80
161,369,532,Shia001122Vols,591,150,322,126,93
161,647,1055,Shia001122Vols,593,73,508,320,92
161,369,549,Rafed0003799Vols,784,1156,1372,136,80
161,199,364,Shia001615Vols,800,154,336,113,79
161,775,1055,Shia001383,90,435,659,163,73
161,369,542,Shia004012,110,1177,1381,121,75
161,135,1055,Shia002389Vols,1571,553,1155,370,46
161,222,364,Shia002389Vols,1572,39,178,107,97
161,647,879,Shia002389Vols,1938,476,662,118,58
161,369,532,Shia001174Vols,2716,1239,1411,126,93
161,425,532,Shia001174Vols,2717,1247,1450,81,51
161,15,217,Shia001174Vols,2720,1258,1517,156,75
161,647,822,Shia001174Vols,2724,1348,1555,139,83
161,822,1055,Shia001174Vols,2725,0,234,183,98
161,222,364,Shia001174Vols,2728,842,982,108,97
161,690,1055,Shia002165,12,499,832,249,86
161,787,995,JK001297,287,1357,1514,120,73
161,690,1055,JK001297,553,276,657,230,72
161,886,1055,JK000480,173,415,537,95,70
161,647,1055,Shia001217Vols,4323,213,650,316,91
161,369,532,Shia001217Vols,4324,331,503,127,94
161,775,1055,ShamIbadiyya0000109,7620,513,692,127,58
161,775,1055,Sham19Y0038171,2122,705,885,130,59
161,0,369,Rafed0000685Vols,191,763,1365,279,58
161,527,652,Rafed0000685Vols,192,731,855,93,92
161,690,1055,ShamAY0032826,1051,0,385,205,58
161,851,1055,ShamAY0032826,1052,0,234,122,64
161,768,1055,JK006896,4,871,1117,152,65
161,768,907,Shamela0023788,388,602,734,93,87
161,772,1055,Shamela0026803,165,127,394,199,88
161,810,1055,Shamela0023685,1161,0,237,171,86
161,682,1055,Shamela0026568,1051,560,922,261,85
161,690,1055,Shia004021,230,177,521,197,61
161,674,1055,JK009325,4,844,1224,272,86
161,690,1055,Shamela0010488,175,443,823,230,73
161,768,1055,Shamela0010488,285,1119,1368,170,75
161,690,1055,JK010522,11,311,656,252,86
161,775,1019,Hindawi027508303,98,0,227,170,88
161,886,1055,AOCP202502141237,86,340,503,106,68
161,690,1066,JK010666,30,386,751,255,83
161,768,879,Shamela0001417,596,102,208,78,91
161,369,532,PV2024060601,591,150,322,126,93
161,647,1055,PV2024060601,593,73,508,320,92
162,0,311,JK000001,2575,1114,1541,214,60
163,958,1455,JK000001,2565,544,1179,239,44
163,982,1455,ShamAY0035035,7968,22,729,223,37
164,655,1197,JK000001,2585,118,692,355,71
164,773,1171,ShamAY0035035,8004,990,1631,251,45
164,655,1158,Kraken220413202218,929,605,1131,318,68
165,1207,1420,Shamela0006879,141,232,404,123,65
165,616,1082,JK000001,2593,546,1319,299,46
165,1086,1420,JK000001,2597,499,839,141,40
165,971,1082,ShamAY0035035,8020,558,670,85,96
165,616,902,AOCP20251104145Vols,744,19,372,169,56
165,1142,1392,Kraken220413202218,935,1240,1526,141,52
165,1142,1376,ShamIbadiyya0000109,7620,736,964,133,61
166,36,231,JK000001,2599,1274,1577,129,50
166,256,952,JK000001,2600,361,698,239,41
166,128,952,ShamAY0035035,8033,260,1195,320,30
166,645,1074,Shia000233,219,1178,1427,88,20
167,1144,1591,JK000001,2602,486,1007,291,64
167,1144,1591,ShamAY0035035,8036,615,1272,292,53
167,1144,1591,ShamIbadiyya0000109,7621,252,599,190,49
168,305,440,Shamela0098087,257,1209,1378,98,75
168,0,408,JK000001,2602,1039,1532,246,60
168,528,1474,JK000001,2603,125,1285,631,62
168,185,747,ShamAY0035035,8037,0,653,305,56
168,528,1375,ShamAY0035035,8037,450,1615,550,55
168,0,440,Kraken220413202218,937,728,1309,264,54
169,681,1552,JK000001,2604,53,1426,537,43
169,127,850,ShamAY0035035,8038,22,629,294,43
169,865,1292,ShamAY0035035,8038,1080,1560,226,49
169,1317,1552,ShamAY0035035,8039,0,391,144,42
170,208,572,JK000001,2605,413,724,221,73
170,1192,1587,JK000001,2606,1012,1202,126,39
170,1314,1537,JK000001,2607,204,497,162,67
170,0,589,ShamAY0035035,8039,391,1315,326,41
170,721,1181,ShamAY0035035,8040,404,861,232,52
170,1192,1587,ShamAY0035035,8041,1263,1500,122,32
170,1314,1537,ShamAY0035035,8042,745,1028,156,69
171,0,177,JK000001,2606,1202,1492,121,52
171,177,947,JK000001,2607,0,1151,428,40
171,0,337,ShamAY0035035,8042,106,702,245,50
171,491,933,ShamAY0035035,8043,36,600,290,59
171,149,331,Kraken220413202218,938,191,373,134,86
173,858,1025,Shamela0009823,196,904,1224,122,48
173,958,1478,JK000001,2591,597,1390,342,52
173,858,1002,JK000001,2611,1277,1454,113,79
173,1007,1252,ShamAY0035035,8014,692,1155,179,46
173,858,1131,ShamAY0035035,8048,179,499,197,74
173,858,1016,JK009321,122,985,1197,120,71
173,1007,1478,ShamIbadiyya0000109,7618,562,1028,276,62
174,1150,1573,Shamela0098087,246,478,1045,181,32
174,1150,1467,ShamAY0036031,169,820,1265,143,35
174,1150,1467,JK000001,2536,21,467,148,36
174,1150,1414,Kraken220413202218,911,1145,1562,131,35
174,1150,1467,JK001197,311,158,601,146,36
175,857,1291,Shia001544Vols,1330,666,924,150,39
175,346,1016,Shamela0098087,246,982,1503,250,42
175,577,1016,ShamAY0036031,170,17,358,241,67
175,873,1006,Sham19Y0122096,1818,717,857,106,92
175,107,1016,JK000001,2536,615,1141,320,42
175,364,1016,Shia001432Vols,22087,348,814,270,50
175,1026,1505,Shia001432Vols,22091,1067,1564,341,78
175,628,1016,ShamAY0035035,7897,205,508,211,64
175,107,1016,Sham19Y0014249,696,229,757,310,41
175,346,1016,Kraken220413202218,912,78,622,279,46
175,622,1016,Shia000233,217,394,643,177,56
175,107,1016,JK001197,311,749,1273,320,42
175,1277,1480,JK009365,381,1114,1340,129,68
176,623,744,Shamela0006739,1398,1011,1135,95,95
176,825,993,Shamela0009918,1749,75,269,125,81
176,825,988,JK000001,2369,677,883,121,74
176,813,1173,JK000001,2539,454,1211,228,38
176,407,615,JK000001,2540,1112,1309,157,90
176,1325,1502,JK000001,2541,1239,1425,135,88
176,813,988,ShamAY0035035,7901,935,1156,126,71
176,1154,1313,ShamAY0035035,7903,805,969,119,88
176,1329,1502,ShamAY0035035,7907,503,703,127,78
176,626,744,ShamAY0035035,7907,255,420,93,69
176,838,988,JK009298,433,1137,1314,99,65
176,813,988,JK009298,487,674,906,130,70
176,769,988,JK000298,1420,96,308,131,70
176,813,1143,Sham19Y0014249,697,63,577,227,55
176,848,1105,ShamIbadiyya0000109,7598,1141,1544,143,39
176,1154,1313,ShamIbadiyya0000109,7599,286,446,119,90
176,1038,1313,Sham19Y0038171,2080,111,632,201,48
176,395,615,Sham19Y0038171,2081,660,926,149,60
176,1325,1502,Sham19Y0038171,2082,1259,1459,135,82
176,623,744,Sham19Y0038171,2082,1011,1136,91,87
176,623,744,JK005022,37,536,660,95,95
177,932,1132,Shia001544Vols,597,1119,1317,157,99
177,184,606,Shia001544Vols,1328,251,687,333,89
177,184,610,Zaydiyya0000256,194,765,1202,339,91
177,932,1132,Shia000743Vols,228,879,1075,155,98
177,932,1132,Shia000723Vols,252,477,673,155,98
177,932,1132,Shia000801Vols,267,1206,1402,155,98
177,610,1132,Shia003752Vols,657,114,674,410,91
177,184,606,Shia001334,188,525,929,310,85
177,1255,1418,Sham19Y0013631,2084,207,372,127,92
177,606,932,Shia001237Vols,2208,722,1062,208,70
177,708,1132,Shia001237Vols,2792,756,1120,248,67
177,172,635,Shia001237Vols,2793,188,619,280,65
177,610,1132,Shia001237Vols,2794,281,865,401,84
177,223,606,Masaha000001Vols,580,1111,1505,304,89
177,184,432,Masaha000001Vols,588,1210,1457,200,93
177,432,1132,Masaha000001Vols,589,0,767,546,85
177,932,1132,Shia000806Vols,569,9,205,155,98
177,28,178,JK000001,2542,0,152,120,98
177,1255,1427,JK000001,2546,692,871,137,94
177,223,668,Shia001130,19,1119,1550,308,76
177,619,932,Shia001300,192,615,943,203,71
177,223,606,Shia001417,79,895,1268,287,85
177,708,932,Shia001432Vols,1484,464,686,155,77
177,610,1132,Shia001432Vols,22098,138,684,412,94
177,184,426,Shia001432Vols,22114,1195,1430,187,91
177,426,606,Shia001432Vols,22115,0,173,128,80
177,708,1132,Shia001432Vols,22117,1032,1402,257,68
177,172,635,Shia001432Vols,22118,350,776,289,71
177,606,1052,Shia001432Vols,22122,979,1479,346,85
177,708,1132,Shia001432Vols,22127,310,664,238,64
177,697,1132,Shia001432Vols,22245,375,760,261,67
177,223,688,Shia001432Vols,22250,1105,1546,312,74
177,184,614,Shia001432Vols,22309,551,969,317,85
177,226,606,Shia001432Vols,22706,1093,1342,191,58
177,226,635,Shia001432Vols,22709,796,1166,275,77
177,329,606,Shia001432Vols,22714,0,280,215,88
177,619,932,Shia001432Vols,23646,250,578,203,70
177,0,168,ShamAY0035035,7907,703,869,130,96
177,1255,1427,ShamAY0035035,7917,281,625,132,47
177,0,188,JK009298,508,1029,1221,134,83
177,708,978,Shia001391,78,1425,1675,173,74
177,226,635,Shia001391,132,898,1277,269,74
177,223,606,Shia001122Vols,585,1068,1464,304,89
177,184,1132,Shia001122Vols,594,213,1236,749,88
177,644,1132,Shia001615Vols,2098,0,517,382,91
177,610,1132,Shia000107Vols,1341,333,928,401,84
177,610,955,Shia001383,25,1034,1432,268,83
177,955,1132,Shia001383,26,0,183,140,94
177,223,502,Shia001383,241,1291,1580,209,79
177,610,1132,Shia004012,112,826,1412,408,86
177,184,1132,Shia002389Vols,2765,120,946,599,74
177,223,606,Shia001174Vols,2697,26,417,297,87
177,188,606,Shia001174Vols,2729,62,487,326,89
177,610,1132,Shia001174Vols,2731,98,649,412,93
177,193,606,Shia001174Vols,3830,1124,1373,172,48
177,184,488,Shia001217Vols,58,413,744,245,90
177,610,1132,Shia001217Vols,4330,251,794,405,92
177,1255,1427,ShamIbadiyya0000109,7602,333,506,136,98
177,1255,1427,Sham19Y0038171,2086,641,981,133,48
177,606,1132,Shia000233,219,183,449,191,44
177,208,606,Masaha004568Vols,128,605,996,303,88
177,184,635,Shia004021,7,1032,1514,340,81
177,208,631,Shia004021,93,0,444,318,82
177,697,1132,Shia004021,172,1017,1395,240,62
177,708,1132,Shia004021,314,679,1044,236,63
177,708,986,Shia000002,162,1218,1481,190,80
177,172,635,Shia000002,163,603,1030,284,67
177,226,606,Shia000002,176,441,690,191,58
177,223,606,PV2024060601,585,1068,1464,304,89
177,184,1132,PV2024060601,594,213,1236,749,88
178,974,1190,JK005021,459,609,1079,120,30
178,0,126,Masaha000001Vols,890,679,793,90,90
178,0,126,Masaha000001Vols,891,159,284,98,98
178,0,126,Shia000317Vols,2069,898,1013,90,91
178,1240,1446,Shamela0012738,224,586,904,95,28
178,801,949,JK009298,483,1267,1457,111,72
178,1032,1243,Kraken220413030759,2049,0,227,148,79
178,0,126,Shia001174Vols,3596,1164,1279,90,91
178,0,126,Shia001174Vols,3598,1333,1459,99,100
178,0,126,Shia001217Vols,4456,827,953,99,100
178,978,1249,ShamIbadiyya0000109,7602,530,1098,190,40
178,0,126,Shia000296,45,1228,1354,98,99
178,797,960,Sham19Y0038171,2085,1259,1448,121,82
179,905,1083,Tafsir04040,833,638,812,134,95
179,1182,1471,Tafsir04042,120,1316,1619,215,83
179,905,1079,JK000001,2545,445,620,135,94
179,1182,1471,Shia001432Vols,2143,234,541,229,89
179,905,1093,ShamAY0035035,7914,1298,1483,139,93
179,915,1079,JK009298,483,935,1099,126,95
179,1182,1368,Shia002334,152,1457,1646,148,95
179,915,1109,JK009236,681,511,697,131,84
179,573,727,Shia001615Vols,2098,536,745,105,62
179,915,1079,ShamIbadiyya0000109,7601,829,991,129,98
179,1182,1465,Shia003744Vols,28,649,939,218,90
179,905,1093,Sham19Y0038171,2084,19,204,139,93
179,1182,1471,Shia002382Vols,103,735,1032,222,89
179,1182,1471,Shia002397Vols,294,240,534,218,88
180,619,789,Shia001544Vols,405,691,867,123,86
180,360,772,Shia001544Vols,1330,1161,1434,190,57
180,428,878,Zaydiyya0000256,196,444,822,220,52
180,619,772,Shia003752Vols,656,1359,1513,119,96
180,156,784,Shamela0006879,2,1394,1592,111,21
180,428,642,Shia001153,234,681,895,139,73
180,428,772,Masaha000001Vols,586,492,856,268,92
180,428,772,Shia001432Vols,22090,588,951,269,93
180,588,772,Shia001432Vols,22127,918,1125,142,86
180,428,642,Shia001432Vols,24632,533,738,139,77
180,596,772,Shia001391,80,845,1047,139,86
180,428,772,Shia001122Vols,591,763,1128,268,92
180,428,592,Shia001615Vols,1018,1335,1499,132,100
180,428,631,Shia001383,89,311,488,141,86
180,428,772,Shia002389Vols,1571,102,467,266,90
180,619,777,Shia001174Vols,241,916,1084,121,89
180,424,592,Shia001174Vols,2719,177,345,131,97
180,596,772,Shia001174Vols,2720,416,610,136,88
180,428,704,Shia001217Vols,4321,992,1237,166,72
180,428,565,Rafed0000685Vols,192,1362,1503,107,86
180,147,898,Shia000233,217,660,1156,366,59
180,428,772,PV2024060601,591,763,1128,268,92
181,647,780,Shia001544Vols,405,1137,1265,97,95
181,664,775,Shia001544Vols,1512,1354,1465,84,100
181,418,775,Zaydiyya0000256,189,1000,1388,263,83
181,525,792,Shia003752Vols,656,860,1172,198,78
181,87,216,JK010561,528,46,181,97,91
181,418,623,Shia001406Vols,261,1407,1635,150,78
181,627,792,Shia001406Vols,262,17,183,115,83
181,780,1393,Shia001237Vols,2777,187,942,480,78
181,436,792,Shia001153,243,36,396,227,71
181,77,216,ShamAY0002038,70,1011,1153,103,92
181,418,775,Masaha000001Vols,585,822,1204,259,81
181,627,775,Masaha000001Vols,588,908,1061,114,96
181,77,216,JK000001,2580,128,275,107,92
181,418,780,Shia001432Vols,22085,869,1274,270,84
181,780,1361,Shia001432Vols,22119,796,1506,461,80
181,453,792,Shia001432Vols,24641,329,682,223,71
181,77,216,ShamAY0035035,7996,1408,1553,103,89
181,418,733,Shia001122Vols,590,1053,1399,232,80
181,600,792,Shia001615Vols,800,0,177,111,64
181,554,775,Shia001383,91,0,221,155,81
181,47,643,Shia004012,111,971,1257,209,43
181,418,775,Shia002389Vols,1570,651,1035,255,80
181,418,664,Shia002389Vols,1938,162,493,164,60
181,647,803,Shia001174Vols,241,1241,1390,99,83
181,436,775,Shia001174Vols,2714,12,344,244,88
181,627,775,Shia001174Vols,2728,1262,1415,114,96
181,780,1393,Shia001266,51,94,836,470,76
181,440,792,Shia001418Vols,338,613,957,236,78
181,418,775,Shia001217Vols,4321,522,898,253,80
181,525,976,Shia000233,222,718,1143,316,87
181,418,620,Shia003700,128,538,764,136,74
181,94,228,Shia002397Vols,66,1188,1330,92,81
181,418,733,PV2024060601,590,1053,1399,232,80
182,947,1274,Kraken220414225526,84,916,1304,203,59
182,947,1274,JK000001,2541,0,471,246,65
182,1299,1566,JK000001,2579,1172,1463,195,80
182,626,777,ShamAY0035035,7901,34,274,113,57
182,934,1278,ShamAY0035035,7905,706,1417,249,43
182,972,1130,JK009298,503,1294,1479,122,79
182,938,1125,Hindawi085853519,78,435,638,144,85
182,632,783,Sham19Y0014249,696,1384,1548,116,86
182,934,1125,AOCP20251104145Vols,710,733,923,138,83
182,947,1075,Kraken220413202218,915,109,231,97,94
182,921,1274,ShamIbadiyya0000109,7599,1088,1489,263,82
182,934,1195,Sham19Y0038171,2082,587,861,169,69
182,1134,1274,Shia003636Vols,2394,382,524,78,58
183,291,685,JK000001,2581,7,597,214,42
183,763,946,JK000001,2582,1336,1566,132,67
183,946,1484,JK000001,2583,0,666,343,58
183,291,685,ShamAY0035035,7998,610,1226,211,40
183,763,1484,ShamAY0035035,8001,27,1240,465,46
183,786,1094,Shia000233,223,278,561,190,70
185,699,961,Shia001237Vols,3007,400,687,190,81
185,699,973,Shia001432Vols,20854,308,559,176,77
185,699,961,Shia001432Vols,31295,982,1270,189,76
185,692,868,Rafed0003257Vols,5127,1092,1296,122,73
185,699,1005,Shia001122Vols,2063,247,960,237,41
185,699,885,Shia001122Vols,2064,5,209,112,69
185,632,973,Shia001615Vols,941,233,541,180,63
185,699,964,Shia000107Vols,3102,234,491,187,84
185,699,961,Shia001383,36,986,1286,194,76
185,699,990,Shia001383,73,398,723,197,71
185,699,878,Shia002389Vols,3005,1388,1572,134,86
185,688,1005,Shia001418Vols,341,489,733,172,65
185,726,868,Tafsir04056,7095,0,160,96,73
185,699,984,Shia001217Vols,4511,24,445,214,62
185,711,903,Zaydiyya0000302,1663,1241,1433,148,91
185,699,1005,PV2024060601,2063,247,960,237,41
185,699,885,PV2024060601,2064,5,209,112,69
185,734,944,PV2024060601,7790,0,219,169,94
187,1242,1407,Shia000382,10,479,687,124,71
187,825,1155,JK009364,151,660,982,231,85
187,1161,1403,Shia000806Vols,295,0,271,192,86
187,812,1403,Shia000234Vols,9206,308,1342,445,53
187,785,1403,Shia001122Vols,2472,61,1336,465,45
187,1256,1403,Shia001383,181,662,840,103,67
187,785,1169,Shia001217Vols,5443,528,1024,270,66
187,1242,1403,Shia001217Vols,5492,745,1036,128,52
187,789,1092,Shia000233,858,1212,1532,224,87
187,785,1403,PV2024060601,2472,61,1336,465,45
188,700,888,Sham19Y0131521,3593,917,1139,132,70
188,580,883,Sham19Y0017878,217,878,1103,103,37
188,721,865,JK009298,1184,43,211,107,80
188,1266,1394,Shia001217Vols,5494,0,213,84,49
188,678,811,Shia003636Vols,917,651,772,81,80
190,1020,1575,JK000001,808,469,936,159,26
190,1108,1244,Shamela0000432,5637,1210,1468,89,43
190,1249,1479,Shia001122Vols,2473,499,738,156,77
190,1249,1479,Shia001217Vols,5493,336,586,162,78
190,951,1449,Shia000233,859,171,665,217,39
190,929,1571,JK001197,95,846,1234,151,23
190,1249,1479,PV2024060601,2473,499,738,156,77
191,251,813,JK007084,1208,0,518,230,37
191,244,863,Hindawi059507481,154,555,1176,232,37
191,0,863,Shamela0098087,126,220,774,254,32
191,248,396,Sham19Y0014592,2458,1352,1489,99,79
191,248,943,JK000001,1616,185,1085,372,46
191,1332,1548,JK000001,1618,708,926,143,76
191,213,461,ShamAY0035035,5984,1196,1569,163,55
191,1332,1548,ShamAY0035035,5988,293,576,148,62
191,0,943,JK001197,185,130,1378,446,37
192,503,1067,JK007084,1208,848,1474,343,64
192,1052,1274,JK007084,1209,61,420,135,43
192,491,1067,Shamela0098087,126,891,1207,171,36
192,503,920,Sham19Y0029676,292,1094,1550,286,76
192,924,1586,Sham19Y0029676,293,0,998,289,30
192,593,1586,JK000001,1617,0,1371,511,40
192,503,1196,ShamAY0035035,5986,173,1413,454,44
192,503,1067,Kraken220413202218,489,21,440,215,44
192,503,979,Shia003986,391,454,1028,321,68
192,503,951,Hindawi040635716,111,941,1292,227,62
192,503,1586,JK001197,186,130,1453,561,45
192,503,1062,Shamela0004473,6793,652,1174,259,49
193,1282,1532,JK007084,1207,412,685,162,68
193,485,1150,JK007084,1210,765,1243,220,35
193,1293,1537,Sham19Y0029676,178,50,255,148,74
193,1293,1532,Sham19Y0029676,291,186,458,164,73
193,16,300,Sham19Y0029676,293,1047,1388,179,63
193,485,703,Sham19Y0029676,294,1029,1291,143,68
193,1293,1532,Sham19Y0029676,362,1071,1334,155,69
193,1288,1532,JK000001,1615,582,853,163,72
193,90,300,JK000001,1618,6,240,128,66
193,726,972,JK000001,1618,305,541,135,66
193,485,1150,JK000001,1619,6,519,229,35
193,485,1470,ShamAY0035035,5989,154,1084,286,26
193,1293,1532,JK001197,184,1056,1328,164,73
193,32,300,JK001197,187,13,316,172,68
193,146,900,Shamela0004473,6793,1179,1560,203,33
193,1282,1532,ShamIbadiyya0000391,41,399,644,149,68
193,485,703,ShamIbadiyya0000391,42,561,820,141,67
195,959,1351,JK000435,52,729,1143,273,76
195,959,1315,Shamela0022593,336,1083,1509,259,75
195,959,1322,Shamela0012884,976,878,1294,281,82
195,959,1311,Sham19Y0014592,1466,1156,1559,270,81
195,959,1329,Shamela0022549,65,423,806,262,77
195,959,1329,Shamela0005756,9560,1020,1431,244,67
195,959,1329,Shamela0003118,5391,400,820,260,73
195,959,1329,Shamela0007798,1980,929,1322,263,76
195,959,1322,Sham19Y0013252,5585,865,1259,233,67
195,951,1329,JK000001,1542,532,910,281,90
195,955,1177,Sham19Y0036110,324,1278,1552,174,77
195,1177,1322,Sham19Y0036110,325,0,145,113,97
195,959,1329,JK000916,18733,105,506,274,80
195,922,1329,ShamAY0035035,5825,236,690,271,71
195,959,1329,JK000298,4501,273,645,244,72
195,959,1329,MMS00013,2901,40,441,269,78
195,984,1329,MMS00013,2957,0,382,250,78
195,1059,1329,Shamela0023578,567,5,309,193,74
196,1162,1516,JK000001,2412,899,1247,122,31
197,65,600,Tafsir04040,801,760,1279,194,33
197,1101,1507,JK000001,2413,273,908,258,46
198,514,795,JK011730,661,6,224,167,72
198,382,795,JK000001,2414,150,623,312,79
198,231,601,ShamAY0035035,7675,816,1599,218,30
198,90,795,JK000298,3736,709,1241,308,53
198,396,644,JK000298,4456,242,496,169,76
198,235,740,Kraken220413202218,835,0,463,251,54
199,736,868,Shia001544Vols,850,47,178,102,97
199,736,868,Masaha004651,10,1329,1459,96,92
199,750,882,Shia002976,269,860,1003,93,83
199,699,868,Shia002185Vols,3698,504,647,90,65
199,762,868,JK010561,532,90,205,76,86
199,736,868,Shia002766Vols,688,649,781,100,96
199,750,868,Tafsir04042,2094,1084,1199,85,92
199,736,868,Shia001237Vols,2225,482,614,101,92
199,736,868,Shia001402,131,1182,1324,104,91
199,750,868,Shia000182VolsBK2,3535,899,1035,91,84
199,736,868,Shia001432Vols,23212,1141,1377,102,53
199,736,868,Shia001432Vols,23587,241,373,102,94
199,736,868,Shia001432Vols,23590,591,734,105,92
199,736,868,Shia001432Vols,24479,252,491,102,52
199,736,868,Shia001134,263,553,789,102,53
199,736,868,Shia001615Vols,595,548,680,102,94
199,736,879,Shia001615Vols,1765,410,572,106,81
199,736,868,Shia001615Vols,1813,1156,1392,102,53
199,736,868,Shia001615Vols,2100,117,260,96,78
199,632,868,Shia001174Vols,3442,37,268,80,35
199,750,868,Shia002165,16,1125,1257,85,79
199,590,872,Shia002380Vols,743,656,910,132,46
199,736,868,Shia000151,284,821,963,102,90
199,736,868,Tafsir04056,6785,172,315,104,91
199,736,868,Shia001217Vols,3432,587,730,105,92
199,590,868,Shia002382Vols,1700,1147,1477,159,54
199,590,868,Shia002382Vols,2273,373,703,159,54
199,610,868,Shia000297,139,391,700,139,44
199,762,862,Masaha000554Vols,5728,224,324,77,99
201,76,198,Masaha004651,11,199,313,84,87
201,71,198,JK000001,1769,219,423,91,54
201,71,198,ShamAY0035035,6365,599,1196,86,18
202,229,545,Shamela0098087,136,359,553,129,52
202,367,940,Masaha004651,11,424,1027,329,61
202,431,820,Sham19Y0023625,2526,469,842,193,57
202,0,146,JK000001,1114,752,906,109,90
202,367,898,JK000001,1770,234,792,324,66
202,229,894,Shia001432Vols,23592,983,1555,342,59
202,375,820,JK001249,310,724,1130,230,60
202,367,898,ShamAY0035035,6367,175,819,313,56
202,229,759,Shia001615Vols,2101,992,1353,229,53
202,423,940,Shia000151,285,5,557,292,59
202,229,940,Kraken220413202218,536,290,916,322,50
203,829,974,Sham19Y0122096,583,1397,1542,115,97
203,837,1177,JK000001,1794,55,460,208,54
203,815,1177,Shia001432Vols,22944,721,1152,224,56
203,815,1177,Shia001615Vols,2490,171,602,226,56
205,315,433,Zaydiyya0000256,121,427,861,90,26
205,384,753,Zaydiyya0000256,125,883,1179,195,63
205,307,753,Shia000743Vols,230,560,756,100,24
205,307,753,Shia000723Vols,254,152,336,106,28
205,307,753,Shia000801Vols,269,807,991,106,28
205,315,514,Shia001402,124,668,1139,144,38
205,315,795,Masaha000001Vols,772,418,907,125,21
205,384,882,Masaha000001Vols,774,508,842,216,54
205,315,753,Masaha000001Vols,799,1051,1292,100,26
205,384,859,Masaha000001Vols,801,1127,1437,198,51
205,307,753,Shia000806Vols,570,1266,1467,100,24
205,315,753,Shia000182VolsBK2,3543,1118,1345,113,28
205,384,619,Shia001432Vols,19768,135,406,161,73
205,384,593,Shia001432Vols,22944,123,310,102,60
205,384,574,Shia001432Vols,22954,261,451,149,98
205,315,795,Shia001122Vols,782,652,1145,122,21
205,384,882,Shia001122Vols,784,864,1201,219,55
205,384,569,Shia001174Vols,3298,450,635,148,100
205,315,753,Shia001217Vols,4407,892,1236,117,25
205,384,641,Shia001217Vols,4409,398,675,171,79
205,315,795,PV2024060601,782,652,1145,122,21
205,384,882,PV2024060601,784,864,1201,219,55
206,659,1269,JK007070,105,239,652,181,33
207,222,441,Zaydiyya0000256,124,627,845,168,92
207,222,479,Shia001402,124,377,691,195,77
207,222,441,Masaha000001Vols,772,1024,1292,168,76
207,0,214,Masaha000001Vols,773,451,1194,136,22
207,222,632,Masaha000001Vols,800,198,928,294,50
207,0,452,Shia000182VolsBK2,3544,144,576,204,52
207,52,214,Shia001417,240,853,1182,123,45
207,222,441,Shia001432Vols,22950,742,1010,170,78
207,447,632,Shia001432Vols,22951,509,993,136,35
207,52,214,Shia001432Vols,22952,685,828,101,79
207,327,632,Shia001122Vols,783,0,591,216,46
207,43,327,Shia001615Vols,2491,710,988,135,49
207,222,441,Shia001174Vols,3295,521,789,170,78
207,447,594,Shia001174Vols,3295,1192,1389,113,73
207,52,220,Shia001174Vols,3296,1299,1453,105,77
207,222,441,Shia001217Vols,4408,580,840,170,80
207,52,220,Shia004021,112,657,824,119,87
207,327,632,PV2024060601,783,0,591,216,46
208,587,962,JK000001,1809,1320,1662,185,51
209,30,159,JK000001,1811,49,177,102,98
209,37,243,ShamIbadiyya0000109,7290,844,1059,148,80
211,408,714,Shamela0010273,2968,1360,1637,209,80
211,1163,1323,Shia001349Vols,1240,889,1061,115,85
211,408,709,JK000021,2348,1043,1352,228,86
211,212,470,JK005021,374,0,276,100,42
211,1156,1331,Shia004092Vols,10301,767,929,106,73
211,1200,1331,Rafed0002654Vols,10116,4,125,80,71
211,13,728,JK011730,895,256,1032,438,69
211,408,709,JK001492,848,239,529,216,83
211,408,709,ShamAY0034059,406,661,940,198,76
211,395,709,ShamAY0034059,1749,627,899,200,76
211,408,572,ShamAY0034059,4323,1409,1577,135,96
211,572,709,ShamAY0034059,4324,0,138,106,94
211,408,709,ShamAY0034059,6086,422,651,168,64
211,966,1156,Shia001237Vols,2819,660,847,149,96
211,716,1318,Masaha000001Vols,624,197,662,196,34
211,99,709,JK000001,1820,431,1356,407,49
211,253,406,Sham19Y0036110,310,394,543,100,80
211,460,709,Sham19Y0036110,414,0,242,183,85
211,1163,1318,Shia001432Vols,15604,385,609,123,69
211,1163,1318,Shia001432Vols,22433,1233,1445,123,73
211,966,1156,Shia001432Vols,22434,1299,1491,149,93
211,340,837,ShamAY0035035,6483,27,1016,306,36
211,408,714,JK009315,67,583,871,209,80
211,185,709,JK000049,9,405,1224,387,57
211,716,1318,Shia001122Vols,630,903,1377,199,32
211,966,1156,Shia001122Vols,631,336,528,149,93
211,1163,1318,Shia001122Vols,3488,587,813,120,65
211,408,648,Shamela0021765,2817,1231,1481,189,90
211,1212,1318,Shia001615Vols,776,0,141,84,75
211,716,899,Shia001383,165,724,1100,91,26
211,1163,1318,Shia001174Vols,2836,85,308,123,69
211,1022,1156,Shia001174Vols,2837,0,136,103,92
211,1163,1318,Shia001174Vols,4522,995,1213,121,69
211,842,1318,Shia001217Vols,4352,642,1162,178,31
211,716,1156,Shia001217Vols,4353,42,535,212,42
211,408,714,Kraken220413202218,563,1137,1458,240,91
211,392,728,Kraken220413202218,819,986,1329,190,66
211,253,401,ShamIbadiyya0000109,7301,0,142,105,91
211,282,709,Sham19Y0038171,1757,92,731,295,57
211,1161,1318,Rafed0000685Vols,162,1071,1251,113,76
211,408,709,Shia000233,147,512,817,242,97
211,401,709,JK000057,63,823,1138,225,84
211,408,714,JK000080,939,1139,1428,211,79
211,408,709,Meshkat00042485,4827,915,1219,240,96
211,408,709,Shamela0013152,3,370,682,231,88
211,1161,1318,Shia003636Vols,2029,988,1192,118,72
211,716,1318,PV2024060601,630,903,1377,199,32
211,966,1156,PV2024060601,631,336,528,149,93
211,1163,1318,PV2024060601,3488,587,813,120,65
212,618,873,Shia001544Vols,862,10,362,177,62
212,377,501,JK005021,372,189,348,84,69
212,453,611,Masaha004651,14,1270,1477,113,69
212,496,861,Shia001237Vols,2153,99,637,181,42
212,717,1344,Masaha000001Vols,621,790,1236,202,34
212,1039,1244,Masaha000001Vols,622,228,420,143,85
212,432,611,JK000001,1765,639,1121,119,32
212,305,443,JK000001,1815,954,1389,107,31
212,993,1344,Shia001432Vols,22436,1084,1543,160,41
212,1046,1249,Shia001432Vols,22438,54,248,136,83
212,305,1344,Shia001432Vols,22439,102,978,204,16
212,1046,1244,Shia002394Vols,650,57,247,135,83
212,1046,1244,Shia001122Vols,628,830,1020,136,85
212,717,1344,Shia001122Vols,628,32,480,202,34
212,618,979,Shia001122Vols,629,437,702,139,49
212,375,611,Shamela0008243,62,264,579,114,36
212,717,1259,Shia001615Vols,3052,899,1432,189,34
212,1046,1244,Shia002389Vols,408,1265,1455,136,85
212,305,772,Shia002389Vols,409,37,499,118,23
212,1046,1244,Shia001174Vols,2831,380,570,136,85
212,890,1344,Shia001174Vols,2832,811,1090,133,33
212,717,979,Shia001217Vols,3359,1025,1325,119,39
212,618,1244,Shia001217Vols,3360,73,400,202,40
212,305,501,Kraken220413202218,562,961,1317,100,34
212,370,501,Sham19Y0123665,1720,825,967,91,77
212,1046,1244,PV2024060601,628,830,1020,136,85
212,717,1344,PV2024060601,628,32,480,202,34
212,618,979,PV2024060601,629,437,702,139,49
213,890,994,JK000001,1824,137,542,54,16
213,23,418,Kraken220413202218,566,1015,1412,182,48
213,890,1174,ShamIbadiyya0000109,7426,326,892,99,20
213,936,1174,JK001197,215,1149,1408,68,21
214,962,1140,JK005020,445,1032,1214,103,65
214,1356,1519,Shia001544Vols,858,261,442,133,90
214,905,1127,Shamela0021635,270,531,771,146,72
214,1193,1336,JK005021,375,424,644,83,48
214,1356,1519,Shia001272,54,818,998,130,88
214,187,460,JK000583,340,1370,1506,83,37
214,1175,1345,JK011730,881,115,283,118,85
214,878,1437,Shamela0010283,1237,406,768,125,22
214,811,1180,Shia001402,125,1114,1545,238,64
214,1175,1519,Masaha000001Vols,620,14,665,203,38
214,1356,1519,Shia000806Vols,296,39,221,133,89
214,171,403,JK000001,1825,1339,1559,160,79
214,648,1127,JK000001,1827,1061,1531,256,59
214,922,1180,JK000001,1828,5,281,106,38
214,1356,1519,Shia001432Vols,22429,426,607,133,90
214,171,403,ShamAY0035035,6491,752,976,153,73
214,878,1127,ShamAY0035035,6495,15,571,188,42
214,1180,1341,ShamAY0035035,6498,495,834,119,44
214,910,1127,Shamela0021809,1775,807,1082,140,60
214,1175,1519,Shia001122Vols,626,591,1247,203,38
214,1345,1519,Shia001615Vols,2673,1363,1554,133,85
214,915,1127,JK001187,161,1167,1379,143,80
214,1356,1519,Shia002389Vols,2622,1141,1322,133,90
214,1376,1519,Shia001174Vols,2826,0,161,117,88
214,905,1127,JK000575,13,90,370,148,65
214,1193,1519,Shia001217Vols,3357,759,1219,180,40
214,922,1082,Kraken220413202218,568,1365,1527,118,89
214,1180,1336,ShamIbadiyya0000109,7240,1311,1498,113,76
214,1180,1341,Sham19Y0038171,1759,934,1371,118,34
214,910,1132,JK000080,295,561,773,127,64
214,910,1132,JK000080,871,699,911,127,64
214,811,1275,JK001197,217,281,637,155,34
214,1175,1519,PV2024060601,626,591,1247,203,38
215,769,1041,Shamela0001438,1332,1196,1467,140,63
215,769,1027,Sham19Y0018272,518,264,940,122,22
215,763,1041,JK000071,275,98,423,170,58
215,769,1041,JK009390,559,1057,1299,98,34
215,769,1041,Shamela0021659,415,106,348,98,34
215,769,1041,JK009274,269,1037,1279,98,34
215,763,937,Shia001237Vols,2144,616,800,121,78
215,769,1041,Sham19Y0122096,903,1231,1473,98,34
215,777,1002,Sham19Y0122096,904,0,496,108,25
215,769,1041,ShamAY0002038,249,278,559,144,63
215,0,136,Masaha000001Vols,620,665,1120,100,26
215,763,1041,Masaha000001Vols,764,913,1185,209,93
215,763,1041,Masaha000001Vols,792,92,364,209,93
215,834,1041,JK001332,596,13,301,151,65
215,777,1041,Sham19Y0008889,222,330,667,172,59
215,769,1041,Tafsir01005,1221,719,997,141,62
215,763,998,Shia001432Vols,22537,1326,1555,174,92
215,769,1041,Shamela0009810,1525,716,994,141,62
215,763,1041,Shia001122Vols,774,755,1030,211,94
215,760,928,Shia001615Vols,637,1397,1560,123,91
215,769,1041,PV2024060602,4528,1004,1282,141,62
215,760,937,Shia001383,178,961,1153,123,77
215,769,1041,JK000141,810,746,1024,141,62
215,777,1041,Zaydiyya0000142,561,1065,1328,138,64
215,769,1041,Zaydiyya0000142,3253,130,408,141,62
215,763,1041,Shia001174Vols,3268,956,1231,211,94
215,777,1041,Shia001174Vols,3269,243,996,189,31
215,0,193,Shia001217Vols,3357,1219,1465,92,35
215,769,1041,Shia002261Vols,83,244,486,98,34
215,769,1041,JK000080,929,1191,1462,135,59
215,769,1041,JK000312,520,745,1023,141,62
215,769,1041,JK008001,818,225,467,98,34
215,777,1015,Shia002264,804,240,533,91,30
215,763,1041,PV2024060601,774,755,1030,211,94
216,1322,1420,Shia001149Vols,1065,40,138,76,100
216,321,524,Shamela0001349,349,313,514,111,63
216,328,539,JK005021,376,927,1380,66,18
216,1322,1420,Shia001352,54,122,227,76,93
216,328,524,Shia002185Vols,1306,312,568,97,50
216,373,539,JK000583,220,927,1286,114,40
216,373,539,JK001160,119,77,567,114,30
216,1322,1420,Masaha000001Vols,628,72,172,72,94
216,169,321,Masaha000001Vols,631,24,249,88,49
216,1322,1420,Shia001432Vols,23807,442,543,74,93
216,1322,1420,Shia001432Vols,24190,26,131,76,93
216,1322,1420,Shia001122Vols,634,860,960,72,94
216,169,321,Shia001122Vols,637,1024,1252,89,49
216,0,321,Shia001615Vols,1071,712,914,69,21
216,1322,1420,Shia001217Vols,3270,538,638,72,94
216,1322,1420,Shia001217Vols,3373,988,1088,72,94
216,1322,1420,Shia001217Vols,4341,60,158,76,100
216,487,735,Shia001217Vols,4355,634,1013,113,39
216,1322,1420,Zaydiyya0000022,79,47,147,74,96
216,248,544,JK010766,412,63,787,169,30
216,1322,1420,PV2024060601,634,860,960,72,94
216,169,321,PV2024060601,637,1024,1252,89,49
216,1322,1420,PV2024060601,4793,781,879,76,100
217,1388,1521,Shia001544Vols,530,856,1015,71,55
217,0,138,Masaha000001Vols,628,498,635,108,97
217,0,138,Shia001432Vols,4192,544,809,106,50
217,1103,1429,Shia001432Vols,22424,163,577,120,26
217,247,469,Shia001432Vols,23461,982,1210,169,91
217,247,469,Shia001432Vols,23789,1058,1286,168,90
217,0,138,Shia001432Vols,23808,236,374,108,98
217,247,469,Shia001432Vols,23810,1224,1456,178,95
217,1086,1262,ShamAY0035035,5904,220,336,34,16
217,0,138,Shia001134,220,816,1081,106,50
217,0,101,Shia001122Vols,634,1289,1389,80,99
217,247,469,Shia001122Vols,635,774,1006,178,95
217,101,469,Shia001383,136,0,453,148,34
217,0,138,Shia001174Vols,2847,1257,1395,108,98
217,247,469,Shia001174Vols,2849,932,1164,178,95
217,339,469,Shia001174Vols,2850,393,886,100,25
217,0,270,Shia001217Vols,3373,527,904,153,49
217,247,469,Shia001217Vols,3374,110,329,169,92
217,1086,1262,Sham19Y0038171,1531,0,116,34,16
217,247,469,Shia001137,15,219,447,169,91
217,0,101,PV2024060601,634,1289,1389,80,99
217,247,469,PV2024060601,635,774,1006,178,95
218,134,429,Shia001153,202,0,317,181,69
218,120,433,Masaha000001Vols,820,32,343,242,94
218,1203,1496,JK000001,1574,917,1489,162,32
218,120,438,Shia001432Vols,23049,481,797,243,93
218,134,429,Shia001432Vols,24617,443,763,182,68
218,142,429,Shia001432Vols,24665,4,315,177,68
218,120,433,Shia001122Vols,803,770,1081,242,94
218,134,429,Shia001122Vols,3429,1210,1530,182,69
218,120,358,Shia001615Vols,702,1283,1517,181,92
218,120,433,Shia001174Vols,3364,643,954,242,94
218,134,429,Shia001174Vols,4140,1112,1433,181,68
218,120,334,Shia001217Vols,4444,1130,1336,157,89
218,1307,1501,JK001197,174,310,496,125,71
218,120,433,PV2024060601,803,770,1081,242,94
218,134,429,PV2024060601,3429,1210,1530,182,69
219,804,1258,Zaydiyya0000256,414,1041,1560,191,34
219,37,159,Sham19Y0036110,310,420,543,88,93
219,35,154,JK000049,9,661,779,83,90
219,954,1065,Shia001122Vols,620,69,180,84,94
219,845,1478,Shia001122Vols,623,102,500,155,23
219,845,1478,Shia001174Vols,2818,587,1173,169,20
219,519,1055,Shia001217Vols,3345,389,784,136,24
219,861,1146,Masaha000554Vols,4384,41,361,129,36
219,840,1478,Shia004021,68,898,1245,171,29
219,954,1065,PV2024060601,620,69,180,84,94
219,845,1478,PV2024060601,623,102,500,155,23
220,1036,1341,Hindawi059507481,125,969,1487,139,29
220,477,976,Shia001237Vols,2136,185,775,370,76
220,477,976,Shia001421Vols,108,196,783,386,83
220,1046,1469,Shia001402,125,0,401,176,43
220,477,878,Masaha000001Vols,615,996,1465,308,83
220,481,982,Shia000806Vols,65,600,1139,384,89
220,477,976,Shia001432Vols,5294,416,986,389,86
220,477,720,Shia001432Vols,22412,1239,1550,185,75
220,720,976,Shia001432Vols,22413,0,277,204,92
220,590,976,Shia001122Vols,622,0,430,303,88
220,477,679,Shia001383,169,1156,1421,149,70
220,679,976,Shia001383,170,0,315,230,90
220,477,976,Shia002389Vols,3061,127,716,386,83
220,477,702,Shia001174Vols,2815,1198,1486,170,74
220,702,976,Shia001174Vols,2816,0,305,218,89
220,1046,1341,JK001197,216,418,1011,141,27
220,590,976,PV2024060601,622,0,430,303,88
221,531,657,Masaha000001Vols,799,277,848,92,20
222,1023,1345,JK005021,344,831,1177,109,36
222,1016,1373,Shamela0013039,51,782,1298,117,22
222,1068,1373,Kraken220413202218,515,308,542,122,43
223,220,794,Shia001544Vols,888,157,338,127,26
223,814,1040,JK011730,1248,1256,1511,163,75
223,994,1579,ShamAY0034059,4340,0,287,157,33
223,170,641,Masaha000001Vols,818,32,358,125,27
223,220,794,Masaha000001Vols,840,310,723,136,22
223,1087,1579,JK000001,1711,0,723,327,53
223,597,794,Shia000182VolsBK2,3542,254,608,141,49
223,823,1150,ShamAY0035035,6216,203,848,233,42
223,1286,1572,ShamAY0035035,6217,255,842,181,38
223,170,641,Shia001122Vols,801,700,1030,125,27
223,220,794,Shia001122Vols,824,718,1135,126,20
223,823,1040,JK000298,3739,218,420,158,87
223,868,1553,Shia000233,986,774,1113,165,27
223,814,1381,JK001197,192,351,787,287,55
223,170,641,PV2024060601,801,700,1030,125,27
223,220,794,PV2024060601,824,718,1135,126,20
224,846,1069,Masaha000001Vols,763,1144,1389,168,87
224,976,1134,Masaha000001Vols,764,0,158,119,96
224,846,1134,Masaha000001Vols,791,329,771,220,63
224,846,967,Shia000182VolsBK2,3546,1358,1508,93,76
224,920,1139,Shia001432Vols,22535,5,358,88,24
224,846,1134,Shia001122Vols,773,930,1373,149,34
224,254,774,Hindawi081316951,478,492,1141,169,25
224,929,1134,Shia001615Vols,1568,0,188,109,61
224,684,1134,Shia001615Vols,3142,722,1036,94,21
224,846,1134,Shia001174Vols,3266,839,1283,150,34
224,846,1069,Shia001217Vols,4396,998,1246,164,85
224,846,1134,PV2024060601,773,930,1373,149,34
225,808,1063,Shia001544Vols,2056,1217,1544,168,62
226,1283,1516,Masaha000001Vols,942,499,733,185,94
226,1283,1493,Shia002394Vols,859,1279,1470,143,85
226,881,1019,Shia002394Vols,860,44,173,103,92
226,1283,1516,Shia001122Vols,929,626,863,185,96
226,1327,1516,Shia001174Vols,3720,0,188,149,97
226,1283,1516,Shia001217Vols,1800,144,379,183,95
226,837,1019,Shia001217Vols,1812,766,960,144,89
226,1208,1516,Shia002382Vols,433,18,275,177,70
226,1283,1516,PV2024060601,929,626,863,185,96
227,315,463,Shamela0006739,1376,1047,1192,111,94
227,315,639,JK000001,1083,19,461,243,69
227,378,634,ShamAY0035035,4607,0,465,185,49
227,315,634,AOCP20251104127,23,841,1210,238,78
227,295,634,JK009298,1133,1070,1454,250,80
227,308,639,JK009236,111,179,522,218,73
227,303,463,Sham19Y0038171,1116,346,570,116,66
227,315,463,JK005022,15,516,661,111,94
227,315,634,Sham19Y0123665,128,152,494,224,78
228,120,313,JK007044,5458,679,928,144,69
228,120,309,JK000201,2722,653,898,144,70
228,120,309,Sham19Y0122257,2874,46,290,144,70
228,117,265,JK011730,753,154,410,97,46
228,120,672,JK009362,447,905,1340,273,56
228,120,672,JK000001,2137,64,657,397,80
228,1119,1330,JK000001,2189,0,343,128,46
228,997,1330,Shia001432Vols,22699,112,572,198,53
228,120,672,Shia001432Vols,22881,249,590,241,51
228,130,672,ShamAY0035035,7104,326,1029,354,60
228,950,1334,ShamAY0035035,7190,283,921,233,46
228,117,370,Sham19Y0014249,682,522,781,200,96
228,142,537,Kraken220413202218,692,1108,1515,260,70
228,537,672,Kraken220413202218,693,0,126,89,78
229,833,1231,Shia001544Vols,555,791,1116,245,75
229,399,567,Shia001544Vols,835,95,300,129,77
229,1236,1445,Shia001544Vols,835,333,567,166,85
229,399,567,Zaydiyya0000256,58,737,942,129,77
229,1137,1331,Zaydiyya0000256,64,1382,1597,145,82
229,1221,1445,Zaydiyya0000256,71,80,329,170,82
229,831,1231,JK000021,1064,542,928,224,64
229,700,820,JK005021,422,35,346,89,36
229,831,1231,ShamAY0034809,190,906,1289,225,65
229,831,1213,Shamela0011438,28,278,691,207,56
229,833,1231,Shamela0003118,6928,728,1090,214,63
229,820,1231,Shia001237Vols,2853,706,1032,205,58
229,833,1459,Masaha000001Vols,781,694,1356,477,86
229,963,1445,Masaha000001Vols,809,0,508,385,92
229,851,1213,JK000001,1668,24,375,190,63
229,831,1231,JK000916,24133,667,1043,207,61
229,820,1236,Shia001432Vols,4209,569,880,207,59
229,820,1236,Shia001432Vols,19757,65,366,195,55
229,833,1129,Shia001432Vols,19763,1187,1474,203,81
229,833,1247,Shia001432Vols,22607,324,750,265,72
229,399,589,Shia001432Vols,22700,355,577,133,73
229,833,1450,Shia001432Vols,22702,280,916,460,86
229,1281,1445,Shia001432Vols,22709,0,172,126,86
229,1254,1445,Shia001391,132,60,263,146,87
229,1254,1445,Rafed0000110,135,120,320,157,94
229,399,567,Shia001122Vols,791,8,214,128,77
229,833,1445,Shia001122Vols,792,5,655,469,87
229,637,826,Sham19Y0014249,681,617,982,142,48
229,1254,1457,Shia001615Vols,2135,140,355,153,84
229,846,1086,Shia001383,240,1351,1550,143,74
229,1086,1445,Shia001383,241,0,378,275,88
229,399,562,Shia002389Vols,1704,651,845,118,73
229,399,1231,Shia002389Vols,2379,131,1007,394,42
229,399,589,Shia002389Vols,2778,145,366,129,70
229,833,1445,Shia002389Vols,2937,634,1280,471,88
229,833,1445,Shia001174Vols,3322,334,981,465,86
229,399,567,Shia001217Vols,60,581,786,129,77
229,833,1247,Shia001299,84,647,1069,276,77
229,820,1236,Shia003700,96,648,947,196,56
229,399,567,PV2024060601,791,8,214,128,77
229,833,1445,PV2024060601,792,5,655,469,87
230,158,274,Shia001544Vols,551,1431,1556,87,85
230,0,153,Shia001544Vols,552,98,257,119,92
230,243,885,Shia001544Vols,835,567,811,179,34
230,406,627,Shia001272,33,1091,1351,158,75
230,422,627,Shia001237Vols,43,590,819,150,82
230,632,1073,Shia001237Vols,44,418,862,344,95
230,1228,1471,Masaha000001Vols,775,288,564,181,77
230,248,590,Masaha000001Vols,780,988,1400,247,71
230,1081,1256,Masaha000001Vols,781,425,608,122,84
230,1228,1471,Masaha000001Vols,802,876,1152,181,77
230,248,1256,Masaha000001Vols,808,205,1226,418,38
230,1228,1471,Shia003749,443,202,477,179,77
230,1228,1471,Shia001432Vols,4516,792,1090,192,79
230,406,627,Shia001432Vols,22311,505,759,158,77
230,406,632,Shia001432Vols,22698,118,351,172,94
230,248,411,Shia001432Vols,22700,1290,1438,107,80
230,1081,1233,Shia001432Vols,22701,1292,1444,112,94
230,0,165,Shia001432Vols,22701,810,977,129,95
230,634,810,Shia001432Vols,22707,1349,1520,133,96
230,810,1073,Shia001432Vols,22708,0,268,213,97
230,1228,1471,Shia001432Vols,22926,314,587,181,78
230,1228,1471,Shia001122Vols,785,664,941,181,77
230,248,1256,Shia001122Vols,791,295,1323,416,38
230,406,632,Shia001615Vols,2132,829,1054,166,93
230,170,1073,Shia001615Vols,2134,640,1208,382,51
230,1240,1471,Shia001174Vols,3301,106,335,172,88
230,406,627,Shia001174Vols,3321,62,287,174,98
230,1081,1223,Shia001174Vols,3321,1253,1395,111,99
230,632,1073,Shia001266,22,869,1297,330,92
230,243,619,Shia000151,139,694,1049,178,46
230,1081,1223,Shia001217Vols,59,1029,1171,111,99
230,248,401,Shia001217Vols,60,317,449,101,83
230,248,627,Shia001217Vols,61,5,354,195,51
230,512,627,Shia000233,172,4,116,87,95
230,283,406,Shia000233,177,898,1019,93,95
230,1078,1223,Shia000233,177,1025,1155,101,88
230,422,627,Shia000002,176,1246,1488,148,77
230,1228,1471,PV2024060601,785,664,941,181,77
230,248,1256,PV2024060601,791,295,1323,416,38
231,540,997,Hindawi059507481,128,879,1322,237,51
231,0,461,Masaha000001Vols,775,576,1042,351,92
231,0,261,Masaha000001Vols,802,1164,1420,198,92
231,109,461,Masaha000001Vols,803,0,209,161,57
231,465,972,JK000001,2187,881,1563,329,55
231,972,1548,JK000001,2188,0,670,353,58
231,0,456,Shia003749,443,477,924,336,90
231,0,366,Shia001432Vols,4516,1102,1491,281,90
231,366,461,Shia001432Vols,4517,0,95,74,100
231,482,1263,Shia001432Vols,22697,755,1562,424,52
231,5,461,Shia001432Vols,22926,510,1061,348,79
231,787,1548,ShamAY0035035,7189,7,1135,475,49
231,0,451,Shia001122Vols,785,953,1413,347,93
231,540,867,Sham19Y0014249,681,1224,1550,213,69
231,943,1263,Shia001615Vols,2132,443,718,163,54
231,0,461,Shia001174Vols,3301,347,818,355,93
231,63,382,Shia001174Vols,3302,581,920,143,40
231,465,759,JK001197,268,1195,1572,145,39
231,759,1307,JK001197,269,0,435,289,61
231,0,451,PV2024060601,785,953,1413,347,93
232,964,1077,JK006478,5845,962,1075,89,100
232,964,1077,JK000122,323,195,308,89,100
232,964,1071,ShamIbadiyya0000135,265,196,303,84,100
232,964,1077,JK007070,128,526,639,89,100
232,915,1105,JK000001,2164,1273,1491,125,74
232,1415,1567,JK000001,2166,1115,1272,120,88
232,964,1101,Shamela0010551,321,274,399,93,87
232,964,1077,Shamela0010551,368,1107,1220,89,100
232,1415,1567,Shia001432Vols,22890,1032,1191,120,88
232,964,1105,Shia001615Vols,2980,1255,1403,103,89
232,964,1077,Shamela0023788,231,16,129,89,100
232,964,1101,Shamela0037475,146,159,284,92,86
232,915,1105,JK001197,261,307,521,120,71
232,960,1077,JK001110,66,510,627,90,97
233,17,601,Kraken220208041040,727,394,884,329,66
233,0,280,JK000001,2166,1272,1577,219,89
233,280,1110,JK000001,2167,0,1319,569,52
233,0,365,Shia001432Vols,22890,1191,1596,269,82
233,665,1293,Shia001432Vols,22891,531,1489,361,43
233,365,656,Shia001432Vols,22891,0,309,212,83
233,0,656,ShamAY0035035,7158,214,1051,380,51
233,789,1034,ShamAY0035035,7159,62,610,185,42
233,641,903,Shia001615Vols,2981,90,342,163,68
233,0,1110,JK001197,262,388,1501,582,51
234,0,937,JK000001,2168,703,1505,359,42
234,0,1017,Shia001432Vols,22892,578,1297,375,41
234,0,739,ShamAY0035035,7160,875,1533,254,34
235,1113,1307,Sham19Y0014592,2568,639,863,141,75
235,1088,1299,Sham19Y0014592,2812,217,419,139,77
235,772,905,JK011730,794,0,183,69,50
235,1117,1299,Tafsir04040,757,58,251,134,80
235,1117,1299,ShamAY0002038,187,576,779,146,88
235,1117,1299,JK000001,111,657,861,147,89
235,154,481,JK000001,2145,899,1289,199,60
235,897,1299,JK000001,2174,499,866,264,81
235,154,481,Shia001432Vols,22885,143,530,200,60
235,897,1259,ShamAY0035035,7167,1190,1546,221,69
235,230,364,AOCP20251104145Vols,474,9,145,89,76
235,1117,1299,AOCP20251104125,125,1189,1397,139,81
235,897,1127,Kraken220413202218,710,327,507,93,50
235,1117,1307,Sham19Y0038171,175,22,233,148,86
235,1129,1299,Kraken2107192213391,334,828,1014,134,87
235,1127,1299,Kraken2107192213391,375,82,265,135,91
235,1134,1324,AOCP20251104134,125,0,229,121,59
236,47,253,Tafsir04040,755,447,656,165,96
236,47,253,Tafsir04040,1724,401,605,165,98
236,47,236,Zaydiyya0000352,118,750,927,134,84
236,47,253,Zaydiyya0000352,131,21,259,149,71
236,47,204,Shia001402,29,1434,1597,121,87
236,47,253,Masaha000001Vols,34,418,623,166,99
236,831,1393,JK000001,2146,752,1333,242,36
236,47,228,Shia001432Vols,234,1150,1338,145,94
236,47,242,Shia001432Vols,305,771,977,154,90
236,841,1021,ShamAY0035035,7120,1114,1364,139,70
236,47,253,Masaha001108Vols,452,215,460,164,81
236,47,236,Zaydiyya0000229,109,763,940,134,84
236,47,253,Shia000211,8,1403,1598,155,92
236,47,253,Shia002755,10,404,604,162,96
236,36,269,Shia001391,36,642,880,163,81
236,47,253,Shia001122Vols,34,1198,1402,166,98
236,52,236,Zaydiyya0000015,2365,186,364,133,83
236,47,332,Shia001383,108,228,539,161,52
236,47,253,Shia000070Vols,4,826,1075,161,77
236,47,253,Shia001174Vols,516,321,526,166,99
236,97,228,Shia001174Vols,517,1073,1381,106,42
236,49,253,Shia001265,89,44,284,147,71
236,828,978,Kraken220413202218,697,820,974,108,85
236,47,253,Rafed0001826,162,616,816,159,95
236,47,242,Shia001137,42,343,550,154,90
236,84,332,Shia004021,42,1044,1295,148,69
236,47,253,PV2024060601,34,1198,1402,166,98
238,243,640,JK000001,2190,14,433,249,66
238,732,1482,JK000001,2191,30,1301,539,52
238,0,644,ShamAY0035035,7192,109,1119,402,47
238,732,1096,ShamAY0035035,7193,864,1237,255,79
238,863,1482,Kraken220413202218,721,446,1411,370,45
239,1255,1514,JK000001,2170,361,595,145,70
239,24,325,JK000001,2192,900,1324,224,64
239,422,753,JK000001,2195,0,398,238,76
239,24,325,ShamAY0035035,7196,123,679,226,50
239,329,556,ShamAY0035035,7200,1003,1239,172,90
239,422,738,ShamAY0035035,7201,28,381,186,57
239,562,734,JK001197,269,1244,1454,131,79
239,329,516,Kraken2107192213391,279,614,820,139,83
240,217,387,JK000001,2152,806,1273,112,31
240,213,387,JK001197,258,1017,1236,94,52
240,472,661,JK001197,271,190,491,142,58
240,254,405,Kraken2107192213391,321,39,342,92,39
241,265,519,Shamela0010262,227,15,394,172,55
241,380,519,JK000001,2153,180,341,110,86
241,938,1444,JK000001,2171,657,1198,246,46
241,380,519,ShamAY0035035,7130,551,712,110,86
241,386,512,AOCP20251104145Vols,473,442,583,98,88
242,985,1516,JK000001,2172,673,1266,252,48
242,165,708,JK000001,2201,204,634,179,32
242,985,1301,ShamAY0035035,7165,1092,1456,151,46
242,165,708,ShamAY0035035,7213,734,1265,171,25
243,226,400,JK000001,2200,1033,1211,112,71
243,1471,1595,JK000001,2202,5,512,97,24
244,1241,1459,Shia001149Vols,166,921,1139,130,69
244,1241,1459,Shia001544Vols,1983,951,1184,159,83
244,1241,1459,Shia001544Vols,2166,379,620,163,85
244,1241,1482,Shia000121Vols,741,651,889,141,68
244,1241,1459,Masaha000001Vols,632,1181,1422,163,84
244,8,534,JK000001,2202,558,1122,309,61
244,1099,1232,Sham19Y0036110,387,779,930,94,78
244,1241,1459,Shia001417,30,160,369,153,87
244,1241,1459,Shia001417,51,792,962,110,64
244,1241,1459,Shia001432Vols,23529,147,389,163,85
244,8,456,ShamAY0035035,7215,215,831,251,46
244,1241,1464,Shia001340,236,1081,1312,129,66
244,1241,1459,Shia001122Vols,639,797,1041,163,84
244,1241,1459,Shia002389Vols,903,1102,1344,163,85
244,1241,1459,Shia001174Vols,2861,1253,1492,162,84
244,1241,1459,Shia001217Vols,1739,1080,1298,144,79
244,1268,1459,Shia002382Vols,687,12,206,139,85
244,1104,1232,JK000002,12,415,560,100,87
244,1241,1459,PV2024060601,639,797,1041,163,84
244,1241,1459,PV2024060601,3895,148,366,130,69
245,0,136,Masaha000001Vols,633,1317,1472,111,87
245,0,136,Shia001432Vols,3498,1035,1176,111,96
245,0,136,Shia001432Vols,16017,450,590,110,96
245,0,136,Shia001432Vols,23531,1142,1282,111,97
245,0,136,Shia001122Vols,640,1010,1165,111,87
245,0,136,Shia002389Vols,1204,916,1055,109,95
245,0,136,Shia001174Vols,2865,235,391,111,87
245,8,136,Shia002382Vols,874,0,132,105,96
245,0,136,PV2024060601,640,1010,1165,111,87
246,1184,1365,Zaydiyya0000013,121,1257,1435,130,87
246,546,864,Shamela0021766,2475,1008,1346,146,43
246,808,1210,JK005021,413,323,804,127,29
246,190,693,Shamela0010283,685,582,907,166,36
246,874,1023,JK007070,121,815,982,111,83
246,881,1365,JK000001,2123,287,1259,302,35
246,808,1072,ShamAY0035035,7059,53,936,198,28
246,575,1007,Kraken220413202218,686,704,1434,154,22
246,1025,1370,Sham19Y0038171,1928,907,1289,161,39
246,816,1072,Sham19Y0038171,1928,0,570,190,40
246,190,727,JK001197,254,345,819,164,29
246,1182,1365,Shamela0003722,2179,250,388,106,70
246,1184,1365,JK000002,32,54,234,135,91
247,803,1052,Shamela0008473,3726,1067,1289,141,70
247,1119,1299,Zaydiyya0000256,82,518,937,136,39
247,174,375,JK005021,414,463,837,122,40
247,25,252,JK007070,118,554,777,168,91
247,865,1108,JK007070,121,0,223,162,85
247,1198,1386,Masaha000001Vols,778,1044,1341,146,61
247,1198,1386,Masaha000001Vols,806,238,535,146,61
247,798,1063,JK000001,2123,19,292,202,88
247,798,1063,ShamAY0035035,7059,190,515,202,77
247,25,263,ShamAY0035035,7068,328,878,176,39
247,1198,1386,Shia001122Vols,789,202,502,146,61
247,1198,1386,Shia001615Vols,2981,660,868,147,88
247,1198,1386,Shia001174Vols,3313,380,810,146,42
247,1072,1386,Shia001217Vols,4417,224,751,174,41
247,161,330,Kraken220413202218,687,945,1203,114,56
247,25,263,Sham19Y0038171,1932,238,798,171,37
247,504,655,Kraken2107192213391,306,0,145,109,89
247,803,1058,JK000002,31,415,655,186,91
247,25,330,JK000002,35,219,889,211,39
247,1198,1386,PV2024060601,789,202,502,146,61
248,153,386,Zaydiyya0000256,81,0,229,178,96
248,135,362,Masaha000001Vols,779,1231,1459,177,96
248,135,382,Masaha000001Vols,807,400,649,193,96
248,559,1062,JK000001,2140,387,1070,229,32
248,135,382,Shia001432Vols,22908,404,655,195,98
248,135,382,Shia001122Vols,790,414,664,193,97
248,135,407,Shia001615Vols,2981,879,1154,206,94
248,135,382,Shia001174Vols,3316,837,1087,193,97
248,187,382,Shia001174Vols,3317,106,557,89,23
248,135,407,Shia001217Vols,4417,988,1287,204,86
248,140,397,Shia000233,169,923,1171,185,90
248,140,432,Shia003961Vols,406,376,552,117,49
248,135,382,PV2024060601,790,414,664,193,97
250,1390,1599,JK000001,2181,4,252,128,61
250,1358,1571,ShamAY0035035,7177,953,1198,132,63
250,1358,1599,JK001197,265,1130,1399,143,61
251,467,1028,JK000001,2178,460,1126,306,50
251,1366,1574,JK000001,2182,74,560,122,29
251,387,876,Sham19Y0036110,285,990,1446,258,58
251,387,1028,ShamAY0035035,7174,386,1100,294,45
251,535,1018,Kraken220413202218,713,0,424,201,45
251,1366,1574,JK001197,266,603,1053,106,28
252,223,561,JK000001,2182,740,1223,215,55
252,1017,1246,JK000001,2183,172,563,112,32
252,783,974,Shia001432Vols,23528,757,901,111,73
252,399,561,ShamAY0035035,7179,1043,1211,101,65
252,783,974,Shia001122Vols,639,552,699,111,72
252,783,974,Shia001383,171,1099,1256,113,72
252,796,974,Shia001174Vols,204,849,983,107,75
252,783,974,Shia001217Vols,3322,163,416,138,66
252,131,1246,Kraken220413202218,716,168,1505,416,31
252,1017,1246,JK001197,267,235,614,114,33
252,783,974,PV2024060601,639,552,699,111,72
253,987,1163,Rafed0003537Vols,163,1217,1393,122,74
253,1283,1465,JK011730,810,1150,1347,131,82
253,934,1163,Shia000806Vols,232,924,1153,165,82
253,1219,1410,JK000001,2156,1339,1518,118,78
253,612,719,JK000001,2169,350,457,85,100
253,340,617,JK000001,2184,52,527,169,43
253,934,1163,Shia001432Vols,16272,345,574,165,82
253,1219,1491,Shia001432Vols,22893,616,903,178,76
253,113,340,Shia001432Vols,23531,46,269,181,98
253,1219,1465,ShamAY0035035,7135,625,1179,153,35
253,113,340,Shia001122Vols,640,189,409,179,96
253,934,1163,Shia001122Vols,3599,891,1120,165,82
253,949,1163,Shia001615Vols,1997,147,361,154,81
253,113,340,Shia001615Vols,2410,1247,1470,181,98
253,934,1163,Shia001615Vols,3622,1323,1552,165,82
253,113,340,Shia001174Vols,2864,133,355,177,95
253,934,1163,Shia001174Vols,4931,478,792,172,65
253,129,340,Shia001217Vols,1176,170,373,159,90
253,934,1163,Shia001217Vols,6572,429,648,155,77
253,1223,1473,Kraken220413202218,703,742,1107,121,43
253,0,850,Shia000233,168,982,1454,268,36
253,453,612,Kraken2107192213391,338,147,541,116,36
253,934,1163,Shia003636Vols,2105,387,619,164,80
253,113,340,PV2024060601,640,189,409,179,96
253,934,1163,PV2024060601,3599,891,1120,165,82
254,582,758,Shia001349Vols,1130,634,811,136,94
254,958,1489,MMS00020,55,607,1097,383,90
254,974,1489,Kraken22021606121202,100,190,448,152,35
254,570,758,Masaha000001Vols,633,115,296,146,94
254,958,1486,JK009313,2822,308,848,358,76
254,0,155,JK000001,2157,247,542,108,44
254,958,1304,JK000001,2161,1198,1540,263,92
254,1304,1486,JK000001,2162,0,181,142,98
254,570,758,Shia001432Vols,15305,766,949,147,96
254,570,758,Shia001432Vols,15334,859,1051,146,93
254,0,343,Shia001432Vols,22893,929,1525,233,47
254,958,1489,Shia001432Vols,22895,941,1471,416,97
254,570,758,Shia001432Vols,23529,989,1179,152,98
254,1034,1489,ShamAY0035035,7144,0,631,304,59
254,570,758,Shia001122Vols,639,1175,1358,146,95
254,570,758,Shia001174Vols,2862,335,522,151,99
254,570,758,Shia001217Vols,4359,323,508,148,96
254,1004,1383,JK001197,260,607,809,160,52
254,248,547,JK000002,13,977,1413,161,47
254,570,758,PV2024060601,639,1175,1358,146,95
255,895,1277,JK005021,417,216,715,98,20
255,1336,1530,Shamela0006739,1394,533,739,128,68
255,325,506,Masaha001072,182,1212,1398,143,96
255,933,1329,JK007070,132,754,1057,127,38
255,1329,1530,JK007070,136,47,315,154,72
255,207,510,Masaha000001Vols,634,54,385,232,87
255,1046,1199,JK000001,2130,1131,1289,110,84
255,1269,1530,JK000001,2131,173,656,160,36
255,70,211,Shia001432Vols,22896,3,139,103,95
255,308,506,Shia001432Vols,23534,0,198,159,100
255,325,506,Shia001432Vols,24703,624,811,142,95
255,1305,1524,ShamAY0035035,7088,501,1015,154,36
255,207,375,Shia001122Vols,640,1271,1466,128,79
255,375,510,Shia001122Vols,641,0,135,104,97
255,207,420,Shia001383,171,1259,1453,130,74
255,207,506,Shia002389Vols,2075,1093,1412,231,90
255,325,506,Shia001174Vols,204,996,1175,143,98
255,277,518,Shia001174Vols,2866,452,705,192,94
255,207,388,Shia001217Vols,4356,1271,1424,96,62
255,388,506,Shia001217Vols,4357,0,118,93,100
255,1046,1184,Kraken220413202218,691,1237,1387,98,78
255,1046,1189,Sham19Y0038171,1943,271,429,103,79
255,1305,1524,Sham19Y0038171,1944,33,698,147,27
255,1336,1530,JK005022,33,58,264,128,68
255,325,440,Shia003704,545,1375,1490,91,100
255,1058,1184,JK000002,14,813,944,94,88
255,207,375,PV2024060601,640,1271,1466,128,79
255,375,510,PV2024060601,641,0,135,104,97
256,1074,1480,Shia001349Vols,393,7,354,233,67
256,96,292,Shia000743Vols,229,471,650,107,71
256,96,292,Shia000723Vols,253,68,247,107,71
256,96,292,Shia000801Vols,268,688,867,107,71
256,96,242,Shia001272,29,541,659,89,77
256,96,218,Shia002945Vols,769,458,581,92,95
256,255,479,Shia001625,84,51,277,158,79
256,96,242,Shia001237Vols,2828,1354,1467,85,74
256,1101,1530,Shia001237Vols,4201,0,463,322,84
256,96,479,Shia001421Vols,122,583,1302,252,40
256,1083,1480,Shia001421Vols,374,0,352,232,68
256,96,242,Shia001153,26,355,473,86,75
256,96,479,Masaha000001Vols,632,262,865,271,54
256,96,214,Shia000806Vols,569,1140,1259,92,98
256,520,711,JK000001,2131,0,201,153,92
256,96,479,Shia001432Vols,5295,461,951,251,59
256,1005,1530,Shia001432Vols,13692,419,993,413,88
256,96,292,Shia001432Vols,20595,1042,1193,102,67
256,1005,1530,Shia001432Vols,23518,86,652,411,89
256,96,214,Shia001432Vols,23526,733,852,92,98
256,255,479,Shia001432Vols,23527,685,898,166,91
256,96,242,Shia001432Vols,24264,1401,1519,86,75
256,474,701,ShamAY0035035,7088,224,437,174,92
256,1005,1530,Shia002334,206,846,1437,404,83
256,96,292,Shia001131Vols,375,171,360,99,53
256,96,214,Shia001122Vols,638,1347,1466,92,98
256,214,479,Shia001122Vols,639,95,478,180,56
256,96,242,Shia001615Vols,1993,1175,1293,85,74
256,1001,1303,Shia001615Vols,3619,390,703,185,62
256,96,214,Shia001174Vols,2859,952,1071,92,98
256,255,479,Shia001174Vols,2860,640,866,152,76
256,255,479,Tafsir04056,2364,362,581,147,72
256,255,479,Shia001217Vols,4356,957,1176,153,77
256,96,214,Shia001217Vols,6809,763,882,92,98
256,1005,1530,Rafed0001121,561,576,1159,405,85
256,479,701,JK000002,19,386,603,163,89
256,96,214,PV2024060601,638,1347,1466,92,98
256,214,479,PV2024060601,639,95,478,180,56
257,52,269,Shia001349Vols,393,338,544,154,88
257,304,1177,Shia001237Vols,2825,272,1546,677,64
257,0,323,Shia001237Vols,4201,530,872,247,91
257,52,323,Shia001421Vols,374,336,573,171,78
257,0,323,Shia001432Vols,13692,1061,1401,250,93
257,0,323,Shia001432Vols,23518,719,1058,251,93
257,304,1159,Shia001432Vols,23521,156,1021,664,91
257,1164,1361,Shia002334,206,659,841,145,90
257,42,323,Shia002334,207,0,295,218,93
257,1155,1361,Shia001615Vols,543,320,513,147,84
257,9,323,Shia001615Vols,3619,718,1019,224,89
257,304,1143,Shia001615Vols,3620,198,891,538,75
257,898,1143,Shia002389Vols,2086,548,790,179,83
257,304,1128,Shia001266,20,482,1625,608,61
257,0,304,Rafed0001121,561,1212,1508,231,95
257,898,1137,Shia002382Vols,1334,616,842,168,80
257,293,731,Masaha000554Vols,4384,508,728,173,48
258,169,578,Sham19Y0036110,388,1089,1435,202,57
258,1275,1437,Shia001174Vols,3358,0,188,119,80
258,1345,1546,Shia001217Vols,4443,869,1204,117,44
258,57,578,JK001197,268,78,297,147,34
259,60,294,Masaha005108Vols,354,364,710,155,53
259,60,294,Shia002932VolsBK1,134,318,664,155,53
259,1152,1480,Masaha000001Vols,818,638,1277,191,35
259,60,463,Masaha000001Vols,819,427,1064,254,50
259,1319,1480,Shia001432Vols,9627,1123,1303,127,88
259,60,289,Shia001432Vols,22913,608,837,173,92
259,1272,1480,Shia001432Vols,23660,1132,1342,144,86
259,1272,1480,Shia001122Vols,802,352,574,151,86
259,1319,1480,Shia001122Vols,3471,1097,1277,127,88
259,1285,1480,Shia001615Vols,241,890,1129,145,76
259,60,289,Shia002389Vols,2772,98,322,168,89
259,1272,1480,Shia001174Vols,3357,16,237,151,86
259,60,334,Shia001174Vols,3362,1113,1361,177,77
259,1319,1480,Shia001174Vols,4454,1369,1549,127,88
259,1272,1480,Shia001217Vols,4441,106,323,151,87
259,60,294,Shia002992Vols,3700,593,942,160,56
259,1272,1480,PV2024060601,802,352,574,151,86
259,1319,1480,PV2024060601,3471,1097,1277,127,88
260,0,146,Masaha000001Vols,818,1277,1419,111,89
260,0,141,Shia001432Vols,9627,1303,1448,110,88
260,0,146,Shia001432Vols,23660,1342,1485,112,91
260,155,303,Shia001122Vols,802,70,290,105,58
260,0,141,Shia001122Vols,3471,1277,1422,110,88
260,0,141,Shia001174Vols,3357,237,375,111,93
260,0,227,Shia001217Vols,4441,323,782,169,43
260,155,303,PV2024060601,802,70,290,105,58
260,0,141,PV2024060601,3471,1277,1422,110,88
261,52,218,Shia001544Vols,532,1299,1459,128,96
261,301,518,Zaydiyya0000256,130,240,670,110,32
261,554,706,Zaydiyya0000256,132,624,792,114,85
261,52,218,Rafed0003537Vols,138,541,707,133,100
261,301,556,Masaha000001Vols,776,486,1336,183,27
261,52,218,Masaha000001Vols,777,307,477,133,97
261,343,706,Masaha000001Vols,804,19,754,257,43
261,52,218,Shia000182VolsBK2,3543,851,1023,132,95
261,437,556,Shia001432Vols,7346,739,879,88,80
261,539,706,Shia001432Vols,19732,338,496,113,80
261,539,706,Shia001432Vols,19763,887,1048,117,85
261,539,706,Shia001432Vols,22962,227,384,117,87
261,52,218,Shia001432Vols,22963,820,986,133,100
261,52,218,Rafed0000230Vols,138,445,611,133,100
261,52,218,Rafed0000230Vols,329,796,963,132,98
261,301,706,Shia004028,150,528,1163,274,55
261,68,218,Rafed0003257Vols,1773,1471,1621,120,100
261,301,432,Shia001122Vols,786,1100,1335,97,53
261,52,218,Shia001122Vols,787,749,919,133,97
261,33,218,Rafed0003799Vols,178,1046,1229,133,86
261,52,218,Shia001615Vols,2247,894,1060,133,100
261,301,432,Shia004012,183,848,1037,68,46
261,539,706,Shia002389Vols,54,1238,1395,117,87
261,539,706,Shia002389Vols,1659,895,1052,117,87
261,52,218,Shia002389Vols,2746,876,1042,132,99
261,86,556,Shia001174Vols,302,24,772,225,34
261,52,218,Shia001174Vols,3307,272,442,133,97
261,539,706,Tafsir04056,2884,979,1134,113,82
261,301,437,Shia001217Vols,4414,780,1236,98,27
261,437,712,Shia001217Vols,4415,450,835,199,64
261,63,437,Shia001217Vols,4416,0,497,199,48
261,68,240,Masaha000554Vols,3983,5,182,132,92
261,44,212,Masaha000554Vols,5686,387,564,123,85
261,301,432,PV2024060601,786,1100,1335,97,53
261,52,218,PV2024060601,787,749,919,133,97
262,728,911,Shia001149Vols,301,225,403,108,64
262,745,872,Shia001333,19,122,255,101,94
262,1081,1307,Shia001171,427,1069,1285,153,84
262,335,954,Masaha000001Vols,651,0,417,173,28
262,1086,1293,Masaha000001Vols,651,996,1201,155,96
262,423,954,Masaha000001Vols,652,102,357,83,16
262,537,644,Masaha000001Vols,653,1009,1116,80,99
262,1008,1358,Masaha000001Vols,654,218,452,113,41
262,1086,1293,Shia001432Vols,21775,462,668,149,90
262,537,794,Shia001432Vols,21791,1039,1459,134,36
262,1086,1293,Shia001432Vols,23438,1099,1302,150,91
262,281,416,Shia001432Vols,23442,358,493,109,100
262,715,872,Shia001432Vols,23443,15,166,108,86
262,656,1293,Shia001432Vols,23445,614,1034,213,36
262,537,644,Shia001432Vols,23450,1164,1271,80,99
262,1008,1358,Shia001432Vols,23452,564,1030,115,24
262,281,867,Shia001122Vols,657,1050,1381,196,36
262,656,1293,Shia001122Vols,658,523,909,213,37
262,537,644,Shia001122Vols,660,816,923,80,99
262,1008,1358,Shia001122Vols,661,62,297,113,41
262,1081,1293,Shia001615Vols,2488,1056,1247,137,81
262,959,1086,Shia001615Vols,3418,114,296,89,63
262,537,644,Shia001383,66,1417,1524,80,99
262,1086,1298,Shia001383,236,756,968,156,93
262,1086,1358,Shia002389Vols,592,678,985,193,79
262,281,416,Shia001174Vols,2928,1123,1258,109,100
262,715,867,Shia001174Vols,2929,441,587,107,88
262,656,1293,Shia001174Vols,2931,758,1148,211,37
262,1008,1358,Shia001174Vols,2938,163,623,114,27
262,715,847,Shia001217Vols,3296,696,842,91,75
262,423,1293,Shia001217Vols,4362,729,1369,244,28
262,281,1358,Shia001217Vols,4363,456,1130,310,30
262,537,644,Shia001217Vols,4365,826,933,80,99
262,1086,1298,Shia001217Vols,4369,903,1110,151,90
262,1064,1298,Rafed0001826,219,72,299,160,87
262,1086,1293,Shia001137,65,11,217,153,91
262,281,867,PV2024060601,657,1050,1381,196,36
262,656,1293,PV2024060601,658,523,909,213,37
262,537,644,PV2024060601,660,816,923,80,99
262,1008,1358,PV2024060601,661,62,297,113,41
262,728,911,PV2024060601,4029,967,1145,108,64
263,434,795,Shia001544Vols,853,991,1352,247,79
263,434,715,Zaydiyya0000256,253,341,612,176,71
263,274,419,Shia003488Vols,732,983,1133,112,92
263,569,800,Shia002945Vols,761,450,682,188,98
263,274,425,JK005004,600,1123,1276,111,88
263,282,419,JK001091,30,1332,1463,107,95
263,573,800,Masaha000001Vols,676,1020,1246,184,98
263,434,800,Masaha000001Vols,677,20,704,280,48
263,573,800,Shia001432Vols,23275,1177,1404,185,99
263,434,703,Shia001432Vols,23403,399,840,105,22
263,292,419,JK005005,565,164,305,103,88
263,573,800,Shia001122Vols,684,466,693,184,99
263,586,800,Shia001122Vols,685,0,215,172,98
263,504,800,Shia002389Vols,2751,1122,1477,232,77
263,573,800,Shia001174Vols,3008,1202,1429,185,99
263,504,852,Shia001174Vols,3010,536,1045,243,55
263,573,800,Shia001217Vols,3375,680,907,183,98
263,434,800,Shia001217Vols,3383,914,1350,249,66
263,573,795,Masaha000554Vols,5698,948,1168,179,98
263,573,800,PV2024060601,684,466,693,184,99
263,586,800,PV2024060601,685,0,215,172,98
265,1366,1515,Shia000298Vols,3325,623,788,87,65
265,1317,1515,Shia000163VolsBK2,3563,377,551,133,84
265,1366,1515,Shia000736Vols,529,392,500,72,61
265,848,1292,JK000001,1635,1076,1500,144,28
265,1317,1515,Shia000317Vols,12956,742,916,133,84
265,178,348,Shia001432Vols,22332,1368,1577,111,60
265,1409,1515,Shia004039,186,429,543,84,92
265,178,357,Shia001122Vols,601,585,801,118,66
265,1309,1515,Shia001615Vols,418,1091,1449,128,44
265,178,348,Shia001174Vols,2756,152,368,115,66
265,1414,1515,Shia001174Vols,4660,1240,1348,76,88
265,178,348,Shia001217Vols,4342,827,1030,109,62
265,530,855,Sham19Y0123665,1759,195,814,184,34
265,178,357,PV2024060601,601,585,801,118,66
266,1289,1462,JK009251,8,1318,1504,115,72
266,0,519,Shia000163VolsBK2,3563,551,1015,115,19
266,186,315,Shia001237Vols,4131,217,347,105,97
266,530,1241,JK000001,1630,656,1446,486,69
266,1292,1619,JK000001,1631,306,1060,211,34
266,530,1178,ShamAY0035035,6026,524,1633,441,45
266,1285,1624,ShamAY0035035,6028,220,872,231,43
266,268,519,Shia004039,186,382,655,80,22
266,24,173,Shia001122Vols,2737,938,1091,117,93
266,885,1074,JK000298,3743,0,199,141,76
266,1343,1467,Zaydiyya0000543,1264,1021,1148,95,94
266,24,173,Shia001217Vols,6559,280,432,114,89
266,1334,1569,Sham19Y0038171,1545,738,1344,177,36
266,178,315,Shia000233,527,1045,1181,110,99
266,1334,1624,Sham19Y0123665,1758,1061,1514,218,60
266,24,173,PV2024060601,2737,938,1091,117,93
267,412,813,MMS00020,56,189,588,279,85
267,822,1013,Zaydiyya0000121,16,819,1063,126,57
267,25,204,Sham19Y0014592,248,513,687,140,96
267,439,627,JK000159,2083,1339,1522,133,83
267,627,805,JK000159,2084,0,158,117,84
267,211,448,Shamela0006739,1385,728,1111,137,44
267,423,813,Sham19Y0023618,1664,969,1315,228,66
267,412,690,Shamela0023645,63,1154,1443,186,72
267,423,813,Masaha001946Vols,1143,576,917,217,63
267,423,693,ShamAY0035000,296,1193,1468,175,70
267,755,1008,ShamAY0035000,297,7,543,126,27
267,822,1013,Shia001142Vols,35,495,690,124,68
267,423,813,JK000333,212,365,707,217,62
267,822,1013,ShamAY0037152,873,1246,1415,129,81
267,540,813,Masaha003032,52,35,250,164,75
267,839,1013,Shia000806Vols,63,661,914,122,57
267,464,813,JK009313,2823,0,336,243,85
267,464,818,AOCP2023090638Vols,227,608,890,192,64
267,18,284,JK000001,1632,203,481,173,70
267,382,589,JK000001,1634,1254,1488,160,85
267,589,1008,JK000001,1635,0,676,265,47
267,412,813,JK000001,2162,775,1179,302,92
267,412,813,Shia001432Vols,22896,491,895,302,92
267,18,284,ShamAY0035035,6029,212,925,185,31
267,382,813,ShamAY0035035,6036,851,1311,333,90
267,423,650,Zaydiyya0000035,6,1303,1539,143,65
267,423,813,ShamIbadiyya0000050,5668,556,846,177,51
267,423,813,Sham19Y0014328,420,102,450,228,65
267,822,1019,Shia001615Vols,417,1050,1279,125,60
267,822,1008,Zaydiyya0000052,147,1117,1361,135,65
267,18,209,Sham19Y0038171,1546,996,1218,144,79
267,382,1008,Sham19Y0038171,1551,522,1414,418,57
267,211,448,JK005022,24,197,580,137,44
267,382,657,Hindawi094061468,336,303,574,205,90
267,428,813,JK009247,220,820,1133,222,68
268,790,995,Shamela0098087,130,223,426,142,79
268,518,1146,JK000001,1669,838,1603,410,60
268,757,1146,ShamAY0035035,6116,534,985,271,69
268,518,1096,Kraken220413202218,499,815,1393,325,61
269,1175,1283,JK000021,1064,961,1078,77,80
269,1175,1283,ShamAY0034809,190,1322,1439,77,80
269,1187,1283,Sham19Y0014592,1289,436,532,74,100
269,1187,1283,JK000940,220,1353,1449,74,100
269,677,944,JK000001,1667,667,1083,118,33
269,1187,1283,JK000001,1668,399,495,74,100
269,1187,1283,JK000916,24134,634,730,74,100
269,1187,1283,JK000003,107,812,908,74,100
269,1187,1283,ShamAY0035035,6111,1153,1249,74,100
269,1187,1283,Shamela0008061,14,335,431,74,100
269,1179,1279,Kraken220413202218,498,1335,1438,75,92
270,561,681,JK000001,1671,10,206,94,60
270,1198,1442,JK000001,1671,686,1025,142,49
270,902,1104,Shia001432Vols,32522,478,652,117,66
270,319,504,JK001239,213,449,602,106,69
271,1322,1555,JK000001,765,79,301,143,66
271,1322,1551,ShamAY0035035,3695,505,1077,139,30
272,596,818,JK005021,167,87,690,160,33
273,0,441,JK000001,1660,912,1559,278,51
273,688,1035,JK000001,1661,31,396,239,78
273,0,441,ShamAY0035035,6096,720,1473,277,44
273,693,1035,ShamAY0035035,6097,0,482,221,53
275,1378,1538,Shia000298Vols,2959,1410,1521,83,63
275,1107,1324,Shia000298Vols,2960,409,858,120,34
275,1056,1319,Shia000736Vols,270,823,1080,146,64
275,1187,1319,Shia000075Vols,2472,1381,1522,106,92
275,1208,1319,Shia000182VolsBK2,1908,12,123,90,100
275,1201,1319,Shia000317Vols,7913,950,1068,95,100
275,1056,1319,Shia000317Vols,10317,84,274,131,61
275,1201,1319,Zaydiyya0000302,1774,857,974,95,99
275,1376,1538,PV2024060601,4374,240,794,86,17
275,1201,1319,PV2024060601,7900,1011,1128,95,99
276,252,1059,Shia001149Vols,648,625,1367,415,57
276,24,193,Shia001544Vols,1208,1208,1392,134,91
276,24,193,Shia000298Vols,2960,1120,1301,133,92
276,252,508,Shia001421Vols,170,17,310,188,79
276,252,508,Shia001421Vols,369,563,856,186,79
276,762,1005,Shia000234Vols,6844,1173,1454,192,84
276,1215,1381,Shia000075Vols,2472,936,1099,109,72
276,762,1005,Shia000075Vols,2473,1214,1483,191,88
276,24,193,Shia000182VolsBK2,1908,202,427,128,72
276,762,919,Shia003749,371,1288,1450,100,76
276,919,1083,Shia003749,372,0,180,123,82
276,762,1064,Shia001417,64,618,897,212,86
276,15,193,Shia000317Vols,10317,311,505,134,85
276,794,1059,Shia000126Vols,381,580,872,178,70
276,252,508,Shia000126Vols,382,42,326,173,69
276,762,1071,Shia001432Vols,4310,936,1269,214,78
276,252,463,Shia001432Vols,16016,1189,1444,156,76
276,252,1059,Shia004028,89,87,651,391,58
276,794,1059,Masaha001108Vols,269,769,1039,177,75
276,320,508,Masaha001108Vols,270,0,169,121,74
276,878,1083,Rafed0000110,133,12,216,150,89
276,746,1059,Shia001122Vols,2073,24,379,249,87
276,252,508,Shia001122Vols,2074,232,540,197,80
276,1215,1338,Shia001122Vols,2076,7,143,100,90
276,762,985,Shia001615Vols,897,157,371,149,81
276,252,508,Shia001615Vols,3588,159,446,194,82
276,252,907,Shia000107Vols,3103,970,1490,272,43
276,907,1083,Shia000107Vols,3104,0,198,120,75
276,762,1049,Shia000070Vols,425,1269,1579,214,84
276,746,1059,Shia002389Vols,1836,993,1352,247,85
276,746,1059,Shia002389Vols,2345,181,539,246,85
276,762,1059,Shia002389Vols,2808,629,958,219,80
276,1215,1338,Shia001217Vols,4660,678,814,100,90
276,24,193,Shia001217Vols,4665,232,424,133,87
276,746,1071,Shia001217Vols,4667,367,721,242,80
276,252,508,Shia001217Vols,4668,5,317,188,72
276,15,193,Shia000233,193,1214,1385,126,84
276,746,1059,Shia002382Vols,1202,578,914,234,82
276,762,1059,Zaydiyya0000302,1776,14,317,236,95
276,762,1083,Shia000376Vols,716,854,1175,184,57
276,767,1059,Shia003961Vols,1524,603,917,206,80
276,746,1059,PV2024060601,2073,24,379,249,87
276,252,508,PV2024060601,2074,232,540,197,80
276,1215,1338,PV2024060601,2076,7,143,100,90
276,389,1059,PV2024060601,4377,11,600,329,55
276,762,1059,PV2024060601,7902,159,462,236,95
277,858,1118,JK000001,1904,1295,1571,191,79
277,1240,1720,JK000001,1910,33,538,301,64
277,858,1315,Shia001432Vols,22748,1073,1548,325,80
277,1402,1720,Shia001432Vols,22750,0,337,214,69
277,858,1294,JK001197,223,368,817,316,83
277,1113,1720,JK001197,224,8,726,378,58
278,1252,1601,JK000001,1865,1362,1712,247,76
278,394,633,JK000001,1914,588,820,148,78
278,394,572,Shia001432Vols,22751,639,822,134,90
279,1140,1446,Shamela0010273,743,472,722,107,42
279,1353,1446,Shamela0010273,2171,143,235,69,98
279,545,711,Sham19Y0018272,1887,0,154,118,90
279,1082,1418,Shamela0012884,5310,379,591,110,41
279,1037,1360,JK000829,188,275,933,143,25
279,1166,1470,Shamela0006739,1390,469,769,126,47
279,1353,1470,JK010561,11,366,509,83,76
279,122,1274,Shamela0010283,1117,152,993,374,32
279,538,738,Shamela0010283,1118,388,645,148,73
279,1312,1470,Shia001171,496,86,294,88,57
279,0,436,JK000001,1866,153,1142,302,36
279,1307,1470,JK000001,1869,641,799,90,60
279,1082,1418,AOCP20251104124,5,634,845,111,40
279,1353,1470,Kraken21040812,291,1023,1140,83,93
279,545,720,Shamela0012738,171,1189,1364,129,94
279,1353,1470,Shamela0001585,8,895,1011,86,96
279,1364,1470,Shamela0001585,165,0,105,77,96
279,1166,1470,Hindawi081316951,340,985,1330,165,57
279,1353,1470,Shia001383,205,415,558,83,76
279,1112,1418,Kraken220413202218,589,916,1187,107,35
279,1360,1470,Zaydiyya0000259,178,0,136,77,75
279,1281,1470,JK005022,29,107,262,97,64
279,114,460,JK001197,222,79,606,220,50
279,1084,1395,Shia002264,534,379,909,105,22
279,543,725,Shamela0010488,181,549,694,97,65
280,284,478,Shamela0001438,4306,206,400,146,91
280,485,619,JK000110,1057,274,403,105,94
280,284,478,JK000022,2280,1219,1414,149,94
280,313,478,JK000022,2912,0,167,124,88
280,284,478,Shamela0012884,159,452,583,104,67
280,485,619,Sham19Y0016584,2910,78,202,102,92
280,284,478,JK000021,2951,962,1103,106,66
280,284,675,JK005021,383,207,554,79,16
280,277,478,JK009226,784,324,602,151,67
280,892,1260,EScr20120309,182,28,392,271,88
280,272,478,Sham19Y0014592,808,689,908,151,84
280,277,478,Sham19Y0014592,1967,804,1032,148,78
280,96,277,Sham19Y0014592,2571,607,785,123,78
280,485,619,Shamela0005756,10678,1185,1309,102,92
280,284,478,Shamela0008216,21,1024,1225,149,91
280,485,619,Shamela0008216,56,1087,1217,102,88
280,98,277,Shamela0021494,324,971,1144,126,82
280,485,619,Sham19Y0018176,1506,135,263,105,95
280,0,336,Shamela0006739,1390,769,1035,89,29
280,284,478,Zaydiyya0000004,652,1094,1228,102,64
280,485,711,JK009324,3529,333,782,175,48
280,284,478,JK009390,2613,262,468,146,86
280,98,277,JK000046,28,673,860,133,85
280,189,478,Shamela0010283,1119,6,703,217,38
280,272,478,ShamAY0034059,681,41,252,152,86
280,272,467,ShamAY0034059,978,1284,1483,143,85
280,284,399,Zaydiyya0000352,315,1108,1306,89,57
280,799,1260,Kraken22021817402400,66,266,726,353,92
280,485,619,Sham19Y0013252,6244,659,783,102,92
280,308,478,Shia001153,34,1128,1293,98,67
280,485,711,Shamela0005772,183,771,1138,168,57
280,272,478,JK000001,1872,604,814,152,86
280,485,711,JK000001,1873,1025,1421,182,56
280,792,1260,JK000001,1923,552,1040,337,79
280,485,619,JK009336,556,1029,1158,100,86
280,485,619,Sham19Y0122406,4203,169,303,105,91
280,308,478,Shia001432Vols,24273,1059,1223,99,67
280,272,478,ShamAY0035035,6587,1209,1417,155,89
280,284,478,ShamAY0035035,6588,448,749,121,50
280,485,716,ShamAY0035035,6589,756,1089,176,62
280,792,1265,ShamAY0035035,6697,735,1223,357,88
280,284,399,Zaydiyya0000328,152,351,549,90,58
280,442,619,Shamela0095735,194,832,983,115,79
280,485,619,JK007065,251,552,686,105,91
280,284,478,Sham19Y0127677,2364,931,1135,146,86
280,284,478,ShamAY0038174,21,803,1004,149,91
280,485,619,ShamAY0038174,56,280,410,102,88
280,284,462,Zaydiyya0000229,301,164,839,116,21
280,485,619,Sham19Y0017616,533,234,368,105,91
280,485,619,Sham19Y0018103,2586,317,441,102,92
280,277,478,Zaydiyya0000015,2154,392,665,150,68
280,330,478,Shia001615Vols,881,787,935,90,74
280,485,619,PV2024060602,1057,274,403,105,94
280,485,619,PV2024060602,3684,745,879,105,91
280,485,624,Shamela0021715,6169,468,600,106,90
280,485,619,AOCP20240501183,237,649,784,104,90
280,492,711,JK000503,24,854,1427,134,26
280,792,1302,Kraken220413030905,38,831,1334,334,75
280,91,277,Kraken220413030905,210,710,896,123,77
280,485,619,Shamela0001727,1652,617,751,105,91
280,485,619,Sham19Y0020638,1361,1289,1423,105,91
280,91,282,Sham19Y0038171,1791,1168,1414,140,67
280,272,478,Sham19Y0038171,1793,700,910,156,91
280,344,716,Sham19Y0038171,1794,110,627,180,41
280,792,1265,Sham19Y0038171,1814,459,948,360,89
280,485,646,JK009141,942,752,920,109,71
280,284,478,Zaydiyya0000259,48,1480,1614,102,64
280,284,478,Zaydiyya0000098,355,1229,1363,102,64
280,284,478,JK008001,865,225,428,148,90
280,0,336,JK005022,29,262,528,89,29
281,1084,1197,Zaydiyya0000013,278,1498,1649,85,71
281,1084,1271,Masaha004580,94,310,771,124,31
281,1084,1197,Shamela0005355,24,440,588,86,69
281,1147,1288,Shia001107Vols,105,614,780,111,83
281,788,951,Shamela0008216,4,37,186,106,77
281,0,547,Shamela0008216,36,204,787,278,44
281,0,185,Shamela0008216,60,348,543,137,83
281,358,547,Shamela0008216,125,1241,1409,112,69
281,1077,1276,Shia002185Vols,1237,15,216,153,96
281,0,270,Shia002185Vols,3880,769,1235,185,46
281,788,951,JK000829,188,1095,1245,106,76
281,1084,1197,Sham19Y0036072,171,21,165,86,72
281,1169,1288,Shia001156,55,0,128,92,90
281,1091,1271,JK010561,18,1167,1348,140,97
281,628,783,JK011730,978,622,773,109,89
281,0,185,JK000046,29,1110,1317,111,57
281,0,196,Shamela0010283,1119,1036,1227,148,91
281,788,963,Shamela0010283,1121,1099,1265,115,77
281,1084,1197,Zaydiyya0000352,320,1233,1357,82,79
281,1065,1197,Masaha002064Vols,110,1153,1315,86,59
281,1147,1281,Shia001171,493,0,135,99,92
281,582,783,Kraken22021817402400,45,604,810,123,71
281,1077,1288,Shia001153,123,1050,1276,137,65
281,788,958,ShamAY0002038,316,73,231,122,88
281,1307,1484,Masaha000001Vols,644,1103,1283,143,98
281,1077,1288,Shia20200618,34,1211,1447,163,87
281,0,553,JK000001,1873,268,678,297,63
281,352,783,JK000001,1876,892,1167,184,52
281,788,958,JK000001,1879,790,945,120,86
281,1084,1197,Shamela0008505,74,809,960,90,74
281,198,347,JK000916,18802,625,1085,115,31
281,0,185,Shia001432Vols,4578,405,584,138,90
281,1307,1484,Shia001432Vols,22791,21,199,143,99
281,1084,1218,Shia001432Vols,22826,1438,1569,98,91
281,1072,1288,Shia001432Vols,22837,693,931,160,84
281,1159,1271,Shia001432Vols,24457,0,113,85,94
281,1077,1288,Shia001432Vols,24482,1087,1315,137,65
281,1077,1288,Shia001432Vols,24505,597,808,151,83
281,88,589,ShamAY0035035,6589,6,357,240,58
281,776,1276,ShamAY0035035,6600,756,1215,273,59
281,1101,1288,Shia001400,12,872,1064,143,92
281,1105,1271,Shia003707Vols,150,458,592,107,79
281,1072,1197,Masaha003390Vols,104,330,489,98,77
281,1072,1288,ShamAY0033599,67,579,795,148,80
281,843,1271,Shamela0001585,8,998,1195,106,29
281,1077,1288,Rafed0001617Vols,36,113,360,164,83
281,788,951,ShamAY0038174,4,25,174,106,77
281,0,191,ShamAY0038174,35,1283,1467,132,78
281,358,547,ShamAY0038174,36,184,362,142,94
281,0,185,ShamAY0038174,59,1073,1266,137,84
281,1091,1271,Hindawi092527518,22,386,567,143,99
281,1084,1281,Shamela0005446,305,459,657,147,92
281,1307,1484,Shia001122Vols,651,505,685,143,98
281,1307,1450,Rafed0003799Vols,169,148,292,111,95
281,1077,1288,Shia001615Vols,887,1099,1309,144,80
281,1307,1484,Shia001383,204,1073,1257,137,92
281,1084,1271,Shia001383,206,899,1085,140,94
281,1084,1197,ShamAY0036737,162,1203,1354,90,74
281,1307,1484,Shia001174Vols,2909,292,472,143,98
281,1307,1450,Shia001174Vols,2911,16,737,115,19
281,1077,1193,Shia002165,25,1621,1736,89,96
281,1084,1314,Shia003729Vols,101,793,982,133,73
281,818,963,LAL2013020401BK1,11,565,730,100,73
281,547,788,Shia001390,15,209,471,178,84
281,0,547,Shia001390,16,342,702,260,58
281,788,1154,Shia003697,251,966,1113,104,35
281,1077,1288,JK009325,33,119,326,151,90
281,1105,1271,Shia003702,82,1175,1310,107,80
281,1307,1484,PV2024060601,651,505,685,143,98
282,149,1248,Shamela0001438,5978,603,1658,801,85
282,1248,1558,Shamela0001438,5979,0,307,233,89
282,149,1164,JK007082,434,636,1616,748,85
282,1164,1558,JK007082,435,0,402,298,88
282,432,1384,Shia001107Vols,319,0,1070,530,48
282,169,1152,Shamela0008216,42,609,1665,788,88
282,1152,1558,Shamela0008216,43,0,420,319,92
282,1580,1720,Shamela0008216,111,396,537,111,92
282,149,1384,Shia002185Vols,2348,75,953,628,58
282,149,468,JK009390,5621,1247,1520,210,79
282,468,1558,JK009390,5622,0,1107,831,87
282,169,1568,Shamela0010283,1126,188,1604,1112,93
282,274,507,Shia001355,40,0,228,181,94
282,0,144,Masaha000001Vols,644,1283,1426,118,98
282,149,1010,Shia20200618,150,931,1634,510,67
282,169,525,JK000001,1887,1258,1645,285,88
282,525,1568,JK000001,1888,0,1047,847,97
282,1587,1720,JK000001,1889,767,902,112,98
282,149,739,JK000916,16615,1059,1574,404,84
282,748,1558,JK000916,16616,10,859,634,87
282,0,144,Shia001432Vols,22791,199,343,119,100
282,149,1384,Shia001432Vols,22796,702,1576,630,59
282,169,622,Shia001432Vols,22824,1152,1630,351,88
282,622,1568,Shia001432Vols,22825,0,926,722,91
282,169,939,Shia001432Vols,24365,960,1622,392,56
282,939,1240,Shia001432Vols,24366,0,313,212,78
282,507,674,Shia001432Vols,24452,1446,1607,129,95
282,674,1558,Shia001432Vols,24453,0,906,683,88
282,169,616,ShamAY0035035,6616,868,1579,341,58
282,616,1558,ShamAY0035035,6617,6,1201,741,73
282,539,1384,ShamAY0035035,6618,0,638,435,58
282,169,606,ShamAY0033599,58,1198,1601,236,58
282,611,1240,ShamAY0033599,59,0,540,344,61
282,149,1384,Rafed0001617Vols,157,467,1342,629,59
282,149,1233,Sham19Y0127677,4001,570,1613,785,84
282,1233,1558,Sham19Y0127677,4002,0,324,246,90
282,169,1558,ShamAY0038174,42,134,1597,1105,90
282,1580,1720,ShamAY0038174,110,726,867,111,92
282,515,1069,Hindawi092527518,22,689,1027,220,48
282,169,1209,Shamela0012031,116,592,1658,787,85
282,1209,1558,Shamela0012031,117,0,356,273,93
282,0,144,Shia001122Vols,651,685,829,118,99
282,507,838,Rafed0003799Vols,93,766,1058,225,79
282,0,144,Shia001383,204,1257,1401,110,87
282,0,144,Shia001174Vols,2909,472,616,119,100
282,896,1344,Zaydiyya0000543,774,741,1343,199,34
282,169,1233,Shia003729Vols,105,727,1688,715,77
282,169,507,LAL2013020401BK1,11,826,1163,270,97
282,515,1553,LAL2013020401BK1,20,244,1316,817,90
282,149,812,Shamela0011789,42,291,916,473,81
282,169,917,Shia003697,256,795,1644,593,82
282,917,1568,Shia003697,257,0,643,510,95
282,264,1558,JK008001,6342,0,1251,957,86
282,144,1558,Sham19Y0014283,19,150,1534,1048,86
282,0,144,PV2024060601,651,685,829,118,99
283,328,1191,Zaydiyya0000013,18,239,1195,532,60
283,328,1152,Shamela0001438,5780,432,1121,525,76
283,340,1147,JK007082,57,105,787,513,76
283,340,1152,Shamela0009384,4,598,1280,521,77
283,725,1159,JK000022,551,297,683,258,69
283,721,1179,Shamela0023789,574,717,1188,294,72
283,340,685,ShamAY0034809,510,979,1458,159,35
283,721,1191,Shamela0007292,177,33,461,306,77
283,721,1118,Sham19Y0000259,384,828,1238,262,73
283,333,1118,Shia004092Vols,13410,318,962,453,65
283,732,1137,Sham19Y0014592,2377,1270,1624,241,69
283,7,316,Shamela0008216,111,537,838,236,94
283,725,1152,Shia002185Vols,4111,507,1050,237,46
283,328,1007,Zaydiyya0000004,656,795,1537,422,60
283,995,1191,Zaydiyya0000004,657,0,221,123,62
283,340,936,Shamela0003118,4856,1065,1557,380,77
283,340,1152,JK009390,5143,131,817,519,76
283,328,1152,Masaha002064Vols,123,127,844,531,76
283,316,713,Shia001153,178,1085,1535,286,73
283,923,1152,Shia001139,9,1236,1477,148,68
283,1191,1376,Masaha000001Vols,639,842,1043,144,86
283,1376,1568,Masaha000001Vols,640,270,458,150,97
283,393,1174,Masaha000001Vols,641,0,780,636,99
283,1191,1573,Masaha000001Vols,810,957,1365,299,90
283,0,321,JK000001,1889,902,1217,256,98
283,923,1159,Shia001130,28,906,1124,144,73
283,725,1152,Shamela0009310,5,855,1264,254,64
283,340,713,JK000916,16608,1252,1537,224,73
283,713,1152,JK000916,16609,0,397,295,78
283,321,1100,Shia001432Vols,22059,79,724,466,69
283,1191,1573,Shia001432Vols,22740,217,628,300,91
283,321,1174,Shia001432Vols,22762,185,1031,684,98
283,1191,1573,Shia001432Vols,22776,84,484,294,91
283,316,703,Shia001432Vols,24553,1092,1532,279,73
283,11,263,ShamAY0035035,6620,290,765,181,46
283,340,1159,ShamAY0033598,211,292,982,521,76
283,721,1128,Masaha001108Vols,23,1179,1536,274,80
283,328,1152,Sham19Y0127677,3997,192,884,527,76
283,7,316,ShamAY0038174,110,867,1168,236,94
283,316,1152,Shamela0023790,482,758,1488,549,78
283,1191,1573,Shia001122Vols,646,746,1145,295,91
283,328,1174,Shia001122Vols,647,648,1494,685,98
283,1191,1449,Shia001122Vols,793,1130,1416,202,88
283,1449,1573,Shia001122Vols,794,0,124,99,98
283,387,713,Hindawi081316951,315,0,248,198,75
283,1191,1573,Shia001615Vols,2978,684,1075,276,86
283,415,1179,JK010344,615,12,803,556,81
283,1179,1439,Shia001383,203,1213,1545,185,69
283,1439,1573,Shia001383,204,0,136,107,98
283,1179,1372,Shia002389Vols,57,1254,1512,148,71
283,1376,1573,Shia002389Vols,58,3,204,152,93
283,1191,1573,Shia002389Vols,2237,746,1146,293,91
283,1191,1573,Shia002389Vols,3222,1008,1421,294,88
283,1191,1527,Shia001174Vols,2888,1324,1681,256,88
283,328,630,Shia001174Vols,2891,1249,1549,242,95
283,630,1191,Shia001174Vols,2892,0,586,452,94
283,469,612,Shia001174Vols,2893,711,965,119,56
283,626,807,Shia001174Vols,2894,0,412,137,41
283,1191,1573,Shia001174Vols,3328,300,717,299,90
283,1179,1405,Shia001217Vols,4424,336,574,119,52
283,465,612,Shia001217Vols,4427,1099,1249,122,98
283,1184,1386,Shia000233,129,1480,1636,117,73
283,725,1152,JK000042,26,802,1212,248,63
283,316,713,Shamela0026803,150,931,1253,243,75
283,340,562,Shamela0004445,3672,1345,1512,135,73
283,562,1152,Shamela0004445,3673,0,561,398,76
283,328,1152,JK008001,1114,552,1242,522,76
283,1191,1573,Masaha000554Vols,6753,1137,1514,300,98
283,316,1191,Shia003704,301,304,1229,633,80
283,340,1100,Shia000002,168,0,618,436,67
283,340,870,Shia003636Vols,1968,730,1439,373,61
283,1191,1573,PV2024060601,646,746,1145,295,91
283,328,1174,PV2024060601,647,648,1494,685,98
283,1191,1449,PV2024060601,793,1130,1416,202,88
283,1449,1573,PV2024060601,794,0,124,99,98
284,314,764,JK000022,979,582,916,226,61
284,314,764,Shia004092Vols,4826,1001,1333,226,61
284,322,465,Shia004092Vols,4827,955,1083,83,73
284,314,764,Shia004092Vols,4843,611,939,222,60
284,314,507,Shia004092Vols,7223,615,809,121,78
284,314,764,Shia004092Vols,10269,160,493,227,61
284,314,764,Shamela0008216,105,9,342,227,60
284,314,764,Rafed0002654Vols,4457,436,769,227,61
284,322,465,Rafed0002654Vols,4458,365,493,83,73
284,314,764,Rafed0002654Vols,4474,490,818,222,60
284,314,507,Rafed0002654Vols,6910,562,756,121,78
284,314,764,Rafed0002654Vols,10083,963,1296,227,61
284,500,797,Tafsir04040,1911,36,315,209,88
284,314,764,ShamAY0035000,102,887,1214,223,60
284,889,1053,Shia001237Vols,2901,33,181,110,84
284,5,284,Masaha000001Vols,640,467,746,224,99
284,314,827,Masaha000001Vols,641,956,1475,390,93
284,884,1265,Masaha000001Vols,643,1120,1510,295,93
284,1265,1440,Masaha000001Vols,644,0,176,139,98
284,0,109,Masaha000001Vols,810,1365,1473,85,98
284,109,284,Masaha000001Vols,811,0,175,143,100
284,322,465,Kraken220208041038,105,1272,1400,83,73
284,322,507,Shamela0009091,210,161,334,96,63
284,884,1355,Shia001417,29,1047,1511,357,94
284,289,608,Shia003727Vols,186,519,849,169,56
284,889,1045,Shia001432Vols,4212,1299,1448,112,91
284,1045,1440,Shia001432Vols,4213,0,319,228,69
284,0,289,Shia001432Vols,22740,628,919,227,97
284,314,827,Shia001432Vols,22755,598,1105,380,91
284,0,289,Shia001432Vols,22776,484,777,228,96
284,884,1386,Shia001432Vols,22788,966,1474,375,91
284,889,1151,Shia001432Vols,22814,1241,1485,187,89
284,1151,1440,Shia001432Vols,22815,0,214,143,59
284,314,764,Shia001432Vols,24586,619,952,224,60
284,314,764,Shia003707Vols,623,118,451,225,61
284,314,764,ShamAY0033599,225,17,399,223,53
284,314,764,ShamAY0038174,104,342,675,227,60
284,314,764,Shamela0012031,365,819,1150,225,60
284,314,764,Kraken220413030759,504,142,495,213,56
284,314,764,Sham19Y0023644,3816,609,942,227,61
284,0,284,Shia001122Vols,646,1145,1429,228,99
284,314,827,Shia001122Vols,648,151,674,393,94
284,884,1440,Shia001122Vols,650,459,1028,434,95
284,0,284,Shia001122Vols,794,124,408,228,99
284,0,308,Shia001615Vols,2978,1075,1411,238,87
284,0,308,Shia001383,204,136,468,237,88
284,314,764,ShamAY0034857,18,208,539,225,60
284,0,284,Shia002389Vols,2237,1146,1430,226,98
284,32,289,Shia002389Vols,3223,0,258,205,98
284,0,284,Shia001174Vols,2889,46,330,226,98
284,314,827,Shia001174Vols,2896,449,971,392,94
284,375,617,Shia001174Vols,2897,729,1509,175,27
284,617,792,Shia001174Vols,2898,224,499,139,62
284,884,1466,Shia001174Vols,2907,62,647,436,92
284,0,284,Shia001174Vols,3328,717,1001,228,99
284,13,284,Shia001217Vols,4424,534,805,217,99
284,68,261,Masaha000554Vols,6754,0,196,146,88
284,314,468,Shia003702,208,1404,1544,91,75
284,889,1427,Shia003700,104,1013,1459,319,72
284,375,545,Shia003636Vols,2007,979,1140,114,84
284,0,284,PV2024060601,646,1145,1429,228,99
284,314,827,PV2024060601,648,151,674,393,94
284,884,1440,PV2024060601,650,459,1028,434,95
284,0,284,PV2024060601,794,124,408,228,99
285,792,1528,Zaydiyya0000013,10,851,1544,526,88
285,0,327,JK007082,382,451,779,229,82
285,638,787,Shamela0012884,3986,359,514,102,79
285,638,787,JK000055,120,1344,1499,103,76
285,619,787,Sham19Y0017530,59,138,314,114,80
285,0,327,Sham19Y0014592,582,1064,1449,233,73
285,0,327,Sham19Y0014592,1690,701,1079,230,73
285,384,544,Shia001334,643,371,531,122,90
285,0,379,Shamela0008216,12,1070,1517,289,78
285,638,792,Shamela0008216,49,543,707,110,81
285,0,379,Shia002185Vols,3887,126,509,283,90
285,638,787,Sham19Y0020882,147,1146,1310,106,81
285,641,799,Tafsir09050,3213,704,869,111,84
285,0,379,Shamela0010283,1125,991,1300,244,78
285,644,802,Sham19Y0023608,3074,1257,1415,107,83
285,391,544,Masaha000001Vols,642,628,784,124,94
285,792,1523,Masaha000001Vols,643,288,1017,580,98
285,644,802,JK009362,6370,367,533,107,79
285,0,379,JK000001,1887,441,813,284,90
285,0,379,JK000916,24067,448,887,279,76
285,792,1202,Shia003749,361,1073,1482,320,97
285,0,371,Shia001417,50,783,1103,240,78
285,0,371,Shia001432Vols,3939,1026,1364,257,84
285,792,1523,Shia001432Vols,4272,14,747,581,99
285,391,549,Shia001432Vols,7451,182,344,124,93
285,792,1174,Shia001432Vols,22784,1117,1500,305,99
285,1174,1540,Shia001432Vols,22785,0,369,278,94
285,0,379,ShamAY0035035,6615,907,1464,266,58
285,0,379,ShamAY0038174,12,948,1395,285,77
285,638,781,ShamAY0038174,35,1023,1177,103,81
285,638,792,ShamAY0038174,48,1256,1424,110,80
285,6,342,Meshkat00057178,2488,346,689,211,71
285,0,327,Shamela0023790,423,885,1209,229,82
285,940,1547,Rafed0000110,120,80,685,470,96
285,758,940,Rafed0000110,121,5,169,125,86
285,641,799,Tafsir02096,1541,176,311,98,76
285,792,1169,Shia001122Vols,649,1066,1443,299,98
285,1169,1523,Shia001122Vols,650,0,355,281,99
285,792,1528,Shia001615Vols,3629,227,966,581,98
285,1145,1294,Shia002389Vols,2432,1113,1261,119,99
285,792,1547,Shia001174Vols,2904,507,1273,592,96
285,940,1145,Shia001174Vols,2905,615,1095,97,25
285,638,787,Shamela0008494,108,826,990,106,81
285,792,1523,Tafsir04056,6005,337,1070,580,99
285,0,379,JK000042,37,702,1149,277,74
285,641,799,ShamIbadiyya0000193,3143,684,849,111,84
285,0,371,Shia004021,158,607,944,256,84
285,0,379,JK000002,3,925,1373,295,79
285,792,1169,PV2024060601,649,1066,1443,299,98
285,1169,1523,PV2024060601,650,0,355,281,99
286,487,597,JK000022,2241,518,630,81,93
286,1085,1321,Shamela0022892,37,405,679,168,76
286,1081,1325,JK000021,2931,29,300,185,85
286,1081,1325,ShamAY0034809,506,319,591,184,84
286,1071,1325,Shamela0008216,2,738,1008,188,86
286,487,597,Shamela0008216,89,1043,1153,85,100
286,179,969,Shia002185Vols,3882,0,971,426,46
286,1085,1325,Shia002185Vols,3883,395,680,175,77
286,421,619,Shia002185Vols,3903,1109,1329,117,67
286,1071,1350,JK011730,977,4,304,190,76
286,850,1005,JK010001,3974,889,1040,91,70
286,98,1482,Shamela0010283,1121,6,821,441,36
286,850,994,JK000465,4365,716,850,90,77
286,478,602,Shamela0021493,269,195,321,94,96
286,850,1005,Tafsir07055,4086,865,1016,91,70
286,98,781,JK000001,1877,306,979,362,53
286,757,1482,JK000001,1878,18,420,220,35
286,1071,1344,JK000001,1879,484,782,191,80
286,421,549,JK000001,1881,1317,1458,85,77
286,98,781,ShamAY0035035,6596,637,1451,372,52
286,1071,1339,ShamAY0035035,6600,465,743,184,80
286,432,597,ShamAY0035035,6605,470,746,117,54
286,487,597,ShamAY0035792,9,1048,1159,84,98
286,1071,1325,ShamAY0038174,2,738,1008,188,86
286,487,597,ShamAY0038174,89,71,181,85,100
286,1071,1339,Shamela0021765,2621,956,1240,184,77
286,487,597,JK009325,66,128,239,81,94
286,607,757,AOCP202502141237,101,919,1070,114,94
287,458,737,Shamela0008216,83,828,1074,156,69
287,458,737,Shamela0003118,7918,696,936,151,67
287,155,308,Zaydiyya0000355,68,1460,1632,100,66
287,155,322,JK006919,909,1067,1234,97,68
287,458,737,JK000001,1881,888,1147,167,72
287,181,337,JK000001,1884,0,167,119,88
287,1231,1500,JK000001,1889,1296,1599,172,62
287,458,737,JK000916,26581,441,684,152,67
287,526,737,ShamAY0038174,83,0,172,103,62
287,476,737,AOCP202502141237,102,813,1103,149,59
288,999,1330,Shamela0001438,7244,1058,1360,244,89
288,999,1330,JK000021,2975,231,559,256,93
288,1012,1330,Shamela0021536,398,0,312,243,92
288,613,1330,Shamela0098087,153,786,1404,440,70
288,999,1330,ShamAY0034809,517,514,840,255,93
288,636,871,Shamela0008216,5,338,584,177,86
288,999,1330,Shamela0008216,14,810,1138,265,96
288,999,1330,Shamela0006879,70,323,638,249,91
288,995,1330,JK011730,980,394,759,242,76
288,999,1330,JK009390,7022,1077,1395,252,91
288,999,1330,JK000046,17,440,765,256,92
288,613,827,Sham19Y0017796,8,985,1219,137,71
288,636,823,JK007063,13,332,515,135,86
288,991,1330,ShamAY0002038,317,737,1083,272,95
288,613,871,Kraken220208041038,289,1123,1396,187,81
288,557,991,JK000001,1891,64,590,327,76
288,999,1330,JK000001,1891,1221,1554,268,97
288,613,871,Shia003749,451,107,356,174,78
288,613,871,Shia001432Vols,4578,690,937,175,79
288,557,871,ShamAY0035035,6626,1200,1575,229,72
288,991,1330,ShamAY0035035,6628,880,1256,249,77
288,999,1330,Sham19Y0127677,4987,693,1003,249,90
288,636,871,ShamAY0038174,5,291,535,177,86
288,999,1330,ShamAY0038174,14,677,1005,265,96
288,999,1330,JK009298,607,933,1252,255,91
288,636,871,JK000298,1886,1204,1420,155,77
288,636,1252,Hindawi081316951,83,930,1407,283,47
288,613,1330,Kraken220413202218,593,356,1437,504,55
288,616,875,JK000057,203,204,444,174,80
288,991,1330,JK000057,204,25,367,266,93
288,616,871,Shia001390,15,1104,1356,185,88
288,999,1330,JK008001,1117,851,1165,253,92
288,636,823,JK009245,979,1265,1450,139,88
288,1016,1330,JK009245,980,0,312,248,95
288,636,1252,JK009245,983,1067,1538,340,66
289,46,339,JK005021,384,750,1271,101,24
289,853,1311,Shia002185Vols,3767,405,790,210,51
289,0,204,Shia002185Vols,3906,71,444,151,51
289,0,141,JK000001,1892,978,1396,103,32
289,974,1311,JK000001,1895,5,283,151,50
289,858,1320,ShamAY0035035,6635,191,615,220,50
289,50,204,Kraken220413202218,595,138,399,80,39
289,42,141,Sham19Y0038171,1797,871,1310,76,22
289,525,703,Rafed0000685Vols,197,380,570,115,73
290,729,1226,JK000055,111,519,948,164,35
290,803,1032,Shamela0098087,155,209,473,150,66
290,633,1205,Shamela0008216,35,16,633,296,50
290,580,1032,JK000071,526,112,781,291,51
290,580,1032,Shia002185Vols,3837,873,1469,266,51
290,576,1032,JK000001,1898,77,779,301,50
290,70,362,JK000001,1899,0,296,194,74
290,729,1205,ShamAY0035035,6641,298,971,249,43
290,0,366,ShamAY0035035,6642,180,637,244,63
290,580,889,ShamAY0038174,34,943,1491,212,46
290,1256,1574,Shia001615Vols,2510,1041,1354,252,95
290,674,1205,Kraken220413202218,598,6,579,264,48
290,751,1205,Sham19Y0038171,1802,4,652,245,44
290,580,1032,JK000057,209,379,1066,285,49
291,635,1379,Shia002185Vols,3904,213,1150,442,52
291,513,1379,JK000001,1896,557,1562,509,53
291,668,1379,Hindawi092963020,764,0,563,364,58
291,513,1366,Hindawi081316951,84,271,985,393,49
291,0,248,Shia001615Vols,2510,1354,1599,196,97
291,248,496,Shia001615Vols,2511,0,245,201,96
291,513,1355,Kraken220413202218,596,909,1631,422,53
291,520,1366,JK000057,208,193,933,362,43
292,443,1094,Shia002185Vols,3905,437,1130,318,50
292,171,1094,JK000001,1897,381,1281,455,52
292,1107,1614,JK000001,1901,187,709,305,59
292,1107,1556,Shia001432Vols,22746,868,1290,243,55
292,282,760,ShamAY0035035,6639,1087,1583,217,48
292,760,1036,ShamAY0035035,6640,0,286,182,72
292,1157,1614,ShamAY0035035,6648,10,579,278,52
293,0,617,JK000001,1901,709,1579,396,50
293,617,1570,JK000001,1902,0,1262,726,69
293,53,577,Shia001432Vols,22746,1238,1664,297,66
293,582,1570,Shia001432Vols,22747,0,1065,785,90
293,53,681,ShamAY0035035,6649,943,1549,332,51
293,681,1447,ShamAY0035035,6650,0,1054,553,64
294,0,303,JK000001,1902,1262,1534,210,86
294,951,1144,JK000001,1903,1293,1513,135,67
294,303,960,JK000001,1903,0,957,472,59
294,1144,1543,JK000001,1904,0,374,215,60
294,476,1223,Shia001432Vols,22747,1083,1563,357,56
294,1223,1543,Shia001432Vols,22748,0,301,163,56
294,32,384,ShamAY0035035,6651,7,474,237,60
294,384,905,ShamAY0035035,6652,542,1480,375,48
294,951,1464,ShamAY0035035,6653,523,1539,305,34
295,17,326,JK000001,1904,845,1122,194,75
295,687,1618,JK000001,1921,786,1441,403,49
295,17,326,Shia001432Vols,22748,766,1042,192,75
295,17,326,ShamAY0035035,6654,676,951,190,74
295,730,1575,ShamAY0035035,6694,0,774,347,38
296,704,912,Zaydiyya0000013,43,845,1475,126,24
296,934,1186,Shamela0001438,4575,651,911,183,88
296,934,1186,Shamela0001438,7720,559,812,171,83
296,934,1186,Shamela0012884,1187,1108,1367,180,87
296,934,1186,JK000021,2971,890,1150,180,87
296,813,987,JK005021,388,207,664,94,25
296,157,262,Shamela0098087,157,193,297,81,99
296,934,1186,JK009265,343,356,617,190,90
296,934,1186,Shamela0008216,76,948,1226,194,88
296,1318,1501,Shamela0006739,1347,1135,1372,10,2
296,813,1023,Shamela0006739,1391,76,279,111,67
296,934,1198,Shamela0003118,5345,20,291,185,85
296,1014,1186,JK009390,3037,0,183,128,89
296,927,1186,JK009390,5749,667,935,182,85
296,1308,1444,ShamAY0034059,1693,899,1039,106,95
296,934,1186,JK007070,308,1141,1404,186,90
296,1318,1444,Kraken22021817402400,58,0,202,95,59
296,301,561,JK000001,1922,188,660,183,48
296,934,1164,JK000001,1924,1249,1482,177,96
296,157,282,JK000001,1926,205,322,87,89
296,1308,1501,JK000001,1994,5,199,154,99
296,934,1186,JK000916,18558,797,1074,190,87
296,934,1186,JK000916,18559,863,1106,146,69
296,934,1186,ShamAY0035035,6699,732,880,110,53
296,157,262,ShamAY0035035,6702,1152,1257,81,99
296,1301,1501,ShamAY0035035,6848,582,807,27,8
296,934,1193,Sham19Y0127677,2717,634,901,184,87
296,934,1186,ShamAY0038174,76,145,421,195,89
296,934,1186,JK001297,605,259,494,169,83
296,157,262,Kraken220413202218,605,47,151,81,99
296,934,1186,Sham19Y0038171,1816,200,463,195,94
296,934,1193,Shia004050,387,124,388,201,96
296,934,1186,Shamela0004445,7116,1000,1281,189,84
296,934,1193,JK008001,2238,641,908,184,86
296,813,1023,JK005022,29,1099,1302,111,67
296,157,262,JK001197,225,1298,1403,82,100
297,0,449,ShamAY0034059,1693,951,1400,336,93
297,452,714,ShamAY0034059,1694,31,267,175,83
297,1035,1251,Kraken22021817402400,57,283,506,165,91
297,0,900,Kraken22021817402400,58,115,1461,606,54
297,1035,1251,JK000001,1993,558,767,160,92
297,0,900,JK000001,1994,199,1327,660,71
297,1050,1251,ShamAY0035035,6847,0,189,148,93
297,0,618,ShamAY0035035,6848,655,1456,472,73
297,618,900,ShamAY0035035,6849,0,360,194,62
297,0,714,Sham19Y0038171,1873,24,848,546,84
297,0,279,AOCP202502141237,129,1197,1437,169,76
297,279,709,AOCP202502141237,130,0,339,161,41
298,0,102,Zaydiyya0000013,43,1180,1275,71,91
298,0,102,Shia001171,475,472,568,69,87
298,0,102,JK000001,1924,256,352,74,94
298,182,288,JK000001,1926,10,116,85,100
298,402,969,JK000001,1927,0,484,198,33
298,1210,1572,JK000001,1928,1013,1475,186,37
298,1210,1572,ShamAY0035035,6710,687,1209,178,38
298,0,102,Shia001383,234,1038,1133,70,90
298,0,102,Sham19Y0038171,1815,253,358,75,93
298,0,102,Shia000233,185,373,475,79,100
299,729,1577,JK000001,1931,749,1647,402,42
300,0,1350,JK000001,1932,54,1272,771,64
300,0,607,ShamAY0035035,6718,309,1045,362,57
300,153,713,Kraken220413202218,607,1104,1588,289,59
300,726,1350,Kraken220413202218,608,14,364,235,47
301,0,1012,JK000001,1930,316,1632,582,49
301,482,1023,Kraken220413202218,606,1045,1601,256,44
301,0,665,JK001197,226,876,1577,361,53
301,685,1327,JK001197,227,154,456,202,36
302,551,675,Shamela0001390,175,705,862,85,69
302,272,1441,JK000001,1984,30,1456,683,56
302,272,817,ShamAY0035035,6830,230,759,311,67
302,1117,1441,ShamAY0035035,6831,0,773,224,35
302,369,631,JK009289,96,160,708,122,27
302,272,817,Kraken220413202218,630,963,1410,210,38
303,1253,1537,JK005021,483,335,550,95,42
303,1052,1460,Shamela0098087,270,0,361,233,67
303,181,501,Shamela0010283,1108,503,875,212,71
303,942,1542,Shamela0010283,1112,122,1036,388,49
303,1195,1507,ShamAY0002038,314,111,441,194,71
303,194,501,JK000001,2679,0,355,197,67
303,942,1241,JK000001,2683,981,1459,155,38
303,1154,1537,JK000001,2684,0,828,263,40
303,1241,1455,ShamAY0035035,8202,1082,1341,161,78
303,1253,1460,JK009298,550,529,738,158,93
303,1246,1455,JK009268,4097,1017,1198,132,77
303,1246,1455,JK009268,4106,966,1148,133,78
303,942,1507,Kraken220413202218,972,311,1081,315,45
303,1266,1455,Sham19Y0038171,2157,0,222,148,84
304,626,775,AOCP20251104112,119,1233,1384,108,81
304,626,781,Shamela0010273,944,267,436,123,90
304,0,582,Shamela0001438,4306,149,708,267,46
304,978,1163,Shamela0001438,7497,237,559,118,45
304,304,582,JK000022,2281,0,241,163,64
304,17,582,JK000022,2912,125,481,225,44
304,0,582,Shamela0012884,159,398,895,259,43
304,289,582,Zaydiyya0000044,155,640,982,171,54
304,972,1163,JK000381,2047,1041,1359,129,47
304,626,781,JK000381,4733,15,167,111,81
304,304,582,Zaydiyya0000256,222,1157,1414,178,75
304,17,582,JK000021,2951,1067,1427,252,52
304,918,1331,JK005021,484,0,559,116,18
304,17,587,JK009226,784,566,921,230,46
304,17,582,Sham19Y0014592,808,873,1237,255,53
304,17,582,Sham19Y0014592,1967,990,1326,259,56
304,17,514,Shamela0008216,21,1189,1470,197,46
304,1199,1481,Shamela0006739,1402,556,1002,102,28
304,17,447,Zaydiyya0000004,652,1192,1491,146,38
304,0,582,JK009390,2613,205,777,268,46
304,978,1163,JK009390,7437,41,340,119,49
304,677,1528,Shamela0010283,1113,0,1138,432,39
304,17,587,Shamela0010283,1119,667,1011,258,55
304,626,775,Shamela0021821,583,956,1093,109,90
304,17,582,ShamAY0034059,681,210,565,258,54
304,289,587,ShamAY0034059,979,19,327,231,93
304,17,412,Zaydiyya0000352,315,1206,1476,136,39
304,287,587,Masaha002064Vols,132,1061,1385,166,56
304,276,582,Shia001237Vols,2816,342,655,189,67
304,17,456,Shia001153,34,1257,1528,149,38
304,318,582,Masaha000001Vols,605,983,1232,172,74
304,318,582,Shia000806Vols,290,0,249,172,74
304,17,582,JK000001,1872,778,1125,262,56
304,708,1256,JK000001,2686,31,878,378,51
304,1290,1405,JK000001,2687,261,374,91,97
304,287,582,JK000020,82,13,419,168,47
304,318,582,Shia001432Vols,5906,29,278,172,74
304,318,582,Shia001432Vols,22189,1071,1320,172,74
304,289,582,Shia001432Vols,22190,868,1173,156,55
304,138,587,Shia001432Vols,22204,617,1044,196,48
304,17,528,Shia001432Vols,24273,1187,1494,170,38
304,17,364,ShamAY0035035,6587,1381,1499,87,31
304,364,587,ShamAY0035035,6588,0,223,172,93
304,996,1256,ShamAY0035035,8209,0,461,193,51
304,17,587,Zaydiyya0000328,152,449,913,225,42
304,1292,1405,Shamela0012738,188,175,291,91,96
304,972,1163,Sham19Y0011326,71,935,1180,113,51
304,0,582,Sham19Y0127677,2364,874,1443,268,46
304,17,582,ShamAY0038174,21,968,1330,251,52
304,0,587,Zaydiyya0000229,301,81,724,207,29
304,626,824,JK009298,566,1228,1553,147,56
304,856,1319,JK009298,567,4,704,295,52
304,1292,1410,JK009298,576,593,720,87,81
304,318,582,Shia001122Vols,611,766,1015,172,74
304,0,582,Zaydiyya0000015,2154,405,977,262,46
304,318,582,Shia001615Vols,1157,233,509,174,69
304,399,582,Shia001615Vols,2706,0,188,108,58
304,289,456,Shia001615Vols,3267,199,343,96,67
304,304,505,Shia001383,12,1345,1518,115,66
304,276,582,Shia001383,211,589,903,193,67
304,318,582,Shia002389Vols,2227,29,278,172,74
304,318,582,Shia001174Vols,2791,309,558,172,74
304,276,582,Shamela0029976,48,291,602,186,66
304,289,582,Zaydiyya0000093,13,484,817,143,43
304,289,582,Zaydiyya0000037Vols,1949,996,1330,176,56
304,17,587,Sham19Y0038171,1793,874,1218,262,56
304,932,1256,Sham19Y0038171,2163,0,504,251,61
304,612,781,Shia000233,23,11,194,123,80
304,289,587,Zaydiyya0000259,49,53,393,153,44
304,978,1163,JK008001,153,641,960,116,45
304,17,582,JK008001,865,386,743,226,44
304,1199,1481,JK005022,41,52,498,102,28
304,318,582,PV2024060601,611,766,1015,172,74
305,129,422,Shamela0008473,4364,425,688,192,79
305,596,727,Shamela0001438,8420,1281,1419,100,91
305,594,727,JK000022,1580,653,787,98,89
305,596,718,Shamela0012579,1277,62,183,87,86
305,596,741,Shamela0012749,45,1165,1321,105,85
305,518,632,JK005021,487,39,437,84,26
305,129,405,Sham19Y0014592,66,94,366,188,83
305,594,727,Sham19Y0014592,929,1146,1284,99,88
305,599,727,JK001271,33,661,795,98,91
305,748,909,JK000159,2080,354,508,122,95
305,129,405,Shamela0008353,751,346,627,180,74
305,904,1441,JK011730,1001,93,625,335,73
305,129,405,JK000918,211,146,463,183,68
305,727,982,Shamela0023645,62,1122,1337,139,70
305,924,1430,JK001288,85,955,1490,359,81
305,596,727,Shamela0003118,1727,411,549,99,90
305,596,727,Shamela0010798,1745,821,959,99,90
305,0,405,ShamAY0034438,153,867,1350,291,73
305,596,718,JK005004,908,954,1081,91,91
305,596,727,JK009390,2185,376,514,99,90
305,924,1441,JK009390,3430,66,519,300,68
305,596,727,Shamela0021659,1360,107,245,98,89
305,0,375,Shamela0010283,1113,1138,1519,285,90
305,405,909,Shamela0010283,1115,936,1465,220,38
305,924,1445,Shamela0010283,1116,19,547,379,88
305,727,982,Shamela0010283,3851,112,335,135,68
305,0,175,ShamAY0034059,940,955,1139,135,91
305,0,167,ShamAY0034059,979,1284,1459,132,93
305,734,909,ShamAY0034059,4248,908,1075,131,94
305,0,237,ShamAY0034059,4249,532,775,146,70
305,129,405,Sham19Y0023608,3642,739,993,186,81
305,727,887,Masaha001946Vols,1142,472,622,109,84
305,594,732,ShamAY0035000,82,1148,1287,92,79
305,727,909,ShamAY0035000,296,703,874,127,86
305,596,727,JK009274,900,994,1132,99,90
305,924,1166,JK000883,1689,1189,1472,161,72
305,1185,1441,JK000883,1690,0,266,191,86
305,599,718,Zaydiyya0000059,971,230,356,90,90
305,589,727,Sham19Y0122096,3720,1134,1282,100,85
305,596,718,Shamela0011077BK1,119,1221,1345,91,90
305,1204,1353,Shamela0009918,470,992,1145,115,92
305,129,410,Shamela0009918,475,778,1046,187,79
305,1036,1445,Sham19Y0122255,417,5,399,268,76
305,924,1445,JK000637,3762,647,1198,338,72
305,748,1294,Masaha003032,48,908,1495,299,59
305,924,1441,JK009313,723,146,652,327,73
305,924,1435,JK009313,2819,499,1227,317,52
305,129,405,JK009313,2864,0,244,176,75
305,924,1435,JK009313,4533,279,621,236,55
305,727,909,Kraken220413202213,36,953,1120,123,85
305,727,909,Kraken220413202213,305,6,173,125,86
305,57,405,JK000001,2688,0,355,263,90
305,701,1441,JK000001,2692,333,1145,537,81
305,596,727,JK005007,720,165,300,99,92
305,924,1435,JK000916,1096,515,1040,349,80
305,596,727,JK000916,4671,734,872,99,90
305,0,410,ShamAY0035035,8213,322,739,309,89
305,782,1371,ShamAY0035035,8219,877,1479,356,70
305,734,909,ShamAY0035035,8219,291,458,130,94
305,596,727,Shia001340,386,1011,1140,95,88
305,594,727,Zaydiyya0000229,360,295,433,100,89
305,129,415,ShamIbadiyya0000050,5473,908,1183,181,76
305,594,718,Kraken220413030759,760,1170,1298,90,87
305,596,727,JK005005,793,354,490,99,91
305,748,1353,Shamela0095829,24,610,1053,183,32
305,748,1265,Shamela0002569,737,891,1472,264,50
305,1265,1441,Shamela0002569,738,6,160,124,87
305,596,727,Shamela0030731,4,1109,1244,99,92
305,972,1435,ShamAY0036039,63,125,444,158,41
305,584,732,Shia004012,124,526,678,103,86
305,596,727,Shamela0000736,2387,1136,1271,100,93
305,596,727,Shia001414,168,751,884,100,94
305,596,718,JK001297,401,172,297,90,91
305,748,909,Sham19Y0147597,316,82,238,122,95
305,518,732,ShamIbadiyya0000109,7362,739,1135,164,51
305,596,727,Shia002261Vols,417,83,221,100,91
305,727,914,Shamela0023653,702,287,463,129,87
305,0,162,Sham19Y0038171,2166,1326,1494,127,91
305,162,410,Sham19Y0038171,2167,0,251,189,93
305,391,516,Sham19Y0038171,2171,1168,1296,87,86
305,412,1441,Sham19Y0038171,2172,6,878,435,44
305,596,732,Sham19Y0038171,2173,776,911,107,98
305,129,405,JK006474,2618,276,530,186,81
305,924,1441,JK001303,742,872,1227,246,58
305,596,727,Sham19Y0017807,31,1047,1182,100,93
305,924,1445,JK000080,1129,824,1358,345,74
305,596,727,JK008001,6186,951,1089,100,91
305,129,422,Shamela0023628,3149,331,628,185,72
305,596,727,Shamela0026745,20,729,869,99,89
305,748,1445,Shamela0023685,520,469,1248,392,53
305,596,727,JK009325,8,1059,1194,100,93
305,594,718,Shamela0010488,196,1168,1291,92,92
305,748,909,JK009247,220,27,183,122,95
305,954,1435,Kraken220413194132,222,75,546,324,78
306,743,1046,JK000520,215,1077,1509,167,47
306,743,1153,JK009226,339,844,1386,210,46
306,6,182,Shia001237Vols,32,519,712,125,82
306,6,171,Shia001237Vols,581,982,1154,117,83
306,6,211,Shia001237Vols,2740,1253,1491,128,67
306,6,171,Shia001237Vols,3858,1155,1329,120,86
306,2,716,Masaha000001Vols,648,152,1379,550,55
306,737,865,Masaha000001Vols,903,1361,1487,103,98
306,865,1140,Masaha000001Vols,904,0,268,208,90
306,2,171,Shia001432Vols,21733,615,772,108,80
306,2,171,Shia001432Vols,22501,863,1032,127,93
306,171,716,Shia001432Vols,22504,774,1413,422,83
306,6,171,Shia001432Vols,26342,544,718,115,81
306,2,224,Shia001122Vols,654,1086,1349,152,73
306,171,716,Shia001122Vols,655,317,956,423,83
306,737,1140,Shia001122Vols,890,259,655,310,93
306,2,224,Shia001615Vols,3062,1302,1541,146,76
306,2,214,Shia001383,15,814,1000,117,70
306,2,200,Shia001383,161,493,696,116,67
306,171,610,Shia001383,216,963,1474,333,79
306,1237,1497,Shia004012,124,0,678,197,35
306,721,872,Shia002389Vols,2918,301,465,122,92
306,2,171,Shia001174Vols,2920,654,824,127,94
306,171,541,Shia001174Vols,2922,1209,1573,223,63
306,541,721,Shia001174Vols,2923,0,212,138,80
306,737,1140,Shia001174Vols,3632,356,751,310,94
306,2,171,Shia001217Vols,45,1251,1422,128,94
306,721,1046,Masaha001978Vols,149,910,1147,135,49
306,2,224,PV2024060601,654,1086,1349,152,73
306,171,716,PV2024060601,655,317,956,423,83
306,737,1140,PV2024060601,890,259,655,310,93
307,395,595,Shia001115Vols,72,139,335,127,70
307,872,1033,Shamela0021545,1,539,864,102,38
307,0,218,Shia001237Vols,2904,1053,1264,166,96
307,872,1202,Shia001237Vols,2905,4,343,255,93
307,1209,1418,Shia001237Vols,2906,242,457,162,94
307,0,218,Masaha000001Vols,638,210,433,172,96
307,856,1207,Masaha000001Vols,639,54,397,267,95
307,393,595,Masaha000001Vols,645,747,947,155,96
307,395,595,Shia001417,112,788,984,128,71
307,393,595,Shia001417,228,121,319,153,92
307,393,600,Shia001432Vols,21877,4,210,156,94
307,1209,1340,Shia001432Vols,22059,1435,1565,102,97
307,0,223,Shia001432Vols,22769,1097,1320,171,96
307,856,1111,Shia001432Vols,22772,1238,1487,192,94
307,0,218,Shia001122Vols,645,65,290,172,96
307,906,1207,Shia001122Vols,646,0,297,237,98
307,393,595,Shia001122Vols,652,204,405,155,96
307,0,223,Shia001615Vols,1198,1033,1255,175,99
307,856,1202,Shia001383,86,571,939,260,88
307,0,218,Shia001383,86,197,407,164,95
307,0,249,Shia001174Vols,128,1099,1342,173,88
307,0,218,Shia001174Vols,2881,807,1024,166,93
307,53,218,Shia001174Vols,2882,104,765,125,24
307,856,1037,Shia001174Vols,2885,1313,1489,135,92
307,1037,1207,Shia001174Vols,2886,0,168,133,98
307,393,595,Shia001174Vols,2914,275,476,155,96
307,1209,1418,Shia001266,38,999,1215,161,93
307,393,590,Shia001217Vols,4359,1213,1408,151,95
307,0,218,Shia001217Vols,4426,442,659,163,92
307,856,1207,Shia001217Vols,4427,442,787,267,95
307,745,1141,Rafed0000685Vols,194,366,1135,243,38
307,1209,1368,EShia0071807,469,1162,1321,125,99
307,0,218,PV2024060601,645,65,290,172,96
307,906,1207,PV2024060601,646,0,297,237,98
307,393,595,PV2024060601,652,204,405,155,96
308,979,1397,Shamela0012406,253,989,1402,286,82
308,979,1319,Shamela0008216,22,1095,1447,248,86
308,979,1389,Kraken220208041040,1627,589,891,180,53
308,979,1107,Shamela0003118,5419,1351,1471,94,91
308,1107,1397,Shamela0003118,5420,0,308,210,85
308,795,970,Shamela0010283,1115,1103,1263,122,87
308,0,200,Shia001237Vols,2906,457,656,163,99
308,963,1397,Shia001237Vols,2909,836,1287,321,86
308,1089,1397,JK007063,263,0,316,217,84
308,1048,1397,Kraken220208041038,288,0,363,243,81
308,970,1174,JK000001,1872,1282,1507,144,80
308,1174,1397,JK000001,1873,0,237,175,89
308,795,970,JK000001,2692,181,340,122,88
308,979,1400,JK000916,18794,571,997,309,88
308,970,1296,Shia003749,450,1220,1547,230,84
308,1012,1397,Shia001432Vols,4578,5,392,289,90
308,0,200,Shia001432Vols,22060,79,278,161,98
308,970,1397,ShamAY0035035,6588,904,1385,306,76
308,818,970,ShamAY0035035,8218,1206,1359,119,97
308,979,1397,ShamAY0038174,22,895,1331,309,87
308,979,1397,Sham19Y0023644,654,133,514,267,78
308,1005,1397,JK009236,388,152,481,214,62
308,963,1397,Hindawi081316951,341,696,1143,320,87
308,1107,1389,Shia001615Vols,2228,1081,1356,209,90
308,0,200,Shia001266,38,1215,1412,151,87
308,32,195,Shia000233,198,451,614,132,98
308,1048,1389,Shia001390,16,0,340,253,88
309,106,835,Shamela0010283,1114,295,1318,521,61
309,331,835,JK000001,2689,0,669,381,68
309,1216,1450,JK000001,2694,557,875,161,58
309,251,835,ShamAY0035035,8214,70,893,403,59
309,1240,1450,ShamAY0035035,8223,1140,1440,134,51
309,982,1208,ShamAY0035035,8227,942,1261,148,55
309,106,760,Kraken220413030759,169,380,1328,429,54
309,106,488,Sham19Y0038171,2167,886,1454,258,53
309,488,835,Sham19Y0038171,2168,0,454,252,68
310,1020,1597,Shamela0098087,270,876,1288,203,40
310,776,1342,Shamela0010283,1128,1006,1550,294,53
310,769,1486,JK000001,2696,239,983,376,53
310,0,488,JK000001,2704,473,923,232,47
310,769,1311,ShamAY0035035,8229,0,720,266,42
310,654,1156,Shia001174Vols,2876,892,1454,201,36
310,769,1597,Kraken220413202218,974,484,1324,356,44
311,442,843,Shamela0098087,271,6,283,156,47
311,0,281,JK000001,2696,1282,1516,170,73
311,281,812,JK000001,2697,0,562,391,83
311,1210,1488,Shia001432Vols,22055,1137,1463,143,49
311,0,477,ShamAY0035035,8230,1004,1526,319,69
311,477,812,ShamAY0035035,8231,0,367,222,74
311,1210,1488,Shia001217Vols,4428,1034,1360,141,48
311,287,774,Kraken220413202218,975,0,415,242,60
312,415,587,Rafed0002679Vols,65,228,379,104,69
312,435,587,Shia003716,15,1234,1387,117,95
312,435,587,Shia001107Vols,485,12,164,121,99
312,435,587,Shia002185Vols,4003,288,440,121,99
312,435,587,JK010561,255,1112,1263,115,95
312,419,587,Tafsir04042,2175,525,700,127,90
312,870,1105,Shia001237Vols,2906,223,440,158,83
312,435,587,Shia20200618,245,733,885,121,99
312,870,1043,Shia001432Vols,22059,1416,1565,111,80
312,435,587,Shia001432Vols,22064,520,673,119,97
312,419,587,Shia001432Vols,22769,611,797,130,87
312,435,570,Shia001432Vols,24504,1132,1265,97,91
312,435,587,Rafed0001617Vols,261,644,796,121,99
312,415,587,Rafed0003257Vols,5010,571,753,134,91
312,332,566,Shia001615Vols,1198,1281,1504,126,66
312,317,587,Shia001383,87,148,639,179,43
312,435,587,Shia002389Vols,2918,887,1038,115,95
312,870,1105,Shia001266,38,980,1198,156,82
312,435,593,Shia002380Vols,781,1299,1456,118,94
312,419,587,Zaydiyya0000295Vols,429,900,1123,131,72
312,912,1105,Shia000233,198,655,842,145,94
312,870,1071,EShia0071807,469,1143,1321,134,84
312,435,587,JK009325,31,338,499,114,88
313,0,373,JK000001,2703,1119,1510,199,57
313,392,604,JK000001,2704,0,392,113,34
314,371,1045,Shamela0010283,1140,32,265,100,19
314,268,1045,JK000001,2724,232,946,206,24
315,373,1397,Shamela0010283,1139,440,1334,679,82
315,311,1156,JK000001,2723,722,1495,588,85
315,1156,1397,JK000001,2724,0,238,184,95
315,318,996,ShamAY0035035,8291,672,1502,447,61
315,996,1397,ShamAY0035035,8292,0,432,292,83
316,1150,1253,JK000882,526,26,128,75,93
316,1150,1253,Sham19Y0014592,2606,696,799,81,100
316,305,994,Shamela0010283,1140,879,1533,412,66
316,994,1257,Shamela0010283,1141,0,233,145,68
316,305,1444,JK000001,2725,305,1578,637,52
316,378,1129,ShamAY0035035,8294,0,1292,475,45
316,1150,1253,Shia001400,32,1321,1419,77,95
316,1150,1253,JK001336,622,779,881,75,94
316,403,616,JK009298,555,1114,1347,160,81
316,406,621,JK009236,384,532,746,150,81
316,406,616,JK009241,583,770,980,148,81
316,1024,1253,JK009229,649,175,790,136,28
316,1150,1253,Shamela0009788,46,1182,1285,76,89
316,1150,1253,Shamela0010665,382,486,594,76,85
316,1150,1253,JK009245,511,852,950,77,95
316,1150,1257,JK009365,7,281,388,82,98
316,1024,1253,Shamela0001417,666,73,664,128,28
317,738,1403,Shamela0010283,1129,717,1552,491,69
317,1403,1596,Shamela0010283,1130,0,190,159,97
317,738,1596,JK000001,2698,318,1373,650,72
317,8,439,JK000001,2726,105,1065,285,35
317,912,1519,ShamAY0035035,8233,888,1542,453,83
317,40,530,ShamAY0035035,8295,764,1317,239,43
318,92,503,JK000001,2727,639,1005,133,35
318,148,503,AOCP20251104145Vols,802,642,957,120,39
319,669,1014,Shamela0098087,264,850,1389,143,30
320,310,508,Shamela0098087,263,209,445,106,57
320,310,477,JK000001,2628,680,866,94,67
320,1108,1240,JK000001,2629,185,328,92,81
320,310,452,ShamAY0035035,8089,1216,1416,83,56
320,1108,1240,ShamAY0035035,8091,822,976,87,72
320,310,477,Kraken220413202218,954,584,770,94,67
321,259,525,Shamela0036075,12,746,1057,157,59
321,156,367,JK000001,2630,0,215,142,76
321,442,984,JK000001,2630,794,1392,238,40
321,442,894,Hindawi081316951,76,761,1181,171,35
322,330,519,JK000001,2633,586,789,153,93
322,900,1026,Shia004012,125,861,987,102,100
322,330,534,Shia000233,183,944,1165,148,82
323,1292,1422,JK005021,477,65,191,96,90
323,1285,1543,Shamela0098087,264,1029,1273,183,88
323,1285,1481,Sham19Y0132973,409,1326,1527,136,79
323,7,210,Shamela0006739,1400,618,754,105,63
323,1297,1543,AOCP20251104102,171,0,227,175,88
323,1292,1565,ShamAY0034059,1543,177,465,202,86
323,1262,1565,ShamAY0034059,6154,25,332,205,79
323,567,969,Shia001237Vols,2556,319,760,324,88
323,1290,1565,Kraken220208041038,14,537,846,197,78
323,7,240,JK000001,2636,630,897,115,43
323,1290,1565,JK000001,2640,990,1262,212,94
323,418,567,Shia001432Vols,22492,1260,1418,103,76
323,215,432,Shia001432Vols,22492,528,735,107,50
323,434,1113,Shia001432Vols,22493,555,1578,519,61
323,1113,1255,Shia001432Vols,22494,0,390,111,34
323,1290,1536,ShamAY0035035,8112,1333,1565,179,89
323,418,567,Shia004012,125,484,652,110,84
323,567,1316,Shia004012,126,221,1341,562,60
323,1385,1543,Kraken220413030905,29,466,616,121,94
323,7,196,Sham19Y0038171,2130,1268,1500,96,41
323,1290,1565,Sham19Y0038171,2137,706,966,202,90
323,7,210,JK005022,39,112,248,105,63
323,1290,1565,Shamela0010488,170,94,394,213,87
324,60,514,Shamela0006739,1401,209,373,117,31
324,1404,1545,Tafsir04042,2012,115,249,103,89
324,1404,1545,Tafsir04042,2209,1151,1285,104,90
324,1184,1387,Masaha000001Vols,743,578,955,159,52
324,1392,1545,Masaha000001Vols,744,527,684,123,96
324,898,1285,Masaha000001Vols,745,522,1028,292,71
324,58,265,Kraken220208041038,14,260,479,154,85
324,53,265,JK000001,2641,275,493,166,93
324,898,1172,Shia001432Vols,1964,643,929,222,95
324,1377,1545,Shia001432Vols,22462,364,539,128,91
324,898,1177,Shia001432Vols,22472,804,1095,223,94
324,475,656,ShamAY0035035,8117,327,497,137,90
324,1184,1387,Shia001122Vols,753,545,925,155,51
324,1377,1545,Shia001122Vols,754,568,743,128,91
324,898,1285,Shia001122Vols,755,594,1101,292,71
324,1392,1545,Shia001615Vols,2593,339,485,113,89
324,1196,1545,Shia001615Vols,2697,814,1195,260,82
324,898,1172,Shia001615Vols,2698,656,942,222,95
324,898,1302,Shia001383,75,814,1199,249,72
324,1377,1545,Shia002389Vols,2639,1338,1512,128,91
324,1377,1545,Shia002389Vols,2973,1112,1287,128,90
324,1377,1545,Shia001174Vols,3204,223,398,128,91
324,898,1285,Shia001174Vols,3207,434,941,293,71
324,1404,1545,Shia002380Vols,796,238,380,113,99
324,53,270,Sham19Y0038171,2138,5,233,167,88
324,475,656,Sham19Y0038171,2141,944,1114,138,91
324,1367,1545,Shia002382Vols,1638,1334,1532,130,83
324,1392,1545,Shia002382Vols,1791,7,166,123,95
324,1367,1545,Shia002382Vols,2199,521,719,130,83
324,1392,1545,Shia002382Vols,2380,1071,1230,123,95
324,60,514,JK005022,39,1228,1392,117,31
324,0,265,Shamela0010488,170,394,726,203,75
324,1184,1387,PV2024060601,753,545,925,155,51
324,1377,1545,PV2024060601,754,568,743,128,91
324,898,1285,PV2024060601,755,594,1101,292,71
325,11,1052,Shia001544Vols,1213,503,1339,440,40
325,11,252,Masaha000001Vols,742,1236,1472,183,90
325,628,1035,Masaha000001Vols,744,0,409,329,97
325,1152,1521,Masaha000001Vols,746,0,439,282,78
325,537,1035,Shia001417,242,169,664,399,96
325,537,1035,Shia001432Vols,1964,43,542,406,99
325,11,150,Shia001432Vols,22456,1368,1502,106,90
325,373,542,Shia001432Vols,22458,422,922,128,31
325,537,1040,Shia001432Vols,22461,313,811,396,95
325,1040,1285,Shia001432Vols,22473,1093,1345,192,95
325,1285,1532,Shia001432Vols,22474,223,471,187,92
325,11,252,Shia001432Vols,22490,1109,1348,185,92
325,1035,1280,Shia001391,62,860,1133,145,63
325,135,256,Shia001391,62,0,122,90,93
325,11,252,Shia001122Vols,752,1151,1391,183,91
325,574,1035,Shia001122Vols,754,0,466,376,98
325,1040,1521,Shia001122Vols,756,5,565,370,82
325,1040,1280,Shia001615Vols,2698,1204,1450,191,96
325,11,1035,Shia002389Vols,2639,332,1237,605,65
325,1055,1280,Shia002389Vols,2641,0,223,169,93
325,11,252,Shia001174Vols,3198,1126,1365,186,93
325,90,239,Shia001174Vols,3199,1070,1369,109,44
325,537,1035,Shia001174Vols,3203,27,525,406,100
325,1040,1201,Shia001174Vols,3207,1281,1445,129,96
325,1201,1521,Shia001174Vols,3208,0,454,244,66
325,1052,1280,Shia002380Vols,712,1133,1357,175,95
325,11,252,Shia001299,75,739,978,184,92
325,1040,1305,Shia002382Vols,1638,930,1220,195,81
325,1285,1511,Shia002382Vols,2120,129,356,130,68
325,1040,1305,Shia002382Vols,2199,113,407,198,83
325,776,1035,Shia003961Vols,734,478,749,204,88
325,11,252,PV2024060601,752,1151,1391,183,91
325,574,1035,PV2024060601,754,0,466,376,98
325,1040,1521,PV2024060601,756,5,565,370,82
326,865,1020,JK005021,478,992,1413,78,20
326,865,1218,Shamela0006739,1401,500,828,244,85
326,227,479,Shia001171,501,577,854,196,86
326,66,238,Masaha000001Vols,746,531,705,135,93
326,1034,1319,JK000001,2646,562,861,193,73
326,66,253,Shia001130,12,620,824,134,75
326,66,233,Shia001417,252,721,885,126,90
326,66,262,Shia001432Vols,22474,1233,1437,143,88
326,227,541,Shia001432Vols,22494,505,1023,178,42
326,66,253,Shia001432Vols,22496,78,297,135,72
326,1015,1269,ShamAY0035035,8122,737,1035,190,76
326,66,238,Shia001122Vols,756,657,832,135,94
326,227,479,Shia001383,97,329,593,196,90
326,66,253,Shia001383,221,968,1170,144,88
326,66,233,Shia002389Vols,2641,325,497,135,97
326,66,262,Shia001174Vols,3208,546,756,145,85
326,1015,1269,Sham19Y0038171,2145,320,659,190,67
326,908,1218,JK005022,40,0,285,210,84
326,66,238,PV2024060601,756,657,832,135,94
327,1349,1506,JK007044,1251,28,202,115,75
327,187,425,Shia001138BK1,173,646,840,131,70
327,1172,1338,Shamela0006739,1400,466,613,114,87
327,187,425,Masaha000001Vols,743,178,400,161,86
327,187,425,Shia001432Vols,22458,1289,1510,162,87
327,53,425,Shia001432Vols,22494,956,1238,180,61
327,187,425,Shia001432Vols,29972,84,289,141,75
327,187,425,Shia001432Vols,29987,797,1002,141,75
327,1349,1506,JK009298,593,965,1141,109,69
327,1165,1383,JK009298,594,331,532,114,59
327,187,425,Shia001122Vols,753,140,363,163,87
327,103,425,Shia001615Vols,2697,437,714,186,74
327,187,425,Shia001383,96,397,616,158,85
327,187,425,Shia004012,127,651,854,141,76
327,187,425,Shia001174Vols,3200,729,951,164,88
327,187,425,Shia001217Vols,2591,913,1122,148,79
327,187,425,PV2024060601,753,140,363,163,87
328,0,543,JK007044,1251,202,773,430,93
328,0,353,ShamAY0034059,2907,1154,1546,256,78
328,0,543,ShamAY0034059,5038,672,1304,400,76
328,0,410,Kraken220208041038,13,1116,1583,302,78
328,0,530,JK000001,2649,927,1478,420,94
328,936,1189,JK000001,2650,688,970,140,55
328,4,543,Kraken22020817055002,138,563,1310,341,55
328,14,543,Shia001432Vols,22493,448,907,341,77
328,0,543,ShamAY0035035,8129,199,776,422,90
328,0,362,JK009298,593,1141,1526,280,88
328,362,543,JK009298,594,0,180,145,99
328,14,366,Shia004012,125,1233,1526,208,69
328,366,543,Shia004012,126,0,166,131,91
328,0,543,Sham19Y0038171,2146,551,1126,420,90
328,0,543,Shamela0010488,167,263,1046,384,60
329,245,600,JK000001,2651,447,910,118,22
329,1171,1570,JK000001,2653,131,673,172,31
329,245,600,ShamAY0035035,8132,869,1419,109,18
329,1171,1570,ShamAY0035035,8135,233,882,177,29
329,35,334,Shia000233,184,656,920,107,38
329,1183,1558,Shia000233,184,1265,1514,167,51
330,18,247,JK000001,2653,683,903,163,82
331,246,499,Shia001544Vols,558,1250,1513,170,73
331,1261,1414,Kraken220208041038,15,629,814,115,78
331,0,426,JK000001,2657,1197,1532,217,60
331,858,1414,JK000001,2658,539,1442,383,52
331,13,522,ShamAY0035035,8143,461,898,264,58
331,995,1410,ShamAY0035035,8145,634,1363,284,48
331,262,503,JK009298,1055,532,776,156,71
331,1182,1414,Sham19Y0038171,2147,440,685,171,86
331,854,1414,Shia000233,189,278,919,320,60
331,858,1169,JK001197,317,345,761,198,56
331,1182,1414,Shamela0010488,170,1108,1337,159,80
332,344,546,JK000001,2661,431,628,146,90
332,344,543,ShamAY0035035,8148,1300,1522,136,75
332,1062,1210,ShamAY0035035,8150,1140,1486,85,32
332,355,546,Kraken220413030759,729,1073,1270,135,88
332,757,947,Kraken220413202218,964,495,710,100,50
332,1114,1222,Shia002261Vols,383,464,728,68,33
332,757,1431,JK001197,318,24,955,306,37
333,412,608,JK000001,2665,1146,1354,159,94
333,412,608,ShamAY0035035,8157,211,597,158,50
334,519,1001,Shia001149Vols,306,380,892,358,84
334,982,1274,JK005021,482,53,439,138,38
334,984,1307,JK000001,2667,840,1284,178,41
334,519,976,Shia001432Vols,7206,610,1119,362,87
334,239,510,Shia001432Vols,29974,488,898,193,60
334,1044,1443,Shia001432Vols,29976,323,573,154,49
334,64,479,ShamAY0035035,8161,267,546,97,21
334,984,1249,ShamAY0035035,8162,829,1295,157,40
334,984,1307,JK009298,1055,1062,1375,192,61
334,1044,1403,Shia001391,51,392,582,143,50
334,519,695,Shia001122Vols,1549,1226,1414,136,87
334,695,976,Shia001122Vols,1550,0,320,224,87
334,172,341,Shia001615Vols,1228,851,1176,107,40
334,510,1454,Shia000107Vols,1713,142,878,401,45
334,172,510,Shia004012,155,102,699,251,53
334,519,976,Shia001217Vols,2588,44,585,366,84
334,1044,1403,Shia001217Vols,2590,470,677,137,48
334,519,695,PV2024060601,1549,1226,1414,136,87
334,695,976,PV2024060601,1550,0,320,224,87
334,519,883,PV2024060601,4034,1055,1451,278,85
335,261,374,Rafed0003537Vols,151,0,114,92,99
335,234,374,Masaha000001Vols,655,41,172,96,84
335,221,379,Shia001432Vols,23511,1245,1394,103,81
335,58,472,Shia001391,50,1266,1471,144,43
335,153,252,Shia001391,51,89,190,74,95
335,234,374,Shia001383,141,1184,1315,96,83
335,252,374,Rafed0000685Vols,236,203,326,95,95
336,569,970,JK000001,2675,225,667,188,45
336,544,762,ShamAY0035035,8173,320,577,133,57
337,342,518,Shia001149Vols,1099,203,411,137,82
337,1237,1485,JK000001,1933,148,356,111,53
337,562,680,JK000001,1939,0,118,94,100
337,342,513,Shia001417,243,711,891,133,93
337,220,342,Shia001432Vols,22743,1064,1197,91,86
337,575,680,ShamAY0035035,6737,0,105,83,100
337,342,518,PV2024060601,4827,902,1110,137,82
338,154,249,JK005021,389,1210,1446,68,36
338,966,1239,Shia001272,5,510,806,199,81
338,295,413,Shia002185Vols,3834,1387,1494,76,83
338,943,1234,Shia001237Vols,3855,449,923,217,57
338,943,1239,Shia001421Vols,123,532,988,226,62
338,943,1239,Masaha000001Vols,645,1069,1383,228,89
338,806,938,Masaha000001Vols,646,918,1067,101,85
338,806,1239,Shia000806Vols,289,478,923,311,84
338,154,794,JK000001,1934,550,1481,228,25
338,424,593,JK000001,1935,93,586,121,30
338,610,741,JK000001,1936,911,1043,98,94
338,284,504,JK000001,1941,788,942,102,59
338,610,728,JK000001,2647,1281,1404,93,95
338,1079,1239,Shia001432Vols,5307,11,189,122,84
338,979,1234,Shia001432Vols,22063,790,1077,177,77
338,943,1239,Shia001432Vols,22865,622,938,228,91
338,806,943,Shia001432Vols,22869,777,929,103,88
338,966,1239,Shia001432Vols,24621,667,942,180,75
338,979,1234,Shia001432Vols,24666,618,905,179,78
338,277,418,ShamAY0035035,6728,268,400,94,86
338,613,733,ShamAY0035035,6732,916,1036,95,100
338,284,413,ShamAY0035035,6744,975,1093,88,88
338,610,728,ShamAY0035035,8125,698,821,93,95
338,154,270,Shamela0095735,475,504,642,76,65
338,943,1390,Shia001122Vols,652,527,1386,301,41
338,806,1062,Shia001122Vols,653,441,769,124,49
338,966,1217,Shia001122Vols,3557,1144,1428,183,79
338,943,1405,Shia001615Vols,2945,952,1551,256,49
338,943,1107,Shia001615Vols,3201,383,531,103,79
338,961,1234,Shia001383,48,926,1192,179,76
338,943,1307,Shia001383,99,720,1058,218,72
338,822,938,Shia001174Vols,273,1404,1515,82,93
338,943,1239,Shia001174Vols,2914,604,930,227,88
338,806,938,Shia001174Vols,2917,866,1016,101,87
338,966,1239,Shia001174Vols,4792,66,374,202,81
338,806,938,Shia001217Vols,5986,1121,1263,96,85
338,147,760,ShamIbadiyya0000109,7360,120,552,165,28
338,175,418,Sham19Y0038171,1822,758,1393,157,31
338,979,1234,Shia001299,105,9,302,170,72
338,610,733,JK009365,462,1065,1188,97,100
338,943,1390,PV2024060601,652,527,1386,301,41
338,806,1062,PV2024060601,653,441,769,124,49
338,966,1217,PV2024060601,3557,1144,1428,183,79
339,8,128,Shia001153,245,19,142,91,91
339,0,128,Masaha000001Vols,646,510,639,97,93
339,0,120,Shia001417,34,790,910,96,100
339,125,240,Shia001417,238,374,482,85,93
339,125,245,Shia001432Vols,22505,270,390,91,97
339,0,128,Shia001432Vols,22868,1060,1188,98,96
339,0,128,Shia001122Vols,653,32,161,97,93
339,125,240,Shia001122Vols,655,1017,1134,90,98
339,0,120,Shia001615Vols,2946,17,137,96,100
339,0,133,Shia001174Vols,2916,1196,1328,100,94
339,125,240,Shia001174Vols,2923,777,892,90,100
339,0,120,Shia001217Vols,5987,247,367,93,97
339,125,245,Shia001217Vols,5988,484,597,87,92
339,8,113,Shia003636Vols,2057,634,740,84,99
339,0,128,PV2024060601,653,32,161,97,93
339,125,240,PV2024060601,655,1017,1134,90,98
340,310,539,JK005021,390,1161,1408,121,58
340,7,213,JK000001,1939,564,750,127,72
340,7,213,ShamAY0035035,6737,691,898,128,66
340,558,864,Shia001122Vols,1577,413,791,192,61
340,558,864,Shia001217Vols,5998,5,383,191,57
340,7,428,Kraken220413202218,611,889,1397,244,55
340,0,544,JK001197,228,21,296,178,40
340,558,864,PV2024060601,1577,413,791,192,61
341,177,346,JK005021,392,5,216,103,60
341,613,745,Masaha000001Vols,813,726,1157,93,27
341,0,337,JK000001,1943,1088,1447,200,64
341,1267,1398,ShamAY0035035,6729,865,1460,98,20
341,613,745,Shia001217Vols,4433,598,1037,92,26
341,1267,1398,Sham19Y0038171,1824,237,837,98,20
342,690,863,Shia001334,29,1186,1364,129,88
342,695,863,Zaydiyya0000133,5,512,690,120,84
342,695,863,Zaydiyya0000352,203,326,488,119,88
342,695,863,Shia001237Vols,1192,80,263,124,84
342,485,863,Masaha000001Vols,654,741,1084,158,38
342,966,1510,JK000001,1976,108,643,334,70
342,581,863,Shia001432Vols,23508,524,990,210,55
342,247,535,Shia001432Vols,23510,260,805,112,24
342,695,863,Shia001432Vols,23510,1336,1499,122,87
342,76,233,Shia001432Vols,23511,656,815,106,88
342,695,863,Shia001432Vols,29022,169,334,126,92
342,695,863,Shia001432Vols,29058,129,312,124,84
342,966,1508,ShamAY0035035,6817,188,807,313,55
342,695,863,Zaydiyya0000229,192,177,379,127,78
342,695,863,Shia000211,10,1256,1421,126,92
342,485,863,Shia001122Vols,661,588,935,161,38
342,555,863,Shia001615Vols,2525,1150,1519,213,72
342,87,471,Shia001174Vols,2955,525,1130,155,27
342,429,863,Shia001217Vols,1819,862,1213,158,39
342,76,471,Shia001217Vols,2593,705,1092,143,37
342,416,701,Shia001217Vols,2594,39,480,137,38
342,247,427,Shia001217Vols,2595,52,229,142,97
342,695,863,Shia001217Vols,4475,1006,1187,124,83
342,715,863,Rafed0000685Vols,221,973,1129,114,93
342,713,863,Shia000233,446,373,524,114,94
342,690,863,Shia001299,148,1135,1308,124,85
342,695,863,Shia003704,504,1095,1263,120,84
342,1094,1438,JK001197,233,32,345,207,68
342,247,422,Zaydiyya0000302,1823,547,720,140,98
342,485,863,PV2024060601,661,588,935,161,38
342,247,422,PV2024060601,7949,690,863,140,98
343,586,684,Shamela0010273,273,874,1035,76,60
343,1000,1146,Shamela0001438,2192,850,995,115,98
343,586,707,JK005020,587,1092,1214,92,95
343,1000,1146,Shamela0021475,7,384,529,115,98
343,586,702,Shamela0021475,16,710,826,91,99
343,433,936,JK008250Vols,394,718,1303,128,16
343,593,702,JK009291,161,464,580,85,93
343,586,684,Shamela0013041,309,939,1041,71,89
343,586,702,Shamela0026884,469,83,200,88,95
343,586,684,JK005004,617,310,412,71,89
343,445,936,JK009390,1085,634,1020,137,28
343,1000,1146,JK009390,3943,1289,1435,116,99
343,586,684,Masaha002064Vols,142,383,497,59,59
343,586,684,JK001091,34,973,1075,71,89
343,239,943,JK000001,1962,274,715,210,31
343,1000,1146,JK000001,1965,625,771,116,99
343,1301,1481,JK000001,1966,418,1034,94,18
343,1000,1146,Sham19Y0127677,1106,438,583,115,98
343,586,684,JK005005,572,196,298,71,89
343,1000,1154,JK009236,361,1099,1253,107,87
343,438,579,Zaydiyya0000543,1284,859,1015,108,87
343,523,824,ShamIbadiyya0000109,7370,994,1444,154,39
343,1179,1299,ShamIbadiyya0000109,7371,1268,1393,85,81
343,1000,1403,ShamIbadiyya0000109,7372,726,1070,192,52
343,438,920,Sham19Y0038171,1854,1043,1376,130,28
343,1014,1146,Sham19Y0038171,1859,448,774,102,38
343,445,954,JK008001,986,41,414,136,25
343,530,1146,JK008001,2285,783,1293,152,22
343,1301,1498,JK001197,230,927,1038,80,51
343,586,690,Shia002264,801,289,394,79,96
344,49,170,Shamela0001438,2096,118,243,97,96
344,49,170,Shamela0021475,20,501,629,97,94
344,202,1089,JK000999,232,117,1112,567,64
344,54,295,JK005021,399,0,261,131,53
344,217,1089,Shamela0022579,343,0,1063,465,50
344,2,344,Shamela0006739,1391,939,1153,142,52
344,740,1310,JK011730,967,0,568,212,35
344,207,1089,ShamAY0034059,7329,362,1189,581,78
344,213,993,Kraken22021817402400,70,946,1519,429,68
344,2,196,JK000001,1966,1105,1389,134,59
344,142,1089,JK000001,1967,0,991,666,79
344,2,928,ShamAY0035035,6803,200,1460,679,67
344,49,170,Sham19Y0127677,1306,1130,1259,97,93
344,258,715,JK009236,352,1209,1461,174,48
344,2,283,ShamIbadiyya0000109,7372,1212,1499,195,73
344,283,1089,ShamIbadiyya0000109,7373,0,725,494,70
344,444,715,ShamIbadiyya0000109,7879,704,1038,109,34
344,83,1094,Sham19Y0038171,1864,0,1261,747,73
344,49,170,JK008001,986,500,631,97,92
344,2,344,JK005022,30,427,641,142,52
344,1054,1218,JK001197,230,608,1167,111,25
345,482,1159,Shamela0001349,237,745,1173,149,23
345,690,1241,Shamela0005355,15,1277,1521,170,38
345,1225,1392,Shamela0005355,16,0,185,107,61
345,983,1241,JK005021,393,1092,1438,90,24
345,251,1029,Shamela0098087,161,1001,1426,174,25
345,683,976,Shamela0026884,163,182,589,112,27
345,814,976,JK005004,617,5,306,71,24
345,489,976,Shamela0021659,824,628,1044,85,13
345,713,1041,AOCP20251104102,143,947,1092,92,35
345,489,1034,JK001091,35,71,704,157,21
345,182,840,JK000001,1944,496,1354,264,32
345,792,976,JK005007,484,457,1094,77,14
345,619,976,Sham19Y0127677,1152,988,1445,97,20
345,482,970,Shia001615Vols,1288,163,424,115,29
345,482,976,Shia002261Vols,246,806,1081,129,31
345,996,1186,ShamAY0033948,129,40,497,78,18
345,489,976,JK008001,2254,141,712,116,16
345,182,915,JK001197,228,865,1367,173,25
346,814,1298,Rafed0002679Vols,763,202,670,359,91
346,1240,1437,Shamela0000041,2096,1085,1328,107,52
346,1305,1492,Sham19Y0018272,1648,917,1364,114,31
346,1305,1437,Sham19Y0017903,363,559,686,96,93
346,207,397,JK001493,287,748,930,140,91
346,399,564,Shia000181,283,1112,1280,127,91
346,93,281,JK005021,395,790,1191,96,25
346,1228,1437,Shamela0008648,21,1160,1422,107,49
346,1305,1492,JK007006,1282,607,1117,116,29
346,1240,1437,Shia001237Vols,3881,1086,1351,106,45
346,804,978,Shia000806Vols,293,1355,1544,130,82
346,978,1298,Shia000806Vols,294,0,341,248,91
346,0,397,JK000001,1949,563,1472,314,42
346,1298,1492,JK000001,1950,112,683,107,22
346,1331,1437,JK009237,1306,0,101,75,90
346,816,1303,Shia001432Vols,7164,354,868,358,83
346,610,795,Shia001432Vols,21973,1300,1494,144,89
346,0,184,ShamAY0035035,6764,1158,1544,144,45
346,399,564,Shia001122Vols,1565,426,594,127,91
346,816,1093,Shia001122Vols,1565,1083,1403,217,82
346,1093,1298,Shia001122Vols,1566,0,209,159,96
346,610,795,Shia002389Vols,1541,70,264,144,89
346,610,795,Shia002389Vols,2158,888,1078,144,91
346,610,795,Shia002389Vols,3148,206,404,147,91
346,399,564,Shia002389Vols,3350,241,409,127,91
346,1240,1437,Shamela0001466,2711,951,1191,107,53
346,1305,1437,JK009152,908,781,980,90,59
346,610,795,Shia001217Vols,5994,1170,1350,143,95
346,1305,1437,AOCP20251104103Vols,878,791,1005,90,52
346,91,397,Kraken220413202218,615,551,957,222,67
346,1305,1492,Shia002261Vols,321,295,539,118,58
346,0,333,Sham19Y0038171,1850,384,1056,176,30
346,1305,1492,JK008001,2296,875,1141,118,54
346,804,1080,Masaha000554Vols,2670,1253,1564,198,75
346,1080,1293,Masaha000554Vols,2671,0,215,163,95
346,1305,1437,Masaha000554Vols,4662,1120,1246,92,89
346,1305,1437,Sham19Y0020891,5053,1223,1359,90,86
346,1326,1492,JK011225,104,579,786,83,42
346,1298,1492,JK001197,229,198,426,134,73
346,207,397,JK009325,377,13,194,132,83
346,1303,1492,JK009318,58,170,514,113,40
346,198,397,Shamela0006022,2,30,222,152,94
346,399,564,PV2024060601,1565,426,594,127,91
346,816,1093,PV2024060601,1565,1083,1403,217,82
346,1093,1298,PV2024060601,1566,0,209,159,96
347,530,725,Shia001149Vols,300,1049,1240,147,87
347,734,903,Shia000181,283,1311,1481,128,92
347,452,720,Shia000181,284,427,1065,211,40
347,552,720,Shia001334,59,169,306,111,79
347,249,438,ShamIbadiyya0000760,149,1139,1323,145,94
347,249,438,Rafed0000705Vols,672,290,476,148,95
347,539,725,Shia001171,430,1051,1200,118,76
347,552,720,Shia001237Vols,3149,522,659,111,79
347,720,903,Shia001153,267,862,1016,104,67
347,249,443,Shia001432Vols,18105,1084,1273,149,95
347,539,720,Shia001432Vols,23325,81,234,117,76
347,720,903,Shia001432Vols,24682,347,501,104,67
347,539,720,Shia002394Vols,700,846,1029,145,94
347,725,903,Shia001122Vols,1565,677,864,136,92
347,539,720,Shia001122Vols,1567,1120,1302,145,95
347,249,438,Shia001122Vols,1568,232,417,149,97
347,725,903,Shia001615Vols,1288,1021,1178,105,66
347,530,725,Shia001383,61,881,1037,120,72
347,539,720,Shia002389Vols,442,703,885,145,95
347,249,438,Shia002389Vols,2367,1193,1378,147,95
347,552,720,Shia001217Vols,2581,927,1064,111,79
347,530,725,Shia001217Vols,2608,926,1117,147,87
347,725,903,Shia001217Vols,5994,563,754,136,90
347,310,438,Shia001217Vols,5996,0,124,100,96
347,530,725,Shia000068,45,78,277,151,90
347,557,725,Shia002382Vols,371,320,490,137,95
347,539,720,Shia001137,76,1232,1377,115,76
347,534,720,Shia003704,504,367,531,118,73
347,720,903,Shia003636Vols,2088,868,1012,104,68
347,725,903,PV2024060601,1565,677,864,136,92
347,539,720,PV2024060601,1567,1120,1302,145,95
347,249,438,PV2024060601,1568,232,417,149,97
347,530,725,PV2024060601,4029,270,461,147,87
348,311,492,ShamAY0034059,2905,0,119,94,64
348,888,1413,JK000001,1977,713,1516,201,27
348,351,921,JK000001,1977,7,553,218,40
348,151,792,ShamAY0035035,6818,749,1521,298,42
348,1125,1516,ShamAY0035035,6820,28,470,164,35
349,549,799,JK000001,1971,712,1108,120,31
349,549,1232,JK000001,1972,397,1094,367,62
349,807,1227,ShamAY0035035,6812,70,507,301,83
350,352,724,JK000001,1980,728,1407,224,37
350,817,1368,JK000001,1981,314,822,371,82
350,352,724,ShamAY0035035,6825,319,1153,215,29
350,817,1033,ShamAY0035035,6826,1297,1537,153,75
350,1047,1365,ShamAY0035035,6827,0,307,220,82
350,558,1266,Shia000233,204,408,997,310,50
350,352,724,JK001197,234,599,1267,224,38
351,981,1398,JK000001,1979,1083,1483,212,56
351,0,276,JK000001,1981,1209,1519,191,71
351,276,572,JK000001,1982,0,314,216,81
351,0,572,ShamAY0035035,6827,608,1377,405,64
351,0,195,Shia000233,204,1032,1270,143,72
352,1435,1575,Shia001149Vols,279,1178,1320,100,85
352,1456,1575,Shia001115Vols,108,634,754,90,95
352,1456,1575,Shia001138BK2,31,916,1036,91,95
352,1435,1575,Shia000196Vols,1086,208,343,100,90
352,316,511,JK011730,970,504,1048,113,24
352,1219,1575,Shia002945Vols,680,17,636,238,48
352,3,698,JK000001,1980,135,1207,383,42
352,1330,1442,Shia000234Vols,4623,176,289,89,97
352,1456,1575,Shia000234Vols,4624,491,611,93,98
352,1456,1575,Shia000075Vols,848,0,120,94,99
352,1456,1575,Shia001432Vols,1960,382,508,92,92
352,1456,1575,Shia001432Vols,29866,681,808,94,93
352,3,405,ShamAY0035035,6824,985,1540,228,47
352,418,677,ShamAY0035035,6825,97,811,138,23
352,1456,1558,Shia002394Vols,695,103,212,80,93
352,1456,1575,Shia001148,282,450,577,94,93
352,1219,1571,Shia001122Vols,1479,806,1359,168,35
352,1456,1575,Shia001615Vols,1146,1002,1128,92,92
352,1435,1575,Shia000107Vols,1482,5,136,101,90
352,1095,1575,Shia000107Vols,1547,549,1115,178,29
352,1456,1575,Shia002389Vols,436,791,916,94,95
352,1435,1575,Shia001217Vols,2357,1030,1165,100,90
352,161,698,JK001197,234,273,1066,289,40
352,1219,1571,PV2024060601,1479,806,1359,168,35
352,1435,1575,PV2024060601,4008,350,492,100,85
353,548,966,Shia001149Vols,278,1015,1509,332,83
353,0,167,Shia001149Vols,279,1320,1491,119,85
353,167,361,Shia001149Vols,280,0,191,147,96
353,0,361,Shia001115Vols,108,754,1108,256,88
353,976,1126,Shia001544Vols,1678,1225,1387,94,72
353,0,353,Shia001138BK2,31,1036,1388,246,86
353,546,1030,Shia000196Vols,1084,88,595,334,82
353,0,361,Shia000196Vols,1086,343,708,261,89
353,437,924,ShamIbadiyya0000760,325,472,1165,124,19
353,548,1010,Shia002945Vols,677,842,1405,359,79
353,0,361,Shia002945Vols,680,636,1001,259,89
353,412,880,Shia001171,403,976,1184,65,16
353,0,380,Shia001171,403,149,524,259,83
353,0,375,Shia000234Vols,4624,611,999,281,91
353,548,993,Shia000234Vols,4629,489,1003,350,85
353,1010,1126,Shia000234Vols,4634,0,130,80,79
353,0,361,Shia000075Vols,848,120,489,261,89
353,0,361,Shia000317Vols,4998,1070,1406,250,86
353,546,993,Shia000317Vols,4999,323,824,350,87
353,0,361,Shia001432Vols,1960,508,868,263,92
353,0,366,Shia001432Vols,29866,808,1176,257,86
353,0,361,Shia002394Vols,695,347,708,265,92
353,0,366,Shia001148,282,577,943,255,85
353,541,993,Masaha001108Vols,103,166,698,348,81
353,976,1126,Shia001122Vols,1473,390,547,94,75
353,0,361,Shia001122Vols,1480,5,364,262,92
353,0,315,Shia001615Vols,1146,1128,1444,229,91
353,409,546,Shia000107Vols,1482,1153,1365,95,55
353,0,361,Shia000107Vols,1482,136,498,259,89
353,261,353,Shia000107Vols,1562,1422,1511,68,95
353,976,1126,Shia000291Vols,1173,1314,1471,88,71
353,0,361,Shia002389Vols,436,916,1279,271,94
353,976,1126,Shia002389Vols,3087,769,925,92,73
353,368,930,Shia001418Vols,319,573,860,122,26
353,635,993,Shia001217Vols,2353,0,432,282,82
353,0,225,Shia001217Vols,2357,1165,1393,163,88
353,225,361,Shia001217Vols,2358,0,136,101,94
353,353,860,Shia001217Vols,2361,1039,1390,77,13
353,976,1126,Shia001217Vols,2372,759,916,94,75
353,548,993,Shia000068,44,663,1178,350,84
353,442,740,Masaha000554Vols,2040,999,1412,142,37
353,1348,1491,Shamela0004473,15046,4,148,114,90
353,976,1126,PV2024060601,1473,390,547,94,75
353,0,361,PV2024060601,1480,5,364,262,92
353,548,1010,PV2024060601,4007,200,745,356,81
353,0,361,PV2024060601,4008,492,855,266,91
354,626,762,Shia001544Vols,1680,385,591,99,58
354,8,423,Tafsir02102,461,292,721,214,48
354,1281,1639,Tafsir02102,462,283,628,233,73
354,243,621,JK000001,415,99,391,217,69
354,1281,1639,JK000001,416,880,1234,240,74
354,635,762,Shia001432Vols,23399,230,413,97,66
354,635,762,Shia001432Vols,29885,22,206,98,67
354,635,762,Shia001148,137,931,1114,97,66
354,396,626,ShamIbadiyya0000229,2458,954,1159,151,80
354,635,762,Shia001122Vols,1474,1258,1436,98,69
354,509,621,Hindawi081316951,269,994,1112,88,93
354,635,762,Shia001615Vols,1145,249,432,97,66
354,621,762,Shia002380Vols,304,227,407,100,65
354,635,762,Shia001217Vols,2374,540,718,93,63
354,635,762,Shia001217Vols,2429,10,194,93,61
354,626,762,Shia000233,483,1203,1404,106,66
354,626,762,Shia002382Vols,779,334,536,103,63
354,1061,1639,JK001197,42,792,1375,339,63
354,635,762,PV2024060601,1474,1258,1436,98,69
355,694,927,Shia001149Vols,306,1265,1532,179,83
355,927,1325,Shia001149Vols,307,0,412,305,91
355,798,1325,Shia001421Vols,471,0,546,401,88
355,0,416,JK000001,416,1234,1603,199,54
355,439,580,JK000001,417,69,244,113,78
355,694,1325,Shia001432Vols,13675,855,1532,476,85
355,86,421,ShamAY0035035,2085,96,693,166,32
355,694,1325,Shia001122Vols,1551,315,990,484,88
355,694,966,Shia000107Vols,1711,1157,1482,205,78
355,966,1325,Shia000107Vols,1712,0,361,276,94
355,694,1325,Shia001217Vols,2597,42,755,488,84
355,998,1157,Shia000233,484,224,355,103,82
355,308,580,JK001197,43,3,318,151,51
355,694,1325,PV2024060601,1551,315,990,484,88
355,694,1325,PV2024060601,4035,488,1168,484,88
356,1237,1431,Shia001149Vols,88,1229,1446,153,86
356,575,740,Shia001149Vols,281,1169,1329,113,85
356,1237,1431,Shia001149Vols,306,977,1194,153,86
356,199,443,Shia000277Vols,2419,320,575,186,90
356,1242,1431,Shia001625,102,408,619,149,86
356,199,343,Tafsir04042,366,586,734,113,94
356,1242,1431,Shia004030Vols,567,1116,1327,149,86
356,598,723,Shia000367,147,1111,1232,96,96
356,1237,1431,Shia000234Vols,1307,38,247,147,86
356,1242,1431,Shia000234Vols,3391,1025,1229,143,85
356,598,723,Shia000234Vols,4773,12,133,96,96
356,204,443,Shia000234Vols,8752,333,667,159,59
356,598,723,Shia000075Vols,999,12,132,95,96
356,575,723,Shia000182VolsBK2,979,555,703,107,90
356,1242,1431,Shia001432Vols,24937,1190,1401,149,86
356,1242,1441,Shia001432Vols,25261,1093,1315,153,85
356,1242,1445,Shia001432Vols,29961,978,1201,154,84
356,1242,1433,Shia001432Vols,30077,560,766,138,81
356,186,343,Shia002394Vols,465,1231,1376,114,89
356,1242,1445,Shia001134,53,220,455,153,81
356,575,723,Shia001122Vols,1529,720,867,106,89
356,1242,1433,Shia000107Vols,1475,1279,1498,149,82
356,1078,1431,Shia000107Vols,1713,1037,1442,209,62
356,575,723,Shia000291Vols,1005,630,778,107,90
356,186,343,Shia002389Vols,301,865,1020,116,88
356,199,401,Shia001418Vols,322,57,349,155,65
356,1237,1433,Shia001217Vols,727,1086,1307,154,85
356,1242,1433,Shia001217Vols,728,603,803,138,85
356,575,723,Shia001217Vols,2519,1104,1252,107,90
356,1242,1433,Shia001217Vols,2595,945,1150,138,83
356,186,343,Shia000233,484,1373,1528,117,88
356,170,389,Shia002382Vols,271,373,694,147,57
356,575,723,Zaydiyya0000302,1018,495,641,105,88
356,204,443,Zaydiyya0000302,1019,13,355,171,62
356,575,723,PV2024060601,1529,720,867,106,89
356,1237,1431,PV2024060601,3817,469,686,153,86
356,575,740,PV2024060601,4010,430,590,113,85
356,1237,1431,PV2024060601,4035,200,417,153,86
356,575,723,PV2024060601,7144,651,797,105,88
356,204,443,PV2024060601,7145,191,533,171,62
357,1178,1380,Zaydiyya0000013,320,793,991,152,95
357,1178,1380,Shamela0012406,1889,341,515,125,77
357,1182,1380,Shamela0012396BK1,841,3,202,140,84
357,1178,1380,Shia001153,191,1096,1291,140,87
357,1178,1380,Shamela0022623,12,481,683,140,86
357,1178,1380,Shia001432Vols,22169,1141,1297,117,71
357,1178,1380,Shia001432Vols,23300,478,634,117,71
357,1178,1380,Shia001432Vols,23453,715,913,142,87
357,1178,1380,Shia001432Vols,24582,87,282,140,87
357,1178,1380,Shia001432Vols,29986,1307,1463,117,71
357,1178,1380,Shia001148,128,1099,1252,110,64
357,1178,1380,Sham19Y0145435,3756,1212,1408,144,88
357,1178,1380,Shia001122Vols,1556,514,716,157,99
357,1178,1380,Shia001217Vols,4600,934,1137,157,99
357,1254,1380,Shia000233,491,0,127,99,99
357,1178,1380,Shia001137,198,300,494,140,86
357,1178,1380,Shamela0009783BK1,3688,247,443,144,88
357,1178,1380,Shia003636Vols,2013,208,402,139,87
357,1178,1380,PV2024060601,1556,514,716,157,99
358,72,233,Shia001149Vols,299,7,166,125,96
358,465,1359,JK000001,424,528,1379,475,57
358,50,233,Shia001432Vols,23409,502,686,133,85
358,54,233,Shia001340,105,274,450,130,86
358,54,233,Masaha001108Vols,103,762,938,129,88
358,50,233,Shia001122Vols,1557,1086,1272,136,86
358,63,233,Shia001615Vols,2204,654,836,131,88
358,54,233,Shia001174Vols,298,811,1000,140,92
358,54,233,Shia000068,44,1232,1417,130,86
358,50,233,Shia001137,106,486,670,133,85
358,384,1054,JK001197,44,812,1229,228,39
358,50,233,PV2024060601,1557,1086,1272,136,86
358,63,233,PV2024060601,4027,716,894,132,91
359,234,425,Masaha005108Vols,387,274,465,135,84
359,203,425,Shia000275Vols,1032,488,672,124,67
359,226,500,Masaha004648Vols,111,0,241,162,72
359,215,425,Shia002932VolsBK1,153,1165,1370,146,83
359,1316,1504,Shia000367,172,673,863,149,93
359,212,425,Shia000234Vols,4627,782,997,164,96
359,212,425,Shia000234Vols,8751,215,435,161,92
359,212,335,Shia001417,241,1317,1434,92,93
359,1316,1592,Shia001432Vols,29905,536,815,223,95
359,0,412,Shia001432Vols,29956,773,1328,299,66
359,212,445,Shia001340,104,929,1169,165,86
359,1316,1592,Shia002334,47,655,939,223,93
359,504,730,Shia001391,31,781,1005,173,93
359,226,425,Shia001391,32,13,244,156,85
359,212,425,Shia001122Vols,1572,560,781,166,95
359,212,412,Shia002389Vols,306,695,1248,142,31
359,212,425,Shia002380Vols,321,5,215,160,93
359,1316,1592,Shia001217Vols,2473,968,1258,221,91
359,212,425,Shia001217Vols,2554,761,968,160,94
359,155,1277,Shia000233,487,0,903,298,24
359,1415,1592,Shia000233,488,0,185,146,94
359,226,425,Shia002382Vols,805,1009,1211,154,96
359,215,425,Shia002992Vols,2497,172,380,147,83
359,198,425,Masaha000989,133,1079,1313,157,83
359,212,425,Zaydiyya0000302,1023,235,451,160,92
359,212,425,PV2024060601,1572,560,781,166,95
359,212,425,PV2024060601,7149,397,613,160,92
360,994,1275,JK000001,429,127,384,179,80
360,506,768,Shia001432Vols,1284,921,1182,182,83
360,506,768,Shia001432Vols,22249,923,1165,173,80
360,509,768,Shia001432Vols,22529,139,389,173,82
360,0,287,Shia001432Vols,29905,815,1053,185,76
360,506,772,Shia001432Vols,32221,668,931,178,80
360,1055,1275,ShamAY0035035,2136,1004,1398,159,51
360,561,776,Rafed0003257Vols,3021,903,1099,136,79
360,1064,1275,JK009298,865,322,531,137,83
360,0,287,Shia002334,47,939,1177,185,76
360,504,768,Shia001391,50,776,1115,183,65
360,561,768,Shia001615Vols,1572,1255,1447,139,83
360,506,768,Shia002389Vols,1315,796,1042,169,78
360,568,772,Shia002380Vols,389,33,227,130,76
360,568,768,Tafsir04056,4235,305,486,124,73
360,0,287,Shia001217Vols,2473,1258,1495,186,77
360,506,768,Shia001217Vols,4321,50,315,174,81
360,0,283,Shia000233,488,185,410,171,70
360,504,768,Shia000233,492,17,263,171,80
360,636,772,Shia002382Vols,945,0,119,80,75
360,875,1154,JK001197,45,1069,1559,142,35
361,302,441,Shia001149Vols,299,807,957,111,92
361,316,451,Shia001544Vols,1484,894,1031,103,94
361,244,441,Shia002389Vols,2870,1204,1418,128,72
361,297,451,Shia001174Vols,299,181,336,112,89
361,297,441,Shia001217Vols,4602,1259,1411,106,88
361,215,696,Shia000233,491,601,1483,320,44
361,302,441,PV2024060601,4028,25,175,111,92
362,34,363,Shia003757,448,647,830,138,51
362,5,393,Shia001119,36,214,620,298,88
362,5,350,Shia001237Vols,239,1043,1406,264,88
362,426,643,Shia001237Vols,1614,1385,1612,165,89
362,643,1082,Shia001237Vols,1615,0,437,349,94
362,192,393,Shia001237Vols,1616,0,213,159,92
362,0,393,Masaha000001Vols,741,582,978,298,90
362,0,398,Shia001432Vols,20970,430,841,304,91
362,5,393,Shia001432Vols,25353,690,1138,298,82
362,426,621,Shia001432Vols,29858,1457,1634,125,76
362,621,1082,Shia001432Vols,29859,0,473,370,93
362,0,393,Shia001122Vols,751,432,833,301,92
362,426,914,Shia001615Vols,2992,669,857,123,30
362,0,398,Shia001615Vols,3145,385,804,305,89
362,0,393,Shia001174Vols,3193,940,1340,301,92
362,34,250,Shia001174Vols,3194,73,1026,159,21
362,426,1082,Shia001266,14,25,659,495,91
362,59,1074,Shia000233,494,0,1066,726,79
362,582,1074,EShia0071807,426,0,475,386,93
362,34,363,Shia003961Vols,1497,1090,1275,139,52
362,0,393,PV2024060601,751,432,833,301,92
363,278,672,Shia000111Vols,2601,1222,1657,302,85
363,672,846,Shia000111Vols,2602,0,170,136,97
363,278,846,Shia001149Vols,303,41,639,450,93
363,278,814,Shia004092Vols,46,1078,1627,415,92
363,16,215,Shia004092Vols,9094,798,964,120,71
363,16,215,Rafed0002654Vols,8831,294,460,120,71
363,20,215,Rafed0003537Vols,480,574,1191,155,30
363,278,637,Rafed0003537Vols,482,1257,1574,221,70
363,637,846,Rafed0003537Vols,483,0,205,163,97
363,278,846,Shia000091Vols,967,708,1297,441,91
363,222,846,Shia000182VolsBK2,972,29,1013,479,60
363,215,846,Shia000220Vols,3843,604,1337,485,81
363,291,829,Masaha001108Vols,453,914,1449,422,96
363,222,654,Shia000107Vols,1714,764,1496,325,54
363,661,846,Shia000107Vols,1715,0,186,147,98
363,278,774,Masaha000146Vols,260,1076,1581,364,85
363,222,835,Shia001217Vols,4615,38,1106,476,55
363,278,846,Shia003744Vols,392,269,856,443,91
363,278,829,Shia004624,13,309,880,429,93
363,278,829,Shia003636Vols,8759,289,832,427,95
363,222,846,PV2024060601,4031,472,1331,488,70
364,582,771,ShamAY0035950,356,621,799,100,56
364,432,552,Shamela0001438,3981,875,989,83,84
364,582,771,Sham19Y0013241,1434,333,512,98,55
364,378,552,JK005021,167,450,724,123,55
364,582,758,Shamela0009111,133,486,652,94,56
364,47,313,Sham19Y0022884,227,183,717,156,35
364,526,771,JK000961,402,1084,1336,163,82
364,582,758,Tafsir02102,363,1008,1161,94,57
364,599,758,JK009139,5981,1097,1236,78,53
364,582,763,JK000707,191,0,188,135,91
364,582,758,Sham19Y0017885,515,181,347,94,56
364,582,771,Sham19Y0146127,2664,645,819,98,57
364,582,766,Zaydiyya0000054,290,569,747,112,75
364,582,763,JK000232,121,1371,1547,126,84
364,432,552,JK009390,2405,316,430,83,84
364,582,758,Shamela0012415,545,1096,1262,94,56
364,582,771,Shamela0012844,124,336,511,98,55
364,547,766,JK007070,572,8,238,158,87
364,890,1436,Shia001237Vols,3186,204,803,416,86
364,582,771,JK000147,2175,505,680,98,55
364,582,758,JK000484,4996,230,424,95,50
364,582,763,JK000484,5011,776,944,100,59
364,582,771,ShamAY0034282,2018,1233,1408,98,55
364,594,766,Shamela0021721,916,620,778,120,89
364,547,771,JK000001,439,478,724,166,85
364,582,758,Sham19Y0017747,1796,567,733,94,56
364,582,771,JK009138,648,343,522,103,58
364,890,1436,Shia001432Vols,32596,676,1256,414,88
364,552,771,ShamAY0035035,2212,923,1158,161,86
364,393,560,ShamAY0035035,3741,529,722,111,69
364,432,552,Sham19Y0127677,2197,118,232,83,84
364,890,1110,Shia001615Vols,2410,546,821,163,73
364,890,1241,Shia004012,116,1125,1525,261,79
364,1241,1436,Shia004012,117,0,203,151,95
364,582,771,JK001504,399,1086,1262,97,55
364,526,763,ShamAY0035249,72,748,958,131,71
364,594,763,Sham19Y0001729,1171,10,176,129,98
364,582,763,JK009152,927,426,628,125,78
364,582,758,Sham19Y0014119,174,1047,1200,94,57
364,594,758,JK001503,3787,1262,1413,94,61
364,594,771,Sham19Y0123510,746,1163,1320,95,58
364,526,763,JK000475,2024,6,216,131,71
364,547,771,Sham19Y0038171,604,690,914,159,87
364,393,560,Sham19Y0038171,962,248,452,113,66
364,432,560,ShamAY0033948,146,743,862,86,82
364,582,771,JK000272,323,1307,1473,101,58
364,594,758,JK000485,1281,394,568,110,80
364,582,771,JK000494,203,880,1058,100,56
364,488,771,JK000080,717,964,1222,169,74
364,594,758,Sham19Y0145212,1430,873,1021,91,59
364,582,771,Shamela0013033,109,431,619,98,53
364,599,758,Sham19Y0014325,5296,403,542,78,53
364,594,771,JK006800,334,450,610,120,87
364,587,771,JK006800,366,1140,1313,121,80
364,599,771,JK006800,386,0,155,116,87
365,0,512,Shia001237Vols,3186,803,1314,404,98
365,0,185,Shia001432Vols,32596,1256,1444,149,96
365,185,512,Shia001432Vols,32597,0,290,212,81
365,0,517,Shia004012,117,203,718,397,95
366,963,1113,JK000055,147,669,826,114,88
366,829,1173,JK005021,71,543,1462,142,16
366,965,1113,JK000132,861,470,628,113,87
366,986,1113,JK009159,49,29,511,87,22
366,908,1173,JK000001,438,30,759,199,34
366,459,712,JK000001,812,0,294,142,54
366,54,379,Shia000317Vols,9056,759,1154,196,53
366,125,379,Shia001432Vols,21686,1352,1546,151,75
366,914,1113,ShamAY0035035,2204,132,370,131,64
366,133,379,Shia001122Vols,1579,370,620,194,97
366,133,379,Shia002389Vols,2046,632,889,194,94
366,965,1108,Sham19Y0001729,1163,5,157,112,91
366,133,379,Shia001217Vols,6003,90,340,195,97
366,810,1088,ShamIbadiyya0000109,4852,1192,1467,184,80
366,1084,1224,ShamIbadiyya0000109,4853,0,242,100,52
366,914,1113,Sham19Y0038171,601,304,523,132,71
366,125,379,Shia002382Vols,1312,54,250,153,75
366,963,1155,JK009158,254,548,738,124,75
366,133,379,Shia000297,401,150,404,195,94
366,133,372,Masaha000554Vols,3888,662,911,188,94
366,738,1427,JK001197,48,503,791,155,29
366,133,379,PV2024060601,1579,370,620,194,97
367,419,1099,Shia001149Vols,303,752,1523,515,83
367,82,419,Shia001149Vols,304,1009,1358,218,73
367,433,863,Shia001138BK1,133,670,1083,113,21
367,728,1013,Shia000196Vols,1085,267,609,145,49
367,495,726,Shia000275Vols,1032,986,1211,164,85
367,1083,1295,Shia002945Vols,754,136,346,155,87
367,510,922,Shia000117Vols,100,220,416,140,40
367,1083,1295,Shia000806Vols,215,1132,1333,155,90
367,515,721,Shia000234Vols,4628,14,238,167,91
367,419,1076,Shia000075Vols,1058,305,1018,213,24
367,433,886,Shia000182VolsBK2,1039,7,319,193,47
367,78,272,Shia001417,32,423,610,135,85
367,1083,1295,Shia001432Vols,15588,453,660,153,86
367,103,272,Shia001432Vols,18474,546,712,131,97
367,424,828,Shia001340,105,1063,1291,132,35
367,568,886,Shia001122Vols,1535,0,962,241,31
367,1083,1295,Shia001122Vols,1539,1146,1355,154,87
367,103,272,Shia001122Vols,1545,1037,1203,129,95
367,140,378,Shia001615Vols,1229,0,616,138,26
367,524,721,Shia000107Vols,1484,1013,1195,142,88
367,419,828,Shia000107Vols,1708,1196,1430,157,44
367,82,272,Shia000107Vols,1712,1053,1242,135,87
367,891,1076,Shia000291Vols,1175,107,294,142,94
367,78,424,Shia002389Vols,3263,721,1064,216,71
367,891,1076,Shia001217Vols,2556,21,211,144,95
367,1143,1295,Shia001217Vols,2565,0,167,119,89
367,103,272,Shia001217Vols,2575,1089,1258,132,97
367,524,735,Zaydiyya0000302,1025,385,599,160,92
367,1095,1267,Shia003636Vols,2019,285,443,120,88
367,1081,1297,Shia003636Vols,2031,696,898,158,93
367,568,886,PV2024060601,1535,0,962,241,31
367,1083,1295,PV2024060601,1539,1146,1355,154,87
367,103,272,PV2024060601,1545,1037,1203,129,95
367,459,1114,PV2024060601,4032,0,737,492,83
367,82,419,PV2024060601,4033,185,534,218,73
367,524,735,PV2024060601,7151,531,745,160,92
368,177,590,Shia001149Vols,302,782,1295,279,68
368,0,153,Shia001149Vols,305,708,860,117,97
368,836,986,Shia000277Vols,2419,7,407,103,31
368,415,565,Shia000182VolsBK2,965,198,348,115,98
368,285,590,Shia001432Vols,29984,1065,1384,218,83
368,203,565,Shia001340,104,132,532,257,80
368,199,565,Shia001122Vols,1581,583,1034,181,44
368,244,565,Shia001615Vols,1354,725,1059,218,81
368,415,565,Shia002389Vols,656,376,522,115,97
368,15,153,Shia001217Vols,2502,0,163,98,73
368,415,565,Shia001217Vols,2607,415,565,118,100
368,843,986,Shia000233,484,1195,1460,110,50
368,1160,1449,JK001197,49,541,1065,89,21
368,199,565,PV2024060601,1581,583,1034,181,44
368,226,590,PV2024060601,4031,0,457,251,69
368,48,153,PV2024060601,4034,0,104,79,96
369,157,334,JK000001,443,374,940,129,27
369,418,1511,JK000001,445,0,745,302,27
369,410,695,ShamIbadiyya0000229,2575,108,258,107,42
370,0,689,JK000001,445,762,1586,233,27
370,689,1067,JK000001,446,0,463,219,54
370,633,998,ShamAY0035035,2237,689,1402,230,39
371,621,762,Zaydiyya0000121,2,1349,1488,111,95
371,1345,1457,Masaha004673,6,520,625,75,83
371,252,439,Shamela0006739,1372,954,1141,119,74
371,1333,1457,Shia002945Vols,767,1084,1210,88,82
371,619,773,Shia001142Vols,26,450,609,117,87
371,927,1145,Shia001237Vols,4158,827,1081,168,82
371,621,762,Shia001237Vols,4159,283,422,113,96
371,252,439,JK000001,740,1194,1382,120,75
371,621,762,Shamela0029953Vols,5,665,804,113,96
371,621,762,Shia001432Vols,21795,428,567,113,96
371,621,762,Shia001432Vols,23015,179,326,113,91
371,621,762,Shia001432Vols,23395,1020,1167,113,91
371,621,773,Shia001432Vols,23515,888,1044,116,86
371,619,762,Shia001432Vols,23826,1376,1516,116,97
371,927,1150,Shia001432Vols,23827,354,603,172,86
371,621,762,Shia001432Vols,25698,377,524,113,91
371,621,754,Zaydiyya0000328,402,262,393,108,97
371,619,783,Shia001268,2,714,865,112,81
371,1333,1457,Shia001122Vols,2750,254,389,97,91
371,621,762,Shia001615Vols,123,1062,1209,113,91
371,533,1241,Shia001615Vols,1968,397,1122,157,19
371,619,1150,Shia004012,154,265,1041,302,42
371,621,762,Shia001217Vols,4345,989,1136,113,91
371,1333,1457,Shia001217Vols,6598,1244,1379,96,91
371,446,773,Shia001217Vols,6599,417,1131,157,23
371,290,439,ShamAY0033948,61,404,716,99,38
371,252,439,JK005022,11,479,666,119,74
371,1333,1457,PV2024060601,2750,254,389,97,91
372,601,757,Shia001115Vols,346,715,883,101,78
372,5,178,Shia001115Vols,347,1201,1379,135,89
372,407,757,Shia001138BK1,129,430,841,191,52
372,603,757,Rafed0000040Vols,2303,542,696,99,82
372,421,553,Shia002945Vols,759,369,503,106,98
372,0,186,Shia002945Vols,767,1210,1396,144,92
372,421,553,Masaha000001Vols,699,497,631,102,95
372,603,757,Masaha000001Vols,699,1090,1245,100,83
372,181,769,JK000001,741,576,936,126,20
372,603,757,Shia001432Vols,23369,374,536,100,80
372,421,601,Shia001432Vols,23378,1196,1363,118,82
372,603,757,Shia001432Vols,23380,249,404,100,83
372,603,757,Shia001432Vols,23391,511,666,97,82
372,421,553,Shia001122Vols,707,1078,1212,104,97
372,603,757,Shia001122Vols,708,282,438,100,84
372,0,181,Shia001122Vols,2750,389,592,145,88
372,603,769,Shia001615Vols,1999,1349,1509,102,74
372,1122,1258,Shia004012,98,668,791,96,88
372,421,553,Shia002389Vols,779,1047,1179,105,98
372,603,721,Shia002389Vols,2250,1058,1183,91,94
372,603,757,Shia002389Vols,3250,291,445,98,81
372,603,721,Tafsir04056,6045,628,753,91,94
372,421,553,Shia001217Vols,6592,642,779,106,96
372,603,757,Shia001217Vols,6595,206,361,100,83
372,603,721,Shia001217Vols,6603,1216,1333,88,96
372,603,757,Shia002382Vols,1910,23,179,100,84
372,589,757,Shia002382Vols,2523,236,421,106,75
372,421,712,Masaha000554Vols,6552,63,281,143,62
372,421,553,PV2024060601,707,1078,1212,104,97
372,603,757,PV2024060601,708,282,438,100,84
372,0,181,PV2024060601,2750,389,592,145,88
373,579,701,JK005021,160,681,796,89,89
373,579,701,Sham19Y0014592,1040,903,1037,90,80
373,579,708,Sham19Y0014592,1267,522,661,98,82
373,579,720,JK000583,283,1321,1475,94,72
373,579,708,JK011730,1047,258,390,97,86
373,11,131,Shamela0021821,623,0,119,92,95
373,579,701,JK001160,156,404,519,89,89
373,0,131,Shia000736Vols,530,1258,1384,99,96
373,0,131,Masaha000001Vols,700,51,182,103,100
373,579,701,JK000001,748,1404,1537,93,82
373,0,131,Shia004049,935,771,902,103,100
373,0,131,Shia000317Vols,12981,218,349,103,100
373,579,720,Shamela0010521,173,741,874,95,77
373,0,131,Shia001122Vols,708,654,785,103,100
373,0,131,Shia001615Vols,1354,329,460,103,100
373,0,131,Shia001174Vols,3054,892,1020,101,97
373,0,131,Shia001418Vols,384,428,559,103,100
373,579,701,JK001197,88,1421,1554,93,82
373,0,131,PV2024060601,708,654,785,103,100
374,987,1318,JK000001,747,50,723,202,35
375,686,1103,Shia001149Vols,295,32,444,313,93
375,1110,1325,Shia001544Vols,1678,1355,1566,164,93
375,300,681,Shia001544Vols,1679,234,715,275,69
375,1238,1428,Shia000196Vols,1083,0,170,130,85
375,300,482,Masaha004648Vols,461,627,801,132,83
375,300,681,Shia000234Vols,4633,971,1375,282,85
375,1110,1428,Shia000234Vols,4634,98,416,242,92
375,1114,1438,Shia000317Vols,5000,309,602,222,84
375,300,534,Shia001432Vols,29861,605,783,135,70
375,300,482,Shia001432Vols,29931,1163,1338,132,83
375,300,681,Shia001122Vols,1472,786,1183,290,90
375,1110,1428,Shia001122Vols,1473,515,826,239,93
375,1230,1428,Shia000291Vols,1174,7,201,150,94
375,300,681,Shia002389Vols,3087,160,559,298,93
375,1110,1423,Shia002389Vols,3087,893,1199,235,93
375,1110,1291,Shia002389Vols,3346,524,705,136,91
375,411,579,Shia001217Vols,2371,1212,1383,121,85
375,1110,1428,Shia001217Vols,2372,884,1211,242,91
375,705,1103,Shia001217Vols,2375,0,381,291,90
375,416,681,Masaha000554Vols,5794,812,1022,143,65
375,300,681,PV2024060601,1472,786,1183,290,90
375,1110,1428,PV2024060601,1473,515,826,239,93
375,686,1103,PV2024060601,4023,775,1187,313,93
376,1202,1373,Shia001149Vols,299,981,1299,133,51
376,750,872,Shia000094Vols,402,338,496,98,76
376,1094,1384,Shia000743Vols,358,384,878,137,31
376,1094,1378,Shia000723Vols,443,478,957,144,39
376,1094,1378,Shia000801Vols,411,657,1136,138,35
376,90,872,Shia000196Vols,1087,540,922,230,34
376,70,246,Masaha004648Vols,279,144,639,94,22
376,88,314,Tafsir04042,798,1258,1420,106,56
376,90,246,Shia001237Vols,1637,143,393,90,39
376,1202,1354,Shia001237Vols,3111,349,821,116,30
376,1112,1384,Shia000806Vols,760,708,1197,134,31
376,90,314,Shia000234Vols,4630,1089,1321,172,94
376,319,792,Shia000234Vols,4632,597,1116,352,83
376,1094,1273,Shia000234Vols,7678,526,836,113,45
376,750,872,Shia000026Vols,315,771,929,98,76
376,226,736,Shia000317Vols,5002,4,922,305,38
376,90,314,Rafed0003257Vols,2288,978,1210,172,94
376,319,816,Shia001122Vols,1530,732,1294,364,78
376,99,305,Shia001122Vols,1530,0,214,158,93
376,1209,1368,Shia001122Vols,1560,926,1271,123,44
376,90,314,Shia002389Vols,818,725,957,170,93
376,319,816,Shia002389Vols,819,25,587,349,74
376,319,507,Shia002389Vols,1890,1293,1474,144,93
376,90,314,Tafsir04056,2803,502,739,171,91
376,90,272,Shia001217Vols,2454,1242,1426,132,88
376,319,736,Shia001217Vols,2456,552,1371,321,47
376,83,736,Shia002382Vols,622,775,1523,325,42
376,319,736,Zaydiyya0000302,1020,1077,1480,314,93
376,99,305,PV2024060601,1530,0,214,158,93
376,319,816,PV2024060601,1530,732,1294,364,78
376,1209,1368,PV2024060601,1560,926,1271,123,44
376,1202,1373,PV2024060601,4028,199,517,133,51
376,319,588,PV2024060601,7146,1244,1503,203,93
377,576,856,Shia001149Vols,300,13,653,203,39
377,1314,1466,Zaydiyya0000256,393,4,162,119,94
377,1236,1466,Shia001138BK1,134,0,221,172,90
377,706,856,Shia001138BK1,137,1160,1308,111,93
377,1213,1457,Masaha000001Vols,695,130,388,162,77
377,1213,1466,Shia000234Vols,4627,1161,1409,194,95
377,270,856,Shia000234Vols,7746,737,1130,185,38
377,706,856,Shia000075Vols,2612,581,734,109,89
377,1213,1457,Shia001432Vols,23340,573,830,164,78
377,1213,1466,Shia001432Vols,23393,750,992,183,88
377,1213,1466,Shia001432Vols,30904,917,1161,184,88
377,706,856,Shia001432Vols,32311,963,1111,111,93
377,505,714,Shia002394Vols,476,758,989,138,70
377,344,548,Shia002394Vols,477,32,254,133,77
377,505,642,Rafed0003257Vols,868,1327,1498,104,72
377,1213,1457,Shia001122Vols,703,558,816,162,77
377,1213,1466,Shia001122Vols,1534,879,1131,190,90
377,270,392,Shia001122Vols,1561,1098,1399,85,37
377,392,548,Shia001122Vols,1562,0,159,99,81
377,505,797,Shia001122Vols,1562,756,1387,208,40
377,1229,1466,Shia001615Vols,2412,0,221,166,85
377,505,714,Shia002389Vols,308,690,922,140,71
377,270,548,Shia002389Vols,310,326,919,181,40
377,1213,1457,Shia001174Vols,3043,201,458,159,77
377,505,714,Tafsir04056,838,294,491,142,83
377,1213,1466,Shia001217Vols,2549,1094,1342,196,96
377,1213,1314,Shia001217Vols,3028,1154,1255,80,100
377,270,548,Shia001217Vols,4608,368,847,178,45
377,505,714,Shia001217Vols,4609,70,281,126,65
377,704,856,Shia000233,771,681,832,110,91
377,505,714,Shia002382Vols,275,1201,1422,141,74
377,704,856,Zaydiyya0000302,1674,1033,1194,110,86
377,1213,1457,PV2024060601,703,558,816,162,77
377,1213,1466,PV2024060601,1534,879,1131,190,90
377,270,392,PV2024060601,1561,1098,1399,85,37
377,392,548,PV2024060601,1562,0,159,99,81
377,505,797,PV2024060601,1562,756,1387,208,40
377,493,856,PV2024060601,4028,618,1369,264,43
377,704,856,PV2024060601,7800,1179,1340,110,86
378,1236,1400,JK007044,2230,344,470,90,68
378,1236,1400,JK007044,5494,1132,1323,121,80
378,1236,1400,Shia003757,342,591,788,122,78
378,1236,1400,Shamela0005756,8524,394,584,120,80
378,1227,1411,Shamela0005756,9542,579,784,125,73
378,1236,1400,Shamela0005756,13169,1270,1461,120,79
378,1236,1400,Shamela0001687,5560,495,692,122,78
378,1236,1400,Sham19Y0013631,1378,765,953,122,81
378,1205,1400,JK000201,2576,687,843,103,66
378,1252,1400,JK000201,2710,0,167,110,82
378,1236,1400,JK000201,2918,243,426,122,84
378,20,251,Masaha004673,17,1020,1285,166,79
378,1236,1400,Sham19Y0122257,1138,179,312,104,76
378,1220,1400,Sham19Y0122257,2891,562,761,128,77
378,1236,1400,Shamela0008353,837,1127,1314,122,82
378,1236,1400,Shamela0008353,878,1371,1557,122,82
378,256,420,Shia002945Vols,759,753,917,125,96
378,1236,1400,Zaydiyya0000059,1041,726,908,122,83
378,1236,1400,Sham19Y0122096,230,125,311,114,75
378,20,420,Masaha000001Vols,702,566,1073,306,75
378,20,251,Shia001432Vols,1962,557,789,177,94
378,1227,1400,Shia001432Vols,23203,1046,1243,129,81
378,256,420,Shia001432Vols,23386,1031,1194,125,97
378,20,251,Shia001432Vols,23386,170,402,179,95
378,106,420,Shia001122Vols,711,0,429,243,71
378,20,420,Shia001615Vols,3050,305,750,285,80
378,20,251,Shia002389Vols,1854,1026,1262,182,97
378,20,298,Shia001174Vols,3057,818,1126,192,78
378,1227,1400,Shamela0008540,1563,347,548,127,79
378,1236,1400,Shamela0023691,973,398,595,122,78
378,20,251,Shia001217Vols,1234,818,1054,183,97
378,1236,1400,Shia000233,480,653,821,123,92
378,1227,1400,Sham19Y0016714,517,46,244,130,82
378,1227,1400,JK009245,195,1148,1344,128,82
378,1227,1360,Shamela0004473,12876,1417,1566,97,78
378,106,420,PV2024060601,711,0,429,243,71
379,1206,1394,Shia002945Vols,764,784,977,152,97
379,1181,1394,Shia001237Vols,3096,82,285,144,81
379,1206,1394,Shia001122Vols,1553,588,782,151,96
379,1206,1394,Shia001217Vols,4588,1460,1648,152,100
379,727,936,JK001110,68,856,1099,157,81
379,1206,1394,PV2024060601,1553,588,782,151,96
380,240,846,Shia000220Vols,3838,401,635,180,36
380,0,145,Shia000317Vols,3254,626,766,106,89
380,685,846,Shia001432Vols,2251,0,172,126,90
380,560,846,Shia001122Vols,1557,14,326,221,87
380,0,125,Shia001217Vols,1625,925,1049,101,99
380,0,131,Shia001217Vols,4595,1020,1169,102,84
380,133,846,Shia001217Vols,4599,549,1042,284,41
380,560,846,PV2024060601,1557,14,326,221,87
381,982,1174,Kraken21042917,13,1476,1670,149,91
381,56,376,Shamela0006739,1375,184,552,183,62
381,1253,1408,ShamAY0034059,7326,541,706,114,82
381,56,344,JK001091,65,138,560,118,33
381,966,1408,JK000001,782,1025,1581,316,69
381,161,376,Kraken21040812,301,120,546,112,31
381,163,271,ShamAY0035035,4167,865,1275,79,25
381,966,1227,JK009298,1179,118,372,193,89
381,335,591,Shia001122Vols,2115,960,1402,94,21
381,56,271,Sham19Y0014249,668,1106,1461,114,40
381,705,862,Shia002389Vols,2027,706,1125,97,26
381,335,684,Shia001217Vols,4690,420,765,95,22
381,966,1227,Sham19Y0038171,963,414,707,197,80
381,163,271,Sham19Y0038171,1044,888,1346,79,22
381,56,302,JK005022,13,1185,1478,131,54
381,163,376,Zaydiyya0000017,119,582,832,125,66
381,335,591,PV2024060601,2115,960,1402,94,21
382,888,1045,Masaha000001Vols,979,763,939,117,82
382,888,1045,Shia001122Vols,2085,324,513,121,79
382,888,1045,Shia001174Vols,3813,1233,1409,117,82
382,888,1045,PV2024060601,2085,324,513,121,79
383,715,1051,JK006478,1517,0,401,228,69
383,696,1051,JK000001,892,0,360,261,86
383,751,1051,ShamAY0035035,4162,343,836,204,51
383,690,1029,JK001197,110,1230,1611,245,79
384,156,415,Shia001149Vols,709,507,747,145,65
384,585,757,Shia001149Vols,716,469,608,108,79
384,156,415,Shia000004,62,1231,1387,89,41
384,141,405,Tafsir04042,1746,176,405,162,76
384,426,757,Shia000075Vols,2506,544,781,166,60
384,156,415,Shia000182VolsBK2,2185,1244,1479,148,67
384,585,757,Shia001432Vols,22102,331,462,102,75
384,156,363,Shia001432Vols,32287,561,666,81,49
384,141,449,Rafed0003257Vols,4221,850,1189,211,73
384,585,757,Shia001122Vols,2132,293,432,108,79
384,150,405,Shia001122Vols,2134,598,856,193,93
384,150,336,Shia002389Vols,2208,1270,1455,142,94
384,585,757,Shia001174Vols,2676,1110,1241,102,75
384,137,440,Shia001418Vols,347,73,385,209,79
384,150,422,Tafsir04056,5974,264,574,206,81
384,585,757,Shia001217Vols,4811,1194,1333,108,79
384,150,405,Shia001217Vols,4969,1124,1378,196,96
384,111,422,Shia002382Vols,1407,57,375,212,80
384,585,757,Zaydiyya0000302,1817,698,837,107,79
384,150,405,Zaydiyya0000302,1844,149,400,193,95
384,128,363,Shia003961Vols,619,208,421,139,72
384,585,757,PV2024060601,2132,293,432,108,79
384,150,405,PV2024060601,2134,598,856,193,93
384,156,415,PV2024060601,4437,1188,1428,145,65
384,585,757,PV2024060601,4444,1190,1329,108,79
384,585,757,PV2024060601,7943,857,996,107,79
384,150,405,PV2024060601,7970,303,554,193,95
385,0,556,JK000001,1020,201,948,249,35
385,636,1351,JK000001,1021,415,1456,405,44
385,0,479,ShamAY0035035,4457,289,858,186,35
385,636,841,ShamAY0035035,4461,49,288,107,54
385,35,556,Shamela0000432,5839,512,1031,208,40
385,698,1351,Shamela0000432,5840,453,1130,237,32
386,0,308,JK000001,1022,1155,1464,231,93
386,0,152,ShamAY0035035,4467,1317,1465,113,94
386,152,316,ShamAY0035035,4468,0,158,118,92
387,697,866,Zaydiyya0000256,451,311,494,129,87
387,697,897,Shia001171,338,309,947,124,24
387,1128,1284,Masaha000001Vols,592,918,1405,115,30
387,880,1042,Masaha000001Vols,593,171,544,125,40
387,880,1454,Shia000806Vols,288,761,1027,138,26
387,697,1289,Shia000220Vols,3837,667,856,119,25
387,697,820,Shia001134,541,942,1521,92,19
387,1128,1284,Shia001122Vols,598,49,539,115,30
387,697,897,Shia001383,43,576,1228,133,25
387,1128,1284,Shia001217Vols,4337,743,1235,115,30
387,1128,1284,PV2024060601,598,49,539,115,30
388,1214,1404,JK005021,192,499,908,134,40
388,1214,1319,Shamela0006739,1375,64,163,76,92
388,1052,1190,JK000761,15,275,432,97,81
388,169,325,Shia001237Vols,2806,502,660,117,93
388,712,923,Shia001237Vols,3169,1271,1446,99,51
388,169,332,Shia001432Vols,22046,957,1491,113,27
388,0,164,Shia001432Vols,22048,1202,1365,135,98
388,518,923,Shia001432Vols,32210,552,1238,249,44
388,1199,1398,JK009298,1256,85,691,142,29
388,169,332,Shia001122Vols,599,473,737,109,52
388,1052,1214,Shia001615Vols,564,1138,1324,119,83
388,164,328,Shia001383,32,830,994,118,90
388,1052,1199,Shia004012,157,1344,1499,109,91
388,712,1045,Shia004012,158,114,402,174,57
388,169,332,Shia001174Vols,2750,1022,1395,105,36
388,1214,1319,JK005022,13,1065,1164,76,92
388,169,332,PV2024060601,599,473,737,109,52
389,400,994,JK006478,1516,197,724,231,41
389,400,994,JK009266,1102,408,933,221,40
389,400,703,JK009268,648,1169,1434,184,70
389,49,357,Shia001122Vols,2077,225,534,249,99
389,42,198,Shia001217Vols,4658,1258,1405,106,82
389,198,357,Shia001217Vols,4659,0,152,124,94
389,400,989,Kraken220413202218,304,1047,1615,218,38
389,400,1047,JK001197,112,889,1337,227,38
389,49,357,PV2024060601,2077,225,534,249,99
390,1259,1487,Masaha000001Vols,617,403,695,180,74
390,1505,1602,Masaha000001Vols,617,1218,1333,76,84
390,1505,1602,Shia001432Vols,22132,168,283,76,84
390,1286,1580,Shia001432Vols,23517,0,340,115,29
390,1259,1487,Shia001122Vols,623,770,1066,183,75
390,1505,1602,Shia001122Vols,624,189,304,76,84
390,1259,1602,Shia001615Vols,1783,692,1094,146,33
390,1259,1596,Shia001383,33,602,967,119,27
390,1505,1602,Shia002389Vols,522,0,120,76,80
390,1505,1602,Shia001174Vols,2820,1144,1264,76,80
390,428,595,EShia0071807,50,1093,1281,51,21
390,1259,1487,PV2024060601,623,770,1066,183,75
390,1505,1602,PV2024060601,624,189,304,76,84
391,179,317,Shia001334,38,491,621,101,90
391,179,317,Masaha000001Vols,613,1067,1200,99,88
391,179,335,Shia001432Vols,21033,489,654,111,80
391,204,317,Shia001432Vols,22408,4,121,87,94
391,179,317,Shia001122Vols,619,1210,1343,99,88
391,398,571,Shia001122Vols,2123,1125,1281,122,86
391,44,390,Shia000107Vols,3155,65,781,214,35
391,179,323,Shia001174Vols,2811,638,782,103,84
391,179,328,Shia001217Vols,3344,793,940,101,82
391,398,571,Shia001217Vols,5169,216,370,122,86
391,179,395,Shia001217Vols,5170,13,291,158,70
391,56,390,Zaydiyya0000302,1795,532,1287,210,33
391,179,317,PV2024060601,619,1210,1343,99,88
391,398,571,PV2024060601,2123,1125,1281,122,86
391,56,356,PV2024060601,7921,694,1414,181,30
392,193,355,Shamela0000782,794,0,160,118,94
392,160,355,Noorlib0007682,75,339,531,139,91
392,140,363,Shamela0001438,1269,897,1126,164,89
392,160,363,Sham19Y0018272,629,304,717,148,45
392,160,363,JK007044,5203,150,355,158,95
392,153,363,JK000381,1932,821,1029,158,92
392,160,363,JK000381,3302,518,717,149,93
392,163,374,JK000381,3776,0,194,146,87
392,909,1185,Hindawi059507481,132,148,398,130,50
392,153,374,Shamela0011730,345,425,632,152,86
392,2,368,Sham19Y0014592,1963,405,1306,245,32
392,160,355,JK000085,190,400,595,146,95
392,160,363,JK000077,98,436,635,149,93
392,160,355,JK000071,178,1130,1315,135,89
392,160,374,JK000707,354,471,676,145,87
392,158,355,Sham19Y0146127,2848,886,1065,128,84
392,160,363,JK007006,475,63,434,151,51
392,1359,1510,JK011730,1430,212,467,105,51
392,160,355,JK000467,55,919,1112,141,93
392,160,368,JK007049,123,873,1070,148,90
392,160,395,JK009390,540,111,376,171,82
392,160,363,Shamela0021659,302,560,775,161,94
392,160,363,JK007070,671,1146,1345,144,91
392,160,363,JK009274,253,930,1145,161,94
392,158,368,Zaydiyya0000352,334,992,1213,155,85
392,160,363,Sham19Y0018607,4689,394,600,154,92
392,158,317,JK000484,5312,1282,1430,104,84
392,160,363,Sham19Y0122096,1032,1098,1301,161,100
392,158,395,Shamela0013039,12,643,913,167,77
392,2,451,Shamela0013039,13,429,625,106,25
392,160,355,JK000585,2278,820,1013,144,94
392,158,355,Sham19Y0132403,99,1160,1338,118,77
392,160,355,JK000140,775,221,414,141,93
392,1359,1510,JK000001,1692,169,432,105,51
392,909,1185,JK000001,1696,471,752,139,55
392,160,374,JK000001,1699,276,492,160,92
392,395,549,JK000001,1699,1407,1558,105,78
392,158,355,JK000916,3683,539,711,126,81
392,160,363,JK000916,3684,1152,1353,149,93
392,2,451,ShamAY0035035,6191,686,1378,158,20
392,160,363,JK000216,160,1043,1252,161,97
392,160,342,Sham19Y0127677,564,1231,1426,144,92
392,158,363,Zaydiyya0000229,319,236,448,147,85
392,160,355,Shamela0009810,1487,1300,1508,146,88
392,158,355,Shamela0012847,40,1041,1223,121,79
392,160,368,Shamela0021809,303,252,448,155,94
392,160,363,Shamela0026566,19,532,724,141,88
392,153,355,Sham19Y0016953Vols,1450,749,962,142,84
392,160,355,PV2024060602,4507,1149,1358,146,89
392,205,355,PV2024060602,6560,0,148,109,94
392,160,355,JK000141,789,891,1100,146,89
392,160,317,Shamela0010517,61,1428,1582,111,91
392,160,395,Shamela0010517,71,384,645,157,77
392,160,328,Sham19Y0001729,170,1112,1278,120,92
392,160,368,JK001503,3741,280,484,147,89
392,158,355,Kraken220413202218,508,163,362,141,87
392,160,374,Shia002261Vols,100,1199,1416,161,92
392,153,355,Kraken220413030905,113,329,525,150,95
392,160,368,Sham19Y0038171,1587,51,261,162,95
392,160,355,Shamela0006610,1134,150,353,137,86
392,160,374,JK000080,803,386,595,148,89
392,160,355,JK000312,508,303,512,146,89
392,160,363,JK008001,1032,97,306,161,97
392,909,1185,JK001197,188,954,1228,139,56
392,2,363,JK001197,189,933,1321,280,88
392,160,391,JK009245,59,1140,1350,151,84
393,330,708,JK007044,5213,299,687,183,52
393,330,527,JK000201,3080,1270,1471,126,69
393,619,818,Sham19Y0122257,2755,764,951,126,77
393,0,186,JK011730,1430,467,739,133,59
393,326,522,JK011730,1433,87,506,122,34
393,330,522,Shamela0021570,457,399,596,126,71
393,827,1037,Shamela0013039,16,111,512,112,37
393,330,669,Shamela0013039,18,230,820,186,39
393,330,522,JK000637,3747,376,572,126,70
393,0,522,JK000001,1692,438,1341,264,34
393,572,818,JK000001,1693,220,781,151,31
393,1115,1258,JK000001,1697,679,1024,108,37
393,827,1043,JK000001,1698,219,595,156,52
393,1115,1262,ShamAY0035035,6185,156,690,109,24
393,330,522,Shamela0000432,4750,415,605,120,74
393,326,818,AOCP20251104145Vols,554,80,729,290,54
393,322,505,Sham19Y0035453,225,1344,1536,118,67
393,326,522,Kraken220413202218,511,0,185,123,73
393,823,1048,Sham19Y0038171,1586,609,1301,151,28
393,330,517,JK000062,147,1161,1351,113,65
393,330,522,JK000485,809,722,919,125,72
393,330,669,JK000080,1001,163,606,182,49
394,101,588,JK007044,5209,764,1210,316,77
394,7,333,Hindawi059507481,131,323,631,153,55
394,101,588,JK000201,3082,81,526,316,77
394,204,1102,JK011730,1430,749,1501,290,34
394,101,588,JK000001,1694,987,1431,308,75
394,640,1431,JK000001,1695,19,709,450,66
394,101,588,ShamAY0035035,6178,932,1392,304,72
394,640,1431,ShamAY0035035,6179,0,839,449,58
394,101,1252,Hindawi081316951,472,654,1470,552,58
394,192,623,AOCP20251104145Vols,550,33,394,239,66
395,745,1107,Hindawi059507481,131,1235,1547,207,65
395,332,562,Shamela0098087,131,171,375,138,69
395,714,1204,JK011730,1436,29,426,244,60
395,336,562,JK006476,1349,302,482,101,56
395,332,534,ShamAY0034059,3542,200,394,139,84
395,235,673,JK000001,1695,897,1433,272,58
395,751,1204,JK000001,1696,0,413,238,59
395,255,673,ShamAY0035035,6180,255,1007,223,34
395,751,1107,JK000298,4778,71,266,130,44
395,332,725,Kraken220413202218,511,889,1195,166,45
395,745,1169,Shia000233,984,1224,1593,205,54
395,336,546,JK000123,1444,859,1069,141,80
395,714,1099,JK001197,188,707,935,144,45
396,318,632,JK005021,341,526,817,136,46
396,516,632,Shamela0036951,1,580,698,87,94
396,615,999,Shia002185Vols,2084,755,1117,257,85
396,628,1009,Shamela0003118,3465,382,756,201,60
396,300,494,ShamAY0034059,2654,714,943,113,58
396,318,501,ShamAY0034059,4526,728,955,109,56
396,306,501,ShamAY0034059,6316,678,913,117,60
396,318,587,Shamela0013039,18,912,1392,165,42
396,587,1074,Shamela0013039,19,0,858,358,51
396,628,999,ShamAY0002038,461,945,1207,179,57
396,628,1009,Shamela0008215,76,268,627,210,65
396,318,596,JK000001,1693,834,1402,187,40
396,477,1074,JK000001,1694,5,641,397,73
396,318,506,ShamAY0035035,6175,785,1045,118,53
396,516,1074,ShamAY0035035,6176,106,1259,408,44
396,628,999,JK009298,174,67,481,232,68
396,628,810,JK009298,354,343,494,109,75
396,321,578,Hindawi081316951,471,1242,1543,166,65
396,578,1014,Hindawi081316951,472,0,485,314,79
396,318,491,Sham19Y0038171,1583,1159,1405,107,51
396,516,628,Sham19Y0038171,1584,557,669,86,98
396,590,1009,JK000080,998,263,701,288,80
397,991,1473,AOCP20251104108,20,261,706,105,19
397,985,1131,Kraken220414225509,67,1253,1529,99,45
397,985,1142,ShamAY0034797,188,1404,1550,104,83
399,979,1107,Shamela0001438,7872,762,907,104,86
399,700,1065,Shamela0008208,46,935,1380,226,60
399,370,617,Shia001544Vols,526,917,1208,180,77
399,358,617,Zaydiyya0000256,97,773,1007,169,82
399,700,917,JK000021,1914,957,1184,138,73
399,924,1174,JK005021,378,687,1271,147,31
399,695,911,Masaha004651,27,16,227,169,95
399,417,1058,Sham19Y0014592,1863,1063,1494,160,25
399,700,917,Sham19Y0014592,2664,1138,1350,167,92
399,683,917,Sham19Y0020879,70,366,617,167,81
399,700,1261,Sham19Y0132973,3,90,619,228,38
399,702,1087,JK000071,453,1021,1526,212,42
399,695,922,Shamela0010614,200,253,490,127,55
399,702,1261,JK006478,1042,848,1439,252,41
399,979,1112,Shamela0008228,1,862,1012,105,85
399,979,1107,JK009390,6010,807,952,104,86
399,700,922,JK000682,650,1104,1306,154,86
399,924,1065,JK007070,97,1321,1463,110,95
399,1074,1261,JK007070,98,0,277,138,62
399,370,617,Shia001402,127,458,787,180,69
399,426,617,Masaha000001Vols,776,0,201,149,92
399,358,617,Masaha000001Vols,803,577,816,169,78
399,695,1107,JK000001,1839,776,1542,289,46
399,1114,1261,Sham19Y0017747,2325,75,298,111,62
399,463,651,JK001332,594,699,959,113,50
399,404,617,Shia000182VolsBK2,3528,420,652,160,86
399,415,617,Shia001417,28,83,278,147,93
399,358,617,Shia001432Vols,4217,113,343,168,82
399,358,627,Shia001432Vols,22930,442,680,173,81
399,695,922,ShamAY0035035,6522,73,341,171,77
399,700,917,ShamIbadiyya0000050,605,60,270,167,94
399,358,617,Shia001122Vols,786,381,623,170,79
399,358,617,Shia001174Vols,3304,169,415,164,74
399,358,904,Shia000151,300,1205,1605,209,38
399,358,617,Shia001217Vols,4412,316,547,170,82
399,624,1364,AOCP20251104103Vols,483,827,1288,293,46
399,702,1261,ShamIbadiyya0000109,7216,563,1298,423,71
399,702,977,Sham19Y0038171,1772,826,1335,210,50
399,417,617,Shia000233,150,434,627,152,96
399,700,911,JK000485,168,1219,1418,157,91
399,979,1107,JK008001,4241,1405,1550,104,86
399,979,1261,JK005022,28,923,1163,150,59
399,358,617,PV2024060601,786,381,623,170,79
400,1333,1486,ShamIbadiyya0000185,615,267,397,60,44
400,1357,1464,Shia001544Vols,979,893,1047,69,56
400,54,574,Masaha004651,27,522,1056,398,89
400,1349,1464,Masaha004651,29,605,719,88,95
400,690,1124,JK006478,1043,973,1430,186,41
400,678,863,JK011730,867,205,389,137,91
400,592,883,JK007070,100,551,1001,202,55
400,690,892,JK001412,288,460,632,124,78
400,59,557,Shia001237Vols,2890,579,1087,401,96
400,557,863,JK000001,1843,205,659,222,61
400,83,557,Shia001432Vols,22934,0,478,376,95
400,557,673,ShamAY0035035,6532,1252,1430,80,55
400,609,892,ShamAY0035035,6533,112,615,185,46
400,690,863,Shamela0022721,661,272,455,137,93
400,59,557,Shia001266,29,150,657,393,93
400,54,574,Shia000151,301,298,832,390,88
400,1349,1464,Shia000151,303,411,527,84,92
400,1357,1482,Shamela0001717,3957,959,1106,48,33
400,690,863,ShamIbadiyya0000109,7218,281,465,134,91
400,215,463,Shia000233,151,636,845,131,59
400,312,442,Masaha000554Vols,969,435,565,100,95
400,673,1109,JK001197,218,1036,1452,176,41
400,690,863,Shamela0010488,134,32,197,121,87
402,181,693,Masaha004651,30,388,765,172,41
402,65,693,JK000001,1848,530,1087,253,43
403,952,1175,Shamela0098087,148,1352,1516,113,63
403,310,434,JK006478,1048,163,412,57,28
403,1239,1529,JK000001,1851,649,1033,175,53
403,1239,1529,ShamAY0035035,6549,194,833,144,25
403,110,434,ShamAY0035035,6550,497,887,93,24
403,110,434,Kraken220413202218,578,51,305,74,19
404,97,709,JK000001,1850,464,1153,299,50
405,1036,1463,Shamela0098087,149,1306,1566,121,35
405,892,1628,Masaha004651,32,342,898,305,50
405,944,1615,JK006478,1049,233,962,235,31
405,275,934,JK000001,1853,151,873,360,53
405,947,1628,JK000001,1854,0,539,287,51
405,275,861,ShamAY0035035,6551,237,909,304,49
405,944,1628,ShamAY0035035,6552,563,1253,301,45
405,1062,1628,Shia000151,306,322,726,218,48
405,275,698,Kraken220413202218,578,1152,1594,247,62
405,944,1628,Kraken220413202218,579,1091,1625,293,51
405,1455,1628,Shia000233,155,311,466,107,74
406,25,880,Masaha004651,32,957,1301,205,29
406,517,783,JK006478,1049,1110,1340,145,62
406,14,880,JK000001,1854,596,1395,360,41
406,155,880,ShamAY0035035,6553,102,981,323,37
406,25,880,Shia000151,306,786,1130,204,29
406,14,880,Kraken220413202218,580,35,939,377,41
407,141,567,Shamela0098087,150,1146,1449,186,51
407,395,887,Masaha004651,33,432,860,213,48
407,964,1541,Masaha004651,33,914,1492,264,49
407,8,887,JK000001,1856,243,1057,437,56
407,196,855,ShamAY0035035,6557,85,894,269,36
407,395,887,Shia000151,307,242,672,206,48
407,964,1541,Shia000151,307,726,1302,245,45
407,141,855,Kraken220413202218,581,568,1168,278,46
407,395,887,JK001197,220,720,1152,209,47
408,314,950,Masaha004651,34,880,1489,235,38
408,44,255,Masaha004651,34,247,468,120,70
408,972,1335,Masaha004651,35,0,415,187,47
408,867,1197,JK011730,868,1136,1505,123,36
408,44,314,JK000001,1857,538,778,129,58
408,811,1361,JK000001,1858,408,1022,285,49
408,916,1361,Shia001432Vols,22924,0,445,231,54
408,44,314,ShamAY0035035,6558,739,1011,130,54
408,916,1335,ShamAY0035035,6559,1059,1537,214,49
408,44,255,Shia000151,308,94,317,112,65
408,314,1158,Shia000151,308,724,1470,321,41
408,736,1335,Kraken220413202218,582,972,1503,225,41
408,44,348,Kraken220413202218,582,735,1005,138,59
408,44,155,JK001197,221,486,604,84,89
409,10,364,Shamela0098087,151,905,1119,110,35
409,22,571,JK000001,1861,731,1140,194,39
409,1033,1419,JK000001,1863,13,366,145,34
409,1022,1419,Shia001432Vols,22924,699,1056,149,35
409,22,571,ShamAY0035035,6564,494,955,190,33
409,27,364,Kraken220413202218,585,315,525,100,35
410,732,1041,JK007070,111,557,821,127,47
410,578,1622,JK000001,1863,475,1129,300,34
410,578,989,Shia001432Vols,22924,1166,1488,174,51
410,1007,1622,Shia001432Vols,22925,5,290,120,23
410,578,989,ShamAY0035035,6566,1099,1507,180,47
411,462,1374,JK000001,1864,99,1101,336,34
411,0,1374,Shia001432Vols,22925,290,1474,426,32
412,427,601,Shia001353,225,828,1191,103,36
412,427,620,Shia004030Vols,1936,472,830,114,41
412,905,1310,Masaha000001Vols,705,846,1152,157,41
412,180,791,JK000001,1859,295,1339,288,32
412,952,1310,Shia001432Vols,23367,0,373,112,25
412,905,1310,Shia001122Vols,714,357,665,157,41
412,905,1310,Shia001217Vols,4645,147,444,158,42
412,416,791,Kraken2107192213391,408,121,829,204,35
412,905,1310,PV2024060601,714,357,665,157,41
413,188,421,Shamela0008241,22,506,744,165,82
413,188,421,JK000022,1329,96,304,136,67
413,226,421,Shamela0012884,2074,1239,1395,100,59
413,188,421,ShamAY0034809,620,636,844,136,67
413,188,427,Sham19Y0014592,851,1103,1292,117,57
413,188,421,Sham19Y0014592,1951,865,1100,164,82
413,205,421,Shamela0006463,80,536,719,122,66
413,185,421,JK006478,1042,1093,1334,179,94
413,188,421,Kraken220208041040,1602,1234,1441,134,66
413,205,421,Shamela0026884,725,837,1061,158,86
413,1043,1151,Tafsir04042,2096,1197,1305,87,100
413,180,421,JK007070,98,449,733,183,80
413,1033,1210,Shia001237Vols,2199,969,1181,143,83
413,188,421,Shamela0013039,43,203,426,163,86
413,188,421,Shamela0021493,317,256,457,135,69
413,1276,1477,Masaha000001Vols,725,280,514,149,75
413,438,609,JK000001,1129,352,620,66,25
413,180,421,JK000001,1840,351,605,181,88
413,205,421,Shamela0000222,27,972,1166,130,71
413,205,421,JK000916,24139,310,549,151,74
413,1276,1482,Shia001432Vols,21085,110,348,152,76
413,1033,1224,Shia001432Vols,23545,134,352,145,82
413,180,427,ShamAY0035035,6525,317,602,187,83
413,188,421,JK000015,47,631,870,168,84
413,180,421,JK009268,443,1045,1280,170,88
413,1276,1477,Shia001122Vols,734,822,1055,149,76
413,205,421,Shamela0008243,47,802,1035,160,83
413,1276,1477,Shia001174Vols,3137,799,1032,151,76
413,1217,1477,Shia001217Vols,3418,1220,1357,78,38
413,1276,1472,Shia004021,60,1019,1248,127,62
413,188,421,JK000487,294,1128,1361,171,87
413,180,421,Sham19Y0123665,1724,669,920,182,89
413,1276,1477,PV2024060601,734,822,1055,149,76
414,1333,1487,JK005021,216,98,440,108,38
414,23,214,Shia001138BK2,52,650,844,140,87
414,23,379,Masaha000001Vols,834,605,1395,272,42
414,0,198,Shia000220Vols,3336,789,1004,148,84
414,0,198,Shia000317Vols,14542,771,985,149,85
414,23,193,Shia001432Vols,1965,806,975,133,96
414,23,198,Shia001432Vols,23548,896,1070,134,94
414,277,462,Shia001432Vols,23552,571,978,141,43
414,23,566,Shia001122Vols,818,728,1317,273,44
414,277,457,Shia001122Vols,819,22,316,139,59
414,0,214,Shia001615Vols,1781,396,619,144,79
414,0,225,Shia001383,81,497,749,154,75
414,23,193,Shia002389Vols,2333,781,950,133,96
414,23,193,Shia002380Vols,628,212,382,138,99
414,23,193,Shia001217Vols,3411,829,998,133,96
414,21,200,Shia002382Vols,1476,152,336,139,91
414,21,200,Shia002382Vols,2004,890,1074,139,91
414,23,566,PV2024060601,818,728,1317,273,44
414,277,457,PV2024060601,819,22,316,139,59
415,1401,1530,Shamela0001438,657,871,1001,107,99
415,976,1171,Shia001544Vols,1491,252,541,119,49
415,1394,1530,Shia003712,105,1043,1192,109,86
415,1334,1530,Zaydiyya0000121,1,1131,1299,125,77
415,1334,1530,Shia004092Vols,3722,1351,1513,119,73
415,1401,1530,Shia004092Vols,6943,1007,1136,107,100
415,1317,1530,Shia001334,335,1137,1319,123,67
415,1334,1530,Rafed0002654Vols,3339,999,1162,119,72
415,1401,1530,Rafed0002654Vols,6629,822,952,107,99
415,1334,1530,Rafed0003537Vols,480,574,1191,155,30
415,1289,1543,Rafed0003537Vols,483,246,544,209,84
415,218,557,Masaha004673,17,751,976,106,39
415,66,211,JK000761,223,485,648,82,64
415,1317,1535,Shia003692,19,1229,1443,113,53
415,1401,1530,JK009390,309,423,552,107,100
415,1401,1530,JK001091,173,869,995,104,97
415,1399,1530,Shia001142Vols,22,1395,1519,104,94
415,1399,1530,Shia001142Vols,468,547,686,104,90
415,218,511,Shia001237Vols,3146,603,1077,131,28
415,1310,1530,Shia004030Vols,1986,26,214,129,68
415,1334,1530,JK009313,4740,1080,1249,121,73
415,96,211,Masaha000979,201,1194,1313,74,74
415,1394,1530,Shia003727Vols,7,292,441,109,86
415,380,567,Shia001432Vols,23311,131,520,133,44
415,976,1171,Shia001432Vols,23535,59,608,108,23
415,1401,1530,Sham19Y0018315,260,373,502,107,100
415,1394,1530,Shia003707Vols,44,1074,1224,109,85
415,1325,1530,Shia003707Vols,359,527,701,119,67
415,1401,1530,Sham19Y0127677,303,232,361,107,100
415,32,211,Shia001122Vols,712,672,824,103,66
415,1401,1530,Shia001615Vols,2361,306,435,107,100
415,373,487,Shia001615Vols,2824,966,1079,88,99
415,66,395,Shia001615Vols,3042,330,1054,152,23
415,32,211,Shia001174Vols,3060,231,383,103,66
415,1401,1530,JK001324,273,862,991,107,100
415,1060,1171,Shia001217Vols,3316,204,526,81,31
415,1325,1530,Shia001217Vols,4616,521,700,127,72
415,380,557,Shia001217Vols,4641,230,485,133,66
415,1334,1535,ShamAY0032826,186,492,659,124,74
415,1334,1535,ShamAY0032826,187,84,251,124,74
415,1401,1530,Shia003754Vols,395,949,1078,107,100
415,1401,1530,Shia003754Vols,434,544,673,107,100
415,1401,1530,JK008001,6188,805,933,106,99
415,32,211,PV2024060601,712,672,824,103,66
416,232,698,ShamAY0035035,4730,1028,1148,97,25
416,232,698,ShamIbadiyya0000198Vols,1581,424,545,86,22
416,467,611,Shia001122Vols,675,250,556,107,44
416,467,611,Shia001615Vols,3449,242,467,107,60
416,219,698,JK007066,11,759,910,93,22
416,467,611,Shia001217Vols,4620,713,1019,107,44
416,239,698,ShamIbadiyya0000109,1833,614,727,91,24
416,232,698,ShamIbadiyya0000109,7509,566,686,97,25
416,232,698,Sham19Y0038171,1191,559,679,97,25
416,467,611,PV2024060601,675,250,556,107,44
417,1295,1456,Shia001544Vols,691,231,386,118,87
417,1295,1448,Shia001138BK2,67,258,415,117,93
417,419,1060,Shia001171,513,516,1215,245,31
417,533,1180,Shia001153,187,12,499,200,34
417,722,1143,Masaha000001Vols,820,659,1016,163,36
417,1295,1456,Masaha000001Vols,822,420,586,129,95
417,1295,1456,Shia001417,238,546,702,119,88
417,1295,1456,Shia001432Vols,4695,21,187,129,96
417,722,1060,Shia001432Vols,23689,694,958,140,40
417,722,1060,Shia001432Vols,23699,473,693,115,34
417,638,1214,Shia001432Vols,23706,422,1037,129,16
417,1295,1456,Shia001432Vols,23708,720,886,129,96
417,1295,1456,Shia001432Vols,23720,1129,1296,125,92
417,717,1180,Shia001432Vols,24577,462,744,186,47
417,722,1060,Shia001134,219,510,784,140,39
417,1072,1456,Masaha001108Vols,100,622,955,168,41
417,835,1214,Shia001122Vols,804,0,756,244,38
417,5,1060,Shia001615Vols,2084,92,820,243,23
417,1143,1456,Shia001615Vols,2085,1036,1288,184,71
417,722,1060,Shia004012,175,220,522,118,31
417,722,1060,Shia002389Vols,2219,1125,1338,111,33
417,722,1055,Shia001174Vols,3366,76,290,113,34
417,933,1138,Shia001174Vols,3366,706,1105,135,40
417,734,1055,Shia002380Vols,607,334,543,106,32
417,1295,1456,Shia001217Vols,1811,423,579,116,86
417,722,1072,Shia001217Vols,4448,1120,1353,121,35
417,998,1456,Shia000068,41,964,1365,201,43
417,722,1055,Shia002382Vols,1415,451,672,116,34
417,815,1060,Shia001137,94,568,795,157,74
417,835,1214,PV2024060601,804,0,756,244,38
418,0,155,Shia001138BK2,67,423,744,109,42
418,278,478,Shia001237Vols,2937,1288,1513,140,77
418,78,273,Masaha000001Vols,823,693,891,149,95
418,278,517,Shia001432Vols,23692,1081,1341,170,79
418,290,517,Shia001432Vols,23702,332,554,167,93
418,78,273,Shia001432Vols,23705,397,597,150,96
418,278,517,Shia001122Vols,805,1012,1236,165,84
418,78,273,Shia001122Vols,807,249,449,150,96
418,278,517,Shia001174Vols,3370,1067,1307,178,91
418,78,234,Shia001174Vols,3373,1252,1412,122,96
418,78,273,Shia001174Vols,3374,116,722,90,17
418,278,517,Tafsir04056,1433,998,1251,163,76
418,78,200,Shia001217Vols,4447,219,341,96,100
418,155,273,Rafed0000685Vols,202,7,130,89,94
418,278,517,PV2024060601,805,1012,1236,165,84
418,78,273,PV2024060601,807,249,449,150,96
419,672,1072,Shia001237Vols,2836,1047,1426,151,33
419,1183,1466,Shia001237Vols,2941,95,405,204,79
419,30,193,Shia001237Vols,3233,111,311,107,63
419,660,803,Shia001432Vols,23727,661,874,97,58
419,909,1059,Shia001432Vols,23728,768,976,116,70
419,46,193,Shia001432Vols,23750,743,927,112,76
419,1171,1466,Shia001432Vols,32734,673,998,208,78
419,798,1030,Shia001615Vols,2085,710,914,79,32
419,655,813,Shia001383,242,1109,1325,96,56
419,30,230,Shia004012,175,1158,1507,135,48
419,1183,1466,Shia004012,177,168,498,204,75
419,798,1004,Rafed0000685Vols,201,1181,1365,88,42
420,1126,1353,Shia001237Vols,2227,202,784,179,38
420,0,845,Shia001237Vols,2941,405,1400,660,82
420,1359,1492,Shia001237Vols,3131,374,555,101,70
420,1359,1492,Masaha000001Vols,692,201,372,104,77
420,1126,1395,Masaha000001Vols,846,163,560,179,54
420,1126,1353,Shia000182VolsBK2,3532,600,823,163,90
420,1193,1374,Shia001300,201,767,963,143,90
420,1359,1492,Shia001432Vols,23310,836,988,103,84
420,1126,1379,Shia001432Vols,23546,335,980,164,32
420,0,536,Shia001432Vols,32734,998,1502,388,87
420,536,904,Shia001432Vols,32735,0,418,280,85
420,1359,1492,Shia001122Vols,700,489,660,104,77
420,1126,1359,Shia001122Vols,830,877,1176,167,69
420,1126,1371,Shia001615Vols,802,897,1156,182,89
420,0,850,Shia004012,177,498,1463,667,85
420,1359,1492,Shia001174Vols,3038,688,859,104,77
420,1126,1353,Shia001217Vols,3432,965,1282,167,66
420,1359,1492,Shia001217Vols,4626,517,688,104,77
420,1205,1353,Shia004021,280,1461,1574,88,75
420,1359,1492,PV2024060601,700,489,660,104,77
420,1126,1359,PV2024060601,830,877,1176,167,69
421,442,674,Shia000178,6,402,595,156,81
421,404,666,Shia001544Vols,492,747,991,166,73
421,474,674,Shia001544Vols,1166,999,1199,157,96
421,404,763,Shia001138BK1,141,530,1010,238,58
421,774,1467,Shia001120,22,609,1178,319,56
421,1016,1122,Masaha004673,8,975,1077,81,96
421,950,1308,Masaha004673,11,632,1022,151,45
421,426,674,Shia002945Vols,759,0,246,186,90
421,832,1467,Shia001237Vols,3130,915,1351,294,55
421,1127,1308,Shia001237Vols,3132,938,1109,124,84
421,832,1472,Masaha000001Vols,688,541,1417,400,51
421,404,827,Masaha000001Vols,698,198,1097,307,41
421,275,410,JK000001,1130,0,246,106,54
421,1069,1308,Shia001417,31,514,737,131,69
421,422,674,Shia001432Vols,2058,658,818,116,55
421,1311,1472,Shia001432Vols,2405,945,1114,128,95
421,1127,1308,Shia001432Vols,4215,797,965,123,83
421,1004,1472,Shia001432Vols,23302,474,1383,355,48
421,1127,1315,Shia001432Vols,23319,717,892,126,82
421,404,679,Shia001432Vols,23331,917,1190,194,83
421,401,763,Shia001432Vols,23435,985,1435,246,63
421,832,1421,Shia001122Vols,696,681,1415,361,55
421,404,763,Shia001122Vols,706,712,1408,261,45
421,1127,1308,Shia001615Vols,1312,169,325,113,78
421,422,674,Shia001615Vols,2531,339,499,116,55
421,1004,1127,Shia001615Vols,2824,759,886,95,94
421,1004,1122,Shia001174Vols,3032,1132,1253,93,95
421,1142,1472,Shia001174Vols,3033,0,338,262,97
421,404,674,Shia001174Vols,3049,511,777,194,84
421,679,915,Shia001174Vols,3050,287,891,132,28
421,1004,1193,Shia001217Vols,4626,17,225,109,60
421,890,1308,Shia001217Vols,4627,180,404,97,30
421,404,674,Shia001217Vols,4638,1077,1335,187,81
421,679,827,Shia001217Vols,4639,705,1295,114,24
421,1315,1472,Shia001255Vols,1122,99,263,124,94
421,1127,1308,Shia003700,107,360,521,117,79
421,832,1421,PV2024060601,696,681,1415,361,55
421,404,763,PV2024060601,706,712,1408,261,45
422,273,892,Shia001138BK1,142,630,1129,173,28
422,0,160,Shia001120,22,1181,1375,115,72
422,177,632,Shia001120,25,970,1416,283,75
422,632,959,Shia001120,26,0,307,216,81
422,259,386,Shia001237Vols,2167,286,403,90,87
422,143,386,Shia001237Vols,3131,1140,1399,131,54
422,386,959,Shia001237Vols,3132,0,564,394,84
422,143,692,Masaha000001Vols,689,699,1419,173,22
422,379,959,Masaha000001Vols,691,0,662,433,83
422,0,148,Shia001432Vols,2405,1114,1264,113,94
422,273,892,Shia001432Vols,23304,876,1376,169,28
422,256,904,Shia001432Vols,23308,601,1253,503,97
422,913,1168,Shia001432Vols,23309,1196,1451,203,98
422,138,425,Shia001122Vols,697,818,1351,120,24
422,0,350,Shia001122Vols,697,59,421,138,35
422,256,959,Shia001122Vols,699,94,883,527,85
422,823,1168,Shia001122Vols,700,14,376,227,77
422,913,1168,Shia002389Vols,2333,415,670,203,98
422,0,143,Shia001174Vols,3033,338,479,112,98
422,138,859,Shia001174Vols,3034,533,1426,242,26
422,282,959,Shia001174Vols,3037,0,764,513,85
422,918,1168,Shia001174Vols,3038,0,251,196,96
422,256,682,Shia001217Vols,4628,938,1364,330,98
422,682,1168,Shia001217Vols,4629,0,546,328,68
422,0,143,Shia001255Vols,1122,263,405,112,97
422,138,425,PV2024060601,697,818,1351,120,24
422,0,350,PV2024060601,697,59,421,138,35
422,256,959,PV2024060601,699,94,883,527,85
422,823,1168,PV2024060601,700,14,376,227,77
423,263,485,Shia001115Vols,118,967,1186,171,94
423,490,639,Shia001115Vols,119,688,844,114,90
423,275,485,Shia000298Vols,3203,1007,1209,157,93
423,263,490,Shia001138BK2,36,375,598,171,93
423,1013,1143,Shia001138BK2,45,110,234,96,93
423,1296,1426,Masaha000001Vols,667,995,1239,100,50
423,1013,1147,Masaha000001Vols,693,1067,1201,100,94
423,0,268,Masaha000001Vols,844,763,1092,182,65
423,263,639,Masaha000001Vols,845,276,945,286,52
423,1107,1268,Shia000182VolsBK2,3531,1216,1398,105,74
423,263,639,Shia000182VolsBK2,3532,53,461,284,85
423,263,485,Shia001432Vols,1965,1119,1338,171,94
423,1013,1138,Shia001432Vols,23336,432,557,99,100
423,1256,1426,Shia001432Vols,23349,832,1126,113,45
423,1013,1172,Shia001432Vols,23567,1000,1168,105,78
423,263,485,Shia001432Vols,23567,16,242,176,97
423,263,490,Shia001432Vols,23570,1054,1296,177,92
423,984,1261,Shia001432Vols,23572,503,768,146,62
423,90,263,Shia001432Vols,23573,1040,1212,128,89
423,1143,1273,Shia001432Vols,23574,408,553,98,86
423,275,490,Masaha001108Vols,98,727,938,165,94
423,1013,1147,Shia001122Vols,702,8,142,101,95
423,263,485,Shia001122Vols,829,900,1118,170,94
423,20,268,Shia001122Vols,829,0,311,165,63
423,984,1261,Shia001122Vols,830,427,692,146,62
423,490,639,Shia001122Vols,830,44,205,115,88
423,634,996,Shia001122Vols,3501,745,1126,271,88
423,90,258,Shia001615Vols,616,481,648,127,90
423,229,485,Shia001615Vols,3272,4,243,175,82
423,1278,1426,Shia001615Vols,3757,949,1141,78,40
423,1026,1261,Masaha001007BK2,51,960,1300,147,52
423,1256,1426,Shia001174Vols,2987,1021,1293,113,48
423,263,485,Shia001174Vols,3448,830,1048,170,94
423,1026,1261,Shia001174Vols,3450,15,260,143,69
423,634,996,Shia001174Vols,4576,833,1213,272,88
423,634,1001,Shia001217Vols,3415,1007,1387,272,88
423,1013,1138,Shia001217Vols,4631,1285,1410,99,100
423,1143,1273,Shia001217Vols,4647,973,1118,99,87
423,0,258,Shia001217Vols,4647,74,391,174,64
423,475,639,Shia001217Vols,4648,1111,1263,107,81
423,263,485,Shia001217Vols,4648,312,531,171,94
423,1026,1261,Shia001114,90,26,390,158,52
423,332,495,Shia000068,40,0,163,122,95
423,258,485,Shia004021,278,612,824,169,92
423,1013,1147,PV2024060601,702,8,142,101,95
423,263,485,PV2024060601,829,900,1118,170,94
423,20,268,PV2024060601,829,0,311,165,63
423,984,1261,PV2024060601,830,427,692,146,62
423,490,639,PV2024060601,830,44,205,115,88
423,634,996,PV2024060601,3501,745,1126,271,88
424,1030,1321,Shia001120,21,902,1405,125,28
424,739,1275,Masaha004673,9,91,531,215,51
424,122,617,Masaha004673,14,73,536,272,65
424,1206,1321,Shia001171,407,637,743,74,81
424,739,1018,Masaha000001Vols,692,949,1398,209,58
424,1018,1185,Masaha000001Vols,693,83,378,119,50
424,234,426,Masaha000001Vols,695,483,677,149,95
424,433,617,Masaha000001Vols,696,426,609,143,99
424,1218,1321,Shia000234Vols,6387,371,464,71,89
424,234,431,Shia001417,30,793,954,118,77
424,722,897,Shia000220Vols,3838,1018,1185,128,91
424,1206,1393,Shia001432Vols,23299,486,648,92,62
424,739,897,Shia001432Vols,23334,186,345,120,94
424,1018,1185,Shia001432Vols,23335,644,1134,119,30
424,1192,1321,Shia001432Vols,23337,651,799,85,73
424,1190,1412,Shia001432Vols,23338,63,275,146,75
424,255,431,Shia001432Vols,23341,4,180,135,98
424,433,627,Shia001432Vols,23343,464,658,144,96
424,1206,1393,Shia001432Vols,30902,1015,1177,92,62
424,1206,1321,Shia001134,430,1320,1426,74,81
424,1206,1393,Masaha001108Vols,436,1095,1257,92,62
424,739,897,Shia001122Vols,700,1244,1403,120,94
424,897,1185,Shia001122Vols,701,156,696,206,48
424,1192,1412,Shia001122Vols,702,246,920,146,26
424,234,426,Shia001122Vols,703,911,1107,149,96
424,433,617,Shia001122Vols,704,863,1047,143,100
424,1218,1321,Shia001122Vols,1870,404,497,72,90
424,1206,1321,Shia001615Vols,449,1294,1400,74,81
424,739,1185,Shia001174Vols,3039,201,1419,317,32
424,1190,1412,Shia001174Vols,3042,138,353,147,76
424,234,426,Shia001174Vols,3043,642,838,149,96
424,1218,1321,Shia001217Vols,3727,958,1051,72,90
424,1206,1321,Shia001217Vols,3728,1145,1251,74,81
424,716,892,Shia001217Vols,4630,1148,1318,125,88
424,234,426,Shia001217Vols,4632,961,1157,149,96
424,1190,1412,Shia001217Vols,4634,1113,1313,146,79
424,1018,1321,Shia001217Vols,4634,367,949,199,43
424,433,644,Shia001217Vols,4636,122,335,145,87
424,739,897,PV2024060601,700,1244,1403,120,94
424,897,1185,PV2024060601,701,156,696,206,48
424,1192,1412,PV2024060601,702,246,920,146,26
424,234,426,PV2024060601,703,911,1107,149,96
424,433,617,PV2024060601,704,863,1047,143,100
424,1218,1321,PV2024060601,1870,404,497,72,90
425,1021,1266,Masaha001028,91,554,800,177,88
425,1021,1266,Masaha001028,163,276,522,177,88
425,507,929,Shia001138BK2,44,1033,1421,271,79
425,929,1048,Shia001138BK2,45,0,261,78,39
425,512,850,Shia004623,10,66,258,145,53
425,512,1036,Masaha000001Vols,693,564,1088,385,90
425,1021,1261,Masaha000001Vols,694,752,990,189,98
425,1255,1423,Masaha000001Vols,696,713,1219,118,30
425,589,1036,Shia001432Vols,23336,0,453,323,89
425,1021,1266,Shia001432Vols,23338,1227,1470,186,94
425,85,428,Shia001432Vols,23339,803,1162,264,91
425,1255,1372,Shia001432Vols,23343,1061,1176,80,89
425,512,1036,Shia001432Vols,23567,497,1021,357,82
425,519,720,Shia001391,101,1400,1584,124,74
425,512,1014,Shia001122Vols,701,882,1378,376,94
425,1021,1261,Shia001122Vols,702,1113,1354,190,99
425,85,423,Shia001122Vols,703,98,453,265,92
425,1255,1367,Shia001122Vols,704,1152,1262,79,91
425,1014,1266,Shia000047,101,1074,1335,180,83
425,85,218,Shia002389Vols,2540,1256,1389,101,93
425,512,1036,Shia001174Vols,3040,421,949,385,91
425,85,423,Shia001174Vols,3042,905,1260,265,92
425,1255,1367,Shia001174Vols,3045,543,650,77,89
425,1021,1186,Shia001217Vols,2964,255,420,130,99
425,428,850,Shia001217Vols,4631,519,1246,322,56
425,85,423,Shia001217Vols,4632,207,563,256,88
425,1021,1261,Shia001217Vols,4635,127,367,190,100
425,1255,1367,Shia001217Vols,4637,1218,1328,79,91
425,507,783,Shia004021,279,671,902,147,64
425,512,1014,PV2024060601,701,882,1378,376,94
425,1021,1261,PV2024060601,702,1113,1354,190,99
425,85,423,PV2024060601,703,98,453,265,92
425,1255,1367,PV2024060601,704,1152,1262,79,91
426,7,227,Masaha004673,14,609,821,159,87
426,223,360,Shia002945Vols,762,691,844,106,86
426,0,175,Masaha000001Vols,696,1219,1392,141,98
426,3,211,Shia001432Vols,2452,0,196,157,94
426,235,351,Shia001432Vols,23343,5,121,93,100
426,0,223,Shia001432Vols,23344,629,852,176,98
426,223,351,Shia001122Vols,704,632,776,101,88
426,0,211,Shia001122Vols,705,296,507,169,100
426,0,218,Shia001615Vols,617,1226,1435,166,94
426,69,211,Shia001174Vols,3046,0,142,113,100
426,65,211,Shia001418Vols,145,427,573,116,100
426,0,242,Shia001217Vols,4636,848,1100,173,82
426,223,351,PV2024060601,704,632,776,101,88
426,0,211,PV2024060601,705,296,507,169,100
427,1208,1332,Masaha004580,90,0,122,98,97
427,1351,1544,Zaydiyya0000330BK1,32,242,603,60,15
427,1346,1544,Shia000094Vols,864,1366,1578,152,88
427,1204,1332,Shia001107Vols,477,5,133,104,100
427,211,337,Sham19Y0029676,365,1128,1274,95,82
427,1351,1544,Zaydiyya0000378,98,1379,1551,123,78
427,1131,1332,Shia002185Vols,3896,1264,1468,122,76
427,576,1061,Rafed0000040Vols,1688,475,727,175,41
427,223,332,JK001000,39,184,294,79,91
427,68,1143,Zaydiyya0000347,359,603,1507,352,34
427,1351,1544,Zaydiyya0000352,254,1206,1420,127,66
427,1201,1344,Shia001355,79,331,474,108,91
427,199,327,ShamIbadiyya0000220,78,916,1050,87,83
427,1199,1337,Shia001237Vols,2997,810,949,107,93
427,1204,1332,Shia20200618,240,540,668,104,100
427,211,322,JK000001,1314,700,833,87,83
427,1346,1544,Shia000075Vols,1957,162,369,152,90
427,1351,1544,Shia000182VolsBK2,1903,108,304,148,89
427,1320,1544,Shia003749,244,19,227,153,81
427,1351,1544,Shia001417,19,989,1183,147,89
427,303,444,Shia000317Vols,7510,1398,1534,88,80
427,1346,1544,Shia000317Vols,7512,1135,1329,146,89
427,1068,1378,Shia000317Vols,7527,469,723,158,60
427,1320,1544,Shia001432Vols,3893,344,560,160,84
427,1201,1337,Shia001432Vols,31293,104,243,109,97
427,1346,1544,Shia001432Vols,31296,927,1133,151,90
427,211,322,ShamAY0035035,5291,1199,1332,87,83
427,1351,1526,Shia002394Vols,629,564,733,130,90
427,1351,1544,Zaydiyya0000388,37,6,198,127,74
427,172,667,Shia004028,141,0,308,113,22
427,1204,1332,Rafed0001617Vols,255,979,1107,103,99
427,1389,1544,Zaydiyya0000229,242,0,135,107,84
427,211,652,JK009270,1835,1029,1511,161,30
427,1351,1544,Shia001122Vols,2057,779,993,154,90
427,842,1061,Shia001122Vols,2058,172,434,171,79
427,303,614,Shia001122Vols,2060,744,966,104,35
427,1320,1544,Shia001615Vols,906,815,1019,159,87
427,1346,1544,Shia000107Vols,3087,860,1077,149,85
427,1320,1544,Shia001383,37,902,1112,158,87
427,837,1061,Shia002389Vols,687,1175,1390,165,86
427,1351,1492,Zaydiyya0000093,22,753,891,95,84
427,1351,1544,Zaydiyya0000093,26,1545,1726,121,71
427,1351,1544,Zaydiyya0000093,95,885,1059,122,78
427,1351,1544,Zaydiyya0000037Vols,2659,1029,1204,126,80
427,842,1061,Shia001217Vols,4489,15,283,171,77
427,303,439,Shia001217Vols,4490,963,1098,83,75
427,1201,1332,Shia001217Vols,4497,1244,1375,106,100
427,1346,1544,Shia001217Vols,4505,200,408,150,85
427,303,439,Shia000233,613,285,413,82,71
427,1351,1544,Shia002382Vols,336,1244,1444,148,88
427,842,1061,Shia002382Vols,519,335,571,170,87
427,1346,1544,Shia003764Vols,268,18,214,152,95
427,1201,1367,Masaha001978Vols,408,535,694,113,85
427,223,322,JK001197,156,92,191,78,100
427,1337,1544,Zaydiyya0000302,1665,207,412,155,89
427,1337,1544,Shia003961Vols,569,495,721,154,81
427,1351,1544,PV2024060601,2057,779,993,154,90
427,842,1061,PV2024060601,2058,172,434,171,79
427,303,614,PV2024060601,2060,744,966,104,35
427,1337,1544,PV2024060601,7791,401,606,155,89
428,143,529,Zaydiyya0000013,264,834,1214,277,87
428,551,685,Shia000298Vols,3694,1270,1404,106,99
428,141,529,Shia001272,34,872,1252,277,87
428,349,685,Shia000275Vols,1251,12,299,187,67
428,551,685,Shia000405Vols,2598,642,776,106,99
428,141,529,Shia001237Vols,2999,1050,1422,252,78
428,79,685,Shia000075Vols,1956,46,559,182,27
428,534,685,Shia000182VolsBK2,1903,441,608,118,87
428,735,913,Shia000317Vols,7523,75,254,129,87
428,551,764,Shia000317Vols,7527,1444,1627,123,70
428,143,526,Shia000317Vols,7528,116,399,186,56
428,141,529,Shia001432Vols,4731,1001,1382,281,89
428,98,529,Shia001432Vols,31290,0,506,309,74
428,1108,1364,ShamAY0035035,5299,1035,1361,161,57
428,551,692,Shia004028,143,1079,1221,109,95
428,20,136,Shia001122Vols,2057,1089,1547,88,24
428,141,529,Shia001122Vols,2059,158,543,291,94
428,692,905,Shia001122Vols,3552,1001,1258,158,76
428,690,905,Shia000215Vols,265,647,866,163,90
428,536,690,Shia000215Vols,266,213,374,123,95
428,536,685,Shia000107Vols,3089,1045,1196,117,96
428,141,544,Shia001217Vols,4503,987,1263,192,58
428,690,905,Shia001217Vols,4504,700,922,164,91
428,541,685,Masaha000989,407,335,486,115,95
428,690,913,Shia004021,155,1148,1440,168,70
428,529,685,Zaydiyya0000302,1665,739,909,123,91
428,110,454,Shia000002,170,1051,1491,226,60
428,20,136,PV2024060601,2057,1089,1547,88,24
428,141,529,PV2024060601,2059,158,543,291,94
428,692,905,PV2024060601,3552,1001,1258,158,76
428,529,685,PV2024060601,7791,933,1103,123,91
429,117,240,Shia000743Vols,225,0,124,99,99
429,11,143,JK005021,257,1296,1430,70,64
429,0,240,Shia000723Vols,248,1036,1307,181,81
429,0,240,Shia001119,28,995,1228,185,96
429,0,240,Shia000801Vols,263,946,1217,181,81
429,0,240,Rafed0003537Vols,208,385,623,185,95
429,7,240,Shamela0036446,1085,122,345,148,72
429,0,240,Shia001171,413,130,366,178,93
429,63,240,Shia001237Vols,3093,1232,1393,113,77
429,0,197,Shia001153,28,1319,1510,149,94
429,0,240,Shia000806Vols,565,582,839,181,85
429,11,143,JK000001,1317,135,264,68,63
429,7,240,JK009336,2735,941,1167,150,73
429,0,240,Shia000317Vols,7510,1148,1389,188,97
429,0,240,Shia001432Vols,17249,557,791,186,97
429,0,240,Shia001432Vols,24267,932,1167,178,92
429,0,240,Shia001432Vols,31279,1047,1281,186,97
429,0,240,Shia001432Vols,31294,1300,1532,179,93
429,0,240,Shia004028,143,29,249,171,89
429,0,240,Shia001122Vols,2060,470,709,190,98
429,70,240,Zaydiyya0000148,226,883,1023,92,65
429,0,240,Shia001383,35,1204,1439,183,95
429,0,240,Shia001217Vols,4490,586,825,190,98
429,0,240,Zaydiyya0000302,1662,218,456,190,95
429,0,240,Shia003636Vols,850,802,1037,185,95
429,0,240,PV2024060601,2060,470,709,190,98
429,0,240,PV2024060601,7788,365,603,190,95
430,1195,1434,Shamela0001438,6211,906,1148,155,71
430,631,882,Masaha004580,87,1219,1471,190,93
430,882,1195,Masaha004580,178,266,627,241,76
430,1297,1617,Shia000094Vols,864,695,1039,188,50
430,631,882,Shamela0012406,1558,1360,1592,181,88
430,631,1400,Shia001107Vols,476,501,1536,591,70
430,631,912,Shia002185Vols,3891,901,1194,206,87
430,925,1460,Shia002185Vols,3892,5,538,414,93
430,334,631,Zaydiyya0000041,30,932,1270,205,70
430,1416,1602,Rafed0000040Vols,845,170,374,155,90
430,631,882,Rafed0000040Vols,1440,102,352,196,96
430,631,882,Rafed0000040Vols,2090,937,1167,177,87
430,631,892,Shamela0012396BK1,495,553,801,183,84
430,631,882,EScr202211221604,115,1074,1306,181,88
430,1297,1617,Tafsir04042,464,289,633,187,50
430,1240,1428,JK009390,5616,143,607,118,32
430,631,882,Sham19Y0145334,1615,818,1053,181,87
430,650,851,Shamela0009773,3634,870,1020,104,64
430,1297,1610,Zaydiyya0000352,254,921,1134,153,58
430,647,882,Shia001355,80,1039,1272,185,97
430,887,1199,Shia001355,154,853,1171,238,85
430,327,626,ShamIbadiyya0000220,79,327,639,233,93
430,626,899,Shia001171,412,341,653,218,85
430,631,882,JK000911,1511,239,401,123,59
430,626,882,Shia001237Vols,2994,1232,1487,196,92
430,631,919,Shia001237Vols,2996,756,1042,197,80
430,631,919,Shia20200618,239,1255,1562,215,85
430,925,1408,Shia20200618,240,5,494,389,97
430,126,327,JK000001,1316,89,287,159,96
430,334,626,JK000001,1318,897,1266,233,78
430,1413,1602,Rafed0003150Vols,379,705,903,156,94
430,1297,1617,Shia000075Vols,1956,1157,1499,187,50
430,1408,1617,Shia000182VolsBK2,1902,1224,1522,170,67
430,1297,1617,Shia000317Vols,7512,442,786,188,50
430,620,899,Shia000317Vols,7534,1320,1596,205,88
430,887,1195,Shia000317Vols,7535,563,895,249,88
430,1297,1617,Shia000126Vols,373,889,1233,190,51
430,672,899,Shia001432Vols,10892,0,235,182,95
430,631,1350,Shia001432Vols,31292,795,1549,573,92
430,631,899,Shia001432Vols,31294,413,713,207,84
430,334,631,ShamAY0035035,5300,1143,1512,231,76
430,1297,1610,Zaydiyya0000328,144,1330,1543,154,59
430,1282,1617,Shia002394Vols,629,0,209,163,57
430,1297,1610,Zaydiyya0000388,36,1351,1564,153,58
430,1425,1617,Shia004028,141,1198,1392,159,96
430,1297,1617,Masaha001108Vols,265,374,720,186,50
430,631,1400,Rafed0001617Vols,255,123,921,603,92
430,1297,1610,Zaydiyya0000229,241,1235,1425,155,58
430,72,327,JK011677,9,912,1147,169,75
430,631,882,Sham19Y0145435,2828,753,986,182,90
430,1297,1617,Shia001122Vols,2057,96,446,190,50
430,631,1400,Shia000215Vols,267,619,1427,612,92
430,371,631,Zaydiyya0000015,1562,0,300,175,66
430,1195,1602,Rafed0003799Vols,2446,565,938,215,51
430,631,912,Shia001615Vols,3464,579,854,201,88
430,1297,1617,Shia000107Vols,3087,193,533,185,50
430,631,899,Shia001383,35,12,286,204,91
430,1297,1610,Zaydiyya0000037Vols,2659,743,957,153,58
430,1297,1610,Zaydiyya0000037Vols,2667,846,1059,154,59
430,899,1195,Zaydiyya0000047,14,783,1081,239,96
430,1297,1602,Shia001217Vols,4488,1047,1382,176,48
430,631,1400,Shia001217Vols,4497,333,1183,619,89
430,301,631,Sham19Y0038171,1313,361,893,258,60
430,1297,1617,Shia002382Vols,336,543,887,188,50
430,732,1408,Masaha001978Vols,408,0,489,348,62
430,1240,1434,JK008001,6336,81,524,122,32
430,631,882,Shamela0009783BK1,2837,676,909,182,90
430,1297,1617,Zaydiyya0000302,1664,1061,1405,188,50
430,1297,1617,PV2024060601,2057,96,446,190,50
431,0,331,Shia000094Vols,864,1039,1371,263,96
431,0,425,Tafsir04042,464,633,1095,290,67
431,0,166,Shia000075Vols,1956,1499,1664,136,99
431,166,331,Shia000075Vols,1957,0,167,130,95
431,0,326,Shia000317Vols,7512,786,1114,266,98
431,0,322,Shia000317Vols,7535,0,327,265,98
431,0,414,Shia000126Vols,373,1233,1672,281,66
431,0,326,Shia002394Vols,629,209,537,266,98
431,0,421,Masaha001108Vols,265,720,1137,282,70
431,0,326,Shia001122Vols,2057,446,773,265,98
431,147,322,Shia000215Vols,266,0,178,144,98
431,0,331,Shia000107Vols,3087,533,865,254,93
431,0,227,Shia000107Vols,3090,387,606,172,92
431,0,322,Shia001217Vols,4495,1187,1511,264,99
431,0,326,Shia002382Vols,336,887,1217,263,97
431,0,121,Zaydiyya0000302,1664,1405,1525,99,99
431,121,326,Zaydiyya0000302,1665,0,207,167,98
431,0,326,PV2024060601,2057,446,773,265,98
431,0,326,PV2024060601,7791,73,401,266,98
432,272,594,Shia000298Vols,3695,559,869,225,82
432,893,1159,Shia000298Vols,4015,282,742,196,53
432,253,602,Rafed0000040Vols,1343,1111,1475,270,91
432,272,594,Shia000405Vols,2598,1294,1601,221,81
432,225,738,Tafsir04042,116,1032,1544,366,84
432,878,1061,Shia001171,5,824,1030,111,65
432,260,843,Shia001237Vols,2992,891,1465,423,88
432,843,1061,Shia001237Vols,2993,0,234,162,88
432,1073,1270,Shia001153,232,45,412,129,43
432,160,577,Shia000075Vols,1958,319,633,176,52
432,242,1061,Shia000317Vols,7516,478,1254,556,83
432,906,1167,Shia000317Vols,7522,1231,1521,167,66
432,818,1243,Shia000317Vols,7525,434,667,91,21
432,1073,1243,Shia000126Vols,374,417,612,124,78
432,878,1159,Shia001432Vols,31280,404,776,187,62
432,260,1061,Shia001432Vols,31296,60,886,593,88
432,260,794,Shia002394Vols,627,386,932,394,90
432,1073,1239,Masaha001108Vols,265,1448,1630,121,82
432,260,794,Shia001122Vols,2060,909,1458,422,96
432,794,1239,Shia001122Vols,2061,0,775,326,54
432,1000,1159,Shia000107Vols,3089,0,226,102,57
432,260,1078,Shia001383,37,54,893,593,86
432,260,590,Shia002389Vols,398,1163,1506,253,91
432,590,794,Shia002389Vols,399,0,208,146,89
432,260,794,Shia002389Vols,923,505,1061,406,91
432,349,1159,Shia002380Vols,105,318,632,203,30
432,160,475,Shia001418Vols,340,1137,1399,136,47
432,260,602,Shia001217Vols,4492,1094,1460,271,92
432,602,1243,Shia001217Vols,4493,0,1074,479,56
432,166,1159,Shia002382Vols,335,84,1014,645,78
432,906,1061,Shia001137,5,981,1151,115,84
432,272,1061,Zaydiyya0000302,1662,498,1287,585,90
432,1073,1239,Zaydiyya0000302,1663,13,248,121,63
432,260,794,PV2024060601,2060,909,1458,422,96
432,794,1239,PV2024060601,2061,0,775,326,54
432,272,1061,PV2024060601,7788,645,1434,585,90
432,1073,1239,PV2024060601,7789,165,400,121,63
433,243,553,ShamAY0033731,12,59,306,130,43
433,243,654,JK000001,1324,389,918,199,41
433,1163,1386,JK000001,1326,188,384,125,66
433,248,662,Shia000317Vols,7526,303,888,154,26
433,1163,1381,ShamAY0035035,5312,213,413,124,62
433,0,489,Shia000233,612,735,1121,237,53
434,630,1021,Tafsir04042,116,699,1079,274,87
434,613,852,Zaydiyya0000059,1360,467,704,171,83
434,616,1006,Shia001237Vols,3002,1121,1514,289,87
434,978,1438,Shia001237Vols,3009,803,1263,370,97
434,616,964,Shia001432Vols,22626,660,1026,264,88
434,616,1268,Shia001432Vols,31287,620,1539,504,66
434,1268,1465,Shia001432Vols,31288,0,203,142,86
434,613,964,Shia002389Vols,73,122,512,272,87
434,600,1444,Shia001266,4,531,1563,606,68
434,684,964,Shia002382Vols,101,0,273,210,93
434,600,1444,EShia0071807,474,428,1483,601,67
435,14,143,Hindawi059507481,184,1258,1387,90,82
435,17,135,Zaydiyya0000059,1358,95,204,85,90
435,14,139,JK000001,1347,506,628,90,86
435,17,418,Sham19Y0036110,175,699,1067,137,35
435,20,160,Sham19Y0036128,3,1180,1309,81,72
435,14,139,ShamAY0035035,5341,689,820,90,80
435,17,135,AOCP20251104145Vols,146,724,839,85,85
435,0,135,Sham19Y0035453,15,43,204,78,55
435,14,148,Kraken220413202218,415,283,421,91,77
435,17,139,JK001197,156,456,569,87,88
436,1265,1526,Shamela0098087,98,174,421,137,61
436,1265,1526,ShamAY0034059,1073,444,697,162,71
436,1261,1526,ShamAY0034059,2560,1059,1323,163,70
436,1265,1526,JK000001,1365,1158,1421,172,75
436,1265,1526,ShamAY0035035,5369,184,495,170,63
436,1265,1526,JK011677,6,811,1058,147,64
436,1265,1526,Sham19Y0035453,34,644,914,168,72
436,37,343,Kraken220413202218,421,113,386,128,38
436,1265,1526,Kraken220413202218,422,1000,1249,152,72
437,1005,1398,JK000001,1374,528,1207,225,39
438,1268,1430,Masaha004673,7,771,932,130,96
438,1268,1596,Shia001402,127,1188,1500,218,74
438,1268,1430,Masaha000001Vols,830,707,885,131,87
438,468,940,JK000001,1380,394,884,339,83
438,468,893,Sham19Y0036110,102,854,1231,250,71
438,1268,1430,Shia000182VolsBK2,3530,706,885,131,89
438,1268,1435,Shia001432Vols,23578,1139,1324,131,87
438,468,940,ShamAY0035035,5392,281,907,319,62
438,1268,1430,Shia001122Vols,814,645,825,131,88
438,1268,1430,Shia001615Vols,3707,435,615,130,88
438,468,655,Sham19Y0035453,312,1313,1504,142,92
438,661,940,Sham19Y0035453,313,7,263,194,89
438,1268,1430,Shia001174Vols,3400,641,821,131,88
438,1268,1430,Shia001217Vols,3410,122,302,131,88
438,468,762,Kraken220413202218,428,1279,1518,168,70
438,468,781,JK001197,161,736,1038,212,81
438,1268,1430,PV2024060601,814,645,825,131,88
439,1101,1528,Shia001120,27,413,875,277,72
439,11,302,Shia001237Vols,2199,310,566,178,72
439,1098,1313,Shia001237Vols,2592,1173,1417,137,68
439,65,618,Shia001402,128,0,433,324,72
439,11,205,Shia001153,340,1434,1603,116,71
439,1122,1531,Masaha000001Vols,678,0,431,315,91
439,0,307,Masaha000001Vols,829,1171,1462,230,92
439,438,618,Masaha000001Vols,830,960,1145,144,95
439,0,627,Shia000182VolsBK2,3530,328,1115,421,64
439,1098,1528,Shia001300,18,342,804,269,71
439,1090,1531,Shia001417,87,593,979,283,82
439,1142,1531,Shia001432Vols,18473,10,394,300,98
439,1090,1531,Shia001432Vols,23354,623,1079,335,93
439,1098,1528,Shia001432Vols,23364,56,468,271,78
439,0,307,Shia001432Vols,23576,611,906,231,93
439,438,618,Shia001432Vols,23579,679,864,145,97
439,11,302,Shia001432Vols,24723,224,487,184,74
439,450,618,Masaha001108Vols,143,667,834,131,96
439,1090,1500,Shia001122Vols,685,1004,1439,312,91
439,0,307,Shia001122Vols,813,1068,1360,230,93
439,438,618,Shia001122Vols,814,900,1085,144,96
439,1221,1531,Shia001615Vols,1194,517,737,146,58
439,438,618,Shia001615Vols,3707,798,983,145,97
439,43,307,Shia001615Vols,3707,0,245,192,90
439,0,319,Shia001383,160,769,1080,241,92
439,1142,1531,Shia001174Vols,3012,5,401,298,95
439,0,302,Shia001174Vols,3398,967,1257,230,94
439,438,618,Shia001174Vols,3400,896,1080,145,97
439,11,302,Shia001217Vols,3409,953,1237,224,95
439,1090,1531,Shia001217Vols,4179,494,935,325,90
439,1098,1528,JK000621,34,313,700,244,67
439,1339,1455,Shia004021,138,295,620,75,30
439,1130,1500,Shia004021,307,1086,1332,168,57
439,1090,1500,PV2024060601,685,1004,1439,312,91
439,0,307,PV2024060601,813,1068,1360,230,93
439,438,618,PV2024060601,814,900,1085,144,96
440,1122,1258,Masaha004673,10,539,709,98,73
440,1113,1331,Shia000117Vols,248,942,1556,134,26
440,1122,1360,Shia001237Vols,2598,70,562,126,33
440,1122,1239,Masaha000001Vols,677,847,964,92,100
440,1246,1483,Masaha000001Vols,678,921,1237,140,56
440,75,418,Masaha000001Vols,679,939,1408,257,67
440,418,597,Masaha000001Vols,680,0,179,145,100
440,604,943,Masaha000001Vols,684,1205,1545,266,95
440,943,1108,Masaha000001Vols,685,0,158,125,95
440,217,597,Shia001417,228,775,1042,209,67
440,217,597,Shia001432Vols,18473,966,1345,302,97
440,1122,1244,Shia001432Vols,23352,754,872,90,94
440,1321,1483,Shia001432Vols,23356,4,166,118,89
440,75,602,Shia001432Vols,23358,564,1366,404,63
440,1108,1239,Shia001432Vols,23364,959,1098,94,83
440,604,887,Shia001432Vols,23863,1239,1521,229,99
440,887,1108,Shia001432Vols,23864,0,220,175,99
440,75,222,Shia001391,100,894,1047,97,78
440,1122,1239,Shia001122Vols,685,359,476,92,100
440,1246,1483,Shia001122Vols,686,522,841,144,58
440,75,597,Shia001122Vols,687,599,1253,404,77
440,604,830,Shia001122Vols,692,1260,1484,181,98
440,830,1108,Shia001122Vols,693,0,274,216,96
440,84,217,Shia001615Vols,315,602,749,101,88
440,602,873,Shia001615Vols,1193,1245,1520,218,98
440,1230,1483,Shia001615Vols,1194,654,920,150,61
440,84,212,Shia001383,159,1282,1423,92,79
440,1122,1266,Shia001174Vols,3010,1173,1317,104,90
440,1246,1483,Shia001174Vols,3013,877,1195,141,57
440,75,597,Shia001174Vols,3015,61,716,404,77
440,604,735,Shia001174Vols,3023,1372,1502,103,98
440,735,1108,Shia001174Vols,3024,0,376,297,97
440,604,887,Shia001217Vols,3392,919,1204,227,98
440,75,212,Shia001217Vols,4179,3,148,99,87
440,217,538,Shia001217Vols,4182,1133,1443,251,95
440,75,212,Shia001137,104,350,491,97,88
440,93,222,Shia004021,64,256,371,81,80
440,1122,1239,PV2024060601,685,359,476,92,100
440,1246,1483,PV2024060601,686,522,841,144,58
440,75,597,PV2024060601,687,599,1253,404,77
440,604,830,PV2024060601,692,1260,1484,181,98
440,830,1108,PV2024060601,693,0,274,216,96
441,183,367,Masaha004673,10,1026,1189,111,76
441,183,367,Shia001237Vols,2598,339,496,111,75
441,0,146,Masaha000001Vols,678,1237,1381,111,95
441,146,367,Masaha000001Vols,679,0,304,163,66
441,350,490,Masaha000001Vols,680,218,351,92,84
441,1227,1425,JK000001,1025,22,256,135,69
441,183,367,Shia001432Vols,1961,502,690,130,86
441,0,178,Shia001432Vols,18473,664,841,138,97
441,183,325,Shia001432Vols,23356,1384,1521,101,89
441,0,178,Shia001432Vols,23356,166,345,138,96
441,345,495,Shia001432Vols,23359,202,357,96,76
441,0,367,Shia001122Vols,686,841,1294,275,76
441,508,745,Shia001122Vols,3667,828,1071,184,95
441,345,490,Shia001615Vols,1194,57,194,96,84
441,0,178,Shia001174Vols,3013,1195,1374,138,96
441,183,394,Shia001174Vols,3014,231,455,146,81
441,345,490,Shia001174Vols,3015,874,1012,95,82
441,508,745,Shia001174Vols,5098,573,815,184,94
441,185,367,Shia001217Vols,4180,114,458,130,47
441,0,745,Shia001217Vols,4182,473,991,325,48
441,345,495,Shia001217Vols,4183,599,744,97,81
441,1101,1475,JK001197,119,73,535,177,39
441,185,277,Shia003961Vols,485,601,721,66,68
441,0,367,PV2024060601,686,841,1294,275,76
441,508,745,PV2024060601,3667,828,1071,184,95
442,1501,1645,Zaydiyya0000256,379,48,193,114,93
442,675,890,Shia001138BK1,139,849,1057,152,85
442,647,890,Shia001237Vols,2183,606,877,191,84
442,1494,1645,Masaha000001Vols,657,639,789,115,89
442,352,682,Masaha000001Vols,681,369,675,159,46
442,647,890,Masaha000001Vols,685,232,482,196,95
442,1501,1645,Shia000220Vols,3842,655,800,114,93
442,1507,1645,Shia001432Vols,2165,0,139,109,92
442,1494,1645,Shia001432Vols,23160,433,583,115,89
442,352,533,Shia001432Vols,23855,375,551,128,87
442,647,890,Shia001432Vols,23865,233,482,197,96
442,1494,1645,Shia001122Vols,664,626,776,115,89
442,352,682,Shia001122Vols,689,49,354,159,46
442,647,890,Shia001122Vols,693,349,598,197,96
442,1494,1645,Shia001615Vols,1817,544,694,115,89
442,52,258,Shia001383,150,940,1230,116,42
442,647,890,Shia001383,153,1179,1449,190,84
442,647,773,Shia002389Vols,2783,1009,1482,102,26
442,1494,1645,Shia001174Vols,2964,393,543,115,89
442,647,814,Shia001174Vols,3024,1388,1558,137,97
442,52,253,Shia001217Vols,3295,7,274,111,43
442,295,528,Shia001217Vols,3385,738,1331,151,28
442,647,778,Shia001217Vols,3392,1314,1449,107,97
442,1494,1645,Shia003764Vols,63,131,332,104,62
442,1494,1645,Shia004624,3,590,740,115,89
442,352,890,Shia002992Vols,788,314,588,168,37
442,1494,1645,PV2024060601,664,626,776,115,89
442,352,682,PV2024060601,689,49,354,159,46
442,647,890,PV2024060601,693,349,598,197,96
443,424,686,JK001493,279,37,277,181,84
443,396,594,Shia001272,20,1262,1464,147,86
443,387,664,Zaydiyya0000347,553,1302,1585,209,85
443,387,670,Shia000736Vols,443,282,569,216,88
443,404,670,Shia001153,188,49,318,210,93
443,396,897,Masaha000001Vols,831,965,1483,329,75
443,30,387,Masaha000001Vols,832,195,650,280,74
443,396,709,Shia001432Vols,23143,1026,1380,210,67
443,396,714,Shia001432Vols,23175,209,521,248,92
443,30,293,Shia001432Vols,23177,1303,1562,202,90
443,396,714,Shia001432Vols,23658,38,368,241,85
443,419,670,Shia001432Vols,24578,357,613,205,95
443,396,572,Shia001432Vols,32659,1244,1413,132,87
443,30,328,Rafed0003257Vols,1392,367,690,241,91
443,396,866,Shia001122Vols,815,971,1460,305,74
443,30,387,Shia001122Vols,816,248,705,281,75
443,396,709,Shia001615Vols,3791,317,641,240,86
443,396,670,Shia002389Vols,2382,792,1060,182,76
443,396,709,Shia001174Vols,3402,719,1026,247,93
443,30,328,Shia001174Vols,3404,847,1146,241,98
443,335,897,Shia001217Vols,3416,224,617,127,20
443,396,714,Shia001217Vols,5965,185,494,244,90
443,396,714,Shia001217Vols,6343,732,1064,242,85
443,430,670,Shia001299,52,0,215,173,87
443,396,635,Shia001137,98,1245,1492,183,84
443,435,670,Shia003636Vols,2011,0,234,193,98
443,396,866,PV2024060601,815,971,1460,305,74
443,30,387,PV2024060601,816,248,705,281,75
444,1206,1504,Rafed0000040Vols,1687,598,1036,92,18
444,100,657,Zaydiyya0000059,1270,889,1095,76,15
444,1123,1544,Masaha000001Vols,657,933,1420,148,26
444,598,1482,Masaha000001Vols,661,273,1090,314,33
444,598,800,Shia001432Vols,23171,934,1138,154,95
444,111,455,ShamAY0035035,4767,614,1173,130,25
444,76,527,Sham19Y0127677,640,401,618,88,20
444,1123,1544,Shia001122Vols,664,921,1412,150,27
444,598,1482,Shia001122Vols,668,425,1245,324,37
444,1206,1349,Shia001615Vols,1025,975,1297,114,42
444,1123,1544,Shia001174Vols,2964,677,1168,150,27
444,598,800,Shia001174Vols,2972,585,795,158,96
444,1300,1482,Shia001174Vols,2973,161,432,145,64
444,938,1277,Shia001217Vols,5989,570,1149,178,35
444,111,642,Sham19Y0038171,1212,1092,1375,85,18
444,1206,1561,Shia004624,11,271,534,126,35
444,1123,1544,PV2024060601,664,921,1412,150,27
444,598,1482,PV2024060601,668,425,1245,324,37
445,14,228,Masaha000626,82,1248,1473,166,86
445,0,228,Masaha000001Vols,658,421,642,180,96
445,0,228,Shia000220Vols,3842,178,395,177,95
445,0,228,Shia001432Vols,23163,636,858,181,97
445,0,228,Shia001122Vols,665,454,676,181,97
445,0,228,Shia002389Vols,2382,211,440,181,97
445,0,228,Shia001174Vols,2965,486,708,181,97
445,0,228,Shia001217Vols,5990,124,346,181,97
445,14,228,Shia000003,84,453,678,166,86
445,0,237,Shia002382Vols,1504,98,344,186,90
445,0,237,Shia002382Vols,2037,693,931,189,97
445,0,228,Shia004624,10,1294,1512,169,91
445,0,228,PV2024060601,665,454,676,181,97
446,77,217,Shamela0001438,124,1365,1510,112,96
446,77,217,Shamela0001438,4532,750,890,108,93
446,77,217,JK005020,27,55,187,101,87
446,77,217,Shamela0012579,2259,113,245,102,88
446,490,748,Shia000181,334,0,347,152,55
446,71,187,JK010561,707,117,235,84,86
446,53,217,JK001492,552,355,952,119,25
446,77,217,JK000595,51,1004,1145,99,85
446,77,217,Shamela0003118,2279,1283,1434,111,92
446,77,217,JK009390,3145,1299,1443,112,95
446,77,217,JK009390,3724,67,213,106,87
446,77,217,JK007070,272,307,452,111,95
446,77,217,JK007070,578,237,385,111,93
446,77,217,JK007070,595,412,557,111,95
446,77,217,JK000883,1347,481,626,111,95
446,48,217,Shia001237Vols,671,205,374,110,82
446,414,590,Shia001237Vols,3836,1318,1502,120,77
446,25,217,Shia001237Vols,3837,225,444,150,86
446,77,217,JK000637,1582,689,826,105,90
446,77,217,JK000637,2712,13,213,110,68
446,490,628,Masaha000001Vols,832,1104,1236,101,92
446,29,217,Masaha000001Vols,833,255,470,148,86
446,628,765,Shia000234Vols,3755,151,333,94,66
446,463,628,Shia000182VolsBK2,3538,419,572,108,83
446,96,205,AOCP20251104049,67,1081,1197,84,89
446,77,217,JK000916,6598,363,507,108,94
446,490,628,Shia001432Vols,1987,16,148,101,92
446,463,633,Shia001432Vols,23112,1038,1198,111,83
446,29,217,Shia001432Vols,23113,1160,1375,148,86
446,765,891,Shia001432Vols,23120,0,128,90,87
446,77,217,Sham19Y0127677,2686,576,720,110,95
446,463,628,Shia001122Vols,816,1142,1295,108,83
446,29,217,Shia001122Vols,817,350,565,148,86
446,77,217,Zaydiyya0000015,2354,1159,1304,111,95
446,151,400,Shia001615Vols,3676,0,202,145,71
446,29,208,Shia001383,123,1242,1447,140,85
446,414,647,Shia001383,126,556,779,146,78
446,765,891,Shia002389Vols,1545,12,135,86,83
446,29,223,Shia001174Vols,3406,1151,1377,152,84
446,463,628,Shia001217Vols,5969,1076,1228,107,82
446,29,304,Shia001217Vols,5970,485,767,164,71
446,77,217,JK000080,739,549,694,111,95
446,48,217,JK000080,853,726,901,118,78
446,77,217,JK000080,886,691,836,112,96
446,77,217,JK000080,895,1127,1260,103,88
446,741,891,Shia001137,22,653,795,96,78
446,77,217,JK008001,6281,1151,1291,108,93
446,633,741,Masaha000554Vols,2993,970,1076,83,98
446,71,187,Shamela0010512,268,844,968,88,90
446,463,628,PV2024060601,816,1142,1295,108,83
446,29,217,PV2024060601,817,350,565,148,86
447,567,734,Shia000363,143,138,326,133,87
447,567,931,Shia000181,332,1059,1426,182,49
447,1180,1434,Shia001272,17,845,1114,187,86
447,545,1001,Zaydiyya0000347,554,133,550,232,54
447,572,789,Tafsir04042,1759,492,678,136,74
447,574,860,Shia000736Vols,443,711,1336,206,41
447,567,794,Shia001237Vols,3839,888,1142,148,66
447,1200,1434,Shia001421Vols,111,0,235,184,99
447,567,730,Shia001153,22,1329,1508,126,87
447,567,893,Masaha000001Vols,662,758,1018,149,46
447,1180,1434,Masaha000001Vols,665,541,810,198,92
447,574,931,Shia000234Vols,5527,657,937,173,52
447,1165,1434,Shia001432Vols,5308,471,767,198,84
447,1165,1434,Shia001432Vols,7331,568,870,209,88
447,567,730,Shia001432Vols,23090,1028,1210,131,89
447,1180,1434,Shia001432Vols,23108,903,1175,200,93
447,734,942,Shia001432Vols,23110,938,1296,138,48
447,1007,1183,Shia001432Vols,23111,933,1134,121,76
447,1160,1434,Shia001432Vols,23130,11,317,193,80
447,567,730,Shia001432Vols,24261,703,885,126,85
447,567,893,Shia001122Vols,669,967,1229,152,48
447,1180,1434,Shia001122Vols,672,848,1119,198,92
447,734,946,Shia001122Vols,673,679,960,138,61
447,1015,1160,Shia001122Vols,674,274,448,112,82
447,567,734,Shia001615Vols,2039,1218,1403,131,88
447,593,730,Shia001615Vols,3672,0,146,112,93
447,1180,1434,Shia001615Vols,3674,745,1017,200,93
447,567,753,Shia001383,121,1045,1246,138,84
447,1180,1434,Shia001383,123,155,424,189,87
447,749,860,Shia000291Vols,1455,1106,1235,87,86
447,691,889,Shia002389Vols,2221,0,452,146,41
447,1180,1434,Shia001174Vols,2984,379,632,198,98
447,734,946,Shia001174Vols,2985,653,934,138,61
447,1015,1160,Shia001174Vols,2986,273,447,112,82
447,567,730,Shia002380Vols,607,1136,1321,132,88
447,1007,1160,Shia001217Vols,4198,409,578,112,82
447,1233,1434,Shia001217Vols,5963,0,194,153,95
447,734,860,Shia001217Vols,5964,866,1030,98,76
447,291,495,Shia003986,362,352,577,132,68
447,567,772,Shia002382Vols,1415,1353,1568,146,81
447,567,893,PV2024060601,669,967,1229,152,48
447,1180,1434,PV2024060601,672,848,1119,198,92
447,734,946,PV2024060601,673,679,960,138,61
447,1015,1160,PV2024060601,674,274,448,112,82
448,262,421,Shia000181,333,75,262,125,83
448,504,672,Shia001544Vols,1029,440,606,133,97
448,506,672,Shia000298Vols,1669,881,1039,127,94
448,66,241,Shia001272,18,75,659,130,28
448,477,672,Shia001376,4,153,340,130,73
448,262,421,Shia002945Vols,761,765,950,124,83
448,262,443,Shia001625,107,1089,1300,124,70
448,477,672,Shia000121Vols,255,551,739,131,74
448,193,421,Shia001237Vols,3826,909,1390,161,41
448,504,672,Shia001237Vols,3839,672,819,118,86
448,66,179,Shia001237Vols,3841,778,891,88,100
448,262,421,Masaha000001Vols,663,901,1086,125,83
448,66,253,Masaha000001Vols,665,955,1232,137,62
448,477,672,Shia000234Vols,4220,346,533,130,73
448,477,672,Shia000365,115,578,754,121,69
448,477,672,Shia001432Vols,23100,743,940,135,76
448,262,421,Shia001432Vols,23101,90,276,125,83
448,66,258,Shia001432Vols,23109,17,372,139,50
448,66,179,Shia001432Vols,23130,608,721,88,100
448,4,193,Shia001432Vols,23133,418,881,126,32
448,477,672,Shia001432Vols,27529,1053,1241,131,74
448,47,654,Shia001391,41,1246,1513,175,34
448,262,421,Shia001122Vols,670,1161,1347,125,83
448,66,179,Shia001122Vols,672,1266,1379,88,100
448,0,672,Shia001615Vols,3673,989,1429,206,32
448,66,179,Shia001615Vols,3674,1077,1190,88,100
448,262,421,Shia001383,121,1261,1450,124,82
448,262,421,Shia002389Vols,1546,305,490,122,81
448,262,672,Shia002389Vols,2220,537,1165,263,51
448,477,689,Shia002389Vols,2842,923,1131,136,72
448,477,672,Shia001174Vols,2980,1140,1334,135,77
448,262,421,Shia001174Vols,2981,182,368,125,83
448,66,253,Shia001174Vols,2984,778,1057,137,62
448,477,672,Shia001217Vols,2200,529,723,135,77
448,262,421,Shia001217Vols,5963,727,912,124,83
448,66,179,Shia001217Vols,5972,1272,1385,88,100
448,66,184,Shia003986,352,1005,1133,90,89
448,270,481,Shia002382Vols,1416,136,352,132,69
448,262,421,PV2024060601,670,1161,1347,125,83
448,66,179,PV2024060601,672,1266,1379,88,100
449,818,968,ShamIbadiyya0000185,684,164,322,107,79
449,648,1000,Hindawi059507481,163,158,602,108,21
449,2,629,JK005021,238,776,1293,177,27
449,802,968,JK000085,172,269,452,120,77
449,1096,1394,Zaydiyya0000347,670,1177,1453,144,59
449,1096,1434,Shia000736Vols,553,127,483,170,53
449,802,968,Shia001171,435,857,1040,120,77
449,1096,1382,Masaha000001Vols,1073,644,1056,143,34
449,682,948,JK000001,1138,0,337,84,21
449,15,629,JK000001,1152,257,1292,196,18
449,1259,1382,Shia000317Vols,7306,9,241,94,51
449,1239,1382,Shia001432Vols,6281,989,1254,111,52
449,206,629,ShamAY0035035,4791,377,631,113,26
449,1096,1382,Shia001122Vols,1064,722,1135,143,34
449,1239,1382,Shia001122Vols,2037,941,1205,111,53
449,802,1519,Shia001383,163,312,1091,222,24
449,1235,1382,Shia001174Vols,4116,800,1019,114,65
449,1096,1382,Shia001217Vols,3332,138,574,141,32
449,1239,1382,Shia001217Vols,4230,295,576,111,49
449,15,629,Sham19Y0038171,1225,257,1429,235,20
449,1096,1382,PV2024060601,1064,722,1135,143,34
449,1239,1382,PV2024060601,2037,941,1205,111,53
450,51,417,Shia001115Vols,356,107,545,246,66
450,970,1232,Shamela0098087,81,0,254,135,56
450,893,1333,JK011730,1634,713,1078,163,41
450,56,293,Shia001237Vols,2126,892,1119,176,90
450,148,417,Masaha000001Vols,1074,0,326,207,75
450,433,1132,JK000001,1140,828,1495,271,37
450,1132,1516,JK000001,1141,0,661,201,37
450,51,417,Shia001417,18,716,1105,264,77
450,65,436,Shia001432Vols,3784,582,1068,247,61
450,893,1266,ShamAY0035035,4759,807,1342,237,56
450,51,417,Shia001122Vols,1065,25,448,282,80
450,56,417,Shia001383,165,16,434,246,71
450,51,321,Shia002389Vols,1292,1203,1486,210,89
450,0,417,Shia001217Vols,3334,591,1254,316,58
450,130,417,Shia001217Vols,6653,0,369,195,62
450,725,1160,Kraken220413202218,363,243,589,196,51
450,56,293,Shia002382Vols,932,105,340,183,91
450,725,1266,JK001197,144,825,1451,233,37
450,56,288,Shia003961Vols,176,1292,1492,148,73
450,51,417,PV2024060601,1065,25,398,276,86
451,1280,1433,Shamela0001438,8187,487,658,110,81
451,1280,1433,JK000022,985,336,504,112,84
451,1280,1433,Shamela0012884,2532,783,951,112,84
451,1280,1433,Shia003716,43,47,237,108,72
451,1094,1261,Shia001544Vols,1103,26,213,110,73
451,1270,1442,Shia000743Vols,229,892,1086,123,80
451,1270,1442,Shia000723Vols,253,489,682,122,80
451,747,1055,Shia001352,72,443,763,168,61
451,1325,1433,Sham19Y0127713,813,984,1107,74,78
451,1280,1433,Shia004092Vols,4839,62,257,113,72
451,1280,1433,Shia004092Vols,7224,189,355,110,83
451,1280,1433,Shia004092Vols,10254,116,282,112,85
451,1280,1427,Shia004092Vols,10336,71,233,109,85
451,1270,1442,Shia000801Vols,268,1109,1302,122,80
451,1249,1433,Shia001272,3,110,306,132,85
451,1242,1433,Shia001334,91,662,883,147,84
451,1280,1433,Rafed0002654Vols,6911,133,299,110,83
451,1280,1433,Rafed0002654Vols,10068,1007,1173,110,84
451,1325,1427,Rafed0002654Vols,10157,0,117,72,79
451,1280,1433,Shamela0003118,6159,1084,1255,109,81
451,1249,1433,Shia001237Vols,2207,53,266,140,83
451,1249,1433,Shia001237Vols,2834,139,352,140,83
451,1325,1433,Shia001237Vols,2835,408,529,72,77
451,1325,1433,Shamela0021493,345,603,726,74,78
451,715,1080,Masaha000001Vols,837,228,1193,264,33
451,1277,1442,Shia000806Vols,570,85,264,119,84
451,510,922,Shia001300,194,10,166,83,26
451,1280,1433,JK000916,21409,888,1059,110,81
451,1319,1433,Shia003727Vols,186,0,155,81,67
451,1242,1442,Shia001432Vols,23040,1276,1454,109,65
451,1249,1442,Shia001432Vols,23457,408,634,141,79
451,1094,1237,Shia001432Vols,23602,976,1118,114,99
451,1249,1433,Shia001432Vols,23604,327,543,141,82
451,1249,1442,Shia001432Vols,23663,292,518,148,82
451,1280,1433,Shia003707Vols,620,153,348,113,73
451,1280,1433,Shia003707Vols,647,934,1104,111,82
451,1280,1433,ShamAY0033599,226,481,651,108,78
451,1094,1275,Shia001148,218,155,334,126,84
451,1280,1433,Zaydiyya0000035,53,780,973,112,73
451,1280,1433,Sham19Y0127677,5958,1045,1216,110,81
451,1280,1442,Sham19Y0023644,3817,1122,1311,111,74
451,715,1018,Shia001122Vols,821,498,1161,223,40
451,1249,1433,Shia001122Vols,893,205,625,129,37
451,1237,1433,Shia001615Vols,2423,774,958,98,58
451,1249,1433,Shia001383,53,583,805,130,74
451,715,1018,Shia001174Vols,3427,88,751,223,40
451,1270,1433,Shia002165,41,853,1033,116,82
451,1280,1433,Tafsir04056,3647,361,529,112,84
451,498,1080,Shia001217Vols,3418,249,475,104,19
451,1242,1433,Shia001217Vols,4368,690,914,145,82
451,1249,1433,Shia001217Vols,4441,1022,1204,126,82
451,1249,1433,Shia001299,36,193,407,135,79
451,1242,1424,Shia001299,150,1290,1504,142,83
451,1280,1433,JK008001,6374,1102,1273,110,81
451,1280,1442,Shia003702,211,325,524,111,70
451,1280,1433,Shia003636Vols,2008,54,222,112,84
451,715,1018,PV2024060601,821,498,1161,223,40
451,1249,1433,PV2024060601,893,205,625,129,37
452,53,209,JK005021,221,324,622,107,44
452,56,209,JK007070,683,613,1074,103,28
452,53,209,JK000001,1110,306,752,100,29
452,46,150,JK001171,39,1129,1400,70,33
452,37,209,JK001197,138,200,351,86,59
452,53,214,Shia002264,399,178,431,108,54
452,930,1252,Rafed0000558,105,896,1135,152,57
453,418,527,Shamela0013039,62,1110,1429,73,29
453,737,1316,Masaha000001Vols,718,625,1302,436,74
453,899,1338,Shia001432Vols,23486,274,695,328,88
453,1255,1433,Shia001432Vols,23653,1046,1275,103,50
453,737,1316,Shia001122Vols,727,649,1326,438,75
453,899,1316,Shia001174Vols,3099,1251,1652,320,90
453,737,1316,Shia001217Vols,4566,211,736,293,53
453,737,1316,PV2024060601,727,649,1326,438,75
454,4,470,AOCP20251104131Vols,696,74,435,205,51
454,1271,1556,JK005021,364,0,422,162,46
454,1013,1556,Masaha004651,21,471,1079,400,77
454,4,558,Masaha004651,22,911,1424,324,69
454,4,301,Shamela0021537,815,1036,1310,169,65
454,4,216,EScr21011311,14,1341,1546,143,80
454,4,431,JK011730,1235,630,1013,226,59
454,4,443,JK000238,1527,92,516,196,46
454,1105,1306,JK007070,501,337,542,155,88
454,4,558,JK007070,503,180,602,217,46
454,4,194,Sham19Y0149697,427,1349,1533,136,83
454,198,1103,Sham19Y0149697,428,3,526,278,35
454,1026,1253,Shia001237Vols,2228,735,1029,150,60
454,4,443,Sham19Y0122096,753,309,699,220,58
454,1258,1484,Shamela0013039,41,993,1484,142,34
454,885,1358,JK000001,1776,0,839,274,36
454,4,756,JK000001,1778,712,1437,407,60
454,4,675,Shia001432Vols,23654,875,1520,374,61
454,1105,1358,ShamAY0035035,6386,376,890,204,47
454,4,473,ShamAY0035035,6389,1002,1503,263,61
454,4,264,Sham19Y0013769,194,1272,1499,155,70
454,4,264,AOCP20251104145Vols,273,1305,1548,177,83
454,371,716,AOCP20251104145Vols,274,12,408,210,60
454,1021,1556,Shia000151,295,130,725,389,77
454,4,756,Shia000151,296,655,1390,398,57
454,1021,1549,ShamIbadiyya0000109,7461,856,1531,375,66
454,1105,1358,Sham19Y0038171,1713,29,555,205,46
454,4,716,JK001197,205,603,1150,364,62
454,4,264,Shia000376Vols,192,136,394,181,83
455,368,639,Shia001115Vols,121,390,676,192,85
455,17,312,Shamela0002506,78,457,746,199,81
455,658,770,Shia001138BK2,37,293,565,85,39
455,646,788,Shia001352,72,763,904,110,92
455,0,363,Masaha004651,21,1079,1460,265,86
455,845,1036,Masaha004651,22,4,200,145,87
455,1089,1502,Masaha004651,24,249,719,224,49
455,797,1033,Sham19Y0014592,1951,533,798,176,82
455,793,984,JK011730,1236,1220,1532,142,57
455,806,1062,Kraken220208041040,295,304,493,118,55
455,788,1028,JK007070,501,1266,1543,192,86
455,634,780,Shia001171,434,435,581,106,86
455,368,634,Shia001237Vols,4656,858,1120,184,85
455,646,788,Shia001402,129,359,504,109,89
455,646,788,Masaha000001Vols,839,660,798,109,93
455,368,634,Masaha000001Vols,847,492,762,210,96
455,24,295,JK000001,1777,412,688,211,98
455,788,1001,JK000001,1777,1208,1453,158,80
455,1120,1439,JK000001,1780,61,315,186,72
455,731,1099,Sham19Y0017747,2364,168,508,205,63
455,658,788,Shia000182VolsBK2,3533,746,870,99,94
455,797,1028,Tafsir01005,6404,450,738,160,68
455,806,1028,Shia001417,54,32,227,144,75
455,17,295,Shia001417,115,436,725,205,90
455,368,634,Shia001432Vols,1966,320,591,211,97
455,368,639,Shia001432Vols,23490,987,1264,210,96
455,646,788,Shia001432Vols,23561,1187,1323,109,95
455,658,788,Shia001432Vols,23604,832,957,99,93
455,639,770,Shia001432Vols,23641,306,442,101,92
455,788,1033,Shia001432Vols,23654,351,614,166,71
455,1089,1424,Shia001432Vols,23655,1017,1361,200,61
455,368,634,Shia001432Vols,32812,989,1263,192,88
455,22,300,ShamAY0035035,6388,307,635,182,64
455,1120,1424,ShamAY0035035,6392,87,421,183,56
455,639,770,Shia001134,424,960,1097,101,91
455,646,788,Shia001122Vols,823,1001,1138,109,94
455,368,581,Shia001122Vols,831,1246,1463,168,96
455,646,788,Shia001615Vols,1125,1349,1485,109,95
455,658,788,Shia001615Vols,2422,683,808,99,93
455,1120,1325,Shia001615Vols,3472,1121,1263,105,62
455,646,788,Shia001615Vols,3691,112,248,109,95
455,646,788,Shia001174Vols,3434,1009,1146,109,94
455,368,634,Shia001174Vols,3454,590,861,210,97
455,646,793,Shia000151,279,217,360,109,90
455,0,380,Shia000151,295,725,1132,271,83
455,780,1036,Shia000151,295,1229,1494,166,69
455,1120,1502,Shia000151,298,20,425,214,53
455,646,788,Shia001217Vols,3428,146,282,109,95
455,368,585,Shia001217Vols,3433,1119,1345,152,84
455,368,494,Shia001217Vols,4567,1264,1394,99,95
455,500,634,Shia001217Vols,4568,5,151,107,91
455,770,1007,ShamIbadiyya0000109,7462,480,791,163,65
455,27,295,ShamIbadiyya0000109,7462,246,491,177,83
455,22,300,Sham19Y0038171,1715,95,434,185,63
455,639,780,Masaha000554Vols,5733,61,204,108,89
455,22,312,Shamela0010488,126,325,625,179,70
455,831,1036,Shamela0010488,127,363,609,144,73
455,646,788,PV2024060601,823,1001,1138,109,94
455,368,581,PV2024060601,831,1246,1463,168,96
456,979,1350,Shia001138BK2,43,179,563,263,84
456,1350,1523,Masaha004651,23,883,1037,118,86
456,81,511,Masaha004651,24,1130,1522,285,75
456,559,917,Shamela0021537,816,21,507,196,44
456,995,1305,Tafsir04042,1547,206,480,208,81
456,50,511,ShamAY0034059,7768,1053,1466,286,73
456,37,505,ShamAY0002038,471,212,689,282,64
456,73,505,JK000001,1782,788,1210,277,70
456,979,1350,Shia001432Vols,23603,523,904,272,87
456,979,1350,Shia001432Vols,23642,99,479,271,87
456,1350,1523,Shia001432Vols,23655,794,958,125,88
456,155,511,Shia001432Vols,23656,0,310,227,72
456,1387,1523,ShamAY0035035,6393,279,440,107,82
456,76,511,ShamAY0035035,6396,184,572,279,74
456,979,1350,Shia001122Vols,3540,214,599,267,84
456,554,879,Sham19Y0014249,665,449,716,109,37
456,979,1321,Shia001615Vols,2102,1166,1514,252,87
456,979,1321,Shia001615Vols,2604,138,487,245,87
456,1350,1523,Shia001615Vols,3472,852,1026,137,98
456,331,511,Shia001615Vols,3473,0,185,147,95
456,1350,1523,AOCP20251104145Vols,271,578,743,118,80
456,979,1350,Shia002389Vols,1972,474,858,268,85
456,979,1330,Shia001174Vols,4738,1088,1452,255,84
456,1014,1321,Shia002380Vols,532,788,1080,208,80
456,1375,1523,Shia000151,297,606,754,115,97
456,85,511,Shia000151,298,837,1206,264,71
456,979,1350,Shia001217Vols,3428,794,1164,272,90
456,1387,1523,Kraken220413202218,540,190,327,107,98
456,76,455,Sham19Y0038171,1717,1232,1558,237,72
456,992,1260,Shia002382Vols,1267,1321,1555,183,85
456,979,1350,Masaha000554Vols,3725,524,919,266,82
456,979,1350,Shia004021,279,157,590,253,67
456,979,1350,PV2024060601,3540,214,599,267,84
457,1339,1499,Masaha000001Vols,706,1061,1197,98,79
457,1159,1327,Shia001432Vols,23873,533,1058,121,28
457,1339,1499,Shia001432Vols,23876,1157,1293,98,79
457,933,1042,ShamAY0035035,4674,82,304,87,48
457,1159,1322,Shia001122Vols,714,791,1190,119,36
457,1339,1499,Shia001122Vols,715,609,745,98,79
457,1339,1465,Shia002389Vols,2763,725,838,85,87
457,1339,1499,Shia001174Vols,3066,1225,1361,98,79
457,1159,1339,Shia001217Vols,5130,105,409,127,50
457,1339,1499,Shia001217Vols,5131,707,843,97,78
457,933,1147,Sham19Y0038171,1149,187,868,166,30
457,882,1147,ShamAY0033948,83,155,1051,174,24
457,1152,1322,Shia002382Vols,2272,483,719,132,66
457,762,1007,JK008001,786,845,1037,97,44
457,1159,1322,PV2024060601,714,791,1190,119,36
457,1339,1499,PV2024060601,715,609,745,98,79
458,485,611,Shia001432Vols,23605,238,373,100,91
458,1307,1572,JK000298,4768,260,468,146,65
458,485,618,Shia001217Vols,749,723,864,94,77
459,1000,1471,JK000429,168,33,335,145,36
459,1000,1471,JK009273,246,177,480,140,35
459,1000,1409,JK011730,1258,665,857,91,26
459,1000,1471,Sham19Y0023625,2626,67,373,149,37
459,1000,1301,JK007070,798,1369,1474,71,30
459,995,1592,JK000001,1705,772,1269,286,52
459,1000,1471,JK001249,334,472,778,149,37
459,1236,1592,ShamAY0035035,6203,42,592,212,45
459,995,1503,AOCP20251104145Vols,467,1235,1624,233,52
460,45,416,JK000429,168,356,642,165,50
460,1121,1539,Zaydiyya0000256,300,896,1105,138,39
460,21,434,AOCP20251104131Vols,712,854,1185,171,46
460,45,434,JK009273,246,501,806,177,51
460,45,434,Sham19Y0023625,2626,1132,1453,170,47
460,45,434,JK007070,799,199,521,165,46
460,45,293,Sham19Y0017747,2373,1118,1335,117,47
460,45,434,JK001249,334,799,1105,170,49
460,1121,1423,Shia001122Vols,781,33,517,141,28
460,0,588,AOCP20251104145Vols,468,160,637,234,44
460,1167,1423,Shia002389Vols,1645,0,328,92,25
460,1121,1539,Shia001217Vols,3395,788,1419,189,28
460,1218,1352,Shia001217Vols,3396,108,257,105,89
460,0,588,JK001197,191,26,508,235,43
460,1121,1423,PV2024060601,781,33,517,141,28
461,866,1107,Shamela0013039,49,80,365,133,50
461,884,1170,JK000001,1707,0,514,162,35
461,866,1107,ShamAY0035035,6205,540,1118,162,33
462,1377,1608,Shamela0001438,1489,798,1023,161,85
462,1377,1599,Shamela0008241,25,1061,1285,160,87
462,1377,1599,Shamela0012884,5280,73,327,166,82
462,1377,1627,Sham19Y0014592,2187,176,397,126,54
462,1375,1599,JK011730,1238,1082,1424,116,40
462,1377,1608,JK009390,791,788,1015,160,83
462,1377,1599,ShamAY0034059,2215,176,436,150,73
462,1377,1599,ShamAY0034059,3587,1111,1273,114,61
462,1310,1636,JK007070,498,852,1354,234,59
462,1377,1599,Shamela0013039,46,577,812,166,90
462,1365,1599,JK000001,1730,477,740,174,84
462,1398,1613,Tafsir06051,313,1123,1352,155,85
462,1377,1621,Shamela0029882,260,1223,1472,163,81
462,1398,1599,JK000906,288,972,1179,148,88
462,1377,1608,Sham19Y0127677,607,476,698,159,83
462,1377,1599,ShamAY0034815,389,1146,1399,152,74
462,1377,1540,Sham19Y0035453,178,1349,1527,115,81
462,1398,1599,AOCP20251104103Vols,245,0,216,146,85
462,1375,1599,Kraken220413202218,518,618,847,170,91
462,1310,1616,ShamIbadiyya0000109,7539,903,1142,141,57
462,1370,1604,Sham19Y0038171,1629,819,1194,165,55
462,1327,1599,Shia000233,989,1124,1425,203,84
462,1377,1599,JK000080,1029,202,459,157,76
462,1377,1608,JK008001,1077,780,1001,154,82
462,1380,1599,Masaha000554Vols,6702,1102,1352,163,81
463,175,631,Tafsir02102,3651,1004,1417,201,48
463,385,631,JK000001,1731,8,309,154,62
463,175,583,ShamAY0035035,6266,706,1451,187,30
463,175,631,JK001197,195,1081,1472,170,40
464,538,684,Shamela0001438,5617,1257,1403,97,84
464,557,705,JK009251,109,112,260,113,100
464,557,705,JK000021,1518,1128,1282,110,94
464,557,705,JK000021,1524,916,1070,106,91
464,583,705,Shamela0021635,227,179,319,93,87
464,39,504,JK005021,349,238,491,104,25
464,557,705,ShamAY0034809,254,958,1112,110,94
464,557,705,Sham19Y0014592,2521,879,1027,109,97
464,583,705,ShamAY0033636,4,971,1073,78,83
464,548,705,Shamela0010614,281,837,986,83,59
464,557,705,Shia002185Vols,2365,349,497,113,100
464,557,705,Shamela0013041,676,1163,1311,113,100
464,557,705,Sham19Y0013665,13,1138,1286,111,98
464,557,700,Shamela0012062,253,855,998,109,100
464,557,705,JK000583,718,400,548,113,100
464,548,705,Kraken220208041040,64,451,604,113,94
464,579,705,Sham19Y0023618,448,1305,1431,90,95
464,583,705,Shamela0003118,3019,866,1006,93,87
464,557,705,Shamela0003118,4925,929,1077,113,100
464,557,705,Shamela0003118,5093,401,549,113,100
464,579,705,EScr202304041409,78,183,311,88,92
464,564,705,Shamela0010798,901,4,127,94,87
464,553,705,JK009390,4912,1282,1439,110,92
464,557,705,JK010729,12,207,355,113,100
464,579,705,Masaha001072,222,1147,1294,89,80
464,564,705,JK001160,428,0,143,102,94
464,557,705,JK000883,485,480,628,113,100
464,80,284,Shamela0013039,62,118,588,74,15
464,557,771,ShamAY0036013,30,165,578,83,23
464,579,705,Shia001153,51,17,145,90,93
464,557,705,JK000637,3746,148,274,97,85
464,377,705,JK000001,1722,972,1318,176,53
464,766,1103,JK000001,1723,0,707,225,39
464,583,705,JK000916,9274,83,223,92,86
464,557,705,JK000916,16827,491,639,112,99
464,557,705,JK000916,17471,764,913,113,99
464,579,705,Shia001432Vols,24328,861,1008,89,80
464,579,705,Shia001432Vols,24329,902,1030,90,93
464,557,705,ShamAY0035035,6162,1153,1298,109,96
464,771,899,ShamAY0035035,9512,568,687,90,91
464,557,696,JK000049,19,1321,1460,106,100
464,579,705,Shamela0001585,39,627,753,90,95
464,579,705,JK001336,140,846,960,80,84
464,557,705,Sham19Y0017531,77,1239,1387,113,100
464,538,705,Sham19Y0127677,3092,229,397,113,87
464,557,705,Shamela0012031,102,593,738,111,97
464,538,705,Shamela0006897,10,577,754,121,89
464,579,705,Shia003444,51,657,771,80,84
464,557,705,Sham19Y0023644,1873,1137,1285,113,100
464,557,705,Shamela0007853,233,687,820,78,61
464,557,705,JK000919BK2,93,1241,1369,98,86
464,557,711,JK000298,4943,187,340,115,97
464,557,705,JK000532,1009,803,951,97,77
464,579,705,Shamela0035888,172,729,855,90,95
464,557,700,JK000480,85,1180,1323,107,98
464,579,705,Shamela0026484,570,515,628,76,80
464,611,705,Sham19Y0038171,1580,0,94,72,100
464,771,899,Sham19Y0038171,2388,190,309,91,92
464,557,705,Zaydiyya0000259,72,986,1134,113,100
464,579,705,Shia003754Vols,698,752,880,90,93
464,538,705,JK008001,6377,430,598,113,87
464,596,705,Shamela0023741,14,853,962,77,94
464,557,705,Shamela0010488,147,163,311,113,100
465,244,578,ShamAY0034447,1121,917,1351,204,55
465,624,888,JK005021,351,277,549,145,59
465,244,573,JK000001,1725,782,1350,241,52
465,624,1314,JK000001,1728,54,1449,469,41
465,244,578,ShamAY0035035,6257,558,1107,232,51
465,754,1018,ShamAY0035035,6261,1090,1462,175,57
465,1030,1282,ShamAY0035035,6262,20,409,171,52
465,432,578,Shamela0000432,4393,801,923,89,78
465,449,578,Shamela0000432,5963,389,521,84,74
465,244,538,Sham19Y0038171,1622,941,1463,208,47
465,875,1282,Sham19Y0038171,1627,0,648,276,52
465,244,578,JK001197,194,14,386,239,78
465,162,548,JK009317,3,677,1445,207,33
465,737,1179,JK009317,6,937,1423,289,68
466,814,1094,Masaha004651,2,849,1123,192,83
466,727,1098,Shia002185Vols,1828,313,807,211,50
466,737,1174,ShamIbadiyya0000135,213,640,1199,276,62
466,796,1094,Shamela0013039,34,373,835,208,57
466,984,1094,JK000637,2656,1198,1332,85,81
466,0,156,JK000001,1729,387,587,101,63
466,693,1094,JK000001,1756,399,1071,268,49
466,0,150,ShamAY0035035,6263,204,409,102,62
466,984,1094,JK000474,3859,594,728,85,81
466,796,1094,Shia000151,275,1100,1429,198,74
466,0,150,Sham19Y0038171,1628,516,718,102,63
466,0,177,JK001197,195,375,587,106,59
467,563,739,Shia000277Vols,1870,1231,1399,87,64
467,810,956,Shia000298Vols,3031,844,994,109,94
467,588,739,Shia000298Vols,3032,134,283,92,77
467,580,956,Tafsir04042,2095,576,893,238,81
467,130,461,Shia001237Vols,2210,0,330,259,97
467,805,965,Masaha000001Vols,839,176,327,113,91
467,563,708,Shia000234Vols,6955,141,308,100,71
467,805,956,Shia000182VolsBK2,3536,734,885,117,100
467,563,715,Shia001432Vols,23628,742,886,97,80
467,832,956,Shia001432Vols,23633,0,124,96,100
467,15,461,Shia001432Vols,23643,837,1336,334,82
467,563,691,Shia001122Vols,822,1187,1301,88,89
467,805,965,Shia001122Vols,823,505,658,113,92
467,662,956,Shia001615Vols,2570,166,553,147,48
467,805,956,Shia002389Vols,2767,1040,1191,117,100
467,603,754,Shia002389Vols,2768,4,182,80,56
467,15,461,Shia001266,57,941,1457,341,82
467,584,793,Shia002380Vols,743,1113,1274,120,73
467,563,793,Shia001217Vols,3424,936,1258,154,58
467,805,956,Shia001217Vols,3425,43,194,117,100
467,817,939,Shia000233,994,1391,1512,93,98
467,563,956,Shia002382Vols,1701,404,743,257,83
467,563,956,Shia002382Vols,2273,1161,1500,257,83
467,1018,1185,Shia000376Vols,143,1068,1224,121,90
467,563,956,Shia000376Vols,144,973,1307,206,58
467,563,691,PV2024060601,822,1187,1301,88,89
467,805,965,PV2024060601,823,505,658,113,92
468,299,888,Shia000298Vols,3033,932,1445,291,52
468,1356,1587,Sham19Y0035453,115,360,646,104,37
468,902,1587,JK001197,200,901,1438,151,22
469,555,730,Zaydiyya0000256,248,266,432,120,86
469,559,730,Masaha004651,4,801,977,117,78
469,569,730,Shia001237Vols,2211,586,773,112,71
469,563,730,JK000001,1753,1252,1426,111,77
469,555,730,Shia000317Vols,7604,865,1069,121,72
469,559,730,Hindawi081316951,485,911,1099,114,73
469,1063,1536,Sham19Y0035453,115,892,1331,239,56
469,559,730,Sham19Y0038171,1684,281,573,106,46
470,625,792,Shia001149Vols,864,1078,1247,119,88
470,181,364,Shamela0001438,3888,894,1270,103,34
470,181,620,Shamela0008241,17,940,1436,136,26
470,804,966,Shia001115Vols,120,551,713,128,95
470,513,966,Shia001138BK1,140,342,792,176,42
470,381,620,JK005021,227,149,409,127,59
470,86,317,JK005021,361,895,1355,165,46
470,804,943,Shia001138BK2,46,1264,1446,109,73
470,611,792,Shia001352,57,1207,1403,130,83
470,78,772,Masaha004651,9,1104,1566,272,44
470,772,966,Masaha004651,10,0,194,142,87
470,187,317,ShamIbadiyya0000075,707,940,1450,72,17
470,381,536,JK009390,2352,776,1012,92,46
470,74,317,JK009390,2356,250,596,126,45
470,263,734,JK007070,480,0,468,146,29
470,176,317,Shamela0013039,38,1053,1320,100,49
470,187,620,JK000001,1124,220,991,162,23
470,86,1044,Shia001432Vols,23614,361,1117,451,56
470,804,966,Shia001432Vols,23641,1041,1227,128,83
470,181,518,ShamAY0035035,4709,1020,1466,125,28
470,481,625,ShamAY0035035,4710,215,414,108,66
470,0,576,ShamAY0035035,6351,732,1358,170,24
470,625,875,Shia001340,369,843,1089,131,53
470,257,536,Shia001340,411,31,239,112,50
470,381,536,Sham19Y0127677,2131,485,758,106,45
470,148,317,Sham19Y0127677,2137,431,647,105,61
470,438,966,Shamela0021765,1922,65,487,121,20
470,86,337,Hindawi081316951,486,980,1216,166,80
470,257,536,Shia001615Vols,2571,256,465,112,51
470,804,966,Shia001383,144,632,813,126,84
470,0,181,Sham19Y0035453,115,1331,1531,118,73
470,181,536,JK009152,2122,513,1108,141,26
470,86,966,Shia000151,283,461,1153,414,54
470,625,792,Shia001217Vols,3421,417,585,121,89
470,804,972,Shia001217Vols,3426,507,695,133,87
470,290,541,Shia001217Vols,3427,729,1109,111,35
470,181,625,Sham19Y0038171,1176,230,1113,206,26
470,290,620,JK001171,94,441,984,133,26
470,148,317,JK008001,970,276,492,105,63
470,86,250,JK001197,201,327,490,111,79
470,181,734,JK009245,94,305,984,155,22
470,513,792,Shia000376Vols,161,453,779,148,53
470,152,317,Shamela0000140,1969,126,329,96,61
470,625,792,PV2024060601,4593,313,482,119,88
471,310,844,Masaha004651,12,550,1160,232,41
471,310,844,JK000001,1761,487,1107,227,40
471,310,844,Shia001432Vols,23615,313,922,231,41
471,310,844,Shia000151,286,52,663,232,41
472,337,863,Sham19Y0148271,833,819,1471,170,26
472,766,1155,Sham19Y0148271,834,56,530,227,59
472,337,1155,Shamela0012884,730,9,1227,427,41
472,371,970,Shamela0010480,1207,729,1455,332,51
472,371,1068,Shamela0025794,4622,606,1456,378,50
472,485,1155,EScr21011311,12,4,743,465,75
472,371,1155,JK000637,326,462,1438,429,50
472,485,1155,JK000637,663,198,1008,379,55
472,579,1130,JK000746,146,35,565,258,51
472,181,1155,JK000001,1763,13,1170,660,69
472,0,599,ShamAY0035035,6356,484,1482,297,35
472,599,1155,ShamAY0035035,6357,9,681,381,69
472,371,1130,Shamela0009567,17,483,1432,411,49
472,579,1155,Shamela0009567,201,0,780,360,57
472,337,1155,Shamela0000432,6076,562,1072,200,26
472,574,1155,Shamela0021809,3247,139,915,366,56
472,348,1155,ShamIbadiyya0000109,7454,622,1438,508,73
472,337,1155,Sham19Y0038171,1698,74,1168,509,56
473,1059,1475,JK010250,7,375,850,216,48
473,1059,1461,Shamela0008473,4454,1002,1473,227,53
473,232,355,Shamela0001438,1903,594,716,96,98
473,246,355,Sham19Y0018272,931,314,462,84,72
473,153,355,JK007082,719,269,460,106,54
473,153,477,Shamela0008241,5,910,1369,199,48
473,582,1215,Shamela0008241,6,1067,1446,179,31
473,1215,1503,Shamela0008241,7,0,405,226,69
473,670,1048,Shamela0008241,8,703,1342,284,54
473,696,816,JK005020,158,844,964,97,98
473,670,816,Shamela0030623Vols,291,170,320,116,93
473,1059,1475,JK000022,2277,870,1362,232,51
473,670,816,Shamela0012579,1629,891,1038,117,98
473,670,816,Shamela0012884,896,930,1074,108,92
473,670,816,Shamela0012884,897,727,873,118,100
473,822,1048,Shamela0012884,4721,692,910,159,83
473,1059,1475,Shamela0012884,4722,883,1350,223,50
473,362,658,Zaydiyya0000256,249,625,1251,181,33
473,663,816,Zaydiyya0000256,251,812,930,95,77
473,670,816,JK000021,1644,743,881,108,92
473,1147,1475,JK000021,1945,10,366,174,50
473,153,355,Shia000298Vols,3032,687,833,110,68
473,153,355,Shamela0021635,48,569,767,109,55
473,232,578,JK005021,359,181,671,124,26
473,274,1237,Masaha004651,3,0,1537,709,57
473,1244,1503,Masaha004651,4,66,323,204,95
473,822,1048,Shamela0021703,9,268,614,167,59
473,232,459,Shia002185Vols,1823,731,980,148,67
473,153,355,JK001274,37,752,951,108,55
473,148,646,EScr21011311,9,119,607,238,49
473,1069,1503,EScr21011311,9,898,1397,296,71
473,670,1048,EScr21011311,10,480,981,268,65
473,232,349,JK010561,325,1285,1441,86,68
473,484,658,JK001492,914,791,1276,125,31
473,230,355,Tafsir04042,2095,972,1103,92,87
473,230,355,JK006476,1713,652,775,90,89
473,232,355,Shamela0021659,602,1277,1399,96,98
473,153,360,Tafsir02091,1974,52,235,111,59
473,670,816,JK007070,392,1339,1490,117,96
473,670,816,JK007070,474,237,387,117,96
473,1126,1503,JK007070,475,0,460,279,73
473,153,355,JK007054,55,249,408,109,66
473,232,355,JK009274,417,674,796,95,97
473,675,816,Sham19Y0149697,3867,981,1113,106,92
473,153,477,Shia001237Vols,2210,1114,1438,198,65
473,489,902,Shia001237Vols,2211,163,527,186,48
473,0,658,Shia001402,128,1025,1534,320,57
473,232,355,Sham19Y0122096,1452,1046,1168,96,98
473,153,658,Shamela0013039,27,208,1262,332,37
473,521,1503,Shamela0013039,28,0,1065,433,38
473,670,816,Shamela0013039,29,1328,1470,116,97
473,822,1048,Shamela0013039,30,209,472,171,80
473,670,816,Sham19Y0017878,531,991,1138,117,98
473,153,411,JK000001,1751,344,861,147,32
473,1063,1503,JK000001,1752,294,836,327,74
473,670,1048,JK000001,1753,260,799,288,65
473,1086,1475,JK000470,430,4,477,214,49
473,143,658,Shia000234Vols,6949,457,1060,291,57
473,158,658,Shia000182VolsBK2,1949,874,1316,208,47
473,232,816,Shia001432Vols,23610,60,539,312,62
473,232,360,Shia001432Vols,23645,1061,1219,92,70
473,230,349,JK001336,150,397,547,87,71
473,232,653,Masaha001108Vols,77,1073,1518,253,63
473,232,355,JK000906,5745,1026,1146,89,86
473,696,816,Sham19Y0127677,563,100,221,97,99
473,691,816,JK005005,633,245,357,87,85
473,822,1048,Shamela0026566,86,582,843,165,77
473,246,355,JK000298,2149,1312,1431,84,89
473,362,477,JK009236,258,248,380,85,72
473,1059,1503,Shamela0021765,775,634,1229,254,48
473,225,816,Hindawi081316951,485,120,906,441,69
473,232,360,AOCP20251104145Vols,242,1380,1506,97,96
473,225,360,Shia004012,166,1016,1200,101,68
473,153,355,Shia002389Vols,2768,1021,1179,108,64
473,0,816,Shia000151,276,21,1495,523,41
473,822,1503,Shia000151,277,15,880,505,72
473,230,469,Kraken220413202218,528,426,686,178,84
473,238,658,ShamIbadiyya0000109,7428,455,1252,307,47
473,670,1048,ShamIbadiyya0000109,7429,939,1391,279,75
473,232,355,Shia002261Vols,153,1218,1340,96,98
473,153,355,Sham19Y0038171,1677,1215,1377,109,65
473,1063,1237,Sham19Y0038171,1680,1191,1413,136,77
473,1244,1503,Sham19Y0038171,1681,38,396,183,61
473,670,809,Sham19Y0038171,1682,649,789,100,83
473,1053,1498,JK001303,608,653,1193,310,69
473,232,355,Shia002382Vols,1701,1069,1198,91,87
473,232,355,Shia002382Vols,2274,322,451,91,87
473,822,1048,JK000485,450,767,1026,170,80
473,670,816,JK000080,683,1197,1347,117,96
473,670,816,JK000080,981,661,811,117,96
473,1063,1503,JK000080,983,761,1317,331,73
473,232,355,JK008001,1048,289,411,96,98
473,0,658,JK001197,199,544,844,201,37
473,696,816,JK009245,92,345,465,97,100
473,822,1048,Shamela0003722,4180,639,897,169,80
473,37,816,Shia000376Vols,140,871,1342,231,35
473,232,355,Zaydiyya0000348,4,90,241,92,75
473,0,665,Zaydiyya0000348,6,147,584,228,39
473,232,355,AOCP202502141237,150,534,650,88,91
473,822,1048,Shamela0001341,89,382,644,171,80
473,822,1048,Sham19Y0149213,1095,894,1123,173,92
474,26,145,Shamela0002506,85,839,1040,89,56
474,1181,1309,Shia001138BK2,37,283,573,93,40
474,1181,1299,Shia001352,72,763,881,88,94
474,1046,1299,Masaha004651,5,745,1031,191,83
474,150,478,Masaha004651,5,348,716,254,86
474,26,145,Kraken22021606121202,28,802,938,86,81
474,26,145,Sham19Y0018493,53,1257,1394,90,83
474,630,872,Tafsir04042,2097,111,747,190,37
474,637,1172,Shia001171,517,231,734,273,50
474,483,630,Shia001237Vols,1761,998,1170,111,80
474,478,788,Shia001237Vols,2212,626,1011,246,80
474,1058,1299,Shia001402,129,36,486,186,52
474,620,788,Shia004030Vols,568,553,722,130,93
474,1181,1299,Masaha000001Vols,839,660,780,87,87
474,1193,1299,Shia000182VolsBK2,3533,746,852,85,100
474,1041,1191,Shia001300,192,943,1103,118,93
474,620,793,Shia001432Vols,21814,35,204,133,95
474,1181,1299,Shia001432Vols,23561,1187,1305,87,88
474,1186,1299,Shia001432Vols,23604,827,939,89,97
474,620,850,Shia001432Vols,23635,945,1427,175,45
474,1191,1299,Shia001432Vols,23641,329,442,85,92
474,485,1240,Shia001432Vols,23645,291,1340,350,37
474,620,788,Shia001432Vols,27323,14,179,130,95
474,620,788,Shia001432Vols,32751,1209,1374,130,95
474,1191,1299,Shia001134,424,983,1097,85,91
474,1181,1299,Shia001122Vols,823,1001,1120,87,87
474,26,140,JK009236,257,1364,1486,88,90
474,1181,1299,Shia001615Vols,1125,1349,1467,87,88
474,1186,1299,Shia001615Vols,2422,678,790,89,97
474,637,788,Shia001615Vols,2574,1272,1422,121,99
474,1181,1299,Shia001615Vols,3691,112,230,87,88
474,698,899,Shia001383,66,570,832,153,72
474,630,899,Shia001383,133,1054,1377,197,75
474,478,1027,Shia004012,166,23,1058,410,49
474,147,478,Shia000151,278,1061,1463,255,79
474,1055,1299,Shia000151,279,56,336,178,77
474,320,488,Shia001217Vols,3420,34,271,113,61
474,620,788,Shia001217Vols,3423,284,453,130,93
474,1181,1299,Shia001217Vols,3428,146,264,88,94
474,620,793,Shia001217Vols,7323,1030,1203,133,93
474,26,140,Sham19Y0038171,1680,987,1119,89,86
474,320,850,Shia000233,993,0,176,88,19
474,32,377,Masaha000554Vols,5732,1032,1257,112,39
474,1193,1299,Masaha000554Vols,5733,88,194,85,100
474,485,718,Shia000376Vols,140,1371,1562,128,70
474,718,877,Shia000376Vols,141,0,190,114,71
474,620,788,Shia000376Vols,162,738,911,120,82
474,620,765,Shia003700,138,361,507,105,87
474,1181,1299,PV2024060601,823,1001,1120,87,87
475,611,742,Zaydiyya0000013,262,87,211,73,73
475,611,804,Shamela0008241,12,145,295,95,63
475,856,1201,Masaha004651,14,407,735,189,63
475,94,804,Shia002185Vols,1824,976,1385,176,27
475,795,1170,Sham19Y0023625,2497,491,767,135,47
475,94,551,JK007070,480,1114,1324,86,19
475,965,1170,JK007070,495,59,252,100,63
475,94,804,JK000001,1754,1006,1381,184,29
475,809,1147,JK000001,1764,1065,1491,171,48
475,611,804,ShamAY0035035,6336,705,855,95,63
475,817,1101,JK000298,3300,914,1283,167,51
475,934,1201,Shia000151,288,0,280,163,69
475,611,804,Kraken220413202218,529,361,506,92,61
475,94,804,ShamIbadiyya0000109,7430,939,1417,198,31
475,611,804,Sham19Y0038171,1686,905,1055,95,63
476,6,302,Zaydiyya0000256,251,1081,1401,223,88
476,556,738,Masaha004651,37,1319,1508,137,90
476,566,749,JK011730,869,11,202,125,80
476,6,302,Tafsir04042,2097,363,647,225,94
476,14,302,Shia001237Vols,2212,0,277,217,93
476,336,546,JK000001,1764,427,637,144,77
476,566,738,JK000001,1775,1038,1211,118,86
476,566,774,Shia001432Vols,23631,734,925,136,82
476,6,312,Shia001432Vols,23645,533,833,230,93
476,566,738,Shamela0000432,6077,820,993,120,87
476,592,738,AOCP20251104145Vols,265,1257,1405,115,97
476,6,302,Shia004012,166,470,759,228,96
476,556,774,Shia000151,311,1244,1458,142,79
476,559,738,Shamela0010488,119,163,346,122,80
476,0,302,Shia000376Vols,141,617,919,224,92
477,27,901,Masaha004651,15,437,1319,375,47
477,27,901,JK000001,1766,197,1079,408,50
477,15,515,Shia001432Vols,23618,6,484,230,48
477,27,817,ShamAY0035035,6361,506,1552,368,42
477,33,901,Shia000151,289,0,865,357,46
480,498,915,Masaha001142Vols,318,325,480,95,28
481,514,953,Shia001432Vols,23612,163,704,131,26
481,514,953,Shia000151,281,114,658,131,26
482,1150,1280,Shia001115Vols,119,951,1086,97,92
482,499,660,Shamela0022712,107,982,1124,92,70
482,499,671,Shia001544Vols,886,912,1101,124,82
482,370,671,Masaha004651,37,558,763,147,61
482,1150,1280,Shia001120,30,1214,1348,100,96
482,1033,1136,Shia001142Vols,30,696,811,77,88
482,499,671,JK000001,1774,140,313,134,98
482,1033,1330,Shia001432Vols,23585,665,1134,185,49
482,1150,1280,Shia001432Vols,23632,200,323,96,94
482,507,671,ShamAY0035035,6380,0,154,117,90
482,1150,1280,Shia001148,146,229,374,98,86
482,1028,1127,Shia001268,3,1295,1397,71,89
482,1150,1280,Shia001122Vols,823,259,384,95,92
482,1074,1280,Shia001615Vols,275,292,493,115,66
482,499,671,Shia001174Vols,3432,292,465,129,93
482,1150,1303,Shia001217Vols,3424,130,275,103,87
482,499,671,Sham19Y0038171,1708,546,709,124,91
482,499,671,Shia000376Vols,150,910,1077,117,81
482,1150,1280,PV2024060601,823,259,384,95,92
483,803,969,JK000022,1081,483,660,129,89
483,803,969,Sham19Y0014592,202,10,179,124,87
483,818,975,Sham19Y0023618,1209,92,255,117,84
483,800,975,Shamela0013039,93,206,383,136,93
483,774,969,Shamela0021493,350,630,832,135,82
483,818,975,JK000585,4367,591,753,117,85
483,1316,1434,JK000001,1786,584,1041,67,17
483,722,1042,JK000001,1788,902,1189,168,57
483,1299,1434,ShamAY0035035,6403,626,1191,95,21
483,722,957,ShamAY0035035,6406,1015,1512,171,42
483,800,975,Shamela0012031,420,1022,1199,136,93
483,800,975,Sham19Y0023644,3732,159,334,135,94
483,800,975,ShamAY0034857,59,872,1049,136,93
484,519,687,JK005021,366,468,807,113,42
484,519,687,Shia002185Vols,3688,251,434,123,86
484,313,614,JK000001,1787,58,394,101,25
484,1178,1523,JK000001,1789,5,361,142,39
484,274,619,ShamAY0035035,6404,452,965,159,35
484,1364,1523,ShamAY0035035,6409,21,365,95,34
484,495,687,Sham19Y0038171,1722,79,720,133,27
484,1364,1523,Sham19Y0038171,1724,564,908,84,26
484,580,687,JK005022,27,890,995,77,94
485,1086,1408,Hindawi059507481,107,973,1293,189,66
485,1170,1289,JK000001,3004,1330,1474,93,78
485,1306,1520,ShamAY0035035,9106,959,1298,102,38
485,1170,1325,Kraken220413030759,1465,339,535,123,77
485,1170,1325,Kraken220413202218,1098,18,215,122,76
485,1170,1520,Shia000233,253,695,1358,180,32
485,1124,1325,JK001197,327,606,843,135,69
486,10,512,JK000001,3007,77,532,199,40
486,1343,1583,Shia001432Vols,22644,249,635,185,60
487,1122,1303,JK005021,354,1022,1290,137,64
487,710,1171,Sham19Y0131521,6394,270,696,119,25
487,710,1168,Sham19Y0020944,1154,680,1146,120,23
487,22,153,Shia001107Vols,212,1198,1358,96,74
487,22,165,Shia002185Vols,1932,1162,1309,98,82
487,1178,1444,Shamela0006739,1388,236,375,96,45
487,956,1091,JK007070,804,1010,1291,89,40
487,574,944,Shia001237Vols,2192,343,753,215,54
487,22,165,Shia20200618,91,423,585,96,73
487,1122,1444,JK000001,1737,0,437,254,73
487,22,165,Shia001432Vols,22091,171,323,103,86
487,22,165,Shia001432Vols,22644,760,907,99,82
487,574,949,Shia001432Vols,22659,333,712,211,59
487,1171,1449,ShamAY0035035,6286,352,727,213,71
487,22,165,Shia001340,1,1090,1240,99,81
487,710,1171,Sham19Y0020591,1846,175,602,119,25
487,22,165,Rafed0001617Vols,97,427,574,98,82
487,1122,1444,Shamela0008243,23,679,1420,246,41
487,22,165,Shia001615Vols,1019,66,218,103,86
487,745,1029,Shia001383,133,553,887,103,29
487,710,1001,Shia004012,167,904,1503,219,46
487,22,165,Shia001217Vols,4322,1013,1154,92,76
487,1171,1449,Sham19Y0038171,1648,54,430,213,71
487,1178,1444,JK005022,26,1227,1366,96,45
487,22,165,Shia004021,164,597,746,95,79
487,739,944,Shia000376Vols,172,1187,1361,116,72
488,495,678,Shia000182VolsBK2,3540,0,242,126,63
488,1013,1301,Shia001432Vols,22646,895,1454,111,20
488,445,649,Shia001122Vols,809,942,1364,154,46
488,1013,1301,Shia001122Vols,810,898,1223,137,39
488,301,662,Shia001615Vols,3023,60,512,167,43
488,1013,1301,Shia001174Vols,3388,73,647,154,31
488,904,1301,Shia001217Vols,3401,728,1237,101,18
488,567,859,Masaha000554Vols,2920,153,339,124,49
488,567,830,Shia000376Vols,172,995,1447,122,34
488,445,649,PV2024060601,809,942,1364,154,46
488,1013,1301,PV2024060601,810,898,1223,137,39
489,474,619,Sham19Y0017903,512,18,245,111,59
489,474,619,Sham19Y0017903,906,1089,1314,109,58
489,474,619,JK008250Vols,824,1119,1347,111,60
489,474,619,JK008250Vols,825,298,530,111,59
489,626,794,JK005021,221,40,196,61,47
489,626,731,JK005021,357,76,259,66,46
489,474,654,Sham19Y0131521,6321,929,1178,115,54
489,474,613,Sham19Y0020944,1139,1185,1405,101,55
489,474,619,JK000142,1114,663,891,108,57
489,474,619,Shamela0025794,5302,837,996,116,90
489,474,619,Shamela0010835,194,1176,1409,113,60
489,474,619,Sham19Y0146127,3665,752,947,110,68
489,474,619,Shamela0008203,30,1203,1436,113,60
489,494,624,Shia003101Vols,387,365,499,95,84
489,474,619,JK009390,6228,911,1105,108,69
489,474,619,Shamela0026324,6134,686,833,90,63
489,738,868,ShamAY0034059,77,1015,1146,104,99
489,474,624,JK000720,65,783,958,114,79
489,474,619,JK000720,67,1169,1388,113,64
489,474,709,JK007054,18,5,167,68,34
489,474,613,JK000484,6727,1210,1436,108,59
489,474,624,ShamAY0002038,469,40,203,117,88
489,474,619,JK000476,48,874,1089,108,63
489,1113,1291,Masaha000001Vols,827,1009,1200,131,84
489,907,1108,Masaha000001Vols,828,507,705,152,97
489,474,619,JK000481,755,734,926,108,68
489,474,664,JK000001,1742,1016,1332,150,59
489,671,868,JK000001,1744,394,532,106,67
489,474,619,JK009336,3012,27,246,103,57
489,474,619,JK000943,155,985,1217,110,59
489,873,1113,Shia001432Vols,22640,329,569,158,86
489,1113,1291,Shia001432Vols,22648,1057,1241,126,81
489,474,731,Shia001432Vols,22650,1062,1423,192,65
489,738,873,Shia001432Vols,22651,455,590,108,100
489,474,664,ShamAY0035035,6307,480,1162,149,27
489,1113,1291,Shia002394Vols,901,1105,1287,124,81
489,474,619,Sham19Y0020591,1821,1257,1484,108,57
489,474,619,Sham19Y0127677,5792,1165,1390,111,61
489,474,619,Shamela0012220,2093,670,831,94,62
489,1113,1291,Shia001122Vols,811,792,983,131,84
489,873,1108,Shia001122Vols,812,300,535,157,87
489,738,868,Shamela0008243,34,1191,1321,101,97
489,474,624,Hindawi081316951,484,120,264,116,96
489,1113,1291,Shia001615Vols,1850,143,319,126,85
489,873,1108,Shia001615Vols,3025,4,239,157,87
489,474,619,PV2024060602,5711,525,753,108,57
489,489,868,AOCP20251104145Vols,229,1132,1398,146,47
489,907,1108,Shia001383,135,636,819,132,84
489,474,619,ShamAY0035249,54,959,1183,106,58
489,1113,1291,Shia002389Vols,580,1188,1379,128,83
489,474,619,JK000480,285,942,1175,110,58
489,873,1291,Shia001217Vols,3405,234,763,283,67
489,474,619,JK000475,2006,132,356,106,58
489,626,868,Sham19Y0038171,1149,382,902,109,25
489,474,664,Sham19Y0038171,1666,786,1473,146,26
489,738,868,Sham19Y0038171,1669,732,977,100,51
489,624,868,ShamAY0033948,83,564,1075,112,23
489,905,1108,Shia000233,252,695,896,152,96
489,1161,1291,Shia000233,1011,1080,1204,89,85
489,1115,1330,Shia002382Vols,454,562,744,116,68
489,521,846,JK008001,1068,91,642,151,29
489,474,619,JK008001,1199,450,679,111,60
489,474,747,JK009245,127,788,1052,81,28
489,898,1282,Shia000376Vols,181,530,999,265,67
489,1113,1291,PV2024060601,811,792,983,131,84
489,873,1108,PV2024060601,812,300,535,157,87
490,186,464,Hindawi059507481,90,27,284,130,50
490,296,853,JK000001,1745,19,306,174,40
490,158,853,Shia001432Vols,22651,813,1465,242,33
491,1102,1531,Hindawi059507481,107,0,378,177,42
491,712,1531,JK000001,3001,710,1306,319,44
491,712,1118,Kraken220413030759,1461,1300,1543,154,46
491,1098,1531,Kraken220413030759,1462,13,358,165,44
491,991,1290,JK001197,325,1198,1526,160,56
491,1391,1531,JK001197,326,5,143,85,62
492,493,676,Masaha004648Vols,426,39,246,137,82
492,215,460,Shia000234Vols,43,713,927,131,61
492,224,796,Shia003749,15,878,1371,350,75
492,224,796,Shia001432Vols,3252,533,1114,375,75
492,507,676,Shia001432Vols,3796,1077,1255,130,91
492,507,676,Shia001432Vols,22140,630,808,129,91
492,188,486,Shia001432Vols,22638,1097,1407,230,91
492,224,555,Shia001148,182,1172,1551,240,78
492,555,796,Shia001148,183,0,202,140,73
492,359,560,Shia004039,148,808,1008,141,80
492,215,486,Shia002761Vols,988,1198,1493,184,73
492,307,486,Rafed0003799Vols,1635,1107,1302,123,74
492,507,676,Shia002389Vols,1282,484,662,131,92
492,224,486,Shia002389Vols,1824,541,803,189,85
492,536,652,Shia001174Vols,3393,475,584,87,93
492,245,676,Tafsir04056,4194,422,814,195,47
492,211,796,Rafed0001121,435,0,616,433,86
492,149,796,Shia000376Vols,176,218,849,407,73
492,249,486,Shia003961Vols,1290,197,421,162,85
492,507,676,Shia001140Vols,52,395,573,131,92
493,820,968,JK005021,358,1028,1278,105,54
493,820,919,Shamela0006739,1388,613,712,75,100
493,0,277,Sham19Y0023625,2668,72,329,188,83
493,1245,1469,ShamAY0002038,468,51,304,138,56
493,1245,1505,JK000001,1736,133,762,184,34
493,0,597,JK000001,1749,33,470,246,50
493,605,975,JK000001,1750,367,935,223,46
493,0,277,Shia001432Vols,22654,1118,1376,199,90
493,605,975,Shia001432Vols,22655,949,1313,227,69
493,0,277,JK001249,344,122,379,188,83
493,0,277,ShamAY0035035,6322,623,1006,195,63
493,1349,1505,Shamela0008243,22,116,493,117,37
493,669,897,Sham19Y0038171,1675,533,1017,127,35
493,820,919,JK005022,27,124,223,75,100
493,707,919,JK001197,199,226,411,115,67
493,0,292,JK007119,182,990,1258,175,72
494,356,781,JK000001,1733,297,773,213,52
494,545,781,Shamela0000432,6279,69,384,120,45
494,361,549,JK000044,3,635,1061,92,24
494,653,781,JK001197,197,0,119,82,80
495,460,611,ShamAY0032759,14,621,796,109,77
495,477,611,Shamela0001438,2091,476,609,108,99
495,860,1178,Zaydiyya0000256,378,595,1123,199,46
495,484,611,Shamela0029744,3,20,149,97,92
495,1200,1321,Shia001334,38,509,621,86,90
495,465,611,ShamAY0033628,10,531,697,109,81
495,460,611,Shamela0026389,153,1293,1468,107,76
495,477,615,JK009390,1196,898,1038,106,92
495,470,615,JK009390,3335,215,366,107,87
495,477,615,Shamela0021659,636,1118,1258,107,92
495,477,615,JK009274,464,39,179,107,92
495,687,979,Masaha000001Vols,618,846,1295,220,61
495,465,611,Shamela0010444,28,396,559,108,81
495,484,631,ShamAY0032919,8,12,162,100,82
495,1108,1321,Shia000182VolsBK2,3387,721,943,109,56
495,663,853,Shia001432Vols,22134,981,1469,129,32
495,864,984,Shia001432Vols,22135,398,520,92,93
495,864,979,Shia002394Vols,815,964,1075,89,95
495,769,979,Shia001122Vols,625,96,351,159,79
495,864,979,Shia001615Vols,1783,1184,1301,91,95
495,1187,1321,Shia000107Vols,3155,552,691,92,80
495,1200,1321,Shia001383,183,61,174,84,87
495,864,979,Shia002389Vols,522,247,361,91,98
495,663,979,Shia001174Vols,2822,318,787,224,58
495,864,979,Shia002380Vols,138,1262,1376,91,98
495,864,979,Shia001217Vols,5168,1110,1224,91,98
495,1202,1321,Shia001217Vols,5170,42,162,94,99
495,470,611,Shia002261Vols,174,200,355,111,88
495,864,979,Shia002382Vols,420,463,577,91,98
495,460,641,ShamAY0032838,8,603,816,114,67
495,477,611,JK008001,6201,592,1051,108,28
495,460,611,Shamela0030594Vols,40,786,961,107,76
495,860,1108,Masaha000554Vols,973,1299,1549,140,64
495,864,979,Masaha000554Vols,2032,1541,1650,88,94
495,860,972,Masaha000554Vols,2919,1469,1583,89,96
495,1202,1321,Zaydiyya0000302,1795,1051,1170,94,100
495,769,979,PV2024060601,625,96,351,159,79
495,1202,1321,PV2024060601,7921,1213,1332,94,100
496,725,1512,Hindawi059507481,107,717,1215,272,42
496,895,1305,JK000001,3004,175,623,168,41
496,895,1305,Kraken220413030759,1464,644,1084,169,42
497,1362,1547,ShamAY0034640,175,411,596,150,100
497,770,1547,JK000001,3007,410,1286,347,39
497,86,307,ShamAY0035035,9106,1007,1243,110,50
497,770,1220,ShamAY0035035,9107,148,948,170,22
497,900,1547,Kraken220413030759,1467,0,512,273,49
497,195,302,Kraken220413202218,1098,1164,1273,83,95
497,55,302,Shia000233,253,1055,1303,133,58
497,770,1211,Shia000233,254,182,430,104,26
497,1362,1485,JK001197,328,548,670,98,98
498,964,1503,JK005021,517,1045,1353,95,18
498,1278,1498,Shamela0006739,1406,1302,1524,153,82
498,1248,1425,Shamela0009918,664,432,623,136,87
498,524,995,JK000001,3008,1219,1605,198,45
498,1197,1406,JK000001,3009,514,750,145,76
498,524,1430,ShamAY0035035,9111,238,1443,446,42
498,457,1186,Kraken220413030759,1468,364,1078,311,44
498,1248,1425,Sham19Y0145166,769,663,860,133,83
498,1278,1498,JK005022,45,795,1017,153,82
499,451,623,JK000001,3011,130,307,133,90
499,646,953,Shia001432Vols,22137,477,775,222,86
499,440,623,ShamAY0035035,9115,82,251,124,79
499,451,628,Kraken220413030759,1470,688,878,130,83
499,633,828,Shia002389Vols,841,108,322,137,79
499,646,959,Shia001266,9,1143,1449,227,89
500,923,1281,Sham19Y0018272,629,966,1247,189,62
500,697,1139,JK007044,5214,0,286,224,63
500,296,693,JK006478,6194,251,648,246,69
500,794,1156,Sham19Y0122257,2756,6,239,171,59
500,915,1047,JK011730,1193,0,131,100,95
500,573,1139,Sham19Y0023625,2447,904,1282,251,52
500,299,1281,JK000001,1683,57,970,648,79
500,299,884,ShamAY0035035,6147,476,1596,376,40
500,693,969,JK000298,1112,1016,1227,160,73
500,126,923,Kraken220413202218,506,297,871,292,40
500,314,573,Shia000233,275,8,250,178,81
500,693,969,Sham19Y0133377,14,688,851,120,54
501,473,785,JK010250,9,71,557,131,30
501,847,1114,Shamela0001438,4628,1032,1283,195,90
501,847,1121,Shia001544Vols,872,1283,1539,206,92
501,404,528,JK005021,338,1102,1457,93,32
501,402,599,JK000071,282,527,758,146,77
501,26,599,Shia002185Vols,2083,410,662,160,33
501,435,599,Shamela0010463,617,0,201,124,75
501,179,572,Sham19Y0016976,1465,1102,1440,109,26
501,847,1114,JK009390,3076,80,331,195,90
501,847,1121,Shia001237Vols,2158,864,1123,201,89
501,1284,1480,Shia001237Vols,2162,0,226,154,81
501,847,1121,Shia001237Vols,4416,152,416,205,91
501,763,1156,Masaha000001Vols,627,136,665,277,62
501,404,599,JK000001,1686,512,1020,147,35
501,604,725,JK000001,1687,1053,1177,89,87
501,845,1121,Masaha000979,151,536,806,202,88
501,845,1121,Shia001417,81,166,479,202,75
501,1279,1480,Shia001432Vols,22344,41,277,163,85
501,847,1126,Shia001432Vols,22359,733,1001,207,92
501,404,604,Shamela0095735,219,709,932,142,74
501,291,663,Sham19Y0127677,349,838,1068,73,22
501,847,1114,Sham19Y0127677,2754,271,522,195,90
501,763,1156,Shia001122Vols,633,897,1427,277,63
501,503,740,Hindawi081316951,470,263,892,159,31
501,847,1121,Shia001615Vols,3136,174,437,206,93
501,847,1121,Shia001174Vols,2844,1127,1389,210,94
501,917,1114,JK001297,627,1273,1435,127,79
501,847,1027,Shia001217Vols,7095,1284,1452,133,90
501,917,1126,ShamAY0032826,1207,827,1006,135,79
501,847,1121,Shia000233,275,290,547,183,76
501,847,1114,JK008001,1035,277,531,195,89
501,177,599,AOCP202502141237,144,128,1450,220,19
501,763,1156,PV2024060601,633,897,1427,277,63
502,502,653,Shia001544Vols,873,99,245,115,90
502,478,665,Shia001237Vols,2159,827,1018,128,79
502,0,488,Shia001237Vols,2162,226,732,383,92
502,478,653,Masaha000001Vols,626,906,1080,123,78
502,478,665,Shia001300,194,289,489,130,77
502,478,653,Shia001432Vols,22339,108,279,121,78
502,0,514,Shia001432Vols,22344,277,799,394,91
502,478,653,Shia001432Vols,22357,1163,1336,123,79
502,1404,1524,ShamAY0035035,6159,972,1092,95,99
502,478,653,Shia001122Vols,633,243,417,123,78
502,460,665,Shia001615Vols,3134,757,1009,149,70
502,481,665,Shia001217Vols,3367,142,328,134,88
502,1404,1524,Sham19Y0038171,1577,320,440,95,99
502,817,1170,Shia003986,66,898,997,65,23
502,478,653,Shia001137,5,674,845,121,78
502,493,650,Masaha000554Vols,4592,375,534,118,85
502,478,653,PV2024060601,633,243,417,123,78
503,821,1116,Shamela0002506,90,818,1091,114,35
503,2,291,JK005021,340,189,791,132,25
503,230,383,Sham19Y0014592,2214,364,523,114,87
503,240,381,JK011730,1190,1225,1371,113,95
503,237,381,ShamAY0002038,460,635,781,109,88
503,482,787,Masaha000001Vols,625,590,895,236,98
503,54,376,JK000001,1689,0,660,249,46
503,482,787,Shia001432Vols,22352,197,502,239,100
503,164,381,ShamAY0035035,6161,31,653,173,34
503,573,787,Shia001122Vols,632,0,214,167,99
503,482,787,Shia001174Vols,2839,292,598,238,99
503,482,787,Shia001217Vols,3363,771,1076,238,99
503,120,381,Sham19Y0038171,1578,817,1538,197,33
503,104,376,Zaydiyya0000348,13,123,323,132,59
503,47,475,ShamIbadiyya0000074,345,381,899,205,42
503,573,787,PV2024060601,632,0,214,167,99
504,279,593,Shia001237Vols,2154,1213,1442,136,50
504,802,1533,Shia001237Vols,2157,0,734,559,90
504,482,663,Masaha000001Vols,624,1285,1418,100,68
504,47,550,Masaha000001Vols,625,72,405,139,27
504,191,360,Masaha000001Vols,627,1146,1412,127,58
504,438,668,Shia001300,195,1295,1431,98,52
504,557,668,Shia001432Vols,247,1362,1473,87,98
504,555,663,Shia001432Vols,22338,249,468,85,47
504,738,1533,Shia001432Vols,22343,499,1283,586,85
504,436,668,Shia001432Vols,22346,857,1003,97,49
504,438,674,Shia001432Vols,22350,598,886,140,51
504,77,550,Shia001432Vols,22351,838,1275,138,25
504,550,668,Shia003707Vols,779,328,456,94,92
504,482,663,Shia001122Vols,631,624,758,100,69
504,191,360,Shia001122Vols,634,466,735,129,60
504,555,663,Shia001615Vols,1890,869,1044,85,59
504,738,1496,Shia001615Vols,1892,443,1133,508,79
504,77,550,Shia001174Vols,2838,935,1387,137,25
504,762,1533,Shia001266,28,260,999,569,90
504,284,477,Shia001217Vols,3364,780,1248,103,24
504,77,550,Shia001217Vols,3367,523,775,118,26
504,557,663,Shia001137,123,1009,1118,85,97
504,482,663,PV2024060601,631,624,758,100,69
504,191,360,PV2024060601,634,466,735,129,60
505,688,901,MMS00026,37,142,252,69,42
505,669,901,JK009230,652,230,321,52,31
505,669,901,Shamela0010509,41,1033,1129,48,26
505,634,901,Shia002185Vols,2084,207,465,200,95
505,530,901,Shamela0026884,520,382,643,127,40
505,688,901,JK001238,4,506,616,70,43
505,669,901,JK001412,264,315,414,54,31
505,669,901,Shamela0005433,28,155,248,52,31
505,5,148,Shia001237Vols,2157,802,942,112,95
505,553,901,Shamela0013039,11,261,548,225,82
505,688,901,JK001269,17,1133,1243,70,43
505,530,901,JK000001,1690,605,914,244,83
505,1029,1574,JK000001,2012,1234,1536,163,35
505,530,775,EScr20112614,68,1287,1467,143,73
505,775,901,EScr20112614,69,0,127,95,93
505,5,148,Shia001432Vols,22343,1351,1491,112,95
505,553,901,ShamAY0035035,6166,1170,1464,224,81
505,1029,1574,ShamAY0035035,6883,356,678,161,34
505,530,901,JK007066,7,207,513,232,77
505,5,148,Shia001266,28,1067,1203,109,94
505,669,901,Shamela0005683,148,18,117,54,31
505,684,901,JK010766,616,0,207,164,95
505,669,901,Shamela0010488,156,914,1083,75,40
506,1030,1524,JK000001,2011,484,1170,367,66
507,945,1441,Shamela0098087,169,1311,1551,178,44
507,953,1247,Tafsir04040,1843,82,523,156,39
507,962,1514,ShamAY0035000,256,7,276,174,39
507,170,308,Masaha000001Vols,769,12,237,89,47
507,170,308,Masaha000001Vols,796,595,820,89,47
507,578,776,JK000001,2007,371,747,102,33
507,945,1425,JK000001,2027,1062,1586,380,87
507,97,308,Shia000182VolsBK2,3545,304,543,117,60
507,342,444,Shia001432Vols,22852,1082,1187,79,97
507,1098,1536,ShamAY0035035,6903,0,934,340,44
507,342,444,Shia002759BK1,121,533,636,79,97
507,342,444,Shia001122Vols,779,1200,1303,79,99
507,165,308,Shia001122Vols,779,85,316,95,52
507,165,444,Shia001615Vols,965,56,739,183,34
507,184,444,Shia001383,255,1053,1406,95,25
507,165,308,Shia001217Vols,4403,718,1151,92,27
507,134,444,Shia001217Vols,4404,2,232,114,44
507,945,1306,Kraken220413202218,646,144,556,244,66
507,945,1247,JK001197,237,584,891,237,93
507,165,308,PV2024060601,779,85,316,95,52
507,342,444,PV2024060601,779,1200,1303,79,99
508,279,651,JK000001,2013,1143,1510,229,69
508,26,1099,JK000001,2014,38,1154,420,34
508,1128,1549,JK000001,2023,899,1384,278,67
508,1128,1513,Shia001432Vols,22848,1208,1605,261,75
508,211,651,ShamAY0035035,6884,664,1134,236,54
508,628,980,ShamAY0035035,6885,323,839,201,47
508,1128,1443,ShamAY0035035,6897,1232,1608,205,61
508,201,736,Kraken220413202218,640,800,1587,283,41
509,56,1055,JK000001,2024,0,1054,364,29
509,1115,1557,JK000001,2025,6,449,300,81
509,0,1045,Shia001432Vols,22849,159,1171,401,36
509,1062,1557,Shia001432Vols,22850,81,564,318,75
509,1115,1352,ShamAY0035035,6899,1056,1494,142,38
509,1358,1557,ShamAY0035035,6900,0,239,146,74
509,474,1010,JK001197,235,1252,1575,212,46
509,887,1557,JK001197,236,95,760,296,47
510,586,1339,JK000001,2015,663,1559,516,68
510,1339,1516,JK000001,2016,0,217,131,75
510,586,1247,ShamAY0035035,6886,668,1431,450,71
510,1247,1516,ShamAY0035035,6887,52,371,202,78
510,332,1516,Kraken220413202218,641,303,1224,394,35
510,580,1423,Shia000233,160,733,1482,419,55
511,121,1669,JK000001,2016,565,1585,648,48
511,121,408,ShamAY0035035,6887,1144,1589,215,55
511,584,1669,ShamAY0035035,6888,22,772,423,43
511,966,1219,Rafed0003591Vols,184,1294,1526,137,65
511,1453,1666,Rafed0003591Vols,185,0,197,136,78
511,121,744,Kraken220413202218,641,1257,1609,254,47
511,993,1669,Kraken220413202218,642,80,511,259,47
512,471,1285,JK000001,2017,953,1663,399,52
512,471,1409,ShamAY0035035,6889,424,1398,464,49
513,1058,1338,JK000001,2022,7,294,217,89
513,1343,1523,JK000001,2022,1508,1696,149,95
513,1523,1708,JK000001,2023,5,164,127,81
513,1021,1338,ShamAY0035035,6895,450,852,243,72
513,1392,1708,ShamAY0035035,6897,11,419,235,67
514,1137,1579,JK000001,2020,1029,1541,316,77
514,849,1142,JK000001,2021,568,772,161,65
514,0,275,JK000001,2023,164,627,211,56
514,1152,1579,ShamAY0035035,6893,39,695,318,61
514,849,1142,ShamAY0035035,6894,601,805,160,64
514,0,275,ShamAY0035035,6897,419,913,199,49
515,713,1441,JK000001,2019,1097,1591,289,45
515,34,372,JK000001,2021,19,558,217,48
516,285,809,JK000001,2021,883,1608,413,69
516,0,249,JK000001,2022,409,651,166,75
516,438,809,ShamAY0035035,6895,0,438,284,79
517,0,954,JK000001,2028,228,1539,687,62
517,965,1540,JK000001,2029,8,585,385,71
517,0,382,ShamAY0035035,6903,1048,1529,259,63
517,532,1141,ShamAY0035035,6904,821,1599,432,65
517,1141,1540,ShamAY0035035,6905,0,543,254,50
517,0,850,Kraken220413202218,646,642,1561,432,48
517,850,1484,Kraken220413202218,647,0,549,404,76
517,413,713,Shia000233,163,172,466,239,97
517,0,367,JK001197,237,986,1171,142,47
518,114,1048,JK000001,2030,3,988,492,48
518,0,372,ShamAY0035035,6906,949,1526,228,46
518,375,1048,ShamAY0035035,6907,3,886,301,33
519,80,286,Shamela0008473,3722,137,370,107,59
519,83,865,Shamela0008473,3722,526,1394,321,37
519,499,675,Shamela0001438,1685,466,668,131,79
519,967,1091,Shamela0001438,7443,1271,1395,100,98
519,264,491,JK000021,2925,998,1220,135,70
519,80,675,JK005021,403,556,1145,276,51
519,499,675,JK000085,99,100,301,131,79
519,80,502,Shia002185Vols,360,10,406,246,66
519,111,491,JK006478,144,135,502,171,54
519,80,183,JK007006,962,199,354,81,66
519,80,605,Shamela0006739,1392,703,1110,194,46
519,499,699,Sham19Y0020882,114,589,835,139,70
519,80,188,JK001293BK1,465,1019,1131,85,96
519,499,675,JK009390,880,585,788,131,78
519,681,852,Shia001237Vols,32,515,693,122,85
519,681,860,Shia001237Vols,581,978,1162,119,79
519,681,852,Shia001237Vols,2740,1249,1421,118,83
519,681,852,Shia001237Vols,3858,1151,1329,122,85
519,80,214,Sham19Y0122096,2111,272,575,91,38
519,967,1087,ShamAY0002038,8,1241,1361,99,100
519,670,852,Masaha000001Vols,648,142,320,136,93
519,80,405,JK000001,2008,780,1453,244,45
519,405,675,JK000001,2009,0,314,201,78
519,967,1087,JK000001,2010,161,281,99,100
519,670,852,Shia001432Vols,21733,605,772,122,84
519,670,860,Shia001432Vols,22501,853,1037,135,90
519,681,852,Shia001432Vols,26342,540,718,117,80
519,214,675,ShamAY0035035,6875,762,1280,322,77
519,497,675,ShamAY0035035,6876,6,208,130,77
519,499,622,Shamela0009099,39,1318,1465,88,72
519,83,491,JK001336,503,953,1302,234,67
519,499,675,Sham19Y0127677,752,545,747,131,79
519,967,1091,Sham19Y0127677,5174,946,1070,100,98
519,967,1091,Shamela0012031,152,1035,1159,101,99
519,670,852,Shia001122Vols,654,1076,1256,136,94
519,72,188,JK000298,2882,121,316,89,58
519,670,852,Shia001615Vols,3062,1292,1471,135,93
519,670,852,Shia001383,15,804,971,122,84
519,670,931,Shia001383,161,483,706,118,57
519,670,865,Shia001174Vols,2920,639,844,143,88
519,499,652,Shamela0008494,11,1257,1434,112,76
519,670,852,Shia001217Vols,45,1236,1420,136,94
519,286,491,JK009190,223,133,385,108,44
519,967,1087,JK009187,30,1196,1316,99,100
519,214,462,Sham19Y0038171,1884,1259,1516,164,81
519,462,675,Sham19Y0038171,1885,0,856,156,22
519,499,675,Zaydiyya0000259,21,409,591,114,69
519,967,1091,JK008001,1145,1179,1303,100,98
519,80,605,JK005022,31,190,597,194,46
519,499,699,JK000002,1,152,382,143,78
519,967,1087,JK000002,4,583,703,99,100
519,670,852,PV2024060601,654,1076,1256,136,94
520,469,727,JK005021,404,609,1176,137,30
520,328,819,Shamela0006739,1392,1093,1475,196,48
520,489,679,Kraken22021817402400,112,925,1369,130,35
520,489,679,JK000001,2032,695,1131,135,39
520,832,1240,JK000001,2035,367,815,189,44
520,396,819,JK000001,2036,1063,1406,141,30
520,1212,1583,JK000001,2037,680,1072,253,75
520,489,618,ShamAY0035035,6910,224,396,89,66
520,686,823,ShamAY0035035,6915,1064,1196,104,92
520,1212,1583,ShamAY0035035,6916,461,929,259,65
520,415,819,Shia000233,164,105,283,138,42
520,328,819,JK005022,31,580,962,196,48
521,1150,1510,JK000001,2026,511,1218,254,44
521,1284,1510,JK001197,237,0,133,88,44
522,430,573,JK000001,2027,531,693,107,78
522,430,573,ShamAY0035035,6902,819,982,112,81
522,1255,1385,ShamAY0035035,6909,719,840,87,83
522,386,573,Kraken220413202218,645,1066,1397,139,51
522,1255,1385,Kraken220413202218,648,799,920,84,81
523,447,850,JK001197,239,3,599,196,39
524,1122,1451,JK000001,2047,88,718,119,18
525,108,434,JK000001,2047,1174,1654,218,55
525,119,434,JK001197,241,372,603,139,47
526,59,502,JK010250,22,915,1445,205,37
526,59,275,Shamela0008473,2999,347,574,151,74
526,54,445,JK000429,2,1104,1406,178,51
526,64,275,Shamela0000041,333,459,667,142,74
526,59,275,Sham19Y0148271,1848,915,1148,157,78
526,64,333,Shamela0021766,444,1198,1487,156,59
526,59,333,Shamela0012884,3281,597,871,166,67
526,1130,1486,Shamela0002506,89,525,805,210,72
526,71,268,Shia001544Vols,1157,320,517,150,87
526,1013,1117,Zaydiyya0000256,40,1431,1535,83,100
526,1016,1442,Shia000298Vols,226,794,1090,166,44
526,54,262,Shamela0000558,386,778,990,146,80
526,282,432,JK005021,405,1088,1286,99,58
526,583,752,JK005021,406,786,1030,80,41
526,828,1008,Shia001138BK2,48,1283,1468,130,87
526,59,280,Shamela0098087,172,126,365,146,69
526,93,275,ShamIbadiyya0000075,532,766,1138,94,26
526,59,275,ShamAY0033642,3,924,1132,149,78
526,59,275,ShamAY0033642,7,94,340,157,74
526,59,275,Shamela0025794,4575,8,246,156,76
526,59,275,Shamela0025794,4576,609,835,144,67
526,54,253,Shia002185Vols,357,591,787,129,73
526,64,275,Sham19Y0122257,2986,870,1116,142,64
526,71,275,JK000583,88,1062,1266,153,86
526,140,275,JK011730,728,409,576,100,70
526,275,432,JK011730,731,1175,1328,117,93
526,64,280,Shamela0000894,5598,1096,1321,153,79
526,64,515,JK010729,158,365,770,198,48
526,48,333,JK009266,1633,199,468,165,65
526,64,268,ShamAY0034059,74,793,993,140,78
526,1130,1486,ShamAY0034059,110,1121,1451,229,75
526,64,275,ShamAY0034059,2499,932,1128,140,77
526,59,275,Shamela0036543,2414,1174,1405,152,73
526,48,275,Tafsir09084,1255,840,1051,149,77
526,64,268,Shamela0021544,69,818,1032,139,72
526,71,690,Tafsir07076,2208,893,1224,254,50
526,133,690,Shia001237Vols,26,3,356,255,56
526,112,1120,Shia001402,123,0,819,380,40
526,64,280,JK000637,105,4,214,141,73
526,828,1008,Masaha000001Vols,767,1154,1333,146,99
526,828,1008,Masaha000001Vols,795,357,536,146,99
526,59,275,JK009313,4001,1128,1366,156,76
526,54,530,JK000001,2040,475,1315,327,47
526,576,687,JK000001,2041,1342,1469,87,85
526,583,821,JK000001,2042,8,379,154,51
526,1130,1486,JK000001,2044,161,524,282,94
526,59,553,Shamela0009283,5,764,1361,233,44
526,48,275,JK007045,778,327,567,144,64
526,71,280,Sham19Y0014404,180,1078,1272,140,77
526,59,421,Shamela0037458,454,1134,1510,181,50
526,59,275,Shamela0037458,2009,1022,1249,151,74
526,1130,1486,ShamAY0034797,520,704,1064,257,82
526,1013,1120,Shia000317Vols,478,1146,1252,84,99
526,828,1016,Shia001432Vols,17257,524,721,134,84
526,1013,1125,Shia001432Vols,22680,702,814,86,97
526,828,1013,Shia001432Vols,22683,699,884,147,98
526,828,1016,Shia001432Vols,22689,1155,1352,134,84
526,48,1120,Shia001432Vols,22694,454,1307,417,41
526,7,262,Shia001432Vols,22695,596,836,153,67
526,129,374,ShamAY0035035,6922,12,608,180,36
526,1130,1486,ShamAY0035035,6928,10,373,274,92
526,1130,1486,Zaydiyya0000328,159,852,1123,181,60
526,59,275,Shamela0009567,37,883,1121,156,76
526,59,275,Sham19Y0011326,44,876,1096,153,80
526,54,275,JK000094,1468,1209,1436,149,76
526,48,473,ShamIbadiyya0000050,3830,391,666,126,31
526,59,268,Shamela0021809,2395,1140,1360,147,74
526,59,275,Shamela0021809,2396,652,876,144,67
526,834,1008,Shia001391,102,1038,1189,112,78
526,1013,1117,Shia001122Vols,776,944,1048,83,100
526,828,1008,Shia001122Vols,777,1140,1320,146,100
526,828,1008,Shia001122Vols,3660,1177,1367,142,91
526,828,1008,Shia001615Vols,1156,553,743,133,86
526,59,333,Sham19Y0035453,157,939,1191,154,63
526,1013,1117,Shia002389Vols,3196,840,944,83,100
526,74,268,Shia001174Vols,3273,0,187,139,82
526,828,1008,Shia001174Vols,5086,103,292,142,92
526,82,275,Shamela0001466,296,0,184,130,76
526,71,275,JK009152,2404,980,1169,138,78
526,828,1008,Shia001217Vols,37,986,1167,144,98
526,1013,1130,Shia001217Vols,41,680,797,86,94
526,59,407,Kraken220413202218,651,386,682,180,63
526,59,275,Tafsir09068,611,277,494,147,78
526,1127,1350,ShamIbadiyya0000109,7141,943,1126,141,78
526,64,280,Sham19Y0038171,1892,969,1190,161,83
526,1130,1486,Sham19Y0038171,1898,372,735,277,93
526,828,1008,Zaydiyya0000022,15,909,1102,131,85
526,59,275,Shamela0006886,119,628,847,147,74
526,1130,1486,Shamela0012718,38,721,1081,257,82
526,59,275,JK000080,15,31,253,146,72
526,1130,1486,JK000080,20,655,998,273,93
526,59,421,Shamela0023628,381,899,1254,179,52
526,71,280,Masaha000554Vols,2562,709,917,142,78
526,826,1004,Masaha000554Vols,6924,730,906,143,98
526,376,581,JK001197,240,239,684,145,41
526,71,450,Shia002264,627,382,851,181,42
526,71,275,Shia002264,662,821,997,138,83
526,64,275,JK010766,441,822,1040,155,81
526,112,268,Shamela0010488,2,5,145,105,80
526,74,521,Kraken2107192213391,135,264,618,175,40
526,59,275,Shamela0004473,15922,1113,1351,158,76
526,1013,1117,PV2024060601,776,944,1048,83,100
526,828,1008,PV2024060601,777,1140,1320,146,100
526,828,1008,PV2024060601,3660,1177,1367,142,91
527,135,456,Shamela0010273,2099,797,1015,141,54
527,572,682,Shia001115Vols,235,585,701,85,92
527,0,585,Shamela0002506,89,805,1392,402,78
527,1122,1380,Shia001544Vols,1157,693,1128,186,53
527,1153,1470,Zaydiyya0000256,39,1059,1399,248,92
527,696,883,Zaydiyya0000256,269,653,831,135,91
527,25,1062,Shia000298Vols,226,1065,1387,204,24
527,1153,1470,Shia001272,36,69,343,180,70
527,17,441,Kraken220414225509,159,557,1030,300,75
527,67,590,ShamAY0034059,111,0,481,291,63
527,0,480,Shia001237Vols,29,320,756,260,60
527,1153,1373,Shia001402,123,426,660,173,94
527,1256,1373,Shia000372Vols,452,610,728,93,99
527,629,1149,Masaha000001Vols,765,889,1324,111,20
527,1153,1470,Masaha000001Vols,766,3,328,247,95
527,696,878,Masaha000001Vols,768,345,525,142,97
527,1069,1470,Masaha000001Vols,793,391,911,311,75
527,696,878,Masaha000001Vols,795,962,1142,142,97
527,0,585,JK000001,2044,524,1111,442,89
527,1227,1373,Shia000234Vols,514,1197,1417,113,65
527,0,435,ShamAY0034797,520,1064,1522,330,86
527,965,1369,Shia000317Vols,2960,1082,1462,206,64
527,687,878,Shia000317Vols,2962,726,917,148,97
527,696,878,Shia001432Vols,21997,959,1141,142,98
527,1069,1470,Shia001432Vols,22675,434,1255,313,48
527,696,896,Shia001432Vols,22684,1150,1349,146,92
527,1081,1256,Shia001432Vols,22688,1163,1453,129,55
527,574,682,Shia001432Vols,22690,1063,1177,85,92
527,963,1470,Shia001432Vols,22691,37,617,259,46
527,1153,1373,Shia001432Vols,22692,291,702,155,48
527,1153,1458,Shia001432Vols,22693,1186,1447,176,71
527,1153,1373,Shia001432Vols,22694,952,1146,139,77
527,1256,1470,Shia001432Vols,26402,960,1175,169,99
527,0,480,Shia001432Vols,26407,1018,1434,250,59
527,0,558,ShamAY0035035,6928,373,934,433,91
527,0,435,Zaydiyya0000328,159,1105,1530,282,73
527,0,480,Shia001391,137,966,1381,236,56
527,629,1231,Shia001122Vols,775,757,1397,170,24
527,1231,1470,Shia001122Vols,776,0,240,188,99
527,696,878,Shia001122Vols,778,386,567,142,98
527,0,480,Shia001615Vols,749,952,1212,179,45
527,1256,1470,Shia001615Vols,984,281,496,169,99
527,696,883,Shia001615Vols,2381,100,287,142,95
527,1252,1373,Shia000401Vols,378,402,531,96,93
527,1153,1470,Shia002389Vols,1708,96,420,243,95
527,696,896,Shia001174Vols,2534,878,1076,148,94
527,1069,1470,Shia001174Vols,3273,745,1267,313,76
527,696,878,Shia001174Vols,3280,941,1122,142,98
527,1187,1470,Shia002380Vols,472,16,330,224,90
527,572,687,Shia001418Vols,274,822,943,89,92
527,1085,1470,Shia000151,139,58,414,244,75
527,1069,1231,Shia001217Vols,41,882,1358,125,33
527,1231,1470,Shia001217Vols,42,0,250,188,95
527,965,1067,Shia001217Vols,43,26,128,78,98
527,727,883,Shia001217Vols,44,0,156,119,96
527,0,558,Sham19Y0038171,1898,735,1306,440,92
527,1062,1470,Rafed0000685Vols,200,190,593,284,85
527,1166,1341,Shia000233,58,1287,1533,110,57
527,694,883,Shia000233,138,1393,1582,145,96
527,963,1175,Shia000233,243,950,1547,101,21
527,1112,1470,Shia002382Vols,1131,29,379,196,68
527,0,382,Shamela0012718,38,1081,1547,295,76
527,0,548,JK000080,20,998,1547,431,93
527,687,878,Masaha000554Vols,5628,904,1123,149,85
527,1191,1470,Shia000002,176,804,1216,192,58
527,0,514,Shamela0010488,428,272,656,256,58
527,629,1231,PV2024060601,775,757,1397,170,24
527,1231,1470,PV2024060601,776,0,240,188,99
527,696,878,PV2024060601,778,386,567,142,98
528,193,351,Shia001115Vols,235,1178,1334,121,98
528,558,725,Shia002959,354,628,822,124,82
528,31,188,Shia001544Vols,553,712,867,123,98
528,574,720,Shia002962,412,1005,1151,104,88
528,31,188,Tafsir04042,2294,279,437,119,93
528,356,547,Masaha000001Vols,765,832,1141,140,57
528,558,720,Masaha000001Vols,766,395,581,117,78
528,19,188,Masaha000001Vols,767,264,434,124,91
528,364,547,Masaha000001Vols,793,3,288,131,58
528,558,720,Masaha000001Vols,793,978,1164,117,78
528,19,188,Masaha000001Vols,794,887,1057,124,91
528,351,659,Shia000234Vols,514,939,1154,155,61
528,14,208,Rafed0001713Vols,2818,930,1138,125,75
528,14,188,Shia001432Vols,1853,288,464,119,84
528,14,208,Shia001432Vols,22403,1296,1504,125,75
528,579,720,Shia001432Vols,22678,0,140,104,95
528,14,188,Shia001432Vols,22682,68,244,129,93
528,179,351,Shia001432Vols,22690,1272,1438,125,93
528,26,155,Shia001432Vols,24605,849,984,94,87
528,14,188,Tafsir04003,4021,476,642,117,83
528,26,155,Shamela0007853,146,577,700,93,92
528,356,547,Shia001122Vols,775,700,1010,140,56
528,558,720,Shia001122Vols,776,307,494,117,79
528,14,188,Shia001122Vols,777,234,410,129,93
528,179,351,Shia001122Vols,777,850,1027,122,84
528,424,652,Shia001383,239,360,736,132,44
528,14,188,Shia002389Vols,3131,1226,1403,129,92
528,14,219,Shia002389Vols,3133,285,503,121,67
528,558,720,Shia001174Vols,3274,937,1124,117,79
528,14,188,Shia001174Vols,3277,724,900,129,93
528,33,188,Shia002380Vols,840,802,959,117,91
528,14,193,Tafsir04056,7298,618,800,121,83
528,14,188,Shia001217Vols,37,119,296,129,92
528,179,648,Shia001217Vols,38,910,1281,175,39
528,558,720,Shia002953Vols,1357,381,571,119,80
528,5,356,Rafed0000685Vols,200,593,1306,264,46
528,33,188,Shia001299,115,303,453,104,83
528,31,330,Shia002382Vols,1861,584,874,132,49
528,31,188,Shia002382Vols,2465,1076,1232,117,91
528,31,166,Masaha000554Vols,6524,1503,1634,95,86
528,558,725,Shia002948Vols,535,968,1164,124,81
528,356,547,PV2024060601,775,700,1010,140,56
528,558,720,PV2024060601,776,307,494,117,79
528,14,188,PV2024060601,777,234,410,129,93
528,179,351,PV2024060601,777,850,1027,122,84
529,961,1145,Shia001432Vols,23531,58,269,147,85
529,961,1145,Shia001122Vols,640,201,409,147,87
529,961,1145,Shia001615Vols,2410,1259,1470,147,85
529,961,1145,Shia001174Vols,2864,145,355,145,85
529,961,1145,Shia001217Vols,1176,170,373,149,90
529,951,1145,Shia000233,168,1075,1283,155,91
529,732,909,Shia000233,242,1447,1719,117,51
529,961,1145,PV2024060601,640,201,409,147,87
530,247,1016,JK007044,5700,24,475,247,38
530,90,1011,Sham19Y0122257,2979,17,676,281,34
530,44,1011,JK000001,2055,28,1031,331,33
530,44,637,Shia001432Vols,22664,673,1418,260,37
530,67,643,ShamAY0035035,6944,309,1242,273,36
530,108,848,Shia000233,244,401,961,203,29
531,1081,1219,Zaydiyya0000256,58,17,153,102,94
531,1081,1219,Shia000298Vols,241,1199,1338,106,99
531,6,286,Shamela0098087,177,447,597,97,42
531,18,353,JK011730,625,276,920,228,43
531,455,648,JK007070,82,0,186,110,63
531,1081,1219,Shia000372Vols,295,513,649,100,92
531,1081,1219,Masaha000001Vols,768,863,996,102,94
531,1081,1219,Masaha000001Vols,796,43,176,102,94
531,6,577,JK000001,2064,881,1550,337,53
531,583,896,JK000001,2065,0,458,205,56
531,1081,1219,Shia000182VolsBK2,3545,1378,1507,99,93
531,896,1056,Shia001432Vols,22668,207,380,99,68
531,1081,1219,Shia001432Vols,22686,706,839,102,96
531,171,648,ShamAY0035035,6958,3,1265,309,30
531,1081,1219,Shia001122Vols,778,907,1041,102,95
531,1081,1225,Shia001615Vols,985,112,251,102,93
531,1081,1219,Shia000401Vols,332,1426,1574,100,84
531,1072,1225,Shia000291Vols,60,563,718,106,82
531,1081,1219,Shia002389Vols,1708,543,670,98,92
531,1081,1219,Shia001217Vols,44,373,513,102,91
531,67,630,Kraken220413202218,667,0,597,285,46
531,935,1115,Sham19Y0038171,1904,890,1098,105,61
531,1081,1219,Shia000233,246,1194,1330,100,92
531,295,829,Shia000233,249,53,592,254,49
531,1064,1225,Shia002382Vols,1131,417,556,105,84
531,6,923,JK001197,248,29,613,337,41
531,1081,1219,PV2024060601,778,907,1041,102,95
532,256,738,JK000001,2089,52,538,211,43
532,1405,1547,JK000001,2090,656,791,93,73
534,1070,1278,JK000001,2093,0,179,104,56
534,531,1278,ShamAY0035035,7003,762,1441,307,44
536,1104,1281,JK000001,2062,887,1158,83,36
536,425,941,Kraken220413202218,664,189,738,144,22
536,1104,1458,JK001197,247,527,1152,122,20
537,31,180,JK007070,81,160,316,110,85
537,31,180,ShamAY0035035,6954,334,510,112,78
537,31,180,Sham19Y0038171,1902,1184,1360,112,78
537,31,180,Kraken2107192213391,172,202,366,116,85
539,108,637,JK000001,2086,912,1503,303,57
539,115,807,ShamAY0035035,6994,81,1081,330,38
539,108,845,Kraken220413202218,676,13,783,352,51
540,1450,1629,ShamIbadiyya0000459,64,1083,1281,139,81
540,1437,1629,JK000001,1985,574,767,152,92
540,1286,1593,JK000001,2103,1348,1580,167,66
541,0,670,Kraken22021817402400,48,932,1602,519,91
541,682,874,Kraken22021817402400,49,0,595,132,26
541,0,154,Shia001153,254,1203,1341,109,85
541,521,663,Shia001153,334,32,174,109,95
541,0,139,Shia001153,337,1007,1139,104,90
541,0,242,ShamIbadiyya0000459,64,1281,1524,191,97
541,247,874,ShamIbadiyya0000459,65,0,661,468,83
541,0,840,JK000001,1985,767,1618,657,91
541,0,891,JK000001,2104,37,961,710,94
541,0,154,Shia001432Vols,129,409,547,109,85
541,521,663,Shia001432Vols,4563,1067,1209,109,95
541,0,139,Shia001432Vols,4567,491,623,104,90
541,0,154,Shia001432Vols,24672,1373,1511,109,85
541,0,874,ShamAY0035035,6832,384,1511,672,71
541,0,878,ShamAY0035035,7022,25,1329,703,66
541,13,139,Shia001615Vols,554,182,300,93,90
542,703,1535,Shamela0098087,179,430,1208,350,40
542,703,1092,JK000001,2073,604,1335,227,36
542,1025,1535,JK000001,2074,17,525,319,73
542,703,824,ShamAY0035035,6970,145,267,94,96
542,1221,1535,ShamAY0035035,6971,731,1058,210,76
542,1089,1535,Shia001391,127,904,1306,239,61
542,846,1235,Shia000151,148,816,1534,229,37
542,1235,1535,Shia000151,149,0,319,207,75
542,1105,1535,Kraken220413202218,671,11,555,253,53
542,400,1535,JK001197,249,517,1279,391,37
543,127,422,JK000001,2074,1031,1378,200,68
543,127,422,ShamAY0035035,6972,136,540,195,58
543,127,369,Shia001391,128,67,361,165,68
543,0,422,Kraken220413202218,671,555,1274,236,39
544,41,460,JK007070,86,497,891,218,58
544,22,377,JK000001,2075,945,1509,274,59
544,22,460,ShamAY0035035,6974,683,1565,338,47
544,22,204,Shia000151,151,1352,1539,144,93
544,219,439,Shia000151,152,12,235,161,87
544,22,595,Kraken220413202218,672,848,1493,352,61
544,183,431,Shia000233,248,0,196,139,70
544,22,204,JK001197,250,305,443,108,72
545,181,597,JK011730,746,117,660,257,53
547,167,400,Kraken22021606122001,26,1231,1435,140,72
547,189,404,Kraken220414225509,140,938,1122,131,76
547,737,994,JK011730,1182,1049,1346,179,72
547,734,950,Shamela0009823,58,367,569,137,74
547,392,1136,JK000001,2987,908,1526,441,70
547,270,404,JK000001,2990,1433,1560,99,94
547,392,1286,ShamAY0035035,9049,379,1560,537,49
547,270,404,ShamAY0035035,9059,40,193,97,77
547,609,1054,Kraken220413030759,1415,900,1334,304,81
547,392,1189,Kraken220413202218,1090,410,1017,355,51
547,737,994,ShamIbadiyya0000109,7266,21,255,175,84
547,1444,1574,ShamIbadiyya0000109,7779,264,393,104,96
547,189,503,Shia000233,240,904,1472,200,42
547,392,726,JK001197,325,454,661,144,53
548,798,1124,Zaydiyya0000256,261,360,689,241,90
548,147,330,Kraken22021606121202,86,949,1400,96,23
548,840,1124,Tafsir04042,2245,238,520,221,98
548,1202,1510,Shia001237Vols,22,0,321,239,89
548,619,784,Shia001237Vols,1207,925,1084,128,96
548,467,1124,Masaha000001Vols,539,893,1487,363,57
548,619,784,Masaha000001Vols,540,247,428,126,86
548,272,605,Zaydiyya0000189,3,1242,1502,135,40
548,619,784,Shia001432Vols,17689,1087,1233,107,80
548,467,610,Shia001432Vols,21994,504,670,110,83
548,798,936,Shia001432Vols,21994,1423,1572,110,90
548,936,1124,Shia001432Vols,21995,0,188,147,100
548,619,784,Shia001432Vols,22004,182,341,128,96
548,1129,1510,Shia001432Vols,22008,246,644,299,91
548,798,1124,Shia001432Vols,22013,84,423,254,93
548,789,1124,Rafed0003257Vols,5185,434,797,261,90
548,467,1124,Shia001122Vols,543,596,1194,372,62
548,619,784,Shia001122Vols,544,11,193,127,87
548,619,784,Shia002389Vols,911,344,503,128,96
548,798,917,Shia002389Vols,1178,21,144,97,96
548,1005,1124,Shia002389Vols,1607,891,1018,80,82
548,798,1124,Shia001174Vols,2532,1047,1383,253,94
548,467,605,Shia001174Vols,2532,332,493,107,83
548,619,784,Shia001174Vols,2538,293,473,126,87
548,1169,1510,Shia001266,10,0,335,255,88
548,856,1025,Shia002380Vols,815,0,169,134,98
548,467,1124,Shia000151,106,234,773,367,66
548,619,784,Tafsir04056,3081,1143,1300,126,95
548,798,1025,Tafsir04056,3771,1295,1527,174,91
548,1025,1129,Tafsir04056,3772,0,103,78,97
548,1000,1129,Tafsir04056,4892,1073,1196,82,82
548,798,1129,Tafsir04056,7159,574,917,243,85
548,1025,1124,Shia001217Vols,28,620,718,72,93
548,467,1025,Shia001217Vols,34,508,886,195,38
548,0,355,ShamIbadiyya0000109,7779,393,1097,209,36
548,964,1129,Shia002382Vols,1822,0,165,126,98
548,840,1129,Shia002382Vols,2417,812,1099,223,97
548,1244,1510,EShia0071807,469,0,255,196,87
548,840,1025,Masaha000554Vols,2278,722,907,147,97
548,830,1021,Masaha000554Vols,6329,1189,1377,147,94
548,467,605,Shia003636Vols,9175,984,1131,109,93
548,467,1124,PV2024060601,543,596,1194,372,62
548,619,784,PV2024060601,544,11,193,127,87
549,0,530,Shia001237Vols,22,321,930,422,83
549,1091,1629,JK000001,2992,5,495,270,57
549,0,530,Shia001432Vols,22008,644,1192,431,95
549,1107,1611,Kraken220413030759,1437,629,1134,195,42
549,0,530,Shia001266,10,335,850,409,92
549,323,543,Shia000151,122,0,214,162,90
549,1107,1611,Shia000151,141,844,1360,245,50
549,1053,1474,Kraken220413202218,1092,1028,1593,182,32
549,0,523,EShia0071807,469,255,770,414,95
550,346,725,JK000179,259,1180,1546,250,77
550,40,714,JK000001,2992,696,1349,396,67
550,103,861,ShamAY0035035,9061,16,1152,462,48
550,267,861,Kraken220413030759,1438,0,596,350,65
550,40,861,Shia000151,142,114,960,470,62
550,40,853,Kraken220413202218,1093,334,1152,429,55
551,278,742,Shamela0010273,195,335,501,112,30
551,1086,1378,Shamela0098087,310,0,202,126,53
551,1064,1378,Sham19Y0149697,2648,189,498,184,69
551,1055,1518,Shamela0009823,57,234,787,289,65
551,1055,1444,JK000001,2994,978,1467,238,60
551,278,705,JK000001,2995,1237,1553,204,59
551,1055,1518,ShamAY0035035,9068,443,1088,288,55
551,278,746,ShamAY0035035,9069,937,1382,233,54
551,1055,1518,Kraken220413030759,1441,275,730,249,59
551,278,742,Kraken220413030759,1442,89,453,232,61
551,284,742,JK000281,1820,731,1037,203,55
551,1170,1518,Kraken220413202218,1095,9,363,216,67
551,1037,1314,ShamIbadiyya0000109,7786,1198,1438,122,54
552,0,380,JK000001,2995,75,498,282,80
552,0,397,Kraken220413030759,1441,730,1131,275,76
552,0,380,Kraken220413202218,1095,363,784,280,79
553,889,1053,Zaydiyya0000256,138,889,1048,126,95
553,1158,1403,Shia001138BK2,64,807,1073,178,81
553,889,1053,Shia001138BK2,64,151,312,123,91
553,742,1398,Masaha004651,25,178,1263,387,39
553,486,782,JK011730,1303,867,1309,124,29
553,739,887,JK007070,505,761,1342,112,24
553,723,877,Shamela0013039,44,947,1230,112,50
553,1158,1403,Masaha000001Vols,829,647,916,190,87
553,805,1154,JK000001,1783,84,537,163,42
553,1158,1398,Shia001417,75,203,452,181,88
553,779,1053,Shia001432Vols,1982,33,290,147,58
553,889,1020,Shia001432Vols,23593,1337,1465,101,95
553,723,1398,Shia001432Vols,23594,372,976,253,36
553,1251,1403,Shia001432Vols,23597,0,156,119,95
553,1158,1403,Shia001122Vols,813,541,812,191,88
553,889,1053,Shia001615Vols,3137,289,451,128,96
553,1158,1403,Shia001174Vols,3397,838,1118,191,85
553,887,1509,Shia000151,299,408,692,208,41
553,1158,1398,Shia001217Vols,3407,1094,1352,190,92
553,889,1061,Shia001217Vols,3408,281,444,127,91
553,723,887,AOCP20251104103Vols,245,1245,1396,101,75
553,723,877,Sham19Y0038171,1718,818,1268,112,32
553,739,1014,Shia000233,996,1333,1517,129,59
553,723,849,Shamela0006610,1140,852,1080,77,44
553,889,1053,Shia001137,30,660,825,128,95
553,1158,1403,PV2024060601,813,541,812,191,88
554,408,638,JK000137,2316,1128,1374,124,58
554,408,731,JK005021,228,595,718,70,28
554,455,638,JK011730,1145,0,149,91,62
554,408,638,JK007054,44,573,851,122,47
554,408,638,JK000585,4706,820,1075,139,64
554,415,638,JK000585,4707,29,281,132,62
554,408,731,JK000001,1127,484,923,202,59
554,408,638,ShamAY0035035,4719,460,779,159,64
554,408,638,ShamAY0035035,6401,857,1147,134,53
554,408,638,JK001503,3490,629,890,138,62
554,447,736,JK001197,141,0,252,172,73
554,408,638,JK001197,206,1037,1245,107,50
554,408,638,JK009245,193,1074,1322,126,53
555,313,580,JK000001,2205,675,890,154,68
555,354,457,ShamAY0035035,7225,0,156,80,64
555,279,580,Shia000233,228,90,333,149,59
555,302,580,JK001197,273,209,435,158,67
556,69,351,JK000001,2204,1293,1582,198,80
556,351,956,Shia001432Vols,22707,437,1047,463,92
556,69,383,ShamAY0035035,7222,570,1038,216,56
556,356,584,Shia001266,39,1446,1684,187,94
556,584,956,Shia001266,40,0,301,236,76
556,210,383,Sham19Y0038171,1972,1244,1433,116,76
556,53,351,AOCP20251104134,100,741,1008,146,48
557,299,481,JK000001,2206,20,198,112,65
557,692,1462,JK000001,2207,0,736,271,32
557,885,1462,ShamAY0035035,7229,298,910,196,27
558,1150,1676,JK010255,2,735,1325,299,60
558,1391,1659,JK000001,2212,95,381,197,80
558,1112,1676,ShamAY0034797,562,617,1198,282,55
558,1391,1634,ShamAY0035035,7239,781,1047,186,82
559,31,476,Tafsir04040,293,598,993,184,50
559,34,937,JK000001,2212,516,1263,323,38
559,1016,1362,JK000001,2213,24,385,223,71
559,244,937,ShamAY0035035,7240,45,739,275,37
559,1016,1362,ShamAY0035035,7241,425,1358,213,27
560,1134,1569,JK010255,4,375,547,120,34
560,0,339,JK000001,2213,1041,1586,228,49
560,339,589,JK000001,2214,0,346,174,60
560,1244,1468,JK000001,2216,836,1058,143,74
560,203,589,ShamAY0035035,7243,435,1280,257,36
560,1282,1468,ShamAY0035035,7249,1150,1393,112,55
561,0,522,JK000001,2216,189,611,271,59
561,38,522,ShamAY0035035,7248,384,836,256,56
561,0,522,JK001197,275,409,824,266,59
562,44,622,JK010255,4,1086,1343,125,23
562,0,880,JK000001,2220,464,1414,437,45
562,0,622,ShamAY0034797,564,1023,1314,162,28
562,0,658,ShamAY0035035,7254,849,1603,315,39
563,1137,1306,Tafsir04040,768,500,651,92,66
563,1143,1306,Sham19Y0014447,64,1117,1262,88,64
563,1137,1306,JK000001,2232,1109,1266,97,68
564,784,1015,JK010255,6,815,1026,115,60
564,512,738,Shamela0098087,193,1182,1393,149,79
564,1090,1328,Shamela0098087,194,572,787,132,68
564,0,422,Shia001402,32,1070,1585,226,50
564,100,439,JK000001,2222,0,384,195,59
564,512,752,JK000001,2225,1045,1335,181,76
564,725,1483,JK000001,2226,361,1307,477,60
564,512,1015,ShamAY0034797,566,256,1090,272,38
564,708,1039,ShamAY0035035,7263,1195,1547,151,49
564,1002,1483,ShamAY0035035,7264,31,627,326,65
564,512,752,Kraken220413202218,732,1037,1270,167,84
564,920,1467,Kraken220413202218,733,726,1270,222,41
564,231,439,AOCP20251104134,126,973,1161,129,73
565,217,810,Sham19Y0014447,60,649,1194,298,56
565,162,861,JK000001,2227,0,655,367,59
565,0,784,ShamAY0035035,7264,627,1510,395,51
565,252,861,Kraken220413202218,734,0,463,278,55
567,13,242,JK010255,9,211,463,133,58
567,468,1328,JK010255,10,9,497,278,37
567,13,262,JK000001,2235,1058,1353,138,52
567,589,1328,JK000001,2238,13,437,245,37
567,13,262,ShamAY0034797,569,308,569,139,57
567,447,1328,ShamAY0034797,570,37,538,268,35
567,13,242,Kraken220413202218,739,982,1211,113,51
567,442,1285,AOCP20251104134,129,112,476,233,33
568,92,602,JK000001,2267,456,1090,370,67
568,710,856,JK000001,2268,353,496,113,96
568,1284,1466,JK000001,2269,0,203,143,87
568,97,602,ShamAY0035035,7335,795,1558,372,56
568,710,856,ShamAY0035035,7336,1252,1396,113,95
569,993,1513,JK000001,2246,0,793,250,32
569,18,850,JK000001,2270,412,1466,460,50
569,890,1257,ShamAY0035035,7304,215,838,230,41
569,18,474,ShamAY0035035,7339,764,1410,284,53
569,638,870,ShamAY0035035,7340,350,650,160,69
569,1198,1513,Kraken220413202218,743,41,450,118,29
570,366,804,JK000001,2246,928,1511,282,56
570,1066,1338,JK000001,2248,44,704,197,36
570,940,1323,Kraken220413202218,744,629,1300,228,39
570,366,778,JK001197,279,506,906,227,58
570,957,1338,JK001197,280,522,1103,219,45
570,1076,1353,AOCP20251104134,130,504,970,163,43
572,1406,1543,JK010255,21,360,504,88,73
572,500,961,JK000001,2253,1341,1609,168,43
572,500,961,Shamela0006947,6035,561,829,168,43
572,467,961,Kraken21032823,154,310,798,178,31
573,723,1371,Kraken220413202903,94,439,1107,329,51
573,723,1097,Kraken220413202903,104,979,1471,245,58
573,678,1505,JK010255,21,629,1127,303,42
573,678,1162,Kraken22021606122504,41,1090,1525,312,77
573,1162,1371,Kraken22021606122504,42,0,204,158,92
573,678,1371,Kraken220208041040,728,167,832,486,83
573,98,210,JK000001,2256,1445,1577,75,66
573,210,1505,JK000001,2257,0,1495,908,72
573,98,600,ShamAY0035035,7321,399,1365,309,41
573,600,810,ShamAY0035035,7322,1256,1566,156,62
573,813,1505,ShamAY0035035,7323,14,1470,522,44
574,13,179,JK010255,21,1163,1346,100,61
574,0,146,Kraken22021606122504,42,233,397,109,81
574,738,1341,Shamela0098087,200,0,444,298,60
574,602,1344,Sham19Y0014592,278,802,1660,511,70
574,609,1292,Sham19Y0122257,339,836,1488,286,38
574,609,1350,JK000001,2252,821,1703,525,69
574,7,198,JK000001,2258,0,197,139,90
574,609,1350,ShamAY0035035,7314,6,1185,490,50
574,52,198,ShamAY0035035,7324,145,521,106,35
574,609,905,Kraken220413202218,747,1343,1710,226,72
574,905,1326,Kraken220413202218,748,0,421,250,65
574,13,146,Kraken220413202218,751,1375,1518,91,82
576,487,904,JK000001,2265,602,1103,278,65
576,1038,1300,Shia001432Vols,22707,1047,1309,208,98
576,487,904,ShamAY0035035,7333,526,1040,258,54
576,1038,1300,Shia001266,40,301,568,203,91
576,601,897,Kraken220413202218,755,1246,1599,205,70
576,487,904,JK001197,286,701,1103,217,55
577,1076,1548,Shamela0098087,327,785,1214,263,64
577,130,579,Shamela0098087,328,208,568,225,61
577,496,820,JK011730,657,286,531,123,43
577,1076,1548,JK000001,3128,114,623,326,72
577,130,959,JK000001,3129,8,847,545,75
577,1076,1548,ShamAY0035035,9433,790,1324,318,66
577,130,579,ShamAY0035035,9434,1001,1452,306,81
577,634,959,ShamAY0035035,9435,16,402,240,78
577,1076,1459,JK000298,365,225,484,142,45
577,1076,1368,AOCP20251104125,90,1423,1638,158,65
577,130,804,AOCP20251104125,91,655,1394,431,66
577,1260,1548,Kraken220413202218,1168,0,374,220,73
577,410,959,Kraken220413202218,1169,0,615,326,57
577,152,525,Shia000233,226,304,520,101,33
578,1138,1461,Shamela0001438,5803,72,401,245,89
578,1124,1461,Kraken2107192215372,102,485,833,235,78
578,1124,1412,JK000629,499,1115,1401,213,87
578,1124,1461,JK009390,5599,844,1191,250,86
578,1124,1336,JK009174,1,1239,1448,153,87
578,1138,1461,JK000001,3120,753,1090,259,95
578,15,482,JK000001,3128,633,1308,301,54
578,1159,1461,ShamAY0035035,9409,31,397,227,75
578,173,501,ShamAY0035035,9434,221,641,195,52
578,696,950,ShamAY0035035,9435,438,746,97,29
578,1138,1461,Shia001401,9,291,629,258,94
578,1323,1461,Sham19Y0127677,3938,0,136,106,91
578,0,501,Kraken220413202218,1168,374,1046,300,51
578,1223,1461,Sham19Y0038171,2340,45,316,188,86
578,1141,1405,Sham19Y0016759,27,781,973,150,69
578,1138,1461,JK008001,6303,506,838,248,90
579,542,870,ShamAY0034447,1029,175,569,246,77
579,366,507,ShamAY0033629,21,1202,1341,87,70
579,647,875,Zaydiyya0000013,190,0,236,164,85
579,527,870,Shamela0001438,968,909,1228,246,90
579,1055,1169,Shamela0001438,2899,964,1079,87,93
579,530,870,Shamela0001438,7773,943,1353,260,79
579,527,875,JK000022,2060,55,361,227,82
579,530,870,Shamela0012884,1904,1020,1397,225,69
579,527,870,Shamela0029716,6,875,1154,202,72
579,366,507,JK000021,2857,995,1140,88,69
579,366,507,JK000021,2940,1056,1192,99,81
579,889,1042,JK000021,2946,84,228,112,92
579,1055,1169,JK000055,65,1086,1201,87,93
579,1049,1296,JK005021,525,205,475,143,68
579,527,766,Shamela0001524,543,1226,1399,130,68
579,366,514,Shamela0010632,33,981,1123,101,78
579,366,507,ShamAY0034809,503,504,649,88,69
579,530,870,ShamAY0037387,315,560,958,245,75
579,542,870,Sham19Y0014592,1196,1023,1293,179,61
579,350,507,JK000085,84,39,210,97,66
579,366,507,Shia001334,487,0,130,89,77
579,542,870,JK000030,32,296,655,216,67
579,359,507,JK000030,35,1237,1396,100,71
579,1049,1174,JK000030,36,1127,1250,86,85
579,366,507,Shamela0021545,2,675,805,89,77
579,366,512,JK000583,579,120,249,94,80
579,1055,1169,Sham19Y0023618,1789,134,253,77,80
579,366,507,JK001288,90,363,505,89,71
579,530,675,Shamela0026884,53,1254,1476,110,61
579,359,507,Shamela0003118,3925,1201,1388,91,57
579,366,507,Shamela0003118,4083,1195,1325,89,77
579,350,514,Shamela0003118,7163,91,271,96,63
579,527,870,JK009390,1053,150,470,246,89
579,1055,1169,JK009390,1751,545,660,87,93
579,523,870,JK009390,5853,323,744,260,77
579,542,870,ShamAY0034059,3024,845,1228,255,83
579,527,719,JK007070,141,1378,1553,135,87
579,719,870,JK007070,142,0,143,108,91
579,530,875,Shamela0009773,403,311,692,225,68
579,366,507,JK009174,1,769,905,99,81
579,530,796,JK009174,2,1113,1444,204,78
579,1049,1162,JK009174,7,197,307,86,94
579,1176,1296,JK009174,9,320,440,94,100
579,884,1042,JK009174,24,429,574,108,86
579,359,507,JK000786,3774,230,372,101,80
579,527,675,Shia001171,483,1360,1590,117,63
579,675,875,Shia001171,484,0,193,144,91
579,527,661,Shia001237Vols,271,1217,1437,105,59
579,527,870,Shia002069Vols,369,210,515,224,82
579,366,507,ShamAY0032775,11,1158,1295,96,78
579,530,875,JK009313,2848,184,606,256,74
579,350,512,JK000001,3120,373,568,114,67
579,889,1042,JK000001,3120,1309,1454,116,94
579,527,884,JK000001,3121,225,565,251,89
579,1049,1301,JK000001,3123,29,406,193,64
579,530,870,JK000916,2602,560,1013,260,72
579,359,512,JK000916,13079,316,509,95,58
579,359,507,Shamela0026542,44,654,842,91,57
579,527,870,Shia001432Vols,22861,389,817,261,77
579,366,507,Shia001432Vols,24209,575,702,85,66
579,370,507,Shia001432Vols,24289,450,588,83,60
579,359,512,ShamAY0035035,9407,1080,1231,106,79
579,366,512,ShamAY0035035,9408,928,1076,93,70
579,564,870,ShamAY0035035,9411,0,382,235,77
579,939,1169,ShamAY0035035,9414,1134,1297,112,62
579,527,781,JK000216,515,442,679,179,89
579,366,507,Shia001340,399,709,839,89,77
579,346,512,Shia001401,9,101,275,112,74
579,527,870,Sham19Y0127677,979,385,704,245,90
579,1055,1169,Sham19Y0127677,1695,945,1060,87,93
579,530,870,Sham19Y0127677,5479,462,877,253,77
579,366,512,Shamela0012031,222,1100,1240,93,74
579,350,507,Shamela0012818,5,390,554,96,68
579,530,870,Shamela0030731,18,121,560,259,74
579,366,527,JK000298,3815,401,544,94,73
579,366,507,JK009154,383,524,660,99,81
579,350,512,JK000474,3023,809,975,97,67
579,527,870,Shia001383,65,395,815,256,76
579,527,770,Shia001383,233,1130,1455,180,70
579,366,507,Shamela0021484,1,604,746,89,71
579,366,507,Shamela0026510,30,358,500,97,76
579,527,796,Kraken220413202218,1165,1232,1493,192,87
579,530,870,Sham19Y0016879,12,529,945,238,68
579,359,512,Sham19Y0038171,2338,971,1122,106,79
579,366,512,Sham19Y0038171,2339,821,968,93,70
579,889,1047,Sham19Y0038171,2341,436,587,119,94
579,589,870,Sham19Y0038171,2342,0,358,217,76
579,1169,1296,Sham19Y0038171,2345,297,441,99,88
579,359,507,Shia000233,224,160,321,115,89
579,523,719,Shia000233,224,1236,1517,152,67
579,719,870,Shia000233,225,0,150,115,97
579,89,870,JK000080,1155,458,1196,307,40
579,527,870,JK008001,1005,330,648,243,89
579,530,870,JK008001,1170,23,432,261,80
579,1055,1169,JK008001,6225,1412,1527,86,93
579,366,507,Shia004021,116,1222,1353,86,76
579,370,507,Shia004021,235,159,296,83,61
579,147,870,Shia002264,541,1099,1547,240,35
579,380,507,Shamela0010488,165,0,116,86,81
579,366,512,Shamela0010488,420,161,296,96,79
579,530,870,ShamAY0032921,133,439,811,250,82
579,366,507,Shia003961Vols,1361,625,749,99,87
579,366,507,JK009365,556,1113,1243,89,77
579,359,512,Shia003636Vols,6481,202,344,92,74
580,79,657,JK000001,3130,800,1505,264,37
580,571,1027,JK000001,3131,0,998,210,25
580,60,346,ShamAY0035035,9436,894,1175,140,50
580,456,737,ShamAY0035035,9437,398,704,153,59
580,862,1027,ShamAY0035035,9438,245,509,112,53
580,473,634,Shia000233,224,727,875,98,69
581,926,1421,Shia001272,42,362,803,220,42
581,528,689,Shia001237Vols,269,1212,1370,116,90
581,1232,1473,JK000001,3117,319,909,184,38
581,920,1153,Shia000234Vols,1031,1394,1516,95,50
581,1153,1421,Shia000234Vols,1032,0,176,119,47
581,926,1424,Shia001432Vols,1572,586,1020,223,44
581,926,1424,Shia001432Vols,22330,1125,1439,223,54
581,920,1421,Shia001122Vols,1272,688,1214,301,55
581,1078,1421,Shia002389Vols,1399,727,979,181,57
581,528,689,Shia001266,48,881,1091,109,66
581,920,1421,Shia001217Vols,527,633,932,210,50
581,1078,1232,Shia002382Vols,984,85,239,128,100
581,836,1441,JK001197,348,1447,1611,108,21
581,920,1421,PV2024060601,1272,688,1214,301,55
582,5,180,Shia000196Vols,2233,677,880,128,75
582,504,1112,Shia001237Vols,269,807,1532,433,74
582,1112,1319,Shia001237Vols,270,0,220,162,90
582,192,432,Shia000234Vols,1031,1069,1334,173,83
582,14,185,Shia000234Vols,1216,1305,1475,131,93
582,504,1164,Shia001432Vols,1578,718,1498,479,76
582,185,432,Shia001122Vols,1270,360,632,176,82
582,14,180,Shia001122Vols,1273,89,255,128,94
582,504,1319,Shia001266,48,474,1472,585,72
582,185,432,Shia001217Vols,527,196,467,176,82
582,14,185,Shia001217Vols,725,1137,1308,130,93
582,514,649,Shia000233,226,814,949,111,100
582,514,695,Masaha000554Vols,6532,1048,1225,144,97
582,185,432,PV2024060601,1270,360,632,176,82
582,14,180,PV2024060601,1273,89,255,128,94
583,1203,1409,Sham19Y0122096,760,1273,1485,145,81
583,1189,1352,JK000001,3118,1330,1496,112,76
583,1358,1502,JK000001,3119,11,126,82,69
583,1198,1502,ShamAY0035035,9404,932,1288,196,63
583,220,337,Shia001122Vols,1273,330,537,89,54
583,578,838,Zaydiyya0000298,272,78,562,119,29
583,220,337,Shia002389Vols,1399,1099,1300,91,57
583,1189,1498,Kraken220413202218,1162,912,1211,163,59
583,220,337,PV2024060601,1273,330,537,89,54
584,1053,1379,Sham19Y0122096,761,1273,1590,201,70
584,51,897,Sham19Y0122096,761,103,801,506,69
584,1053,1261,JK000001,3119,1383,1585,139,76
584,51,952,JK000001,3119,169,899,541,70
584,126,952,ShamAY0035035,9405,32,845,500,61
584,1053,1379,ShamAY0035035,9406,909,1411,218,51
584,665,897,Shia000151,161,384,606,145,69
584,1053,1379,Kraken220413202218,1163,734,1016,186,68
584,1053,1472,JK001197,349,993,1269,191,53
585,244,908,JK009251,112,906,1552,449,75
585,870,1109,JK000022,3659,119,357,107,50
585,244,1503,Shamela0098087,325,108,1239,594,50
585,27,931,JK000001,3114,576,1588,532,54
585,931,1503,JK000001,3115,0,689,306,49
585,374,1109,ShamAY0035035,9377,0,1040,530,60
585,393,1322,ShamIbadiyya0000229,1949,0,953,646,77
585,244,1322,Kraken220413202218,1160,167,1179,608,63
585,393,1109,Sham19Y0038171,2330,383,931,202,27
586,1076,1512,Masaha000001Vols,619,113,788,188,29
586,218,336,JK000001,3134,891,1357,84,22
586,1140,1524,Shia001432Vols,22377,846,1470,150,24
586,1033,1512,Shia001122Vols,625,474,1301,213,28
586,1033,1512,PV2024060601,625,474,1301,213,28
587,837,994,JK005021,439,296,636,109,38
587,837,946,Shamela0006739,1396,960,1071,83,94
587,1210,1414,Masaha000001Vols,752,650,1020,152,50
587,837,1057,JK000001,2366,1331,1547,169,95
587,1210,1419,Shia001432Vols,23000,486,849,155,53
587,837,1118,ShamAY0035035,7562,596,918,198,71
587,837,1126,JK009298,432,768,1089,221,84
587,1210,1414,Shia001174Vols,3230,158,532,152,50
587,1407,1562,Shia001217Vols,4373,190,437,108,55
587,837,1108,ShamIbadiyya0000109,7907,715,977,179,77
587,856,1118,Sham19Y0038171,2027,0,330,203,75
587,837,946,JK005022,35,448,559,83,94
587,837,1129,AOCP20251104134,105,406,696,212,87
588,1145,1322,ShamIbadiyya0000185,568,956,1141,125,86
588,902,1098,JK009251,73,182,442,122,56
588,1141,1443,Kraken220414225509,21,459,732,149,61
588,1141,1303,Sham19Y0132973,809,477,630,108,83
588,968,1136,Sham19Y0017817,187,11,176,112,81
588,188,380,Masaha000001Vols,749,776,967,137,88
588,71,532,Masaha000001Vols,751,1114,1383,133,30
588,839,1141,JK000001,2368,712,1053,201,69
588,188,375,Shia001432Vols,22983,1329,1518,138,92
588,188,370,Shia001432Vols,25369,821,996,133,91
588,890,1136,ShamAY0035035,7565,1035,1368,166,59
588,188,380,Shia001340,304,566,750,133,88
588,902,1141,JK009298,418,1197,1501,176,71
588,188,316,Shia001122Vols,758,1264,1390,98,98
588,71,532,Shia001122Vols,761,288,557,133,30
588,198,532,Shia001615Vols,943,802,1175,172,50
588,188,370,Shia001615Vols,1929,495,649,111,79
588,188,380,Shia002389Vols,2618,682,876,138,90
588,188,375,Tafsir04056,6553,664,852,138,92
588,906,1141,ShamIbadiyya0000109,7908,48,243,135,67
588,188,316,PV2024060601,758,1264,1390,98,98
588,71,532,PV2024060601,761,288,557,133,30
589,1114,1512,AOCP20251104145Vols,161,1025,1348,149,42
590,5,609,JK006478,730,929,1516,425,81
590,0,243,JK006478,1146,1415,1605,139,70
590,0,456,Tafsir04040,693,40,485,344,89
590,626,838,ShamAY0035131,3,419,654,107,45
590,0,500,JK000001,2273,1181,1693,376,86
590,505,892,JK000001,2274,145,548,241,62
590,127,577,ShamAY0035035,7354,0,578,335,69
590,611,845,ShamAY0035035,7355,902,1221,125,44
590,0,892,Kraken220413202218,761,604,1515,590,72
590,377,845,ShamIbadiyya0000109,7868,1091,1405,160,39
590,243,565,JK001197,287,1005,1248,165,60
591,236,1166,Shia001237Vols,2957,52,993,745,96
591,236,1190,Shia001432Vols,1487,609,1562,734,90
591,236,1224,Shia001266,27,50,1027,757,91
592,986,1505,JK000001,2346,151,671,403,96
592,1090,1505,ShamAY0035035,7517,0,540,313,71
592,1055,1170,Shamela0021592,177,159,264,83,91
593,1164,1549,Tafsir04040,694,0,417,168,42
593,1048,1552,JK000001,2275,346,960,246,44
593,0,678,JK000001,2346,671,1356,541,97
593,0,678,ShamAY0035035,7517,540,1250,542,94
593,1048,1431,Kraken220413202218,762,1074,1440,199,58
593,1359,1552,JK001197,287,1381,1547,87,50
594,0,439,Tafsir04040,694,428,871,218,48
594,1125,1628,Tafsir04040,1361,216,919,320,49
594,1125,1497,Tafsir04040,1655,7,389,280,84
594,0,439,JK000001,2275,960,1427,244,53
594,716,1502,JK000001,2281,449,1609,586,60
594,716,934,ShamAY0035035,7371,1325,1569,157,79
594,864,1331,ShamAY0035035,7373,86,868,225,30
594,1228,1479,ShamAY0035035,7373,1300,1605,187,71
594,806,1114,JK001197,288,712,920,145,55
595,0,467,Tafsir04040,1361,919,1574,239,42
595,0,467,JK000001,2282,82,557,361,91
595,1107,1654,JK000001,2282,1071,1496,197,37
595,467,877,JK000001,2283,1021,1408,303,90
595,0,467,ShamAY0035035,7374,166,713,370,82
595,467,648,ShamAY0035035,7376,1362,1594,135,72
595,648,877,ShamAY0035035,7377,0,295,158,66
595,0,467,AOCP20251104125,6,491,884,293,77
596,156,656,JK000001,2283,0,854,298,39
596,842,1171,JK000001,2290,994,1385,261,82
596,55,558,ShamAY0035035,7375,498,1538,295,34
596,900,1204,ShamAY0035035,7390,15,415,220,66
596,900,1099,JK009270,5385,484,682,158,97
597,229,618,Hindawi030536269,787,488,921,221,55
597,281,490,JK007054,95,571,758,140,80
597,191,618,JK000001,2285,773,1341,269,58
597,825,1462,JK000001,2289,248,879,337,57
597,191,509,ShamAY0035035,7380,726,1506,215,34
597,861,1316,ShamAY0035035,7387,80,547,231,54
597,861,1024,JK009298,408,980,1137,114,90
597,164,497,Shamela0000432,2505,491,826,214,74
597,233,618,JK009270,3331,400,815,218,58
597,191,618,Kraken220413202218,768,883,1312,227,57
597,861,1313,ShamIbadiyya0000109,7891,790,983,132,37
597,191,618,JK001197,288,1122,1585,253,62
597,861,1433,JK001197,290,8,499,300,61
597,281,490,JK009245,1005,1197,1392,146,83
597,861,1024,JK009365,393,317,482,118,91
598,8,442,Shamela0010273,1959,96,529,279,72
598,708,865,Shamela0010273,3345,4,159,116,87
598,708,1021,Shia001544Vols,1226,155,421,194,73
598,4,343,JK000999,135,742,1049,170,52
598,446,695,JK000001,2289,1167,1423,162,73
598,708,1188,JK000001,2290,172,656,385,96
598,8,463,JK000001,2291,72,528,358,94
598,708,1063,ShamAY0035035,7388,946,1502,273,58
598,8,449,ShamAY0035035,7390,854,1505,338,62
598,446,687,JK009298,409,937,1191,150,71
598,8,438,JK009298,411,392,819,283,73
598,446,630,JK009270,5384,1335,1511,121,80
598,8,369,JK009270,5385,757,1110,264,85
598,4,463,ShamIbadiyya0000109,7892,143,532,285,74
599,1051,1541,JK000001,2286,832,1350,309,70
599,1051,1448,ShamAY0035035,7382,491,1476,270,33
599,1037,1410,JK009270,5821,1272,1551,205,68
599,1051,1541,JK001197,289,633,1151,313,71
600,0,222,JK000001,2286,1328,1532,146,78
600,248,428,JK000001,2287,7,316,133,53
600,0,319,ShamAY0035035,7383,81,795,201,32
600,0,319,JK009270,5822,161,464,199,71
600,0,428,JK001197,289,1129,1533,286,78
601,85,220,Shia001544Vols,565,856,996,102,87
601,380,607,Shia001544Vols,591,1272,1506,166,88
601,324,439,Shia001544Vols,1256,622,1001,69,22
601,392,612,Shia001544Vols,1271,1167,1428,155,69
601,380,607,Zaydiyya0000256,224,149,430,150,63
601,97,230,Tafsir04040,689,1316,1449,107,100
601,1257,1544,Tafsir04040,697,770,1362,150,27
601,380,636,Masaha000001Vols,887,262,566,158,62
601,94,310,Masaha000001Vols,889,61,587,168,39
601,444,607,Masaha000001Vols,890,0,167,129,95
601,1257,1515,JK000001,2292,1144,1477,127,38
601,380,641,Shia000182VolsBK2,3549,465,803,153,55
601,380,607,Shia001432Vols,1484,1156,1441,150,62
601,310,1118,Shia001432Vols,1495,510,1403,416,45
601,94,230,Shia001432Vols,1496,942,1078,109,100
601,449,607,Shia001432Vols,2077,0,194,107,63
601,621,914,Shia001432Vols,21113,519,667,119,50
601,621,746,Shia002394Vols,374,310,435,100,100
601,621,998,Shia001122Vols,873,894,1454,280,60
601,94,230,Shia001122Vols,874,1106,1242,109,100
601,380,607,Shia001122Vols,875,992,1222,173,93
601,621,1167,Shia001383,83,205,552,218,46
601,237,607,Shia001383,84,252,1024,219,33
601,94,244,Shia002389Vols,224,895,1046,112,93
601,621,721,Shia002389Vols,2049,983,1083,80,100
601,380,607,Shia002389Vols,3044,1179,1453,151,65
601,0,230,Shia001174Vols,312,892,1167,128,45
601,380,588,Shia001174Vols,3588,1264,1519,136,62
601,310,1078,Shia001174Vols,3591,760,1533,394,50
601,429,607,Shia001174Vols,3596,0,183,141,96
601,380,612,Shia001174Vols,4406,509,793,157,65
601,230,607,Shia002380Vols,813,104,526,201,52
601,380,607,Tafsir04056,1481,0,231,167,87
601,380,619,Shia001217Vols,4460,1000,1286,155,64
601,324,746,Shia001217Vols,4461,456,1038,154,31
601,1257,1544,ShamIbadiyya0000109,7871,390,665,143,62
601,324,607,Shia002382Vols,1819,342,894,180,40
601,324,607,Shia002382Vols,2414,585,1140,180,39
601,85,300,Masaha000554Vols,6322,17,560,125,28
601,1298,1515,JK001197,291,1349,1562,108,63
601,621,998,PV2024060601,873,894,1454,280,60
601,94,230,PV2024060601,874,1106,1242,109,100
601,380,607,PV2024060601,875,992,1222,173,93
602,1175,1451,Shia001544Vols,1073,113,395,201,91
602,1184,1402,Shia002770Vols,1105,16,232,161,94
602,1175,1451,Shia001272,40,357,642,207,94
602,87,291,JK011712,662,436,668,148,78
602,614,1083,Tafsir04040,689,756,1226,368,95
602,297,594,Tafsir04040,700,653,940,223,96
602,134,263,JK009324,3473,1261,1402,92,82
602,1175,1402,Shia001237Vols,19,838,1048,141,74
602,614,1083,Masaha000001Vols,888,808,1277,371,95
602,297,594,Masaha000001Vols,892,861,1149,223,96
602,87,283,JK000001,2293,213,542,132,51
602,614,1083,Shia000182VolsBK2,3549,827,1302,370,95
602,1175,1451,Shia001417,6,1143,1392,186,86
602,297,560,Rafed0001713Vols,485,1058,1288,131,60
602,297,560,Shia001432Vols,1472,1175,1397,130,61
602,1175,1451,Shia001432Vols,1475,576,862,207,93
602,381,594,Shia001432Vols,1476,0,205,157,93
602,614,1083,Shia001432Vols,1496,72,551,372,95
602,1175,1451,Shia001432Vols,22321,167,448,178,73
602,297,560,Tafsir04003,939,98,321,131,61
602,297,560,ShamAY0033108,366,622,889,173,85
602,311,573,Sham19Y0133367,102,837,1236,166,55
602,297,560,Rafed0003257Vols,1473,278,565,172,79
602,297,560,Meshkat00057178,975,628,916,173,79
602,614,1083,Shia001122Vols,874,264,737,371,96
602,297,594,Shia001122Vols,878,640,928,223,96
602,297,573,JK009236,444,785,1119,176,70
602,277,588,Shia001615Vols,301,289,585,168,71
602,420,573,Kraken220218174022,420,8,167,98,80
602,297,606,Shia001383,83,543,836,224,93
602,297,508,Zaydiyya0000034,18,1238,1583,149,55
602,341,573,Shamela0000736,3235,4,240,132,76
602,297,552,Shia002389Vols,480,1275,1487,124,60
602,614,1089,Shia001174Vols,3592,852,1336,375,95
602,1175,1409,Shia001174Vols,3600,1144,1385,173,91
602,297,594,Shia001174Vols,3602,718,1006,223,96
602,622,1049,Shia001418Vols,340,332,474,102,29
602,614,1083,Tafsir04056,1481,290,768,367,93
602,1252,1402,Shia001217Vols,29,32,180,111,96
602,297,560,Shia001217Vols,543,85,307,130,61
602,614,1083,Shia001217Vols,4465,930,1397,372,97
602,297,617,Shia001217Vols,4470,354,668,226,87
602,87,263,ShamIbadiyya0000109,7871,726,914,129,83
602,297,588,Masaha003299,12,927,1229,165,71
602,316,594,Shia000233,1060,436,647,162,74
602,297,583,Shamela0023578,793,702,973,168,78
602,614,1083,PV2024060601,874,264,737,371,96
602,297,594,PV2024060601,878,640,928,223,96
603,746,921,Shamela0008473,1148,691,846,103,70
603,746,916,JK000022,686,1277,1445,119,82
603,746,916,Shamela0012884,1249,613,771,119,86
603,0,97,Shia001544Vols,1073,395,496,73,93
603,487,741,Shia001138BK1,160,661,910,193,94
603,746,924,Sham19Y0014592,3022,241,413,119,80
603,0,97,Shia001272,40,642,749,75,89
603,921,1182,Sham19Y0000760,285,819,1081,180,79
603,921,1182,Tafsir04040,706,749,1023,200,87
603,768,916,Tafsir09050,610,42,186,105,86
603,864,1182,ShamAY0034059,2102,1000,1345,208,72
603,746,916,Shamela0007798,2525,10,418,125,38
603,746,916,JK000786,3759,1008,1171,114,79
603,746,916,JK000786,3900,0,160,109,75
603,487,741,Shia001171,370,156,393,167,79
603,261,479,Masaha000001Vols,890,943,1167,174,96
603,383,741,Masaha000001Vols,891,361,874,260,62
603,1280,1525,JK000001,2291,642,923,109,42
603,892,1182,JK000001,2295,677,993,205,78
603,487,728,Shia000317Vols,2069,1039,1295,192,94
603,0,97,Shia001432Vols,1475,862,963,73,93
603,261,479,Shia001432Vols,1497,439,660,172,95
603,487,749,Shia001432Vols,27017,1063,1307,167,77
603,487,741,Shia001432Vols,28992,1035,1272,169,80
603,892,1182,ShamAY0035035,7400,1029,1353,206,75
603,746,916,JK000906,1843,1049,1207,119,86
603,111,255,Shia001122Vols,870,524,668,115,98
603,261,479,Shia001122Vols,876,576,801,173,96
603,383,741,Shia001122Vols,877,76,592,260,62
603,487,741,Shia001615Vols,2494,635,872,169,80
603,487,741,Shia004012,63,1102,1329,172,83
603,111,261,Shia001174Vols,3581,1395,1549,115,92
603,273,498,Shia001174Vols,3597,0,230,173,93
603,383,741,Shia001174Vols,3599,133,655,260,61
603,0,114,Shia001174Vols,3601,43,177,81,78
603,487,749,Shia001217Vols,4392,428,685,202,95
603,111,255,Shia001217Vols,4454,667,806,109,93
603,487,741,Shia001217Vols,4458,445,675,169,80
603,741,881,ShamIbadiyya0000109,7871,1354,1504,97,82
603,921,1182,ShamIbadiyya0000109,7874,306,571,163,72
603,487,741,Shia001137,438,922,1155,168,80
603,768,916,ShamIbadiyya0000193,597,276,415,104,86
603,111,255,PV2024060601,870,524,668,115,98
603,261,479,PV2024060601,876,576,801,173,96
603,383,741,PV2024060601,877,76,592,260,62
606,0,188,JK000001,2340,1038,1280,120,58
606,4,188,ShamAY0035035,7509,229,723,113,27
607,140,790,Sham19Y0017090,3,369,940,367,62
607,807,1273,JK000001,2303,638,1209,215,40
607,128,790,JK000001,2309,206,814,401,67
607,807,975,ShamAY0035035,7421,1091,1362,128,59
607,108,790,ShamAY0035035,7433,472,1196,380,52
607,380,790,JK000906,4556,0,470,311,81
607,104,781,Shamela0021592,176,125,734,312,47
607,357,564,Tafsir04056,1558,1471,1707,160,80
607,564,790,Tafsir04056,1559,0,289,168,72
608,353,922,Shia000277Vols,3796,18,429,127,21
608,957,1222,Hindawi059507481,82,1009,1282,211,95
608,0,253,Sham19Y0017090,10,35,289,180,77
608,957,1444,ShamIbadiyya0000135,207,580,1078,328,76
608,943,1213,Sham19Y0122096,1451,847,1088,180,81
608,353,935,Masaha000001Vols,762,702,971,126,23
608,1394,1582,Masaha000001Vols,789,376,920,135,30
608,0,265,JK000001,2309,3,274,187,76
608,353,704,JK000001,2329,0,316,148,45
608,943,1384,JK000001,2329,871,1321,307,80
608,353,858,Shia000234Vols,3765,1034,1411,82,13
608,353,935,Shia000220Vols,3172,641,901,110,23
608,555,695,ShamAY0035035,7484,1004,1243,110,58
608,951,1384,ShamAY0035035,7485,555,1053,306,74
608,353,922,Shia004028,153,830,956,86,18
608,1389,1582,Shia001122Vols,771,898,1467,137,30
608,353,935,Shia001122Vols,772,414,686,126,23
608,943,1213,JK000298,2148,200,455,189,85
608,812,935,Tafsir04056,1258,806,944,86,77
608,1389,1582,Shia001217Vols,4378,725,1315,135,28
608,353,935,Shia001217Vols,4395,233,509,126,22
608,943,1253,Kraken220413202218,783,1198,1582,237,75
608,284,1384,ShamIbadiyya0000109,7896,216,978,318,33
608,821,935,Rafed0001406,36,896,1019,92,92
608,564,1384,JK001197,294,0,537,378,54
608,1389,1582,PV2024060601,771,898,1467,137,30
608,353,935,PV2024060601,772,414,686,126,23
609,0,265,Shia001544Vols,555,195,490,203,85
609,726,1071,Shia001544Vols,660,317,486,78,28
609,728,858,Shia001272,8,113,253,102,90
609,1096,1295,JK011730,786,136,384,143,67
609,902,1149,Sham19Y0017817,185,1198,1545,167,58
609,728,858,Shia001237Vols,2743,497,634,102,91
609,728,858,Shia001237Vols,2855,367,497,106,100
609,0,234,Masaha000001Vols,762,269,538,184,86
609,0,234,Masaha000001Vols,789,920,1189,184,86
609,728,858,Masaha000001Vols,905,136,266,103,97
609,871,1295,JK000001,2330,92,622,320,72
609,0,444,Shia000220Vols,3172,1159,1553,255,65
609,0,132,Shia000317Vols,14262,1397,1560,100,76
609,132,506,Shia000317Vols,14263,0,270,186,60
609,728,858,Shia001432Vols,21797,935,1072,104,93
609,368,623,Shia001432Vols,22989,437,693,193,96
609,0,239,Shia001432Vols,23010,665,939,185,85
609,871,1096,ShamAY0035035,7486,279,519,164,84
609,728,858,Shia001122Vols,771,1130,1260,106,100
609,22,234,Shia001122Vols,772,0,247,167,85
609,728,858,Shia001122Vols,891,557,687,103,97
609,1096,1295,JK000298,2970,1105,1294,146,89
609,0,401,Shia001615Vols,945,685,1035,223,61
609,728,858,Shia001383,52,566,696,103,97
609,966,1102,Sham19Y0035453,216,823,965,106,93
609,368,618,Shia002389Vols,2224,1087,1333,188,95
609,0,234,Shia002389Vols,2407,902,1170,184,86
609,368,618,Shia001174Vols,3221,1259,1505,188,95
609,0,234,Shia001174Vols,3259,1017,1286,184,86
609,728,858,Shia001174Vols,3635,709,839,103,97
609,368,618,Tafsir04056,5999,1045,1291,188,95
609,728,871,Shia001217Vols,4378,969,1113,105,90
609,84,623,Shia001217Vols,4379,0,553,319,62
609,1355,1523,Kraken220413202218,785,0,173,106,66
609,871,1096,ShamIbadiyya0000109,7896,1053,1275,160,84
609,239,812,Shia000296,42,869,1139,164,31
609,728,858,Shia001299,85,177,314,106,94
609,0,244,Masaha000554Vols,4766,945,1216,175,77
609,1337,1523,JK001197,294,923,1105,114,68
609,728,858,PV2024060601,771,1130,1260,106,100
609,22,234,PV2024060601,772,0,247,167,85
609,728,858,PV2024060601,891,557,687,103,97
610,50,588,JK000001,2330,777,1515,273,40
610,1170,1522,JK000001,2331,1061,1590,207,44
610,585,1292,JK000001,2331,228,1148,370,44
610,50,290,ShamAY0035035,7487,606,942,132,44
610,585,880,ShamAY0035035,7488,324,669,212,74
610,1348,1522,ShamAY0035035,7489,877,1531,116,21
610,657,880,JK000298,3748,754,950,147,80
610,50,588,Kraken220413202218,784,901,1560,228,39
610,1170,1578,ShamIbadiyya0000109,7897,634,1127,216,47
610,50,889,JK001197,294,686,1390,335,40
611,423,916,Shia000181,511,231,776,374,82
611,447,916,Shia003716,15,733,1209,366,93
611,599,960,Zaydiyya0000256,230,0,376,257,84
611,617,916,Shia003706,158,31,259,150,61
611,482,916,Shia001107Vols,482,0,433,341,96
611,423,738,Zaydiyya0000129,59,573,826,135,44
611,423,916,Shia002185Vols,3993,794,1294,379,93
611,423,738,Zaydiyya0000004,142,618,871,135,44
611,1071,1583,Tafsir04040,704,3,638,116,15
611,521,890,Shia000405Vols,413,295,666,283,93
611,419,920,Shia001171,526,259,774,395,94
611,579,916,Shia001237Vols,2956,0,303,173,56
611,508,882,Shia001153,121,144,452,171,55
611,423,916,Shia20200618,243,516,1006,377,93
611,1042,1498,JK000001,2343,928,1191,93,19
611,423,813,Zaydiyya0000140,19,1094,1492,243,63
611,423,920,Shia000317Vols,2204,1124,1622,388,93
611,454,974,Shia000317Vols,14322,876,1368,355,81
611,508,882,Shia001432Vols,1484,92,401,171,55
611,554,916,Shia001432Vols,1493,0,365,288,97
611,508,882,Shia001432Vols,21447,387,697,173,55
611,476,916,Shia001432Vols,28999,240,624,227,58
611,950,1498,ShamAY0035035,7513,513,787,112,21
611,443,916,ShamAY0035035,7604,416,883,364,93
611,423,916,Shia001340,264,976,1479,386,93
611,423,916,Rafed0001617Vols,259,260,750,377,93
611,447,916,Zaydiyya0000015,1857,4,502,374,92
611,466,916,Zaydiyya0000034,20,58,514,354,95
611,423,953,Shia002389Vols,3094,223,736,381,87
611,419,916,Shia001174Vols,314,264,783,386,89
611,521,713,Zaydiyya0000543,1305,349,1028,152,27
611,423,938,Shia001217Vols,4464,367,903,387,87
611,443,828,Shia000233,80,1215,1611,302,92
611,447,746,Zaydiyya0000259,190,1229,1534,236,93
611,571,890,JK009325,31,0,321,253,96
611,443,916,JK009365,451,472,946,366,93
612,970,1456,Tafsir04040,703,438,998,187,31
612,970,1406,JK000001,2342,1035,1477,210,46
612,970,1500,ShamAY0035035,7512,535,1154,271,44
613,908,1184,JK000001,2350,811,1417,186,37
613,1194,1456,JK000001,2351,46,461,157,43
613,889,1102,ShamAY0035035,7526,366,1053,164,30
613,1225,1456,ShamAY0035035,7528,252,722,140,35
613,1249,1566,AOCP20251104145Vols,727,252,569,128,39
613,1194,1566,JK001197,296,927,1468,202,43
614,978,1618,Shamela0098087,214,892,1456,307,52
614,5,436,JK000001,2352,280,1571,267,25
614,395,1618,JK000001,2353,0,1641,687,46
614,398,906,ShamAY0035035,7532,0,1044,307,35
614,978,1604,AOCP20251104145Vols,727,819,1457,306,51
614,700,1618,Kraken220413202218,797,55,962,383,42
614,5,675,ShamIbadiyya0000109,7904,954,1526,236,34
614,183,543,JK001197,297,408,930,176,34
614,978,1618,JK001197,297,937,1498,344,61
615,618,1119,Kraken220414225509,18,692,1185,246,53
615,656,1091,Sham19Y0132973,806,1149,1496,192,50
615,96,469,JK000001,2355,37,391,165,45
615,101,349,ShamAY0035035,7537,60,504,146,39
615,96,349,JK001197,298,11,241,144,71
616,20,397,JK000001,2357,372,767,302,93
616,581,1049,JK000001,2359,410,810,180,35
616,1042,1592,JK000001,2360,667,1245,323,60
616,20,237,ShamAY0035035,7544,910,1422,171,41
616,581,1049,Kraken220413030759,1808,238,712,167,32
616,444,1049,AOCP20251104145Vols,729,70,513,203,33
616,525,1366,JK001197,299,597,1645,337,29
616,212,343,Shamela0004473,13501,268,400,106,99
617,0,573,JK000001,2360,1245,1568,215,44
617,223,457,JK000001,2362,997,1249,167,79
617,0,573,ShamAY0035035,7553,1128,1523,213,40
617,272,457,JK009298,470,371,573,143,87
617,223,457,Kraken220413030759,1809,1129,1390,165,76
617,253,457,ShamIbadiyya0000109,7585,949,1143,149,89
617,1116,1379,AOCP20251104134,106,26,513,119,27
618,605,758,Shamela0010273,3115,420,573,124,100
618,605,758,Meshkat00042488,1647,440,961,124,29
618,605,758,JK009265,279,415,569,124,99
618,605,758,JK000791,2186,1028,1182,124,99
618,605,758,Shamela0023632,3319,1260,1413,124,100
618,605,758,QuranAnalysis001,225,1327,1481,124,99
618,605,728,JK001420,736,731,1058,100,37
618,605,758,Shamela0023591,6290,459,612,124,100
618,605,758,Shamela0023591,6299,1281,1434,124,100
618,605,758,Meshkat0014420,4309,943,1097,124,99
618,605,758,Sham19Y0017735,1,1064,1218,124,99
618,605,758,JK009266,8368,1111,1265,124,99
618,605,758,Shamela0021821,1755,702,856,124,99
618,605,758,Sham19Y0023608,3737,321,474,124,100
618,649,765,Sham19Y0023608,3738,221,708,92,23
618,605,758,Rafed0001713Vols,2529,505,658,124,100
618,605,758,Shia001432Vols,2174,133,287,124,99
618,605,758,Rafed0003257Vols,4893,221,374,124,100
618,605,758,Shamela0029743,1042,764,918,124,99
618,612,758,JK009268,4231,0,147,118,99
618,605,728,Meshkat00057178,3401,606,1162,81,17
618,605,758,Zaydiyya0000076BK16,13,766,920,124,99
618,578,758,Hindawi074291969Vols,279,1148,1335,132,88
618,605,758,JK006896,38,941,1095,124,99
618,531,728,Shamela0023628,3249,83,260,110,60
618,600,758,Masaha000554Vols,5773,958,1120,125,93
618,605,758,Sham19Y0020891,6041,883,1036,124,100
618,605,758,Sham19Y0147312,1861,1216,1370,124,99
618,605,758,Shamela0004473,3525,1037,1191,124,99
618,605,758,Shamela0023578,2960,221,374,124,100
619,345,783,Shamela0098087,312,457,828,284,78
619,534,689,JK009265,207,1318,1473,126,100
619,529,689,JK000030,215,365,532,130,95
619,1331,1625,ShamAY0002038,142,890,1064,112,46
619,451,783,ShamAY0002038,142,442,634,139,52
619,446,1625,JK000001,3012,138,917,358,31
619,529,689,Rafed0003669Vols,840,1417,1577,130,100
619,518,689,Shia003729Vols,106,135,306,128,93
619,329,920,JK001197,328,821,1346,328,60
619,1331,1625,JK001197,329,150,338,120,48
620,220,456,Shia001334,29,1205,1442,170,86
620,220,491,Shia001334,94,1176,1470,196,81
620,220,502,Zaydiyya0000133,5,531,817,191,77
620,220,491,Zaydiyya0000352,203,341,639,196,77
620,211,379,Shia001237Vols,1192,73,263,121,79
620,846,1270,Shia001432Vols,22329,852,1279,331,96
620,220,564,Shia001432Vols,23508,822,1184,210,68
620,220,379,Shia001432Vols,29022,185,334,115,91
620,211,379,Shia001432Vols,29058,122,312,121,79
620,211,495,Rafed0003257Vols,5231,989,1289,206,85
620,220,495,Zaydiyya0000229,192,232,544,198,75
620,220,379,Shia000211,10,1272,1421,115,91
620,207,495,Shia001122Vols,3536,149,450,203,84
620,846,1034,Shia001615Vols,3280,88,280,145,94
620,220,379,Shia002389Vols,2563,734,900,118,89
620,220,419,Shia001174Vols,4725,1306,1509,148,92
620,220,415,Shia001174Vols,4726,153,465,94,32
620,844,1245,Shia001266,23,1093,1484,309,94
620,207,379,Shia001266,37,1010,1175,113,79
620,220,495,Zaydiyya0000217,15,306,596,194,77
620,220,495,Shia001217Vols,4475,1018,1320,202,85
620,218,379,Shia000233,446,373,524,116,91
620,220,495,Shia001299,148,1154,1444,197,82
620,220,495,Shia001299,180,84,395,201,80
620,220,379,Shia002382Vols,197,1280,1433,112,88
620,846,1063,Shia002382Vols,956,690,898,152,85
620,220,495,Shia003704,504,1107,1399,198,82
620,220,491,Shia004021,153,922,1290,200,69
620,220,491,Zaydiyya0000067,5,668,955,191,77
620,207,495,PV2024060601,3536,149,450,203,84
621,369,705,Shia001544Vols,752,3,143,93,33
621,905,1627,Shamela0098087,313,395,922,297,48
621,944,1634,JK000001,3014,16,608,349,59
621,954,1634,ShamAY0035035,9129,184,932,334,48
621,944,1167,Kraken220413202218,1102,1337,1584,159,77
621,905,1249,JK001197,329,761,1143,231,73
622,16,335,Shia001544Vols,477,729,1064,174,55
622,16,658,Shamela0098087,313,914,1495,261,42
622,1104,1602,Shamela0098087,314,1185,1593,192,47
622,6,718,JK000001,3014,615,1477,352,43
622,1104,1612,JK000001,3016,92,709,250,44
622,0,550,ShamAY0035035,9129,932,1556,266,46
622,0,262,Shia001400,2,676,896,121,58
622,23,335,Shia001391,60,261,626,150,44
622,23,335,Rafed0003799Vols,1361,1193,1555,140,40
622,23,298,Shia001615Vols,695,249,483,120,47
622,23,987,Kraken220413202218,1103,333,1408,441,43
622,1104,1423,Kraken220413202218,1104,1146,1606,165,40
622,1104,1612,JK001197,330,893,1162,159,39
623,109,347,Zaydiyya0000352,294,892,1169,177,80
623,462,688,JK000001,3016,709,922,163,83
623,1150,1340,JK000001,3019,38,228,152,97
623,827,990,JK000001,3020,675,833,124,95
623,109,347,Shia001432Vols,22383,67,313,172,87
623,830,990,ShamAY0035035,9146,715,869,122,96
623,109,347,Zaydiyya0000229,280,1023,1276,174,86
623,109,277,Shia001122Vols,3541,1275,1477,130,81
623,109,347,Shia001174Vols,4746,867,1189,182,72
623,109,347,Shia001217Vols,4361,261,558,185,79
623,462,688,Kraken220413202218,1105,161,401,162,75
623,1145,1340,Kraken220413202218,1106,1187,1382,154,96
623,827,983,Kraken220413202218,1107,944,1095,115,92
623,462,1072,JK001197,330,1162,1564,201,40
623,827,976,JK001197,331,462,606,114,95
623,109,347,Shia004021,154,702,953,173,83
623,109,277,PV2024060601,3541,1275,1477,130,81
624,0,287,JK000001,3020,871,1315,215,57
624,340,622,JK000001,3022,1265,1576,204,75
624,926,1500,JK000001,3029,0,586,175,24
624,340,706,ShamAY0034797,162,59,470,267,75
624,433,706,ShamAY0035035,9151,0,331,203,73
624,0,287,Kraken220413202218,1107,1133,1579,213,56
624,340,706,Kraken220413202218,1109,104,525,271,75
625,0,1046,JK000001,3030,777,1566,445,48
625,815,1046,ShamAY0035035,9163,361,609,134,60
626,588,1288,JK000001,3034,41,659,437,72
626,588,1274,ShamAY0035035,9171,892,1647,433,61
626,588,972,Kraken220413202218,1115,1269,1593,244,76
626,1029,1288,Kraken220413202218,1116,28,270,159,67
626,588,845,JK001197,333,74,305,174,81
627,965,1244,Shamela0098087,319,1178,1488,114,37
627,0,308,JK000001,3034,776,1092,243,93
627,0,308,ShamAY0035035,9172,130,454,243,91
627,831,1262,Sham19Y0014249,691,144,507,171,45
627,0,308,Kraken220413202218,1116,388,700,245,95
627,965,1262,Kraken220413202218,1122,630,957,129,39
628,628,1050,Shia001237Vols,2715,698,1136,320,86
628,1122,1525,Shia001237Vols,2795,1102,1511,306,88
628,628,1647,Shia001432Vols,21866,548,1580,786,91
628,628,1565,Shia001615Vols,3444,460,1071,454,58
628,602,1296,Shia001266,47,918,1615,528,90
628,1303,1649,Shia001266,48,0,388,264,80
628,649,1208,EShia0071807,465,1144,1683,425,91
628,1208,1649,EShia0071807,466,0,448,336,88
629,848,1195,Shamela0001438,6059,1104,1486,221,64
629,910,1195,JK007082,300,107,456,205,71
629,843,1195,Shamela0009384,5,47,491,242,65
629,987,1195,Shamela0098087,261,6,249,143,68
629,917,1171,Shia004092Vols,13409,1319,1577,155,67
629,1331,1606,JK010625,29,805,1183,172,56
629,917,1171,Rafed0002654Vols,11693,1275,1533,155,67
629,895,1195,JK010561,254,0,333,181,61
629,837,1195,Shia001900,126,829,1243,216,59
629,843,1195,Shamela0003118,4856,86,559,235,59
629,843,1109,Kraken220414225526,139,1282,1561,178,77
629,848,1195,JK009390,5621,457,836,221,65
629,843,1195,JK007063,368,781,1209,226,63
629,848,1195,ShamAY0002038,147,662,996,264,93
629,917,1195,JK000001,2617,566,888,183,63
629,1321,1606,JK000001,3044,943,1243,205,82
629,848,1195,JK000001,3046,187,540,265,90
629,948,1195,JK000916,16608,0,362,168,54
629,1339,1606,ShamAY0035035,9200,632,955,199,77
629,848,1220,ShamAY0035035,9205,52,436,261,82
629,848,1195,Sham19Y0127677,3863,997,1386,221,63
629,817,1195,Shamela0012031,120,249,689,232,59
629,817,1195,Sham19Y0023644,2376,405,843,235,60
629,843,1195,Shamela0012751,2,536,989,228,59
629,895,1195,Shia003729Vols,99,208,566,181,57
629,843,1195,Shamela0004445,3672,564,1000,230,62
629,848,1195,JK008001,6341,633,1016,221,64
629,848,1195,Zaydiyya0000067,23,54,448,222,63
630,1086,1537,ShamIbadiyya0000185,667,100,556,311,80
630,591,864,Shamela0012406,2093,536,801,161,64
630,591,864,ShamAY0001760,120,490,774,173,65
630,95,306,JK000001,3036,118,346,153,81
630,591,1335,JK000001,3047,1067,1599,377,57
630,1335,1537,JK000001,3048,0,205,156,92
630,1193,1537,ShamAY0035035,9211,163,785,265,51
630,1086,1523,ShamIbadiyya0000198Vols,1562,1103,1550,329,86
632,630,994,JK000001,2958,537,1068,184,38
632,630,994,Kraken220413202218,1074,229,775,190,41
632,630,994,ShamIbadiyya0000109,7794,740,1242,182,39
633,1344,1717,Shia000233,237,213,599,137,28
634,1127,1264,Shia001544Vols,824,611,760,104,89
634,1299,1542,Shia001432Vols,21979,821,1352,190,44
634,1299,1542,Shia001266,14,837,1326,183,45
634,1312,1542,Shia000151,122,221,456,172,90
635,535,739,JK000001,2887,799,1011,147,87
635,393,928,JK000001,2953,494,789,211,46
635,1251,1598,JK000001,2953,1119,1605,270,68
635,0,165,Shia001432Vols,21979,1352,1514,130,93
635,535,739,ShamAY0035035,8764,468,680,143,84
635,1258,1598,ShamAY0035035,8957,1040,1513,248,65
635,1370,1588,JK009298,980,89,309,165,90
635,0,170,Shia001266,14,1326,1507,135,90
635,1258,1598,ShamIbadiyya0000109,7793,772,1265,218,52
635,1258,1598,Sham19Y0038171,2257,438,884,225,60
636,22,289,Shamela0001438,3710,905,1249,157,55
636,22,289,JK000381,2099,986,1339,134,46
636,1084,1416,JK005021,512,696,1296,168,34
636,22,278,JK000085,98,1072,1438,131,43
636,22,289,ShamAY0034644,214,558,924,161,54
636,22,289,Shamela0021494,117,4,375,141,47
636,22,289,Shamela0021545,27,572,987,148,42
636,1084,1416,Shamela0006739,1406,34,276,123,45
636,22,243,JK000232,619,1156,1421,117,54
636,22,289,JK009390,2141,785,1125,157,54
636,22,293,JK000484,2501,272,638,152,49
636,22,289,ShamAY0002038,453,624,1053,142,38
636,1365,1472,Kraken220204081839,299,617,737,86,89
636,28,289,Shamela0011363,274,448,800,125,40
636,22,289,JK011564,18,437,775,161,56
636,22,289,JK000001,1846,777,1200,106,27
636,9,572,JK000001,2954,97,944,433,63
636,983,1361,JK000001,2956,1283,1455,113,37
636,1365,1472,JK000001,2957,96,203,86,100
636,1365,1472,JK000001,2970,1026,1139,86,94
636,22,289,ShamAY0035035,6542,921,1392,128,33
636,0,293,ShamAY0035035,8958,240,541,220,90
636,37,289,Sham19Y0127677,1984,0,325,145,54
636,0,572,JK009298,980,309,986,417,75
636,1365,1472,JK009298,985,789,902,86,94
636,22,289,Shamela0009810,1600,455,864,146,42
636,22,289,PV2024060602,4570,440,849,141,39
636,83,289,JK000474,4338,0,289,127,50
636,22,289,JK000141,852,172,581,146,42
636,22,293,JK007043,112,223,590,145,49
636,22,289,JK001297,443,160,511,157,55
636,1365,1472,ShamIbadiyya0000109,7797,1147,1254,86,100
636,16,576,ShamIbadiyya0000109,7800,778,1359,415,85
636,1060,1365,ShamIbadiyya0000109,7801,1100,1425,224,83
636,22,289,Sham19Y0038171,1779,626,1097,128,33
636,0,293,Sham19Y0038171,2257,1173,1484,221,88
636,22,576,Sham19Y0038171,2258,221,1053,363,53
636,1060,1262,Sham19Y0038171,2263,65,266,153,90
636,1365,1472,Sham19Y0038171,2271,1070,1183,86,94
636,22,289,Shia000233,153,277,567,121,45
636,22,289,JK008001,974,121,407,147,56
636,1084,1416,JK005022,44,1032,1274,123,45
636,351,572,JK001197,321,994,1209,169,94
636,22,409,JK006897,119,224,768,174,39
637,9,261,Shia001115Vols,241,847,1173,153,53
637,247,535,Shia001115Vols,305,96,373,211,92
637,9,185,Shia001544Vols,1168,558,897,133,50
637,266,535,Shia001544Vols,1468,690,950,205,96
637,0,167,Shamela0036091,85,487,656,120,89
637,274,535,Shia002770Vols,1104,472,800,193,70
637,274,535,Shia004040,27,206,461,188,87
637,882,1136,JK000071,489,983,1207,156,77
637,247,535,Masaha004648Vols,521,275,545,205,89
637,247,522,Shia001237Vols,17,1110,1375,204,93
637,9,535,Masaha000001Vols,600,257,1028,394,63
637,679,1136,JK000001,2957,531,1168,319,60
637,371,674,JK000001,2958,70,509,117,28
637,9,185,Shia001130,12,1084,1241,123,88
637,247,535,Shia001432Vols,2436,1026,1302,201,86
637,9,185,Shia001432Vols,21970,728,908,136,95
637,274,546,Shia001432Vols,21972,175,439,201,93
637,247,535,Shia001432Vols,21978,1131,1402,206,90
637,9,185,Shia001432Vols,22327,291,465,128,90
637,9,185,Shia001432Vols,22496,294,451,123,88
637,831,1136,ShamAY0035035,8970,139,449,197,72
637,274,535,Shia002394Vols,134,851,1106,201,97
637,9,535,Shia004039,188,207,678,330,79
637,813,1136,JK009298,978,152,794,218,41
637,9,156,Shia001122Vols,605,1249,1399,114,94
637,156,535,Shia001122Vols,606,0,626,280,56
637,261,535,Shia001615Vols,746,450,712,198,88
637,9,535,Shia001615Vols,3509,677,1362,349,60
637,274,535,Shia002389Vols,41,971,1226,201,97
637,274,535,Shia002389Vols,94,840,1095,201,97
637,274,522,Shia002389Vols,1607,1175,1417,191,97
637,388,542,Shia001174Vols,2537,0,143,110,90
637,9,185,Shia001174Vols,2770,1290,1470,136,95
637,274,535,Shia001174Vols,2772,270,574,201,81
637,247,535,Shia001174Vols,3586,143,435,216,90
637,261,522,Shia002380Vols,450,873,1114,190,91
637,247,485,Shia001418Vols,140,1293,1517,167,84
637,274,489,Tafsir04056,4892,1323,1531,165,96
637,9,261,Shia001217Vols,27,707,1135,188,54
637,274,535,Shia001217Vols,28,150,405,201,97
637,679,873,ShamIbadiyya0000109,7802,151,459,127,50
637,7,185,Shia000233,234,1083,1258,132,91
637,274,522,Shia002382Vols,1080,246,477,182,92
637,0,180,Masaha000554Vols,5668,463,667,135,84
637,882,1136,Shamela0023578,510,779,1000,152,75
637,247,562,Shia001140Vols,530,951,1247,205,80
637,9,156,PV2024060601,605,1249,1399,114,94
637,156,535,PV2024060601,606,0,626,280,56
638,838,1498,Shia001544Vols,827,407,896,193,29
638,227,1498,Shia001432Vols,21958,72,1253,651,55
638,838,1498,Shia001432Vols,21998,872,1231,218,38
638,843,1367,Shia000233,239,1105,1499,104,22
639,690,1203,JK007074,309,15,531,140,23
639,0,761,Shia001432Vols,21958,1253,1566,227,35
639,761,1199,Shia001432Vols,21959,0,488,180,34
640,159,428,Shia001544Vols,828,525,816,199,81
640,159,411,Shia000298Vols,229,896,1090,143,69
640,146,358,Masaha000001Vols,599,787,983,155,89
640,555,990,JK000001,2977,1215,1498,187,47
640,159,342,Shia000218Vols,257,457,641,149,99
640,150,295,Shia000234Vols,512,1485,1643,118,89
640,295,406,Shia000234Vols,513,0,120,79,83
640,159,428,Shia001432Vols,22000,219,503,193,79
640,146,358,Shia001432Vols,22017,191,389,152,87
640,555,990,ShamAY0035035,9009,8,301,186,47
640,146,358,Shia001122Vols,605,311,510,155,91
640,146,358,Shia001615Vols,2111,75,280,154,89
640,159,342,Shia002389Vols,1541,364,548,149,99
640,159,342,Shia002389Vols,2248,695,880,148,97
640,150,342,Shia001174Vols,285,1010,1213,153,92
640,146,378,Shia001174Vols,2766,352,585,163,85
640,204,342,Tafsir04056,23,0,135,111,97
640,159,378,Shia000233,240,409,622,150,83
640,146,358,PV2024060601,605,311,510,155,91
641,246,390,Rafed001344,180,878,1026,107,85
641,246,390,JK000001,2964,1121,1269,106,84
641,64,469,Shia001432Vols,21964,323,940,109,15
642,819,1465,Shia001432Vols,21962,79,931,448,64
642,1164,1465,Shia001432Vols,21976,312,628,227,84
642,1164,1465,Shia001615Vols,3510,182,499,227,85
642,1164,1465,Shia001217Vols,30,526,851,228,84
642,1019,1465,Shia000233,234,808,1078,99,21
642,1164,1465,Shia001140Vols,531,948,1254,221,85
643,488,836,JK006478,1061,685,922,151,55
643,1238,1424,JK006478,1061,1031,1237,129,79
643,80,313,Sham19Y0017878,167,1145,1378,126,57
643,80,313,JK000001,2961,524,740,134,63
643,414,755,JK000001,2974,911,1498,209,41
643,759,1420,JK000001,2975,16,701,511,91
643,488,1290,ShamAY0035035,9003,550,1538,578,69
643,488,1270,Kraken220413030759,1456,797,1520,523,78
643,437,730,Kraken220413202218,1081,1074,1488,169,45
643,735,1420,Kraken220413202218,1082,0,759,522,84
643,939,1290,Shia000233,230,837,1352,242,56
644,94,318,Shia001115Vols,371,141,393,175,88
644,605,772,JK000001,2975,1005,1194,127,83
644,94,318,Shia001432Vols,23824,767,1039,171,80
644,605,772,ShamAY0035035,9004,550,872,128,49
646,369,738,JK000001,2880,1168,1574,216,61
646,489,1365,JK000001,2881,0,480,186,22
646,505,1369,ShamAY0035035,8754,0,963,262,25
646,461,1065,Shia001174Vols,3686,102,406,134,26
646,461,1378,Kraken220413202218,1041,60,554,172,20
647,625,838,Shamela0098087,290,1101,1323,146,80
647,486,1230,JK006478,1356,345,862,200,27
647,51,980,JK000001,2881,640,1534,466,52
647,1080,1636,JK000001,2882,457,862,226,51
647,409,980,ShamAY0035035,8755,5,630,293,47
647,1080,1551,ShamAY0035035,8756,266,640,203,52
647,51,980,Kraken220413202218,1041,659,1566,441,49
647,1080,1636,Kraken220413202218,1042,388,789,218,48
648,5,1135,JK000001,2882,879,1502,342,34
648,1135,1267,JK000001,2883,0,132,105,97
648,138,1295,ShamAY0035035,8756,748,1532,418,40
649,1272,1458,Shamela0098087,291,518,691,112,72
649,1260,1454,JK000001,2883,371,764,129,41
650,813,985,Sham19Y0017817,443,337,561,126,68
650,717,1009,Kraken220414225526,214,221,942,195,32
650,737,985,Kraken220413030933,31,320,959,173,32
650,813,997,Kraken220204081839,159,310,533,136,73
650,713,990,JK000001,713,89,805,191,32
650,5,604,JK000001,2884,693,1322,462,90
650,813,990,Shia001417,254,965,1178,132,76
650,990,1464,Shia001432Vols,21831,995,1497,351,87
650,721,1009,Shia001432Vols,21833,697,1492,202,31
650,813,985,ShamAY0035035,3496,895,1105,125,72
650,729,990,ShamAY0035035,8759,0,785,195,30
650,5,591,ShamAY0035035,8760,598,1373,452,71
650,813,1009,Shia001401,10,906,1143,137,70
650,713,923,JK009298,82,908,1582,151,26
650,713,990,JK009298,753,331,1105,199,31
650,737,985,ShamAY0036182,246,0,636,174,32
650,713,876,Shamela0021715,1897,693,1103,117,34
650,990,1418,Shia002389Vols,1779,814,1267,330,90
650,990,1380,Shia001266,55,1098,1500,291,87
650,1380,1578,Shia001266,56,0,198,161,98
650,717,985,Kraken220413202218,247,32,732,192,33
650,1082,1418,Shia002382Vols,1172,0,358,255,88
650,990,1301,Masaha000554Vols,3408,657,891,177,68
652,194,358,JK000001,2833,7,180,113,78
654,180,1188,JK000001,2834,356,1575,434,35
654,1188,1625,JK000001,2835,0,665,203,33
654,201,623,ShamAY0035035,8672,1011,1545,226,47
654,1101,1379,ShamAY0035035,8673,1255,1508,161,66
654,1354,1625,ShamAY0035035,8674,34,442,140,40
654,180,623,Kraken220413202218,1013,626,1101,230,52
654,1135,1625,Kraken220413202218,1014,0,756,243,36
655,0,1044,JK000001,2835,665,1406,494,54
655,0,1044,ShamAY0035035,8674,442,1345,493,47
655,0,1211,Kraken220413202218,1014,756,1463,476,46
655,383,1211,Shia000233,267,694,1203,328,46
656,33,615,JK000001,2837,635,1470,333,46
656,1188,1633,JK000001,2839,436,814,231,61
656,132,520,ShamAY0035035,8677,700,1178,215,50
656,25,651,Kraken220413202218,1016,355,1257,343,42
659,624,1443,JK000001,2840,252,1396,261,22
659,609,1193,ShamAY0035035,8680,668,1273,158,24
659,609,1126,Kraken220413202218,1018,720,1147,116,19
660,0,703,JK000001,2841,34,876,374,47
660,209,453,ShamAY0035035,8681,1187,1416,148,67
660,0,571,Kraken220413202218,1019,348,1169,298,40
661,1203,1318,Hindawi075153030,73,378,493,92,100
661,1203,1318,Shamela0009918,694,719,900,92,63
661,980,1328,JK000001,2851,247,945,199,31
661,1188,1318,Sham19Y0038171,2228,1175,1305,99,91
661,1203,1318,ShamAY0033896,6,315,430,92,100
662,268,735,JK000001,2852,147,793,271,45
663,538,649,AOCP20250220763Vols,1660,1057,1168,86,100
664,1551,1716,JK000001,2827,767,940,137,95
664,1551,1716,ShamAY0035035,8656,171,428,133,62
664,1551,1716,Kraken220413202218,1008,1133,1305,136,95
665,259,834,Hindawi086253537,149,1257,1574,128,25
665,641,794,JK000022,110,1081,1243,121,91
665,913,1064,JK000166,9000,777,947,108,80
665,641,794,Sham19Y0132973,839,468,658,122,80
665,1070,1411,Shia000275Vols,918,511,841,233,82
665,607,799,Shia002185Vols,2094,1071,1275,130,77
665,1024,1515,JK006478,1353,0,406,125,23
665,641,839,AOCP20251104144,117,1074,1670,140,29
665,1086,1411,Shia001171,374,7,331,249,93
665,647,794,Shamela0008246,13,620,801,115,79
665,641,1064,JK000001,2829,527,1024,262,59
665,1070,1411,Shia003749,334,1011,1375,255,84
665,1070,1411,Shia001417,38,726,1074,260,92
665,1086,1411,Shia001432Vols,4193,441,770,255,96
665,1070,1411,Shia001432Vols,4219,615,921,166,54
665,1086,1411,Shia001432Vols,21823,684,1011,254,96
665,1086,1411,Shia001432Vols,27119,333,662,254,95
665,1070,1411,Shia001432Vols,27143,844,1162,168,53
665,875,1064,ShamAY0035035,8662,720,914,137,85
665,669,799,ShamAY0035035,8662,67,194,100,94
665,1086,1411,Shia001134,310,1101,1427,252,95
665,641,794,Shamela0095735,728,8,196,120,79
665,899,1064,Shia004039,151,570,745,132,94
665,669,794,Shamela0012031,143,15,139,98,97
665,913,1079,JK009268,571,142,334,110,71
665,641,794,Sham19Y0023644,1104,274,465,121,79
665,1070,1411,Shia001391,112,852,1156,161,53
665,1070,1315,Shia001615Vols,432,1120,1383,185,84
665,1086,1411,Shia001217Vols,1778,1013,1336,249,93
665,641,1515,Kraken220413202218,1010,321,764,283,39
665,470,895,ShamIbadiyya0000109,7511,4,945,283,38
665,899,1064,Sham19Y0038171,2225,465,634,127,90
665,913,1064,Sham19Y0020891,4071,741,905,106,80
666,0,332,Sham19Y0014592,874,316,695,225,71
666,0,336,JK006478,1353,406,761,213,75
666,55,514,Shamela0010463,790,0,671,216,38
666,1044,1172,JK011712,688,17,147,96,89
666,886,1040,JK000001,1859,754,947,104,68
666,0,332,JK000001,2830,763,1089,251,95
666,1044,1366,JK000001,2886,991,1344,245,85
666,507,873,Shia003749,241,0,432,280,82
666,456,873,Shia001417,20,21,493,312,83
666,469,585,Shia000126Vols,1883,1439,1577,81,75
666,585,873,Shia000126Vols,1884,0,317,225,90
666,456,653,Shia001432Vols,3888,1291,1550,135,67
666,653,873,Shia001432Vols,3889,0,250,173,88
666,0,332,ShamAY0035035,8664,506,942,250,72
666,1044,1366,ShamAY0035035,8763,598,996,232,72
666,0,332,Shamela0095735,741,651,1010,225,77
666,0,464,JK009298,744,279,664,129,30
666,456,873,Shia002389Vols,2143,789,1306,308,76
666,0,332,Kraken220413202218,1010,764,1070,226,84
666,0,332,ShamIbadiyya0000109,7512,133,455,249,95
666,9,332,Tafsir03029,30,477,740,192,74
666,456,873,Shia001140Vols,57,581,1080,307,78
667,1116,1388,Shia003752Vols,510,688,956,212,94
667,1116,1388,Shia003752Vols,628,439,706,210,93
667,725,1625,Shia001111,203,310,1567,704,68
667,831,1625,Shia001432Vols,29223,0,1130,612,65
667,294,429,Shia001432Vols,30716,327,700,103,34
667,294,429,Shia000741,100,308,682,104,34
667,725,1026,Zaydiyya0000236,111,1388,1687,243,96
667,1033,1625,Zaydiyya0000236,112,200,900,457,79
667,40,260,Shia000233,271,259,477,177,98
667,40,260,Shia002397Vols,248,1181,1385,166,91
668,66,512,Shia004092Vols,10151,1161,1485,267,72
668,66,537,Rafed0002654Vols,9956,1002,1352,285,73
668,31,537,Shia001111,204,0,492,298,58
668,646,849,Shia001111,205,80,350,161,75
668,854,1514,Shia001432Vols,21831,136,824,504,91
668,5,515,Shia001432Vols,29223,1200,1700,309,59
668,393,849,Shia001432Vols,29224,1281,1493,157,44
668,854,1380,Shia001266,54,987,1543,406,90
668,0,537,Zaydiyya0000236,112,969,1499,331,61
668,646,849,Zaydiyya0000236,113,937,1207,161,75
668,861,1275,Shia000233,263,1457,1589,101,31
669,304,898,Kraken220414225526,214,905,1614,362,59
669,322,611,JK000001,2884,1283,1609,202,72
669,619,1020,JK000001,2885,4,412,312,88
669,0,182,Shia001432Vols,21831,824,1014,137,90
669,451,1020,ShamAY0035035,8761,23,649,414,75
669,0,198,Shia001266,55,133,354,144,81
670,46,628,Shamela0098087,284,1019,1567,278,48
670,635,1734,Shamela0098087,285,119,972,442,42
670,659,1386,Tafsir04040,1965,660,1085,229,35
670,46,538,JK000001,2852,825,1445,349,64
670,659,1228,JK000001,2853,1114,1490,293,61
670,1194,1677,JK000001,2854,409,847,241,56
670,46,390,ShamAY0035035,8699,574,1152,231,48
670,1194,1677,ShamAY0035035,8701,1088,1574,235,51
670,659,1239,ShamAY0035035,8701,54,383,208,42
670,46,538,Kraken220413202218,1024,274,873,332,63
670,659,1228,Kraken220413202218,1025,68,474,286,57
670,1194,1677,Kraken220413202218,1025,971,1409,241,56
671,15,414,JK000001,2854,1300,1679,249,68
671,365,821,JK000001,2855,6,723,242,39
671,15,821,ShamAY0035035,8702,387,1686,458,41
671,15,1091,Kraken220413202218,1026,173,1482,555,46
672,8,1007,Shamela0098087,286,60,761,295,30
672,8,552,Tafsir04040,565,204,798,325,59
672,561,873,Tafsir04040,565,1222,1581,167,51
672,8,552,Tafsir04040,1907,745,1357,302,51
672,561,873,JK000001,2856,1074,1421,165,51
672,57,561,JK000001,2856,0,524,282,58
672,1051,1173,JK000001,2859,496,619,98,99
672,8,389,ShamAY0035035,8703,1216,1712,222,49
672,561,873,ShamAY0035035,8704,787,1134,166,52
672,8,873,Kraken220413202218,1027,94,813,358,43
672,1051,1173,Kraken220413202218,1029,348,460,88,90
673,192,352,Shamela0010273,759,327,487,131,100
673,184,352,Shamela0010273,2255,651,826,136,95
673,756,1623,JK000061,99,0,886,501,56
673,87,352,Tafsir04040,1908,1269,1520,183,82
673,87,352,JK000001,2859,773,1024,185,82
673,752,1528,JK000001,2860,869,1684,431,52
673,192,352,Sham19Y0020762,1699,1044,1210,128,94
673,192,352,Hindawi092731807,119,315,528,128,73
673,752,1623,ShamAY0035035,8713,403,1374,455,45
673,192,356,JK009268,85,619,782,123,93
673,749,1623,Kraken220413202218,1030,667,1430,429,48
673,184,352,Shia000233,273,370,545,129,91
673,192,352,Shia003636Vols,9766,746,906,130,99
673,192,352,Shia003636Vols,14106,60,378,126,48
674,0,535,JK000061,99,886,1695,324,45
674,229,601,JK000001,2861,1234,1571,229,70
674,0,236,JK000001,2861,99,472,148,48
674,187,601,ShamAY0035035,8716,12,456,230,54
675,450,1107,JK000061,101,797,1225,323,59
675,450,1107,JK000001,2863,355,823,341,61
675,656,912,JK000001,2864,402,667,177,86
675,656,894,ShamAY0035035,8719,410,661,155,79
675,656,912,Kraken220413030759,1810,223,500,178,82
675,656,869,Kraken220413202218,1031,494,675,105,55
676,119,857,JK000061,102,416,997,334,52
676,523,1398,JK000001,2865,0,1099,486,51
676,49,1398,ShamAY0035035,8720,0,1192,538,41
676,729,1231,Kraken220413202218,1031,880,1592,270,42
677,216,1170,JK000061,103,187,818,372,44
677,316,1058,JK000001,2866,24,717,432,64
677,692,1054,ShamAY0035035,8721,465,1130,219,39
678,827,1017,Shia001173,38,526,1179,154,28
678,494,777,Shia001136,64,579,917,197,72
678,737,1086,Shia001136,65,489,865,261,83
678,1090,1540,Shia001136,70,868,1333,350,94
678,737,938,Rafed0000040Vols,419,172,383,160,94
678,1090,1236,Tafsir04040,885,1415,1571,104,78
678,1236,1540,Tafsir04040,886,0,303,230,90
678,737,1102,Masaha000001Vols,79,863,1246,283,90
678,494,777,Masaha000001Vols,80,601,910,196,78
678,740,1086,Shia001432Vols,882,1163,1540,183,53
678,737,1086,Shia001432Vols,883,26,395,275,90
678,494,726,Shia001432Vols,891,923,1155,178,94
678,1090,1540,Shia001432Vols,892,333,800,351,94
678,514,665,Shia001432Vols,18018,1024,1175,119,100
678,514,665,Shia001432Vols,18030,302,453,119,100
678,514,665,Shia001432Vols,18119,530,681,119,100
678,1102,1327,Shia004039,93,1292,1514,153,85
678,1327,1540,Shia004039,94,0,185,145,84
678,737,1021,Shia001186,236,1188,1487,228,94
678,893,1086,Shia001186,237,554,749,109,65
678,737,1086,Shia001186,238,212,781,268,57
678,494,748,Shia001186,240,1314,1577,187,88
678,737,1102,Shia001122Vols,81,163,546,283,90
678,540,777,Shia001122Vols,82,0,258,162,77
678,494,726,Rafed0003799Vols,847,815,1059,180,91
678,470,665,Shia001615Vols,444,1092,1269,132,85
678,1090,1540,Shia002389Vols,935,469,928,343,92
678,737,1035,Shia001174Vols,894,1296,1599,234,93
678,822,1030,Shia001174Vols,897,242,1157,160,21
678,494,748,Shia001174Vols,901,1224,1487,184,84
678,494,726,Shia001418Vols,49,1074,1303,178,96
678,1090,1545,Tafsir04056,3083,201,630,322,87
678,740,1144,Rafed0001121,547,801,1245,203,51
678,494,726,Shia001542Vols,210,1203,1436,180,95
678,737,931,Shia001542Vols,214,419,642,145,79
678,848,1086,Shia001542Vols,214,1109,1386,158,69
678,1206,1512,Shia001542Vols,230,376,682,242,99
678,1099,1540,Shia002382Vols,686,780,1193,310,88
678,494,726,EShia0071807,730,1233,1465,177,94
678,737,1090,EShia0071807,744,1192,1558,273,91
678,1132,1540,EShia0071807,781,0,408,324,99
678,740,1086,Shia003704,575,76,353,210,74
678,1090,1559,Shia002397Vols,239,20,471,333,87
678,737,1102,PV2024060601,81,163,546,283,90
678,540,777,PV2024060601,82,0,258,162,77
679,121,324,Shamela0010273,1347,1060,1264,148,91
679,158,324,Shamela0010273,1917,0,166,130,100
679,0,138,Shia004695Vols,2398,133,287,98,78
679,138,341,Rafed0003537Vols,7,54,251,153,96
679,121,390,Rafed0003537Vols,281,532,872,197,72
679,0,129,Shia001136,65,310,439,103,99
679,0,129,Rafed0000040Vols,414,1487,1614,101,96
679,146,347,Kraken220228162439,56,717,927,149,87
679,0,129,Tafsir04040,885,1145,1279,100,92
679,134,397,JK009323,18,1086,1345,189,91
679,0,138,Zaydiyya0000270,74,432,572,105,91
679,0,129,Masaha000001Vols,80,331,464,103,96
679,146,353,Zaydiyya0000189,30,8,214,158,94
679,0,121,Zaydiyya0000454,87,486,611,94,94
679,653,1136,JK000001,2868,426,826,242,61
679,0,129,Shia001432Vols,892,140,269,103,99
679,0,129,Shia001432Vols,13658,503,634,103,97
679,121,502,Shia001432Vols,20910,263,644,272,88
679,148,397,Shia001432Vols,30715,632,881,189,96
679,402,502,Shia001432Vols,30716,1292,1387,71,93
679,653,1136,ShamAY0035035,8724,432,887,234,51
679,146,353,Shia004006BK1,9,320,538,161,94
679,11,129,Shia001186,241,185,400,89,52
679,0,129,Shia001122Vols,81,1143,1276,103,96
679,148,244,Rafed0003799Vols,549,1073,1169,75,100
679,148,353,Rafed0003799Vols,566,1091,1318,161,90
679,148,324,Hindawi081316951,99,601,777,137,99
679,148,390,Shia001615Vols,2103,967,1220,189,94
679,121,252,Shia001615Vols,3546,1413,1544,90,85
679,252,395,Shia001615Vols,3547,0,154,110,90
679,138,353,Shia001174Vols,5482,769,989,165,93
679,148,397,Shia000741,99,607,856,189,96
679,402,502,Shia000741,100,1276,1371,71,93
679,190,353,Rafed0000862,166,51,216,107,80
679,653,984,Kraken220413202218,1033,461,755,201,74
679,148,397,Zaydiyya0000236,256,109,358,189,96
679,402,502,Zaydiyya0000236,257,775,870,71,93
679,0,129,Shia001542Vols,214,240,369,103,99
679,202,353,EShia0071807,587,1212,1372,118,94
679,0,129,EShia0071807,741,1519,1648,103,99
679,190,397,Masaha000554Vols,5304,1075,1284,158,95
679,170,397,Shia000784,99,0,227,172,95
679,402,502,Shia000784,100,670,765,71,93
679,202,390,Shia002397Vols,59,783,984,143,91
679,134,390,Shia002397Vols,376,804,1064,160,76
679,0,129,PV2024060601,81,1143,1276,103,96
680,206,457,JK000001,2871,323,544,152,73
680,719,1103,JK000001,2874,1325,1601,200,64
680,807,1373,ShamAY0035035,8738,6,823,258,33
681,1054,1435,JK000001,2876,561,1086,230,51
681,1054,1435,Kraken220413202218,1036,877,1365,205,46
682,894,1584,JK000001,2878,0,659,508,88
682,574,1399,Shia001432Vols,20907,911,1666,485,62
682,823,1237,ShamAY0035035,8743,539,1227,304,53
682,1221,1584,ShamAY0035035,8744,182,907,240,39
682,830,1584,Kraken220413202218,1038,189,878,515,80
683,0,904,JK000001,2878,659,1636,704,86
683,0,915,Shia001432Vols,20908,170,1160,715,87
683,0,634,ShamAY0035035,8744,907,1608,477,80
683,634,915,ShamAY0035035,8745,0,283,215,91
683,0,634,Kraken220413202218,1038,878,1614,464,74
683,673,915,Kraken220413202218,1039,5,252,196,95
684,126,821,JK000001,2895,322,1014,175,19
684,855,1515,JK000001,2896,312,1336,299,32
684,202,821,ShamAY0035035,8783,494,707,127,25
685,0,279,JK000001,2896,1336,1499,76,27
685,279,515,JK000001,2897,0,209,138,72
685,961,1330,JK000001,2900,976,1407,116,27
685,0,515,ShamAY0035035,8787,742,1311,226,42
685,211,504,JK009298,733,847,1097,175,72
686,1257,1566,JK000001,2906,169,468,182,65
686,390,785,JK000001,2907,646,1043,221,58
686,204,382,ShamAY0035035,8810,744,946,136,84
686,1257,1569,ShamAY0035035,8812,428,769,172,53
686,422,762,ShamAY0035035,8815,22,523,208,48
686,390,725,Shia000233,271,705,1108,175,45
687,1191,1554,Sham19Y0038155,490,809,1382,189,37
687,1107,1559,Sham19Y0132973,825,137,578,322,88
687,1300,1484,Kraken220208041038,327,0,188,145,96
687,1191,1328,ShamAY0034320,37,261,399,110,99
687,0,401,JK000001,2906,465,867,292,88
687,1164,1559,JK000001,2910,437,849,303,90
687,0,401,ShamAY0035035,8812,769,1180,292,87
687,1164,1559,ShamAY0035035,8823,751,1260,299,73
687,1155,1328,Shamela0095735,302,347,505,115,81
687,1191,1328,Shamela0095735,597,1325,1463,110,99
687,1186,1534,Shamela0095735,707,756,1102,269,96
687,1191,1332,Shamela0095735,730,1200,1342,111,97
687,0,401,JK009298,752,920,1297,267,78
687,1186,1496,JK009298,758,1328,1636,237,94
688,895,1010,Hindawi075153030,73,378,493,92,100
688,26,261,Sham19Y0038155,490,1161,1499,129,47
688,785,1056,JK005021,506,617,785,62,22
688,748,1056,Shamela0006739,1404,1236,1368,70,30
688,895,1010,Shamela0009918,694,719,900,92,63
688,598,737,JK000001,2888,1354,1515,108,83
688,0,331,JK000001,2910,849,1233,209,60
688,598,990,ShamAY0035035,8767,213,1108,209,26
688,1129,1427,ShamAY0035035,8772,53,394,154,49
688,0,382,ShamAY0035035,8823,1260,1386,101,32
688,598,990,Shia004456Vols,3095,318,715,224,67
688,0,331,JK009298,759,93,475,209,61
688,471,937,ShamIbadiyya0000109,7510,819,1314,215,47
688,895,1010,ShamAY0033896,6,315,430,92,100
688,748,1056,JK005022,43,733,865,70,30
689,433,929,Shia001544Vols,483,137,920,180,22
689,0,767,JK000001,2890,823,1518,317,40
689,809,1452,JK000001,2891,1058,1527,155,24
689,0,487,ShamAY0035035,8772,789,1248,207,42
689,95,1024,Shia004456Vols,3096,9,525,259,33
689,328,487,Shia004704,137,1238,1381,86,68
689,0,199,Rafed0003591Vols,197,1247,1439,123,77
689,68,728,Kraken220413202218,1044,1246,1583,132,21
690,1264,1494,Shia001115Vols,244,924,1165,179,92
690,945,1264,Shia001115Vols,244,43,358,230,84
690,945,1269,Shia001544Vols,282,287,607,234,85
690,666,1494,Masaha000001Vols,634,749,1340,187,25
690,945,1577,Masaha000001Vols,635,353,1177,461,67
690,383,655,JK000001,2893,713,981,218,94
690,945,1269,Shia000234Vols,6953,186,517,236,84
690,1264,1494,Shia001432Vols,1959,909,1142,180,96
690,977,1294,Shia001432Vols,8844,710,1251,134,27
690,945,1269,Shia001432Vols,21672,1063,1384,236,85
690,1264,1494,Shia001432Vols,21673,630,872,176,88
690,1264,1494,Shia001432Vols,23401,487,946,173,45
690,383,655,ShamAY0035035,8777,610,886,216,90
690,958,1269,Shia001148,335,207,518,230,87
690,1205,1577,Shia004028,117,385,786,245,71
690,666,1269,Shia004028,118,304,1330,348,39
690,666,1494,Shia001122Vols,641,502,1092,187,25
690,945,1577,Shia001122Vols,642,104,929,461,67
690,1220,1494,Shia001615Vols,428,906,1172,190,83
690,945,1494,Shia001383,92,457,1059,401,79
690,945,1192,Shia001174Vols,2869,1362,1614,172,79
690,1223,1494,Shia001174Vols,2870,934,1182,187,85
690,1403,1577,Shia001174Vols,2871,291,783,89,20
690,881,1494,Shia001217Vols,4517,885,1365,146,23
690,1264,1577,Shia001217Vols,4518,276,676,226,68
690,945,1269,Shia001217Vols,4524,41,366,234,83
690,891,1269,Shia000233,1000,911,1312,255,72
690,1264,1577,EShia0071807,1574,77,615,183,40
690,666,1494,PV2024060601,641,502,1092,187,25
690,945,1577,PV2024060601,642,104,929,461,67
691,309,511,Shia000178,4,1125,1334,144,85
691,323,511,Shia001115Vols,243,693,884,137,90
691,0,309,Shia001115Vols,244,519,826,242,95
691,521,705,Shia001115Vols,245,479,661,140,97
691,516,695,Masaha004673,7,1241,1420,130,87
691,323,511,Masaha004673,8,31,219,145,97
691,521,705,Shia001237Vols,3011,780,966,129,82
691,769,972,Shia001237Vols,3018,1031,1307,145,63
691,769,921,Masaha000001Vols,634,1189,1340,117,93
691,0,309,Masaha000001Vols,635,1177,1491,247,97
691,323,705,Masaha000001Vols,636,435,889,290,81
691,769,921,Shia001432Vols,1959,624,774,118,95
691,769,1075,Shia001432Vols,21671,6,604,227,45
691,0,309,Shia001432Vols,21674,1000,1314,247,97
691,323,511,Shia001432Vols,21676,132,328,147,95
691,521,705,Shia001432Vols,21676,1060,1242,142,98
691,1080,1193,Shia001432Vols,21678,339,566,80,44
691,769,940,Shia001432Vols,23400,70,221,105,76
691,776,921,Shia001432Vols,23401,813,946,107,91
691,0,498,Shia004028,117,786,1488,383,67
691,1080,1279,Shia004028,119,183,443,103,50
691,769,1075,Shia001122Vols,641,943,1350,226,65
691,0,309,Shia001122Vols,642,929,1243,247,97
691,323,705,Shia001122Vols,643,232,687,290,81
691,1080,1193,Shia001122Vols,643,1176,1392,80,46
691,0,314,Shia001383,74,633,951,245,95
691,779,1157,Shia001383,92,836,1172,113,31
691,323,511,Shia001383,92,64,252,145,97
691,521,705,Shia001383,93,11,193,142,98
691,0,309,Shia002389Vols,2543,715,1030,249,97
691,613,1193,Shia002389Vols,2973,182,396,120,26
691,845,1075,Shia001174Vols,2869,0,585,170,34
691,0,309,Shia001174Vols,2871,783,1097,246,96
691,323,511,Shia001174Vols,2872,1063,1251,145,97
691,521,740,Shia001174Vols,2873,808,1037,156,87
691,1080,1193,Shia001174Vols,2874,677,893,80,46
691,769,921,Shia001217Vols,4517,1211,1365,118,93
691,0,309,Shia001217Vols,4518,676,989,245,96
691,323,717,Shia001217Vols,4528,324,977,296,57
691,774,921,Shia000233,1000,608,752,116,97
691,258,462,Rafed0001826,218,1230,1465,135,72
691,0,314,EShia0071807,1574,615,926,243,94
691,323,516,Masaha000554Vols,6145,498,697,147,93
691,323,429,Shia001140Vols,118,1331,1445,82,92
691,769,1075,PV2024060601,641,943,1350,226,65
691,0,309,PV2024060601,642,929,1243,247,97
691,1080,1193,PV2024060601,643,1176,1392,80,46
691,323,705,PV2024060601,643,232,687,290,81
692,1351,1561,Hindawi059507481,176,56,279,126,66
692,84,603,JK000001,1032,716,1551,326,44
692,1009,1292,JK000001,1035,318,699,151,43
692,1336,1561,JK000001,1036,313,591,138,57
692,220,978,Kraken220413202218,329,0,607,330,46
692,1336,1561,Kraken220413202218,330,585,861,137,57
692,63,356,AOCP20251104134,94,640,880,153,59
692,1160,1551,AOCP20251104134,94,957,1485,177,37
693,1314,1426,Shamela0010912,428,858,970,88,99
693,1318,1421,JK009233,24,346,449,82,100
693,0,724,JK000001,1036,577,1263,348,48
693,830,1426,JK000001,1039,639,1321,306,47
693,5,724,ShamAY0035035,4513,131,941,330,40
693,858,1314,ShamAY0035035,4518,0,354,199,52
693,1318,1465,Shia004704,118,517,655,94,80
693,1322,1426,Sham19Y0132524,1158,887,992,81,97
693,0,435,Kraken220413202218,330,847,1448,286,55
693,830,1426,Kraken220413202218,331,864,1328,255,46
693,349,858,JK001197,120,86,405,145,35
693,1117,1242,AOCP20251104134,95,0,130,90,85
694,9,151,Hindawi059507481,178,1275,1419,103,92
694,13,151,JK000001,1042,1240,1382,103,93
694,1424,1605,JK000001,1044,16,249,140,74
694,261,390,Sham19Y0036110,379,979,1108,94,88
694,13,151,Shamela0010541,7,236,378,103,93
694,13,142,Kraken220413202218,333,158,295,96,90
694,13,151,JK001197,121,370,512,103,93
695,79,577,Sham19Y0014592,2862,638,1002,154,31
695,79,909,JK000001,1083,491,1459,411,43
695,79,674,JK001197,131,1187,1550,236,46
696,1139,1340,Shamela0001438,5745,851,1062,163,92
696,1139,1340,Masaha004580,273,466,667,159,94
696,1139,1340,JK000022,82,354,539,138,81
696,928,1298,JK000022,3676,946,1498,225,51
696,1139,1298,JK000022,3929,1035,1200,116,83
696,1139,1340,Shia001544Vols,1900,760,962,162,95
696,1139,1340,JK010552,713,288,488,153,87
696,1139,1340,JK010552,850,129,313,144,85
696,1139,1340,Shia002972Vols,130,216,418,162,95
696,1139,1340,Shamela0006909,103,772,998,161,85
696,1139,1315,JK009226,105,1390,1550,126,82
696,1139,1340,Zaydiyya0000086,23,359,540,147,88
696,1139,1318,Shamela0010782,7,1361,1542,146,95
696,1139,1340,Shamela0006617,969,571,754,137,81
696,1139,1340,Shia001334,17,303,507,163,96
696,1139,1335,Sham19Y0029676,487,1398,1593,158,94
696,1198,1340,Shia002185Vols,3731,0,142,118,98
696,1139,1340,Shia001156,47,1359,1561,161,94
696,1139,1340,Shia004525,59,1139,1342,163,95
696,1139,1340,Tafsir04040,1791,278,481,161,94
696,1139,1340,Shia001900,39,977,1499,150,34
696,1139,1340,Masaha003296Vols,223,1012,1174,120,71
696,1139,1340,Shamela0012034,57,1147,1330,146,85
696,1139,1340,Zaydiyya0000352,116,1392,1573,151,90
696,1139,1340,Shia001355,233,103,307,157,92
696,1139,1340,JK009391,135,777,969,145,82
696,1147,1340,ShamIbadiyya0000459,50,1256,1471,157,87
696,1139,1340,JK009313,5073,372,560,135,78
696,1139,1340,Shia20200618,220,476,679,163,95
696,1139,1340,JK000001,135,1321,1555,161,82
696,117,948,JK000001,2911,0,1191,623,63
696,940,1426,JK000001,2912,412,928,322,73
696,1139,1340,JK000916,19843,511,696,148,86
696,1139,1340,JK000916,19844,743,942,154,88
696,1139,1340,Shia001432Vols,7625,296,507,162,91
696,1139,1340,Shia001432Vols,24510,29,212,148,86
696,1139,1340,JK000082,171,1390,1573,146,85
696,0,308,ShamAY0035035,8824,1234,1571,239,86
696,308,626,ShamAY0035035,8825,0,748,232,36
696,692,948,ShamAY0035035,8826,1121,1477,194,68
696,1139,1340,ShamAY0035035,8828,848,1078,162,84
696,1139,1340,ShamAY0033599,71,1162,1344,145,85
696,1139,1340,Shamela0095735,199,584,769,138,81
696,1139,1340,Shamela0001585,104,606,824,149,81
696,1139,1340,Rafed0001617Vols,234,827,1030,163,95
696,1139,1340,Sham19Y0127677,3896,934,1145,160,90
696,1139,1340,Shia003444,49,142,350,163,93
696,1139,1340,Rafed0003799Vols,142,404,607,160,94
696,1139,1340,Rafed0003591Vols,11,839,1042,163,95
696,1139,1340,Shamela0009096,4,1052,1260,160,91
696,1139,1340,Shia002165,21,1173,1368,156,91
696,1139,1340,Shamela0026484,568,0,208,163,93
696,1139,1340,Kraken220413202218,11,638,852,160,89
696,0,632,Kraken220413202218,1054,864,1615,479,76
696,1139,1340,LAL2013020401BK1,29,231,436,161,93
696,1198,1340,Rafed0002452,28,0,155,115,87
696,1139,1340,Shia001270Vols,116,459,674,165,92
696,1139,1340,Zaydiyya0000259,5,493,674,151,90
696,1139,1340,Shia001299,135,641,842,164,97
696,1139,1340,Shia003754Vols,32,1213,1416,163,95
696,1139,1340,Shia003754Vols,702,880,1083,163,95
696,1139,1340,Shia001255Vols,711,821,1023,160,94
696,1139,1340,JK008001,3847,567,777,160,91
696,1139,1335,Masaha000554Vols,5765,750,948,157,94
696,1139,1340,Shia004021,39,1311,1515,164,96
696,1143,1340,JK009325,19,499,703,158,91
696,1139,1340,JK009365,317,1071,1274,162,94
696,0,254,JK009365,450,1501,1745,186,86
696,254,546,JK009365,451,0,284,223,90
696,1107,1344,JK009365,504,948,1171,181,91
697,854,1490,Sham19Y0014592,1149,0,649,471,88
697,0,412,JK000001,2883,897,1315,319,93
697,463,1493,JK000001,2913,58,1145,801,91
697,854,1076,Shia001417,53,660,886,156,79
697,160,412,Shia001417,65,0,251,182,84
697,0,412,Shia001432Vols,21833,283,686,303,89
697,0,412,ShamAY0035035,8758,746,1223,306,77
697,420,1453,ShamAY0035035,8831,54,1524,761,63
697,71,412,Shia001401,10,0,349,273,96
697,781,1029,Shia001401,41,1252,1524,195,85
697,1029,1493,Shia001401,42,0,470,330,85
697,897,1493,JK009298,764,0,601,434,87
697,1032,1493,JK000298,97,0,375,275,76
697,420,799,Kraken220413202218,1055,1073,1453,226,65
697,463,768,Shia000233,270,738,1085,209,71
697,854,1490,AOCP20251104119,196,69,746,312,49
697,808,1493,Sham19Y0123665,527,308,1043,478,78
698,0,295,JK000001,2913,1145,1472,217,81
698,338,1128,JK000001,2915,623,1511,546,71
698,1231,1520,JK000001,2916,0,262,196,81
698,0,295,ShamAY0035035,8832,41,421,212,70
698,338,851,ShamAY0035035,8835,421,1280,347,48
698,935,1520,ShamAY0035035,8836,226,817,357,65
698,0,235,Shia001401,42,470,679,136,65
698,462,1128,JK009298,761,480,1129,269,40
698,0,182,JK009298,764,601,808,135,78
698,711,1010,Shia000233,270,1131,1401,140,54
698,0,295,Sham19Y0123665,527,1043,1395,214,73
699,1215,1542,Shia001237Vols,2880,361,690,261,96
699,0,324,JK000001,2916,268,575,239,90
699,1215,1542,Shia001432Vols,21898,73,398,259,96
699,0,283,ShamAY0035035,8836,908,1251,214,75
699,23,200,JK009298,761,1290,1462,113,70
699,1213,1540,Shia001266,27,1071,1401,266,98
699,1288,1542,Shia000233,1027,0,256,208,98
699,913,1028,JK000080,952,1172,1407,82,44
700,0,483,Shia001237Vols,2880,690,1106,324,83
700,0,483,Shia001432Vols,21898,398,862,363,93
700,0,251,Shia001266,27,1401,1646,183,88
700,251,483,Shia001266,28,0,224,179,95
700,0,238,Shia000233,1027,256,464,162,84
701,1498,1662,JK000001,1169,298,660,115,38
702,4,774,Shia002185Vols,2025,329,1397,542,60
702,4,482,JK000001,1169,891,1470,341,72
702,482,1084,JK000001,1170,0,884,436,57
702,4,533,ShamAY0035035,4835,103,984,366,52
702,766,1084,ShamAY0035035,4836,673,1173,226,54
702,1213,1335,Kraken220413202218,373,1406,1522,92,94
702,533,1084,Kraken220413202218,374,834,1330,292,57
702,526,727,AOCP20251104150,78,698,900,146,82
703,1071,1497,ShamIbadiyya0000185,621,810,1143,141,34
703,1071,1497,Shamela0098087,296,788,1207,311,89
703,566,863,JK000081,585,831,1146,189,72
703,1178,1490,Kraken21040813,9,357,877,171,38
703,1189,1497,Kraken21040813,60,7,275,181,70
703,895,1071,Masaha000001Vols,582,274,452,120,81
703,589,738,JK000001,2921,939,1101,117,91
703,1071,1502,JK000001,2922,710,1150,330,93
703,589,738,Shia001417,53,902,1057,105,83
703,895,1071,Shia001432Vols,14566,17,198,121,82
703,937,1071,Shia001432Vols,22257,5,138,105,97
703,895,1087,Shia001432Vols,22719,1264,1463,127,79
703,589,738,Shia001432Vols,25602,1107,1262,107,85
703,589,738,ShamAY0035035,8852,945,1106,115,91
703,333,476,ShamAY0035035,8854,368,527,110,86
703,1071,1497,ShamAY0035035,8854,747,1172,309,88
703,589,738,Shia001401,51,606,760,106,85
703,589,709,JK009298,705,1314,1445,92,88
703,1068,1502,JK009298,706,704,1123,292,81
703,330,480,JK009298,706,514,716,110,68
703,895,1120,Shia001122Vols,587,335,569,123,65
703,1247,1490,JK000298,3595,0,187,140,71
703,346,476,JK009236,126,1093,1224,99,90
703,856,1071,Shia001615Vols,1054,394,846,149,41
703,895,1071,Shia001383,24,558,751,118,76
703,830,1071,Shia001383,232,417,784,141,42
703,895,1120,Shia001217Vols,739,806,1070,121,59
703,1071,1497,Kraken220413202218,1058,868,1271,288,84
703,589,863,ShamIbadiyya0000109,7741,173,648,203,53
703,1090,1515,ShamIbadiyya0000109,7742,241,658,303,88
703,333,476,Sham19Y0038171,2247,168,328,112,87
703,895,1120,PV2024060601,587,335,569,123,65
704,6,141,Masaha004580,298,166,310,96,85
704,6,141,Shia001136,245,941,1097,97,79
704,723,1069,JK000001,2922,1145,1498,268,95
704,527,728,JK000001,2923,105,323,145,86
704,0,141,Shia001432Vols,1247,430,580,101,86
704,0,141,Shia001432Vols,22239,77,239,101,79
704,0,141,Shia001432Vols,25641,1152,1290,108,97
704,728,979,ShamAY0035035,8854,1208,1465,193,94
704,527,728,ShamAY0035035,8855,320,539,145,85
704,0,141,Shia001401,6,1111,1256,104,91
704,0,141,Shia001401,51,893,1054,104,81
704,723,1049,JK009298,706,1123,1462,250,92
704,527,723,JK009298,708,867,1073,113,62
704,0,141,Shia001615Vols,1053,157,307,101,86
704,718,1135,ShamIbadiyya0000109,7741,811,1247,320,91
704,0,150,ShamIbadiyya0000109,7742,69,218,102,84
704,6,141,Shia001542Vols,585,537,693,97,79
705,964,1171,JK005021,462,788,954,90,56
705,984,1171,JK000081,582,466,664,117,61
705,952,1111,JK000001,2919,1397,1569,125,88
705,968,1171,JK000001,2920,0,136,97,58
705,1171,1508,JK000001,2920,661,958,228,80
705,1293,1508,Shia001432Vols,32223,584,793,169,94
705,1035,1171,ShamAY0035035,8849,0,159,111,85
705,1178,1506,ShamAY0035035,8849,963,1530,215,42
705,928,1508,Shia001401,50,772,1267,345,70
705,257,479,Shia001401,57,725,916,102,56
705,1293,1508,JK009298,702,1100,1307,163,90
705,952,1233,JK009236,126,809,1061,161,63
705,908,1508,ShamIbadiyya0000109,7740,24,804,404,59
705,1293,1508,Sham19Y0038171,2244,5,207,162,91
706,701,972,Shia001544Vols,701,579,843,123,40
706,509,834,Shia001544Vols,964,1119,1452,123,32
706,732,834,Shia001237Vols,443,108,204,69,89
706,690,834,Masaha000001Vols,580,21,172,104,88
706,1137,1285,Masaha000001Vols,581,220,367,111,90
706,0,330,JK000001,2920,958,1303,262,91
706,537,798,JK000001,2921,168,413,133,60
706,1177,1290,Shia001417,80,0,113,88,97
706,1107,1444,Shia001432Vols,22244,755,1232,141,34
706,344,834,Shia001432Vols,22251,1001,1339,161,38
706,690,1424,Shia001432Vols,22257,723,1327,197,24
706,1137,1290,Shia001432Vols,22715,1500,1653,112,89
706,1290,1429,Shia001432Vols,22716,1164,1302,105,95
706,966,1093,Shia001432Vols,22717,544,662,89,89
706,690,839,Shia001432Vols,22718,1313,1468,104,87
706,850,977,Shia001432Vols,22719,812,948,100,89
706,0,330,Shia001432Vols,32223,793,1137,254,89
706,0,330,ShamAY0035035,8850,3,357,263,90
706,537,798,ShamAY0035035,8851,292,564,133,61
706,0,429,Shia001401,50,1267,1703,283,73
706,552,681,Shia001401,51,12,114,62,61
706,1066,1290,Shia001401,52,1333,1565,138,63
706,834,984,Shia001401,52,12,173,111,83
706,0,184,JK009298,702,1307,1506,137,81
706,184,330,JK009298,703,0,151,119,96
706,1268,1431,Shia001391,15,424,585,108,77
706,714,834,Shia001122Vols,585,5,125,90,100
706,1292,1424,Shia001122Vols,586,924,1057,104,99
706,1137,1285,Shia001122Vols,586,217,365,111,90
706,966,1093,Shia001615Vols,1054,298,416,89,89
706,850,1046,Shia001615Vols,1200,385,589,122,77
706,741,1318,Shia001383,24,0,545,105,15
706,690,855,Shia001383,25,238,415,107,76
706,990,1424,Shia001383,232,362,1004,180,31
706,690,834,Shia001174Vols,2696,144,296,104,90
706,1137,1285,Shia001174Vols,2698,1318,1465,112,94
706,699,839,Shia001418Vols,511,1038,1190,104,90
706,1290,1424,Shia001217Vols,738,1157,1290,104,97
706,690,834,Shia001217Vols,739,421,573,104,90
706,855,972,Shia001217Vols,741,0,117,96,100
706,0,798,ShamIbadiyya0000109,7740,755,1456,385,57
706,12,330,Sham19Y0038171,2244,207,548,252,90
706,1137,1354,Shia004021,303,148,416,128,54
706,1107,1444,Shia000002,162,99,577,146,35
706,714,834,PV2024060601,585,5,125,90,100
706,1137,1285,PV2024060601,586,217,365,111,90
706,1292,1424,PV2024060601,586,924,1057,104,99
707,0,274,Shia001334,213,441,683,184,82
707,4,274,Shia001120,2,367,623,184,82
707,0,274,Shia001136,294,18,265,173,77
707,0,274,Shia002945Vols,238,410,697,212,92
707,4,269,Shia001237Vols,435,785,1011,162,73
707,4,274,Masaha000001Vols,581,507,796,206,88
707,861,1305,JK000001,2919,902,1378,310,78
707,27,274,Shia001130,17,1053,1307,147,60
707,0,274,Shia001417,25,1179,1426,190,86
707,0,274,Shia001432Vols,4208,278,520,183,82
707,8,274,Shia001432Vols,20984,42,259,158,72
707,27,274,Shia001432Vols,22205,774,1030,147,60
707,0,274,Shia001432Vols,22240,132,376,183,81
707,4,274,Shia001432Vols,22258,157,401,179,80
707,0,274,Shia001432Vols,22716,433,719,201,83
707,4,253,Shia001432Vols,25367,1263,1516,156,69
707,8,274,Shia001432Vols,25636,926,1142,157,72
707,861,1297,ShamAY0035035,8848,402,867,305,77
707,0,365,Shia001401,53,16,398,269,84
707,856,1288,JK009298,701,246,707,299,78
707,4,117,Shia001391,14,1379,1482,80,89
707,140,316,Shia001391,15,0,151,101,68
707,0,274,Shia001122Vols,586,503,801,212,89
707,0,274,Shia001383,230,99,402,207,84
707,0,274,Shia001174Vols,2699,846,1145,211,89
707,4,274,Shia001217Vols,740,129,404,205,91
707,8,274,Shia001299,49,165,448,175,69
707,0,274,Shia001542Vols,708,1032,1279,173,77
707,4,279,Shia004021,300,594,870,173,70
707,4,249,Shia000002,162,255,437,141,72
707,0,274,PV2024060601,586,503,801,212,89
708,1048,1490,Shamela0098087,297,570,1047,177,38
708,67,1004,JK000001,2925,74,1244,504,46
708,1069,1498,JK000001,2926,9,568,260,54
708,130,569,ShamAY0035035,8860,607,1376,259,40
708,579,1004,ShamAY0035035,8861,94,790,281,47
708,1069,1216,ShamAY0035035,8862,743,910,111,83
708,1052,1343,Shia001401,54,989,1589,183,37
708,298,739,Shia001401,55,896,1566,281,50
708,67,536,Sham19Y0014249,702,1112,1555,259,65
708,977,1498,Sham19Y0014249,703,3,633,288,52
708,67,1216,Kraken220413202218,1060,213,1524,587,47
709,0,187,JK000001,2926,568,1154,134,27
709,409,647,JK000001,2927,804,1052,190,95
709,652,1008,JK000001,2928,939,1337,267,86
709,1068,1527,JK000001,2933,0,295,181,47
709,1144,1456,Sham19Y0036110,95,151,560,140,36
709,647,1008,Shia001432Vols,25657,282,699,272,83
709,409,633,ShamAY0035035,8865,1233,1472,142,61
709,652,992,ShamAY0035035,8868,22,416,255,83
709,1048,1527,ShamAY0035035,8877,767,1240,203,41
709,825,1008,Shia001401,57,0,184,129,83
709,409,642,Kraken220413030759,1721,460,721,186,89
709,409,652,Sham19Y0013666,297,1099,1363,141,57
709,0,187,Kraken220413202218,1061,461,1016,124,26
709,655,1008,ShamIbadiyya0000109,7737,386,765,263,88
709,409,564,Rafed0003943Vols,711,1109,1244,91,75
709,652,936,JK009365,570,1256,1570,208,85
711,709,1135,JK005021,508,974,1380,92,16
711,701,1135,Shamela0006739,1405,500,625,89,26
711,446,784,JK000001,2933,521,1062,221,48
711,1250,1509,JK000001,2935,99,324,129,55
711,864,1135,ShamAY0035035,8881,583,1184,183,36
711,1250,1509,ShamAY0035035,8884,937,1156,129,55
711,701,873,ShamIbadiyya0000109,6486,749,932,112,79
711,701,1135,Sham19Y0038171,2247,1004,1429,114,22
711,709,1135,JK005022,44,0,120,88,26
716,1155,1550,Shamela0098087,276,474,827,202,58
716,370,554,Masaha000001Vols,582,996,1180,117,76
716,1046,1550,JK000001,2762,834,1500,317,56
716,370,554,Shia001417,55,755,938,115,76
716,370,550,Shia001432Vols,4334,330,505,116,80
716,370,559,Shia001432Vols,22228,783,967,120,80
716,370,597,Shia001432Vols,22255,516,755,127,62
716,1370,1550,ShamAY0035035,8485,671,995,130,49
716,370,554,Shia001122Vols,587,1069,1255,119,78
716,1046,1484,Sham19Y0014249,702,103,609,274,63
716,370,597,Shia001383,10,1059,1307,136,67
716,370,554,Shia001174Vols,2704,1041,1227,119,78
716,370,564,Shia001217Vols,4318,1041,1231,122,78
716,421,569,Shia000002,161,497,815,110,44
716,370,554,PV2024060601,587,1069,1255,119,78
717,299,821,JK000001,2763,502,1062,395,84
717,299,787,ShamAY0035035,8486,762,1530,368,58
717,299,805,Kraken220413202218,998,549,948,291,69
717,252,598,Shia000233,257,343,677,213,71
718,627,1094,JK000022,930,1040,1420,217,54
718,585,1099,Masaha001028,50,521,1116,283,55
718,585,1099,Masaha001028,122,257,852,283,55
718,557,1109,Shia001349Vols,1104,236,757,324,65
718,133,282,MMS00020,110,0,157,99,79
718,1157,1375,Shia000743Vols,228,372,813,156,43
718,609,1141,Masaha002473,247,720,1220,260,53
718,1188,1375,Shia000723Vols,252,4,411,145,44
718,849,1169,Shia004092Vols,4781,0,245,107,39
718,609,1094,Shia004092Vols,7208,1005,1442,240,54
718,553,1188,Sham19Y0014592,349,731,1349,283,47
718,1157,1375,Shia000801Vols,267,709,1140,156,44
718,609,1164,Rafed0002654Vols,4409,104,625,264,52
718,609,1164,Rafed0002654Vols,9985,746,1232,245,47
718,557,1106,Shia001136,269,148,672,306,57
718,287,399,JK000629,491,311,423,87,98
718,609,1164,Shamela0003118,4683,203,688,245,47
718,557,1109,Masaha001072,29,356,882,313,62
718,7,394,Shamela0010283,1143,939,1520,167,28
718,729,1200,Shia001146,350,128,548,165,38
718,282,471,Shia001171,471,151,442,128,56
718,114,322,Shamela0009943,448,1103,1329,111,55
718,1157,1317,Shia001237Vols,2768,354,522,115,80
718,1157,1317,Masaha000001Vols,582,882,1049,116,83
718,729,1385,Masaha000001Vols,583,0,593,357,60
718,557,1106,EShia0086596,205,191,837,280,48
718,557,1164,Shia001344Vols,152,471,983,291,56
718,1157,1375,Shia000806Vols,568,1111,1552,156,43
718,7,322,JK000001,2731,276,1005,188,32
718,282,471,JK000001,2732,660,1155,135,35
718,557,1109,Masaha001842Vols,255,112,689,361,71
718,287,399,Tafsir01005,5832,1308,1438,88,86
718,609,1164,JK000916,16015,50,574,264,50
718,1157,1317,Shia001417,55,658,809,115,91
718,1157,1317,Shia001432Vols,4334,214,383,118,83
718,557,1164,Shia001432Vols,15291,149,730,356,65
718,557,1164,Shia001432Vols,15375,867,1374,284,55
718,718,1176,Shia001432Vols,15556,239,638,160,38
718,557,1117,Shia001432Vols,22225,155,725,430,94
718,1157,1317,Shia001432Vols,22228,679,836,118,89
718,718,1081,Shia001432Vols,22242,1181,1448,129,42
718,1176,1317,Shia001432Vols,22243,1132,1289,104,82
718,557,1109,Shia001432Vols,22247,651,1192,341,67
718,1157,1317,Shia001432Vols,22255,390,569,118,79
718,557,1063,Shia001432Vols,29067,254,806,296,60
718,92,282,ShamAY0035035,8328,1254,1440,108,60
718,609,914,Shia003707Vols,585,1051,1425,208,69
718,557,1109,Shia003707Vols,594,360,911,286,56
718,557,1015,Shia002394Vols,690,682,1014,226,60
718,557,1109,Zaydiyya0000035,52,82,689,287,52
718,605,1192,Kraken220413030759,495,905,1421,266,53
718,1157,1317,Shia001122Vols,587,953,1122,118,83
718,571,1385,Shia001122Vols,588,11,760,474,69
718,561,960,Rafed0003799Vols,140,1104,1511,307,94
718,960,1169,Rafed0003799Vols,141,0,201,132,83
718,557,1117,Shia001615Vols,3662,560,1130,433,96
718,1157,1317,Shia001615Vols,3663,236,392,118,90
718,557,967,Shia000047,55,1014,1428,225,58
718,95,541,AOCP20251104145Vols,746,1167,1616,172,37
718,1157,1317,Shia001383,10,933,1112,116,78
718,557,1106,Shia001383,89,539,1082,402,91
718,557,1015,Shia002389Vols,434,483,815,226,60
718,557,1019,Shia002389Vols,2799,673,987,218,58
718,557,1117,Shia001174Vols,2705,523,1091,428,94
718,897,1385,Shia001174Vols,2706,238,974,138,19
718,287,399,Shamela0001466,3716,988,1117,88,86
718,287,466,Tafsir04056,7126,522,850,129,50
718,1157,1317,Shia001217Vols,4318,937,1094,117,89
718,557,1375,Shia001217Vols,4319,3,560,311,41
718,7,287,Kraken220413202218,984,301,842,166,39
718,282,471,Sham19Y0038171,2191,517,1115,139,30
718,287,466,JK006474,2671,184,489,132,55
718,287,523,Shia003986,37,1338,1573,184,99
718,523,1417,Shia003986,38,0,850,639,89
718,557,1063,Shia001299,109,906,1429,360,83
718,557,911,Shia001542Vols,648,982,1347,265,88
718,557,1117,Shia003704,461,419,943,327,66
718,609,1141,JK009325,42,435,954,265,53
718,1157,1317,Shia000002,161,462,638,106,71
718,609,1106,Shia003702,204,213,646,243,53
718,65,466,AOCP202502141237,79,11,868,172,22
718,557,729,Shia001423Vols,1018,1313,1499,134,89
718,729,1109,Shia001423Vols,1019,0,364,205,57
718,1157,1317,PV2024060601,587,953,1122,118,83
718,571,1385,PV2024060601,588,11,760,474,69
719,459,1514,Shamela0010273,1173,181,1396,707,67
719,515,903,Shamela0001438,4648,946,1305,241,70
719,578,1514,Shamela0001438,6246,0,647,413,51
719,459,1046,JK000022,3738,952,1594,432,79
719,1039,1514,JK000022,3739,22,558,285,60
719,478,744,JK007044,5687,81,328,151,63
719,484,1514,Shia001544Vols,675,0,1072,813,92
719,459,622,Shia001544Vols,1175,657,807,115,81
719,478,1514,Shia001334,538,769,1393,353,41
719,1183,1502,ShamAY0033728,23,128,407,143,50
719,1183,1502,JK000071,316,1171,1444,144,52
719,459,744,JK006478,76,961,1250,194,73
719,478,1387,Shamela0030055,20,967,1498,291,37
719,515,903,JK009390,3088,1088,1448,241,70
719,473,1387,JK009390,5245,815,1456,404,50
719,473,1421,JK009390,7799,801,1474,438,53
719,225,473,Shia001237Vols,2768,7,377,171,57
719,783,1514,Shia001237Vols,2774,21,753,381,55
719,459,1524,Shia001402,39,239,1291,834,95
719,187,452,Masaha000001Vols,583,762,1029,196,92
719,0,1193,Masaha000001Vols,584,222,1498,737,58
719,1193,1514,Masaha000001Vols,585,0,322,255,97
719,1183,1502,ShamAY0034320,20,565,848,146,52
719,459,622,Shia000234Vols,6848,1374,1541,129,91
719,622,1524,Shia000234Vols,6849,0,902,717,97
719,459,1393,Shia001417,233,632,1527,715,94
719,187,452,Shia001432Vols,22036,25,297,178,79
719,187,457,Shia001432Vols,22229,1214,1488,197,91
719,0,187,Shia001432Vols,22231,1233,1420,149,98
719,459,1416,Shia001432Vols,22232,556,1525,764,96
719,567,1514,Shia001432Vols,29177,9,947,456,50
719,946,1502,Shamela0012845,51,93,631,292,57
719,187,417,Shia002394Vols,619,1228,1524,172,73
719,515,903,Sham19Y0127677,2762,285,644,241,70
719,473,1514,Sham19Y0127677,4230,13,767,470,52
719,462,744,JK009268,14,1335,1595,157,62
719,187,452,Shia001391,178,651,921,178,79
719,187,452,Shia001122Vols,588,932,1201,196,91
719,0,971,Shia001122Vols,589,426,1477,575,55
719,971,1514,Shia001122Vols,590,3,548,433,98
719,459,744,Zaydiyya0000015,105,406,695,194,73
719,187,457,Shia001615Vols,3663,451,718,197,93
719,187,452,Shia001383,12,567,856,188,80
719,230,452,Shia002389Vols,394,0,227,168,93
719,187,457,Shia002389Vols,2671,605,878,199,91
719,187,452,Shia001174Vols,2707,971,1234,191,90
719,0,182,Shia001174Vols,2709,1163,1344,147,99
719,459,1393,Shia001174Vols,2710,584,1526,735,95
719,1393,1514,Shia001174Vols,2711,0,122,96,99
719,795,1061,Shia001174Vols,2712,94,899,180,27
719,515,903,JK001297,544,793,1152,236,68
719,0,182,Tafsir04056,6440,605,786,133,83
719,0,250,Tafsir04056,7125,793,1058,160,72
719,187,462,Shia001217Vols,4318,607,879,197,91
719,0,182,Shia001217Vols,4319,1174,1355,147,99
719,459,1514,Shia001217Vols,4320,278,1331,839,97
719,0,182,Rafed0000685Vols,221,753,935,148,100
719,515,903,ShamAY0032826,1043,657,1017,237,69
719,0,182,Shia003986,38,850,1031,147,99
719,473,1429,JK008001,2424,763,1445,439,53
719,515,903,JK008001,6244,122,478,242,70
719,459,940,Shia000376Vols,717,1068,1538,378,93
719,940,1514,Shia000376Vols,718,0,579,453,97
719,551,1502,Shamela0001417,1090,0,1045,576,62
719,187,452,PV2024060601,588,932,1201,196,91
719,0,971,PV2024060601,589,426,1477,575,55
719,971,1514,PV2024060601,590,3,548,433,98
720,0,453,Shamela0098087,276,1328,1516,106,26
720,453,1349,Shamela0098087,277,0,626,302,36
720,0,583,Shamela0010283,1144,322,621,186,38
720,393,583,Shamela0009943,449,675,889,132,78
720,0,1147,JK000001,2764,196,1496,467,33
720,136,393,JK000001,2766,17,230,158,72
720,0,583,ShamAY0035035,8488,618,1254,188,27
720,583,869,ShamAY0035035,8489,348,633,185,73
720,136,393,ShamAY0035035,8491,1050,1263,159,73
720,0,546,Kraken220413202218,998,1253,1512,147,31
720,578,1521,Kraken220413202218,999,374,984,375,47
720,608,1521,Shia000233,258,338,1188,361,43
721,400,629,Zaydiyya0000256,183,935,1166,177,98
721,411,629,Shia001237Vols,2770,134,327,141,79
721,400,591,Masaha000001Vols,583,1188,1379,147,96
721,407,629,Shia001130,22,1189,1412,154,86
721,400,774,Shia001432Vols,22231,237,857,270,54
721,400,629,Shia001432Vols,22252,405,635,159,86
721,400,629,Shia001122Vols,589,9,240,177,98
721,383,629,Shia001383,10,689,912,155,78
721,400,629,Shia002389Vols,3029,9,237,174,96
721,400,683,Shia001174Vols,2708,1144,1457,204,82
721,438,670,Shia002380Vols,809,665,859,130,71
721,400,629,Shia001217Vols,4319,776,1007,177,98
721,438,629,Shia002382Vols,1812,757,948,149,99
721,438,629,Shia002382Vols,2406,442,633,149,99
721,400,629,PV2024060601,589,9,240,177,98
723,958,1316,Sham19Y0014592,1151,529,950,247,69
723,571,922,Shamela0036075,9,301,508,152,52
723,1321,1559,JK000001,2774,777,1023,175,87
723,566,941,JK000001,2799,808,1300,181,40
723,945,1249,JK000001,2810,1087,1499,230,68
723,117,335,Shia001130,17,704,925,170,92
723,0,198,Shia000075Vols,2474,1079,1506,131,35
723,198,340,Shia000075Vols,2475,0,148,112,94
723,117,335,Shia000182VolsBK2,1907,1111,1345,173,90
723,117,286,Shia000317Vols,7913,1164,1333,135,97
723,117,335,Shia001432Vols,32230,806,1031,171,93
723,122,335,Shia001432Vols,32233,0,216,166,92
723,1101,1559,ShamAY0035035,8513,16,533,150,33
723,945,1333,ShamAY0035035,8599,664,1073,279,82
723,958,1311,JK009298,658,594,1024,250,69
723,117,335,Shia001122Vols,2079,795,1014,175,97
723,0,335,Shia000107Vols,3200,90,675,204,41
723,117,335,Shia001217Vols,4673,1165,1400,174,91
723,498,1316,Shia000233,260,185,733,232,31
723,0,305,Shia000233,692,789,1128,198,67
723,117,335,Zaydiyya0000302,1772,819,1043,174,95
723,117,335,Shia000376Vols,729,861,1085,173,94
723,117,335,PV2024060601,2079,795,1014,175,97
723,117,335,PV2024060601,7898,998,1222,174,95
724,0,209,JK000001,2774,1023,1243,160,91
724,0,209,ShamAY0035035,8513,60,289,160,88
724,50,203,JK009298,1062,5,162,117,94
724,0,203,JK009268,692,1022,1243,135,74
725,219,425,JK000001,2773,584,1158,125,27
725,292,425,ShamAY0035035,8511,76,265,84,52
726,1320,1531,JK000001,2779,1043,1253,156,93
726,1320,1534,ShamAY0035035,8531,169,417,151,74
727,1131,1523,Tafsir04040,869,34,457,230,66
727,605,907,Tafsir04040,870,498,851,158,54
727,762,907,Tafsir04040,1364,435,592,79,57
727,1090,1523,JK000001,2419,661,1517,233,29
727,600,907,JK000001,2421,159,500,156,51
727,1090,1319,ShamAY0035035,7693,908,1265,170,59
727,600,907,ShamAY0035035,7695,782,1124,155,51
727,600,907,Kraken220413202218,839,353,669,150,53
727,404,596,Shia000233,210,1224,1431,99,55
728,1028,1587,Shamela0098087,228,1011,1518,330,66
728,221,495,Tafsir04040,871,990,1287,189,73
728,221,456,JK000001,2422,884,1147,176,83
728,513,974,JK000001,2423,477,878,280,70
728,984,1585,JK000001,2436,292,911,386,66
728,221,456,ShamAY0035035,7697,335,670,173,64
728,513,826,ShamAY0035035,7698,879,1172,189,69
728,984,1561,ShamAY0035035,7719,567,1247,358,59
728,179,787,JK000298,1213,175,780,243,37
728,751,974,Sham19Y0014249,7,1419,1615,145,79
728,513,974,Sham19Y0014249,699,685,1064,286,74
728,221,456,Kraken220413202218,840,1128,1379,178,85
728,760,974,Kraken220413202218,841,1273,1460,131,78
728,984,1587,Kraken220413202218,849,994,1620,383,66
728,0,645,ShamIbadiyya0000109,7832,684,1549,192,22
728,488,822,JK001197,307,46,356,204,67
729,1046,1282,Shia000275Vols,912,305,516,157,86
729,1014,1346,Shia002945Vols,608,126,534,233,73
729,1035,1209,Masaha004648Vols,494,776,941,110,77
729,1067,1200,Shia000042,52,607,734,98,95
729,1067,1194,Shia000042,133,282,409,97,100
729,469,621,Masaha000001Vols,609,1234,1434,50,22
729,621,914,Masaha000001Vols,610,0,291,223,96
729,1014,1156,Masaha000001Vols,612,1289,1425,93,83
729,1156,1382,Masaha000001Vols,613,0,277,139,61
729,1014,1382,Shia000806Vols,291,619,1032,238,71
729,590,914,Shia001432Vols,22151,607,984,250,84
729,1014,1282,Shia001432Vols,22158,181,443,190,90
729,1028,1286,Shia001432Vols,25925,744,911,119,59
729,1067,1200,Shia001432Vols,26830,71,205,102,99
729,1035,1209,Shia001432Vols,26924,1142,1308,110,78
729,498,727,Rafed0003257Vols,393,1190,1487,168,73
729,590,914,Shia001122Vols,616,30,354,249,98
729,1014,1382,Shia001122Vols,619,0,418,233,69
729,590,692,Shia002389Vols,1368,1367,1468,76,97
729,1014,1282,Shia002389Vols,1532,552,813,189,90
729,590,950,Shia002389Vols,1605,850,1253,179,44
729,590,842,Shia002389Vols,1935,335,531,146,72
729,469,727,Shia002389Vols,2221,457,759,126,42
729,590,785,Shia002389Vols,2631,507,702,144,96
729,469,950,Shia001174Vols,2802,900,1439,283,58
729,1014,1382,Shia001174Vols,2808,625,1408,233,37
729,469,997,Tafsir04056,4367,662,1437,303,48
729,1014,1382,Shia001217Vols,1871,892,1335,235,66
729,588,727,Shia000233,201,227,362,101,95
729,584,884,Shia002382Vols,1078,1070,1337,190,81
729,590,722,Masaha000554Vols,4625,1071,1203,99,98
729,1076,1200,Masaha001075,54,761,885,95,100
729,590,914,PV2024060601,616,30,354,249,98
729,1014,1382,PV2024060601,619,0,418,233,69
730,109,347,Zaydiyya0000256,284,185,414,155,78
730,0,131,Shia000275Vols,714,641,772,102,99
730,0,131,Shia000405Vols,789,1046,1177,102,99
730,114,347,Masaha000001Vols,611,28,250,149,75
730,0,131,Masaha000001Vols,612,529,660,100,97
730,0,136,Shia000317Vols,3363,785,921,103,97
730,109,347,Shia001432Vols,22154,988,1201,153,82
730,22,131,Shia001432Vols,22157,0,113,85,95
730,109,347,Shia001122Vols,617,141,372,157,79
730,0,131,Shia001122Vols,618,615,746,101,98
730,0,131,Shia001615Vols,1262,773,908,102,96
730,109,302,Shia002389Vols,13,1274,1448,123,80
730,227,347,Shia001174Vols,2805,0,130,92,87
730,0,131,Shia001174Vols,2807,314,445,101,98
730,0,139,Shia001418Vols,518,1077,1219,101,88
730,109,347,Tafsir04056,4367,742,968,154,79
730,109,347,PV2024060601,617,141,372,157,79
730,0,131,PV2024060601,618,615,746,101,98
731,672,896,Zaydiyya0000256,273,887,1174,175,75
731,257,410,Zaydiyya0000256,283,739,914,126,87
731,672,896,Shia001237Vols,38,304,560,165,77
731,672,890,Shia001421Vols,130,1123,1457,160,60
731,672,1088,Masaha000001Vols,609,55,542,251,63
731,262,410,Shia000806Vols,291,1084,1231,116,95
731,672,896,Shia001432Vols,5293,1050,1321,168,78
731,257,410,Shia001432Vols,22144,1180,1350,126,90
731,672,896,Shia001432Vols,22146,705,995,170,73
731,269,410,Shia001432Vols,22162,1328,1471,111,93
731,1095,1490,Shia001432Vols,22171,50,425,278,88
731,672,923,Rafed0003257Vols,393,885,1195,170,69
731,257,410,Shia001122Vols,614,383,553,126,90
731,672,1088,Shia001122Vols,615,61,549,244,55
731,257,410,Shia001383,19,318,488,126,90
731,672,896,Shia002389Vols,1532,231,497,166,78
731,672,896,Shia002389Vols,1757,856,1122,166,78
731,672,896,Shia001174Vols,2800,321,594,171,76
731,1077,1490,Shia001266,6,445,836,293,88
731,257,410,Shia001217Vols,4603,761,936,126,87
731,663,878,Shia002382Vols,1157,103,374,158,73
731,1148,1290,Masaha000554Vols,2653,346,478,96,81
731,257,410,PV2024060601,614,383,553,126,90
731,672,1088,PV2024060601,615,61,549,244,55
732,812,936,Shamela0000558,116,1277,1401,94,94
732,812,936,JK009291,104,517,642,94,93
732,812,936,JK007054,914,291,415,94,94
732,798,936,Shia001153,232,701,843,95,84
732,812,942,Masaha000001Vols,608,848,980,98,93
732,812,936,JK009364,21,1209,1333,94,94
732,812,936,Shia001417,26,338,462,98,100
732,812,936,Shia001432Vols,4218,448,573,98,99
732,812,965,Shia001432Vols,22150,49,282,107,55
732,0,519,Shia001432Vols,22171,425,939,401,95
732,798,936,Shia001432Vols,24630,407,549,95,84
732,812,942,Shia001122Vols,614,797,930,98,93
732,812,936,Shia001615Vols,1655,447,572,98,99
732,812,936,Shia001383,22,166,292,98,98
732,812,942,Shia001174Vols,2798,1097,1225,94,90
732,0,538,Shia001266,6,836,1400,381,82
732,812,936,Shia001217Vols,4381,646,770,98,100
732,812,936,Shia003636Vols,2052,246,371,90,90
732,812,942,PV2024060601,614,797,930,98,93
733,654,1000,Shamela0012884,2866,274,560,202,70
733,229,411,Shia001544Vols,188,1194,1375,128,87
733,229,543,Shia001544Vols,1452,703,1037,147,56
733,654,1000,JK000021,1424,823,1116,205,71
733,654,1000,ShamAY0034809,239,487,780,206,72
733,229,396,Tafsir04042,1755,611,773,123,95
733,630,1000,Shia001111,5,28,400,257,84
733,630,1000,Shia001153,180,310,693,265,84
733,229,396,Shia000806Vols,291,411,584,123,90
733,396,625,JK000001,2426,361,607,155,80
733,229,396,Shia001417,27,289,448,120,94
733,229,396,Shia001432Vols,4210,505,706,119,75
733,229,396,Shia001432Vols,22157,775,948,123,90
733,425,572,Shia001432Vols,22158,0,110,73,63
733,229,396,Shia001432Vols,22170,1048,1236,117,78
733,630,1000,Shia001432Vols,24555,360,744,265,84
733,396,625,ShamAY0035035,7704,277,622,147,53
733,425,640,JK009298,464,388,631,152,80
733,229,396,Shia001122Vols,618,1156,1326,121,88
733,630,857,Shia001122Vols,3727,1308,1543,164,88
733,857,1107,Shia001122Vols,3728,0,249,194,97
733,646,1000,Shia001615Vols,1652,352,698,261,91
733,229,475,Shia001615Vols,1654,141,425,143,61
733,630,1136,Shia002389Vols,1385,639,1157,365,88
733,229,396,Shia002389Vols,2221,1093,1267,123,89
733,285,572,Shia001174Vols,2808,99,308,98,37
733,630,1107,Shia001174Vols,5277,677,1162,362,94
733,769,1057,Shia001174Vols,5278,135,979,209,30
733,241,396,Shia002380Vols,607,48,199,111,89
733,630,951,Tafsir04056,4395,730,1066,239,89
733,425,572,Rafed0001121,243,1011,1120,72,63
733,449,625,ShamIbadiyya0000109,7835,0,223,125,71
733,630,1107,Shia002382Vols,974,824,1278,345,88
733,229,392,Masaha000554Vols,2654,643,789,111,86
733,229,396,Shia003700,103,376,570,119,78
733,229,396,PV2024060601,618,1156,1326,121,88
733,630,857,PV2024060601,3727,1308,1543,164,88
733,857,1107,PV2024060601,3728,0,249,194,97
734,255,585,Shamela0098087,227,1248,1539,174,63
734,255,608,JK000001,2435,72,371,180,63
734,255,608,ShamAY0035035,7717,1225,1545,173,57
734,255,608,Kraken220413202218,848,1015,1377,175,52
735,959,1623,JK010639,24,385,865,255,46
735,988,1522,Sham19Y0122096,2048,1147,1554,210,45
735,628,878,JK000001,2436,138,415,172,77
735,981,1563,JK000001,2437,906,1508,332,60
735,628,878,ShamAY0035035,7719,415,690,168,75
735,981,1275,ShamAY0035035,7720,1334,1643,167,57
735,988,1563,JK000298,2804,79,553,238,46
735,981,1225,Tafsir04056,842,1370,1613,135,55
735,1225,1563,Tafsir04056,843,0,363,204,66
735,628,878,Kraken220413202218,849,850,1115,145,63
735,1054,1596,Kraken220413202218,851,58,562,310,65
735,116,933,JK001197,308,132,1078,271,27
736,238,752,JK000001,2438,108,850,210,32
736,238,576,ShamAY0035035,7721,572,993,126,32
737,491,1110,JK000001,2443,368,998,465,87
737,491,1110,ShamAY0035035,7727,32,710,461,80
737,0,946,Kraken220413202218,853,795,1267,325,41
737,466,919,JK001197,308,1093,1561,315,79
737,919,1110,JK001197,309,0,189,155,98
738,430,860,Tafsir04040,79,1133,1420,146,41
739,593,1645,JK000001,2457,253,1590,650,54
739,1163,1645,ShamAY0035035,7748,779,1478,275,44
739,593,1629,Kraken220413202218,860,20,1322,615,52
740,463,1223,Tafsir04040,314,187,912,455,69
740,1285,1497,JK000001,2456,1068,1390,147,57
740,291,1223,JK000001,2458,379,1276,613,75
740,1285,1497,ShamAY0035035,7747,262,824,146,32
740,291,941,ShamAY0035035,7749,296,987,436,69
740,941,1223,ShamAY0035035,7750,201,483,190,74
740,1285,1575,Kraken220413202218,859,1186,1616,166,47
740,34,189,Kraken220413202218,860,1068,1454,104,32
740,291,1218,Kraken220413202218,861,69,1007,611,71
741,859,1314,Tafsir04040,82,0,915,180,20
741,731,1177,Tafsir04040,725,13,1110,290,31
741,731,963,JK000001,2464,1033,1477,171,47
741,973,1177,JK000001,2465,686,858,134,79
741,731,902,ShamAY0035035,7760,1173,1596,119,35
741,734,963,JK000298,528,1108,1480,165,54
741,973,1214,JK009289,57,1347,1571,148,70
741,823,963,Kraken220413202218,865,37,202,104,74
741,973,1177,Kraken220413202218,865,736,889,114,68
741,765,1177,ShamIbadiyya0000109,7843,357,1013,168,26
742,0,375,Tafsir04040,83,950,1621,249,44
742,375,1352,Tafsir04040,84,0,987,377,35
742,65,835,JK000001,2470,0,1241,446,39
742,128,411,ShamAY0035035,7776,243,1168,185,23
742,480,815,ShamAY0035035,7777,57,473,221,60
742,0,168,Kraken220413202218,867,1045,1261,122,65
742,219,835,Kraken220413202218,868,18,767,362,51
743,881,1227,JK010639,14,1032,1386,240,83
743,881,1546,JK000001,2473,200,933,379,53
743,923,1222,ShamAY0035035,7782,1017,1330,231,89
743,881,1227,Kraken220413202218,870,849,1240,253,79
744,252,1062,Tafsir04040,89,3,553,286,38
744,4,635,JK000001,2473,966,1626,425,70
744,635,1124,JK000001,2474,14,509,345,78
744,630,1124,ShamAY0035035,7784,0,830,343,48
744,4,1124,Kraken220413202218,871,106,1160,690,69
745,0,236,JK000001,2475,212,440,168,86
745,606,1084,JK000001,2476,555,1039,304,73
745,0,236,ShamAY0035035,7787,591,839,160,75
745,663,1084,ShamAY0035035,7789,144,629,279,67
745,0,236,Kraken220413202218,872,723,955,168,85
745,606,1084,Kraken220413202218,873,1047,1502,287,69
746,879,1534,Tafsir04040,86,0,737,264,35
746,54,844,Tafsir04040,1528,311,1505,409,39
746,853,1632,Tafsir04040,1529,34,881,421,54
746,375,715,Tafsir04040,1642,947,1293,168,48
746,54,699,JK000001,2484,429,1550,344,35
746,699,1632,JK000001,2485,0,965,522,58
746,54,572,ShamAY0035035,7809,866,1434,204,38
746,392,1632,ShamAY0035035,7810,75,1509,699,53
746,54,715,Kraken220413202218,881,460,1542,358,37
746,744,1632,Kraken220413202218,882,59,909,454,52
747,703,1111,Tafsir04040,86,1358,1641,157,44
747,1136,1591,Tafsir04040,87,0,320,196,48
747,130,523,Tafsir04040,1529,900,1373,157,31
747,1410,1591,Tafsir04040,1531,5,188,147,96
747,325,566,JK000001,2486,14,276,127,54
747,703,1576,JK000001,2487,825,1584,555,76
747,48,523,ShamAY0035035,7811,279,966,232,39
747,1055,1591,ShamAY0035035,7814,6,735,400,66
747,0,508,Kraken220413202218,882,909,1604,246,38
747,703,1260,Kraken220413202218,883,1186,1614,311,67
747,1260,1570,Kraken220413202218,884,0,394,243,75
748,114,932,Tafsir04040,1531,249,907,307,39
748,114,375,JK000001,2488,1433,1633,139,67
748,375,1053,JK000001,2489,0,595,328,51
748,114,636,ShamAY0035035,7815,999,1496,246,49
748,114,1053,Kraken220413202218,885,125,917,459,57
749,646,1389,JK000001,2488,188,1220,402,42
749,342,482,JK000001,2491,327,813,111,27
750,614,1177,Shia004695Vols,634,7,481,240,47
750,617,1423,Tafsir04040,1524,715,1593,332,41
750,1427,1544,Tafsir04040,1525,0,178,86,61
750,413,1544,JK000001,2492,6,1020,535,47
750,413,1183,ShamAY0035035,7820,775,1575,367,50
750,617,1061,Shia004704,187,1280,1612,194,55
750,1061,1544,Shia004704,188,0,416,185,36
751,32,705,Masaha004844,57,688,1401,271,36
751,0,618,Masaha004844,286,943,1502,304,51
751,0,520,JK000001,2492,1020,1477,276,56
751,1265,1528,JK000001,2493,519,805,203,87
751,520,803,JK000001,2493,0,502,169,38
751,0,803,ShamAY0035035,7821,301,1401,436,41
752,679,921,JK000001,2494,1063,1280,151,73
752,0,249,ShamAY0035035,7822,158,425,152,56
752,995,1312,Shia004704,189,0,416,202,60
753,245,479,Shia001544Vols,217,1047,1284,123,47
753,213,489,Tafsir04040,1526,1263,1550,191,75
753,647,1032,Tafsir04040,1527,753,1107,203,65
753,217,1032,JK000279,143,557,1122,423,63
753,191,569,JK000001,2496,1247,1605,286,91
753,569,1530,JK000001,2497,0,1459,442,34
753,191,1032,ShamAY0035035,7827,406,1395,522,59
753,1142,1530,ShamAY0035035,7828,686,1057,194,55
753,237,865,Shia004704,189,948,1615,356,55
753,291,1032,Rafed0003591Vols,420,0,697,383,54
753,724,893,Sham19Y0038171,2063,203,406,102,55
754,57,1524,JK000001,2498,0,1418,579,39
754,562,1524,ShamAY0035035,7830,150,932,378,44
754,562,1524,Kraken220413202218,888,33,677,327,40
756,438,1193,JK000001,2503,197,1057,430,56
756,438,820,ShamAY0035035,7836,1076,1530,231,59
756,820,1193,ShamAY0035035,7837,0,518,198,44
756,531,1193,Kraken220413202218,892,399,991,284,47
757,1326,1499,JK000001,2512,0,182,139,93
757,1295,1499,ShamAY0035035,7850,647,865,151,81
757,1287,1499,JK000298,1196,398,598,159,91
759,284,521,JK000001,2529,1224,1451,120,60
759,284,828,Kraken220413202218,906,501,1108,174,28
760,587,1132,JK000001,2520,879,1381,267,52
760,1139,1540,JK000001,2521,138,509,254,76
760,587,1076,ShamAY0035035,7866,69,711,226,36
760,1139,1540,ShamAY0035035,7867,900,1366,246,60
760,966,1421,JK000298,3029,1149,1489,206,54
760,1354,1540,JK009229,1050,446,629,131,83
760,197,578,JK001197,310,1037,1369,173,48
762,960,1124,JK011730,1073,1037,1173,92,71
762,1284,1439,Shamela0003118,7682,332,494,115,87
762,1209,1439,JK000001,2518,832,1111,180,80
762,0,273,JK000001,2530,972,1278,181,73
763,844,1071,Tafsir04042,229,1362,1586,162,87
763,207,1051,Shia001237Vols,445,174,1233,656,77
763,207,536,Shia001432Vols,22202,1260,1599,264,95
763,536,1071,Shia001432Vols,22203,0,532,404,92
763,202,812,Shia001401,31,899,1556,475,89
763,822,1051,Shia001401,32,0,309,180,73
763,642,844,Shia002389Vols,1672,727,929,156,98
763,207,708,Shia001266,52,1058,1600,400,90
763,708,1071,Shia001266,53,0,360,265,90
763,798,1071,Shia002382Vols,177,583,815,173,79
764,990,1501,Tafsir04040,797,744,1355,271,46
766,0,314,JK000001,2397,355,777,225,63
766,75,241,Zaydiyya0000274,85,544,715,134,94
766,0,250,ShamAY0035035,7637,1266,1556,183,73
767,398,1170,JK006478,1271,165,956,412,55
767,1128,1537,Shia001237Vols,443,1033,1370,201,56
767,334,988,JK000001,2383,813,1631,400,55
767,988,1498,JK000001,2384,0,643,344,62
767,1128,1321,Shia001432Vols,25641,1331,1539,150,89
767,1321,1544,Shia001432Vols,25642,0,299,156,63
767,1153,1498,ShamAY0035035,7612,282,620,259,92
767,477,1456,Shia001401,23,292,1869,655,49
767,1151,1308,JK009298,440,1406,1559,120,96
767,1308,1498,JK009298,441,0,179,142,93
767,1146,1498,Hindawi081316951,352,515,851,261,92
767,539,1032,Kraken220413202218,811,0,706,315,55
767,1153,1537,ShamIbadiyya0000109,7771,160,535,270,87
767,398,925,ShamIbadiyya0000109,7850,805,1467,361,65
767,1151,1498,Sham19Y0038171,211,790,1122,259,93
767,1153,1498,Sham19Y0038171,2033,676,1014,260,93
767,454,1024,JK001197,302,34,442,241,47
768,974,1199,Shamela0001438,2571,1301,1513,165,90
768,829,967,Masaha001028,65,738,890,107,90
768,829,967,Masaha001028,137,462,614,107,90
768,974,1317,Shia001544Vols,527,1257,1603,266,94
768,974,1143,Zaydiyya0000256,221,1450,1617,136,98
768,1153,1352,Zaydiyya0000256,222,7,209,157,98
768,972,1352,Shamela0098087,221,1270,1543,208,68
768,974,1352,Shamela0008259,4,650,1032,292,94
768,974,1352,JK007074,619,409,762,258,83
768,980,1369,JK007006,1087,880,1468,193,34
768,974,1280,JK010561,440,1211,1515,238,96
768,972,1352,JK009324,3226,658,1050,284,86
768,974,1352,Tafsir09050,50,754,1121,260,82
768,972,1352,JK005004,927,656,1017,261,83
768,974,1346,JK009390,1516,1090,1346,193,64
768,974,1352,Shamela0021659,923,926,1290,258,82
768,974,1352,JK009274,601,294,655,261,82
768,809,967,Shia001237Vols,242,396,568,116,86
768,974,1352,Sham19Y0122096,2405,459,821,259,83
768,974,1352,Sham19Y0013252,8917,300,701,292,90
768,974,1352,Masaha000001Vols,606,388,767,299,98
768,974,1352,Sham19Y0017745,175,184,584,291,90
768,974,1292,Shia000806Vols,290,1226,1544,251,97
768,809,974,JK000001,2402,1145,1323,119,83
768,237,532,JK000001,2517,166,453,212,91
768,972,1352,AOCP20251104049,248,768,1140,273,87
768,974,1352,JK000003,44,72,442,288,94
768,809,967,Shia001417,115,961,1122,115,87
768,974,1325,Shia000220Vols,3839,1395,1651,203,72
768,974,1357,Shia001432Vols,22191,647,1033,299,96
768,809,967,Shia001432Vols,22204,318,490,107,75
768,809,967,Shia001432Vols,25376,1044,1216,116,86
768,809,967,Shia001432Vols,25631,69,244,117,85
768,974,1352,Shia001432Vols,25644,315,696,299,98
768,974,1352,ShamAY0035035,7649,29,384,259,83
768,809,972,ShamAY0035035,7652,715,889,117,84
768,682,829,ShamAY0035035,7653,79,250,110,77
768,237,523,ShamAY0035035,7859,598,873,198,87
768,809,967,Shia001401,25,438,614,117,85
768,974,1317,Shia001401,26,1144,1490,270,97
768,974,1352,Shia001122Vols,612,233,612,299,98
768,974,1352,Zaydiyya0000015,2152,1119,1517,257,75
768,974,1352,Shia001615Vols,1743,37,418,298,97
768,804,972,Shia000047,73,389,572,114,74
768,809,967,Shia004012,132,928,1100,107,75
768,974,1352,Shia001174Vols,2792,793,1165,294,96
768,974,1157,JK001297,261,1347,1525,141,94
768,825,967,JK001297,303,532,683,109,90
768,239,503,JK001297,431,286,472,85,38
768,1038,1153,Shia001217Vols,744,833,944,88,95
768,974,1352,Shia001217Vols,4335,807,1181,280,91
768,967,1210,Kraken220413202218,819,1342,1582,182,92
768,1210,1357,Kraken220413202218,820,0,164,110,85
768,194,748,ShamIbadiyya0000109,7851,638,1338,139,17
768,809,974,ShamIbadiyya0000109,7863,843,1022,120,85
768,974,1352,Shia002261Vols,261,769,1127,256,82
768,818,967,Kraken220413030905,140,180,337,105,83
768,974,1346,Sham19Y0038171,2038,1223,1478,194,65
768,809,972,Sham19Y0038171,2039,76,251,119,85
768,237,523,Sham19Y0038171,2073,1163,1438,206,89
768,974,1352,ShamAY0032826,684,843,1202,263,85
768,1080,1352,Shia000233,138,0,273,213,97
768,974,1352,JK008001,898,717,1074,260,84
768,254,488,JK008001,6190,1078,1425,108,38
768,239,503,JK008001,6363,748,919,83,38
768,237,562,Shamela0010488,193,86,428,213,75
768,823,967,JK009365,575,405,550,96,77
768,974,1352,PV2024060601,612,233,612,299,98
769,916,1116,Shamela0000041,2206,453,673,113,58
769,843,1174,Shamela0021766,4895,1275,1575,146,47
769,702,1174,Shamela0012884,4385,14,643,246,42
769,0,215,Zaydiyya0000256,222,1215,1430,171,99
769,350,567,JK005021,452,1020,1324,149,61
769,0,199,Sham19Y0014592,808,992,1237,150,76
769,827,1116,JK001496,1996,904,1244,141,44
769,827,1116,JK000829,101,315,706,147,40
769,129,345,Shamela0006739,1397,160,350,99,58
769,350,567,Sham19Y0017817,610,996,1287,152,66
769,583,1174,JK005004,953,232,733,238,40
769,0,199,Shia001237Vols,2800,1321,1519,132,68
769,50,172,Shia001237Vols,2816,444,582,96,87
769,0,220,Masaha000001Vols,605,1033,1253,170,96
769,0,210,Shia000806Vols,290,50,260,169,100
769,0,199,JK000001,1872,898,1125,145,74
769,207,567,JK000001,2513,714,1320,187,33
769,574,806,JK000001,2514,1243,1479,177,93
769,806,1174,JK000001,2515,0,694,296,52
769,1179,1453,JK000001,2516,297,735,202,57
769,827,1116,Zaydiyya0000062,1677,425,722,140,46
769,916,1116,Shamela0037458,3710,540,699,113,68
769,827,1116,Rafed0001713Vols,2260,262,609,142,44
769,0,215,Shia001432Vols,5906,79,294,171,99
769,0,210,Shia001432Vols,22189,1121,1331,169,100
769,574,1179,ShamAY0035035,7856,905,1500,461,93
769,1179,1437,ShamAY0035035,7858,197,443,197,94
769,827,1116,JK009268,4001,204,477,136,50
769,0,220,Shia001122Vols,611,816,1036,170,96
769,583,1116,Shamela0006706,142,772,1252,197,36
769,0,210,Shia001615Vols,1157,310,520,169,100
769,0,149,Shia001383,12,1403,1518,94,77
769,50,172,Shia001383,211,691,830,95,86
769,0,220,Shia002389Vols,2227,79,299,170,96
769,0,210,Shia001174Vols,2791,359,569,169,100
769,50,172,Shamela0029976,48,397,530,96,90
769,220,474,Sham19Y0038171,2068,510,974,139,33
769,574,1179,Sham19Y0038171,2071,682,1280,467,95
769,574,1083,Sham19Y0038171,2072,91,725,158,23
769,1179,1349,Sham19Y0038171,2072,1305,1467,129,94
769,0,199,Zaydiyya0000259,49,127,389,116,52
769,614,1116,Zaydiyya0000259,130,1090,1495,175,33
769,916,1116,Shamela0023628,2996,785,958,118,71
769,129,345,JK005022,35,1227,1417,99,58
769,350,567,Shamela0010488,183,1033,1428,151,48
769,574,1174,Shamela0010488,186,343,869,392,79
769,1281,1442,Shamela0010488,188,0,166,118,89
769,916,1179,Shamela0023578,2698,528,993,115,26
769,0,220,PV2024060601,611,816,1036,170,96
770,429,942,Masaha000001Vols,607,499,1042,390,87
770,429,942,Shia000806Vols,290,274,822,394,90
770,1204,1349,JK000001,2514,915,1058,106,91
770,0,490,JK000001,2515,781,1355,364,75
770,1365,1512,JK000001,2516,1366,1505,106,89
770,429,942,Shia001417,80,187,707,369,85
770,429,687,Shia001432Vols,22192,1240,1503,200,93
770,687,947,Shia001432Vols,22193,0,283,193,86
770,429,942,Shia001432Vols,22198,823,1339,341,79
770,429,961,Shia001432Vols,23398,617,1180,361,78
770,429,942,Shia001432Vols,25633,913,1458,386,87
770,9,490,ShamAY0035035,7857,726,1345,306,55
770,1420,1549,ShamAY0035035,7859,0,147,99,83
770,429,814,Shia002394Vols,264,1224,1607,256,80
770,429,942,Shia001401,27,174,785,388,78
770,429,942,Shia001122Vols,613,377,925,398,90
770,429,942,Shia001383,214,574,1126,382,85
770,429,937,Shia002389Vols,147,645,1147,342,82
770,429,942,Shia001174Vols,2794,1053,1571,368,84
770,493,947,Tafsir04056,354,0,431,323,87
770,462,777,Shia002382Vols,179,328,641,205,80
770,429,757,Shia001137,103,1128,1463,217,80
770,1363,1549,ShamIbadiyya0000193,4752,150,336,130,81
770,0,206,Shamela0010488,185,1303,1509,166,97
770,206,490,Shamela0010488,186,0,357,190,61
770,1365,1549,Shamela0010488,190,294,488,142,90
770,429,942,PV2024060601,613,377,925,398,90
771,490,703,Zaydiyya0000256,221,984,1213,172,91
771,499,708,Shia001138BK1,161,1146,1361,164,93
771,303,459,Rafed0003537Vols,138,336,473,103,84
771,499,708,Rafed0000705Vols,1238,964,1167,161,93
771,1161,1382,Shia001625,81,899,1101,141,75
771,305,497,Shia001171,513,507,722,114,55
771,499,703,Shia001237Vols,583,464,666,161,93
771,1161,1382,Shia001421Vols,173,921,1203,141,56
771,708,998,Masaha000001Vols,591,1184,1474,209,89
771,83,703,Masaha000001Vols,604,826,1271,294,51
771,986,1161,Masaha000001Vols,606,1115,1396,131,57
771,303,459,Masaha000001Vols,821,117,278,117,88
771,499,703,Shia001432Vols,1669,1302,1509,166,97
771,499,703,Shia001432Vols,1703,261,463,160,93
771,332,459,Shia001432Vols,15382,0,125,97,96
771,703,979,Shia001432Vols,21769,22,301,209,92
771,708,979,Shia001432Vols,21891,628,899,207,94
771,305,485,Shia001432Vols,21957,166,349,129,85
771,1161,1382,Shia001432Vols,22176,245,447,141,75
771,499,703,Shia001432Vols,22187,360,563,166,99
771,305,490,Shia001432Vols,22190,1314,1490,132,91
771,499,703,Shia001432Vols,22201,262,464,162,95
771,708,998,Shia001122Vols,597,246,535,209,89
771,1161,1382,Shia001122Vols,608,806,1008,141,75
771,83,703,Shia001122Vols,610,590,1036,294,51
771,305,485,Shia001122Vols,611,1166,1340,136,96
771,986,1161,Shia001122Vols,612,966,1246,131,58
771,303,459,Shia001122Vols,804,909,1070,117,88
771,499,703,Shia001122Vols,1256,988,1186,159,94
771,1161,1390,Shia001615Vols,1734,904,1111,145,75
771,83,703,Shia001615Vols,1736,259,623,239,42
771,305,485,Shia001615Vols,3610,7,175,131,92
771,305,485,Shia001383,15,331,519,127,81
771,1161,1382,Shia001383,17,649,842,137,74
771,499,1173,Shia001383,18,712,1365,284,43
771,708,979,Shia001383,85,535,802,204,93
771,1161,1336,Shia002389Vols,755,1121,1287,105,68
771,1161,1336,Shia002389Vols,1431,303,440,102,75
771,83,220,Shia002389Vols,2226,1045,1182,114,100
771,986,1156,Shia002389Vols,2227,400,677,131,59
771,1161,1353,Shia002389Vols,2252,740,916,112,68
771,708,979,Shia002389Vols,2515,947,1218,208,94
771,1161,1341,Shia002389Vols,2586,185,348,109,71
771,1161,1382,Shia002389Vols,3120,717,900,140,80
771,708,979,Shia001174Vols,2742,405,681,208,93
771,1161,1382,Shia001174Vols,2781,402,609,141,74
771,499,703,Shia001174Vols,2788,778,983,163,96
771,305,485,Shia001174Vols,2791,1033,1209,134,93
771,303,459,Shia001174Vols,3368,152,313,117,88
771,710,979,Shia002380Vols,675,1030,1290,205,94
771,1214,1382,Tafsir04056,4522,959,1120,127,95
771,499,708,Shia001217Vols,742,521,725,162,94
771,708,979,Shia001217Vols,4334,835,1093,196,89
771,305,485,Shia001217Vols,4335,82,252,133,93
771,1161,1382,Shia001217Vols,4349,1167,1374,138,72
771,303,459,Shia001217Vols,4446,625,774,117,95
771,1214,1341,Shia002382Vols,582,627,776,97,82
771,703,979,Shia002382Vols,1574,1025,1303,210,93
771,703,979,Shia002382Vols,2120,134,411,206,91
771,303,459,Shia001137,14,1235,1393,115,86
771,83,214,Masaha000554Vols,6627,240,371,108,99
771,708,998,PV2024060601,597,246,535,209,89
771,1161,1382,PV2024060601,608,806,1008,141,75
771,83,703,PV2024060601,610,590,1036,294,51
771,305,485,PV2024060601,611,1166,1340,136,96
771,986,1161,PV2024060601,612,966,1246,131,58
771,303,459,PV2024060601,804,909,1070,117,88
771,499,703,PV2024060601,1256,988,1186,159,94
772,102,214,JK000429,143,619,732,77,92
772,109,209,JK007082,75,793,905,71,85
772,102,209,Shamela0023789,613,851,963,73,87
772,97,209,Shamela0023789,1130,432,554,76,84
772,102,209,Shamela0013058,35,1174,1292,75,85
772,102,205,JK000829,8,816,921,73,94
772,109,209,JK000829,114,710,818,71,88
772,117,205,Sham19Y0036072,219,580,669,58,87
772,102,209,Shamela0003118,4135,1151,1269,75,85
772,102,209,ShamAY0034134,1000,411,520,76,94
772,113,214,Shamela0009773,2114,606,710,70,91
772,102,214,Sham19Y0127698,178,690,804,76,88
772,400,976,JK000001,2398,45,698,333,56
772,976,1498,JK000001,2398,993,1536,209,40
772,89,209,JK000001,2518,3,122,84,92
772,109,209,AOCP20251104013,16,124,249,62,66
772,102,209,JK000916,13996,1059,1177,75,85
772,109,209,JK000916,13997,29,517,54,13
772,102,209,JK001249,138,770,879,76,94
772,546,837,ShamAY0035035,7640,15,727,181,31
772,81,209,ShamAY0035035,7860,1165,1313,89,81
772,102,209,Shamela0095735,303,481,598,75,86
772,97,205,Shia001401,38,1318,1434,74,82
772,97,209,Shamela0021554,21,1022,1184,61,51
772,602,939,JK009298,448,839,1382,201,45
772,109,209,Kraken220413030759,582,155,263,71,88
772,109,209,Shamela0023790,453,1250,1355,68,86
772,102,214,Shamela0011788,293,799,917,74,82
772,102,209,Shamela0026863,6,566,685,76,86
772,283,967,ShamIbadiyya0000109,7862,113,715,321,54
772,109,209,Shamela0035100,1604,1149,1257,71,88
772,877,1524,JK001197,303,827,1363,247,39
772,97,209,Shamela0004473,9395,377,546,61,49
774,168,1476,JK000001,2401,116,1457,429,29
774,612,880,JK000001,2405,988,1277,168,69
774,168,612,ShamAY0035035,7645,1123,1555,179,42
774,948,1514,JK000298,3743,620,1009,128,24
774,303,607,Kraken220413202218,819,701,944,133,49
775,492,791,JK010250,27,151,431,176,63
775,492,638,Shamela0001438,2141,1109,1250,106,91
775,492,638,JK000022,2481,296,447,116,95
775,492,717,JK005021,443,379,727,112,39
775,492,643,JK009226,982,114,265,111,88
775,492,638,JK000624,180,278,425,105,89
775,796,921,Shamela0006739,1397,236,350,85,86
775,492,638,Shamela0003118,5948,1326,1476,108,88
775,492,638,JK005004,948,618,763,111,91
775,492,638,JK009390,1224,1237,1382,111,91
775,492,638,Shamela0021659,746,395,540,111,91
775,492,638,JK009274,475,1166,1311,111,91
775,492,632,Sham19Y0122096,1684,1380,1518,106,90
775,74,217,Masaha003032,82,979,1129,78,62
775,65,217,JK000001,2401,922,1073,118,96
775,492,1034,JK000001,2403,208,496,203,44
775,492,638,JK005007,735,740,878,105,86
775,492,638,JK000916,20632,1104,1255,107,88
775,74,217,ShamAY0035035,5540,603,747,77,63
775,65,217,ShamAY0035035,7646,1196,1368,119,87
775,475,643,ShamAY0035035,7655,372,563,126,82
775,492,638,Sham19Y0127677,1337,339,488,106,90
775,492,638,JK005005,806,1203,1348,111,91
775,492,638,Shamela0026566,176,1234,1381,105,89
775,492,1034,ShamIbadiyya0000109,7864,65,358,200,43
775,492,638,Shia002261Vols,178,1169,1314,111,91
775,74,217,Sham19Y0038171,1421,15,163,76,62
775,492,643,Sham19Y0038171,2042,0,157,118,93
775,501,638,JK008001,6160,0,136,109,99
775,492,638,JK008001,6174,1076,1223,105,89
775,796,921,JK005022,35,1303,1417,85,86
776,174,483,JK000001,2402,564,967,232,71
776,1018,1479,JK000001,2409,148,546,229,53
776,171,417,JK009298,449,857,1273,166,50
776,174,363,Zaydiyya0000015,2156,603,783,144,94
776,174,473,ShamIbadiyya0000109,7863,369,695,169,63
776,1002,1479,Shia000233,141,667,1320,254,41
777,207,462,JK000001,2409,765,1063,173,63
777,200,517,Shia000233,141,1314,1552,172,64
778,0,308,ShamIbadiyya0000438,856,260,659,203,61
778,0,133,JK000001,2404,491,635,101,85
778,191,541,JK000001,2405,42,775,203,31
778,819,982,Shia000220Vols,393,259,433,126,89
778,828,982,Shia000317Vols,1093,919,1073,121,98
778,828,982,Shia001122Vols,1159,435,598,121,93
778,828,982,Shia002389Vols,2074,644,807,121,93
778,828,982,Shia001217Vols,508,881,1044,121,93
778,0,136,JK001197,304,1437,1585,101,84
778,828,982,PV2024060601,1159,435,598,121,93
782,1052,1338,Sham19Y0016728,7,947,1204,158,65
782,424,717,JK000001,2533,691,1218,219,50
782,1077,1363,JK000001,2534,0,249,165,68
782,429,768,ShamAY0035035,7889,1032,1403,149,39
782,424,1363,Kraken220413202218,909,290,1171,357,35
783,44,313,JK005021,455,757,899,85,38
783,44,382,JK006478,1272,55,449,244,73
783,44,269,Shamela0006739,1398,347,568,179,96
783,44,269,JK000001,2522,1373,1600,180,96
783,6,269,ShamAY0035035,7683,955,1195,180,82
783,44,524,ShamAY0035035,7870,1092,1525,246,61
783,23,174,JK009298,443,1354,1499,109,85
783,44,362,JK009268,546,144,454,211,72
783,44,174,JK005022,36,1361,1488,103,96
784,988,1190,Shamela0098087,14,323,534,148,77
784,996,1689,JK000001,240,119,807,405,62
784,996,1689,AOCP20251104103Vols,134,950,1613,408,63
784,988,1250,AOCP20251104134,91,1344,1621,176,69
786,227,513,Shia001237Vols,107,1241,1525,228,94
786,513,992,Shia001237Vols,108,0,478,388,99
786,227,649,Shia001432Vols,25070,1053,1479,334,93
786,649,992,Shia001432Vols,25071,0,340,276,99
786,201,992,Shia001266,35,465,1253,601,89
786,227,777,Shia000151,113,1077,1632,438,95
786,785,992,Shia000151,114,0,194,154,92
787,203,1422,Shia000151,111,341,1551,626,49
787,1427,1739,Shia000151,112,0,242,155,52
788,1203,1492,Shia001142Vols,94,1280,1604,230,87
788,157,876,Shia001237Vols,151,799,1680,571,78
788,876,1095,Shia001237Vols,152,0,235,175,91
788,1184,1389,Shia000372Vols,281,260,485,160,87
788,1203,1586,Shia001432Vols,1517,1178,1594,305,89
788,1203,1620,Shia001432Vols,25120,779,1230,331,89
788,157,1095,Shia001432Vols,25193,267,1206,699,87
788,1203,1620,Shia002759BK1,268,526,972,329,89
788,91,581,Shia001266,35,1259,1690,326,81
788,581,1107,Shia001266,36,0,520,395,87
788,0,1482,Shia000151,112,242,1615,990,79
788,1227,1407,Shia001217Vols,207,0,189,139,91
788,1395,1620,Shia001217Vols,222,802,1046,181,90
788,1198,1382,Masaha000554Vols,1181,819,1014,148,93
788,1203,1620,Shia001140Vols,265,189,650,332,88
789,1045,1596,Sham19Y0023618,177,496,665,117,27
789,5,154,Shia001142Vols,95,1364,1564,113,71
789,754,1495,JK000001,266,1048,1606,337,51
789,5,161,Shia001432Vols,1518,1255,1466,118,71
789,5,154,Shia001432Vols,25219,594,796,115,72
789,0,167,Shia000151,113,140,305,126,95
789,5,154,Shia001217Vols,378,364,560,112,72
789,744,1211,AOCP20251104103Vols,217,1288,1597,174,45
789,5,154,Shia001140Vols,266,257,459,115,72
790,16,227,Sham19Y0023618,177,688,835,86,53
790,16,227,JK000001,267,223,383,87,49
790,768,1458,JK000001,272,392,1099,441,72
790,1150,1458,ShamAY0035035,834,383,882,201,49
790,0,227,AOCP20251104103Vols,218,383,616,107,48
791,482,1194,JK000001,271,49,673,400,62
791,482,1012,ShamAY0035035,826,118,522,267,60
791,1005,1161,ShamAY0035035,826,1208,1392,123,82
791,564,1012,AOCP20251104103Vols,223,29,310,218,60
793,413,706,JK000001,305,810,1365,188,38
793,513,706,ShamIbadiyya0000229,1391,136,336,138,80
793,513,706,JK001197,23,246,435,145,89
794,315,1112,JK000001,310,1121,1571,276,40
794,1112,1580,JK000001,311,0,456,318,79
794,925,1574,Kraken220413202218,97,256,789,323,58
794,973,1580,ShamIbadiyya0000209,2,0,437,287,56
794,956,1580,Sham19Y0145212,349,701,1492,409,59
795,982,1652,JK000001,308,97,849,389,52
795,0,389,JK000001,311,565,973,241,66
795,982,1461,ShamIbadiyya0000229,1263,346,794,214,45
795,0,377,ShamIbadiyya0000209,2,474,865,242,67
795,5,362,Sham19Y0145212,350,0,356,223,69
795,982,1275,JK001197,24,156,445,188,71
796,1071,1230,Shamela0010273,2334,496,734,124,62
796,1230,1588,Shia001115Vols,64,553,912,291,98
796,1230,1568,Shia001115Vols,270,1140,1499,272,91
796,873,1145,JK005021,39,575,987,119,35
796,525,1071,Masaha001946Vols,1159,166,691,162,29
796,1230,1588,Shia001237Vols,581,496,865,292,96
796,1230,1588,Shia001237Vols,844,672,1041,293,96
796,1249,1588,Shia001153,197,721,1075,262,89
796,469,785,JK000001,287,1215,1438,150,57
796,785,943,JK000001,288,0,245,115,61
796,1329,1588,Shia001432Vols,21793,0,260,213,98
796,1249,1588,Shia001432Vols,24660,678,1031,262,89
796,1230,1588,Shia001432Vols,26320,402,773,293,95
796,738,948,ShamAY0035035,901,736,1047,147,60
796,1078,1226,ShamAY0035035,1088,520,677,121,94
796,847,1145,Masaha001108Vols,87,438,619,107,42
796,364,871,ShamIbadiyya0000229,1255,1179,1525,225,56
796,1071,1243,ShamIbadiyya0000229,1256,201,393,127,81
796,469,948,JK009298,837,707,1035,154,37
796,1078,1258,JK009298,839,1257,1430,127,82
796,1329,1473,Shia001615Vols,1876,0,152,112,89
796,1230,1573,Shia001217Vols,4318,72,422,272,92
796,1010,1449,Kraken220413030905,64,929,1179,142,36
796,400,861,ShamIbadiyya0000209,1,726,1150,224,55
796,1249,1549,Shia003636Vols,2065,256,523,200,78
797,584,804,Shia001149Vols,101,30,271,172,88
797,813,957,Shia000196Vols,481,1290,1439,110,87
797,813,952,Shia000121Vols,635,971,1116,112,95
797,1243,1403,Masaha002064Vols,269,699,862,130,95
797,957,1175,Shia001237Vols,837,594,1170,146,31
797,41,220,Kraken22021817402400,227,746,927,134,91
797,446,584,Zaydiyya0000189,3,1345,1502,108,84
797,26,316,JK000001,313,741,1059,221,85
797,813,952,Shia000317Vols,2060,24,169,100,84
797,446,589,Shia001432Vols,21994,504,670,109,81
797,957,1238,Shia001432Vols,22127,1133,1419,139,47
797,968,1175,Shia001432Vols,26334,0,653,134,25
797,584,799,Shia001432Vols,26336,375,594,167,94
797,78,316,ShamAY0035035,1109,27,545,187,44
797,1125,1396,Masaha001108Vols,87,658,912,159,67
797,446,584,Shia001122Vols,543,596,757,108,82
797,804,968,Shia000291Vols,314,1216,1392,112,76
797,804,957,Masaha001077,1,1188,1355,114,86
797,446,584,Shia001174Vols,2532,332,493,106,81
797,650,799,Shia000151,105,0,154,119,96
797,446,584,Shia000151,106,234,392,109,85
797,1070,1396,Shia000151,117,413,685,165,58
797,446,584,Shia001217Vols,34,508,669,108,82
797,584,799,Shia001217Vols,1438,1085,1314,168,91
797,634,902,Shia000233,404,1214,1408,123,57
797,41,214,JK011593,78,1187,1403,133,76
797,41,214,Shamela0012872,79,500,716,133,76
797,446,584,Shia003636Vols,9175,984,1131,108,90
797,446,584,PV2024060601,543,596,757,108,82
797,584,804,PV2024060601,3829,750,991,172,88
798,111,369,Shia004092Vols,4418,244,571,133,45
798,111,369,Rafed0002654Vols,4045,901,1228,133,45
798,407,654,EShia0027411,109,776,1081,146,59
798,93,365,Shia001237Vols,152,822,1133,156,58
798,407,635,Shia001237Vols,564,618,932,164,66
798,407,635,Shia001237Vols,839,607,899,167,73
798,407,635,EShia0071536,253,304,798,171,44
798,1019,1464,JK000001,291,58,500,349,95
798,1019,1464,EScr20112614,34,760,1195,318,82
798,65,365,Shia001432Vols,25198,40,398,181,59
798,412,665,Shia001432Vols,26340,53,302,158,75
798,1231,1464,ShamAY0035035,912,19,250,184,95
798,1033,1464,ShamIbadiyya0000229,1257,594,987,285,78
798,45,223,Shia001391,80,1324,1468,109,74
798,407,665,Shia001131Vols,130,351,704,174,63
798,407,794,Shia001615Vols,1873,354,733,159,44
798,646,794,Shia000291Vols,773,514,688,104,77
798,587,794,Shia000151,105,932,1131,122,75
798,111,237,Tafsir03029,85,1012,1140,85,85
798,379,635,JK009365,311,387,644,138,60
799,96,662,JK000001,313,1171,1592,235,48
799,662,1234,JK000001,314,0,643,399,74
799,667,1106,ShamAY0035035,1110,450,1298,310,44
800,54,797,ShamIbadiyya0000438,272,408,1112,300,42
800,883,1276,JK000179,372,1064,1497,248,67
800,54,566,JK000001,309,916,1445,358,82
800,574,847,JK000001,310,633,913,181,78
800,883,1514,JK000001,311,968,1562,342,60
800,338,593,ShamAY0035035,1094,26,541,190,46
800,593,847,ShamAY0035035,1095,416,796,176,58
800,1024,1174,ShamAY0035035,1104,1126,1431,107,44
800,888,1330,ShamIbadiyya0000209,2,859,1347,290,69
800,883,1204,JK001197,24,1256,1573,204,75
800,577,797,ShamIbadiyya0000433,396,681,909,157,83
801,1441,1668,JK000676,320,121,286,125,64
801,0,1607,JK000001,312,18,1645,1070,71
801,517,887,ShamAY0035035,1106,952,1478,231,49
801,887,1371,ShamAY0035035,1107,31,875,342,48
801,596,1668,Kraken220413202218,98,29,679,392,41
801,115,464,ShamIbadiyya0000209,2,1354,1595,177,58
801,486,1668,ShamIbadiyya0000209,3,0,670,480,47
801,140,1668,JK001197,25,40,935,654,50
802,0,263,JK000001,313,63,326,199,91
802,867,1652,JK000001,314,739,1482,473,70
802,1180,1509,ShamAY0035035,1112,181,770,214,43
802,1243,1652,AOCP20251104145Vols,89,686,909,127,35
802,867,1652,Shia000151,107,476,1207,467,69
802,867,1264,Kraken220413202218,98,1386,1647,148,44
802,1264,1620,Kraken220413202218,99,0,318,226,76
802,0,263,ShamIbadiyya0000209,3,676,893,169,75
802,1064,1509,ShamIbadiyya0000209,3,1224,1656,298,75
802,867,1206,JK001197,25,1382,1680,163,54
802,0,263,JK001197,25,942,1193,193,88
802,1206,1648,JK001197,26,0,395,264,70
803,30,1141,JK000001,315,0,1523,768,58
803,1237,1568,JK000001,317,380,713,253,92
803,404,674,ShamAY0035035,1115,871,1533,186,35
803,843,1237,ShamAY0035035,1117,219,859,280,54
803,4,999,AOCP20251104145Vols,89,915,1547,317,35
803,1036,1568,AOCP20251104145Vols,90,0,529,252,41
803,4,239,Shia000151,107,1213,1460,153,73
803,396,1148,Shia000151,108,808,1548,512,80
803,1148,1568,Shia000151,109,0,821,323,48
803,1112,1568,Kraken220413202218,99,961,1324,146,34
803,296,758,Kraken220413202218,99,346,877,217,46
803,4,1237,ShamIbadiyya0000209,4,110,830,492,48
803,4,1141,JK001197,26,386,1203,577,60
804,0,859,JK000001,317,713,1587,679,94
804,859,1265,JK000001,318,0,418,280,81
804,0,467,AOCP20251104145Vols,90,529,780,187,49
804,0,792,Shia000151,109,821,1572,585,90
804,792,1239,Shia000151,110,0,887,326,44
804,490,908,ShamIbadiyya0000209,4,830,1252,317,89
805,291,683,JK000001,318,640,1155,305,70
805,1245,1590,Shia000151,116,87,453,258,83
805,291,1090,Shia000151,117,900,1649,554,78
805,1090,1258,Shia000151,118,0,169,130,95
806,653,1588,Shia001237Vols,704,569,1594,747,88
806,32,349,JK000001,318,1192,1589,222,69
806,353,653,JK000001,319,35,332,217,83
806,653,1588,Shia001266,8,42,962,722,93
806,271,1560,Shia000151,114,231,1597,922,79
806,32,653,JK001197,27,138,863,439,73
807,38,246,Shia001237Vols,705,0,208,163,98
807,620,798,Shia001237Vols,764,1273,1462,142,93
807,798,1623,Shia001237Vols,765,0,817,660,98
807,620,962,Shia001432Vols,26115,1204,1569,257,86
807,962,1623,Shia001432Vols,26116,0,658,516,93
807,0,255,Shia001266,8,962,1213,187,92
807,620,1623,Shia001266,36,550,1533,776,94
807,4,1539,Shia000151,115,32,1624,1016,68
808,1222,1420,JK000001,319,735,1025,135,56
808,511,1035,JK000001,324,1028,1559,265,52
808,1390,1572,Shia000151,118,611,776,117,80
808,704,1132,Shia000151,121,0,362,215,56
808,620,973,ShamIbadiyya0000209,7,668,1002,166,46
808,511,1008,JK001197,30,1222,1640,247,55
808,1008,1132,JK001197,31,0,133,102,93
809,432,980,JK000001,319,1033,1535,284,57
809,1157,1430,JK000001,325,326,633,174,72
809,163,421,Shia001432Vols,26309,803,1039,175,81
809,737,1112,ShamAY0035035,1140,29,472,206,56
809,1157,1367,ShamAY0035035,1169,751,1180,131,38
809,163,421,Shia001615Vols,1870,727,962,175,82
809,163,421,Shia001266,24,379,611,180,87
809,5,421,Shia000151,118,782,1458,293,52
809,909,1112,Shia000151,120,557,765,153,89
809,1157,1430,Shia000151,121,370,651,171,74
810,1236,1425,JK000001,320,951,1139,145,95
810,166,982,Shia000151,119,0,844,277,29
810,1236,1425,Shia000151,121,1159,1349,139,91
810,1241,1425,JK001197,28,272,445,134,90
811,136,481,Sham19Y0131521,2045,350,648,207,73
811,522,744,Shia001237Vols,835,62,285,179,98
811,80,454,JK000001,320,1170,1526,246,80
811,1077,1435,JK000001,321,59,365,166,50
811,522,744,Shia001432Vols,26309,1039,1262,179,98
811,132,509,ShamAY0035035,1144,317,1126,271,42
811,527,744,Shia001266,24,611,829,177,99
811,80,972,Shia000151,122,691,1540,625,83
811,605,744,Shia000233,405,0,140,112,97
811,1077,1435,JK001197,28,775,1077,165,50
811,80,509,JK001197,28,476,775,213,62
812,922,1507,Tafsir02102,4169,425,967,320,58
812,0,1168,JK000001,321,542,1546,468,43
812,1168,1507,JK000001,322,0,267,183,64
812,0,611,Shia000151,123,738,1370,292,50
812,922,1507,Shia000151,124,278,813,305,56
812,173,611,ShamIbadiyya0000209,5,1116,1387,154,40
812,912,1502,ShamIbadiyya0000209,6,461,698,171,34
812,0,283,JK001197,28,1243,1519,187,78
812,440,1447,JK001197,29,29,802,407,44
813,560,1274,Shamela0010273,20,1055,1426,234,39
813,0,333,Tafsir02102,4169,967,1186,121,41
813,310,547,Sham19Y0023618,1182,42,241,133,69
813,0,892,JK000001,322,267,1516,403,33
813,892,1429,JK000001,323,4,530,392,85
813,1075,1205,ShamAY0035035,1160,777,1289,99,24
813,0,547,Shia000151,124,813,1178,224,47
813,547,1429,Shia000151,125,211,850,399,49
813,287,1339,ShamIbadiyya0000209,6,673,1388,392,43
813,282,1043,JK001197,29,806,1490,401,60
813,1078,1339,JK001197,30,0,282,207,90
814,1117,1411,JK000001,322,875,1158,204,83
814,40,860,JK000001,323,651,1635,528,61
814,916,1629,JK000001,324,329,735,290,48
814,312,539,ShamAY0035035,1162,793,1068,173,78
814,539,887,ShamAY0035035,1164,482,1101,201,35
814,1170,1291,Shia000151,124,1452,1575,93,91
814,40,692,Shia000151,125,977,1631,416,72
814,692,1563,Shia000151,126,0,658,353,42
814,186,779,ShamIbadiyya0000209,7,9,294,173,31
814,40,1128,JK001197,30,304,1128,488,51
815,899,1561,Shia001237Vols,1020,776,1458,512,90
815,116,673,JK000001,325,664,1198,305,57
815,899,1565,Shia001432Vols,26514,507,1193,515,90
815,899,1177,Shia001266,24,1298,1573,208,90
815,1177,1572,Shia001266,25,0,386,266,79
815,121,1572,Shia000151,127,103,1547,837,62
815,406,673,ShamIbadiyya0000209,7,1239,1487,144,64
815,908,1561,EShia0071807,410,948,1591,499,92
815,116,673,JK001197,31,133,606,288,58
816,648,832,Shia001149Vols,156,353,590,149,75
816,839,1252,Shia001237Vols,1041,1137,1534,301,88
816,1252,1557,Shia001237Vols,1042,0,300,238,97
816,54,360,JK000001,325,1251,1559,219,81
816,839,1151,Shia001432Vols,26534,1217,1518,226,86
816,1151,1557,Shia001432Vols,26535,0,397,315,97
816,839,1557,Shia001266,25,410,1114,538,93
816,248,1161,Shia000151,128,635,1603,522,55
816,1161,1557,Shia000151,129,0,394,297,91
816,839,1345,EShia0071807,412,1089,1567,366,89
816,1345,1557,EShia0071807,413,0,191,151,88
816,54,636,JK001197,31,659,1228,393,76
816,648,832,PV2024060601,3884,1109,1346,149,75
817,0,290,Shia001237Vols,1042,300,607,224,90
817,992,1587,Shia001237Vols,1050,286,970,466,83
817,89,294,Shia001417,116,125,305,136,80
817,3,290,Shia001432Vols,26535,400,705,217,88
817,992,1587,Shia001432Vols,26653,572,1172,464,93
817,1207,1417,Shia002389Vols,2157,747,964,165,94
817,0,317,Shia001266,25,1114,1460,230,80
817,1088,1585,Shia001266,26,7,498,381,92
817,1207,1417,Shia002380Vols,587,703,884,137,81
817,0,1076,Shia000151,129,394,1576,746,74
817,1076,1587,Shia000151,130,0,536,397,89
817,1207,1369,Shia002382Vols,1379,317,475,122,94
817,0,290,EShia0071807,413,191,486,203,81
817,1072,1587,EShia0071807,415,0,505,402,96
818,0,268,Shia001237Vols,1050,970,1257,218,90
818,976,1597,Shia001237Vols,1054,484,1117,462,86
818,0,268,Shia001432Vols,26653,1172,1460,218,90
818,1010,1597,Shia001432Vols,26673,0,569,437,89
818,984,1597,Shia001266,26,797,1421,464,88
818,0,268,Shia001266,26,498,764,214,94
818,0,988,Shia000151,130,536,1590,644,64
818,953,1601,Shia000151,131,103,776,461,78
818,976,1443,EShia0071807,415,1174,1635,356,90
818,0,261,EShia0071807,415,505,776,207,89
819,593,1081,Shamela0010273,1389,711,1127,315,78
819,593,837,Tafsir04040,772,624,873,188,92
819,593,882,Kraken220204081839,116,665,945,198,82
819,0,411,JK000001,327,319,1022,266,43
819,593,1650,JK000001,328,226,1437,643,57
819,596,910,ShamAY0035035,1191,241,653,240,71
819,1086,1464,ShamAY0035035,1192,204,523,210,63
819,613,1081,JK009298,843,4,407,299,75
819,1086,1464,JK009298,843,975,1288,198,60
819,1095,1399,JK009236,206,691,863,88,35
819,593,902,Kraken22021606122302,37,852,1195,240,85
819,593,910,Sham19Y0038171,371,569,987,245,72
820,59,500,JK000001,329,192,768,320,65
820,105,568,ShamAY0035035,1194,247,1557,271,23
820,59,500,JK001197,32,1005,1575,321,65
821,1451,1739,Shia000151,160,244,616,213,65
822,303,510,Shia000370,260,933,1155,153,82
822,303,510,Shia000196Vols,845,610,856,156,78
822,346,510,Shia002945Vols,590,0,199,122,76
822,303,516,Shia000121Vols,870,340,579,156,78
822,316,510,Shia001142Vols,104,1264,1478,147,86
822,762,1569,JK000001,592,479,1559,498,51
822,303,510,Shia000234Vols,4023,1162,1392,160,87
822,197,510,Shia000317Vols,3857,925,1325,232,70
822,316,510,Shia001432Vols,1528,867,1088,143,79
822,303,510,Shia001432Vols,28260,845,1094,154,77
822,936,1182,ShamAY0035035,3122,499,1014,166,39
822,1422,1594,ShamAY0035035,3125,410,670,125,58
822,285,510,Shia002389Vols,1168,811,1058,156,75
822,303,550,Shia001217Vols,2017,826,1111,165,71
822,762,1047,JK001197,74,515,715,116,47
822,285,510,PV2024060601,3990,580,846,164,74
823,0,302,Shamela0010273,1092,353,717,236,81
823,389,1465,Shia001237Vols,1267,563,1643,809,89
823,0,389,JK000001,593,79,919,305,45
823,389,1514,Shia001432Vols,28895,235,1368,851,89
823,34,302,ShamAY0035035,3127,19,317,177,65
823,466,1514,Shia001266,15,0,1003,781,90
825,981,1252,Tafsir04042,262,40,303,204,94
825,730,1040,Shia001237Vols,1147,982,1477,98,23
825,0,198,Shia001237Vols,1194,1298,1489,150,92
825,198,979,Shia001237Vols,1195,0,867,596,84
825,209,964,ShamAY0034797,283,774,1478,304,43
825,0,964,Shia001432Vols,29030,270,1338,744,86
825,45,198,Rafed0003799Vols,197,521,674,119,95
825,0,964,Shia001266,37,123,1340,722,71
825,0,964,Shia000151,132,198,1268,728,84
825,981,1258,Shia002382Vols,197,176,444,206,93
825,53,198,Masaha000554Vols,2970,501,647,117,97
826,1058,1631,Tafsir04040,1775,252,677,276,56
826,1031,1183,JK000001,547,1317,1477,120,93
826,1183,1631,JK000001,548,0,481,347,89
826,1031,1631,ShamAY0035035,2975,93,1574,452,38
827,0,162,Tafsir04040,1775,677,834,125,94
827,0,225,JK000001,548,488,846,180,62
827,724,1513,JK000001,549,165,1225,536,61
827,9,225,ShamAY0035035,2976,0,469,169,44
827,736,1296,ShamAY0035035,2977,195,1118,429,57
827,0,146,JK009298,106,4,172,115,84
827,724,1296,JK009298,107,431,1211,434,68
828,867,1600,Shia001237Vols,912,337,1053,546,90
828,9,376,JK000001,549,1184,1594,147,33
828,867,1016,Shia001432Vols,26465,1396,1559,114,87
828,1016,1600,Shia001432Vols,26466,0,558,429,90
828,993,1160,Shia002389Vols,1480,44,211,135,99
828,867,1600,Shia001266,7,621,1329,560,93
828,867,1600,Shia000151,126,751,1451,527,86
828,871,1292,Shia002382Vols,56,1283,1651,271,75
828,1292,1600,Shia002382Vols,57,0,280,209,83
829,278,1271,Shamela0010273,2686,396,826,246,30
829,0,272,Shia001237Vols,912,1053,1326,215,97
829,278,769,JK000001,550,432,1629,225,21
829,879,1545,JK000001,552,109,832,368,55
829,0,272,Shia001432Vols,26466,558,831,216,98
829,0,257,Shia001266,7,1329,1582,195,90
829,278,1463,Shia000151,133,313,1288,350,27
829,278,787,Kraken220413202218,201,1165,1512,128,28
829,0,272,Shia002382Vols,57,280,553,216,98
829,725,1448,JK001197,70,13,563,318,51
830,229,564,JK000001,553,230,622,228,73
830,1167,1535,JK000001,554,7,419,232,66
830,229,397,JK001197,70,600,769,115,80
831,885,1575,Shamela0010273,2687,228,735,212,31
831,631,879,JK000001,556,456,846,186,58
831,1236,1536,JK000001,557,978,1530,225,49
831,885,1138,JK001197,71,575,918,133,49
832,1004,1373,Shamela0010273,26,452,783,230,70
832,940,1621,Shamela0010273,2687,758,1251,331,58
832,747,1621,JK000001,562,457,1331,601,78
832,979,1595,ShamAY0035035,3018,0,925,422,54
832,940,1324,Kraken220413202218,204,708,1027,218,65
832,1171,1530,Shia000233,454,138,671,208,43
832,377,531,JK001197,72,182,332,110,87
833,93,313,Shamela0010273,26,222,452,155,83
833,371,580,Shamela0010273,1107,357,659,139,57
833,66,547,Shamela0010273,2687,1261,1513,166,42
833,184,313,JK007044,479,0,112,88,86
833,93,313,Shia004092Vols,4860,273,507,146,78
833,89,313,Shia004092Vols,10315,994,1181,130,75
833,140,313,Rafed0002654Vols,4494,203,388,118,79
833,159,313,Rafed0002654Vols,10133,586,733,116,95
833,73,313,Shia000405Vols,687,1541,1737,139,68
833,66,294,JK000001,562,1349,1587,158,81
833,294,1374,JK000001,563,0,1528,611,43
833,1374,1498,JK000001,564,0,124,97,96
833,46,294,ShamAY0035035,3018,1249,1616,155,52
833,313,689,ShamAY0035035,3019,136,805,268,48
833,1244,1498,ShamAY0035035,3021,1126,1433,186,74
833,93,313,JK009298,106,240,469,158,87
833,375,634,JK009298,111,761,1153,194,62
833,815,1069,Shia000151,136,1376,1617,136,64
833,66,313,Shia000151,136,1122,1369,158,74
833,1069,1314,Shia000151,137,0,282,163,67
833,815,1091,Kraken220413202218,204,1109,1353,164,72
833,73,313,Shia002382Vols,57,562,825,170,78
834,1218,1582,JK000001,457,837,1083,164,55
834,41,692,JK000001,564,659,1280,458,82
834,1218,1307,ShamAY0035035,2377,741,1007,62,29
834,155,692,ShamAY0035035,3023,521,1415,417,55
834,1082,1563,Shamela0010517,1182,126,498,169,41
834,1218,1582,JK001197,52,1156,1397,164,56
835,1228,1520,Shamela0023789,590,708,994,169,65
835,1205,1520,JK000999,210,275,558,211,78
835,91,582,ShamIbadiyya0000438,310,0,417,225,49
835,1228,1520,EScr20120309,127,274,565,182,71
835,11,504,JK000001,457,1118,1537,235,50
835,1038,1545,JK000001,458,634,1122,357,85
835,1038,1545,ShamAY0035035,2381,628,1436,346,51
835,1038,1162,Hindawi081316951,385,1390,1508,94,94
835,1038,1205,Shamela0010517,1182,505,666,124,89
835,14,346,Shia000233,515,195,461,159,52
835,91,425,JK001197,53,0,208,162,59
835,1038,1219,JK001197,53,325,495,124,85
836,788,1091,Shia001237Vols,1785,12,326,230,88
836,788,1444,Shia001237Vols,1860,4,499,320,56
836,58,627,JK000001,455,215,1007,274,34
836,788,1156,Shia001432Vols,30049,1030,1442,248,70
836,1156,1444,Shia001432Vols,30050,0,292,225,88
836,770,1444,Shia001266,38,122,933,491,71
836,788,1434,EShia0071807,430,696,1377,488,87
838,50,736,JK000001,520,538,1440,444,57
838,315,753,ShamAY0035035,2856,295,985,297,52
838,50,220,Kraken220413202218,188,899,1105,120,64
838,549,736,Shia000233,70,0,526,129,31
838,1410,1622,JK001197,65,747,927,136,75
838,178,658,Shia002397Vols,129,313,891,244,44
839,544,1288,JK000001,519,377,993,401,60
839,769,1244,ShamAY0035035,2854,632,1398,304,47
839,646,1254,Shia002397Vols,130,179,576,233,46
840,327,561,Sham19Y0149697,2645,1151,1391,161,82
840,327,561,JK000001,521,1292,1543,173,85
840,674,878,JK000001,522,579,884,136,54
840,1120,1580,JK000001,523,766,1343,297,62
840,385,546,ShamAY0035035,2858,1114,1407,127,53
840,726,878,ShamAY0035035,2860,38,259,102,52
840,327,561,JK000281,1814,810,1064,171,83
841,345,493,Shia001149Vols,419,296,499,108,67
841,345,498,Shia001115Vols,328,502,840,108,41
841,354,493,Shia000275Vols,1260,362,641,97,42
841,1176,1550,JK000001,513,229,791,239,47
841,823,1087,JK000001,518,694,985,165,68
841,361,493,Shia000317Vols,6278,177,481,93,38
841,345,498,Shia001432Vols,24061,970,1330,104,37
841,71,349,Sham19Y0017101,28,287,576,122,45
841,823,1087,Sham19Y0017101,28,642,872,164,78
841,345,493,Shia000107Vols,2030,672,872,107,68
841,345,544,Shia001174Vols,5078,433,715,84,28
841,1176,1550,JK001197,64,784,1189,199,45
841,823,1087,JK001197,65,258,415,94,41
841,361,493,Masaha001075,157,1148,1277,99,93
841,345,493,PV2024060601,4147,1011,1214,108,67
842,0,135,JK000001,513,791,928,105,91
842,1222,1514,JK000001,523,319,709,168,49
842,933,1201,JK000001,524,0,275,175,66
842,297,597,Shia000182VolsBK2,1375,714,1101,73,16
842,1272,1514,ShamAY0035035,2861,564,915,148,52
842,297,602,Shia001157Vols,517,824,1380,87,17
842,304,564,Masaha001108Vols,252,1139,1287,65,32
842,0,238,JK001197,64,1189,1392,127,61
842,297,602,PV2024060601,5404,824,1380,87,17
843,128,358,JK007082,157,167,444,159,73
843,128,358,Masaha002473,247,64,297,148,75
843,128,358,Shia004092Vols,4747,197,398,139,73
843,128,358,Shia004092Vols,7200,859,1030,115,61
843,128,358,Shia004092Vols,10120,728,968,153,76
843,128,377,Shia004092Vols,10121,1105,1410,162,68
843,217,358,Rafed0002654Vols,4375,0,142,95,81
843,128,358,Rafed0002654Vols,6887,637,808,115,61
843,128,358,Rafed0002654Vols,9925,266,505,153,77
843,128,377,Rafed0002654Vols,9926,644,946,162,68
843,128,312,Masaha004105Vols,110,512,702,110,71
843,128,358,Shamela0003118,4682,261,498,148,75
843,128,358,Shamela0005858BK1,475,1119,1321,121,62
843,128,358,Shamela0010283,4742,148,388,153,76
843,0,358,JK000001,524,372,750,251,82
843,254,825,JK000001,524,1045,1537,293,57
843,825,1613,JK000001,525,0,988,455,53
843,135,358,Shamela0010906,1961,0,164,110,60
843,128,358,Kraken21040812,284,862,1136,155,71
843,128,358,JK000916,16011,513,776,154,75
843,0,358,ShamAY0035035,2863,815,1312,252,63
843,160,358,Masaha001108Vols,440,489,679,139,87
843,128,358,JK000134,2326,1046,1285,152,77
843,182,358,Sham19Y0013769,311,721,901,106,71
843,128,312,Shamela0010437,56,1191,1342,110,77
843,128,358,Kraken22021606123201,564,525,765,151,76
843,128,358,Shamela0035100,1613,167,367,139,73
843,160,358,Shia003754Vols,528,88,251,109,67
843,128,358,Shamela0003722,4828,858,1097,153,77
843,160,956,Shia002397Vols,126,433,1372,365,38
843,128,358,Sham19Y0149213,1272,438,645,123,63
844,15,537,JK000001,525,970,1597,337,62
844,1309,1626,JK000001,526,567,876,205,76
844,102,312,ShamAY0035035,2867,777,1083,142,56
844,1291,1609,JK001197,65,1429,1643,141,51
844,654,1202,Shia001140Vols,430,941,1311,166,34
845,0,626,JK000001,526,876,1577,432,70
845,626,971,JK000001,527,0,314,192,59
845,0,205,ShamAY0035035,2871,1320,1556,146,77
845,205,439,ShamAY0035035,2872,0,382,174,56
845,92,800,Kraken220413202218,191,824,1330,320,55
845,24,971,JK001197,66,21,640,399,51
845,92,439,Shia002397Vols,127,1287,1607,222,76
845,410,971,Shia002397Vols,128,70,447,251,51
846,1305,1567,Shia001237Vols,2465,611,850,168,75
846,1319,1571,Shia004049,255,438,678,190,93
846,1319,1571,Shia001432Vols,31002,19,264,193,93
846,1076,1206,JK009298,886,1111,1247,106,92
846,1317,1553,Shia001266,12,1345,1569,174,91
846,1305,1571,Shia000233,557,239,497,190,84
846,1305,1571,EShia0071807,463,811,1058,193,89
846,1079,1223,JK001197,65,431,583,112,88
847,0,718,Shia001237Vols,2465,856,1561,537,88
847,718,1640,Shia001237Vols,2466,0,1004,699,81
847,0,885,Shia004049,255,678,1556,671,89
847,885,1640,Shia004049,256,0,779,571,86
847,0,1367,Shia001432Vols,31002,264,1624,1055,91
847,1367,1640,Shia001432Vols,31003,0,298,216,89
847,1385,1640,Shia002394Vols,615,1024,1301,195,85
847,1385,1640,Shia002389Vols,393,637,916,204,89
847,0,1640,Shia001266,13,15,1575,1238,90
847,0,1155,Shia000233,557,497,1629,881,90
847,1155,1631,Shia000233,558,8,469,343,86
847,0,518,EShia0071807,463,1058,1561,392,90
847,518,1640,EShia0071807,464,0,1088,830,87
849,1144,1319,Shia001149Vols,539,587,766,132,85
849,1144,1319,Shia001349Vols,1173,1000,1183,139,93
849,1152,1319,Shia001357,6,112,286,134,94
849,1144,1319,Shia001544Vols,1017,280,480,136,81
849,387,680,Shia000298Vols,629,442,684,192,80
849,291,778,Shia004046,53,52,400,266,66
849,998,1139,Zaydiyya0000196,132,1327,1495,109,83
849,291,582,Shia001380,34,1219,1506,235,98
849,594,984,Shia001380,35,0,416,310,92
849,1152,1319,Shia001305,63,0,172,134,95
849,291,984,Shia001305,76,435,1076,498,86
849,1042,1319,Shia000117Vols,242,225,495,173,71
849,363,984,Shia000121Vols,234,0,615,486,95
849,1144,1319,Shia001142Vols,251,6,199,142,90
849,1144,1319,Shia001171,229,460,649,141,92
849,291,680,Shia001237Vols,2489,1153,1524,301,95
849,680,984,Shia001237Vols,2490,0,315,243,96
849,291,680,Shia004523,14,1025,1401,298,92
849,126,969,Shia000234Vols,6809,494,1485,623,75
849,1079,1408,Shia000234Vols,6836,12,294,167,59
849,291,989,Shia000317Vols,1384,178,885,530,89
849,1042,1319,Shia000317Vols,6920,395,676,174,69
849,291,1001,Shia000317Vols,6924,203,970,554,88
849,1144,1347,Shia001432Vols,31314,40,250,147,82
849,291,603,Shia001432Vols,31317,1152,1449,243,95
849,603,984,Shia001432Vols,31318,0,393,303,96
849,998,1139,Shia001432Vols,31636,903,1069,107,82
849,291,955,Shia000107Vols,2779,793,1458,507,91
849,996,1139,Shia000107Vols,2784,707,848,91,75
849,291,979,Masaha000146Vols,258,596,1193,454,79
849,1139,1319,Shia004012,36,648,802,106,70
849,1144,1328,Shia001418Vols,536,3,193,133,78
849,1144,1328,Shia001217Vols,4027,958,1143,134,82
849,291,729,Shia001217Vols,4061,1052,1486,336,91
849,729,984,Shia001217Vols,4062,0,270,204,94
849,1144,1319,Rafed0000685Vols,249,1157,1332,132,87
849,1144,1319,Shia000233,596,976,1142,132,91
849,304,984,Shia001270Vols,464,130,815,527,91
849,1042,1319,Masaha001978Vols,354,394,642,162,68
849,998,1139,Masaha001978Vols,619,225,384,102,78
849,1144,1335,Shia004624,14,879,1080,141,84
849,1139,1319,Masaha000989,230,1223,1393,127,82
849,1139,1319,Masaha000989,235,1084,1223,103,71
849,291,1004,Zaydiyya0000302,1539,499,1216,549,92
849,1144,1319,Zaydiyya0000302,1586,731,915,139,92
849,1144,1319,Zaydiyya0000302,1597,372,556,139,92
849,289,814,Zaydiyya0000302,1607,1005,1544,416,94
849,829,984,Zaydiyya0000302,1608,0,164,124,94
849,1144,1319,Shia000147Vols,224,778,971,136,87
849,1152,1319,AOCP20250214687,183,714,881,119,82
849,1144,1319,Shia001140Vols,466,6,200,141,89
849,1144,1319,PV2024060601,4267,1365,1544,132,85
849,291,1004,PV2024060601,7665,658,1375,549,92
849,1144,1319,PV2024060601,7712,912,1096,139,92
849,1144,1319,PV2024060601,7723,530,714,139,92
849,289,669,PV2024060601,7733,1157,1537,299,94
849,669,984,PV2024060601,7734,0,326,244,90
850,1383,1509,Shamela0023695,1220,1189,1314,82,80
850,286,1074,JK000001,528,470,1302,470,62
850,1177,1506,JK000001,529,716,1274,203,44
850,1177,1506,ShamAY0035035,2882,42,1016,201,26
850,324,489,JK001197,66,1087,1263,109,67
851,63,372,Shamela0023695,1221,0,279,184,67
851,11,372,JK009313,5644,908,1253,221,70
851,113,810,JK000001,530,16,946,372,43
851,11,380,ShamAY0035035,2883,292,1001,241,41