ms1,b1,e1,id2,ms2,b2,e2,ch_match,matches_percent
1,1029,1518,Sham19Y0146127,3439,792,1294,201,41
1,1032,1508,JK000754,2435,0,304,184,45
1,1032,1508,JK000271,145,199,762,246,49
1,1348,1502,JK000467,2527,588,939,107,38
1,1365,1585,JK007044,4926,595,815,130,66
1,1029,1263,Sham19Y0145212,2750,1266,1464,133,73
1,1223,1603,JK007107,310,0,401,151,37
1,1073,1508,Masaha003032,130,831,1436,202,41
1,1059,1263,Sham19Y0014119,434,657,797,93,58
1,1068,1263,Shamela0021537,2724,1168,1300,96,61
1,1068,1263,Shamela0021537,5807,266,398,96,61
1,1158,1508,JK000484,6322,426,1000,183,35
1,979,1263,ShamAY0034005,851,966,1358,146,45
1,1001,1603,JK009313,5389,414,1072,306,49
1,1029,1603,JK000913,2187,346,906,210,38
1,1001,1603,Sham19Y0014592,2940,19,511,300,54
1,1348,1488,Shamela0026884,634,266,561,93,41
2,1001,1216,JK009408,2259,681,878,112,56
2,1001,1322,Shamela0021809,3448,62,491,193,57
2,442,612,Sham19Y0020561,196,165,358,99,66
2,1242,1416,JK000010,81,560,738,131,93
2,752,1187,Shamela0025794,4473,1028,1469,165,31
2,97,390,Shamela0026429,8,787,1113,213,78
2,1001,1416,Shamela0026429,9,552,1016,219,53
2,114,326,Sham19Y0017878,268,0,289,165,70
2,421,553,Shamela0009810,1311,819,960,98,87
2,599,703,Shamela0002386,51,311,439,66,65
2,164,553,ShamAY0033562BK1,71,656,966,120,33
2,572,703,JK000467,2306,1115,1260,102,90
2,4,379,JK011677,112,548,1034,213,51
2,589,703,ShamAY0035224,2,317,460,72,64
2,850,1204,Shamela0026324,5377,1018,1399,189,56
2,850,1258,Shamela0012220,1788,940,1381,207,57
2,379,553,JK007064,758,134,302,95,56
2,379,553,JK000175,269,1188,1354,95,57
2,1154,1411,AOCP20251104052,15,132,370,135,66
2,1242,1416,JK007054,647,444,613,120,88
2,442,553,JK001046,134,1139,1256,87,94
2,425,553,Sham19Y0013252,8484,114,250,88,80
2,845,1295,Sham19Y0127677,1485,645,1102,185,41
2,431,703,Masaha003032,130,1119,1436,84,23
2,421,804,Masaha003032,131,83,385,98,27
2,452,553,JK001173,92,1112,1226,79,88
2,840,1299,JK000637,1538,907,1435,218,42
2,1001,1211,JK009313,3992,773,1030,159,78
2,1046,1276,JK009313,5390,0,282,144,65
2,835,1295,Sham19Y0148271,2043,173,728,225,44
2,1242,1416,JK000105,1091,144,322,131,93
2,335,553,JK000165,3633,128,316,94,49
2,421,667,JK000141,686,149,461,131,49
2,452,553,Shamela0012094,132,1318,1431,79,89
2,335,553,Shamela0006610,1073,1129,1321,95,49
2,421,566,Shamela0023100,288,384,537,90,70
2,0,985,Sham19Y0014592,2940,294,991,456,54
2,1001,1184,Shamela0009567,878,1196,1413,144,83
2,421,667,PV2024060602,4404,395,707,131,49
3,3,229,Shamela0026429,6,767,1300,100,20
3,1090,1459,Shamela0035100,3407,479,684,132,44
3,858,1151,ShamAY0033562BK1,76,812,996,111,46
3,653,938,Sham19Y0038171,2201,587,1199,133,25
3,1086,1451,Shamela0012860,49,960,1177,138,45
3,653,919,ShamAY0035035,8590,1046,1637,118,23
3,1090,1459,Shamela0010906,3476,87,292,135,45
3,789,1161,Sham19Y0014592,1152,184,748,123,25
4,493,640,Shamela0012579,1590,501,819,110,44
4,374,636,Shamela0026429,14,278,687,194,60
4,369,709,ShamAY0033562BK1,77,1168,1544,248,82
4,880,1134,ShamAY0033053,435,47,275,161,79
4,911,1134,JK000467,2307,0,236,161,84
4,880,1134,JK000467,2531,775,1032,184,89
4,22,357,ShamAY0033633,86,99,527,230,60
4,880,1124,Shamela0008473,3907,1079,1291,150,79
4,880,1134,JK009229,612,394,648,171,81
4,911,1134,JK007044,4904,1002,1180,129,72
4,829,1225,Shia003721Vols,456,587,1360,200,30
4,880,1355,Sham19Y0145435,1206,1219,1392,125,33
4,493,636,JK000474,4543,1176,1410,108,59
4,880,1124,Shamela0008202,9,963,1177,153,79
4,911,1134,JK001046,128,227,482,162,77
4,880,1134,Shamela0012981,1358,303,546,173,85
4,880,1134,Shamela0010480,1572,1208,1441,152,73
4,880,1124,JK009141,1274,1305,1502,146,75
4,914,1124,JK000637,2776,408,613,127,74
4,493,636,JK009241,539,1262,1420,112,90
4,709,1213,JK009313,5365,1038,1545,321,74
4,1275,1447,JK009313,5366,0,177,126,88
4,493,728,JK009313,5380,685,957,111,46
4,793,1134,Sham19Y0014592,1151,71,332,189,68
4,911,1134,JK009149,548,1173,1351,128,72
5,176,722,Shamela0026429,16,855,1410,412,90
5,176,690,ShamAY0033562BK1,22,928,1298,246,57
5,734,937,ShamAY0033562BK1,76,1343,1544,162,94
5,937,1569,ShamAY0033562BK1,77,0,755,439,65
5,0,776,JK009313,5366,181,861,462,69
5,238,722,Shamela0003118,2753,5,490,358,88
5,176,722,JK000916,8450,810,1350,396,86
6,392,667,Shia001615Vols,1973,876,1184,170,66
6,392,758,Sham19Y0013605,4121,1105,1451,260,88
6,408,758,Sham19Y0018103,3458,15,311,218,76
6,1301,1550,Shamela0007292,173,332,554,134,58
6,1277,1544,Shamela0010283,236,695,1026,183,70
6,1206,1544,Shamela0023789,1672,684,1030,220,72
6,1255,1544,JK009298,1002,593,924,150,48
6,0,392,ShamAY0033562BK1,77,755,1173,303,87
6,1175,1497,Shia001140Vols,111,1028,1529,188,46
6,1229,1544,Shia001432Vols,19263,656,1109,217,61
6,417,758,Shia001432Vols,19410,0,462,212,55
6,1184,1544,Shia001418Vols,486,1034,1515,231,62
6,1255,1550,JK000585,976,1059,1343,155,56
6,388,1094,JK009313,5371,703,1189,378,65
6,758,964,JK009313,5372,1364,1567,148,84
6,500,1094,JK009313,5395,866,1256,297,60
6,392,667,Sham19Y0016946,660,1079,1453,177,58
6,1237,1544,Shia001417,44,557,968,215,67
6,1175,1544,JK007082,293,76,451,257,81
6,1277,1544,Shamela0022593,820,679,962,192,80
6,1206,1544,Shamela0023790,304,54,390,228,77
7,0,502,Hindawi095926405Vols,198,276,781,320,68
7,3,502,Shamela0010283,236,1026,1539,329,71
7,418,706,Shamela0010283,237,8,284,169,69
7,3,487,Shamela0023789,1672,1030,1541,319,70
7,418,701,Shamela0023789,1673,21,295,169,66
7,3,532,JK009298,1002,924,1491,338,68
7,1191,1463,AOCP20251118103Vols,4,1034,1360,178,58
7,1007,1463,Shamela0010706,6,950,1542,242,42
7,3,706,Shia001140Vols,112,68,829,452,66
7,3,382,Shia001432Vols,19263,1109,1532,249,65
7,382,706,Shia001432Vols,19264,0,337,204,68
7,27,701,Shia001418Vols,487,0,724,432,66
7,3,532,Kraken220204081839,143,829,1400,338,67
7,3,532,ShamAY0035035,3525,292,877,333,62
7,536,701,JK009313,5367,1070,1219,108,82
7,37,365,ShamAY0033731,142,856,1126,162,53
7,3,502,Shia001417,44,968,1504,309,64
7,502,734,Shia001417,45,4,213,136,71
7,3,701,JK007082,293,451,1221,543,87
7,3,411,AOCP20251104134,1,543,1005,277,68
7,3,577,Shamela0022593,820,962,1566,349,62
7,3,706,Shamela0023790,304,390,1188,473,68
8,763,1140,PV20230224,905,515,1030,244,57
9,598,985,Shamela0002573,962,39,550,239,54
9,1186,1364,Kraken220217010131,681,1489,1681,133,84
9,933,1364,AOCP20251118103Vols,15,1055,1707,287,53
9,273,510,AOCP20251118103Vols,238,204,669,164,42
9,1161,1385,Rafed0003591Vols,319,449,696,145,70
9,1410,1573,ShamAY0033562BK1,3,408,572,129,96
9,0,571,Shamela0010706,25,219,1345,416,46
9,961,1385,Shamela0010706,27,57,601,295,64
9,990,1364,AOCP20251104158,66,569,1038,236,60
9,1424,1573,JK009313,5367,1405,1620,110,62
9,552,1309,JK009313,5369,1006,1720,492,75
9,1102,1385,PV20230224,901,0,334,222,80
9,20,219,PV20230224,908,603,806,139,83
10,612,1630,ShamAY0033562BK1,2,82,1009,602,63
10,0,607,ShamAY0033562BK1,3,572,1227,486,89
10,555,1592,JK009313,5367,130,918,499,53
10,26,607,JK009313,5368,0,654,409,73
11,0,504,Shamela0023628,3495,175,556,92,15
11,213,529,Shamela0023628,3496,20,302,130,44
11,0,504,Shamela0001466,3785,5,732,236,38
11,213,529,Sham19Y0013605,4190,714,1007,136,46
11,0,529,Sham19Y0023644,1492,419,966,201,38
11,354,529,Sham19Y0127656,693,1171,1348,109,77
11,213,535,Sham19Y0018103,3517,124,422,138,46
11,48,529,Masaha003104,36,486,947,156,33
11,0,383,Shamela0000041,2623,977,1505,170,33
11,213,529,Shamela0000041,2625,454,747,136,46
11,213,529,Sham19Y0016584,3957,745,1038,136,46
11,213,529,Sham19Y0122257,3294,282,624,136,41
11,213,529,Sham19Y0016684,1815,216,509,136,46
11,0,529,ShamAY0033562BK1,2,1009,1486,364,87
11,213,529,Sham19Y0017791,1974,783,1105,136,43
11,213,539,ShamAY0037387,257,325,623,134,44
11,354,529,Sham19Y0145212,3509,534,711,109,79
11,0,253,Shamela0010803,83,920,1361,146,38
11,333,529,Shamela0010803,90,494,733,113,52
11,420,529,Shamela0028107,90,35,140,81,96
11,213,529,Sham19Y0013252,8642,983,1276,136,46
11,213,529,Shamela0005756,13499,774,1065,127,44
11,354,529,Masaha003032,79,523,701,108,77
11,67,529,Sham19Y0014119,579,96,590,113,18
11,213,529,Shamela0037837,711,953,1246,136,46
11,333,535,Sham19Y0009800,199,535,781,123,63
11,213,529,Sham19Y0016976,1779,782,1104,136,43
11,213,529,Sham19Y0018176,2157,48,341,136,46
11,213,529,JK009324,3108,413,706,136,46
11,213,529,Sham19Y0018106,3619,69,362,136,46
11,213,529,Shamela0001483,11,322,608,129,43
12,971,1190,AOCP20251118103Vols,21,1378,1597,130,65
12,169,577,AOCP20251118103Vols,21,139,554,310,87
12,1204,1724,AOCP20251118103Vols,22,0,676,324,53
12,0,908,Shamela0010706,30,468,1670,717,71
12,936,1724,Shamela0010706,31,418,1376,584,72
12,971,1181,ShamAY0035035,9310,1345,1564,141,73
12,146,1495,JK009313,5370,394,970,422,37
12,104,936,PV20230224,766,0,1055,668,75
12,1095,1724,PV20230224,767,37,732,470,79
13,1214,1561,AOCP20251118103Vols,29,1270,1639,261,86
13,183,946,Shamela0010706,32,74,1180,476,50
13,1214,1581,Shamela0010706,37,233,633,278,85
13,1211,1542,JK009313,5370,1029,1242,168,63
13,0,586,PV20230224,767,732,1592,423,58
13,586,876,PV20230224,768,0,587,201,41
13,1214,1535,PV20230224,772,1263,1595,246,91
14,1099,1327,Sham19Y0146127,127,1242,1441,147,80
14,1131,1423,Sham19Y0017437,201,650,1076,191,54
14,1079,1408,Sham19Y0018144,225,293,662,233,78
14,1099,1434,JK011153,145,365,761,187,57
14,859,1068,Shamela0026429,19,676,887,147,86
14,859,1068,ShamAY0034447,461,1265,1514,137,68
14,344,816,ShamAY0034447,461,56,519,320,81
14,1079,1423,Sham19Y0016636,104,828,1095,180,64
14,908,1068,JK008001,378,527,704,115,84
14,1281,1443,JK000754,167,1097,1249,104,76
14,1079,1244,JK005200,23,636,775,107,83
14,192,816,ShamAY0033562BK1,112,951,1524,322,57
14,1250,1490,JK000104,189,608,826,152,74
14,859,1068,JK009160,145,252,450,125,68
14,1079,1423,Shamela0000767,234,6,333,238,85
14,1099,1423,Shia000107Vols,246,310,646,244,91
14,862,1068,JK000474,3735,621,832,131,75
14,1082,1490,Sham19Y0020638,142,28,421,269,80
14,1099,1490,JK000154,166,876,1249,246,71
14,354,822,JK000166,9197,278,721,308,79
14,862,1202,Shia001432Vols,18995,367,769,170,49
14,1079,1466,JK000095,146,1156,1517,259,81
14,1090,1490,Sham19Y0013572,841,751,1150,277,83
14,1099,1490,JK007065,856,42,739,274,49
14,1079,1490,JK007065,1517,997,1419,283,80
14,908,1099,Sham19Y0127677,124,453,675,123,72
14,1074,1490,Shamela0005756,1915,1011,1433,182,44
14,1079,1434,JK009141,301,14,319,216,75
14,1079,1401,JK000585,1625,957,1213,167,63
14,816,1319,Shamela0012884,5267,9,541,211,39
14,822,1068,JK009270,5811,339,616,141,64
14,1086,1490,JK009336,1923,441,851,285,82
14,1074,1290,Sham19Y0016599,573,1199,1398,144,82
14,1290,1460,Sham19Y0016599,574,0,183,119,83
14,1079,1423,JK000484,252,88,454,250,86
14,859,1319,JK000637,2325,287,759,186,42
14,246,954,JK009313,5370,1270,1588,151,26
14,879,1490,Shamela0001875,73,612,1355,295,40
14,822,1068,Shamela0001404,432,174,462,145,63
14,393,735,Kraken21042917,59,1330,1545,154,55
14,876,1068,Shamela0001438,286,128,356,137,77
14,1082,1490,JK007083,23,178,610,288,81
14,1074,1466,Shamela0000894,1723,341,747,273,80
14,1079,1423,Shamela0000894,4199,313,681,256,85
14,1074,1423,Sham19Y0018272,1894,639,915,167,58
14,822,1150,Sham19Y0008889,89,1069,1359,154,57
14,912,1099,JK009390,215,0,225,121,70
14,1079,1482,JK009390,6508,594,917,181,53
14,1079,1423,Shamela0001727,183,969,1327,256,90
14,1079,1404,PV2024060602,2215,1086,1424,241,89
14,1079,1244,Sham19Y0122406,520,482,655,118,86
14,1079,1490,Sham19Y0122406,521,607,1086,222,52
14,859,1068,JK000883,340,341,552,122,67
14,1258,1423,JK000485,649,0,162,119,87
14,1079,1423,JK000485,656,605,936,217,76
15,318,491,JK009408,417,256,433,135,91
15,759,1424,Sham19Y0123665,188,75,563,283,45
15,0,246,Shamela0003722,6677,1024,1256,174,87
15,341,468,ShamAY0035955,36,480,611,103,96
15,10,313,Sham19Y0146127,127,529,857,207,80
15,318,491,Sham19Y0146127,128,1055,1237,120,73
15,318,550,Shamela0021809,355,588,801,141,73
15,24,225,Sham19Y0018144,227,1229,1431,143,81
15,322,491,Sham19Y0018144,228,1061,1230,130,90
15,83,491,ShamAY0032946,10,538,917,179,45
15,0,246,JK000977,312,442,672,173,87
15,0,220,Shamela0025794,4798,1040,1252,163,92
15,599,729,Shamela0025794,5265,0,133,101,94
15,318,491,JK001036,36,419,595,133,91
15,57,313,Shamela0008544,679,583,841,138,63
15,331,468,Shamela0008544,684,351,489,95,79
15,318,491,JK006838,1438,668,838,132,92
15,294,527,Masaha003955Vols,344,1355,1570,140,70
15,243,468,Shamela0010284,81,185,462,155,67
15,318,491,Sham19Y0017616,502,382,557,135,92
15,318,491,Tafsir09084,1308,860,1049,133,84
15,238,491,Shamela0000432,5540,105,329,161,77
15,73,232,JK009362,9285,421,644,110,59
15,318,491,Shamela0035100,612,926,1098,135,94
15,341,468,JK008001,6476,0,131,103,96
15,117,243,JK008001,6477,49,186,96,88
15,42,243,JK000102,202,448,636,127,76
15,246,491,JK000102,205,1117,1347,148,73
15,318,491,JK000102,206,1177,1350,132,90
15,318,491,Shamela0004445,2869,821,993,135,94
15,123,418,JK000754,167,1254,1494,169,69
15,341,468,Sham19Y0122096,3457,158,288,102,96
15,318,491,Shamela0008473,2656,1001,1182,135,89
15,0,468,JK000104,189,826,1319,274,57
15,153,478,Shia003961Vols,1808,720,1025,142,43
15,318,550,JK009229,208,79,321,137,64
15,42,373,JK000961,258,1087,1392,175,60
15,351,491,JK000961,334,0,142,107,88
15,284,468,Shamela0000767,3117,334,499,128,84
15,318,491,JK000474,318,817,992,133,91
15,318,491,ShamAY0037387,220,934,1109,134,91
15,318,491,Sham19Y0020638,143,1043,1219,133,91
15,153,468,JK000166,5126,610,1027,138,31
15,127,478,Shia001174Vols,2418,344,687,208,65
15,322,491,Shamela0010803,31,959,1128,130,90
15,318,694,JK000083,126,859,1310,182,41
15,341,468,JK009274,824,686,817,103,96
15,252,423,Shia001432Vols,18955,544,696,111,79
15,318,491,JK000095,147,1178,1359,139,94
15,0,318,JK000095,147,25,332,218,84
15,0,373,Shamela0036446,91,421,735,207,62
15,318,522,Shamela0036446,1198,238,441,141,83
15,341,527,Shamela0008540,329,231,457,118,65
15,10,220,JK009142,58,627,814,137,78
15,88,522,Shamela0012981,1165,645,1035,146,31
15,0,313,Shamela0012981,2376,878,1256,183,59
15,318,491,Shamela0001524,3156,940,1116,135,92
15,252,694,JK000232,19,213,692,226,48
15,318,491,JK007065,1274,1273,1448,133,91
15,57,313,JK007065,1452,0,266,172,81
15,117,246,Sham19Y0127677,1436,972,1092,95,93
15,328,468,Sham19Y0127677,1846,577,721,106,91
15,318,491,JK000330,898,1202,1374,135,94
15,123,232,Shamela0005756,1198,1356,1465,87,100
15,73,232,Shamela0005756,1916,75,255,124,86
15,42,243,Sham19Y0014309,2275,354,579,147,76
15,10,232,JK009141,302,78,293,161,85
15,318,491,JK009141,999,1254,1429,135,92
15,252,491,JK000585,1624,94,350,173,78
15,318,458,Shamela0021493,115,1332,1476,113,95
15,733,1200,Sham19Y0132524,345,1103,1613,361,86
15,57,232,Sham19Y0132524,345,0,186,140,94
15,1200,1499,Sham19Y0132524,346,0,305,235,95
15,318,491,Sham19Y0132524,348,88,262,133,91
15,341,468,Shamela0021659,1171,136,267,103,96
15,1017,1433,JK009236,415,0,363,0,0
15,318,522,Sham19Y0132973,569,347,596,142,70
15,303,468,Tafsir01005,1124,0,147,111,78
15,0,468,Tafsir01005,5180,478,980,299,65
15,733,1499,Tafsir01005,5181,60,853,532,74
15,0,351,JK009336,1922,20,385,225,75
15,318,491,JK009336,3280,1121,1296,135,92
15,733,1504,Sham19Y0016599,579,86,918,592,87
15,10,243,JK000484,251,137,379,181,93
15,318,491,JK000484,253,238,425,119,71
15,83,243,JK000484,6858,1109,1268,118,89
15,505,729,JK000637,299,756,1246,165,42
15,318,491,ShamAY0034005,1307,47,221,133,91
15,318,491,Rafed0003489,161,51,222,134,93
15,83,486,JK001503,262,908,1398,199,40
15,318,491,JK009313,1404,368,545,131,91
15,318,491,JK000082,354,1123,1297,129,88
15,318,491,Shamela0036543,182,682,854,135,94
15,0,322,Shamela0001875,74,239,556,213,79
15,318,491,Shia002069Vols,681,1016,1206,133,86
15,318,491,Sham19Y0148271,241,723,910,140,92
15,537,729,Sham19Y0148271,2115,8,477,151,40
15,0,243,Sham19Y0148271,2207,647,883,171,87
15,10,373,Kraken230110004547,322,599,876,186,59
15,318,491,Kraken230110004547,648,890,1065,134,91
15,1056,1424,Kraken21042917,61,0,468,225,50
15,759,1499,Sham19Y0122401,47,371,1275,569,77
15,318,491,Shamela0010906,607,1314,1485,135,93
15,117,246,Shamela0001438,2347,1170,1293,98,95
15,341,468,Shamela0001438,3688,555,686,103,96
15,318,491,JK001303,306,1038,1209,135,94
15,318,491,JK000132,83,212,383,135,94
15,318,491,Sham19Y0001729,2622,1110,1287,133,90
15,252,491,JK007043,1112,563,801,175,85
15,57,385,JK007043,1113,0,391,175,55
15,73,232,Tafsir07057,5385,64,287,110,59
15,322,491,Kraken230106005528,1151,737,904,120,82
15,117,246,JK009390,1357,184,305,95,92
15,341,532,JK009390,1981,1267,1430,114,72
15,0,313,Shamela0006700,472,284,617,190,67
15,517,740,Shamela0009567,49,266,779,162,39
15,0,232,Shamela0001727,184,1144,1388,185,94
15,318,491,Shamela0001727,185,1099,1274,135,92
15,0,149,PV2024060602,2216,1266,1426,118,91
15,318,491,PV2024060602,2217,1231,1406,135,92
15,0,294,Sham19Y0122406,523,1046,1339,199,82
15,318,491,Sham19Y0122406,525,1010,1185,135,92
15,318,491,JK000883,109,1110,1287,135,91
15,0,214,JK000485,878,1250,1465,159,91
15,88,486,ShamAY0033177,216,1204,1591,170,45
15,5,232,ShamAY0033177,221,1177,1418,179,91
16,1126,1374,JK006838,1438,1135,1468,152,52
16,590,753,Shamela0004445,2868,387,772,127,41
16,237,530,JK000754,168,236,825,147,29
16,969,1546,Shamela0001524,3157,132,1130,314,36
16,4,792,Sham19Y0132524,345,423,1066,300,36
16,400,693,Sham19Y0132524,346,513,797,139,49
16,4,373,Tafsir01005,5180,1011,1395,244,65
16,400,530,Sham19Y0016599,579,1005,1135,101,95
16,590,753,Rafed0003489,159,1136,1516,127,41
16,530,758,JK001303,302,1032,1446,134,40
16,651,1206,JK001303,304,631,1503,300,40
16,1206,1565,JK001303,305,0,363,281,94
16,619,932,Sham19Y0001729,2528,468,812,107,26
16,536,758,Sham19Y0014592,1950,984,1431,141,40
16,859,1099,Shamela0022593,106,575,1191,129,24
16,544,753,JK000485,781,87,597,98,22
17,70,275,JK000742,350,1263,1478,159,90
17,70,285,ShamAY0038134,248,349,556,149,83
17,66,275,Shamela0025794,911,860,1074,167,97
17,66,451,ShamAY0034447,459,24,444,212,58
17,686,1167,JK008001,5182,604,1094,368,90
17,98,240,JK008001,6477,212,364,115,93
17,66,275,JK000102,208,928,1130,157,90
17,1265,1558,AOCP20251118103Vols,25,536,758,129,55
17,70,451,Shamela0008473,3284,989,1311,203,65
17,1207,1558,Shamela0010706,34,1013,1378,260,87
17,66,258,ShamAY0037387,219,1327,1523,149,90
17,66,275,JK000095,148,240,467,167,91
17,66,270,AOCP20251104052,21,224,437,158,91
17,747,1167,Sham19Y0127677,5943,0,426,329,93
17,70,240,JK009141,1298,186,358,135,97
17,66,285,Sham19Y0020868,478,20,244,170,95
17,66,451,JK000637,2814,154,582,206,53
17,9,275,JK009313,1403,425,683,198,88
17,487,1193,JK009313,5371,0,707,538,90
17,70,474,JK000475,1997,80,468,188,49
17,1204,1558,PV20230224,770,381,753,265,88
17,66,275,Sham19Y0148271,1245,1105,1319,167,97
17,153,966,ShamIbadiyya0000229,394,596,1128,368,54
17,98,240,Shamela0001438,4545,402,554,115,93
17,70,253,ShamAY0035249,45,984,1169,147,98
17,70,281,JK001303,305,521,730,169,99
17,686,1136,JK001303,427,1116,1583,343,89
17,338,717,JK001303,428,110,434,147,40
17,686,841,Shamela0003118,2079,1443,1601,112,84
17,841,1167,Shamela0003118,2080,0,339,263,94
17,42,240,JK009390,3726,15,198,125,77
17,686,1167,JK009390,6827,1050,1542,368,89
17,686,1167,JK009390,7788,255,745,368,90
17,686,1167,JK000916,6065,572,1069,368,90
17,66,275,Shamela0009567,712,1098,1312,167,97
18,404,649,ArabCommAph051688739,179,1444,1647,119,59
18,759,1115,AOCP20251118103Vols,26,0,423,248,68
18,145,1217,Shamela0010706,35,13,711,507,58
18,704,1025,AOCP20251104052,176,73,369,199,73
18,898,1115,ShamAY0035035,9308,37,244,143,76
18,0,1086,PV20230224,770,753,1543,508,54
18,283,709,PV20230224,771,122,602,318,81
19,11,256,JK007117,633,1094,1342,166,78
19,526,869,Shamela0012862,223,120,479,225,72
19,8,238,Sham19Y0131521,6649,352,579,143,71
19,8,264,Shamela0021809,265,1197,1474,170,77
19,36,324,ShamAY0033181,291,1201,1483,184,73
19,526,862,JK000071,331,238,527,191,69
19,8,324,Shamela0025794,4442,834,1194,189,64
19,75,238,Shamela0000432,5064,314,483,122,86
19,55,331,Sham19Y0122257,849,0,270,171,74
19,1342,1525,JK009287,7,329,508,142,94
19,324,810,JK008001,2307,753,1044,122,25
19,75,256,JK008001,2920,1020,1225,133,79
19,914,1565,Rafed0003591Vols,322,300,653,230,42
19,526,862,Shamela0021635,293,987,1326,243,87
19,8,319,Sham19Y0020944,1221,300,710,202,58
19,70,246,JK000298,3559,402,726,131,50
19,888,1514,Shamela0010706,37,989,1653,485,87
19,65,331,JK007045,205,0,263,166,74
19,11,256,JK007116,22,1017,1265,166,78
19,11,402,ShamAY0034002,33,833,1275,206,53
19,8,287,Shamela0000140,325,1175,1449,179,74
19,11,331,Sham19Y0145212,1051,358,659,190,70
19,914,1565,Shia001432Vols,19303,1081,1428,228,41
19,51,331,Sham19Y0017063,269,549,889,153,48
19,526,862,Shamela0012981,2162,535,891,220,71
19,0,406,JK000232,611,810,1301,184,37
19,11,324,Shamela0005756,8023,201,540,168,55
19,8,238,JK000142,1182,935,1181,159,79
19,8,238,Sham19Y0020591,1923,970,1217,159,79
19,617,862,JK000021,3091,0,252,182,90
19,31,238,Sham19Y0014119,119,873,1171,147,59
19,11,327,JK009336,2618,716,1050,186,57
19,300,869,JK000637,864,844,1417,269,49
19,0,327,JK009241,51,927,1235,198,73
19,11,324,JK000080,231,860,1240,228,74
19,55,238,JK000080,1032,0,195,142,89
19,904,1565,PV20230224,929,560,1261,518,89
19,8,190,Shamela0001875,362,1283,1462,129,82
19,8,331,Sham19Y0148271,216,191,587,184,54
19,557,810,Sham19Y0023625,220,1215,1421,146,70
19,70,238,Sham19Y0016976,504,1069,1249,121,78
19,584,810,Shamela0001438,1594,876,1078,83,40
19,75,256,Shamela0001438,2735,725,913,136,88
19,8,219,JK000132,439,1191,1419,143,77
19,8,238,JK007043,45,118,360,163,84
19,557,862,Sham19Y0008889,274,297,562,179,71
19,8,238,Sham19Y0014601,6158,1192,1438,155,76
19,8,238,PV2024060602,5779,821,1067,159,79
20,0,441,Rafed0003591Vols,322,653,1080,341,94
20,0,1234,Shamela0010706,38,52,1631,907,68
20,0,208,Shia001432Vols,19303,1428,1636,158,89
20,208,441,Shia001432Vols,19304,0,224,180,93
20,0,385,PV20230224,929,1261,1650,300,90
20,385,1440,PV20230224,930,0,1444,756,62
21,965,1101,ShamAY0033562BK1,119,1473,1607,96,82
21,1101,1637,ShamAY0033562BK1,120,0,580,406,83
21,0,554,Sham19Y0011326,60,911,1654,428,70
22,1051,1228,JK009154,352,670,941,117,56
22,1051,1228,Shamela0026429,18,1164,1442,120,55
22,0,981,ShamAY0033562BK1,120,580,1569,785,95
22,1056,1305,Sham19Y0038171,2071,229,682,142,37
22,1452,1645,Shamela0010706,61,12,211,159,95
22,1486,1636,AOCP20251104052,40,1012,1154,113,90
22,1056,1228,ShamAY0035035,7855,1094,1358,118,56
22,1113,1228,JK000022,148,3,115,87,96
23,0,480,AOCP20251104052,40,1154,1708,250,51
24,517,1313,ShamAY0033562BK1,117,754,1575,624,93
24,1313,1448,ShamAY0033562BK1,118,0,135,106,100
25,261,488,Shamela0026429,22,787,998,169,89
25,535,911,Shamela0026429,24,425,780,270,86
25,580,903,JK001332,320,126,419,185,61
25,973,1126,JK008001,128,1260,1478,116,66
25,296,477,JK008001,134,1068,1405,150,53
25,266,488,Shamela0097927,33,710,920,166,87
25,12,488,Sham19Y0038171,1496,933,1408,183,30
25,917,1110,Sham19Y0038171,2229,334,544,124,63
25,296,488,Sham19Y0122096,2871,1196,1388,157,96
25,375,917,JK000298,3710,1166,1628,296,60
25,125,488,JK000746,160,249,585,199,59
25,375,911,JK005004,100,1062,1604,276,48
25,261,488,JK005004,101,1156,1372,171,90
25,296,488,JK009274,691,972,1164,157,96
25,296,488,Sham19Y0127677,1196,1169,1361,157,96
25,973,1154,Sham19Y0127677,1624,70,322,126,63
25,261,488,JK000021,63,873,1100,181,96
25,296,488,Shamela0021659,981,833,1025,157,96
25,159,488,ShamAY0035035,5723,256,582,188,69
25,538,911,Shia002069Vols,178,0,339,250,81
25,973,1126,Shamela0001438,2774,81,294,113,64
25,296,488,Shamela0001438,2838,751,943,157,96
25,530,911,JK000022,2016,1027,1404,262,79
25,261,488,ShamAY0034809,21,694,921,181,96
25,950,1126,AOCP20251104143,67,19,220,119,69
25,954,1162,JK009390,1660,441,731,132,58
25,266,488,JK009390,1702,285,522,174,87
25,530,954,JK005007,104,649,983,229,67
25,530,911,JK000916,19765,940,1317,276,87
26,368,991,JK007081,763,235,736,323,60
26,120,1145,Shamela0010706,102,9,1005,719,80
26,152,991,AOCP20251104052,42,754,1384,435,59
27,18,763,ShamAY0033562BK1,114,617,1365,570,90
27,1042,1433,JK007044,1597,0,340,262,81
27,935,1367,JK001046,125,1304,1682,300,84
27,930,1190,JK009313,5395,1264,1513,193,89
27,1190,1409,JK009313,5396,0,184,140,75
27,980,1409,JK000022,994,859,1375,319,73
28,86,217,Shamela0026429,65,705,836,94,90
28,472,664,ShamAY0033562BK1,118,259,429,116,72
28,697,1318,ShamAY0033562BK1,121,862,1667,342,44
28,16,357,JK001046,124,931,1360,140,34
28,46,268,JK009313,5396,220,409,109,63
29,238,390,JK009408,1751,616,756,101,85
29,19,181,Sham19Y0018103,3954,956,1130,94,59
29,238,394,Shamela0026429,33,358,506,103,82
29,19,181,Sham19Y0016584,4491,743,917,94,59
29,5,181,JK007039,13,575,756,104,60
29,241,710,Shamela0001442,993,649,1329,248,41
29,39,181,Shamela0021766,319,715,848,86,69
29,19,288,ShamAY0033075,16,1243,1475,120,54
29,241,536,JK009229,1082,869,1262,192,60
29,19,181,JK000110,1821,327,501,94,59
29,208,481,JK000166,7808,293,584,158,63
29,362,555,Sham19Y0150639,316,33,292,152,72
29,19,181,ShamAY0038116,4,1206,1377,94,60
29,238,436,Sham19Y0127677,1432,1201,1404,119,66
29,5,319,JK009313,5403,751,1218,193,49
29,94,634,JK009313,5404,555,938,181,40
29,241,547,JK000165,3171,55,598,185,42
29,35,174,Shamela0003118,3368,718,878,91,63
29,19,181,Sham19Y0001729,1574,846,1016,94,60
29,39,181,Sham19Y0018176,2430,5,164,87,60
29,19,181,Sham19Y0018106,4033,1000,1174,94,59
29,19,181,PV2024060602,1821,327,501,94,59
30,530,917,Sham19Y0146127,959,361,1123,183,28
30,530,917,Sham19Y0150639,425,327,537,94,26
30,571,911,Sham19Y0014309,2016,0,269,89,25
30,510,917,JK000484,1870,401,737,96,21
30,1327,1479,JK009313,5404,1083,1252,113,84
30,126,989,JK009313,5406,354,1362,478,53
30,501,1018,Sham19Y0017903,879,553,1110,219,40
31,736,944,Shamela0023685,1017,1022,1240,137,75
31,304,429,JK000742,200,517,642,102,100
31,736,926,Sham19Y0018144,2240,378,631,135,64
31,736,930,JK000010,22,263,521,141,68
31,463,674,Shamela0026429,32,531,731,140,84
31,736,900,Sham19Y0014462,79,1263,1491,120,65
31,736,934,ShamAY0033562BK1,95,429,683,141,69
31,733,911,Sham19Y0020638,1017,539,847,118,45
31,736,926,Sham19Y0145212,1205,8,209,135,80
31,742,926,ShamIbadiyya0000438,832,762,1166,121,37
31,736,930,Shamela0028107,689,1126,1380,140,67
31,736,934,JK000585,2237,461,730,141,64
31,703,926,Masaha003032,133,854,1098,160,80
31,278,411,Shamela0012884,5501,1298,1441,106,90
31,766,934,Sham19Y0006684,4081,6,189,127,84
31,733,926,JK000264,2240,1087,1278,136,80
31,736,934,JK001503,3468,89,358,142,65
31,694,926,JK009313,5404,836,1071,178,91
31,296,429,Shamela0007798,9698,246,385,107,94
31,736,890,JK000105,1031,1375,1573,108,67
31,736,926,Shamela0001727,1269,235,1115,141,19
31,736,926,PV2024060602,3301,362,1242,141,19
32,1385,1780,Shamela0023685,1018,1075,1523,267,69
32,1407,1780,JK000010,25,814,1256,265,68
32,0,330,AOCP20251118103Vols,96,229,893,262,46
32,1381,1780,JK009313,5405,54,534,295,75
32,1407,1780,JK000105,1035,277,717,265,69
32,1472,1780,Shamela0026568,903,13,373,221,71
33,120,280,Shamela0023685,1019,109,280,124,84
33,284,499,Sham19Y0131521,5226,171,450,142,58
33,980,1271,Zaydiyya0000013,38,950,1368,174,51
33,582,755,JK000010,25,490,675,132,83
33,96,284,JK000010,26,0,188,151,97
33,280,586,JK000010,26,788,1158,220,71
33,1197,1369,Shamela0007292,82,152,314,119,84
33,1197,1363,JK006838,1390,230,689,91,23
33,983,1454,Shamela0009306,1,243,833,246,50
33,980,1171,JK000467,2223,1146,1323,117,79
33,48,175,Sham19Y0122096,393,1314,1435,84,72
33,1392,1557,JK000961,376,949,1254,126,52
33,120,280,Sham19Y0145212,1207,176,312,103,75
33,865,1181,JK009245,558,1198,1458,183,71
33,1003,1369,JK009245,559,750,1375,168,31
33,1197,1369,JK011658,287,777,941,114,82
33,865,1454,Shamela0012884,1984,609,1187,407,81
33,1392,1557,JK000021,1684,202,350,117,89
33,991,1271,JK009336,1984,277,577,176,73
33,826,1454,JK009313,5401,625,1021,235,44
33,0,499,JK009313,5405,534,1061,390,90
33,983,1274,JK000475,1430,303,1164,157,22
33,1221,1557,JK000080,769,592,1119,172,42
33,951,1181,Shamela0001438,3586,1177,1398,123,67
33,0,284,JK000105,1035,717,1271,229,50
33,280,586,JK000105,1036,277,648,228,73
33,0,280,Shamela0026568,903,373,712,176,63
34,722,1026,JK001271,35,369,672,195,67
34,856,1026,Tafsir02102,1784,853,1024,137,98
34,856,1026,Sham19Y0122257,2613,914,1072,127,91
34,680,956,Shamela0010843,102,304,567,149,62
34,651,1026,Shia003101Vols,584,804,1195,210,60
34,735,1026,JK001160,390,209,433,156,65
34,11,145,JK000906,3171,1357,1511,105,82
34,900,1026,Tafsir09050,1212,611,738,98,89
34,706,1026,JK000624,81,1085,1441,206,65
34,1101,1496,Shamela0012884,1985,24,505,291,74
34,1124,1459,JK000021,1716,982,1455,241,63
34,476,1036,JK000021,1717,275,837,388,80
34,856,1496,JK009313,5366,833,1485,426,71
34,856,1036,JK009313,5457,682,868,140,93
34,722,1026,Shamela0013041,28,920,1236,196,65
34,856,1026,Shamela0001535,2674,358,529,137,98
34,1124,1350,ShamAY0034809,293,1124,1358,175,93
34,476,601,ShamAY0034809,294,352,494,91,81
34,1200,1496,Sham19Y0018272,329,4,394,213,65
34,651,1026,JK005007,565,331,692,192,56
34,828,1036,JK000916,23820,0,199,151,88
34,722,1026,JK000883,1012,154,464,198,67
34,794,1026,JK001492,340,288,512,175,91
35,498,659,JK001271,12,90,327,117,61
35,498,659,JK000583,111,497,682,111,73
35,786,1291,JK000583,144,780,1390,161,23
35,1062,1409,JK000583,442,19,240,158,53
35,685,830,Shamela0026429,135,1366,1494,103,87
35,258,434,ShamAY0033562BK1,9,414,544,82,60
35,1031,1519,ShamAY0033562BK1,59,335,588,70,13
35,1074,1409,Shamela0002569,318,50,273,157,53
35,201,413,JK005004,795,994,1389,107,31
35,0,368,JK009251,106,1025,1356,132,30
35,0,166,AOCP20251104052,199,135,350,132,75
35,0,258,Shamela0012884,1985,505,731,162,77
35,0,166,JK000021,1717,36,202,132,98
35,854,1308,JK000637,1488,16,356,204,51
35,665,1026,Shamela0003283,689,1034,1490,180,45
35,966,1251,Shamela0005390,281,458,629,117,51
35,0,166,ShamAY0034809,294,178,345,133,98
35,0,201,Sham19Y0018272,329,394,609,148,84
35,498,659,Shamela0021542,4,266,432,107,71
35,957,1519,Sham19Y0014592,1882,625,1086,228,41
35,172,493,Sham19Y0014592,1885,238,590,203,70
36,675,1211,Shamela0023685,524,192,782,319,60
36,903,1144,Shamela0003722,5535,1209,1467,185,88
36,878,1211,JK000010,134,5,284,215,80
36,903,1211,Shamela0025794,5243,262,618,234,79
36,1013,1490,Shamela0026429,180,0,505,257,53
36,903,1178,Sham19Y0149213,1469,1210,1489,206,88
36,709,872,JK000137,472,1210,1376,127,96
36,903,1211,Shamela0002569,345,702,943,174,70
36,1289,1431,JK000746,37,1298,1443,100,83
36,903,1211,JK000474,4908,918,1255,236,87
36,709,990,Sham19Y0145212,2614,421,658,157,68
36,723,872,Shamela0010803,303,719,882,118,90
36,723,1211,Sham19Y0122255,147,408,1189,279,38
36,903,1077,AOCP20251104052,99,1621,1851,127,67
36,696,1345,JK007054,669,635,1442,317,46
36,1068,1490,Shamela0008203,128,655,964,124,34
36,508,1106,Shamela0000700,22,673,1409,210,28
36,630,1446,Masaha003032,56,56,1190,440,42
36,1289,1514,JK000021,1740,998,1219,154,78
36,696,872,JK009336,2014,5,229,127,71
36,723,990,JK000139,29,1078,1367,151,65
36,512,987,JK009313,2967,921,1460,193,36
36,653,1211,JK009313,2968,711,1358,262,40
36,903,1211,JK000475,1411,473,799,218,77
36,903,1172,Sham19Y0148271,2126,1163,1474,204,79
36,936,1211,JK000105,1144,0,269,211,95
36,903,1211,JK009390,6258,358,655,203,75
36,20,261,Sham19Y0014592,1885,1207,1445,145,72
36,723,882,JK000916,1246,1285,1432,110,86
36,723,872,Shamela0096239,180,1128,1265,107,88
36,903,1211,JK000883,1448,108,478,223,71
37,766,1077,Sham19Y0131521,5058,1024,1410,202,61
37,943,1077,Shamela0021809,1276,268,383,90,85
37,389,911,Sham19Y0017878,38,691,1426,200,27
37,808,1091,JK000216,371,243,787,165,35
37,808,1109,Sham19Y0038171,1383,1207,1441,128,54
37,902,1077,JK007054,898,287,417,98,72
37,943,1167,Shamela0001524,1645,883,1181,129,54
37,766,1077,JK000142,862,909,1293,202,62
37,943,1306,Sham19Y0020591,1398,573,891,126,35
37,769,1301,JK009336,1976,983,1512,235,43
37,337,827,JK000637,1488,685,1155,259,54
37,178,827,JK009313,2999,18,794,308,38
37,224,1009,JK009313,5393,630,1198,322,49
37,946,1109,JK000001,1447,811,935,95,74
37,943,1306,Sham19Y0014601,5063,1099,1375,131,44
37,766,1306,PV2024060602,5459,794,1379,242,42
37,228,619,JK000883,2316,930,1410,220,46
38,24,432,JK000130,937,940,1246,188,54
38,11,432,Shamela0009810,1254,693,1004,181,50
38,658,1366,Sham19Y0020944,844,951,1445,227,34
38,24,432,ShamAY0033910,929,974,1280,188,54
38,24,432,JK000474,850,683,1275,160,31
38,24,287,JK000474,851,1085,1315,155,70
38,1141,1366,JK007054,709,80,333,138,56
38,65,432,JK009336,1988,75,469,183,54
38,1104,1515,JK009336,2013,798,1343,202,46
38,24,432,JK000475,1015,466,772,188,54
38,11,287,JK000141,651,1134,1382,155,67
38,11,203,ShamAY0038637,104,1178,1373,125,76
38,32,432,PV2024060602,4370,0,409,184,51
38,24,432,PV2024060602,8018,1092,1398,188,54
39,208,510,Shamela0010803,309,364,780,121,33
39,395,528,JK007054,743,1320,1451,97,93
39,1113,1348,Shamela0023644,1338,1068,1346,145,59
39,690,1422,JK000021,1744,282,1263,238,23
39,112,389,JK000021,1747,249,599,134,42
39,101,590,JK009313,2978,299,866,213,41
39,208,719,JK009313,5221,484,1081,183,36
39,941,1316,JK009313,5401,957,1299,172,58
40,250,497,Shamela0003722,7735,562,1042,130,30
40,808,961,Shamela0000782,647,1078,1250,101,74
40,268,875,Sham19Y0020944,855,636,1411,288,43
40,140,625,Sham19Y0127700,319,228,723,199,39
40,143,396,Shamela0036446,661,918,1453,124,26
40,606,958,Shamela0001524,1639,208,578,154,47
40,699,961,Shamela0001524,3310,632,965,144,51
40,990,1286,Shamela0008203,130,465,681,147,62
40,558,880,JK000142,873,0,414,157,45
40,279,650,Sham19Y0020591,1414,409,702,147,40
40,561,1194,Masaha003032,57,1005,1381,99,15
40,990,1286,JK000021,1751,1002,1260,190,79
40,140,640,JK009313,2966,957,1343,181,40
40,567,1062,JK009313,2982,604,1083,191,37
40,811,1401,JK000080,764,999,1455,192,31
40,808,961,JK000679,121,1210,1349,96,79
40,808,961,JK000140,633,376,548,101,74
40,691,1414,Sham19Y0014592,1189,173,713,283,44
40,478,650,Sham19Y0014592,1883,10,219,118,72
40,180,650,PV2024060602,5469,927,1368,175,34
40,808,961,PV2024060602,6418,110,282,101,74
41,164,520,Shamela0007562,121,562,901,246,82
41,168,475,Sham19Y0013605,3989,145,383,159,60
41,916,1368,Shamela0000736,346,794,1214,287,76
41,713,1336,ShamAY0037387,340,667,1260,258,45
41,916,1365,JK000476,222,522,939,282,74
41,32,497,ShamIbadiyya0000050,3367,728,1166,218,53
41,916,1330,JK000629,406,872,1215,233,66
41,98,497,JK000021,1748,547,972,285,77
41,520,1365,JK000021,1749,293,1161,519,66
41,523,1381,Shamela0003118,522,209,870,374,49
41,953,1368,Shamela0003118,6347,10,375,220,61
41,127,497,Sham19Y0016946,643,0,381,257,77
41,503,858,Sham19Y0014592,1884,663,993,223,70
41,916,1376,JK000916,1252,785,1216,248,60
41,520,880,JK000916,1252,306,624,198,60
41,916,1330,JK009153,199,356,689,217,61
41,916,1368,JK000883,1883,597,1014,276,72
41,1030,1254,JK001492,310,50,242,119,62
42,95,644,JK001091,78,548,811,106,20
42,151,520,Shamela0013075,40,828,1248,219,60
42,148,429,Shamela0010803,110,742,1005,170,75
42,505,644,Sham19Y0127677,110,1182,1330,96,77
42,99,650,JK000021,1750,30,819,366,55
42,650,871,Shamela0003283,698,1199,1399,149,78
42,491,1071,JK009313,2988,216,787,182,27
42,695,954,JK009313,5452,131,494,182,62
42,520,644,Shamela0001438,254,997,1177,98,66
42,187,413,JK000918,185,1241,1455,137,75
43,1117,1352,Sham19Y0131521,5103,136,351,149,78
43,989,1386,JK000010,183,448,784,160,45
43,1149,1427,Sham19Y0122257,2496,0,284,173,73
43,1117,1422,Sham19Y0020944,853,400,701,157,55
43,470,1186,Sham19Y0020944,856,5,933,291,32
43,0,548,Sham19Y0038171,1380,1022,1335,144,30
43,1120,1305,JK007045,636,1223,1383,104,68
43,1226,1342,Sham19Y0145212,2621,446,587,78,72
43,1153,1328,Sham19Y0017063,1008,429,612,121,84
43,1024,1328,JK007054,717,4,272,134,54
43,1149,1352,JK000142,870,977,1181,141,85
43,627,1186,JK000142,873,733,1359,215,32
43,1117,1352,Sham19Y0020591,1410,797,1359,98,21
43,1226,1352,Sham19Y0020591,1411,121,245,83,80
43,968,1277,JK000021,1763,931,1428,192,45
43,885,1427,Sham19Y0014119,409,352,1009,238,42
43,0,548,ShamAY0035035,5502,776,1078,138,32
43,1099,1427,JK009336,1991,669,1079,188,54
43,1120,1309,Sham19Y0020868,184,530,689,108,69
43,779,1395,JK009313,2980,321,893,178,29
43,1117,1305,Sham19Y0016976,1346,728,927,136,86
43,989,1386,JK000105,1195,64,437,175,47
43,968,1093,JK000105,1203,5,128,96,92
43,1117,1342,Sham19Y0013667,5208,572,772,135,73
43,1034,1427,Sham19Y0017768,3055,889,1234,173,56
43,885,1342,JK000201,2523,871,1391,173,35
43,1149,1352,PV2024060602,5467,860,1064,141,85
43,627,1186,PV2024060602,5470,615,1241,215,32
44,26,201,JK005004,439,372,490,80,58
44,568,792,JK000021,1757,223,551,110,37
44,320,1041,JK009313,2992,21,798,256,30
45,790,963,Sham19Y0131521,287,854,1008,116,80
45,692,907,JK000467,2240,1059,1447,148,48
45,639,1025,Shia002264,756,381,717,138,41
45,746,1025,Sham19Y0150639,306,363,599,85,28
45,531,1112,JK000484,4653,492,1157,171,24
45,579,784,JK000264,2739,214,543,100,32
45,410,1004,JK009313,5396,844,1494,305,51
45,1031,1354,JK009313,5470,197,487,143,44
45,652,959,JK000080,777,252,570,137,44
45,687,959,Shamela0006610,1057,360,705,130,42
46,0,214,Shamela0000782,662,398,880,125,32
46,475,702,Shamela0026429,151,0,509,111,23
46,958,1456,Shamela0026429,156,4,989,188,23
46,1057,1349,Sham19Y0013252,8429,89,515,132,35
46,0,192,Shamela0008203,129,491,810,107,43
46,0,214,Sham19Y0014309,1353,189,525,128,47
46,0,145,JK009256BK1,4033,268,643,71,22
46,910,1200,JK009313,5374,1197,1491,176,69
46,72,697,JK009313,5474,206,999,262,35
46,0,342,JK000140,647,876,1379,110,21
46,0,342,PV2024060602,6432,610,1113,110,21
47,95,379,Sham19Y0146127,2485,268,481,122,57
47,520,788,Sham19Y0131521,4999,452,668,158,73
47,95,272,Shamela0026429,79,73,240,86,63
47,538,693,Shamela0004473,13229,1399,1532,107,85
47,256,514,Shamela0009810,1308,649,892,186,90
47,538,711,Shamela0009810,1309,919,1071,121,87
47,103,233,JK000746,26,1119,1232,86,84
47,538,788,Sham19Y0035453,239,120,327,133,68
47,425,679,JK000166,7642,1144,1369,118,59
47,334,776,Shamela0036446,668,767,1397,278,54
47,538,711,JK009266,1524,927,1081,121,86
47,95,228,Shamela0023644,1358,710,824,85,82
47,256,493,JK000312,430,1199,1420,169,88
47,538,711,JK000312,431,342,494,121,87
47,538,751,Tafsir01005,944,1198,1421,136,71
47,225,514,Tafsir01005,945,783,1010,166,71
47,520,684,JK000264,2713,440,571,99,75
47,310,934,JK009313,3025,172,778,246,42
47,538,1222,JK009313,5393,911,1487,352,57
47,0,367,JK009313,5394,167,555,196,60
47,1248,1353,JK009313,5397,904,1009,83,100
47,256,514,JK000141,684,841,1084,186,90
47,564,711,JK000141,685,356,507,115,95
47,298,616,Sham19Y0014592,2655,895,1514,172,31
47,256,514,PV2024060602,4402,1084,1327,186,90
47,564,711,PV2024060602,4403,602,753,115,95
48,708,946,Shamela0009810,1309,44,314,147,61
48,1256,1417,JK000021,1747,758,907,92,67
48,25,795,JK009313,5394,288,1094,426,57
48,104,795,JK000080,762,647,1052,178,28
48,747,1046,JK000141,685,5,436,166,47
48,708,1046,PV2024060602,4403,231,682,180,46
49,170,487,ShamAY0033181,54,112,377,140,46
49,315,690,ShamAY0035884,1875,11,505,130,24
49,198,533,JK008001,3732,274,754,165,40
49,822,1032,AOCP20251118103Vols,173,1193,1739,151,33
49,1173,1640,ShamAY0033562BK1,6,24,495,216,44
49,138,487,JK000471,132,122,671,215,46
49,216,626,Shamela0005756,9608,0,537,198,38
49,138,487,JK000165,84,1107,1436,177,58
50,838,1253,Shamela0007562,155,1162,1591,330,91
50,1258,1666,Shamela0007562,156,0,410,329,97
50,872,1666,JK000010,10,42,872,637,92
50,1323,1666,JK009245,560,1263,1591,257,90
50,838,1004,AOCP20251104111,23,823,1006,127,84
50,527,769,AOCP20251104158,216,449,715,171,79
50,872,1664,JK009313,5377,394,1188,634,95
50,149,846,Shamela0005390,330,340,827,327,54
50,872,1206,JK000105,1019,1247,1608,272,89
50,1206,1666,JK000105,1020,0,465,369,97
50,1196,1603,Sham19Y0018272,1956,1149,1561,324,95
51,1217,1479,Shamela0023685,524,776,1048,188,84
51,0,380,Shamela0007562,156,410,786,295,94
51,38,365,JK000010,10,1256,1639,218,68
51,384,597,JK000010,131,1528,1731,160,86
51,621,1270,JK000010,133,276,1505,412,41
51,1187,1605,JK000010,134,245,695,304,77
51,703,840,AOCP20251104085,24,157,293,106,96
51,723,1310,JK006890,188,883,1218,170,33
51,723,1023,JK009313,2963,922,1334,208,60
51,0,575,JK009313,5377,1193,1509,246,50
51,38,335,JK000105,1020,845,1262,212,62
51,384,749,JK000105,1141,946,1313,265,85
51,621,1223,JK000105,1143,148,1357,423,43
51,1187,1605,JK000105,1144,230,680,309,78
51,0,384,Sham19Y0018272,1957,65,453,295,91
52,77,481,Shamela0023685,528,569,1621,302,35
52,496,1064,Shamela0023685,529,234,663,311,65
52,1151,1378,Sham19Y0017437,1709,632,852,150,69
52,0,486,JK000010,134,695,1401,377,66
52,491,1032,JK000010,135,0,641,431,82
52,1196,1464,JK000010,135,1261,1588,211,77
52,1151,1378,ShamAY0034447,1097,357,551,127,61
52,1151,1373,Sham19Y0122096,868,354,567,142,67
52,1151,1378,Shamela0002569,305,817,1029,143,72
52,1151,1378,JK009245,549,538,757,149,69
52,486,770,JK006890,188,1279,1480,149,65
52,470,1026,Sham19Y0122255,185,1150,1451,190,42
52,491,1059,Masaha003032,64,846,1294,311,63
52,1151,1378,ShamAY0035035,3532,488,722,153,69
52,1151,1378,JK009313,2962,1180,1405,149,68
52,0,1349,JK009313,5378,100,894,504,44
52,0,486,JK000105,1144,680,1396,378,65
52,496,1221,JK000105,1145,0,727,474,70
52,1196,1439,JK000105,1145,1282,1584,191,75
53,1294,1548,ShamAY0035955,520,636,921,197,82
53,291,438,JK000010,136,110,285,111,74
53,832,1108,JK000010,138,0,293,224,92
53,1113,1554,JK000010,139,206,1074,329,46
53,218,391,Shamela0009810,1293,1286,1563,91,37
53,177,487,JK000555,585,393,678,185,67
53,696,1135,JK009313,5378,1209,1575,268,74
53,1135,1636,JK009313,5379,0,317,241,57
53,291,438,JK000105,1146,136,312,113,75
53,787,1108,JK000105,1148,0,378,251,80
53,1113,1568,JK000105,1149,281,1260,340,42
53,696,862,Sham19Y0018272,341,195,362,123,91
54,0,194,Shamela0023685,539,1126,1308,143,90
54,267,1214,Shamela0023685,540,139,1405,466,39
54,330,749,ShamIbadiyya0000433,531,505,979,224,50
54,0,158,ShamIbadiyya0000433,539,1381,1524,114,88
54,0,194,JK000010,140,1145,1339,156,98
54,287,910,JK000010,141,274,1597,474,42
54,910,1345,JK000010,142,0,639,258,45
54,1412,1586,JK000010,144,821,991,137,96
54,0,163,JK000179,2120,1251,1390,94,68
54,1054,1312,Sham19Y0038171,912,54,197,96,46
54,1058,1336,Sham19Y0122096,396,1162,1432,149,56
54,0,181,Sham19Y0145212,2641,397,565,129,88
54,0,194,Sham19Y0150639,298,793,979,146,91
54,361,749,Sham19Y0150639,300,919,1545,270,50
54,806,1054,Sham19Y0150639,301,18,401,185,59
54,295,841,ShamIbadiyya0000438,388,0,650,341,59
54,800,1214,ShamIbadiyya0000438,388,858,1156,109,29
54,0,194,ShamIbadiyya0000438,397,461,642,142,90
54,0,194,JK009245,593,1201,1387,145,90
54,0,194,Sham19Y0122255,195,457,639,138,88
54,1058,1336,Shamela0023644,1358,269,534,152,60
54,1054,1312,ShamAY0035035,3546,933,1076,96,46
54,0,194,JK009313,3019,425,608,144,91
54,0,388,JK009313,5379,317,718,291,87
54,1336,1639,JK009313,5379,718,1103,233,71
54,624,1214,JK009313,5380,0,615,455,87
54,287,855,Sham19Y0023625,1902,189,1172,398,49
54,862,1350,Sham19Y0023625,1903,78,624,298,61
54,0,194,JK000105,1150,1309,1502,153,97
54,287,749,JK000105,1151,454,1184,358,59
54,826,1360,JK000105,1152,0,884,339,42
54,1336,1586,JK000105,1154,1140,1430,161,67
54,1336,1586,Sham19Y0018272,472,385,625,163,80
54,416,1336,Sham19Y0018272,1718,534,1109,437,57
54,0,194,Sham19Y0018272,2168,949,1136,146,90
55,0,166,Shamela0023685,537,1116,1287,134,95
55,0,290,JK000010,137,961,1280,228,87
55,653,1122,ShamAY0033562BK1,5,1306,1759,368,95
55,1130,1652,ShamAY0033562BK1,6,122,955,365,50
55,322,635,ShamAY0033562BK1,11,235,485,171,66
55,0,160,Shamela0002569,396,997,1159,125,92
55,0,296,JK000298,3870,674,954,177,64
55,0,166,Sham19Y0145212,2648,485,656,134,95
55,0,166,Sham19Y0122255,191,1166,1330,123,87
55,322,635,Shamela0023644,1357,1049,1287,142,55
55,0,290,JK009313,5379,1103,1384,225,94
55,0,290,JK000105,1147,1005,1324,231,88
55,0,296,JK001239,35,688,967,176,63
56,731,902,Shamela0023685,514,0,182,132,90
56,627,902,JK007074,2195,354,605,181,82
56,0,385,ShamAY0033562BK1,6,955,1377,295,83
56,464,590,ShamAY0033562BK1,7,218,406,92,62
56,597,997,ShamAY0033562BK1,8,1014,1510,308,76
56,997,1433,ShamAY0033562BK1,9,141,1296,313,32
56,627,849,ShamIbadiyya0000438,383,1401,1616,148,80
56,36,639,JK009313,5373,6,1232,350,31
57,242,383,Shamela0012579,231,275,440,83,61
57,1314,1538,JK000010,150,1154,1530,117,38
57,247,383,Shamela0029976,65,202,350,100,84
57,102,383,Shamela0026429,36,792,1144,182,63
57,247,383,Shamela0026429,81,600,749,93,75
57,1309,1587,AOCP20251118103Vols,190,1183,1457,198,85
57,773,926,Sham19Y0013783,3403,1311,1461,106,80
57,242,593,Shamela0023644,1521,419,701,82,21
57,282,383,Sham19Y0013631,2503,495,607,60,65
57,36,593,JK009313,5402,297,996,252,33
57,1314,1538,JK000105,1161,422,798,120,39
57,221,364,Sham19Y0018272,1608,200,326,89,81
58,75,901,JK000010,151,15,818,525,70
58,70,408,AOCP20251118103Vols,191,84,766,248,43
58,532,749,AOCP20251118103Vols,191,1443,1744,172,69
58,749,1249,AOCP20251118103Vols,192,44,1264,380,36
58,419,911,ShamAY0033562BK1,11,731,1165,226,49
58,104,911,JK007054,680,163,1034,495,62
58,0,901,JK000105,1161,638,1616,592,66
59,0,896,Shamela0009810,1318,955,1641,526,70
59,896,1414,Shamela0009810,1319,0,479,379,87
59,0,518,ShamAY0033562BK1,104,504,825,171,37
60,832,1092,Shamela0001585,295,1162,1390,167,76
60,832,1092,ShamIbadiyya0000109,6251,543,764,167,78
60,405,619,ShamIbadiyya0000109,7299,750,894,108,62
60,249,636,Shamela0008243,63,0,286,167,52
60,809,1092,Shamela0008210,34,1088,1364,197,76
60,688,1087,Shamela0026429,49,1196,1501,108,25
60,1126,1507,Shamela0026429,50,60,807,225,37
60,828,1092,JK008001,2166,21,293,219,97
60,767,1121,JK010248,20,687,1042,264,86
60,813,1147,Shia001432Vols,18827,1079,1401,207,70
60,824,1092,Shamela0036446,1315,259,522,215,97
60,684,1092,Sham19Y0127677,3820,414,807,252,73
60,630,1350,Shamela0012884,404,823,1453,336,50
60,725,1368,Kraken220413030905,253,587,888,127,22
60,688,1046,JK000637,2693,1172,1545,229,67
60,832,1092,JK001336,387,503,729,166,76
60,802,1092,ShamAY0034644,130,46,343,223,88
60,797,1092,Shamela0001438,5756,499,801,227,85
60,832,1102,Shamela0003118,4817,593,877,205,85
60,773,1046,Sham19Y0018272,1919,1213,1464,201,89
60,692,1092,Shamela0007853,106,331,729,194,45
60,802,1092,JK009390,5229,73,368,234,94
60,805,1092,JK007082,530,769,1068,213,83
60,809,1046,Shia001270Vols,122,1279,1526,173,79
60,832,1147,JK000916,16520,319,640,218,79
60,828,1129,JK000883,201,601,927,226,84
61,806,990,Sham19Y0013605,1475,915,1115,138,84
61,806,990,Sham19Y0127656,144,200,418,137,76
61,806,990,ShamAY0035250,16,541,739,134,82
61,806,990,Sham19Y0016584,1079,820,1018,134,82
61,806,995,JK009362,2384,62,256,128,77
61,420,704,AOCP20251118103Vols,105,1324,1526,153,65
61,806,990,JK000110,284,282,486,141,85
61,420,704,AOCP20251104086,5,907,1174,189,80
61,806,990,Shamela0005756,4539,9,221,141,82
61,806,1011,Shamela0021715,1942,1296,1510,142,78
61,775,990,AOCP20251104145Vols,782,1070,1308,151,78
61,882,990,Shamela0001875,463,0,108,81,90
61,803,986,JK000132,760,768,982,126,73
61,806,990,Sham19Y0016946,183,759,948,140,91
61,806,990,Sham19Y0018176,516,1286,1485,138,84
61,806,990,Sham19Y0018106,944,436,636,138,84
61,806,990,PV2024060602,284,282,486,141,85
62,922,1086,AOCP20251118103Vols,107,110,387,123,54
62,1194,1507,AOCP20251118103Vols,195,412,728,208,71
62,406,610,JK000021,1696,869,1071,161,95
62,1198,1507,ShamAY0035035,3658,1011,1341,198,70
63,625,1071,Shamela0006687,40,588,828,173,45
63,338,1062,ShamAY0033562BK1,7,968,1538,170,19
63,549,1364,ShamAY0033562BK1,8,9,851,543,75
63,86,301,ShamAY0033562BK1,12,0,610,164,33
63,470,773,Shamela0011812,257,1221,1497,202,77
63,768,983,Shamela0011812,258,1005,1561,165,36
63,1071,1239,Shamela0011812,259,583,726,106,75
64,826,1163,ShamAY0033562BK1,12,875,1545,195,33
65,0,776,JK000021,1716,76,869,594,92
65,1353,1487,JK000637,236,49,166,91,83
65,19,776,ShamAY0034809,293,341,1117,581,92
66,1265,1444,ShamAY0033181,1256,1284,1447,113,77
66,1265,1444,ShamAY0033181,1326,779,942,113,77
66,1226,1398,JK007084,475,174,375,120,70
66,1226,1501,Sham19Y0122257,2578,8,271,145,57
66,354,874,AOCP20251118103Vols,197,295,1078,312,46
66,1218,1398,AOCP20251104103Vols,219,749,956,127,71
66,1114,1651,ShamAY0033562BK1,13,523,1256,382,59
66,1265,1501,JK000961,265,48,328,143,63
66,1265,1501,Sham19Y0145212,2734,711,928,135,68
66,1189,1384,Shamela0021751,7524,533,721,114,71
66,1222,1496,Shamela0036446,96,997,1265,138,51
66,1226,1479,JK009336,1952,1172,1468,135,48
66,1218,1398,JK000080,65,1238,1448,127,71
66,1218,1398,JK000165,375,756,968,123,70
66,1218,1398,Shamela0006610,82,522,723,123,73
66,1218,1501,Kraken230106005528,740,982,1324,159,50
66,1265,1398,JK000201,3537,600,739,103,87
67,586,1060,JK011153,3163,454,894,190,45
67,0,331,ShamAY0033562BK1,13,1256,1634,156,46
67,1402,1552,Shamela0030623Vols,185,302,461,116,91
67,1402,1552,AOCP20251104052,158,977,1136,116,90
67,420,908,Sham19Y0014119,288,61,938,189,22
67,904,1209,JK000678,8,642,1027,179,53
67,1390,1534,Shamela0010906,2114,503,640,85,68
67,1412,1547,JK000105,1163,1002,1129,98,91
67,1402,1552,Shamela0003118,3231,378,532,115,93
67,1402,1550,JK000916,10372,1230,1381,113,94
67,447,830,PV2024060602,4090,65,500,186,42
68,509,755,Shamela0009823,595,386,602,143,68
68,200,351,JK008001,6521,790,947,116,93
68,626,1097,AOCP20251118103Vols,200,0,936,288,35
68,1158,1631,AOCP20251118103Vols,201,771,1304,241,41
68,509,759,Kraken21042004,19,581,881,143,53
68,520,1199,ShamAY0033562BK1,14,143,828,269,37
68,490,1646,Shamela0005390,245,120,1320,795,70
68,94,351,Shamela0001438,6566,768,1051,156,65
69,359,565,JK000010,154,1326,1574,164,80
69,1256,1421,Shamela0026429,94,1107,1259,102,73
69,916,1325,ShamAY0033562BK1,14,787,1624,267,39
69,1325,1588,ShamAY0033562BK1,15,0,275,185,77
69,1251,1588,JK009313,5462,190,791,248,51
69,0,192,Shamela0005390,245,1320,1511,157,96
69,359,565,JK000105,1165,844,1091,167,81
70,0,1108,ShamAY0033562BK1,15,275,1583,804,71
70,1108,1581,ShamAY0033562BK1,16,0,558,327,69
70,295,470,JK000287,64,183,365,118,79
71,1442,1572,AOCP20251118103Vols,199,835,1154,107,40
71,516,730,Sham19Y0014592,2939,939,1316,165,55
72,1261,1623,JK000503,27,66,539,139,29
72,1270,1623,Shamela0008494,10,178,702,184,44
72,52,345,AOCP20251118103Vols,205,615,1464,219,30
72,1293,1671,Sham19Y0038171,1977,429,961,116,21
72,1293,1534,Shia002264,517,1075,1291,117,54
72,1210,1626,JK009245,955,609,1030,185,47
72,1473,1623,Sham19Y0017063,1289,1240,1475,89,45
72,1226,1534,JK000080,1094,1046,1358,167,57
72,1223,1671,Sham19Y0014592,482,487,1304,190,24
73,766,1020,Shamela0001687,8509,1070,1309,158,70
73,350,955,Sham19Y0123665,1816,889,1424,261,47
73,82,409,Shamela0023685,1027,1287,1592,221,81
73,13,409,JK000533,3611,22,433,219,58
73,1131,1351,Shamela0003722,6067,245,447,132,71
73,82,409,Sham19Y0132416,136,851,1166,217,79
73,450,914,Sham19Y0132416,138,797,1298,234,45
73,463,695,Sham19Y0013605,3982,10,267,175,84
73,79,409,Sham19Y0131521,5144,340,691,252,88
73,450,860,Sham19Y0018144,2238,110,508,204,52
73,79,409,JK007078,332,1214,1473,193,72
73,79,409,JK000010,62,446,774,234,87
73,360,811,JK000010,72,1239,1625,219,57
73,811,1227,JK000010,73,0,222,142,41
73,450,695,Sham19Y0018103,3338,498,778,181,80
73,1131,1463,Shamela0025794,4698,400,768,159,44
73,763,1020,Shamela0025794,4875,1283,1475,130,62
73,257,695,Shamela0025794,4905,828,1269,227,59
73,79,409,Shamela0025794,5247,377,706,233,86
73,763,1020,Shamela0026429,83,985,1201,156,70
73,450,830,Sham19Y0017616,362,516,975,216,53
73,450,695,Sham19Y0016584,3760,494,774,181,80
73,79,409,Shamela0009810,1313,220,566,197,65
73,763,1020,Shamela0009810,1314,1277,1467,126,60
73,1150,1351,Sham19Y0122257,2497,476,660,130,77
73,763,1024,Shamela0030790,17,441,733,178,74
73,420,661,JK000216,278,1148,1470,165,60
73,1214,1351,JK008001,2553,1098,1237,93,80
73,666,926,JK008001,3726,969,1168,118,53
73,355,830,JK000271,155,556,1129,253,52
73,450,695,Sham19Y0016684,1756,898,1178,181,80
73,811,1042,Shia003101Vols,136,968,1210,165,80
73,1214,1351,Shia002261Vols,330,225,361,92,79
73,1150,1463,ShamAY0033562BK1,82,450,837,210,65
73,763,1010,JK000467,2315,1225,1468,179,85
73,763,1038,JK000467,2537,121,398,179,71
73,17,434,Sham19Y0020944,860,193,621,282,77
73,79,429,Sham19Y0038171,2206,413,667,164,56
73,1214,1351,Sham19Y0122096,3018,983,1126,92,76
73,1150,1463,Sham19Y0017791,1424,1100,1376,184,70
73,1150,1351,JK007045,637,828,1016,131,76
73,450,695,JK000110,1496,778,1058,181,80
73,450,679,Sham19Y0020638,1016,1274,1508,165,79
73,763,1214,ShamAY0032781,24,810,1189,193,47
73,82,310,Shamela0012220,2095,950,1230,171,76
73,1214,1351,JK009274,721,145,281,92,79
73,450,695,JK009152,1854,284,526,165,75
73,608,955,Sham19Y0017063,995,940,1337,149,42
73,355,695,JK007107,356,981,1402,211,61
73,82,429,Shamela0036446,1035,216,510,215,77
73,479,955,Shamela0036446,1041,448,939,245,52
73,1147,1351,AOCP20251104052,85,1597,1795,130,70
73,13,409,JK007054,651,1026,1386,253,78
73,450,1351,JK007054,656,123,1024,408,44
73,830,1214,JK000584,792,205,634,168,37
73,905,1088,Sham19Y0013252,8022,287,839,97,21
73,79,409,Shamela0001524,1694,1041,1396,252,88
73,450,977,Shamela0001524,1703,385,950,234,38
73,1094,1463,Shamela0001524,1703,844,1294,203,51
73,450,695,Shamela0005756,12978,851,1131,181,80
73,787,1020,Shamela0008203,130,40,293,141,61
73,17,409,Shamela0023644,1364,885,1273,244,73
73,450,815,JK009141,765,98,455,190,55
73,1147,1356,JK009141,765,423,601,121,68
73,79,409,JK000142,877,784,1138,252,88
73,79,409,Sham19Y0020591,1424,867,1221,252,88
73,815,1042,JK009256BK1,4308,1094,1317,156,78
73,763,1058,JK000312,434,381,619,136,56
73,453,613,Sham19Y0132524,2258,1282,1448,109,72
73,1214,1351,Shamela0021659,1005,656,792,92,79
73,1150,1463,Sham19Y0014119,410,27,307,178,69
73,79,429,ShamAY0035035,8596,1118,1370,162,57
73,208,695,Shamela0037837,650,387,884,220,47
73,350,830,JK009336,2035,420,1049,247,42
73,82,429,JK009336,2037,303,675,245,79
73,450,695,JK000484,2253,1099,1364,180,81
73,450,695,Shamela0021715,8385,625,903,181,80
73,257,1020,JK009313,5473,645,1288,358,55
73,1131,1356,JK000475,1612,1323,1528,138,74
73,806,1227,JK000475,1613,312,835,223,43
73,450,695,Shamela0010517,815,888,1168,181,80
73,79,409,Sham19Y0148271,2122,442,753,224,82
73,1150,1463,Sham19Y0016976,1347,549,873,173,59
73,459,830,Shamela0096283,413,604,954,210,66
73,82,429,JK000913,4103,937,1295,252,87
73,152,409,JK000105,1072,0,256,178,84
73,360,1227,JK000105,1082,773,1374,352,49
73,82,212,Shamela0003118,522,1318,1460,99,86
73,212,409,Shamela0003118,523,0,192,129,78
73,1147,1463,JK000140,685,1018,1325,159,58
73,79,409,JK000141,687,29,375,197,65
73,415,695,Shamela0000894,2103,1240,1526,187,76
73,763,1020,JK000786,2386,264,486,156,69
73,450,695,Sham19Y0018176,2046,1147,1427,181,80
73,811,1351,Shamela0021765,1339,626,1358,291,47
73,811,1075,Shamela0021765,1340,568,912,191,69
73,766,1020,JK007082,587,1037,1288,152,65
73,123,409,Shamela0026568,914,0,274,190,81
73,79,409,Shamela0023700,3087,658,990,247,91
73,450,695,Sham19Y0018106,3464,513,793,181,80
73,79,409,JK000916,1254,170,509,232,82
73,110,281,Sham19Y0014601,5119,1309,1474,129,93
73,1214,1351,JK001239,50,106,243,92,78
73,450,695,Shamela0001727,1268,572,851,180,80
73,350,830,ShamAY0038637,100,656,1239,210,38
73,450,695,PV2024060602,1496,778,1058,181,80
73,450,695,PV2024060602,3300,695,974,180,80
73,79,409,PV2024060602,4405,260,606,197,65
73,763,1020,PV2024060602,4406,181,371,126,60
73,79,409,PV2024060602,5474,657,1011,252,88
73,1147,1463,PV2024060602,6470,756,1063,167,63
73,493,695,Sham19Y0122406,3347,0,206,148,83
74,660,863,Shamela0026429,148,646,849,160,99
74,1342,1546,AOCP20251118103Vols,222,258,516,156,74
74,0,330,Sham19Y0038171,1554,791,1029,145,50
74,133,320,JK001160,389,1325,1490,110,72
74,631,980,Shamela0023644,1364,605,1017,200,56
74,0,330,ShamAY0035035,6053,636,873,144,50
74,133,330,JK001198,97,891,1446,136,30
74,703,983,Shamela0007853,61,310,576,148,67
74,197,330,Shamela0021542,37,982,1112,98,90
75,212,558,AOCP20251118103Vols,222,1035,1458,237,66
75,558,787,AOCP20251118103Vols,223,5,264,165,71
75,787,1147,AOCP20251118103Vols,224,472,1113,254,47
76,180,900,JK000010,63,138,1037,545,74
76,1170,1334,JK000010,73,346,581,113,58
76,349,779,Shamela0002569,362,192,560,178,41
76,1178,1334,Masaha003032,132,178,390,111,62
76,180,475,JK000105,1072,1146,1537,228,71
76,475,900,JK000105,1073,64,503,331,93
76,968,1445,JK000105,1083,169,727,200,40
77,226,490,JK000010,53,1293,1578,193,80
77,0,141,JK000010,74,248,401,110,87
77,652,897,ShamAY0033562BK1,20,1316,1547,157,78
77,897,1623,ShamAY0033562BK1,21,0,979,560,68
77,0,192,JK000166,7743,702,860,121,77
77,226,490,JK000105,1063,778,1062,194,80
77,0,141,JK000105,1083,1445,1600,114,90
78,262,511,Shamela0003722,2988,373,646,177,75
78,262,511,Shamela0026429,147,261,540,179,75
78,262,506,ShamAY0034134,919,307,571,156,68
78,295,506,Sham19Y0017531,9,1064,1323,139,65
78,262,506,ShamAY0033707,10,846,1130,145,57
78,0,173,ShamAY0033562BK1,21,979,1149,135,95
78,262,468,Sham19Y0122096,284,713,902,117,67
78,262,635,Sham19Y0127700,154,1092,1405,162,50
78,303,506,JK000624,156,0,251,127,60
78,262,521,Shamela0010480,1867,642,924,182,75
78,262,740,JK000312,184,371,948,194,37
78,257,745,JK009313,5386,535,1004,297,68
78,262,511,Shamela0013041,386,1097,1370,180,77
78,262,511,Shamela0013041,943,301,582,179,74
78,262,506,Sham19Y0023625,1290,1084,1293,122,54
78,1000,1531,Sham19Y0023625,1291,0,609,322,57
78,257,652,JK000141,288,679,1089,174,47
78,339,521,JK000682,648,0,229,132,72
78,257,652,PV2024060602,4006,924,1334,174,47
78,262,511,JK001293BK1,1728,162,400,154,67
79,225,495,ShamAY0034314,10,878,1380,139,35
79,293,679,Shamela0096551,137,565,996,98,21
79,520,1203,JK009241,540,543,1261,208,27
79,189,1061,JK009313,5412,409,1288,273,31
79,792,1376,JK009313,5415,81,634,231,41
79,54,167,Sham19Y0023625,1291,616,721,78,86
80,910,1115,JK001297,195,71,247,123,75
80,869,1115,Shia001340,56,254,486,150,71
80,910,1169,JK008001,3716,1145,1370,140,68
80,869,1153,ShamAY0032826,512,204,569,169,53
80,325,584,Shia002261Vols,350,998,1206,124,50
80,891,1153,Shamela0002569,718,1151,1357,148,68
80,952,1218,Shia002264,569,32,263,127,60
80,325,584,JK009274,752,407,617,129,55
80,891,1153,Sham19Y0122255,399,1154,1361,148,67
80,1069,1192,JK007054,792,440,572,94,90
80,910,1051,Sham19Y0127677,1110,955,1091,110,96
80,8,680,Shamela0005756,13359,730,1072,173,27
80,335,773,Masaha003032,130,0,486,207,43
80,41,270,Kraken220413030905,242,1166,1304,103,57
80,325,584,Shamela0021659,1031,814,1051,133,60
80,26,584,Sham19Y0020868,178,347,576,146,31
80,881,1258,JK009241,392,968,1315,156,41
80,0,584,JK009313,5415,593,1281,269,40
80,891,1246,JK009313,5417,338,1428,141,16
80,288,584,Sham19Y0016976,1404,880,1432,171,34
80,910,1102,Shamela0001438,2227,814,997,119,67
80,755,1202,JK000165,3643,300,695,137,29
80,608,1102,JK009390,1291,486,971,178,36
80,310,630,JK009390,1811,360,617,147,54
81,442,697,Sham19Y0023644,5064,15,253,158,73
81,26,340,Sham19Y0035453,238,151,444,160,53
81,17,384,Shamela0010798,2311,310,625,228,78
81,638,884,Sham19Y0014119,437,503,867,115,38
81,20,384,Kraken220602160054,105,591,927,208,66
81,642,884,Sham19Y0016976,1405,0,509,108,26
81,657,854,Shamela0001438,8413,580,780,72,37
81,418,701,Shamela0003118,1084,970,1244,194,84
81,130,384,Shamela0003118,6338,13,232,162,78
81,418,713,JK000916,2786,1099,1393,206,83
81,418,697,JK000916,2787,301,533,157,67
83,1170,1313,Sham19Y0131521,5150,832,968,112,95
83,77,1053,JK000010,32,372,1573,750,75
83,1053,1313,JK000010,33,0,774,212,33
83,1448,1665,JK000010,80,302,520,179,97
83,55,456,Shamela0002569,713,1151,1710,182,34
83,661,846,Shamela0010706,331,1257,1443,144,96
83,77,412,JK000166,7748,139,617,161,33
83,1115,1313,Sham19Y0122255,398,1065,1238,134,82
83,515,860,Sham19Y0122255,401,531,906,220,70
83,77,456,Shia001432Vols,19410,731,1257,178,34
83,653,846,Shia001432Vols,19555,1070,1257,148,95
83,1115,1298,JK007054,792,1367,1548,147,97
83,77,653,Sham19Y0013252,8510,1011,1370,206,41
83,85,416,Shamela0021715,8720,405,651,112,36
83,152,1124,JK000105,1042,0,1128,747,79
83,1115,1313,JK000105,1043,19,217,163,99
83,1448,1621,JK000105,1089,1457,1628,143,96
83,648,1259,Shamela0000894,5293,516,1289,291,36
83,537,846,Sham19Y0018272,1130,147,460,230,89
83,876,1313,Sham19Y0018272,1183,616,1033,236,57
83,1170,1313,JK000201,2775,1390,1526,110,93
83,935,1259,JK000201,2776,0,652,234,41
84,1503,1629,Sham19Y0122257,2603,760,883,92,89
84,1503,1620,ShamAY0034314,13,765,878,83,86
84,1484,1685,ShamAY0033562BK1,16,719,934,146,81
84,1503,1599,Sham19Y0020944,860,1226,1325,75,95
84,1503,1607,Sham19Y0017791,1506,64,173,81,94
84,1503,1629,Sham19Y0145212,2764,347,469,92,88
84,1503,1629,Sham19Y0017063,1088,85,211,92,90
84,0,396,JK007054,802,107,842,214,33
84,1503,1607,Sham19Y0013252,8504,1365,1473,81,95
84,1503,1607,Shamela0005756,13360,141,249,81,95
84,1503,1607,JK000142,878,148,256,81,95
84,1503,1607,Sham19Y0020591,1425,648,756,81,95
84,1503,1615,JK009256BK1,3841,710,826,88,95
84,801,1321,ArabCommAph052097758Vols,24,977,1529,403,82
84,1503,1607,Sham19Y0014119,436,867,976,81,94
84,1503,1607,JK009336,2041,1285,1394,81,94
84,1503,1607,JK000484,6314,312,420,81,95
84,1503,1629,JK000080,1192,356,478,92,90
84,1503,1607,JK000196,2705,1340,1447,80,94
84,1503,1615,Zaydiyya0000054,370,1321,1442,88,91
84,1503,1607,PV2024060602,5475,32,140,81,95
85,180,334,Shamela0000736,3933,1365,1510,105,80
85,28,266,ShamAY0033562BK1,16,1372,1575,158,82
85,266,1496,ShamAY0033562BK1,17,0,1507,746,55
85,1047,1342,JK000467,2321,492,983,175,43
85,170,355,JK000467,2539,690,904,134,76
85,34,359,Shia002264,569,136,464,185,65
85,180,334,JK000760,75,94,239,105,80
85,133,359,JK000312,440,951,1172,150,76
85,170,359,JK000141,695,797,1002,142,84
85,170,359,PV2024060602,4413,1048,1253,142,84
86,1369,1677,JK000010,172,64,896,215,31
86,0,412,ShamAY0033562BK1,18,14,420,280,76
86,1369,1677,JK000105,1183,621,1443,211,31
87,1376,1528,Sham19Y0123665,569,649,818,118,85
87,1376,1523,Sham19Y0131521,6236,433,591,114,88
87,9,452,JK000010,172,1080,1517,295,71
87,1376,1528,Shamela0026429,37,928,1097,117,86
87,1376,1528,Shamela0026429,167,573,742,117,86
87,626,1528,ShamAY0033562BK1,23,86,841,579,77
87,482,614,Sham19Y0022797,324,197,332,104,94
87,76,368,JK007054,707,137,428,232,98
87,1376,1528,JK000585,4291,565,730,115,83
87,1376,1528,Shamela0012884,5248,756,926,118,85
87,1376,1528,JK000021,2371,570,738,117,84
87,1376,1518,JK001503,894,1264,1422,109,82
87,13,452,JK000105,1184,0,432,290,71
87,69,306,Sham19Y0009763,164,1198,1437,188,97
87,1376,1528,ShamAY0034809,656,33,202,118,85
88,58,681,Sham19Y0146127,1380,0,139,70,13
88,479,1169,Shamela0000782,624,335,807,200,29
88,362,681,ShamAY0034447,1859,1063,1352,188,70
88,474,768,Sham19Y0122257,2575,1200,1472,175,70
88,372,1134,JK000386,85,37,821,243,30
88,25,321,Sham19Y0038171,1275,466,825,124,34
88,456,1194,Shia002264,354,370,769,236,36
88,560,768,Sham19Y0145212,2731,1110,1312,129,73
88,479,908,Shamela0010803,339,546,1017,211,47
88,58,977,JK009245,822,456,1309,239,22
88,217,756,Sham19Y0127700,329,671,1113,200,37
88,362,756,Sham19Y0122255,64,737,1068,182,59
88,512,681,Sham19Y0017063,1071,1276,1444,133,98
88,482,785,JK007054,683,91,746,147,28
88,355,768,Shamela0001524,1559,686,1109,225,62
88,39,681,Shamela0008203,188,883,1045,94,17
88,39,756,JK000021,1869,582,850,119,20
88,479,768,Sham19Y0014119,431,442,726,183,76
88,217,908,JK009336,2033,762,1373,279,45
88,39,768,JK000484,2636,967,1298,129,20
88,362,677,JK000139,10,1073,1378,176,70
88,839,1194,JK009313,5443,898,1149,181,61
88,479,1194,JK000080,759,609,1203,320,48
88,479,1169,JK000679,113,870,1290,206,32
88,479,986,Sham19Y0016976,1392,810,1331,226,41
88,479,681,JK000140,610,601,780,137,86
88,479,681,Sham19Y0013667,734,868,1054,135,83
88,4,450,JK000141,697,346,819,215,50
88,359,756,JK000470,537,853,1290,192,45
88,362,681,Shamela0096239,88,166,459,170,62
88,479,912,ShamAY0038637,87,129,573,178,40
88,4,450,PV2024060602,4415,609,1082,215,50
88,479,681,PV2024060602,6395,328,507,137,86
89,1310,1533,Shamela0026429,138,434,809,142,48
89,1222,1639,Sham19Y0122096,2580,694,1043,156,35
89,35,318,Shamela0003283,689,1024,1550,213,48
90,300,568,JK000010,173,895,1111,173,77
90,313,471,AOCP20251118103Vols,296,1078,1391,128,48
90,1090,1297,ShamAY0033562BK1,24,85,417,156,56
91,1279,1577,Sham19Y0146127,821,903,1311,206,61
91,1264,1539,JK000130,150,29,354,166,61
91,1268,1463,Sham19Y0018144,312,788,984,153,93
91,1268,1463,Sham19Y0018144,313,327,513,122,71
91,1268,1463,JK000977,495,878,1071,128,73
91,1268,1463,Shamela0025794,53,992,1178,129,74
91,1268,1463,ShamAY0035884,1021,804,1013,141,77
91,1268,1463,Sham19Y0017616,69,1182,1366,137,82
91,1268,1463,JK008001,1967,636,862,133,69
91,1241,1463,Shamela0026047,235,278,490,145,77
91,27,385,ShamAY0033562BK1,25,514,851,229,72
91,812,1205,ShamAY0033562BK1,27,1358,1562,136,40
91,1264,1539,Shamela0000767,834,307,622,148,52
91,1264,1539,ShamAY0033910,147,341,663,169,62
91,1268,1463,Sham19Y0020638,232,447,632,138,83
91,1268,1539,Sham19Y0013572,79,712,998,162,66
91,1344,1577,Sham19Y0013252,1666,5,384,109,29
91,1268,1463,Shamela0012981,137,671,857,138,83
91,1268,1539,JK007065,36,740,1033,161,63
91,1268,1577,JK009141,381,492,790,174,61
91,1264,1463,JK000585,1229,162,328,122,74
91,1268,1463,Sham19Y0132524,490,269,454,138,83
91,1237,1480,JK000021,1756,975,1245,173,76
91,1241,1463,Tafsir01005,264,405,625,148,75
91,1268,1463,JK009336,844,1277,1461,137,82
91,1241,1539,JK009336,1998,1069,1401,176,62
91,1237,1577,JK000484,1610,433,1172,238,39
91,1264,1429,JK001503,101,299,444,112,84
91,1264,1539,JK000475,168,327,654,167,61
91,1264,1463,JK000475,1415,60,260,111,62
91,1237,1559,JK000080,114,440,800,179,56
91,1237,1559,Shamela0001875,177,31,340,176,57
91,1268,1463,Kraken230110004547,161,850,1019,123,73
91,1268,1463,Shamela0001438,5054,26,252,133,69
91,1237,1543,JK000913,609,1185,1533,174,59
91,1268,1463,Sham19Y0013667,5303,696,874,127,75
91,707,837,Sham19Y0149697,5218,678,796,94,90
91,1268,1463,Shamela0006610,154,1271,1452,135,81
91,1268,1463,ShamAY0032957,9,498,683,138,83
91,1268,1463,JK000470,17,632,829,153,94
91,1268,1463,JK000201,2548,1345,1526,135,81
91,1268,1568,Shamela0012293,3218,768,1074,177,66
91,1268,1463,Shamela0001727,297,921,1106,138,83
91,1268,1463,PV2024060602,2329,1044,1229,138,83
91,1264,1539,PV2024060602,7231,180,505,166,61
91,1268,1520,Sham19Y0122406,819,1221,1469,148,70
91,1268,1463,JK000485,57,127,315,134,78
92,590,771,Sham19Y0131521,5107,186,725,135,31
92,523,802,JK011153,4858,193,541,179,62
92,322,539,Shamela0026429,78,119,382,129,58
92,578,771,Shamela0008544,1422,114,367,143,72
92,590,766,Sham19Y0020944,854,872,1396,131,32
92,523,802,JK000154,5083,982,1348,177,59
92,515,771,JK000142,872,81,491,178,53
92,515,781,JK000585,1226,455,876,177,51
92,454,771,Sham19Y0020591,1413,416,935,192,43
92,467,781,JK009336,1998,145,634,208,52
92,558,771,Shamela0001875,177,613,997,155,50
92,515,771,Sham19Y0017903,839,143,553,175,52
92,578,771,PV2024060602,5469,55,366,148,60
93,0,202,ShamAY0033562BK1,26,1206,1411,155,93
93,266,479,ShamAY0033562BK1,30,811,1170,169,57
93,551,971,Sham19Y0014592,2940,179,511,128,31
94,861,1242,JK000010,174,382,811,267,70
94,1253,1567,JK000010,176,878,1332,246,67
94,278,512,Shamela0026429,43,565,969,160,46
94,1363,1572,Shamela0004473,5030,764,988,167,91
94,922,1308,Sham19Y0122096,2953,930,1125,80,25
94,1312,1549,JK000298,3800,1294,1445,113,59
94,970,1369,JK000298,3801,243,434,105,31
94,134,660,JK000474,4425,157,785,247,43
94,1373,1545,JK000166,7891,536,698,118,80
94,861,1242,JK000105,1185,1084,1530,284,74
94,1253,1572,JK000105,1188,123,589,250,66
94,518,696,Sham19Y0014592,2599,272,468,144,90
95,564,1503,ShamAY0033562BK1,29,0,910,655,83
95,1007,1210,JK007128,133,7,204,96,53
95,710,825,Shamela0029766,3,938,1172,57,28
95,1007,1273,Shamela0036446,1039,148,336,117,57
95,789,1151,Sham19Y0013572,193,431,734,102,27
95,985,1273,JK007065,90,100,602,122,26
95,1007,1503,Kraken220413030905,180,594,771,73,16
95,1089,1503,Sham19Y0014452,137,485,872,98,21
95,750,1151,JK009313,5442,50,461,155,35
96,650,1077,Shamela0036357,289,305,605,184,51
96,650,1259,Sham19Y0018315,245,341,1000,479,90
96,0,399,ShamAY0033562BK1,29,910,1279,261,79
96,1271,1506,Shamela0010706,418,762,1096,95,36
96,1271,1498,Shia001432Vols,20495,51,328,150,65
96,1027,1506,JK007054,662,255,767,120,22
96,738,1213,Shamela0003118,816,620,1063,272,65
96,680,1224,Shamela0003118,4065,718,1240,382,87
96,650,1213,JK000916,1839,431,1008,340,66
96,650,1252,JK000916,13668,740,1382,460,90
96,650,1080,JK001293BK1,123,256,563,184,51
97,326,1038,ShamAY0033562BK1,27,0,878,511,66
98,1290,1470,Shamela0026429,99,528,729,126,72
98,1282,1470,Shamela0026429,187,605,789,109,65
98,594,733,ShamAY0033562BK1,27,974,1115,112,96
98,1239,1470,Shamela0003283,698,1194,1399,159,84
98,1245,1477,JK009313,2988,322,552,153,81
98,1290,1477,JK009313,5452,131,351,141,80
99,299,558,JK000010,177,563,803,184,83
99,774,1444,JK000010,181,751,1563,481,70
99,1425,1619,JK000010,182,13,209,144,90
99,843,1257,JK009278,318,998,1595,282,56
99,837,1619,JK007054,748,440,1164,461,64
99,896,1269,Shamela0010704,3141,219,625,210,55
99,293,493,JK000105,1188,1396,1575,147,87
99,705,1619,JK000105,1193,127,1270,643,68
99,655,1619,Sham19Y0018272,1461,244,935,461,55
99,896,1133,AOCP20251104017,342,1309,1492,98,47
100,0,117,JK000010,182,209,333,91,90
100,642,1250,ShamAY0033562BK1,30,1386,1621,177,35
100,846,1120,ShamAY0033562BK1,31,1000,1345,217,77
100,432,628,Shamela0010798,2408,141,341,129,80
100,0,117,JK000105,1193,1270,1428,92,71
101,794,1085,Shamela0000782,711,732,1015,208,85
101,1186,1548,JK000010,179,1215,1597,272,86
101,420,666,Shamela0009810,1315,58,582,160,37
101,10,300,ShamAY0033562BK1,31,71,405,129,41
101,1192,1548,Sham19Y0122096,2592,817,1132,200,60
101,367,1070,Shamela0037713,102,625,1270,307,45
101,865,1070,JK009152,1956,0,219,158,89
101,849,1070,Shamela0036446,1038,984,1253,165,75
101,780,1076,Sham19Y0013252,8496,254,558,177,65
101,420,666,JK009141,764,892,1171,124,52
101,1196,1548,Kraken220708161407,218,28,467,184,48
101,845,1229,JK009336,2030,0,396,203,56
101,1085,1548,JK000105,1191,521,990,284,63
101,794,1070,JK000140,694,1043,1311,203,87
101,420,666,JK000141,688,274,624,160,55
101,410,666,Shamela0009082,940,1054,1447,148,47
101,420,666,PV2024060602,4406,545,895,160,55
101,794,1070,PV2024060602,6479,779,1047,203,87
102,194,646,JK000010,180,767,1081,206,55
102,977,1607,ShamAY0033562BK1,32,59,882,293,38
102,292,577,Sham19Y0013252,8497,0,265,197,84
102,107,674,Shamela0005756,13350,1124,1588,330,70
102,674,800,Shamela0005756,13351,0,126,93,89
102,194,646,JK000105,1192,110,438,218,58
102,99,327,Sham19Y0018272,1354,1346,1541,134,67
102,427,868,Sham19Y0018272,1355,0,344,237,67
103,667,1206,ShamAY0033562BK1,32,339,1274,401,52
103,1254,1571,JK009313,5462,523,881,197,65
103,103,479,JK000105,1192,762,1420,259,48
104,389,629,Sham19Y0132416,134,1178,1355,107,55
104,333,766,JK000010,52,984,1531,229,49
104,766,1495,JK000010,53,0,763,554,90
104,48,584,Shamela0000736,5555,386,947,222,39
104,359,629,Sham19Y0122257,2603,737,985,150,68
104,315,629,Sham19Y0122096,203,417,662,129,52
104,622,1080,Sham19Y0122096,2586,631,1042,294,77
104,359,629,Sham19Y0017791,1506,36,270,137,60
104,1031,1303,JK007054,701,11,289,178,72
104,48,286,Shamela0021477,113,896,1146,183,92
104,359,629,Sham19Y0014119,436,839,1073,137,60
104,374,492,JK009313,5410,546,1002,88,24
104,333,1259,JK000105,1062,440,1505,600,68
104,1259,1495,JK000105,1063,0,248,181,90
104,952,1495,Sham19Y0018272,1462,512,1046,408,93
104,389,637,Shamela0026568,888,482,780,135,58
105,483,739,Sham19Y0020878,2468,433,722,117,42
105,0,367,JK000010,53,763,1214,226,57
105,286,1131,ShamAY0033562BK1,36,338,1483,517,49
105,1131,1324,ShamAY0033562BK1,37,0,193,154,97
105,320,994,Shamela0012884,279,629,989,156,24
105,291,739,JK009313,4569,1175,1419,177,49
105,324,702,Sham19Y0148271,1376,1029,1477,143,34
105,338,891,Shamela0026883,86,61,618,208,37
105,0,367,JK000105,1063,248,699,227,57
105,535,739,Sham19Y0001729,1899,1067,1406,111,39
105,0,231,Sham19Y0018272,1462,1046,1286,189,94
105,291,588,Sham19Y0014592,1802,254,458,128,51
105,483,725,JK000367,46,695,1048,158,50
106,617,1440,JK000010,184,487,1376,483,59
106,59,596,ShamAY0033562BK1,33,452,855,292,64
106,1017,1444,JK007054,671,958,1472,257,54
106,939,1562,Sham19Y0023625,1859,703,1506,475,71
106,625,1440,JK000105,1196,217,1109,451,50
106,939,1483,Sham19Y0018272,2154,1066,1620,436,95
107,693,1334,Shamela0026429,13,558,1454,261,29
107,763,1252,ShamAY0033562BK1,33,890,1448,270,54
107,139,447,ShamAY0033562BK1,38,94,549,231,58
107,1002,1343,JK009313,5392,1007,1406,139,32
107,1256,1358,Shamela0001438,3740,468,570,72,87
107,522,834,JK000165,3637,524,828,159,57
107,467,834,Sham19Y0014592,1409,788,1136,252,81
108,732,886,Shamela0001687,1101,620,777,122,96
108,745,891,Sham19Y0013605,516,648,789,110,95
108,670,945,Sham19Y0131521,5792,478,808,161,58
108,268,698,JK001414,655,474,871,157,34
108,732,891,Shamela0006923,2,751,913,123,95
108,187,709,JK000559,1004,629,1152,169,30
108,16,216,JK000707,309,575,753,126,78
108,268,459,JK000707,314,951,1139,140,89
108,732,916,Shamela0008544,45,1026,1204,122,83
108,163,454,JK000479,347,404,756,158,51
108,727,886,Sham19Y0013769,153,1108,1266,126,99
108,660,886,JK007140,1644,967,1300,149,56
108,718,886,JK000137,651,352,525,126,90
108,163,454,Sham19Y0021525,19,282,605,156,58
108,173,689,Sham19Y0021525,475,815,1261,174,36
108,471,806,ShamAY0033562BK1,33,1401,1568,128,47
108,605,1510,ShamAY0033562BK1,34,80,1058,437,41
108,732,941,Sham19Y0017350,67,1045,1298,140,70
108,727,886,Shamela0001442,7,1078,1240,126,96
108,745,886,JK007128,729,13,153,111,99
108,24,537,Shamela0021766,319,49,502,200,43
108,237,459,JK001160,123,475,693,93,41
108,163,454,JK000474,4632,184,524,154,54
108,268,464,JK000381,6506,834,984,98,62
108,732,886,JK007040,1956,92,227,102,78
108,727,886,Sham19Y0014224,52,1351,1509,126,99
108,732,886,JK000166,380,977,1113,105,83
108,163,537,Shamela0026324,6052,286,743,181,47
108,709,886,Shamela0009702,810,1315,1488,128,90
108,268,459,Shamela0021570,361,785,950,117,75
108,727,891,Shamela0005756,1332,74,244,127,93
108,240,464,Shamela0005756,1740,179,382,138,77
108,732,886,Sham19Y0017747,167,282,427,106,85
108,273,698,Kraken220413194022,665,349,729,144,33
108,727,941,Shamela0005064,7,234,503,142,66
108,16,464,JK009137,2791,845,1416,230,44
108,732,899,Sham19Y0016599,49,1216,1397,130,89
108,237,537,JK000484,6363,44,328,147,58
108,237,464,JK000637,1540,546,726,127,70
108,727,899,JK000264,5,339,519,132,91
108,21,632,JK009313,5391,638,1314,302,46
108,718,886,JK000913,505,419,593,130,93
108,732,886,JK000165,108,755,891,105,83
108,232,459,Sham19Y0013667,651,1060,1250,109,57
108,268,464,JK006950,809,1277,1427,98,62
108,177,537,JK000429,56,391,799,179,50
108,268,459,Sham19Y0001729,554,1084,1270,134,85
108,16,216,Sham19Y0001729,554,210,388,126,78
108,240,459,JK006801,587,1211,1417,146,82
108,732,886,JK000201,42,953,1089,105,83
108,732,891,JK009324,137,1154,1317,126,96
108,268,537,JK000485,1358,320,630,144,51
109,0,382,ShamAY0033562BK1,34,1058,1456,307,94
109,475,1171,ShamAY0033562BK1,37,547,1201,471,75
109,1388,1565,ShamAY0033562BK1,39,0,235,142,74
110,590,872,Shia001615Vols,923,738,1085,150,49
110,1224,1419,Shamela0026429,77,10,262,132,67
110,1190,1419,Shamela0026429,168,43,316,146,66
110,205,760,Shamela0001417,1024,1017,1550,259,49
110,6,1018,ShamAY0033562BK1,39,284,1423,683,69
110,1181,1419,ShamAY0033562BK1,40,765,983,168,90
110,368,817,Shamela0001442,1011,877,1475,295,56
110,1190,1419,Shamela0029766,6,50,331,150,67
110,186,872,JK009229,672,262,1184,439,54
110,252,872,JK007044,4599,371,1135,380,56
110,489,866,JK000189BK1,145,0,468,256,63
110,1216,1419,JK005004,746,710,877,96,58
110,252,872,JK009152,1838,18,755,395,62
110,186,785,Shia001432Vols,20071,789,1571,371,54
110,394,771,Sham19Y0014309,2372,977,1465,259,62
110,1175,1419,JK009313,5481,86,395,169,70
110,394,537,ShamIbadiyya0000229,894,1328,1496,97,63
110,537,872,ShamIbadiyya0000229,895,18,499,243,61
110,368,866,JK000913,54,471,1018,314,62
110,368,866,Sham19Y0018100,176,620,1320,357,62
110,260,860,ShamAY0033177,319,626,1498,356,47
111,34,246,JK000010,189,1426,1580,119,67
111,246,495,JK000010,190,140,426,187,74
111,77,1437,ShamAY0033562BK1,40,983,1558,340,29
111,0,246,JK007054,752,587,952,128,39
111,253,495,JK007054,753,253,548,188,71
111,246,495,JK000105,1202,33,314,183,73
112,77,422,JK000010,191,1092,1608,251,57
112,529,1248,ShamAY0033562BK1,41,337,1249,539,71
112,84,276,JK007054,753,1395,1600,142,80
112,262,752,JK007054,754,57,734,226,36
112,77,407,JK000105,1203,1066,1584,253,59
112,6,529,Sham19Y0018272,1463,953,1445,383,88
113,251,493,JK008001,3731,706,1179,111,25
113,611,1433,ShamAY0033562BK1,42,304,1434,528,51
113,9,147,JK000906,7373,1323,1471,109,91
113,9,153,Shamela0012884,3684,617,769,110,87
113,42,246,JK000021,1751,531,813,111,50
113,196,552,JK009236,414,250,570,166,52
113,217,493,JK009313,5485,822,1081,136,53
114,1295,1522,JK000010,193,248,564,186,70
114,177,478,Shamela0028112,23,41,367,132,40
114,177,678,Shamela0026429,166,901,1343,178,40
114,177,821,Shamela0029766,5,207,1273,230,23
114,1295,1593,JK007054,755,868,1435,210,44
114,404,598,Sham19Y0127677,1699,193,326,90,57
114,177,540,JK009241,604,1246,1498,161,54
114,208,598,JK009241,605,0,388,144,34
114,1295,1652,JK000105,1205,321,1047,272,43
114,1151,1552,Sham19Y0018272,424,1087,1440,276,82
115,1146,1353,Shamela0000782,714,851,1037,146,88
115,1297,1592,Sham19Y0017878,135,0,281,176,72
115,1146,1480,Sham19Y0017878,538,1150,1445,200,73
115,1146,1353,Sham19Y0014075,451,608,793,145,87
115,227,1216,ShamAY0033562BK1,43,0,681,317,34
115,1095,1470,Sham19Y0127700,329,42,398,199,64
115,1146,1536,Shamela0001524,1702,550,1027,260,62
115,1105,1360,JK009336,2032,99,333,172,83
115,1146,1470,Sham19Y0017903,885,601,943,172,48
115,1146,1353,JK000140,697,911,1097,146,88
115,1146,1353,PV2024060602,6482,633,819,146,88
116,456,699,JK000010,44,1383,1635,186,85
116,1369,1620,ShamAY0033562BK1,44,233,525,198,81
116,160,381,JK000474,4675,303,565,131,60
116,502,925,JK007054,696,584,875,208,57
116,87,318,JK009313,5421,1264,1493,167,89
116,456,931,JK000105,1054,856,1218,260,61
116,466,931,Sham19Y0018272,1058,98,548,344,87
116,388,931,Sham19Y0018272,1832,33,230,108,23
116,456,931,JK000201,2815,263,625,264,63
117,1031,1390,Shamela0003722,5143,20,273,155,50
117,1031,1395,Shamela0021809,2821,702,929,145,49
117,1012,1390,Shamela0026429,41,176,451,157,49
117,996,1390,Shamela0026429,130,898,1216,166,46
117,1031,1395,Shamela0009810,1317,958,1184,152,50
117,0,292,ShamAY0033562BK1,44,542,881,212,77
117,529,713,ShamAY0033562BK1,44,1412,1596,148,100
117,720,902,ShamAY0033562BK1,45,0,192,146,93
117,996,1395,Shamela0008473,2725,184,447,163,50
117,955,1180,Masaha003032,134,1234,1480,131,56
117,1031,1395,JK000312,437,433,659,154,51
117,964,1395,JK009313,5481,742,1213,189,45
117,1031,1395,JK000141,690,130,355,151,50
117,1031,1395,PV2024060602,4408,391,616,151,50
118,1005,1114,Shamela0026429,161,56,165,88,100
118,697,999,ShamAY0033562BK1,43,1025,1269,83,30
118,849,1422,Sham19Y0122096,2583,452,1047,194,29
118,843,1436,JK000105,1207,521,1224,216,34
118,1383,1525,Sham19Y0018272,471,1418,1565,109,94
118,1114,1383,Sham19Y0018272,472,94,382,211,86
119,997,1199,Sham19Y0017437,133,135,341,147,84
119,579,740,ShamAY0033562BK1,45,192,353,133,100
119,997,1199,JK000298,3566,1058,1279,143,78
119,879,1281,JK000629,211,879,1136,180,51
119,812,1479,Shamela0012884,273,969,1369,209,36
119,997,1199,JK009137,243,408,603,132,73
119,1015,1205,JK000477,34,890,1065,132,81
120,207,596,ShamAY0033562BK1,24,417,1102,219,39
120,568,870,ShamAY0033562BK1,43,653,913,187,74
120,1068,1562,ShamAY0033562BK1,45,751,1095,268,65
121,23,609,JK000010,200,350,836,215,37
121,614,815,ShamAY0033562BK1,45,1400,1598,155,95
121,925,1541,ShamAY0033562BK1,46,200,1086,370,48
121,1250,1486,Shamela0001524,1653,601,1385,114,18
121,621,815,Kraken220708161407,213,390,677,147,63
121,23,609,JK000105,1212,905,1416,224,38
121,239,609,Sham19Y0018272,1920,745,936,156,51
122,823,987,ShamAY0033582,7,0,186,115,74
122,626,987,Shamela0021809,1345,771,1176,250,74
122,589,1002,JK000010,203,214,544,213,65
122,646,987,Shamela0025794,314,545,930,242,77
122,833,987,JK000576,3,5,144,104,83
122,589,987,Shamela0009810,982,162,531,259,79
122,589,1017,JK000216,216,941,1304,233,61
122,589,987,JK000469,1065,178,600,244,64
122,0,333,ShamAY0033562BK1,46,1086,1245,121,46
122,339,1419,ShamAY0033562BK1,47,218,1404,615,54
122,630,1012,JK000298,837,490,728,118,40
122,717,987,JK008250Vols,1066,0,269,173,72
122,113,333,JK007054,734,289,607,125,49
122,589,987,JK007054,760,492,852,252,78
122,589,941,Sham19Y0148271,820,1088,1468,239,74
122,107,333,JK000105,1214,81,300,140,74
122,589,1002,JK000105,1215,947,1317,249,73
122,675,987,Sham19Y0013667,4224,360,695,212,73
122,589,992,Sham19Y0013667,5435,571,904,229,71
122,589,987,JK000141,491,972,1341,259,79
122,749,987,Sham19Y0018272,830,615,1157,96,20
122,745,987,PV2024060602,4210,0,207,157,81
123,971,1083,JK009408,1591,793,891,76,87
123,971,1277,JK000533,1316,586,975,110,32
123,191,453,Shamela0026429,37,412,730,138,47
123,503,906,Tafsir09084,1347,963,1344,231,70
123,603,906,Sham19Y0016584,3894,356,962,180,37
123,223,589,Sham19Y0122257,2615,1342,1530,124,42
123,971,1093,JK008001,3752,629,736,82,86
123,526,813,Shamela0037458,2230,724,1059,178,64
123,503,880,Shamela0008473,2723,1013,1509,210,51
123,783,1076,JK000725,271,1162,1399,106,46
123,603,1025,JK000110,1558,125,845,209,35
123,971,1180,Shamela0021494,181,742,981,115,61
123,453,751,JK000465,2139,1089,1455,190,57
123,453,813,Shamela0012884,2954,497,884,228,66
123,893,1089,Shamela0012884,2954,1265,1414,111,72
123,260,453,Kraken220413030905,181,304,660,66,18
123,971,1083,JK000021,1749,34,146,86,100
123,603,906,Shamela0037837,666,856,1360,186,45
123,610,906,JK009336,2036,256,636,171,54
123,168,662,JK009313,5483,68,520,174,31
123,540,906,Shamela0008381,6025,880,1306,199,57
123,971,1120,Shamela0001438,7028,1277,1403,93,81
123,971,1083,JK000916,9937,788,894,81,93
123,603,1025,PV2024060602,1558,125,845,209,35
123,223,589,PV2024060602,4407,0,462,122,23
124,1453,1622,JK000010,20,189,362,119,83
124,1459,1622,JK007054,789,452,620,118,84
124,1453,1622,JK000105,1029,1297,1470,119,83
124,239,525,Sham19Y0018272,1465,560,830,192,77
125,960,1211,Sham19Y0132416,129,304,597,151,60
125,1002,1147,Sham19Y0018144,2239,264,430,95,71
125,932,1211,JK000010,19,640,984,166,56
125,817,1603,ShamAY0033562BK1,48,340,1102,570,88
125,0,812,ShamAY0033562BK1,50,53,552,347,49
125,932,1211,JK007054,788,479,845,180,59
125,932,1152,Masaha003032,133,397,715,151,59
125,932,1147,ShamAY0034005,854,723,1075,108,37
125,932,1211,JK000105,1029,156,500,166,56
125,0,768,Sham19Y0018272,1465,963,1622,503,79
126,0,452,ShamAY0033562BK1,48,1102,1577,357,90
126,452,1065,ShamAY0033562BK1,49,0,1111,411,43
126,1124,1560,ShamAY0033562BK1,50,560,1024,350,92
127,1327,1520,JK009408,777,1138,1339,144,89
127,1327,1520,Shamela0021809,716,677,858,139,90
127,1311,1530,Shamela0009099,48,35,250,153,85
127,1327,1520,JK008001,5263,750,951,144,89
127,437,557,ShamAY0033562BK1,51,0,120,98,100
127,557,1285,ShamAY0033562BK1,51,600,1243,317,42
127,1016,1211,JK007054,688,1345,1505,112,68
127,1327,1520,Sham19Y0127677,4715,866,1067,144,89
127,1327,1520,Shamela0001438,6904,374,575,144,89
127,1330,1520,Shamela0003118,2168,950,1148,142,89
127,1330,1520,Shamela0003118,3182,786,984,142,89
127,1327,1520,JK009390,6378,1075,1270,127,74
127,1327,1520,JK000916,6315,195,396,144,89
127,1327,1489,JK000916,10155,1221,1390,120,86
128,1114,1256,Shamela0003722,8165,483,608,92,82
128,1114,1256,Shamela0000782,650,383,506,94,85
128,1106,1326,JK000010,241,1017,1391,132,41
128,1322,1532,JK000010,242,0,758,170,27
128,1114,1256,ShamAY0035884,315,443,567,94,85
128,825,1251,Shia001340,139,43,362,151,40
128,961,1117,JK008001,5888,1279,1418,105,84
128,527,887,ShamAY0033562BK1,52,544,824,85,21
128,1114,1256,ShamAY0037387,337,16,142,94,84
128,911,1262,Shia001237Vols,4255,45,336,127,42
128,1114,1256,Shamela0001524,1642,8,144,104,95
128,1114,1256,Shamela0001524,3313,414,540,93,83
128,911,1117,Sham19Y0127677,1699,614,784,125,77
128,688,919,Shamela0023644,1351,661,946,121,47
128,905,1209,Shamela0012884,4305,1012,1256,162,64
128,758,887,JK000021,1753,33,160,98,96
128,1106,1256,JK009313,2994,1100,1225,91,75
128,911,1117,Shamela0001438,2903,430,603,116,71
128,1106,1532,JK000105,1255,33,1317,320,30
128,1114,1256,JK000140,635,1284,1407,93,85
128,1222,1532,Sham19Y0018272,1213,1116,1447,215,70
128,1256,1532,Sham19Y0018272,1468,1079,1361,224,96
128,911,1161,JK009390,1753,411,629,140,70
128,1114,1256,PV2024060602,6420,1014,1137,93,85
129,561,781,Sham19Y0013605,4135,442,657,155,84
129,612,748,Sham19Y0013605,4138,0,164,101,76
129,561,811,Sham19Y0131521,5167,1223,1474,190,95
129,831,1514,Sham19Y0131521,5169,400,1076,428,70
129,593,785,Sham19Y0127656,685,1244,1473,148,80
129,612,781,Sham19Y0013253,501,328,493,127,93
129,690,932,JK000010,211,1435,1623,145,71
129,932,1514,JK000010,212,0,644,443,82
129,561,781,Sham19Y0018103,3469,825,1040,155,84
129,593,748,Sham19Y0018103,3471,1090,1273,116,79
129,561,811,Shamela0010283,2248,725,1053,143,50
129,414,781,Sham19Y0017729,419,308,667,159,38
129,589,781,Sham19Y0017878,248,437,746,136,54
129,561,781,Sham19Y0016584,3908,48,263,155,84
129,593,748,Sham19Y0016584,3910,319,502,116,79
129,414,781,JK000469,1846,882,1238,185,48
129,612,781,JK000137,2107,1163,1345,125,83
129,561,781,Sham19Y0016684,1798,1081,1296,155,84
129,81,327,ShamAY0033562BK1,52,630,929,162,62
129,561,785,Shamela0001442,984,66,293,169,94
129,781,1069,Sham19Y0122096,890,590,871,208,84
129,564,785,JK000961,275,383,612,164,87
129,561,748,Sham19Y0020638,1015,809,1401,140,29
129,561,785,Sham19Y0127700,329,328,559,165,87
129,633,785,Shamela0036446,1040,4,156,120,98
129,561,781,JK007054,701,625,918,157,67
129,593,748,Sham19Y0013252,8499,847,1025,117,81
129,593,748,Sham19Y0013252,8538,588,771,116,79
129,589,781,Shamela0001524,1699,640,943,141,57
129,561,785,JK007065,1505,567,786,154,84
129,561,781,Shamela0005756,13376,1092,1310,152,82
129,593,748,Shamela0005756,13379,624,807,116,79
129,561,781,JK009141,766,800,991,138,75
129,561,781,JK009141,767,265,549,150,66
129,561,811,JK000142,881,55,307,189,95
129,561,722,Sham19Y0020591,1432,259,421,124,96
129,564,785,Sham19Y0132524,2256,486,996,146,34
129,593,785,Shamela0037837,670,4,276,146,67
129,564,785,JK009336,2032,777,1014,162,84
129,561,781,Shamela0021715,8737,137,352,155,84
129,593,748,Shamela0021715,8740,668,850,116,78
129,561,781,Sham19Y0148271,2327,1051,1352,163,68
129,406,781,JK006897,510,244,670,195,51
129,387,1284,JK000105,1224,862,1587,489,62
129,1284,1514,JK000105,1225,0,250,185,90
129,414,781,Sham19Y0017903,884,784,1141,157,38
129,391,781,JK007083,237,81,519,203,50
129,414,781,Sham19Y0013667,5663,173,524,191,51
129,579,785,Sham19Y0013667,5664,4,206,140,80
129,561,781,Sham19Y0016946,665,288,496,146,81
129,805,1062,Sham19Y0018272,1183,1070,1331,203,91
129,561,781,JK007043,816,490,722,168,91
129,561,781,Sham19Y0018176,2126,327,542,155,84
129,593,748,Sham19Y0018176,2127,306,489,116,79
129,564,748,Shamela0026568,890,1002,1240,133,70
129,593,748,Shamela0023700,3071,616,793,117,80
129,593,748,Sham19Y0018106,3579,495,678,116,79
129,561,811,Sham19Y0014601,5134,319,578,190,93
129,593,1316,Sham19Y0014601,5134,792,1311,304,46
129,589,781,Shamela0001727,1267,3,254,149,74
129,561,781,PV2024060602,3299,69,375,164,67
129,622,811,PV2024060602,5478,0,190,143,94
129,612,781,Sham19Y0122406,3346,1000,1166,126,91
129,561,781,Sham19Y0122406,3358,205,509,163,67
130,1057,1305,JK000010,48,933,1251,185,71
130,501,794,JK000010,56,1058,1374,185,68
130,487,743,Shamela0026429,71,751,988,183,87
130,487,748,Sham19Y0017878,249,647,887,184,85
130,0,418,ShamAY0033562BK1,52,1157,1570,327,97
130,418,1495,ShamAY0033562BK1,53,0,1190,826,83
130,433,768,Shamela0009618,12,1063,1415,215,72
130,1101,1534,Sham19Y0122255,171,428,831,161,36
130,66,719,Sham19Y0013252,8499,1204,1514,211,40
130,433,748,Shamela0026716,3,332,698,200,63
130,501,748,JK009313,5453,636,895,168,73
130,1057,1305,JK000105,1058,388,707,186,72
130,501,794,JK000105,1066,514,830,186,68
130,487,748,Shamela0003118,731,14,276,188,83
130,1078,1305,JK000201,2811,1180,1496,162,62
130,487,716,Shamela0026568,890,1346,1582,147,68
130,487,748,JK000916,1494,368,627,186,82
130,501,748,Shamela0005737,137,0,245,178,84
131,1177,1352,Shamela0000782,711,230,406,119,74
131,422,676,JK000010,212,1399,1594,147,71
131,1177,1472,Shamela0025794,1555,176,463,144,59
131,250,865,ShamAY0033562BK1,53,1265,1571,214,43
131,345,689,JK007054,764,1040,1541,136,29
131,215,408,Shamela0003283,630,307,507,150,89
131,204,404,Shamela0003283,698,693,900,153,88
131,1260,1520,JK009313,5444,955,1145,138,65
131,422,618,JK000105,1225,1008,1289,152,67
131,233,399,Shamela0003118,6137,1093,1265,124,86
131,1177,1352,JK000140,694,630,806,119,74
131,233,399,JK000916,21338,544,716,124,86
131,1177,1352,PV2024060602,6479,366,542,119,74
132,649,840,ShamAY0033562BK1,54,1218,1405,151,97
132,0,389,ShamAY0033562BK1,55,438,1077,266,50
133,1126,1563,JK000010,230,182,753,346,72
133,137,429,Shamela0026429,157,833,1165,152,55
133,0,418,ShamAY0033562BK1,56,942,1220,156,46
133,1126,1563,Sham19Y0122096,2582,934,1351,264,60
133,1132,1392,JK000298,500,1174,1424,198,89
133,699,1126,Sham19Y0127677,1278,4,436,106,21
133,76,482,JK009241,974,530,895,238,65
133,501,1126,JK009313,5478,742,1307,309,56
133,1126,1563,JK000105,1243,317,885,344,72
134,1201,1394,Sham19Y0014827,395,485,683,128,68
134,1228,1394,Sham19Y0013605,659,1465,1630,129,91
134,1201,1364,Sham19Y0017437,1509,1404,1569,127,91
134,0,716,JK000010,230,826,1693,445,55
134,1220,1394,Sham19Y0018103,408,787,960,133,90
134,1201,1389,Shamela0022645,1110,707,901,144,87
134,1220,1369,Sham19Y0016584,356,287,435,113,89
134,1201,1394,Sham19Y0013769,1579,562,762,151,89
134,1201,1389,Sham19Y0018259,477,1300,1490,141,85
134,1201,1389,Sham19Y0150600,679,945,1130,133,81
134,1220,1394,Sham19Y0016684,154,911,1084,133,90
134,734,961,ShamAY0033562BK1,56,1363,1602,181,92
134,961,1656,ShamAY0033562BK1,57,6,695,497,82
134,1201,1394,Sham19Y0017350,953,1101,1301,151,89
134,0,139,Sham19Y0122096,2582,1423,1573,116,92
134,1220,1394,JK000110,66,555,728,133,90
134,1201,1394,Sham19Y0014224,982,567,767,148,88
134,1224,1345,JK007054,735,1224,1345,98,100
134,1224,1394,Sham19Y0013252,808,100,268,132,92
134,1201,1394,Shamela0005756,1730,251,437,145,89
134,1201,1375,JK009141,232,337,480,107,73
134,1201,1394,JK000710,462,1013,1214,151,90
134,1201,1379,Shamela0096283,38,1400,1570,133,88
134,1201,1394,Sham19Y0011194,12,1262,1450,143,88
134,0,570,JK000105,1243,957,1438,362,75
134,1224,1379,Sham19Y0013667,639,409,556,109,81
134,0,721,Sham19Y0018272,471,731,1412,541,90
134,1201,1394,Sham19Y0018176,161,1298,1479,137,84
134,1201,1345,JK000734,10,550,700,116,96
134,1201,1394,Sham19Y0018106,296,911,1092,137,84
134,1220,1394,PV2024060602,66,555,728,133,90
135,0,947,ShamAY0033562BK1,57,695,1633,641,75
135,947,1585,ShamAY0033562BK1,58,0,1342,460,41
136,999,1419,ShamAY0033562BK1,55,1130,1620,335,83
136,555,988,ShamAY0033562BK1,56,157,373,173,48
136,228,661,ShamAY0033562BK1,59,0,422,231,53
137,0,287,ShamAY0033562BK1,56,600,919,219,79
137,388,1191,ShamAY0033562BK1,59,224,1581,558,48
137,1158,1651,ShamAY0033562BK1,60,118,622,378,91
137,717,974,Masaha003032,56,422,1060,153,30
137,799,1019,JK000105,1236,1088,1468,112,35
137,64,287,Kraken220809002354,286,276,620,148,46
138,0,618,ShamAY0033562BK1,60,622,1249,384,66
138,725,1593,ShamAY0033562BK1,63,0,1067,425,38
139,591,841,Shamela0023685,1026,67,348,179,79
139,581,814,Sham19Y0132416,145,284,515,127,64
139,591,818,JK000010,110,418,684,161,75
139,577,814,Masaha002872,85,693,945,168,82
139,1312,1539,ShamAY0033562BK1,61,629,836,142,73
139,0,855,ShamAY0033562BK1,63,1067,1588,335,44
139,858,1405,ShamAY0033562BK1,64,4,552,353,74
139,581,818,JK009245,477,535,807,168,76
139,626,823,Sham19Y0122255,173,430,608,119,74
139,591,823,JK007054,810,276,548,166,76
139,591,828,JK000264,2820,581,826,154,73
139,581,823,JK009313,5467,588,891,182,75
139,591,849,Shamela0021765,1365,488,843,179,64
139,591,841,Shamela0026568,912,124,410,180,79
140,473,668,Sham19Y0123665,1783,794,971,111,72
140,433,612,Shamela0023685,1030,785,945,113,81
140,343,595,Sham19Y0132416,148,753,1420,144,27
140,437,668,JK000010,142,1030,1343,143,54
140,458,668,Shamela0000432,5899,175,515,138,49
140,0,526,ShamAY0033562BK1,61,836,1654,398,58
140,526,1516,ShamAY0033562BK1,62,0,1067,749,83
140,458,668,JK006890,189,699,907,131,69
140,433,602,ShamAY0034005,837,409,572,112,81
140,433,602,JK009313,5397,89,236,97,74
140,433,595,JK000105,1152,1260,1411,105,81
140,433,612,Shamela0026568,916,1088,1252,116,83
140,219,602,JK007104,598,88,682,147,26
141,172,348,Shia001615Vols,3380,836,1022,109,71
141,172,344,Masaha003955Vols,51,599,767,116,83
141,198,355,JK005005,722,906,1046,103,84
141,198,344,Sham19Y0017531,44,186,326,106,92
141,198,344,Shamela0006068,118,369,515,113,98
141,355,1204,ShamAY0033562BK1,65,66,1268,480,43
141,198,348,Shia003961Vols,1620,568,716,109,92
141,168,510,Sham19Y0000760,312,168,418,142,47
141,198,337,ShamAY0035237,6,538,698,102,81
141,172,348,Masaha001832,23,160,329,118,86
141,191,344,JK005004,815,1162,1315,119,98
141,172,330,Shia001237Vols,193,780,947,90,59
141,198,344,Kraken220413030905,229,937,1083,113,98
141,165,348,JK009236,45,776,959,116,79
141,191,348,Shamela0003283,685,628,782,120,96
141,454,734,JK000105,1252,744,948,101,37
141,172,344,Shamela0012131,28,906,1071,118,88
141,198,344,JK005007,626,1105,1251,113,98
141,172,344,Shamela0010469,4,284,449,118,88
141,172,348,Shamela0012752,29,83,252,118,86
142,1367,1559,Shamela0003722,1625,514,705,115,68
142,70,206,Shamela0008657,153,874,1014,98,88
142,206,1476,ShamAY0033562BK1,66,492,1617,640,50
142,62,206,Shamela0006617,783,609,769,112,88
142,1404,1559,JK000474,2507,1048,1228,109,78
142,70,206,JK009236,620,743,878,96,89
143,1227,1585,JK000010,4,684,1013,254,85
143,645,797,AOCP20251118103Vols,276,1420,1575,116,93
143,613,1062,ShamAY0033562BK1,22,185,648,354,94
143,50,1200,ShamAY0033562BK1,67,86,1153,499,40
143,1204,1585,JK009313,5371,1053,1561,301,73
143,1227,1585,JK000105,1014,324,651,252,85
144,998,1152,Shamela0023685,971,417,591,105,71
144,6,536,JK000010,4,1017,1587,413,88
144,536,1141,JK000010,5,0,939,453,58
144,1184,1556,ShamAY0033562BK1,67,1211,1588,298,96
144,6,1177,JK009313,5372,0,1369,929,82
144,6,846,JK000105,1014,655,1622,656,82
144,860,1141,JK000105,1015,17,541,206,48
144,981,1141,ShamAY0034556,21,10,188,123,87
144,998,1152,Shamela0026568,854,655,833,114,78
145,0,1429,ShamAY0033562BK1,68,97,1567,1107,90
145,1429,1569,ShamAY0033562BK1,69,0,141,112,98
146,0,300,Sham19Y0039268,51,1181,1483,233,93
146,0,281,JK006838,167,506,800,217,90
146,0,343,Shamela0008514,141,855,1241,243,78
146,0,1388,ShamAY0033562BK1,69,141,1601,1049,86
146,1388,1635,ShamAY0033562BK1,70,0,251,193,92
146,0,343,Shamela0010803,383,862,1196,234,82
146,0,294,Sham19Y0021575,220,863,1159,228,93
146,62,300,Sham19Y0132524,2346,415,671,180,86
146,0,286,JK000065,102,138,399,200,88
146,0,343,Sham19Y0017903,19,296,691,223,68
147,0,1246,ShamAY0033562BK1,70,251,1536,865,78
147,1335,1507,JK000637,699,1239,1395,114,80
147,1332,1507,Sham19Y0148271,1431,910,1076,120,81
147,1270,1507,Sham19Y0014592,1682,758,987,162,84
147,1323,1507,Shamela0009567,210,329,504,124,81
148,718,891,JK009408,344,924,1122,121,76
148,920,1263,Shamela0023685,1003,1170,1462,136,39
148,718,885,Shamela0026429,21,1266,1451,118,79
148,174,607,Shamela0026429,51,569,1097,255,57
148,917,1442,Shamela0026429,52,715,1332,182,26
148,19,280,JK009313,5410,283,491,157,77
148,751,959,Shamela0003118,1345,1206,1430,136,72
148,920,1424,Shamela0026568,887,763,1195,167,35
148,0,153,Sham19Y0014592,1682,987,1136,115,97
148,533,702,Sham19Y0014592,2884,394,573,129,87
148,718,891,JK000916,3570,422,615,121,78
148,232,603,JK000485,1269,44,469,192,53
149,49,486,JK009241,541,0,230,154,44
150,480,678,JK000010,50,1198,1491,150,63
150,678,1625,JK000010,51,0,990,741,91
150,622,1004,JK007054,700,38,285,184,60
150,480,1216,JK000105,1060,713,1534,552,81
150,1216,1625,JK000105,1061,5,445,327,90
151,730,970,Shamela0023685,1004,615,826,129,57
151,1417,1629,Shamela0023695,59,384,586,141,80
151,0,567,JK000010,51,990,1630,462,87
151,572,1037,JK000010,52,6,968,363,46
151,1048,1371,ShamAY0033562BK1,88,1148,1466,250,87
151,1458,1629,JK000239,633,771,994,121,67
151,1417,1629,Shamela0031372,35,453,653,142,80
151,311,1051,JK007054,700,484,1212,422,58
151,1417,1629,Sham19Y0014452,138,831,1051,139,68
151,753,970,JK009313,5410,1042,1231,129,66
151,628,970,JK009313,5421,606,861,170,58
151,0,681,JK000105,1061,445,1455,554,66
151,681,1037,JK000105,1062,67,424,280,97
152,1208,1548,JK000583,335,118,509,127,30
152,1161,1553,ShamAY0034314,5,189,747,244,50
152,1161,1451,JK000467,2322,850,1191,199,70
152,64,356,JK007045,13,348,561,129,55
152,1161,1386,Shamela0001524,1716,1268,1430,130,71
153,35,279,JK000583,335,542,779,182,85
153,1238,1423,Shamela0026429,148,88,278,137,90
153,35,296,JK007006,857,291,576,194,80
153,0,296,Shamela0009810,1327,1313,1573,162,55
153,164,304,Sham19Y0122257,2617,9,146,99,87
153,35,304,JK008001,3713,198,465,196,83
153,0,296,ShamAY0034314,5,290,549,161,55
153,35,323,Shia002261Vols,198,734,1007,203,80
153,0,296,JK000467,2323,426,744,222,80
153,0,323,JK000298,2580,1103,1612,233,55
153,35,304,JK007044,4871,656,921,199,84
153,35,296,JK007044,4959,973,1227,195,86
153,16,300,JK008250Vols,230,445,745,206,77
153,0,304,JK007045,676,633,913,157,52
153,35,296,Shia002264,569,493,709,148,62
153,16,304,Sham19Y0145212,2782,0,264,144,50
153,35,304,JK009274,499,330,599,199,83
153,0,304,Sham19Y0127700,331,270,544,160,53
153,0,296,Shamela0036446,1036,165,420,160,55
153,0,296,Shamela0012981,1524,489,797,182,61
153,35,323,Sham19Y0127677,1110,448,735,206,81
153,1021,1534,Sham19Y0127677,3932,862,1395,218,41
153,35,296,JK000312,440,1201,1437,144,56
153,35,304,Shamela0021659,657,859,1127,199,84
153,1005,1534,JK009313,5386,850,1274,243,57
153,35,632,JK009313,5418,211,671,210,34
153,35,296,Shamela0001438,2227,308,563,194,85
153,1040,1459,Shamela0001438,5860,938,1279,193,58
153,35,296,JK000141,695,1031,1267,160,67
153,0,296,JK000141,696,105,365,162,55
153,39,304,Sham19Y0018272,1129,724,1046,188,70
153,35,304,JK009390,1283,172,432,196,84
153,0,296,PV2024060602,4414,356,616,162,55
154,318,633,JK000583,312,243,522,128,38
154,1087,1527,Shamela0026429,59,530,1176,245,43
154,21,141,Shamela0009810,1313,1046,1180,93,88
154,1087,1301,JK001160,298,625,819,118,63
154,1042,1301,Shamela0012738,202,727,930,122,60
154,21,141,JK000312,433,588,722,93,88
154,21,318,JK000141,687,600,921,127,43
154,21,318,PV2024060602,4405,831,1152,127,43
155,0,179,Shamela0009810,1339,331,509,140,98
155,0,179,JK000312,447,775,953,140,98
155,527,806,JK009313,5444,373,667,137,46
155,0,179,JK000141,703,1167,1345,140,98
155,0,299,PV2024060602,4422,0,281,157,54
156,1387,1573,Shamela0026429,65,99,275,138,90
156,1387,1573,Shamela0026429,74,950,1133,141,89
156,1450,1573,JK005005,809,5,129,102,99
156,555,789,ShamAY0033562BK1,89,0,325,175,61
156,1450,1573,Sham19Y0122096,3546,725,849,102,99
156,1450,1573,JK000298,4491,437,561,102,99
156,1413,1573,Shamela0030623Vols,49,66,237,128,91
156,1440,1573,Shamela0010262,167,804,938,105,95
156,1450,1573,Shamela0012738,202,1269,1393,102,99
156,1387,1573,JK000021,2604,516,688,135,88
156,1387,1573,JK000021,2773,317,493,138,90
156,1387,1573,JK009236,419,522,683,121,79
156,1141,1573,JK009313,5440,941,1277,190,56
156,32,483,JK000140,694,457,998,135,21
156,32,483,PV2024060602,6479,193,734,135,21
157,440,865,Shamela0026429,64,231,709,168,33
157,0,215,JK005005,809,129,646,111,25
157,1313,1547,ShamAY0033562BK1,89,721,1010,182,74
157,467,876,JK000474,1734,964,1387,158,34
158,200,438,Shamela0012862,761,153,392,164,78
158,200,668,Shamela0025794,2599,164,776,232,46
158,752,1153,Shamela0026429,72,387,794,286,87
158,448,1221,Sham19Y0017878,250,83,907,414,55
158,186,422,JK007054,701,1152,1368,154,80
158,995,1314,Sham19Y0013252,8500,88,450,187,62
158,231,514,Shamela0001524,1700,0,347,193,69
158,200,510,JK000637,1543,979,1434,188,48
158,173,690,JK009313,5453,540,1520,307,39
158,194,668,Sham19Y0148271,297,613,1107,169,28
158,47,514,JK000786,2379,477,1090,229,46
158,200,438,JK006801,572,697,993,181,75
158,177,438,Shamela0021765,1352,3,332,189,71
158,200,510,Shamela0009567,880,750,1238,192,48
159,784,1527,JK000010,48,894,1267,226,35
159,454,728,Shamela0026429,84,0,373,170,55
159,847,1288,Shamela0026429,85,550,1097,141,24
159,847,1518,ShamAY0033562BK1,53,660,932,161,28
159,844,1273,JK000467,2312,274,983,256,44
159,1298,1510,JK007054,697,78,258,121,66
159,847,1156,JK009141,766,1135,1446,139,45
159,1321,1527,Shamela0021715,8745,172,440,141,62
159,882,1510,JK009313,5456,284,971,257,36
159,784,1527,JK000105,1058,349,723,229,35
159,882,1527,JK000201,2811,1164,1512,256,47
160,923,1045,Shamela0000782,648,905,1023,92,92
160,4,640,JK000010,49,595,1298,385,61
160,572,883,Shamela0026429,33,756,1077,229,82
160,889,1149,Shamela0004473,8974,323,530,139,62
160,599,1142,Shamela0008473,1565,628,1156,175,31
160,254,541,JK000166,7780,1253,1476,158,64
160,48,532,JK007054,697,1016,1393,201,40
160,904,1045,JK009336,2035,1305,1440,102,84
160,254,532,Shamela0021715,8745,524,729,148,63
160,258,640,JK009313,5456,1271,1561,176,51
160,4,640,JK000105,1059,117,820,384,61
160,923,1045,JK000140,634,398,516,92,92
160,4,532,JK000201,2812,107,699,366,67
160,923,1045,PV2024060602,6419,127,245,92,92
161,658,1474,JK000010,28,365,1163,390,44
161,89,333,Shamela0026429,80,39,346,122,47
161,197,555,Shamela0026429,81,956,1292,243,85
161,565,961,ShamAY0033562BK1,57,655,1175,225,45
161,197,551,JK000474,3389,338,670,237,83
161,197,551,JK000476,186,9,334,235,82
161,274,551,JK000637,1552,0,261,192,86
161,46,551,JK009313,5423,613,1119,294,71
161,62,321,JK009313,5448,408,578,113,55
161,42,274,JK009313,5478,1312,1512,134,72
161,21,233,JK009313,5480,1288,1483,125,71
161,1160,1474,JK000105,1038,110,598,249,61
161,197,358,JK000883,1132,1270,1415,109,85
162,1209,1419,Shamela0023628,2177,1194,1477,114,48
162,41,180,JK009408,985,1262,1401,105,94
162,10,115,Sham19Y0132416,135,1490,1594,84,99
162,1209,1439,Sham19Y0013605,4138,337,506,114,63
162,31,227,Shamela0021809,916,763,956,145,92
162,10,251,JK000010,57,985,1268,184,79
162,1209,1439,Sham19Y0018103,3472,78,247,114,63
162,1209,1463,Shamela0000041,1412,854,1216,142,46
162,10,227,ShamAY0035884,855,848,1070,161,85
162,10,532,Shamela0026429,10,137,531,169,31
162,295,664,Shamela0026429,76,605,990,176,42
162,1212,1463,ShamAY0034447,1130,385,627,157,77
162,10,163,ShamAY0034447,1301,136,634,112,27
162,422,664,ShamAY0034447,1301,988,1421,167,49
162,10,324,Sham19Y0017729,419,61,337,196,76
162,1209,1439,Sham19Y0016584,3910,688,857,114,63
162,10,328,Sham19Y0122257,2494,1010,1289,182,70
162,824,1136,ShamAY0033562BK1,89,1154,1476,242,85
162,0,324,JK000415,415,974,1323,196,68
162,10,227,Shamela0001442,983,880,1104,170,93
162,6,496,Sham19Y0020944,864,778,1217,228,54
162,1209,1459,Shamela0021766,2388,1136,1385,132,54
162,1165,1510,JK009229,1324,778,1275,219,54
162,1209,1455,JK000657,161,749,1026,135,51
162,10,324,Sham19Y0017791,1421,0,292,196,73
162,10,227,JK007045,636,446,648,144,78
162,1209,1455,JK000110,1558,796,1012,145,68
162,1209,1439,JK000110,1564,1125,1294,114,63
162,41,227,JK000474,1265,515,699,139,93
162,1209,1510,Sham19Y0020638,1017,151,592,153,40
162,6,672,Shamela0026336,122,132,838,310,44
162,1209,1419,Shamela0009618,10,1058,1392,117,42
162,10,324,Sham19Y0127700,328,643,944,199,76
162,10,227,JK009152,1865,546,749,150,82
162,1165,1463,Shia001432Vols,20570,780,1205,168,47
162,10,227,Sham19Y0017063,1006,768,986,161,89
162,1212,1455,Shamela0036446,1038,385,669,135,52
162,14,227,Shamela0036446,1039,294,509,156,87
162,24,223,AOCP20251104052,7,288,476,132,76
162,6,227,JK007054,737,1029,1257,170,91
162,1212,1463,JK009266,5670,117,377,134,54
162,1209,1439,Sham19Y0013252,8538,1197,1366,114,63
162,1212,1455,Sham19Y0013252,8539,28,231,119,58
162,1209,1455,Shamela0001524,1698,385,733,156,54
162,1240,1439,Shamela0010710,214,1270,1454,123,78
162,1209,1433,Shamela0005756,13380,278,441,112,63
162,10,227,JK009141,765,1113,1316,151,83
162,10,328,JK000142,880,961,1309,198,72
162,55,328,Sham19Y0020591,1431,708,1017,157,64
162,1285,1463,JK000917,975,0,194,116,73
162,1209,1455,Shamela0037837,667,144,358,125,57
162,1209,1455,Tafsir02096,1049,1167,1509,141,47
162,1209,1510,ShamAY0034005,854,720,1030,129,43
162,1151,1450,JK009313,5459,254,491,151,60
162,76,227,Sham19Y0016976,1345,0,158,115,88
162,1209,1455,Sham19Y0016976,1400,1087,1433,147,49
162,10,227,Shamela0001438,22,95,462,161,54
162,10,251,JK000105,1067,376,661,186,80
162,10,227,Sham19Y0013614,632,667,1030,102,28
162,1212,1510,JK007083,237,528,925,152,45
162,1209,1433,Sham19Y0016946,661,548,711,112,63
162,1209,1439,Sham19Y0018176,2127,665,834,114,63
162,1165,1450,Zaydiyya0000454,322,1293,1537,107,40
162,295,672,Shamela0023700,467,512,936,127,26
162,41,227,Shamela0023700,915,1151,1334,137,92
162,1209,1439,Sham19Y0018106,3579,960,1129,114,63
162,1209,1455,Shamela0001727,1268,993,1330,134,46
162,1209,1455,PV2024060602,1558,796,1012,145,68
162,1209,1439,PV2024060602,1564,1125,1294,114,63
162,1209,1455,PV2024060602,3300,1116,1453,134,46
162,10,328,PV2024060602,5477,844,1192,198,72
162,1209,1510,PV2024060602,6482,982,1291,146,52
162,1209,1510,JK000485,294,439,774,116,33
163,1026,1614,Shamela0023685,971,1082,1594,274,53
163,0,956,Shamela0023685,1008,641,1307,376,45
163,0,347,JK000010,20,1234,1583,274,96
163,347,1614,JK000010,21,44,1298,979,92
163,0,1054,JK000166,7777,483,1381,436,44
163,1026,1537,JK000166,7778,105,565,222,52
163,0,946,Shia001432Vols,20571,417,1130,395,47
163,5,416,JK007054,790,378,732,243,70
163,982,1577,Sham19Y0014579,2768,739,1250,381,76
163,0,722,JK009313,5449,499,1080,315,49
163,70,1010,JK009313,5460,0,704,374,44
163,0,810,JK000105,1030,739,1572,616,86
163,801,1614,JK000105,1031,9,825,635,93
163,0,332,JK000201,2816,1168,1486,190,64
163,363,1054,JK000201,2817,0,509,237,38
163,1026,1537,JK000201,2817,814,1274,220,51
163,1360,1614,Shamela0026568,855,42,252,169,80
163,0,956,Shamela0026568,892,560,1211,363,43
164,1386,1515,Shamela0025794,3941,419,527,83,82
164,806,1055,ShamAY0033562BK1,89,1476,1728,198,93
164,1100,1515,Shamela0021765,1341,445,763,178,49
164,1100,1515,Shamela0009567,880,36,369,191,58
165,834,1562,Shamela0023685,1014,51,723,424,65
165,140,862,JK000010,42,947,1569,457,77
165,862,1562,JK000010,43,0,796,532,79
165,1077,1562,Sham19Y0122096,2629,223,661,334,79
165,392,710,JK007054,695,136,513,188,53
165,929,1562,JK009313,5451,0,440,337,64
165,107,1342,JK000105,1052,317,1531,814,75
165,1311,1562,JK000105,1053,0,241,192,89
165,0,294,Shamela0021765,1341,763,1207,177,48
165,834,1562,Shamela0026568,898,283,958,422,64
166,1171,1591,JK000010,30,100,502,218,52
166,0,693,JK000010,43,796,1464,479,79
166,620,1319,ShamAY0033562BK1,90,933,1588,365,52
166,1230,1607,ShamAY0033562BK1,91,0,359,257,79
166,1185,1517,Sham19Y0145212,2751,559,1217,161,28
166,1033,1329,Sham19Y0013572,1474,822,945,89,39
166,1249,1591,JK007054,787,334,1028,197,34
166,1249,1503,Kraken220413030905,243,1318,1504,115,52
166,1060,1323,Shamela0037837,666,684,1090,119,37
166,1036,1408,JK000484,6318,432,1094,209,39
166,1060,1319,Shamela0021715,8725,657,1163,149,36
166,1171,1353,JK006897,509,888,1069,110,66
166,1033,1353,JK000913,4102,439,746,178,64
166,1171,1591,JK000105,1039,1150,1551,216,52
166,0,693,JK000105,1053,241,915,474,78
166,1060,1353,JK000165,3639,169,406,126,49
166,1171,1353,JK007083,236,744,910,102,61
166,1060,1353,Shamela0006610,1076,5,271,123,44
167,1282,1557,Shamela0001687,9694,25,298,178,76
167,321,665,Sham19Y0017616,364,879,1243,137,38
167,1282,1557,Sham19Y0122257,2609,946,1206,172,77
167,0,1282,ShamAY0033562BK1,91,359,1574,900,83
167,1282,1557,ShamAY0033562BK1,92,0,268,198,88
167,1282,1557,JK007044,4942,357,616,172,76
167,1282,1557,Shia001432Vols,19409,807,1073,173,76
167,321,661,Shamela0001524,1717,637,962,136,46
167,321,516,Shamela0000894,5283,713,955,113,57
167,1282,1557,Shamela0023691,1325,687,947,173,77
168,0,177,Shamela0001687,9694,298,524,128,71
168,1182,1410,Sham19Y0023644,1421,119,477,160,53
168,1179,1404,Shamela0025794,4843,351,745,173,55
168,1026,1404,ShamAY0034447,1455,0,311,177,52
168,0,177,Sham19Y0122257,2609,1206,1405,129,80
168,0,876,ShamAY0033562BK1,92,268,1031,582,82
168,983,1404,JK000467,2313,373,859,217,46
168,0,177,JK007044,4942,616,815,129,80
168,0,177,Shia001432Vols,19409,1073,1276,130,81
168,977,1450,JK009313,5488,42,351,231,60
168,1179,1404,Sham19Y0148271,2163,919,1306,173,56
168,0,177,Shamela0023691,1325,947,1150,130,81
168,1021,1450,JK000916,10151,418,958,209,38
168,1179,1404,JK000485,986,142,548,165,50
169,260,450,Shamela0025794,4801,405,579,137,87
169,1266,1573,Shamela0009810,1324,344,750,173,46
169,9,461,Sham19Y0148271,2168,447,878,186,39
169,1266,1573,JK000141,693,762,1122,170,51
169,1266,1573,PV2024060602,4411,1011,1371,170,51
170,600,1351,JK007117,2032,601,1513,358,46
170,1351,1492,JK007117,2033,0,143,110,97
170,633,1492,Shamela0023685,1022,682,1429,375,47
170,486,1492,Sham19Y0132416,128,1044,1557,272,30
170,564,763,Shamela0012862,761,961,1163,138,78
170,1135,1439,ShamAY0032775,30,1211,1469,154,62
170,1160,1492,Shamela0021809,343,653,991,227,79
170,453,874,Shamela0021809,1125,697,1135,194,46
170,1160,1492,Shamela0000782,715,878,1217,254,93
170,314,537,JK000010,17,142,350,146,76
170,204,715,Sham19Y0018103,2201,0,712,203,28
170,1160,1492,Shamela0025794,4309,667,1016,234,81
170,1169,1483,Shamela0026429,127,853,1112,165,65
170,1160,1492,JK000014,22,1011,1336,213,72
170,204,674,Sham19Y0016584,2464,536,1150,191,30
170,0,161,Shamela0009810,1324,750,999,100,46
170,1135,1492,Sham19Y0122257,964,444,795,263,89
170,1192,1492,JK005005,810,1212,1464,190,76
170,1192,1492,JK008001,3725,244,559,234,93
170,1192,1492,JK000754,2440,1000,1263,190,77
170,343,633,Shamela0022579,207,9,538,154,35
170,564,898,ShamAY0033053,263,435,858,177,47
170,362,763,JK000467,2533,78,576,213,50
170,1192,1492,JK000298,2605,792,1043,180,74
170,564,788,JK007128,361,941,1176,144,74
170,1160,1492,JK006923,5,0,350,233,81
170,1188,1492,JK007044,4918,813,997,135,54
170,1135,1492,JK007045,244,760,1110,263,89
170,204,674,JK000110,846,166,774,190,30
170,564,870,JK000474,1634,295,611,172,62
170,0,537,Sham19Y0020638,1014,990,1409,202,41
170,1022,1492,JK000166,7787,599,966,226,59
170,686,921,JK000166,7789,0,193,110,52
170,1237,1492,JK005004,962,0,237,179,87
170,1277,1492,Sham19Y0145212,1225,461,682,165,93
170,644,1286,Sham19Y0145212,2757,1154,1376,152,29
170,1022,1492,ShamIbadiyya0000438,844,811,1169,223,59
170,1192,1492,JK009274,67,25,318,224,91
170,1013,1492,Sham19Y0127700,329,969,1431,289,74
170,1192,1492,Shamela0036446,1040,812,1120,236,96
170,389,629,Sham19Y0013572,472,0,306,141,57
170,1192,1492,JK007054,817,1132,1449,213,81
170,1135,1492,JK000943,143,972,1339,244,79
170,204,674,Sham19Y0013252,5556,671,1302,191,30
170,346,715,Sham19Y0013252,5560,807,1210,193,55
170,633,936,Sham19Y0013252,5561,1180,1505,133,45
170,1192,1492,Sham19Y0013252,5562,1177,1437,193,78
170,564,763,Shamela0012981,1266,1002,1217,148,84
170,1160,1492,Shamela0001524,1705,220,563,255,92
170,343,550,JK007065,435,1215,1405,139,82
170,1269,1492,Sham19Y0127677,138,0,213,149,76
170,343,537,Shamela0005756,9537,758,933,140,90
170,564,1041,Shamela0029747,15,168,536,178,43
170,1135,1492,Masaha003032,133,0,370,272,91
170,1192,1492,Shamela0021659,179,388,682,226,91
170,1192,1419,Sham19Y0013631,2791,793,1037,177,90
170,0,674,JK009336,2034,457,1063,297,51
170,1022,1492,JK009336,2034,845,1306,296,71
170,343,537,Shamela0021715,5140,839,1013,139,89
170,1192,1492,Shamela0021715,8750,711,974,190,77
170,463,732,JK000637,1548,1270,1535,144,60
170,243,921,JK009313,5426,98,617,278,52
170,238,763,JK009313,5427,1095,1442,151,35
170,851,1492,JK009313,5428,66,798,341,52
170,1196,1492,Sham19Y0148271,251,0,313,208,80
170,1192,1492,Shamela0001438,319,994,1334,226,79
170,314,537,JK000105,1026,1227,1435,146,76
170,1192,1492,JK000105,1028,753,1048,169,59
170,1160,1492,JK000140,698,726,1070,254,91
170,0,161,JK000141,693,1122,1326,100,56
170,453,874,JK007043,780,789,1289,200,47
170,204,715,Sham19Y0018176,1229,160,883,203,28
170,1022,1492,JK000201,2805,55,407,217,58
170,314,537,JK000201,2806,866,1073,145,76
170,1145,1492,JK009390,115,138,503,241,80
170,79,537,Shamela0026568,904,150,538,179,38
170,1192,1492,Shamela0026568,907,130,394,190,77
170,343,537,Sham19Y0018106,2317,238,413,140,90
170,204,674,PV2024060602,846,166,774,190,30
170,1160,1492,PV2024060602,6483,452,796,254,91
170,314,681,Shia004673Vols,807,761,1352,198,39
171,64,305,JK007117,2032,585,969,139,43
171,34,212,JK005004,962,361,520,121,86
171,1072,1353,Kraken220413030905,254,42,179,105,46
171,64,288,Sham19Y0132524,2255,526,746,126,64
172,0,241,JK000010,19,335,571,193,96
172,1290,1524,Sham19Y0122257,965,364,579,139,68
172,263,723,ShamAY0033562BK1,86,285,1037,332,52
172,723,1612,ShamAY0033562BK1,87,99,971,666,89
172,1290,1524,JK007045,244,1162,1380,139,66
172,0,151,JK000105,1028,1351,1495,119,95
172,0,504,JK000201,2806,462,1073,149,23
173,8,617,ShamAY0033562BK1,87,977,1624,441,76
173,617,1655,ShamAY0033562BK1,88,0,1038,815,93
174,18,383,Sham19Y0146127,3085,814,1079,127,33
174,931,1192,Shamela0012862,762,204,489,195,78
174,128,485,JK000010,29,890,1569,225,39
174,589,833,Shamela0026429,101,665,939,158,69
174,697,1192,Sham19Y0017878,268,48,592,226,47
174,18,383,Tafsir09084,442,999,1437,188,52
174,125,383,Shamela0009810,1321,524,795,166,70
174,10,383,Shamela0035100,97,372,641,155,47
174,931,1192,ShamAY0033053,264,959,1244,194,78
174,766,1192,Shamela0012981,2141,505,1047,227,42
174,235,383,JK000486,108,0,152,111,89
174,188,383,ShamAY0034282,233,150,450,146,60
174,10,391,JK009241,540,184,543,208,64
174,10,230,JK009313,5462,1221,1458,127,66
174,230,378,JK009313,5463,0,138,104,85
174,10,383,Shamela0010906,281,381,650,155,47
174,128,532,JK000105,1039,368,1094,262,42
174,125,383,JK000141,691,1057,1328,166,70
174,28,383,Sham19Y0016953Vols,1276,538,937,175,47
174,224,383,PV2024060602,4410,0,162,123,93
175,421,709,Shamela0001142,873,627,947,158,51
175,62,341,ShamAY0033181,1234,1061,1475,152,44
175,62,341,ShamAY0033181,1304,585,999,152,44
175,769,1089,JK000010,47,539,1048,251,60
175,421,715,JK000148,297,1169,1495,110,37
175,382,685,Sham19Y0017616,337,885,1103,125,47
175,143,341,Shamela0035100,763,1190,1346,107,69
175,385,709,JK000271,118,88,357,127,49
175,1144,1421,ShamAY0033562BK1,83,255,500,174,76
175,421,715,JK005202,266,597,871,114,45
175,769,986,Sham19Y0122255,112,360,700,152,52
175,881,1236,JK007054,737,7,349,131,32
175,296,709,JK007054,1151,431,745,174,51
175,385,709,Sham19Y0017747,634,1044,1256,123,49
175,389,709,JK009336,3050,1138,1325,94,34
175,404,741,JK000475,2108,199,722,157,36
175,385,1000,JK000913,1940,562,798,152,30
175,759,1089,JK000105,1057,168,472,239,88
175,421,709,JK000165,588,1256,1460,99,43
175,296,709,Shamela0006610,125,92,475,148,39
175,296,741,JK000470,405,1059,1437,147,33
175,382,709,Shamela0001727,1204,28,407,138,40
175,382,709,PV2024060602,3236,152,531,136,40
175,421,745,JK000485,668,285,692,143,40
176,21,172,Sham19Y0132416,145,1121,1287,103,70
176,484,680,Kraken220413030928,187,193,351,118,75
176,1072,1518,Sham19Y0023644,2009,680,1099,301,79
176,1072,1518,Shamela0008657,340,803,1268,331,88
176,35,172,JK000583,419,690,862,100,73
176,373,664,JK000010,68,1287,1536,166,69
176,1072,1518,ShamAY0035884,1352,592,1050,349,95
176,25,295,Shamela0026429,103,808,1224,155,44
176,25,267,JK000473,57,909,1283,144,49
176,457,670,JK001249,120,847,1041,155,91
176,0,392,Sham19Y0017878,309,254,608,203,59
176,1072,1518,JK008001,3756,488,937,348,96
176,457,670,Sham19Y0013783,364,314,542,156,83
176,494,903,ShamAY0033562BK1,101,786,1232,199,42
176,0,267,JK000467,2542,478,931,159,42
176,1038,1518,Shamela0012406,1125,288,677,286,73
176,21,267,Shamela0031372,34,421,701,149,68
176,481,664,JK009245,473,0,187,134,88
176,16,267,Sham19Y0127700,331,1127,1393,157,70
176,21,182,Sham19Y0017101,143,1080,1272,113,74
176,1072,1518,ShamAY0033598,189,819,1313,331,84
176,457,664,JK007054,733,474,671,138,82
176,481,670,JK000943,162,362,550,148,98
176,1072,1518,Sham19Y0127677,3338,197,644,347,96
176,1072,1518,JK000585,30,176,575,269,70
176,198,675,JK000637,1550,63,588,206,43
176,25,172,ShamAY0034005,853,472,699,115,63
176,0,285,JK009313,5351,1017,1323,173,64
176,481,670,Sham19Y0023625,1244,162,464,147,60
176,1072,1518,Shamela0010906,1405,767,1149,273,76
176,1072,1518,Shamela0001438,4954,886,1335,348,96
176,373,664,JK000105,1078,865,1111,163,68
176,16,172,JK000105,1123,363,551,119,79
176,16,267,Shamela0006610,1081,577,821,142,62
176,1072,1518,JK009390,4855,795,1248,344,94
176,21,172,ShamAY0038419,338,270,453,112,77
177,0,261,ShamAY0035884,1352,1050,1311,123,42
177,753,1005,Shamela0026429,63,996,1394,166,53
177,0,144,JK008001,3756,983,1127,112,94
177,167,494,JK008001,5960,721,935,127,48
177,917,1460,Shamela0021721,2924,215,768,111,16
177,0,144,Sham19Y0127677,3338,644,788,112,94
177,528,1211,JK009313,5440,108,688,262,44
177,0,144,Shamela0001438,4954,1335,1477,112,93
177,1159,1463,JK000786,2708,9,313,150,58
177,167,547,JK009390,4852,233,541,141,44
177,0,144,JK009390,4855,1248,1393,112,93
178,743,1475,JK000010,89,417,1230,256,32
178,446,972,JK008001,3735,93,563,136,23
178,743,989,JK008001,3757,696,906,122,57
178,603,1235,ShamAY0033562BK1,83,1007,1505,305,57
178,1235,1482,ShamAY0033562BK1,84,0,251,184,88
178,730,1081,Sham19Y0127700,323,87,422,166,56
178,132,532,Sham19Y0014452,137,939,1450,158,31
178,584,1081,JK009336,1985,75,731,261,48
178,584,1077,JK009313,2958,676,1336,235,41
178,0,370,JK009313,5440,701,1153,164,34
178,370,545,Shamela0001438,4675,692,1006,121,48
178,870,1475,JK000105,1099,5,705,229,32
178,691,1077,PV2024060602,4424,16,723,193,33
179,0,419,ShamAY0033562BK1,84,251,753,297,70
179,536,1478,ShamAY0033562BK1,97,668,1583,711,91
180,774,1104,ShamAY0033562BK1,92,1119,1420,210,78
180,0,342,ShamAY0033562BK1,98,224,553,271,93
180,1396,1559,JK007045,674,671,952,87,34
180,1223,1430,Shamela0005756,13410,232,614,104,31
180,1179,1559,Sham19Y0014119,438,481,950,141,31
180,387,744,JK009241,540,1089,1364,155,52
180,411,793,JK009313,5455,642,1078,115,23
180,352,738,JK009313,5464,277,623,173,54
180,578,837,JK009313,5470,1108,1333,133,60
180,1012,1559,JK000105,1108,389,1138,200,27
181,0,236,Sham19Y0131521,5172,737,1117,173,54
181,0,241,Shamela0021809,1166,803,1205,177,52
181,0,255,JK000010,99,132,384,189,87
181,48,255,JK006838,1391,96,288,125,71
181,48,255,Sham19Y0014462,44,62,264,149,84
181,39,241,Tafsir09084,2516,0,363,151,50
181,0,255,Shamela0000432,4189,782,1026,187,88
181,434,1075,Sham19Y0122257,2599,577,1212,201,27
181,0,255,Sham19Y0122257,2611,674,1068,187,56
181,53,255,Sham19Y0017531,87,32,214,142,86
181,0,255,JK007007,97,171,666,189,46
181,0,255,JK007013,63,524,910,180,54
181,438,1014,Sham19Y0016684,1803,750,1343,153,22
181,438,1249,ShamAY0033562BK1,99,576,1462,564,74
181,1249,1492,ShamAY0033562BK1,100,0,268,189,88
181,0,236,Shamela0008473,4872,944,1330,177,54
181,0,255,Sham19Y0017791,1512,101,491,188,57
181,0,255,JK007045,674,952,1308,177,59
181,438,1014,JK000110,1570,232,583,150,28
181,0,246,JK000474,1288,913,1229,178,66
181,261,423,JK000166,7879,750,919,125,94
181,48,255,JK010001,4158,18,206,142,83
181,5,160,Sham19Y0145212,2774,292,1042,106,17
181,0,275,JK006890,181,787,1049,203,90
181,0,255,JK009152,1965,901,1257,174,56
181,11,255,Tafsir07055,4274,114,734,169,33
181,48,255,Shamela0028107,706,1185,1378,149,87
181,0,175,Shamela0021479,26,1156,1460,124,47
181,0,255,Sham19Y0017063,1095,359,754,188,56
181,0,255,Shamela0012399,3754,508,948,185,49
181,48,255,Shamela0012399,3760,61,368,154,62
181,0,241,Shamela0036446,1047,194,587,155,47
181,48,255,Sham19Y0013252,8565,93,281,144,84
181,48,255,Shamela0001524,1696,144,332,144,84
181,0,255,JK009141,774,756,1099,171,56
181,0,255,JK000585,1138,427,817,185,55
181,0,255,Sham19Y0006684,4191,342,705,183,59
181,434,1070,Sham19Y0014119,435,722,1354,187,25
181,0,255,Sham19Y0014119,438,950,1344,188,57
181,438,1014,Shamela0037837,674,1171,1387,105,20
181,0,241,JK009336,2060,903,1328,169,47
181,11,241,Shamela0001717,4011,277,550,138,55
181,0,236,JK000637,1562,304,681,175,55
181,48,255,JK000264,2819,112,295,131,78
181,0,255,JK000475,1621,982,1366,186,57
181,0,236,Shamela0008381,112,561,936,177,56
181,0,255,Shamela0008381,125,1017,1354,185,63
181,0,255,Shamela0010906,1333,1137,1472,186,64
181,434,1075,Sham19Y0016976,1402,1063,1471,182,32
181,0,255,Sham19Y0016976,1408,373,763,189,57
181,889,1075,JK006897,510,1153,1348,143,92
181,434,1070,JK000913,4107,1172,1450,178,33
181,0,255,JK000105,1108,1138,1384,188,89
181,889,1075,JK000165,3653,885,1221,147,54
181,11,236,JK000165,3654,0,377,173,55
181,0,255,Sham19Y0017903,889,403,792,183,55
181,0,255,Sham19Y0013614,661,62,452,188,57
181,863,1075,JK007083,237,978,1192,159,90
181,889,1075,Shamela0006610,1080,191,537,144,52
181,438,1014,Sham19Y0018176,2135,716,1182,146,23
181,87,236,Kraken230106005528,778,754,885,101,84
181,0,255,Zaydiyya0000054,324,748,1128,179,55
181,0,255,JK009324,3325,677,963,148,58
181,261,423,JK009324,3336,204,360,115,85
181,438,1014,Sham19Y0018106,3589,703,1286,137,18
181,0,236,Shamela0009567,884,627,1014,177,54
181,0,255,Zaydiyya0000361,830,783,1158,177,55
181,438,1014,PV2024060602,1570,232,583,150,28
182,1079,1195,JK009408,1697,650,766,83,90
182,1079,1199,Sham19Y0146127,3445,733,858,84,85
182,1079,1484,Sham19Y0131521,5179,865,1185,138,38
182,1079,1199,Shamela0021809,2155,1256,1382,89,89
182,1079,1245,Sham19Y0017729,420,455,646,106,70
182,1170,1407,ShamAY0033562BK1,79,214,416,142,74
182,0,906,ShamAY0033562BK1,100,268,1458,548,51
182,911,1497,ShamAY0033562BK1,101,0,671,422,74
182,1079,1497,Sham19Y0020944,866,827,1081,157,43
182,1079,1195,JK000474,3322,1249,1366,86,93
182,1079,1350,JK000166,7819,1122,1449,151,52
182,1079,1235,Shamela0009618,17,99,246,98,79
182,621,1272,JK007064,763,0,353,164,29
182,583,1350,JK000175,271,810,1361,222,31
182,1079,1199,JK007065,1222,1262,1387,89,90
182,1079,1350,Shamela0008203,213,254,655,143,41
182,1079,1195,JK000142,882,1207,1324,85,92
182,1074,1456,JK009313,3993,36,777,213,35
182,43,738,JK000069,131,762,1386,196,27
182,1079,1245,Shia002069Vols,504,1132,1377,102,50
182,1043,1199,Shamela0008381,97,27,189,102,81
182,1043,1195,Shamela0008381,104,862,1015,98,82
182,1079,1497,JK000913,4105,62,272,144,42
182,381,1350,JK000165,3648,250,1176,304,28
182,1079,1245,Sham19Y0017903,886,426,617,106,70
182,43,430,Shamela0000327,42,502,942,147,33
182,381,1350,Sham19Y0014032,116,524,1331,291,31
182,1079,1245,JK000116,105,413,587,106,78
182,1079,1195,PV2024060602,5479,1089,1206,85,92
183,1310,1530,JK000148,3320,55,567,149,35
183,126,367,Shamela0000041,1494,667,904,134,58
183,1310,1530,JK011153,4397,387,602,151,78
183,95,321,ShamAY0033562BK1,101,1263,1536,170,73
183,321,1499,ShamAY0033562BK1,102,0,1475,796,61
183,1310,1530,Shamela0007360,1030,448,801,148,50
183,1356,1530,JK007127,458,15,300,119,50
183,1310,1530,JK000154,4629,164,378,153,80
183,1297,1530,JK005202,3191,426,662,148,72
183,907,1090,ShamAY0034080,343,974,1201,135,73
183,1310,1511,Sham19Y0013785,855,594,807,143,82
183,1215,1530,Sham19Y0016772,1156,657,1131,176,40
183,1310,1495,JK000787BK1,902,1317,1503,108,66
183,1310,1530,JK000225,1956,239,471,156,81
183,1356,1530,JK000277,204,15,182,130,93
184,693,1042,Shamela0000782,1220,581,903,196,71
184,806,1261,JK001429,106,0,361,188,42
184,701,1022,Sham19Y0122257,1532,444,754,217,82
184,24,1251,ShamAY0033562BK1,103,156,1485,858,76
184,701,959,JK007045,390,1168,1394,153,72
184,747,959,Sham19Y0145212,1738,0,192,144,84
184,693,998,JK009266,16,1125,1417,202,83
184,698,983,Sham19Y0014119,226,367,641,177,77
184,689,1003,JK009336,911,805,1117,203,74
184,693,1031,JK009313,4426,1070,1359,187,67
184,698,1299,JK000080,594,397,925,272,53
184,701,989,Zaydiyya0000015,163,797,1069,181,77
184,698,1036,JK000140,1178,180,494,201,73
184,738,983,JK006478,85,37,263,166,84
184,789,1036,PV2024060602,6963,0,218,146,72
185,0,363,Sham19Y0020561,29,610,779,111,40
185,5,180,JK001249,294,229,454,128,68
185,5,142,JK000216,294,1338,1511,101,75
185,5,225,ShamAY0035246,2,83,504,151,44
185,8,180,Sham19Y0014119,41,1021,1251,129,69
185,1152,1406,JK009241,541,0,285,123,47
185,0,661,JK009313,5472,98,872,459,73
185,8,180,Sham19Y0016976,288,630,860,129,69
185,5,230,Shamela0096283,45,805,1096,150,64
185,444,714,JK000165,192,870,1192,129,41
185,8,230,Sham19Y0013614,104,785,1045,147,65
185,5,180,JK000776,638,921,1208,129,55
186,68,844,Shamela0023695,58,606,1461,250,30
186,39,399,Shamela0026429,45,180,693,202,47
186,744,904,Shamela0026429,117,345,487,109,86
186,1162,1308,Shamela0026429,120,221,360,109,95
186,915,1097,ShamAY0033562BK1,93,1254,1430,133,87
186,49,547,Sham19Y0017063,998,1131,1383,107,23
186,0,543,JK007054,737,287,683,194,43
186,249,851,Sham19Y0014452,137,746,1265,176,30
186,613,898,JK000637,1543,0,453,187,50
186,49,882,JK009313,5464,862,1485,297,39
187,263,1441,ShamAY0033562BK1,94,0,1529,812,61
187,850,1075,Shamela0021537,5756,180,393,142,76
187,890,1065,Zaydiyya0000361,829,1169,1401,125,69
188,707,1015,AOCP20251104128,291,412,816,205,61
188,790,1557,ShamAY0033562BK1,93,0,1254,597,58
188,0,361,ShamAY0033562BK1,95,128,533,224,67
189,208,474,JK007117,1631,74,222,97,44
189,213,474,Sham19Y0146127,2434,219,451,163,74
189,28,527,Sham19Y0131521,5173,679,1116,218,45
189,213,527,Sham19Y0018144,1135,478,783,193,70
189,213,527,Shamela0000782,713,675,868,130,52
189,213,448,JK000977,1327,705,952,178,91
189,213,470,Shamela0005724,18,1144,1418,194,87
189,213,470,Shamela0025794,5344,812,1084,194,90
189,91,527,ShamAY0035884,3716,69,425,144,32
189,91,448,Sham19Y0017729,309,1038,1362,197,67
189,86,448,Sham19Y0017616,200,935,1284,207,67
189,213,470,Tafsir09084,2592,296,560,191,89
189,1214,1498,Shamela0009810,786,206,586,104,35
189,65,470,Sham19Y0122257,1937,157,602,197,42
189,240,392,JK000754,1750,722,1350,115,22
189,33,1110,ShamAY0033562BK1,98,566,1602,771,86
189,1110,1503,ShamAY0033562BK1,99,0,354,258,82
189,33,522,Sham19Y0020944,865,851,1213,230,56
189,216,448,JK000123,953,1053,1301,166,83
189,279,586,JK000123,954,0,434,164,46
189,213,470,Shamela0008473,5009,939,1201,193,89
189,213,486,Shamela0000767,3673,942,1118,119,53
189,91,448,Sham19Y0017791,1047,857,1224,191,59
189,332,448,Sham19Y0017791,1048,0,107,86,92
189,194,470,JK007045,488,300,562,164,70
189,213,470,JK000474,4829,145,681,187,43
189,91,470,Sham19Y0020638,626,492,926,221,59
189,213,470,Shamela0009624,22,1050,1305,185,86
189,213,527,JK000649,61,829,1032,123,46
189,91,527,Shamela0028107,522,966,1345,153,33
189,250,457,Sham19Y0017063,715,231,441,146,82
189,213,470,JK000095,125,427,670,167,76
189,91,470,Sham19Y0022884,208,7,422,199,52
189,216,486,JK007065,1529,326,823,209,52
189,28,527,JK000142,881,960,1402,225,46
189,91,470,JK000251,473,22,341,204,66
189,250,527,Sham19Y0020591,1434,0,157,107,48
189,216,448,Sham19Y0017747,1529,1150,1400,170,84
189,213,448,Sham19Y0132524,1477,758,983,148,79
189,91,448,Sham19Y0014119,296,724,1037,192,64
189,216,470,JK009336,3354,304,710,188,57
189,216,470,JK009137,2431,476,695,151,73
189,213,320,JK000484,4569,1312,1437,78,78
189,5,371,JK000484,4993,713,1217,197,45
189,240,527,JK001503,2421,13,181,115,50
189,81,470,Shamela0001875,1116,144,623,195,44
189,213,470,Sham19Y0148271,2097,879,1143,187,86
189,101,448,Sham19Y0016976,1050,611,933,186,64
189,213,470,JK006897,447,830,1124,190,78
189,269,448,Shamela0009111,119,0,191,140,89
189,213,452,JK000105,1340,702,846,103,55
189,91,470,JK000165,2702,251,597,214,67
189,76,448,Sham19Y0017903,604,335,733,208,60
189,213,470,JK007083,194,72,332,189,88
189,213,527,JK000140,696,864,1057,130,52
189,213,470,Sham19Y0013667,4145,1152,1438,176,74
189,213,474,Sham19Y0013667,4146,202,450,169,80
189,213,527,Sham19Y0013667,4223,95,668,161,32
189,1214,1498,JK000141,384,1076,1343,101,42
189,91,470,Shamela0006610,785,854,1266,222,63
189,91,561,ShamAY0007299,2077,723,1152,226,51
189,1214,1498,JK000201,1815,169,577,126,35
189,213,498,Shamela0012415,543,55,350,198,78
189,213,448,Shamela0023700,2811,179,426,178,91
189,213,470,Shamela0001727,792,291,929,199,39
189,213,470,PV2024060602,2824,745,1048,198,82
189,28,527,PV2024060602,5478,843,1285,225,46
189,213,527,PV2024060602,6481,598,791,130,52
189,213,380,Sham19Y0122406,2054,1208,1387,126,89
190,399,574,Shamela0023628,1384,218,393,136,98
190,399,629,Shamela0023685,1017,1035,1277,142,69
190,309,494,ShamIbadiyya0000433,970,617,1014,92,28
190,309,570,Sham19Y0013605,2890,420,668,188,89
190,301,574,Shamela0021809,91,955,1235,187,79
190,282,574,Sham19Y0018144,2240,352,631,198,81
190,309,735,JK000010,22,263,731,264,66
190,309,755,Sham19Y0018103,2324,66,439,229,64
190,301,574,Shamela0025794,4165,712,992,187,79
190,309,574,Shamela0000041,965,1166,1412,181,82
190,309,553,Sham19Y0014462,79,1263,1491,174,87
190,309,574,ShamAY0035250,53,14,263,189,88
190,399,574,Sham19Y0122257,950,71,246,136,98
190,309,574,Shamela0004445,719,551,802,190,88
190,309,574,Rafed0002209Vols,1150,780,1032,182,82
190,235,1539,ShamAY0033562BK1,95,390,1605,919,85
190,23,240,ShamAY0033562BK1,99,321,541,152,82
190,399,574,JK007045,239,739,914,136,98
190,309,574,JK000110,910,324,576,191,89
190,354,574,Sham19Y0020638,1017,425,851,164,47
190,322,580,JK000906,3342,1041,1335,138,59
190,301,574,ShamAY0032781,109,320,530,152,69
190,309,494,JK000166,7796,46,218,130,86
190,315,570,ShamIbadiyya0000050,409,816,1011,138,66
190,399,574,Sham19Y0145212,1205,21,209,139,92
190,399,574,Sham19Y0145212,1206,1289,1464,136,98
190,315,574,ShamIbadiyya0000438,832,762,988,160,76
190,309,574,Shamela0028107,689,1126,1376,191,88
190,309,508,Shamela0021479,115,1232,1417,142,87
190,413,574,Sham19Y0017063,320,512,673,125,98
190,309,574,Sham19Y0013252,5827,205,456,191,88
190,309,574,Sham19Y0013252,5837,467,718,191,88
190,399,604,JK007065,1135,644,847,143,89
190,309,574,Shamela0005756,9942,320,572,191,89
190,309,574,JK009141,755,422,637,151,68
190,309,574,JK000585,2237,461,711,191,88
190,432,574,JK000238,1662,616,773,109,86
190,309,621,Masaha003032,133,882,1183,188,64
190,399,574,Sham19Y0006684,4081,6,181,139,100
190,399,580,JK009336,2058,974,1155,140,96
190,413,574,Shamela0001717,4023,379,540,127,99
190,399,644,JK000264,2240,1103,1370,174,82
190,309,574,JK001503,3468,89,341,191,88
190,309,648,JK009313,5404,869,1197,179,56
190,279,574,JK000475,1603,926,1201,192,78
190,309,574,MMS00016,90,1150,1385,160,71
190,309,574,Shamela0096283,292,118,396,200,91
190,309,543,JK000105,1031,1375,1573,152,79
190,309,574,Sham19Y0001729,1041,753,997,178,80
190,309,574,Sham19Y0018176,1314,906,1158,191,89
190,315,614,ShamIbadiyya0000155,102,73,359,173,65
190,309,574,Sham19Y0018106,2456,85,337,191,89
190,399,574,Sham19Y0014601,4529,1175,1350,136,98
190,309,574,Shamela0001727,1269,235,850,185,36
190,309,574,PV2024060602,910,324,576,191,89
190,309,574,PV2024060602,3301,362,977,185,36
190,309,574,Sham19Y0122406,3361,671,1287,185,36
191,1374,1545,JK009408,443,569,774,135,80
191,1352,1537,Sham19Y0123665,673,1227,1401,126,83
191,1374,1545,Shamela0003722,4523,465,637,135,95
191,1374,1537,Kraken220413030928,72,601,792,127,80
191,278,526,Sham19Y0013605,2890,1218,1490,182,78
191,278,531,Sham19Y0013605,4620,565,837,160,67
191,1352,1527,Sham19Y0131521,4277,1365,1532,127,89
191,1352,1545,Shamela0021809,396,633,820,139,87
191,1352,1532,Sham19Y0023644,2806,4,204,128,75
191,341,536,JK000583,486,518,709,136,84
191,1331,1545,JK001429,80,528,766,159,80
191,1352,1532,Shamela0025794,4606,441,613,128,87
191,304,531,Shamela0025794,5067,332,585,156,72
191,1352,1537,JK000707,365,10,188,133,88
191,1352,1537,Sham19Y0017729,220,824,1001,131,87
191,1352,1537,Masaha003955Vols,142,1157,1343,130,86
191,1352,1537,Sham19Y0014462,119,1180,1353,125,83
191,1352,1545,JK001332,723,163,349,137,87
191,0,531,ShamAY0035250,53,88,591,228,49
191,1323,1542,Shamela0001449,35,513,736,143,75
191,278,536,Sham19Y0016584,2596,399,683,189,79
191,304,502,Sham19Y0122257,949,1413,1604,148,90
191,1334,1545,Sham19Y0122257,956,639,867,148,77
191,1374,1527,JK008001,1440,1056,1244,123,79
191,341,544,JK008001,3746,721,935,145,80
191,304,544,Shamela0004445,719,995,1244,177,85
191,1374,1532,Shia002261Vols,252,870,1041,113,74
191,333,536,Shia002261Vols,270,529,725,135,80
191,0,1488,ShamAY0033562BK1,96,9,1534,1080,82
191,299,544,Shamela0029677,1253,773,1019,152,73
191,1352,1537,Shamela0001442,240,943,1121,133,88
191,1352,1532,JK000467,414,364,537,129,88
191,1352,1532,Sham19Y0020944,701,149,350,134,82
191,1374,1532,Sham19Y0122096,2322,650,821,113,74
191,341,531,Sham19Y0122096,2485,900,1087,131,80
191,1323,1532,JK010195,9,1295,1497,137,81
191,299,531,Shamela0021766,1609,288,521,157,78
191,1352,1545,Sham19Y0013241,626,636,818,129,81
191,304,544,JK007045,239,473,710,181,91
191,1334,1545,JK007045,241,550,778,148,77
191,278,531,JK000110,910,711,989,186,79
191,278,531,JK000110,1776,641,913,160,67
191,1352,1542,Sham19Y0016934,1250,404,582,136,87
191,1374,1537,JK000474,400,69,231,128,96
191,278,531,Sham19Y0020638,1018,175,435,152,66
191,304,544,Sham19Y0145212,1206,232,468,181,91
191,333,531,ShamIbadiyya0000438,832,1234,1426,135,81
191,1374,1532,JK009274,587,70,255,124,81
191,278,531,JK009152,768,380,606,164,79
191,1352,1537,Sham19Y0127713,505,1303,1481,133,88
191,341,531,Sham19Y0127713,1676,249,427,128,80
191,1352,1545,Shamela0021479,134,938,1131,136,83
191,1352,1545,Sham19Y0017063,323,1050,1241,140,86
191,278,544,JK007107,300,518,788,186,79
191,1352,1537,Shamela0012399,1135,311,483,124,82
191,1331,1537,Shamela0036446,743,395,599,132,77
191,1352,1532,Shamela0008540,1779,566,739,128,87
191,357,544,JK007054,1027,932,1112,131,84
191,1352,1545,Sham19Y0013252,4936,4,189,131,81
191,278,531,Sham19Y0013252,5827,608,886,186,79
191,278,531,Sham19Y0013252,5837,897,1097,143,67
191,278,531,Sham19Y0013252,9488,1112,1384,160,67
191,299,536,Sham19Y0013252,9489,5,246,144,69
191,304,536,JK007065,1448,375,604,170,89
191,1374,1532,Sham19Y0127677,1161,392,576,123,81
191,341,531,Sham19Y0127677,1174,224,405,132,83
191,278,536,Shamela0005756,9944,920,1208,190,79
191,1352,1532,JK000142,727,416,617,134,82
191,1352,1542,JK000585,3545,976,1163,130,80
191,1352,1537,Sham19Y0020591,1173,505,711,138,82
191,304,544,Shamela0012884,765,1089,1333,168,80
191,1352,1545,AOCP20240501183,216,1068,1254,135,86
191,1352,1542,Sham19Y0006684,733,101,280,124,79
191,1374,1532,EScr20120309,248,1145,1304,118,90
191,1352,1537,JK000021,2769,117,295,133,88
191,1374,1532,Shamela0021659,718,1192,1377,124,81
191,341,531,Shamela0021659,855,1179,1360,132,83
191,1374,1537,Sham19Y0014119,143,1017,1180,129,96
191,341,536,ShamAY0035035,4924,1281,1466,132,81
191,278,514,Shamela0037837,672,1166,1415,162,76
191,278,549,JK009336,2057,994,1277,165,68
191,1352,1537,JK009336,3138,478,650,114,71
191,1334,1542,JK009137,1492,353,561,141,82
191,1352,1537,JK001503,996,1108,1288,123,79
191,278,531,JK009313,4581,598,857,186,84
191,1352,1537,Shamela0009804,182,438,602,122,81
191,1374,1542,Sham19Y0016976,566,746,914,131,95
191,278,544,Shamela0096283,292,437,723,191,77
191,1374,1532,Shamela0001438,2530,43,228,124,81
191,341,544,Shamela0001438,2610,1276,1470,139,81
191,1352,1532,Sham19Y0017903,474,1067,1239,128,87
191,1374,1537,Sham19Y0013614,215,1352,1513,128,95
191,299,531,JK001303,772,948,1181,171,88
191,1352,1545,Sham19Y0013667,5512,942,1129,131,82
191,1352,1545,Shamela0000894,2432,672,889,142,80
191,1352,1537,Shamela0000894,2439,9,185,126,83
191,278,518,Shamela0009270,159,1161,1428,162,68
191,1352,1537,Sham19Y0001729,1112,1026,1199,129,85
191,1352,1537,Sham19Y0001729,1113,502,680,133,88
191,278,531,Sham19Y0018176,2383,504,776,160,67
191,1323,1532,JK009390,1487,571,808,143,71
191,278,531,JK009390,1541,109,329,151,73
191,299,531,JK009324,3655,1011,1253,139,66
191,1352,1537,Shamela0023700,348,1213,1387,127,84
191,1331,1542,Sham19Y0014592,728,792,1021,152,80
191,278,531,Sham19Y0018106,2456,950,1228,186,79
191,278,531,Sham19Y0018106,3956,582,854,160,67
191,278,531,Sham19Y0014601,4529,885,1141,186,88
191,278,531,PV2024060602,910,711,989,186,79
191,278,531,PV2024060602,1776,641,913,160,67
191,1352,1532,PV2024060602,5324,283,484,134,82
192,1298,1411,Shamela0012579,1590,701,815,87,97
192,1221,1411,Shamela0026429,14,528,687,117,79
192,937,1055,JK008001,3724,51,200,75,64
192,1248,1411,ShamAY0033562BK1,77,1293,1451,120,93
192,877,1365,ShamAY0033562BK1,78,217,622,230,52
192,19,546,ShamAY0033562BK1,97,271,641,287,66
192,937,1055,Sham19Y0127677,2091,1117,1262,77,66
192,630,777,JK009336,1111,918,1135,111,65
192,1205,1463,JK009241,539,1195,1510,168,66
192,940,1055,Shamela0001438,3817,0,300,75,31
192,597,777,Sham19Y0014592,1152,175,342,130,92
193,286,578,Shamela0026429,12,270,805,176,39
193,120,359,Shamela0026429,14,820,1445,141,29
193,272,1128,ShamAY0033562BK1,80,660,1561,592,75
193,286,506,JK000786,3654,415,700,131,57
194,472,891,Sham19Y0018144,2224,162,556,258,72
194,1023,1142,Shamela0004473,3038,890,1005,90,93
194,461,1185,ShamAY0033562BK1,78,739,1462,499,79
194,1185,1581,ShamAY0033562BK1,79,0,860,251,33
194,0,552,ShamAY0033562BK1,80,168,728,360,78
194,1023,1142,Sham19Y0020944,769,1392,1506,91,94
194,1023,1295,JK000142,792,1015,1210,93,32
194,1023,1295,Sham19Y0020591,1277,1284,1480,92,32
194,1023,1295,Hindawi040635716,233,712,909,93,32
194,517,891,Shamela0010908,254,1220,1490,203,67
194,811,1142,Sham19Y0132524,2245,231,537,143,54
194,1023,1142,JK000021,760,189,303,87,91
194,1023,1295,Shamela0001875,973,122,317,92,32
194,517,901,JK000287,37,755,1034,205,65
194,1023,1295,PV2024060602,5389,894,1089,93,32
195,661,1247,Shamela0023685,983,135,828,358,61
195,401,656,Shamela0023685,999,857,1130,192,83
195,910,1215,Shamela0003722,1482,1101,1360,146,56
195,905,1392,Sham19Y0132416,119,630,945,190,47
195,1018,1292,Sham19Y0132416,147,992,1270,156,71
195,397,689,Sham19Y0020878,2415,417,727,202,76
195,646,895,Sham19Y0131521,5188,496,815,159,61
195,462,656,Sham19Y0131521,5191,398,600,143,81
195,910,1210,Shamela0021809,245,961,1309,198,72
195,661,895,Sham19Y0018144,2227,131,359,156,79
195,1227,1481,JK000675,284,829,1115,190,82
195,910,1194,Shamela0012579,620,722,1016,184,73
195,910,1094,Shamela0012027,284,1039,1494,119,32
195,910,1210,Shamela0000782,1218,1056,1389,200,72
195,952,1392,JK000010,130,0,364,210,59
195,397,656,JK000010,213,1066,1349,193,81
195,910,1292,JK001429,106,272,728,244,63
195,725,900,Shamela0008210,88,0,145,111,81
195,910,1481,ShamAY0035884,1624,404,1045,315,58
195,661,905,Shamela0004473,7144,501,728,158,76
195,661,934,Sham19Y0017729,421,220,486,168,73
195,910,1062,JK001249,90,1262,1456,107,63
195,1068,1392,JK001249,91,0,338,161,52
195,661,944,JK001249,122,612,895,182,75
195,995,1215,JK005020,46,680,879,149,85
195,401,661,JK000064,854,887,1134,182,79
195,661,895,Sham19Y0017616,358,52,296,166,81
195,910,1210,ShamAY0034134,649,1034,1373,211,74
195,910,1232,ShamAY0034134,650,608,898,163,61
195,910,1150,ShamAY0034134,651,132,348,122,54
195,1227,1466,ShamAY0034134,822,1082,1352,180,81
195,661,895,Shamela0012403,143,272,491,146,74
195,646,868,Shamela0000432,4185,1288,1444,104,59
195,661,934,Shamela0000432,5233,447,689,168,78
195,661,895,Sham19Y0122257,944,200,418,153,77
195,711,1210,Sham19Y0122257,1496,495,1072,246,49
195,661,895,JK007085,1638,434,619,142,78
195,995,1227,JK008001,5911,1191,1424,166,87
195,699,895,Shamela0004445,2103,0,170,130,85
195,699,905,JK000754,2430,1048,1403,128,44
195,5,209,ShamAY0033562BK1,79,867,1035,133,81
195,566,1481,ShamAY0033562BK1,106,0,869,615,80
195,661,895,Shamela0008970,181,499,722,157,79
195,910,1198,Shamela0008970,188,631,884,140,53
195,661,895,JK007044,1851,1000,1337,142,49
195,929,1129,JK007044,2840,485,1105,134,27
195,661,895,Sham19Y0017791,513,199,449,154,69
195,910,1309,Sham19Y0017791,790,70,492,248,69
195,661,895,JK007045,237,829,1047,154,78
195,910,1223,JK007045,380,406,734,211,78
195,1018,1210,ShamAY0033728,68,545,737,138,89
195,661,895,JK000653,343,936,1155,148,75
195,1227,1481,JK000474,858,161,431,183,82
195,910,1292,Shia002264,263,202,582,182,49
195,661,960,Sham19Y0020638,1012,476,816,176,58
195,1014,1223,Sham19Y0145212,1712,0,617,152,30
195,661,1027,Shamela0012014,216,678,1045,191,63
195,661,895,Shamela0098087,80,581,832,171,83
195,661,895,ShamIbadiyya0000438,850,533,753,150,78
195,711,1223,JK009245,824,942,1431,239,45
195,944,1400,JK006890,187,623,968,229,64
195,422,656,Sham19Y0017817,62,428,676,169,77
195,995,1210,JK009274,74,928,1163,158,82
195,661,895,Sham19Y0127700,155,1018,1236,154,78
195,341,656,Sham19Y0013571,382,309,619,187,65
195,689,940,Sham19Y0017063,316,485,721,150,71
195,910,1223,Sham19Y0017063,518,621,971,212,75
195,661,934,JK007107,306,482,752,180,79
195,661,834,Shamela0036446,1044,1330,1465,97,72
195,910,1102,Shamela0036446,1343,1305,1477,120,75
195,646,895,Kraken220727035853,5403,156,341,130,67
195,435,656,JK007054,729,355,591,165,78
195,910,1236,JK007054,921,85,376,204,80
195,661,895,Shamela0001524,1711,1105,1336,156,79
195,1018,1194,JK001137,72,38,206,120,81
195,661,895,JK007065,1283,1122,1346,156,79
195,661,974,JK001236,62,487,805,185,67
195,661,900,JK001236,220,708,956,170,82
195,995,1129,Sham19Y0127677,152,1332,1462,101,91
195,711,1194,Sham19Y0127677,4500,879,1428,212,49
195,910,1227,Sham19Y0014309,1069,58,396,215,77
195,661,895,Shamela0023644,959,1194,1417,156,79
195,910,1194,JK000588,9,768,1013,138,58
195,661,895,JK009141,779,109,300,138,75
195,661,895,JK000585,4308,995,1223,155,78
195,661,895,JK009256BK1,2337,492,698,143,80
195,1018,1210,Kraken220413030905,324,1137,1313,134,86
195,661,918,Sham19Y0132524,2246,477,733,170,79
195,995,1210,Shamela0021659,183,211,421,158,91
195,661,895,Sham19Y0014119,140,1116,1341,160,81
195,680,1292,Sham19Y0014119,218,662,1326,276,47
195,699,895,ShamAY0035035,4738,846,1050,141,84
195,910,1223,JK009336,911,8,329,208,80
195,910,1175,JK000637,3534,977,1434,133,36
195,661,895,ShamAY0034005,1160,1097,1302,157,86
195,1227,1456,JK009313,4428,1155,1438,164,68
195,925,1287,JK009313,5356,1009,1478,241,63
195,910,1392,JK000069,100,743,1173,246,61
195,661,957,JK000069,116,1196,1486,174,72
195,1035,1223,JK000080,596,0,295,113,44
195,661,910,JK000080,1188,1066,1313,173,82
195,661,905,Zaydiyya0000015,305,652,895,149,68
195,910,1062,Sham19Y0023625,994,987,1182,107,63
195,1068,1194,Sham19Y0023625,995,1148,1277,97,96
195,661,895,Sham19Y0016976,558,1141,1373,164,83
195,910,1210,Sham19Y0016976,792,312,637,204,75
195,995,1273,Shamela0001438,354,577,863,182,73
195,1018,1292,Shamela0001438,945,880,1145,143,63
195,910,1292,Shamela0001438,6655,416,822,199,58
195,661,957,JK006897,511,263,553,184,74
195,661,918,JK000913,2192,472,707,162,75
195,1018,1292,JK001416,28,20,286,145,67
195,661,910,JK000094,1464,630,823,138,68
195,952,1392,JK000105,555,1000,1314,197,55
195,661,895,JK000105,1124,936,1156,151,79
195,910,1392,JK000105,1139,998,1409,225,57
195,397,656,JK000105,1226,674,957,195,81
195,656,934,Sham19Y0017903,887,617,878,164,70
195,910,1292,JK001303,714,747,1144,170,45
195,680,1210,Shamela0000327,9,907,1391,248,55
195,661,957,Shamela0000327,27,1160,1437,175,72
195,661,957,JK007083,238,80,373,188,75
195,910,1210,JK000140,1176,873,1207,200,73
195,661,895,Kraken220413202218,226,632,818,141,77
195,661,895,Kraken220413202218,360,933,1118,141,77
195,661,905,Shamela0000894,5274,1034,1281,169,79
195,661,881,Shamela0009270,133,1221,1435,144,77
195,661,895,Sham19Y0001729,1045,799,1012,143,73
195,661,895,Sham19Y0001729,1046,659,889,156,79
195,910,1123,Kraken230106005528,396,320,547,144,78
195,661,895,Kraken230106005528,775,1268,1472,145,76
195,699,895,JK000201,2813,650,1005,134,46
195,915,1163,JK000201,4214,0,515,100,25
195,995,1251,JK009390,124,845,1082,168,82
195,910,1319,JK009390,1039,794,1233,178,42
195,910,1282,JK009390,6589,170,544,206,66
195,661,915,Shamela0021765,1356,710,956,165,76
195,661,1223,Shamela0026568,866,537,1203,353,64
195,401,656,Shamela0026568,883,345,629,192,80
195,661,895,Shamela0001727,1262,1139,1370,156,79
195,1018,1325,JK001012,124,752,1087,159,55
195,661,905,JK001012,298,821,1064,162,78
195,910,1210,PV2024060602,6961,604,938,200,73
195,661,895,Sham19Y0122406,3345,396,627,156,79
196,58,542,Shamela0023685,998,686,1198,270,58
196,131,471,JK000675,284,264,628,252,81
196,131,466,Shamela0012579,1103,1163,1499,234,78
196,245,547,JK001254,8,26,310,184,74
196,127,547,Shamela0010283,1182,553,987,260,70
196,255,605,Shamela0004473,15444,844,1119,177,64
196,226,620,JK000735,233,826,1261,211,53
196,131,481,JK000735,234,22,371,236,75
196,799,1490,Shamela0009810,1318,297,1417,288,26
196,240,441,Shia001340,335,907,1145,149,75
196,751,1552,ShamAY0033562BK1,104,72,856,602,91
196,486,739,ShamAY0033562BK1,105,1227,1466,182,88
196,0,486,ShamAY0033562BK1,106,869,1335,373,95
196,226,547,Shamela0026548,20,882,1251,193,62
196,131,441,JK000090,40,1139,1426,191,68
196,131,471,JK009160,251,777,1067,193,65
196,236,486,JK000381,640,19,266,173,82
196,255,441,JK000381,1136,825,1009,148,98
196,255,441,Shamela0018381,6,1254,1438,148,98
196,131,547,Sham19Y0127700,332,467,915,268,67
196,255,441,Shia001432Vols,29531,667,859,142,88
196,290,486,JK001236,227,0,206,142,79
196,131,620,Shamela0006463,76,450,1041,309,61
196,255,441,AOCP20251104062,39,596,775,143,95
196,131,555,JK009336,2049,774,1232,277,67
196,131,528,JK009313,5354,1088,1488,247,70
196,131,471,JK000475,2374,821,1160,233,76
196,226,620,JK000475,2374,167,608,211,53
196,255,427,ShamAY0034230,5269,1045,1231,127,85
196,255,441,JK000363,38,618,797,144,96
196,226,547,Shamela0003055,624,455,804,207,70
196,131,471,ShamAY0035253,46,490,886,255,75
196,236,547,Shamela0008476,2570,448,733,191,73
196,131,471,JK000883,2106,1116,1451,227,76
197,11,776,ShamAY0033562BK1,104,852,1619,594,93
197,776,1533,ShamAY0033562BK1,105,0,801,605,90
198,274,883,JK009186,28,357,1062,361,57
198,1107,1321,JK000583,797,1061,1454,130,41
198,271,617,Kraken220208041038,77,1098,1435,182,59
198,0,1544,ShamAY0033562BK1,107,28,1283,915,71
198,1086,1387,Kraken230106005528,937,703,1126,145,39
199,1126,1385,JK010749,91,1015,1282,120,51
199,1144,1385,Shamela0005502,42,485,718,129,66
199,1144,1385,Shamela0023789,497,392,550,121,61
199,359,566,Shamela0004445,2422,158,582,137,39
199,77,1550,ShamAY0033562BK1,108,0,1458,893,65
199,925,1385,JK009325,1191,164,605,172,37
199,930,1195,Shamela0095700,44,83,311,97,38
199,415,688,Shamela0098087,222,512,909,153,42
199,359,618,Shamela0009618,2,758,1440,160,27
199,720,905,Shamela0009618,5,1274,1457,112,70
199,359,918,JK000159,2104,16,525,176,27
199,1144,1385,JK010734,77,956,1118,116,59
199,1144,1385,Sham19Y0150966,1792,118,291,120,61
199,1144,1385,Shia002185Vols,3698,1262,1473,121,50
199,1144,1385,JK010752,7,1057,1269,121,50
199,1144,1385,JK006910,26,335,493,121,61
199,1138,1385,Sham19Y0073348,2133,512,678,121,60
199,293,918,JK000057,64,379,1086,203,26
199,1144,1385,JK010747,15,467,717,79,25
199,1144,1385,JK010746,44,965,1302,121,35
199,461,618,Kraken220413202218,821,641,877,105,54
199,930,1385,Shamela0006911,39,180,477,172,46
199,1144,1385,Shamela0023790,460,432,785,123,34
200,216,341,Shamela0023685,965,82,184,64,65
200,216,341,ShamAY0035955,537,365,476,69,70
200,960,1191,Shamela0010283,1181,610,873,169,80
200,197,591,JK001249,124,307,787,144,28
200,960,1088,Sham19Y0095660,1429,540,674,91,82
200,197,409,ShamAY0034134,896,319,630,131,52
200,364,984,Sham19Y0122257,966,626,986,155,29
200,692,872,JK008001,3379,607,1025,99,28
200,192,627,ShamAY0033562BK1,79,1295,1451,102,29
200,106,1472,ShamAY0033562BK1,109,0,1286,852,75
200,216,622,Sham19Y0122096,3647,839,1296,91,17
200,74,496,Sham19Y0000760,485,791,1270,173,40
200,364,1103,JK007045,245,563,1026,151,21
200,74,341,JK000166,7707,558,817,99,35
200,345,656,Shamela0010803,228,255,669,150,45
200,965,1088,JK007107,306,898,1033,90,83
200,965,1241,JK000238,1558,160,740,129,25
200,965,1079,JK009336,1778,1325,1446,89,93
200,197,496,JK009336,1779,350,590,123,46
200,521,1064,Shamela0001717,4010,374,561,115,26
200,74,540,JK009313,5384,503,1107,210,37
200,197,345,Sham19Y0023625,1268,202,594,96,31
200,783,1191,Shamela0003118,1725,475,945,155,32
200,783,1079,Shamela0006610,368,794,1119,116,33
200,74,341,Shamela0026568,848,18,272,99,41
200,965,1191,JK000916,4675,173,525,138,48
200,423,1000,Shamela0001727,1450,665,965,69,12
200,423,1000,PV2024060602,3482,789,1089,69,12
201,513,1521,ShamAY0033562BK1,4,0,1009,698,80
201,0,228,ShamAY0033562BK1,109,1286,1516,175,91
201,1141,1521,JK009313,5368,1180,1560,243,77
201,375,881,JK009313,5368,1029,1488,239,53
201,966,1414,JK000080,1171,682,1137,118,20
201,1246,1513,JK000105,1142,769,1477,154,27
201,876,1215,JK000105,1142,0,445,210,58
201,608,837,AOCP20251104110,10,129,517,142,45
202,1300,1554,Sham19Y0146127,2104,654,890,161,73
202,1313,1554,Shamela0022644,2334,0,350,165,57
202,1335,1554,Shamela0012862,315,284,497,136,68
202,1353,1556,Sham19Y0017437,1160,978,1200,151,85
202,539,705,Shamela0000782,352,454,625,110,77
202,539,705,ShamIbadiyya0000074,381,1269,1446,121,83
202,1403,1556,JK011153,2815,0,153,118,98
202,539,719,ShamAY0034447,1518,652,843,123,78
202,539,1185,JK001249,128,112,1154,426,47
202,539,705,ShamAY0034134,927,576,754,122,83
202,461,1253,Shamela0006146,215,123,854,499,68
202,1347,1556,JK006878,472,757,951,145,84
202,1283,1556,Sham19Y0013783,2031,587,820,178,83
202,0,247,ShamAY0033562BK1,4,1009,1263,199,96
202,328,1253,ShamAY0033562BK1,110,73,901,618,77
202,1343,1556,JK000123,883,1293,1514,167,95
202,388,705,Sham19Y0016934,1145,664,945,155,60
202,1339,1556,JK000154,2985,1172,1396,170,96
202,565,719,Shamela0012014,217,962,1132,106,77
202,1313,1556,Sham19Y0013624,220,770,1005,173,87
202,560,705,JK007107,302,0,163,110,85
202,1335,1556,Sham19Y0013785,474,681,928,167,85
202,1363,1556,Sham19Y0127677,4375,0,212,149,89
202,1297,1556,ShamAY0034282,1773,388,633,179,88
202,1313,1556,Sham19Y0017747,1375,136,396,180,84
202,1313,1556,Shamela0119492,581,1086,1350,176,80
202,1313,1554,Tafsir01005,537,115,326,152,79
202,1347,1556,JK000225,1253,874,1083,161,95
202,565,705,JK009336,3121,759,908,111,93
202,1288,1554,JK000484,3992,1026,1287,169,73
202,1313,1554,JK000637,1313,972,1190,139,65
202,1288,1554,JK000477,904,598,854,163,71
202,0,137,JK009313,5368,1560,1710,111,90
202,1313,1556,Shamela0010517,2479,869,1125,183,88
202,1353,1556,Sham19Y0020589,429,552,776,151,83
202,1313,1556,Shamela0001438,6589,553,800,172,83
202,1283,1556,JK006897,436,403,675,186,78
202,539,705,JK000140,345,34,205,110,77
202,1283,1556,JK000787BK2,1323,628,897,186,78
202,539,705,PV2024060602,6129,1165,1336,110,77
203,687,1200,JK000254,206,1068,1255,115,29
203,267,811,JK001249,129,10,645,242,39
203,137,556,Shamela0006146,215,854,1245,294,85
203,627,1054,Shamela0006146,217,237,647,232,66
203,137,802,ShamAY0033562BK1,110,901,1570,492,89
203,807,1478,ShamAY0033562BK1,111,0,690,500,89
203,1342,1478,Shamela0012062,317,142,587,94,27
203,267,496,Sham19Y0023625,1308,305,673,167,57
203,687,1200,JK006897,179,1138,1417,105,20
204,1127,1475,Hindawi070427368,126,778,1242,153,34
204,91,195,ShamAY0035884,1045,544,661,78,84
204,91,195,JK008001,4938,977,1094,78,84
204,1004,1496,ShamAY0033562BK1,72,720,1335,341,62
204,0,605,ShamAY0033562BK1,111,701,1451,455,76
204,91,195,Shia002185Vols,2458,548,651,74,87
204,91,195,Sham19Y0127677,3264,402,519,78,84
204,91,195,Shamela0001438,5557,1202,1319,78,84
204,91,195,JK009390,4324,1122,1240,78,84
204,91,195,Shamela0021765,687,81,201,76,81
204,91,195,JK000916,17555,147,264,78,84
205,744,966,JK009298,661,349,567,135,75
205,0,144,ShamAY0033562BK1,72,1335,1546,112,64
205,137,1352,ShamAY0033562BK1,73,25,1265,821,75
205,744,961,AOCP20251104052,16,649,842,137,77
205,744,966,JK000001,2813,205,428,138,76
206,144,1107,ShamAY0033562BK2,1,12,1596,737,56
206,1191,1589,ShamAY0033562BK2,2,12,681,312,56
207,0,936,ShamAY0033562BK2,2,681,1654,695,85
207,936,1635,ShamAY0033562BK2,3,0,724,530,85
208,0,911,ShamAY0033562BK2,3,724,1633,701,90
208,911,1316,ShamAY0033562BK2,4,0,422,306,85
208,1417,1582,ShamAY0033562BK1,84,757,1348,106,21
209,956,1168,Shamela0003722,6067,259,453,140,78
209,956,1168,Shamela0025794,4698,414,610,139,78
209,948,1168,Sham19Y0122257,2497,459,666,150,80
209,1023,1168,JK008001,2553,1098,1243,104,85
209,959,1575,ShamAY0033562BK1,82,450,1039,403,74
209,0,197,ShamAY0033562BK1,84,1052,1241,148,86
209,193,920,ShamAY0033562BK1,85,359,1511,546,57
209,956,1428,JK000467,2315,908,1310,201,41
209,1023,1215,Sham19Y0122096,3018,983,1258,137,60
209,959,1384,Sham19Y0017791,1424,1100,1389,202,58
209,948,1168,JK007045,637,806,1022,151,78
209,948,1373,Sham19Y0017063,1009,538,1136,237,48
209,948,1168,JK007054,656,815,1030,150,77
209,956,1373,Shamela0001524,1703,890,1294,176,48
209,956,1168,JK009141,765,423,597,125,71
209,959,1377,Masaha003032,131,926,1367,272,67
209,959,1373,Sham19Y0014119,410,27,307,190,57
209,959,1373,Sham19Y0016976,1347,549,873,209,62
209,956,1168,JK000140,685,1018,1211,142,81
209,1023,1293,JK001239,50,106,580,163,42
209,956,1168,PV2024060602,6470,756,949,142,81
210,528,948,JK000533,3611,151,493,205,57
210,528,948,Shamela0003722,670,69,492,257,67
210,528,948,Shamela0000782,701,112,502,268,77
210,518,921,JK000010,196,937,1174,150,47
210,528,908,ShamAY0035884,3839,374,802,235,67
210,528,895,Shamela0026429,148,1102,1417,219,72
210,528,1333,Shamela0009810,1313,220,1180,401,46
210,584,924,Sham19Y0122257,2491,1086,1354,197,72
210,528,1072,ShamAY0033562BK1,75,851,1464,381,73
210,1125,1523,ShamAY0033562BK1,76,0,380,258,76
210,5,348,ShamAY0033562BK1,82,1048,1525,264,67
210,528,895,JK000474,5042,882,1190,216,71
210,528,743,Shamela0010803,307,1242,1435,140,76
210,528,908,Sham19Y0122255,166,1112,1434,234,76
210,531,1154,Masaha003032,59,770,1292,289,49
210,523,921,JK009336,2037,289,675,221,63
210,528,908,JK000139,31,811,1145,241,78
210,518,908,JK009313,2995,801,1175,257,77
210,584,1333,JK009313,5473,112,674,348,54
210,518,921,JK000105,1208,1233,1550,226,70
210,763,948,JK000140,685,0,207,133,81
210,528,1333,JK000141,687,29,734,358,47
210,528,908,Shamela0023700,3087,658,990,216,67
210,1276,1456,Sham19Y0014592,2938,0,185,114,75
210,528,908,Shamela0096239,188,1129,1461,244,80
210,541,1239,Sham19Y0014601,5120,182,612,159,23
210,528,1333,PV2024060602,4405,260,965,358,47
210,528,948,PV2024060602,6469,974,1364,268,77
211,600,914,JK007078,332,392,875,220,53
211,600,914,JK009291,243,822,1234,220,62
211,107,396,ShamAY0033562BK1,74,1100,1391,204,81
211,0,139,ShamAY0033562BK1,76,380,530,103,80
211,595,914,AOCP20251104052,198,1035,1554,219,49
211,600,914,JK007054,649,342,752,230,66
211,600,825,JK009288,502,1302,1602,145,56