ms1,b1,e1,id2,ms2,b2,e2,ch_match,matches_percent
2,175,342,Zaydiyya0000004,645,445,628,120,83
2,182,342,JK009226,62,1190,1356,122,92
4,148,497,Sham19Y0149213,1302,369,636,168,56
4,298,567,Shamela0001463,27,85,377,138,58
4,148,491,ShamAY0034002,37,530,791,164,57
4,298,491,Shia001391,11,16,224,120,69
4,298,539,Shia004012,150,965,1271,144,59
4,298,504,JK000146,350,1163,1376,106,61
4,282,491,Shia001418Vols,519,832,1040,111,60
4,1125,1409,Shamela0003118,3412,139,497,195,66
4,298,451,Shamela0008378,10,481,646,108,83
4,176,522,Zaydiyya0000067,24,972,1404,175,48
4,301,529,Shia000047,2,125,360,134,68
4,158,491,ShamAY0032764,20,665,921,165,58
4,148,491,JK000485,246,548,837,157,50
4,901,1071,Kraken220413030905,377,1198,1365,127,93
4,148,491,JK000022,2280,99,360,166,58
4,1142,1409,Shamela0030769,90,632,978,177,60
4,298,451,Rafed0003726Vols,166,870,1035,109,84
4,282,451,JK000201,4101,563,738,108,75
4,298,491,Tafsir04003,454,33,232,128,77
4,298,522,Rafed0001713Vols,224,0,225,113,54
4,298,950,Shamela0001341,86,635,1156,169,27
4,298,445,Zaydiyya0000259,344,1408,1560,106,87
4,298,491,JK000376,60,790,1002,116,69
4,1195,1496,Shamela0026579,9,574,795,142,55
4,298,504,Shamela0008473,589,201,430,123,65
4,1195,1496,JK001266,6,64,275,142,57
4,148,491,Shamela0003722,4939,885,1152,169,58
4,1195,1496,Shamela0010480,785,53,274,142,55
4,148,491,Shamela0023578,269,566,824,165,57
4,148,445,Shamela0038202,3,1169,1392,135,52
4,148,491,ShamAY0033108,127,875,1126,171,61
4,357,491,Shamela0009107BK1,206,8,144,96,87
4,1142,1487,Zaydiyya0000229,194,722,1043,234,82
4,148,491,Tafsir02091,157,380,631,171,61
4,298,445,Kraken210622021806,767,1380,1537,101,83
4,298,497,Sham19Y0036571,7,1181,1383,118,69
4,298,460,JK000791,141,1217,1400,112,77
4,1125,1409,JK000916,11042,247,609,193,64
4,158,491,Shamela0012750,88,1127,1388,163,57
4,1154,1409,JK009390,2048,449,780,188,69
4,148,491,Shamela0008227,47,202,481,172,58
4,298,451,JK000162,391,573,732,111,86
4,148,491,Shamela0021570,388,654,943,161,52
4,148,491,Shamela0026746,15,336,612,168,56
4,148,457,ShamIbadiyya0000197,185,1365,1576,147,59
4,148,491,JK009226,393,153,413,185,66
4,1142,1409,Tafsir04056,4366,1158,1478,176,63
4,166,491,Shamela0000894,8079,656,880,144,55
4,357,497,Shamela0012884,478,19,150,90,81
4,298,451,Sham19Y0018567,502,275,429,94,73
4,158,491,JK000675,9,108,379,162,54
4,298,497,AOCP2025021445,160,976,1458,129,34
4,1142,1505,Zaydiyya0000352,205,907,1266,268,86
4,298,522,Tafsir09084,211,496,725,122,63
4,148,522,Shia001217Vols,1749,38,315,170,53
4,162,491,Sham19Y0017817,371,861,1136,161,54
4,148,491,Shamela0001453,107,537,809,169,57
5,1000,1303,Sham19Y0020591,542,1123,1460,203,72
5,851,1320,JK009231,1465,928,1214,147,41
5,1000,1519,JK007083,54,1000,1515,268,53
5,1056,1519,ShamAY0034134,789,0,510,224,50
5,846,1438,ShamAY0034230,4980,245,823,259,41
5,936,1433,Shamela0006366,457,75,702,286,54
5,512,812,Shia003704,504,1095,1395,212,84
5,865,1303,JK006950,1046,326,626,167,46
5,512,906,Zaydiyya0000067,5,653,1051,241,72
5,1000,1320,JK000165,883,37,318,193,73
5,984,1320,Shamela0021744,762,1186,1469,183,65
5,1000,1454,JK000142,339,652,1157,245,60
5,1041,1320,JK007044,1224,34,254,120,52
5,1000,1446,JK011153,453,777,1171,231,56
5,1000,1320,Shamela0008544,1313,130,423,212,81
5,834,1519,JK001249,107,584,1180,308,51
5,1000,1454,Sham19Y0131521,2006,105,607,243,60
5,1000,1303,JK007111,198,230,418,114,46
5,1000,1320,JK007111,220,104,305,125,48
5,980,1320,JK007111,556,316,529,129,48
5,480,812,Rafed0003257Vols,5231,954,1285,203,70
5,1000,1350,Tafsir02102,723,979,1357,227,72
5,690,812,Shia001237Vols,2972,667,797,92,90
5,512,716,Shia001122Vols,661,766,965,128,75
5,531,812,Shia001122Vols,3536,170,446,184,77
5,1095,1320,Sham19Y0023625,1164,897,1141,143,73
5,1014,1320,Sham19Y0023625,2754,24,301,197,76
5,865,1303,JK000381,6743,332,632,167,46
5,876,1303,JK000585,2915,770,1136,203,60
5,512,817,Shia004021,153,910,1295,206,64
5,865,1519,JK001324,231,936,1433,227,40
5,984,1320,JK000299,652,3,286,183,65
5,1000,1514,JK000376,149,4,528,212,41
5,512,690,Shia002389Vols,2563,715,900,127,86
5,690,943,Shia002389Vols,3083,956,1300,133,47
5,531,690,Shia000233,446,375,524,111,88
5,1000,1320,JK000471,490,508,822,201,75
5,1000,1320,JK000471,772,309,599,192,72
5,817,1438,JK000069,90,1047,1571,257,46
5,1000,1303,AOCP20251104081,393,27,324,196,76
5,512,690,Shia000211,10,1256,1421,121,86
5,1000,1519,JK000232,52,599,965,187,38
5,512,812,Zaydiyya0000229,192,217,540,208,78
5,512,716,PV2024060601,661,766,965,128,75
5,531,812,PV2024060601,3536,170,446,184,77
5,1000,1454,PV2024060602,4936,534,1039,245,60
5,1000,1438,Sham19Y0127700,188,599,924,217,62
5,862,1438,JK000775,129,502,1028,265,50
5,1000,1438,Sham19Y0147311,181,990,1380,237,62
5,512,690,Shia004042Vols,342,695,863,120,84
5,531,817,Shia004042Vols,620,220,502,191,77
5,512,728,Shia001174Vols,4725,1294,1509,149,80
5,531,724,Shia001174Vols,4726,153,459,99,37
5,512,690,Shia001266,37,1021,1175,104,75
5,512,767,Shia001334,29,1191,1442,177,83
5,512,812,Shia001334,94,1157,1470,215,84
5,512,906,Zaydiyya0000217,15,291,687,240,72
5,1000,1320,Shamela0001524,2355,809,1145,200,65
5,865,1289,Shamela0001524,2379,643,959,192,53
5,1000,1320,Sham19Y0147313,8,58,392,215,76
5,512,812,Shia001299,148,1140,1440,210,83
5,512,812,Shia001299,180,65,391,221,85
5,1000,1303,Shamela0026668,71,1111,1427,199,72
5,846,1208,Sham19Y0095660,1556,1283,1585,189,60
5,690,1056,Tafsir04056,7210,760,1041,140,42
5,675,812,Shia001615Vols,2956,158,310,93,72
5,1000,1320,Shamela0023628,206,585,862,191,74
5,690,812,Shia001432Vols,1891,718,854,91,83
5,675,817,Shia001432Vols,21862,1145,1286,94,75
5,512,1051,Shia001432Vols,23508,810,1330,252,47
5,512,690,Shia001432Vols,29022,169,334,121,86
5,512,690,Shia002382Vols,197,1268,1433,120,86
5,872,1173,ShamAY0033181,399,1341,1582,152,62
5,1000,1438,Shamela0012014,295,325,765,241,64
5,865,1307,ShamAY0034282,520,210,720,244,52
5,512,817,Zaydiyya0000352,203,326,639,209,80
5,1000,1476,JK000383BK1,32,548,1011,254,57
5,512,690,Shia001217Vols,1819,1044,1213,121,84
5,512,716,Shia001217Vols,2593,466,654,125,77
5,512,812,Shia001217Vols,4475,1006,1316,203,78
6,0,238,Rafed0002654Vols,3444,285,561,101,39
7,964,1136,EShia0071536,250,75,321,120,61
7,852,1141,Zaydiyya0000054,83,801,1123,161,61
7,253,584,Sham19Y0014119,199,1020,1176,76,25
7,852,1136,Zaydiyya0000067,230,240,559,149,48
7,998,1136,Shia001131Vols,129,1032,1170,99,89
7,964,1136,Shia001237Vols,838,1216,1447,117,63
7,110,584,Sham19Y0122257,1321,826,1059,63,14
7,233,584,Sham19Y0016976,733,258,651,80,17
7,932,1136,Zaydiyya0000229,175,354,590,144,74
7,845,1119,Zaydiyya0000361,205,1171,1514,146,54
7,229,630,Sham19Y0017063,478,613,903,137,42
7,932,1136,Shia001432Vols,26339,548,762,107,62
7,932,1136,Zaydiyya0000352,185,821,1057,144,74
7,932,1131,EShia0027411,107,1175,1381,121,69
8,707,987,Shamela0036543,70,757,951,128,56
8,754,987,JK009226,424,874,1348,165,44
10,1038,1203,JK009245,1024,633,775,99,72
10,989,1151,JK009190,292,1099,1299,107,59
10,994,1151,JK000080,1081,673,822,109,82
10,1015,1151,Shamela0021544,71,1034,1172,103,92
10,989,1203,Shia002264,506,1269,1445,123,70
12,7,331,Zaydiyya0000352,4,1263,1580,172,61
12,373,1598,Zaydiyya0000352,5,9,1071,546,47
14,1310,1526,Zaydiyya0000229,140,1281,1488,159,90
14,1310,1526,Zaydiyya0000352,150,982,1189,159,90
15,977,1275,JK000483,123,787,1038,158,66
15,977,1275,Masaha001028,85,142,456,165,59
15,977,1100,Masaha001028,156,1424,1529,73,77
15,949,1284,Shia004012,51,245,499,150,53
15,1005,1410,Zaydiyya0000067,200,323,808,279,73
15,949,1275,Shia000047,94,982,1316,181,60
15,977,1347,JK009237,5978,886,1255,268,92
15,922,1360,Zaydiyya0000373Vols,147,912,1377,307,84
15,977,1275,ShamAY0033926,119,1104,1356,157,66
15,949,1275,JK009236,70,484,793,171,60
15,949,1410,Shia001237Vols,288,63,484,201,48
15,949,1206,Shia001237Vols,959,1208,1432,131,59
15,977,1275,JK005004,926,255,510,160,66
15,977,1275,Shamela0021765,983,146,392,151,63
15,949,1275,Shamela0021765,2068,184,488,162,56
15,949,1214,ShamAY0034644,225,1160,1439,170,71
15,127,329,Shamela0021315,219,0,183,144,89
15,169,360,Shamela0021809,2888,342,507,123,80
15,949,1275,JK006801,912,105,369,166,63
15,579,737,Zaydiyya0000052,122,318,479,104,79
15,117,329,JK009226,197,519,718,158,92
15,977,1347,JK009226,398,1020,1399,277,94
15,930,1284,ShamAY0034080,228,933,1312,244,80
15,949,1224,Shia001615Vols,2844,57,333,151,60
15,949,1401,Shia001432Vols,25401,183,646,203,47
15,1014,1401,Shia001432Vols,28693,3,282,144,42
15,600,737,Zaydiyya0000098,285,758,888,99,86
15,1147,1401,Meshkat00057178,3044,0,329,128,42
16,249,642,Shia001138BK1,99,827,1217,190,51
16,253,693,Masaha001108Vols,435,312,714,180,43
16,267,642,Shia000275Vols,896,482,848,167,46
16,291,642,Sham19Y0014255,3,4,198,119,39
16,239,403,JK000021,717,0,380,100,33
16,249,642,Shia001148,133,227,619,194,51
16,249,582,ShamAY0033729,63,921,1216,204,75
16,239,591,Shia001391,165,842,1152,173,57
16,249,673,Shia004012,85,483,906,206,52
16,45,616,ShamAY0033541,17,1007,1472,312,67
16,239,702,JK000637,670,912,1359,352,94
16,276,965,JK000637,671,0,401,246,44
16,343,702,JK001012,110,0,369,284,95
16,249,649,Shamela0001466,3900,873,1211,160,41
16,249,649,JK009266,9211,592,941,165,42
16,291,702,Shamela0001438,4065,807,1218,324,98
16,291,702,Shamela0001438,4066,58,323,206,63
16,249,591,Shia001122Vols,1019,944,1245,178,59
16,291,645,Masaha001075,398,472,819,157,45
16,294,591,Shia004021,257,418,656,140,54
16,276,642,Shia001134,51,0,364,178,51
16,239,635,JK009315,49,1070,1468,304,93
16,249,441,Shia002389Vols,2302,720,900,122,83
16,239,462,JK001013,6,1174,1348,115,66
16,249,702,Shamela0010480,1229,45,349,227,63
16,249,702,Shamela0021315,112,292,1005,234,36
16,310,682,Shia000181,82,0,384,169,46
16,249,702,Shamela0021809,1407,876,1181,227,62
16,1054,1264,Zaydiyya0000229,132,211,448,126,66
16,249,591,PV2024060601,1019,944,1245,178,59
16,239,742,JK000080,216,338,859,377,87
16,307,702,JK000080,586,0,396,310,97
16,310,702,JK009390,2451,0,400,300,92
16,271,469,JK009390,2452,230,568,90,32
16,271,702,JK009390,3614,299,633,240,67
16,257,469,JK000943,176,964,1162,102,54
16,291,702,JK008001,2917,40,455,324,99
16,291,536,JK008001,2918,321,653,101,35
16,239,702,Shia002069Vols,217,482,906,318,86
16,209,702,JK000474,1844,533,1014,368,94
16,209,702,JK009226,200,742,1153,312,80
16,257,642,ShamAY0034080,33,152,695,181,35
16,291,702,Sham19Y0127677,2250,646,1057,324,98
16,291,702,Sham19Y0127677,2251,196,452,198,60
16,249,591,Zaydiyya0000256,400,762,1066,182,61
16,249,642,Shia001432Vols,28618,248,638,199,54
16,1054,1264,Zaydiyya0000352,141,1055,1301,131,57
16,291,425,Shamela0006496,28,1204,1314,81,78
16,249,591,Masaha000001Vols,1030,63,364,178,59
16,249,642,Shia001217Vols,1567,599,1006,203,52
17,292,553,Zaydiyya0000049,138,475,784,156,62
17,267,719,Zaydiyya0000004,127,1084,1496,161,39
17,667,924,Shamela0003118,572,455,737,171,72
17,553,724,Zaydiyya0000328,283,716,1084,110,38
17,684,924,Shamela0004473,2948,1091,1352,155,72
17,529,1290,Zaydiyya0000259,250,63,683,263,35
17,708,924,Sham19Y0018315,275,1091,1309,147,82
17,708,924,Shamela0009801,75,717,938,149,83
17,688,825,JK005005,782,1275,1426,90,74
17,684,930,Shamela0001391,116,383,633,168,81
17,292,553,Zaydiyya0000229,291,754,993,145,59
17,684,924,Masaha003955Vols,367,723,958,160,80
17,296,553,Zaydiyya0000024,34,772,1087,133,47
17,667,1134,Zaydiyya0000024,36,3,444,232,59
17,296,703,Zaydiyya0000052,33,794,1148,144,38
17,684,924,JK000999,263,205,466,150,68
17,292,548,Zaydiyya0000352,305,1187,1420,140,58
17,296,453,Zaydiyya0000399,6,710,876,116,85
18,720,896,JK005020,928,871,1034,126,90
18,465,628,Zaydiyya0000004,665,296,447,115,88
18,1235,1439,Shamela0010488,405,901,1109,131,71
18,700,891,Zaydiyya0000259,271,1263,1452,132,85
18,517,952,Zaydiyya0000259,342,514,1038,184,35
18,1039,1287,Zaydiyya0000024,41,1047,1379,177,66
18,1235,1436,Zaydiyya0000024,42,739,943,151,92
18,487,947,Shamela0012579,726,108,586,224,50
18,0,283,JK009226,205,199,797,208,43
18,668,928,JK009226,399,192,452,182,87
18,1235,1439,JK009226,428,928,1124,140,86
18,465,628,Zaydiyya0000352,140,867,1017,118,90
19,1112,1354,Shia003101Vols,398,1173,1447,175,79
19,1354,1501,Shia003101Vols,399,0,144,116,96
19,660,1008,Zaydiyya0000049,2,283,633,157,41
19,1112,1501,ShamAY0034134,150,1070,1455,288,86
19,1112,1501,JK009137,374,124,536,285,81
19,1112,1501,JK000629,213,921,1356,293,82
19,1183,1499,JK001091,6,781,1104,252,97
19,1183,1501,Shamela0012738,28,1090,1406,246,95
19,660,1008,Shia001237Vols,101,9,170,127,45
19,1276,1501,Sham19Y0018315,174,0,231,180,96
19,1116,1501,JK000271,16,524,943,292,85
19,1112,1501,AOCP20251104145Vols,60,607,1067,290,77
19,1096,1501,JK005005,496,527,917,283,83
19,0,172,Zaydiyya0000024,42,946,1122,133,93
19,649,1150,Zaydiyya0000052,6,759,1048,159,36
19,1093,1501,Sham19Y0014580,243,970,1411,303,84
20,0,315,Shia003101Vols,399,144,441,211,79
20,673,1087,Masaha001120,71,400,841,173,38
20,343,1087,Shia001149Vols,18,0,827,316,41
20,589,1087,Shia001138BK1,16,11,564,242,47
20,673,1087,Zaydiyya0000245,22,98,461,178,46
20,682,1087,Shia000275Vols,285,0,397,200,51
20,364,972,Zaydiyya0000049,14,23,555,416,85
20,364,1087,ShamAY0034134,149,872,1272,242,41
20,42,325,ShamAY0034134,151,0,267,188,79
20,307,1087,Shia001171,348,605,1445,334,41
20,677,1087,Masaha000989,8,525,1544,181,21
20,364,1255,Zaydiyya0000260,4,711,1463,564,79
20,486,1087,Masaha000626,3,337,1015,295,49
20,619,1087,Masaha001077,5,256,765,199,40
20,364,1040,ShamAY0033975,299,888,1479,445,82
20,1040,1314,ShamAY0033975,300,0,344,167,56
20,325,1087,Shia004012,72,22,994,338,38
20,364,859,JK009137,372,1076,1497,313,78
20,859,1314,JK009137,373,0,583,303,61
20,0,315,JK009137,374,536,838,216,78
20,338,1087,Shia000002,3,437,1180,326,44
20,180,319,JK000629,214,7,157,106,90
20,670,1087,Shia000121Vols,326,308,688,206,52
20,338,1087,Shia000234Vols,504,470,1277,322,42
20,545,1087,Shia000055Vols,115,434,977,227,39
20,364,1107,Shamela0010283,1171,803,1487,502,82
20,1107,1326,Shamela0010283,1172,0,285,115,46
20,673,1087,Masaha001023,49,887,1244,205,54
20,104,315,Shamela0012738,29,5,195,138,78
20,364,846,Shamela0001438,5991,1056,1432,274,70
20,846,1314,Shamela0001438,5992,0,539,313,68
20,550,1064,Zaydiyya0000061,34,353,852,270,56
20,670,1087,Shia000107Vols,160,293,674,207,55
20,475,1087,Shia001237Vols,129,228,853,312,53
20,338,1087,Shia001122Vols,1127,385,1145,311,41
20,693,1087,Shia000152,78,0,366,197,54
20,619,1087,Masaha001075,7,487,1018,205,39
20,486,1087,Shia001134,482,374,1036,294,48
20,903,1087,Zaydiyya0000259,222,287,699,125,38
20,364,1255,Zaydiyya0000259,225,613,1376,576,81
20,0,315,Sham19Y0018315,174,231,542,224,84
20,619,1087,Shia000115,17,780,1289,199,40
20,673,802,Shia000025,186,1339,1582,76,38
20,364,589,Sham19Y0038171,290,129,300,117,65
20,486,1087,Shia000003,3,338,1017,295,49
20,673,1087,Shia000233,322,905,1256,175,45
20,0,315,JK000271,16,943,1243,231,89
20,600,1087,Shia004049,20,301,831,205,38
20,673,795,Shia000042,4,550,857,73,29
20,428,1087,Zaydiyya0000353,19,419,1026,251,43
20,406,589,ShamAY0035035,689,0,142,94,64
20,0,315,AOCP20251104145Vols,60,1067,1363,217,82
20,486,1087,Shia000218Vols,395,483,1144,286,47
20,0,315,JK005005,496,917,1209,213,80
20,670,1087,Shia001115Vols,84,7,384,202,55
20,338,1087,Shia000210,9,734,1576,329,41
20,338,1087,PV2024060601,1127,385,1145,311,41
20,307,1079,PV2024060601,3746,660,1505,312,38
20,486,1087,PV2024060601,6167,358,1019,287,47
20,550,1150,Zaydiyya0000037Vols,2333,46,1364,380,35
20,364,1255,JK009390,3810,683,1465,545,74
20,364,840,JK008001,3578,1173,1544,273,70
20,840,1314,JK008001,3579,0,548,314,67
20,486,1087,Zaydiyya0000302,41,201,862,287,47
20,770,1087,Shia000125,148,41,567,137,26
20,687,1064,Zaydiyya0000275BK1,47,6,366,178,49
20,104,315,Sham19Y0014580,244,0,223,163,89
20,364,1314,Sham19Y0127677,3943,19,935,587,69
20,486,1087,Shia001432Vols,25178,694,1381,289,46
20,565,1087,Shia003706,39,0,543,231,43
20,486,1087,Shia000196Vols,167,10,809,278,39
20,338,886,Shia001217Vols,227,831,1524,263,45
20,673,1087,Shia000317Vols,706,1209,1576,176,46
21,733,1073,Sham19Y0020591,552,233,651,192,49
21,81,549,Zaydiyya0000054,26,31,396,247,61
21,81,398,Zaydiyya0000049,12,192,475,220,84
21,81,549,Zaydiyya0000004,41,716,1297,256,52
21,825,1078,Sham19Y0020561,110,1080,1323,165,76
21,478,634,ShamAY0034134,86,972,1130,105,84
21,1164,1412,Shia003707Vols,491,375,619,148,70
21,1199,1449,Shia003707Vols,515,0,268,151,70
21,733,1000,Sham19Y0014601,2453,1067,1285,150,69
21,728,1073,JK000100,196,308,610,194,66
21,733,1232,Sham19Y0014119,227,578,984,220,47
21,825,1078,Shamela0027083,432,26,252,166,82
21,814,1073,JK011548,57,624,868,171,79
21,1188,1412,Shamela0003118,5595,0,217,169,92
21,470,651,Shamela0009082,1973,910,1080,105,70
21,733,1073,Shamela0029976,2,356,657,194,65
21,825,1073,Masaha003032,162,672,920,163,77
21,1245,1412,JK000165,686,0,167,134,100
21,780,1232,JK001012,395,23,589,221,45
21,790,1078,ShamAY0033598,280,36,323,181,70
21,124,387,Shia001131Vols,87,359,588,179,83
21,790,1073,Shamela0008634,720,457,716,169,68
21,737,1073,JK000142,345,692,980,189,66
21,814,1078,JK009141,1135,48,299,171,76
21,785,1012,Zaydiyya0000031,5,1281,1505,159,83
21,1232,1456,Sham19Y0017419,172,0,299,162,68
21,825,1067,Shamela0036446,1357,924,1156,156,75
21,478,651,Shamela0007435,655,1054,1223,124,91
21,1164,1412,JK000485,1309,780,1013,176,89
21,733,1073,JK001249,356,515,822,191,63
21,733,1073,Sham19Y0131521,2039,942,1234,192,66
21,790,1073,Shamela0009810,1431,794,1070,182,73
21,1164,1442,Shamela0010283,1170,663,911,186,83
21,139,387,Zaydiyya0000070,16,1072,1311,188,93
21,733,1232,JK000735,136,933,1382,226,45
21,1164,1412,JK000386,1153,795,1047,188,90
21,825,1073,Shamela0001438,2392,638,892,168,75
21,478,651,Sham19Y0014592,1656,378,835,119,32
21,733,1073,JK009152,742,641,921,193,67
21,124,571,Shia001237Vols,135,615,966,206,58
21,733,1073,Shamela0009076,364,242,543,234,85
21,776,1062,JK000486,161,1143,1394,181,76
21,825,990,Sham19Y0023625,2727,1026,1182,105,77
21,790,1073,Shamela0001341,80,694,1006,173,61
21,124,387,Zaydiyya0000259,225,0,609,208,42
21,790,1073,JK000141,756,31,307,182,73
21,733,1073,Shamela0022882,341,300,608,187,64
21,825,1073,JK007104,409,877,1115,159,74
21,500,809,JK009336,912,86,462,143,44
21,737,1078,JK009336,935,326,639,194,66
21,733,1073,ShamAY0032765,8,310,609,194,67
21,1159,1407,Sham19Y0122096,344,822,1051,151,71
21,733,1029,JK001236,272,1237,1493,164,64
21,733,1073,Shamela0003722,3104,1004,1293,201,70
21,1164,1416,Shamela0003722,8528,491,746,186,87
21,715,1073,Shamela0010480,1646,1008,1318,207,69
21,733,1078,Sham19Y0016976,809,76,386,195,65
21,825,1078,JK000140,1186,5,248,165,76
21,733,1078,Shamela0000782,1229,115,410,200,69
21,733,1029,ShamAY0032834,22,1263,1510,167,70
21,733,945,Shamela0008540,1732,1366,1521,107,64
21,1213,1362,JK009274,730,1127,1407,110,48
21,81,387,Shia000814VolsBK4,114,1091,1386,232,95
21,733,1073,Zaydiyya0000229,197,28,325,230,83
21,478,814,Zaydiyya0000229,198,568,965,153,44
21,825,1078,JK009313,3655,580,849,164,69
21,790,1073,PV2024060602,4474,278,554,182,73
21,737,1073,PV2024060602,4942,559,847,191,68
21,737,1078,PV2024060602,6970,1104,1395,196,68
21,1164,1412,Shia004509,37,454,693,185,93
21,1164,1412,JK000916,26946,1077,1325,183,87
21,737,1073,JK000685,144,240,553,197,68
21,725,1073,JK000081,603,215,533,188,63
21,790,1237,Shamela0012872,260,623,1030,214,56
21,809,1073,Sham19Y0148271,930,0,262,176,74
21,1164,1412,ShamAY0033626,147,746,1006,187,86
21,1164,1412,ShamAY0033626,149,1170,1436,189,86
21,55,387,Zaydiyya0000052,6,954,1308,251,88
21,825,1041,JK008001,460,732,941,147,82
21,55,549,Zaydiyya0000361,30,567,972,288,72
21,733,1073,Sham19Y0001729,411,716,997,214,78
21,825,1073,Shamela0004482,506,1085,1331,166,74
21,814,1078,JK007045,392,785,1040,169,75
21,733,1073,Shamela0010803,363,190,516,205,68
21,776,1041,JK000475,2276,1205,1459,177,79
21,790,1078,Sham19Y0017063,536,996,1268,184,75
21,780,1012,Shamela0030741,128,637,834,140,74
21,733,932,Shamela0012884,2823,1122,1303,112,65
21,825,1078,Sham19Y0132416,101,509,752,162,76
21,733,1078,Sham19Y0017903,951,1132,1428,205,72
21,825,1073,Sham19Y0127677,1462,713,966,167,75
21,715,1237,Shamela0025794,441,983,1419,236,47
21,1164,1412,Shamela0025794,5119,1075,1327,188,90
21,81,571,Shia001432Vols,25185,707,1059,224,57
21,825,1012,JK001297,223,1018,1189,115,76
21,1164,1416,Zaydiyya0000131,96,322,586,192,89
21,478,651,JK000675,110,870,1297,122,37
21,733,1073,Sham19Y0020944,309,485,776,192,66
21,733,1073,Zaydiyya0000352,208,329,638,243,88
21,478,814,Zaydiyya0000352,209,950,1359,158,46
21,85,387,Zaydiyya0000399,10,306,600,221,87
21,733,1078,Sham19Y0017791,815,18,328,195,65
21,790,1073,JK000786,3055,527,810,180,70
21,737,1073,JK000467,605,538,832,176,61
22,0,149,Zaydiyya0000049,87,195,337,118,95
22,955,1247,Zaydiyya0000004,79,966,1445,139,38
22,0,149,Zaydiyya0000004,161,1246,1388,118,95
22,976,1247,Zaydiyya0000004,181,292,675,93,30
22,1223,1479,Zaydiyya0000055,53,54,320,202,93
22,441,827,JK000637,381,41,552,234,55
22,484,820,JK001012,135,136,623,205,50
22,1213,1496,Shia001131Vols,119,787,1070,193,80
22,509,703,Shamela0001438,472,118,348,146,78
22,964,1479,Shia001237Vols,812,452,874,263,56
22,4,141,Zaydiyya0000259,237,996,1146,107,83
22,782,1479,Zaydiyya0000259,239,371,809,318,55
22,437,890,Shamela0001391,191,945,1454,241,52
22,1189,1479,Zaydiyya0000229,180,1044,1345,211,84
22,456,703,JK000943,27,1062,1383,179,68
22,456,691,Sham19Y0016599,953,1174,1408,166,84
22,983,1079,Zaydiyya0000052,12,493,636,68,62
22,0,149,Zaydiyya0000052,33,357,499,118,95
22,509,703,JK008001,2865,217,705,153,38
22,447,801,JK000474,2243,920,1359,229,63
22,447,703,JK009226,426,846,1108,200,93
22,441,703,Sham19Y0013667,884,1102,1409,184,73
22,447,703,Sham19Y0013667,885,269,535,199,91
22,1213,1405,Shia001432Vols,26270,1283,1496,141,83
22,429,703,Shamela0005756,3030,425,758,191,70
22,447,703,JK000675,115,884,1181,198,81
22,447,813,Zaydiyya0000015,2216,544,1046,242,61
22,1189,1479,Zaydiyya0000352,191,701,1002,211,84
22,0,141,Zaydiyya0000399,13,979,1113,111,95
22,1213,1483,Shia001625,195,214,510,202,85
23,1250,1415,Zaydiyya0000049,146,1022,1189,128,96
23,945,1215,Zaydiyya0000004,74,297,581,197,85
23,971,1215,Shia001237Vols,1115,1140,1382,152,71
23,971,1169,Zaydiyya0000259,259,333,589,144,71
23,961,1215,Masaha000979,34,245,479,147,67
23,0,216,Sham19Y0131336,472,1136,1348,151,82
23,0,253,Shamela0021809,280,190,412,163,81
23,995,1140,Shia000814VolsBK4,309,472,634,105,81
23,941,1308,Zaydiyya0000229,204,88,592,216,50
23,1308,1415,Zaydiyya0000024,51,0,106,82,97
23,0,253,Shamela0012862,130,232,481,189,94
23,0,253,JK009226,420,535,788,198,100
23,0,253,ShamAY0033053,92,966,1209,181,90
23,0,253,Shamela0012981,1233,261,519,187,88
23,0,253,Zaydiyya0000015,796,563,809,192,96
23,941,1308,Zaydiyya0000352,215,637,1149,215,49
23,941,1299,Shia001625,198,473,899,201,57
24,254,578,Sham19Y0020591,551,670,1253,228,47
24,350,578,Shamela0008970,38,0,336,172,63
24,275,573,JK000967,257,891,1230,201,69
24,254,578,Shamela0001875,285,1014,1432,226,65
24,1040,1310,ShamAY0034134,488,1183,1419,160,70
24,1040,1306,ShamAY0034134,490,626,855,154,67
24,254,578,JK000021,300,913,1340,214,60
24,107,578,Masaha001946Vols,1209,737,1330,267,50
24,1178,1306,JK007006,371,814,1040,106,56
24,111,578,Shamela0003055,1005,226,825,259,51
24,1040,1306,Shamela0003055,1006,518,745,136,61
24,254,578,Sham19Y0014601,2452,0,591,233,48
24,0,241,Zaydiyya0000055,101,1120,1325,134,64
24,335,578,Shamela0006146,110,528,884,174,59
24,1032,1349,Sham19Y0018279,386,0,287,176,61
24,1178,1322,Shamela0021659,258,237,381,110,92
24,335,485,Masaha003032,156,433,706,115,53
24,1178,1306,Masaha003032,162,1083,1211,106,100
24,107,657,JK000165,912,456,1211,303,49
24,1022,1310,JK000637,3516,981,1276,215,88
24,254,415,JK000142,344,1143,1340,106,66
24,394,578,JK000142,345,10,241,143,74
24,254,405,JK009141,1139,1323,1443,90,76
24,346,578,JK009141,1140,0,233,154,78
24,254,633,Shamela0036446,1333,598,1081,238,59
24,116,578,Shamela0008544,1342,63,485,248,60
24,1032,1310,Shamela0008544,1343,652,859,143,63
24,1040,1327,ShamAY0032970,7,615,843,157,67
24,1040,1363,Shamela0007435,863,423,693,173,62
24,254,561,JK000485,1413,1180,1464,202,81
24,1040,1306,JK001249,67,371,604,159,70
24,285,657,JK000123,322,18,417,231,68
24,1178,1306,Kraken220413030905,327,630,755,96,85
24,275,578,Sham19Y0131521,2039,63,499,216,60
24,365,466,Sham19Y0131521,2044,1024,1401,76,25
24,315,578,JK000735,25,0,368,193,64
24,1178,1310,Shamela0001438,1013,579,711,106,97
24,724,1022,Shamela0001438,7765,0,312,208,75
24,1178,1306,Sham19Y0018272,462,837,1085,106,51
24,1040,1310,Shamela0010517,682,727,938,152,69
24,1040,1306,Sham19Y0023625,858,419,651,158,70
24,111,651,JK009336,891,769,1509,290,47
24,107,628,JK009336,955,576,1061,206,39
24,1178,1306,Shia002261Vols,73,1248,1376,106,100
24,254,578,JK001236,185,305,775,235,61
24,254,578,Shamela0003722,1828,558,919,199,62
24,285,578,ShamAY0035035,3289,20,282,175,70
24,254,578,Shamela0008540,1731,603,1059,211,53
24,1178,1306,JK009274,196,604,732,106,100
24,409,578,Shamela0021809,821,0,182,127,84
24,1040,1306,Shamela0009107BK1,358,562,765,142,66
24,586,904,ShamAY0032826,197,216,577,226,73
24,254,517,PV2024060602,4941,1017,1416,187,57
24,254,578,Shamela0009270,145,144,596,219,57
24,254,633,Sham19Y0127700,109,383,942,254,55
24,1178,1306,JK009390,422,338,466,106,100
24,586,1022,JK009390,5851,630,1066,285,72
24,254,578,JK000943,31,824,1198,215,67
24,1040,1310,JK000943,32,418,647,165,74
24,341,661,Sham19Y0148271,539,12,456,187,49
24,254,609,Sham19Y0016599,1253,0,571,238,51
24,1178,1306,JK008001,454,344,472,106,100
24,708,1022,JK008001,723,0,328,220,76
24,254,551,JK000475,2164,1072,1465,218,66
24,111,578,Shamela0026568,1039,313,898,256,50
24,254,578,JK000474,1170,379,746,197,61
24,1040,1306,JK000474,1859,607,868,201,90
24,254,578,JK000105,146,643,1067,224,64
24,107,573,JK009226,421,726,1480,356,59
24,586,830,JK009226,424,1219,1476,188,88
24,830,1022,JK009226,425,0,181,143,92
24,1040,1306,JK009226,431,771,1035,214,99
24,586,1022,Shamela0012884,1016,841,1267,301,78
24,254,667,Shamela0012884,3678,842,1366,250,53
24,111,578,Sham19Y0132416,21,131,688,246,51
24,275,573,Shamela0006947,12049,279,618,201,69
24,365,633,Shamela0023644,1442,5,353,180,62
24,1178,1310,Sham19Y0127677,1053,1131,1263,106,97
24,586,1022,Sham19Y0127677,5481,791,1223,282,71
24,254,633,Shamela0025794,3656,194,779,239,50
24,335,667,JK001297,132,785,1087,173,60
24,1040,1310,Zaydiyya0000015,792,429,685,202,91
24,254,578,Sham19Y0020944,308,655,1179,230,53
24,254,578,Shamela0023685,1149,483,880,215,62
25,469,667,ShamAY0036163,4,1245,1454,136,76
25,406,794,ShamAY0036163,6,273,665,275,84
25,327,782,JK001332,573,93,509,290,77
25,437,635,JK009237,5951,496,729,134,70
25,1082,1369,Shamela0008210,124,220,569,157,51
25,205,789,Shamela0001438,1696,656,1218,389,80
25,469,635,Shamela0096277,8,1177,1354,127,92
25,154,516,Shamela0096277,9,0,318,222,76
25,469,635,Sham19Y0148529,271,298,468,124,90
25,339,794,Masaha002872,41,5,485,321,81
25,374,777,Tafsir02096,204,238,602,242,71
25,418,777,Sham19Y0150960,179,27,372,251,83
25,154,444,JK009390,885,1128,1363,148,64
25,444,789,JK009390,886,0,359,250,84
25,205,789,JK008001,423,43,596,387,82
25,293,777,ShamAY0034080,169,0,434,286,71
25,1082,1292,Shamela0012981,1973,1005,1195,130,71
25,223,789,Sham19Y0127677,761,0,530,376,81
26,169,715,Sham19Y0020591,1869,600,1139,416,92
26,1317,1519,Shia000275Vols,732,650,822,117,69
26,1317,1564,Zaydiyya0000049,121,77,324,189,92
26,1317,1538,Zaydiyya0000004,70,1306,1524,172,94
26,169,715,ShamAY0034134,475,487,1059,415,86
26,192,588,ShamAY0034230,4978,975,1302,220,63
26,169,365,Sham19Y0014601,6031,1238,1436,136,81
26,372,715,Sham19Y0014601,6032,0,341,265,91
26,188,513,Kraken2108092202141,398,612,912,233,86
26,202,547,Sham19Y0016618,217,720,1141,243,65
26,242,513,Shamela0021659,663,1170,1455,219,93
26,1317,1583,Zaydiyya0000067,83,56,325,212,96
26,169,652,JK000165,907,560,1159,239,45
26,1317,1519,Shia001131Vols,136,1292,1496,162,96
26,169,547,JK009249,17,1188,1463,189,58
26,202,715,JK000142,1144,6,518,404,95
26,169,778,Shamela0026378,55,450,943,222,38
26,202,652,Shamela0036446,1365,126,565,204,48
26,169,715,JK001249,66,544,1108,418,88
26,236,425,Kraken220413030905,278,1413,1604,150,93
26,169,715,Sham19Y0131521,6474,357,892,414,92
26,169,569,Sham19Y0131521,6479,675,1383,298,51
26,1317,1519,Shia002945Vols,599,701,874,119,70
26,169,513,Sham19Y0013614,314,854,1328,244,59
26,242,715,Shamela0001438,2267,411,883,337,85
26,169,778,Shamela0001438,7374,80,753,282,44
26,177,652,Sham19Y0014309,1095,382,857,244,55
26,202,673,Sham19Y0014592,1365,15,502,368,91
26,242,513,Sham19Y0018272,1154,747,1145,216,66
26,1317,1564,Shia001237Vols,1101,869,1118,189,93
26,226,552,Sham19Y0122257,1494,93,363,135,46
26,169,720,Shamela0010517,679,846,1414,419,88
26,169,552,Sham19Y0023625,848,758,1160,290,86
26,479,715,Sham19Y0023625,849,766,1005,148,72
26,169,778,Shamela0001341,147,509,1116,248,44
26,169,643,JK000141,183,36,466,217,50
26,169,720,JK009315,48,844,1398,417,90
26,169,965,JK009336,950,2,1207,473,44
26,1317,1550,Masaha000979,27,815,1039,132,56
26,242,425,Shia002261Vols,203,1302,1494,147,92
26,242,513,Sham19Y0013769,692,0,277,215,94
26,242,513,Sham19Y0122096,1905,861,1145,215,91
26,169,720,JK001236,154,325,883,414,89
26,202,552,JK001236,184,6,376,168,42
26,1317,1500,Shia004049,59,1241,1392,113,74
26,740,1022,Shamela0003722,4503,0,312,210,78
26,169,778,JK000069,109,202,819,438,85
26,169,705,Shamela0026884,218,328,850,258,50
26,169,652,Shamela0013174,396,11,528,242,47
26,242,513,JK009274,508,376,661,219,93
26,169,715,Zaydiyya0000229,286,504,1043,426,95
26,728,1022,Zaydiyya0000229,288,1047,1352,238,95
26,169,701,JK000011,248,726,1218,228,48
26,169,513,ShamAY0032891,2,623,961,206,64
26,1317,1519,PV2024060601,6609,549,720,118,70
26,169,643,PV2024060602,3901,290,720,217,50
26,319,715,PV2024060602,5741,0,394,317,97
26,169,720,JK000080,200,604,1157,417,90
26,169,652,JK000080,591,736,1301,279,51
26,206,513,JK009390,1307,818,1133,224,82
26,242,715,JK009390,1308,30,506,338,85
26,169,715,JK009390,7292,417,1052,248,41
26,1161,1583,Zaydiyya0000052,35,0,534,296,68
26,242,513,JK008001,419,974,1259,207,84
26,169,778,JK008001,5998,630,1303,282,43
26,1317,1519,Zaydiyya0000302,483,385,556,118,70
26,226,479,JK007045,379,275,443,114,54
26,169,518,Shamela0000327,20,1127,1495,265,86
26,518,778,Shamela0000327,21,0,267,174,80
26,732,979,JK000474,2713,580,849,190,82
26,188,652,Sham19Y0017063,516,322,857,257,51
26,169,513,Shamela0026668,321,1127,1478,196,59
26,1325,1455,Shia001372,165,1525,1645,76,58
26,169,513,JK006897,100,131,481,189,56
26,164,513,Shamela0012884,1948,438,768,250,86
26,169,715,Shamela0012981,714,713,1183,207,39
26,242,715,Sham19Y0127677,1392,334,813,341,86
26,169,513,Sham19Y0127677,5114,1133,1482,187,54
26,169,783,ShamAY0033594,6,390,1067,276,42
26,385,778,Shamela0025794,1319,0,416,171,41
26,1317,1534,Shia001432Vols,27293,1229,1448,173,96
26,1325,1519,Shia001432Vols,27879,285,515,99,46
26,242,513,JK000298,2641,915,1476,201,44
26,169,652,JK000707,550,781,1322,278,53
26,728,1022,JK000675,186,290,629,222,76
26,1236,1544,Shia001340,246,279,688,171,46
26,0,134,Zaydiyya0000015,2239,607,810,105,64
26,169,708,Sham19Y0020944,1174,546,1089,408,89
26,169,768,Zaydiyya0000352,300,636,1234,439,87
26,728,891,Zaydiyya0000352,302,1271,1444,129,90
26,891,1022,Zaydiyya0000352,303,0,131,109,100
26,144,513,JK000071,495,824,1174,215,66
26,1317,1519,Shia001217Vols,1728,270,442,119,70
27,1037,1303,Shamela0001875,289,354,616,198,96
27,1037,1311,ShamAY0034134,505,53,335,199,88
27,355,824,ShamAY0034134,511,1266,1501,178,48
27,1311,1495,ShamAY0034134,661,798,979,130,86
27,640,784,Shia001171,522,1293,1516,82,46
27,640,824,Masaha001028,30,137,327,95,63
27,1331,1495,Shamela0023700,1129,267,438,127,89
27,640,954,Shamela0023700,1928,170,549,137,45
27,1306,1495,Shamela0007012,153,25,202,126,81
27,640,824,Shia001391,157,707,985,111,51
27,640,824,Shia004012,105,740,996,98,46
27,1356,1495,JK000584,797,392,542,107,85
27,1311,1495,Shamela0003118,7849,74,248,131,85
27,640,824,Shamela0021659,383,533,744,100,60
27,1037,1422,Zaydiyya0000067,206,287,641,225,72
27,351,954,Zaydiyya0000067,219,66,574,352,67
27,1037,1375,JK000637,3512,356,725,227,79
27,1319,1495,JK000637,3512,1173,1333,127,88
27,640,1108,JK000637,3516,284,675,163,43
27,640,824,Shamela0026383,43,10,265,98,48
27,973,1398,JK001012,168,213,599,126,25
27,640,824,Shia000047,33,702,892,95,63
27,1311,1495,JK009408,1182,533,704,131,86
27,1311,1495,JK009408,2236,193,370,128,82
27,1089,1375,Shamela0008544,1343,873,1219,193,71
27,640,808,Shamela0001438,1093,1127,1313,78,54
27,1089,1298,Shamela0001438,4025,1215,1430,160,97
27,1311,1495,Shamela0001438,7021,618,790,131,86
27,640,824,Shia000107Vols,942,1156,1427,91,42
27,304,949,Sham19Y0023625,874,492,893,208,39
27,640,824,Shia001134,47,730,1001,111,52
27,640,824,Sham19Y0038171,787,1186,1446,97,47
27,1311,1495,Shamela0008473,4601,1180,1364,134,87
27,640,949,Shia000207,498,899,1274,109,28
27,640,824,JK009274,216,1028,1239,100,60
27,884,1384,Shamela0021809,2913,51,671,255,48
27,327,824,ShamAY0032826,227,665,974,208,50
27,1319,1495,JK009313,3347,939,1112,130,90
27,640,824,ShamAY0032844,12,155,416,99,47
27,1311,1495,JK000916,26321,156,330,131,86
27,640,824,JK009390,476,1147,1358,100,60
27,460,824,JK009390,1040,800,988,131,43
27,1089,1298,JK009390,2424,1073,1289,160,96
27,640,824,JK009390,2994,911,1099,98,65
27,640,808,JK009390,2995,642,897,84,42
27,640,949,JK000943,36,1076,1420,115,32
27,640,824,JK000943,37,861,1117,99,49
27,460,808,JK008001,430,776,1278,162,39
27,640,1370,JK008001,431,7,655,285,47
27,640,824,JK008001,457,837,1047,106,61
27,1311,1495,JK008001,6010,981,1153,131,86
27,1315,1495,JK000474,1941,1101,1265,129,88
27,640,839,JK000474,3534,620,826,103,64
27,443,876,JK009226,398,0,322,255,72
27,1037,1298,JK009226,416,57,318,200,99
27,1311,1495,JK009226,422,657,846,145,95
27,640,824,Shamela0026566,123,1016,1271,99,49
27,1029,1495,Shamela0023644,1467,820,1377,199,39
27,1037,1319,JK000883,1756,333,625,204,88
27,460,824,Sham19Y0127677,963,467,655,131,43
27,1207,1370,Sham19Y0127677,2221,0,159,87,67
27,640,808,Sham19Y0127677,2678,287,541,84,42
27,1315,1495,Sham19Y0127677,4821,267,435,129,86
27,640,824,Shia001432Vols,26716,832,1104,111,52
27,1303,1489,Shamela0005756,3712,755,950,128,76
28,1035,1403,Zaydiyya0000004,72,346,722,158,41
28,777,1091,Zaydiyya0000260,26,0,317,206,79
28,598,1072,JK000637,3512,675,1217,289,64
28,652,1013,Shamela0008544,1343,0,374,239,79
28,645,1013,Shamela0001438,4010,264,682,211,59
28,714,1013,Shamela0001438,4019,0,289,189,76
28,593,1223,Zaydiyya0000259,244,894,1308,287,59
28,603,1165,JK009315,12,654,1223,321,62
28,590,800,Sham19Y0038171,861,639,811,119,73
28,598,1013,Shamela0003722,1433,771,1178,260,74
28,593,1276,Shamela0000412,75,423,932,260,45
28,709,1013,Shamela0026884,411,0,300,196,76
28,598,1013,Shamela0021809,2490,776,1154,259,76
28,603,1100,JK000080,153,578,1244,314,57
28,645,1084,JK000080,154,123,627,231,55
28,661,1116,Zaydiyya0000024,102,0,648,327,63
28,598,1116,Shamela0026390,39,155,783,324,63
28,625,1030,JK009390,2421,220,645,240,71
28,1035,1403,Zaydiyya0000052,35,611,984,160,42
28,616,1174,JK008001,432,764,1369,318,65
28,611,1013,Shia002069Vols,5,726,1168,235,61
28,598,887,JK000474,3876,1084,1380,203,84
28,611,919,JK000883,1092,8,315,197,75
28,648,1013,Sham19Y0127677,2217,0,364,234,78
28,603,1021,Shamela0005756,3721,261,768,258,61
28,603,1013,JK000675,181,247,653,263,79
28,598,1208,Zaydiyya0000015,164,101,712,364,69
29,74,429,Shamela0000107,2219,872,1079,104,33
29,1111,1333,Zaydiyya0000049,131,989,1238,145,65
29,294,487,Zaydiyya0000004,72,722,915,152,100
29,64,383,JK001012,130,471,1035,98,19
29,302,479,Shia000042,113,589,757,94,58
29,294,472,Shia001362Vols,472,876,1009,101,71
29,294,466,Shia000210,119,864,1019,98,64
29,294,487,Zaydiyya0000052,35,984,1177,152,100
29,294,479,Shia001432Vols,27258,499,670,102,61
29,294,472,Shia001432Vols,28193,196,327,102,73
29,302,479,Shia001340,246,1076,1239,97,58
30,1352,1518,Zaydiyya0000049,544,527,771,132,66
30,1352,1518,Zaydiyya0000004,160,1062,1292,135,71
30,824,1312,JK007083,68,637,1164,375,87
30,1066,1316,Masaha001946Vols,1245,972,1216,189,96
30,1034,1385,JK005201,14,0,342,233,84
30,824,1518,Shamela0012034,368,252,1003,363,50
30,814,1518,Shia001374,17,304,1097,451,66
30,1059,1371,Shamela0096283,121,0,347,213,77
30,1352,1518,Zaydiyya0000067,26,276,521,134,66
30,824,1322,JK000165,1073,561,1098,375,84
30,824,1296,ShamAY0038074,3,341,823,307,68
30,802,1296,Kraken220413202218,120,695,1168,305,68
30,794,1312,Sham19Y0023608,933,261,783,354,78
30,824,1312,JK007107,180,259,796,377,86
30,824,1312,JK000110,286,217,747,375,86
30,824,1518,JK010475,21,216,970,364,51
30,824,1381,Shamela0003722,4107,396,1013,327,58
30,824,1316,JK007041,1111,693,1233,378,86
30,1322,1518,Zaydiyya0000229,197,1056,1314,134,61
30,824,1312,PV2024060602,286,217,747,375,86
30,824,1312,JK000080,243,766,1298,375,86
30,824,1312,JK000175,57,0,539,372,83
30,802,1261,Sham19Y0127700,166,979,1488,346,83
30,802,1312,JK007113,379,919,1496,384,82
30,824,1322,Shamela0006610,254,751,1285,373,84
30,939,1371,ShamAY0035990,124,893,1416,302,67
30,824,1312,Shamela0000894,8303,274,800,375,87
30,1352,1518,Shia000812Vols,715,626,861,135,70
30,1376,1518,Zaydiyya0000352,209,11,173,116,87
31,440,857,Shamela0012845,16,352,708,236,67
31,408,857,Shamela0001875,368,169,642,302,76
31,0,354,Zaydiyya0000049,544,771,1121,174,47
31,0,354,Zaydiyya0000004,160,1292,1540,191,67
31,0,503,Zaydiyya0000004,161,654,1054,130,23
31,408,857,ShamAY0034134,1147,925,1424,313,76
31,440,857,ShamAY0034134,1149,250,691,295,79
31,440,857,Masaha001946Vols,1254,769,1193,299,83
31,440,857,Sham19Y0016877,40,222,648,300,83
31,440,857,ShamAY0033066,2,676,1134,292,77
31,479,857,Sham19Y0014119,121,0,419,269,76
31,503,857,Sham19Y0017747,2409,1161,1539,254,81
31,688,857,Shamela0006146,154,0,170,134,98
31,440,1017,JK000055,257,205,847,334,55
31,626,857,Zaydiyya0000236,5,561,913,173,62
31,408,857,JK000225,277,825,1315,291,67
31,440,857,Shamela0012528,92,850,1220,237,65
31,503,857,Shamela0021659,1398,454,820,255,82
31,0,506,Zaydiyya0000067,26,521,969,218,46
31,408,1030,Zaydiyya0000067,74,132,773,308,47
31,968,1233,Zaydiyya0000067,117,549,827,204,92
31,479,1017,JK001012,191,761,1361,308,61
31,594,857,Shamela0000432,5188,762,1031,186,81
31,503,857,JK001091,19,5,372,253,82
31,440,857,JK000170,1015,579,971,272,75
31,423,857,Sham19Y0016934,1251,570,1076,286,69
31,562,857,Sham19Y0013785,98,0,309,215,83
31,440,903,Shamela0026389,182,301,787,313,73
31,440,857,Shamela0036446,247,583,974,271,75
31,440,857,JK000312,175,112,497,260,72
31,440,857,Sham19Y0145212,1056,354,785,302,83
31,408,857,JK001249,167,399,902,310,75
31,546,857,ShamAY0034298,14,390,726,233,84
31,440,831,Shamela0009810,555,1094,1456,240,70
31,440,857,Shia000055Vols,619,992,1432,284,77
31,413,857,JK007119,94,583,1010,281,73
31,440,1017,Shamela0010283,1189,317,827,335,67
31,408,669,Zaydiyya0000070,71,1210,1485,175,73
31,405,857,Shamela0012738,46,584,993,276,71
31,503,857,Shamela0001438,4099,248,614,255,82
31,461,857,Shamela0030317,10,911,1334,293,83
31,538,857,Sham19Y0014153,90,377,709,230,82
31,546,857,JK009236,143,13,311,223,88
31,408,857,Sham19Y0014309,1841,24,510,303,73
31,405,857,JK000913,1585,264,721,313,78
31,562,857,Sham19Y0122257,855,0,281,215,90
31,440,857,Shamela0010517,500,709,1115,282,77
31,394,857,JK007107,181,876,1350,312,77
31,440,857,JK005004,566,1043,1430,269,74
31,435,857,JK005004,567,553,933,249,67
31,479,846,Zaydiyya0000259,304,1258,1613,229,66
31,998,1229,Zaydiyya0000259,306,268,504,170,88
31,171,857,JK000141,274,636,1261,314,47
31,546,857,JK007104,325,36,330,220,87
31,408,857,JK009336,1611,840,1296,302,76
31,483,857,Sham19Y0038171,551,0,381,267,82
31,695,857,Sham19Y0038171,552,497,696,119,75
31,440,857,Shamela0009385,15,502,952,309,82
31,562,1017,Sham19Y0032195,290,0,413,239,66
31,588,1017,JK001236,60,0,443,233,63
31,440,857,JK001266,20,625,1032,277,75
31,408,857,Shamela0000412,173,781,1233,296,76
31,594,857,Shia000042,38,486,849,169,56
31,0,503,Zaydiyya0000353,9,492,936,226,48
31,401,1040,JK000154,641,196,863,363,60
31,649,857,Sham19Y0016976,507,0,200,159,94
31,456,857,JK000140,180,0,408,288,83
31,440,857,Shamela0000782,183,25,449,300,83
31,498,857,Shamela0009801,139,731,1106,259,83
31,440,842,ShamAY0034644,36,1087,1502,282,80
31,440,857,ShamAY0034644,288,264,713,299,80
31,432,1012,Sham19Y0016928,219,303,848,343,67
31,503,857,JK005005,540,388,732,231,75
31,503,857,JK009274,966,819,1190,245,76
31,440,857,Shamela0021809,1503,341,748,280,78
31,474,857,Shamela0001391,233,0,395,271,82
31,440,857,Shamela0012227BK2,385,148,590,303,82
31,956,1229,Zaydiyya0000229,324,809,1067,179,80
31,440,1017,ShamAY0034569,1121,213,664,275,56
31,171,794,PV2024060602,3992,886,1447,265,43
31,727,857,PV2024060602,5965,0,130,102,100
31,440,857,JK000080,241,282,719,298,80
31,526,857,JK007127,73,622,949,222,76
31,733,857,JK000088,38,0,124,97,100
31,452,857,Shamela0026390,14,3,384,250,70
31,526,857,Shamela0007360,111,203,553,236,79
31,408,857,Sham19Y0127700,167,84,526,301,78
31,408,857,JK000787BK2,386,937,1404,272,66
31,483,857,JK009390,2266,620,998,244,73
31,503,857,JK007113,380,182,550,258,84
31,530,836,Sham19Y0147311,42,1177,1518,211,70
31,440,857,ShamAY0033626,84,434,887,300,77
31,503,857,JK008001,2925,700,1066,255,82
31,408,857,Sham19Y0019230,36,887,1348,312,80
31,440,857,Shamela0006610,257,88,512,300,83
31,584,857,JK007045,207,6,266,205,93
31,440,857,Shamela0001524,2357,606,1031,296,82
31,420,857,Sham19Y0017063,271,393,847,295,77
31,469,857,Shamela0002573,1375,0,388,262,76
31,934,1229,JK009226,371,96,435,213,80
31,408,857,Shamela0000894,552,812,1280,317,80
31,588,857,Shamela0012884,4598,252,763,176,43
31,503,857,Sham19Y0127677,2273,817,1183,255,82
31,692,857,JK001297,135,426,601,122,88
31,0,503,Shia000812Vols,715,861,1321,207,41
31,541,1040,JK000148,487,0,568,275,59
31,408,857,Kraken230106005528,615,101,573,263,64
31,0,228,Zaydiyya0000352,209,173,305,99,56
31,956,1229,Zaydiyya0000352,340,366,624,179,80
31,498,857,Shamela0021766,69,0,367,261,83
31,566,1030,Sham19Y0017791,452,0,372,245,65
31,546,857,Sham19Y0020589,81,207,539,231,85
31,503,1017,Shia002264,107,703,1251,291,59
31,440,857,Shamela0021494,413,84,506,303,84
32,106,290,Zaydiyya0000004,625,782,965,133,91
32,253,407,Zaydiyya0000059,1339,1099,1261,110,81
32,1070,1200,Zaydiyya0000067,60,1459,1600,104,90
32,1200,1451,Zaydiyya0000067,61,0,271,194,89
32,106,486,Zaydiyya0000067,205,473,833,223,70
32,119,395,Zaydiyya0000044,145,1097,1364,201,91
32,106,661,Zaydiyya0000229,208,139,1051,376,51
32,106,407,Zaydiyya0000352,219,931,1256,219,84
32,486,661,Zaydiyya0000352,220,211,390,135,92
33,772,1405,Shamela0001875,449,643,1208,391,75
33,0,394,Zaydiyya0000004,151,949,1429,146,30
33,1013,1405,JK009137,1383,0,394,283,82
33,626,1530,Zaydiyya0000067,29,14,951,524,55
33,772,1405,Zaydiyya0000067,33,523,1197,329,51
33,0,463,Zaydiyya0000067,61,271,766,344,86
33,636,867,Shamela0036446,234,59,258,126,65
33,0,463,Zaydiyya0000070,71,52,528,342,88
33,1047,1405,Shamela0001438,1050,755,1098,265,88
33,0,457,Zaydiyya0000259,297,614,1222,253,50
33,967,1324,Zaydiyya0000259,311,1266,1623,267,89
33,617,867,JK009336,1594,980,1260,182,77
33,772,1410,JK001236,251,347,1248,416,51
33,162,512,Shia000814VolsBK4,442,70,566,164,38
33,910,1405,JK009313,3489,151,641,352,83
33,0,457,Zaydiyya0000024,116,576,1148,176,31
33,533,867,Sham19Y0127700,152,664,989,208,68
33,1065,1405,JK009390,464,0,323,250,87
33,1047,1363,JK008001,2937,798,1094,236,90
33,1047,1405,Sham19Y0127677,1067,973,1314,258,85
33,932,1405,Sham19Y0018144,621,0,456,349,87
34,0,503,Shamela0003118,2826,266,676,224,49
34,981,1547,Rafed0001617Vols,85,0,615,417,78
34,0,656,Zaydiyya0000067,29,951,1652,511,85
34,0,503,Zaydiyya0000067,32,85,490,215,47
34,0,503,Shamela0001438,1050,200,608,214,47
34,0,503,Shamela0001438,7200,133,534,212,46
34,886,1497,Hindawi081316951,296,1063,1742,460,77
34,886,1336,Shia001237Vols,1395,1219,1735,342,76
34,1336,1547,Shia001237Vols,1396,0,252,149,70
34,0,702,Zaydiyya0000259,312,213,1027,553,78
34,886,1518,Shia001107Vols,194,1003,1719,480,76
34,886,1547,Shia20200618,79,471,1204,492,77
34,0,503,JK009390,444,885,1294,214,47
34,892,1518,JK009325,1338,235,924,468,77
34,0,503,JK008001,2937,314,722,223,50
34,0,303,JK001303,696,1285,1559,176,62
34,886,1518,Shia002185Vols,1834,440,1142,478,77
34,886,1559,Shamela0001032,173,180,830,458,75
34,0,184,Sham19Y0127677,1040,1246,1383,101,65
34,0,503,Sham19Y0127677,1041,963,1363,216,48
34,0,503,Sham19Y0127677,4932,61,462,212,46
34,886,1513,Shia001432Vols,28398,1033,1736,477,77
35,622,967,Shamela0035120,36,1143,1509,228,73
35,1007,1246,Shamela0008970,171,1001,1172,120,59
35,622,1109,Zaydiyya0000054,123,448,945,310,71
35,168,882,Shamela0000107,2899,794,1120,145,24
35,622,1246,Sham19Y0017885,379,381,1112,381,57
35,599,967,Sham19Y0020561,173,591,803,137,41
35,622,916,ShamAY0034134,1115,465,830,167,46
35,1007,1246,ShamAY0034134,1120,1144,1319,119,57
35,599,942,Masaha001946Vols,458,1264,1420,119,41
35,168,675,JK001503,843,17,607,226,38
35,622,967,Sham19Y0026094,46,887,1346,252,65
35,156,967,JK000238,539,657,1083,282,40
35,622,861,AOCP20251104103Vols,526,1469,1603,93,44
35,1007,1246,Sham19Y0123510,288,368,539,120,59
35,599,967,JK001168,35,122,298,140,45
35,622,967,Sham19Y0017747,623,1064,1223,126,43
35,622,967,Shamela0011370,7,225,597,233,74
35,622,987,Shamela0006146,166,289,651,238,76
35,599,973,Sham19Y0013783,618,1090,1272,144,46
35,599,916,Sham19Y0013783,619,391,1205,231,34
35,622,967,JK009137,1379,762,1155,260,79
35,691,1050,JK000225,372,806,1410,234,48
35,599,967,JK000179,548,153,335,144,47
35,622,1050,Sham19Y0013664,57,361,860,284,65
35,572,967,Shamela0021744,723,185,546,228,68
35,594,967,JK007044,1829,164,508,226,71
35,1007,1246,JK000494,60,917,1078,112,55
35,577,967,Sham19Y0016934,1124,537,1062,288,66
35,1050,1246,Sham19Y0016934,1125,0,147,91,52
35,622,861,Sham19Y0020699,314,1269,1559,178,70
35,622,1130,Sham19Y0020699,315,451,952,348,77
35,691,1050,Sham19Y0013785,144,796,1419,238,47
35,168,838,JK000254,204,708,1625,376,45
35,622,1059,JK011153,793,1120,1546,286,73
35,622,916,JK001249,160,537,901,165,45
35,1007,1246,JK000484,2051,952,1123,120,59
35,999,1246,JK000123,485,1052,1230,125,60
35,599,993,Kraken220413030905,362,138,298,107,32
35,622,838,Sham19Y0016772,217,807,1315,159,37
35,720,934,Sham19Y0132962,238,1336,1598,159,72
35,200,505,ShamAY0038419,349,698,1034,171,52
35,622,911,Kraken220413202218,118,547,955,207,60
35,599,861,Shamela0021848BK1,440,1332,1606,190,81
35,680,1246,Sham19Y0014325,1336,205,1171,321,36
35,732,967,Sham19Y0014153,124,141,415,171,76
35,591,967,JK000913,2167,939,1321,294,92
35,577,899,Shamela0021721,653,1112,1555,230,60
35,622,967,Shamela0001142,901,236,622,260,80
35,685,967,Zaydiyya0000061,135,107,399,193,79
35,616,1130,JK006883,22,1355,1609,127,26
35,738,967,JK006883,23,0,197,132,69
35,203,967,Sham19Y0149697,1610,1193,1570,245,36
35,208,505,ShamAY0037152,935,864,1224,188,57
35,691,967,Shamela0009059BK1,624,841,1340,210,52
35,1007,1246,Sham19Y0146127,1061,323,494,120,59
35,703,916,Sham19Y0023625,1487,0,185,112,54
35,591,967,JK000272,229,599,1020,296,86
35,200,505,Shamela0001515,262,76,451,187,54
35,572,967,JK000299,616,818,1179,227,67
35,622,967,Sham19Y0013571,73,882,1272,253,76
35,797,987,ShamAY0033728,73,0,226,144,77
35,622,967,JK000271,126,979,1428,249,64
35,622,1050,Sham19Y0018353,69,0,499,284,65
35,691,1135,JK005202,574,268,1012,276,44
35,168,505,JK000154,903,851,1233,190,53
35,622,967,JK000154,904,134,511,269,85
35,817,967,ShamAY0035035,1782,0,190,117,75
35,622,967,Kraken220311165336,267,569,1019,245,65
35,622,934,JK007041,1680,60,453,209,63
35,828,1130,JK007041,1682,0,184,102,37
35,628,967,Shamela0026535,354,0,401,253,75
35,622,967,JK000559,426,854,1214,260,85
35,622,872,Sham19Y0013241,572,1268,1562,184,73
35,622,967,JK001504,60,299,704,254,75
35,591,967,JK000192,352,640,1043,276,79
35,645,967,JK000190,121,765,1182,234,66
35,622,1126,Shamela0096876,103,1556,1712,118,28
35,732,967,Shamela0096876,104,4,310,178,70
35,691,967,JK007127,103,183,656,209,54
35,599,967,Sham19Y0032197,235,53,229,140,45
35,622,967,Shamela0002863,865,369,769,258,76
35,622,967,JK009139,972,945,1350,254,75
35,628,967,Shamela0007360,150,1012,1473,249,64
35,691,1130,JK000787BK2,518,1189,1347,87,25
35,813,1135,JK000787BK2,519,0,399,184,55
35,622,967,JK000787BK1,38,1052,1479,233,62
35,599,934,JK007113,548,1133,1589,253,65
35,622,1130,Sham19Y0147311,62,1403,1564,121,29
35,760,1050,Sham19Y0147311,63,0,310,181,66
35,622,1109,Zaydiyya0000361,317,843,1337,308,70
35,1007,1246,Zaydiyya0000361,318,319,522,125,56
35,1007,1246,Shamela0006610,365,833,1003,119,58
35,599,967,Shia002185Vols,1547,403,783,293,94
35,622,948,JK000303,30,1203,1580,239,74
35,622,967,JK000147,396,1049,1455,263,78
35,691,1045,Shamela0026568,1120,1004,1465,233,62
35,691,961,JK000888,653,1078,1506,201,58
35,723,967,JK000119,162,1164,1454,180,75
35,622,1059,JK000105,247,906,1410,295,67
35,302,505,Masaha001961Vols,1056,99,297,129,66
35,1007,1246,JK006897,174,46,218,120,59
35,622,1050,Sham19Y0132416,55,952,1427,276,68
35,572,967,JK000309,146,660,1063,310,94
35,200,505,Shia001432Vols,6654,748,1114,188,56
35,1064,1502,Masaha004524,70,140,278,83,24
35,732,899,JK007141,474,1326,1531,125,72
35,0,139,Shia000812Vols,85,1252,1436,99,69
35,168,505,JK000675,528,1023,1411,191,52
35,691,961,JK007135,685,1091,1437,203,71
35,622,967,ShamAY0033181,312,41,393,209,65
35,691,1135,JK000148,646,439,1182,261,41
35,599,967,JK000172,246,957,1127,135,44
35,1007,1246,ShamAY0035950,135,507,939,112,30
35,691,967,Shamela0023685,1226,644,979,211,76
35,691,967,Sham19Y0020589,113,22,392,208,68
35,622,1045,Sham19Y0017437,644,244,690,283,72
35,622,967,Sham19Y0014207,24,821,1224,264,80
35,622,889,Sham19Y0017817,507,1184,1566,193,60
36,0,573,ShamAY0034134,1146,1075,1504,163,28
36,293,463,Shamela0096178,274,585,732,119,85
36,0,463,Shamela0036446,1354,335,917,282,56
36,4,266,Sham19Y0014309,1085,657,1111,184,50
36,8,565,JK006883,23,1030,1156,103,22
36,0,266,JK009336,929,811,1099,190,82
36,293,463,JK001171,108,760,909,118,85
36,293,463,Shamela0021821,136,779,926,119,85
36,4,668,Shamela0008273,21,623,933,134,23
36,293,463,JK007025,7,29,179,119,86
36,0,266,Shamela0006610,361,481,811,187,70
36,293,530,JK000746,92,708,971,135,56
36,293,463,JK000675,252,992,1146,118,85
36,293,463,Shamela0029967,80,344,491,119,85
37,1249,1497,Sham19Y0016584,4220,758,980,167,83
37,1183,1497,Sham19Y0020591,1863,108,415,240,92
37,1149,1497,Shamela0008970,123,1026,1370,259,87
37,1149,1497,JK000968,58,961,1290,243,81
37,1156,1446,ShamAY0034134,607,124,408,215,90
37,113,283,JK000483,276,256,421,124,90
37,1149,1497,Sham19Y0039268,137,413,761,261,88
37,1241,1497,Sham19Y0014601,6019,1072,1382,185,71
37,1141,1446,Kraken2108092202141,394,909,1199,201,78
37,1156,1497,Sham19Y0018103,3734,53,368,242,88
37,1235,1497,Sham19Y0013605,4452,315,556,183,86
37,1149,1427,Shamela0001442,919,1196,1475,209,88
37,1144,1497,Shamela0012027,513,442,791,252,83
37,1149,1497,JK000142,1139,625,978,264,89
37,1149,1497,Shamela0008203,206,1059,1407,261,88
37,1156,1377,Sham19Y0018106,3820,1259,1473,166,92
37,1156,1446,JK001249,83,473,754,215,90
37,1149,1497,Sham19Y0131521,6457,259,612,264,89
37,113,283,ShamAY0033926,270,287,452,124,90
37,1149,1427,JK000735,173,1147,1415,190,81
37,1149,1497,JK009152,718,349,657,234,80
37,1156,1450,Shamela0010517,2950,741,1027,214,89
37,1164,1487,ShamAY0034005,1165,0,384,234,73
37,1156,1497,JK000110,1702,743,1061,242,87
37,1156,1446,Shamela0008381,1047,329,626,214,85
37,1149,1450,JK000069,99,1002,1322,221,82
37,708,1198,Zaydiyya0000229,16,345,786,215,47
37,1149,1497,Zaydiyya0000229,199,157,521,277,93
37,113,283,Zaydiyya0000229,204,854,1019,128,95
37,1149,1427,JK007043,467,303,569,189,80
37,1156,1497,PV2024060602,1702,743,1061,242,87
37,1149,1497,PV2024060602,5736,509,862,264,89
37,1149,1446,JK009324,3475,1163,1448,216,91
37,1149,1446,Shamela0021537,5756,936,1266,221,79
37,1149,1438,Sham19Y0148271,200,557,827,172,70
37,1156,1410,Shamela0021715,9438,1312,1556,189,92
37,1202,1497,Sham19Y0127656,729,0,269,211,87
37,1149,1427,Shamela0025794,3511,624,882,175,77
37,1164,1427,Sham19Y0018567,787,8,304,190,79
37,1156,1497,Shamela0005756,14027,496,808,240,87
37,1156,1497,Sham19Y0020944,1169,354,685,258,91
37,1156,1446,Shamela0012014,307,500,784,212,88
37,1149,1497,Zaydiyya0000352,210,570,932,277,94
37,113,283,Zaydiyya0000352,216,14,179,128,96
37,1156,1497,Sham19Y0018176,2292,903,1221,242,87
37,1144,1497,Sham19Y0017817,45,0,339,252,83
38,418,820,Sham19Y0020591,1865,328,732,233,62
38,226,405,Shamela0008970,119,200,370,118,81
38,396,658,Shamela0008970,120,1060,1318,179,82
38,418,765,ShamAY0034134,543,827,1219,217,65
38,418,654,ShamAY0034134,544,714,963,168,80
38,471,820,ShamAY0034134,614,0,352,205,65
38,170,475,ShamAY0034134,620,527,840,172,65
38,170,418,ShamAY0034134,621,1221,1460,159,75
38,396,590,Sham19Y0014601,6022,1251,1440,128,77
38,198,820,Sham19Y0014601,6023,152,886,262,35
38,170,396,Sham19Y0014601,6025,1159,1373,146,79
38,42,466,Sham19Y0014601,6026,89,685,205,44
38,434,654,Sham19Y0014119,217,151,381,167,89
38,50,466,Sham19Y0014119,218,489,966,204,47
38,490,671,JK006890,183,349,522,107,63
38,490,671,JK000010,102,845,1023,106,61
38,451,765,Shamela0008363,415,0,352,159,51
38,447,658,JK000637,3532,798,1010,141,80
38,162,410,JK001012,115,678,922,162,79
38,418,654,JK000142,1140,1108,1348,176,89
38,222,405,JK009141,1112,579,741,112,73
38,475,654,JK009141,1115,0,187,142,94
38,170,405,Shamela0036446,1341,145,358,144,74
38,198,771,Shamela0036446,1343,849,1406,248,49
38,434,765,Sham19Y0145212,1708,588,914,209,77
38,170,475,Sham19Y0145212,1711,1162,1471,168,62
38,50,405,JK000485,1141,406,780,180,52
38,418,765,JK001249,73,691,1088,205,64
38,418,820,JK001249,84,998,1394,234,65
38,170,475,JK001249,85,1156,1473,172,64
38,490,654,Kraken220413030905,320,743,953,129,76
38,396,820,Sham19Y0131521,6458,670,1096,238,60
38,170,466,Sham19Y0131521,6459,815,1151,174,62
38,174,405,Shamela0008210,82,959,1175,153,81
38,188,405,JK000135,218,119,314,137,74
38,396,609,JK000698,35,1279,1500,145,79
38,418,718,Sham19Y0013614,313,1102,1388,195,77
38,396,658,JK000735,170,722,981,172,76
38,484,664,Shamela0001438,274,1151,1352,124,75
38,511,737,Shamela0001438,6188,0,281,136,61
38,437,664,Shamela0001438,6223,1063,1284,153,82
38,50,466,Shamela0001438,6656,753,1120,145,33
38,437,654,Sham19Y0014309,1068,911,1140,162,84
38,396,654,JK000476,271,920,1186,188,87
38,396,664,JK000918,129,82,347,179,80
38,170,405,JK000918,131,353,573,156,79
38,456,746,JK000166,8631,0,280,172,69
38,170,405,JK009152,720,544,745,141,71
38,456,654,Sham19Y0122257,1491,0,201,153,92
38,170,466,Sham19Y0122257,1496,484,788,172,66
38,533,654,Sham19Y0023625,922,99,403,92,38
38,418,820,Sham19Y0023625,961,1069,1461,235,66
38,170,466,JK001202,9,171,556,185,58
38,511,737,JK001202,18,0,330,138,53
38,500,742,Zaydiyya0000259,273,0,235,151,70
38,500,654,JK007104,418,236,398,122,93
38,174,500,JK009336,905,229,556,169,63
38,434,654,JK009336,910,1197,1433,167,86
38,42,365,JK001171,105,57,442,195,58
38,1013,1144,Shamela0026324,4743,445,569,93,91
38,170,746,JK001236,155,212,938,377,62
38,1013,1157,JK000264,2820,1266,1397,96,86
38,1282,1440,JK000520,239,755,910,119,95
38,170,405,Zaydiyya0000229,199,729,958,176,94
38,396,654,Zaydiyya0000229,205,794,1059,193,91
38,418,654,Shamela0009943,286,707,953,176,87
38,42,618,JK009313,3035,1105,1492,221,44
38,921,1144,ShamAY0034569,526,1023,1235,160,92
38,418,820,PV2024060602,5737,995,1402,232,65
38,50,405,PV2024060602,5738,982,1377,181,55
38,921,1098,JK009153,124,1245,1410,124,90
38,396,746,Shamela0009270,200,460,778,200,70
38,437,737,Shamela0009270,317,1043,1389,178,64
38,226,475,Sham19Y0127700,191,0,235,151,74
38,185,771,Sham19Y0127700,192,816,1380,262,47
38,484,727,JK009390,3154,277,512,140,70
38,418,777,JK000943,180,363,834,214,55
38,1282,1440,Shamela0012862,787,31,189,116,88
38,170,418,Sham19Y0148271,1105,995,1231,168,80
38,170,813,Sham19Y0001729,1916,921,1457,257,41
38,418,751,JK007045,378,340,706,187,58
38,170,405,Shamela0010803,356,1060,1308,158,74
38,396,654,Shamela0010803,357,917,1203,181,78
38,38,475,Shamela0001524,1726,330,880,237,52
38,165,405,JK000475,1641,638,858,156,81
38,447,654,JK000475,1650,353,563,154,86
38,480,658,JK000475,2311,0,186,132,85
38,165,405,JK000475,2318,486,705,138,67
38,60,654,Sham19Y0017063,515,0,432,203,34
38,185,405,Sham19Y0017063,518,293,499,143,78
38,490,671,JK000105,1112,297,475,106,61
38,396,664,Shamela0026588,3,425,706,187,82
38,921,1144,JK009226,399,754,972,164,95
38,1282,1440,JK009226,410,793,953,123,98
38,908,1157,Shamela0021715,8773,880,1067,137,71
38,418,765,Shamela0012884,1889,963,1386,218,63
38,1282,1440,ShamAY0033053,513,1272,1423,116,92
38,490,671,Sham19Y0132416,142,839,1005,108,67
38,447,658,JK000883,1650,228,440,139,79
38,422,654,Sham19Y0127677,3754,1252,1469,158,82
38,437,664,Sham19Y0127677,4195,54,276,153,82
38,50,466,Sham19Y0127677,4500,816,1176,171,46
38,170,466,Shamela0025794,1144,544,877,188,67
38,490,654,JK001297,137,901,1068,128,95
38,170,466,JK000707,554,582,979,197,61
38,418,820,Sham19Y0020944,1170,746,1271,239,51
38,231,466,Sham19Y0020944,1172,0,314,136,53
38,170,405,Zaydiyya0000352,210,1149,1377,176,95
38,434,654,Zaydiyya0000352,217,0,225,175,97
38,437,771,JK000786,3042,293,730,168,44
39,1071,1471,JK009245,942,883,1259,233,61
39,1140,1288,Shamela0011380,230,916,1082,108,80
39,1056,1471,ShamAY0034134,105,547,939,296,88
39,759,947,Sham19Y0017747,2407,0,193,120,75
39,1056,1471,Sham19Y0018103,1012,1018,1438,201,44
39,568,947,Shamela0026926,12,385,761,225,66
39,1056,1299,Sham19Y0013605,1454,512,789,132,49
39,1060,1471,JK000132,411,602,994,265,71
39,1056,1471,Shamela0096283,116,799,1265,235,51
39,1056,1459,Shamela0000041,2423,1137,1542,232,56
39,1056,1471,ShamAY0033598,276,422,771,238,67
39,1056,1471,Sham19Y0018106,921,353,819,235,51
39,1056,1471,Shamela0036446,1335,597,998,237,58
39,1056,1471,JK011153,560,670,1096,301,82
39,1056,1471,JK001249,22,754,1155,234,59
39,1060,1471,JK000484,1488,542,960,302,86
39,1056,1471,JK000022,1193,365,661,199,56
39,1060,1471,JK000130,357,849,1233,256,70
39,606,947,Shamela0001438,3791,225,534,184,59
39,1056,1471,Sham19Y0014309,1062,294,739,246,57
39,1075,1424,JK000473,114,1110,1442,250,87
39,1140,1471,JK006883,15,582,907,236,81
39,1056,1264,Sham19Y0122257,798,14,211,114,56
39,1056,1468,JK000585,2209,577,931,245,68
39,553,947,Shamela0029703,1,711,1132,228,60
39,553,958,JK001226,186,957,1329,274,84
39,166,947,Zaydiyya0000259,273,181,1085,462,55
39,606,947,Sham19Y0018315,272,869,1157,180,55
39,1060,1471,JK000110,276,534,1000,232,50
39,1060,1471,JK009336,894,393,809,237,57
39,553,952,Masaha002872,74,574,967,223,62
39,1060,1471,JK001236,159,624,1099,239,52
39,1056,1459,JK000154,643,1038,1450,295,84
39,1008,1471,Sham19Y0016976,483,912,1401,247,51
39,140,508,JK009142,3,594,902,216,74
39,140,508,JK001416,3,876,1204,223,76
39,564,1113,Shamela0026572,5,233,725,259,56
39,0,190,JK000520,239,910,1173,109,53
39,553,730,JK000520,250,1302,1476,130,89
39,730,947,JK000520,251,0,225,164,86
39,606,947,Shamela0009801,132,120,473,216,70
39,606,947,JK005005,780,721,990,166,57
39,564,947,Shamela0001391,220,891,1252,226,69
39,553,952,ShamAY0034438,151,0,346,261,81
39,1056,1471,ShamAY0033910,353,166,551,258,71
39,1060,1471,PV2024060602,276,534,1000,232,50
39,1060,1471,PV2024060602,7438,1002,1386,256,70
39,1001,1328,JK009324,779,1125,1480,171,47
39,553,947,JK000088,224,178,623,257,66
39,140,606,Zaydiyya0000024,47,695,1134,269,72
39,1140,1471,Shamela0007360,109,49,411,225,68
39,586,947,JK009390,2308,590,922,191,58
39,606,947,JK008001,5920,1160,1455,187,61
39,553,947,ShamAY0034447,1942,82,541,272,70
39,1008,1415,JK007045,189,1041,1417,205,51
39,553,947,Shamela0001524,2426,817,1252,254,66
39,1060,1471,JK000475,286,61,436,253,71
39,1056,1471,Shamela0029709,5,815,1185,263,75
39,1026,1471,JK000474,2519,429,867,310,84
39,1089,1325,Sham19Y0017063,253,1221,1464,136,55
39,1056,1471,Sham19Y0013252,2086,1224,1648,242,58
39,553,947,JK009226,352,614,986,287,90
39,1056,1471,JK009226,366,1011,1432,309,88
39,1056,1471,Shamela0021715,1893,115,536,240,58
39,1056,1471,Sham19Y0127656,142,281,698,243,58
39,1048,1471,Shamela0000894,528,345,816,239,51
39,1071,1471,Shamela0023628,3256,15,411,240,61
39,1056,1471,JK007065,378,288,693,240,59
39,606,947,Sham19Y0127677,2075,838,1145,186,59
39,1079,1468,Shamela0025794,602,0,378,266,78
39,568,947,Shia001432Vols,24010,667,983,181,52
39,1040,1442,JK000148,478,322,706,269,77
39,1056,1471,JK000977,687,301,651,261,77
39,1089,1436,Shamela0021766,4143,1245,1547,194,60
39,1008,1471,Sham19Y0017791,419,866,1355,247,51
39,1056,1283,Sham19Y0018176,503,1175,1435,122,47
39,568,947,JK007074,391,448,819,232,69
39,1056,1471,Kraken220413030759,693,380,798,296,83
40,308,475,JK005020,928,871,1026,123,92
40,508,737,Shamela0003118,6163,66,238,129,70
40,256,417,Zaydiyya0000067,147,1375,1534,127,98
40,583,1083,JK000637,681,0,377,211,46
40,508,737,ShamAY0033996,55,113,296,131,67
40,488,737,Shamela0001438,7123,224,411,132,65
40,288,484,Zaydiyya0000259,271,1263,1452,130,82
40,266,568,Zaydiyya0000259,342,686,1038,163,57
40,266,880,JK009313,3420,87,679,159,23
40,508,737,JK000916,21423,598,776,126,66
40,256,563,Shamela0012579,726,335,586,186,76
40,504,737,JK008001,3101,279,455,129,68
40,508,856,JK000474,2446,1086,1465,248,80
40,856,1452,JK000474,2447,0,665,436,79
40,508,1313,JK009226,361,635,1432,579,86
40,67,195,JK009226,362,722,848,102,98
40,256,484,JK009226,399,192,415,176,97
40,508,1452,JK000883,9,208,1208,623,70
40,504,737,Sham19Y0127677,4984,66,242,129,68
40,613,1452,JK000675,198,0,874,570,74
41,466,709,Sham19Y0020591,1363,702,929,173,90
41,1248,1503,Sham19Y0020591,1870,298,571,189,84
41,1248,1503,Shamela0008970,10,1123,1392,189,87
41,796,1200,JK009245,806,513,1139,179,30
41,1248,1503,JK000546,74,540,855,162,61
41,1252,1503,ShamAY0034134,529,0,282,186,81
41,1248,1515,ShamAY0034134,530,127,447,195,75
41,1136,1492,ShamAY0034134,623,334,673,160,49
41,462,709,JK000021,280,169,393,162,84
41,1318,1497,Masaha001946Vols,1277,1399,1578,132,88
41,462,709,Shamela0021670,22,288,531,173,87
41,508,612,JK009241,521,457,556,75,92
41,1336,1461,Shamela0003055,2810,834,960,97,97
41,466,622,Sham19Y0014601,4987,816,967,119,96
41,474,709,Sham19Y0014601,4988,0,228,167,87
41,400,717,Sham19Y0014119,90,1133,1428,185,75
41,1333,1503,Shamela0021659,911,764,934,133,98
41,566,709,Shamela0021659,1041,0,132,98,88
41,462,709,JK000637,3508,47,312,172,78
41,508,709,JK001012,23,699,886,140,89
41,1266,1503,JK001012,87,555,725,104,51
41,466,709,JK000142,841,458,685,173,90
41,1248,1503,JK000142,1144,1055,1329,189,83
41,466,703,JK009141,1068,1236,1432,143,78
41,462,713,JK007044,1256,179,665,149,36
41,508,709,Shamela0036446,1319,0,184,139,88
41,1248,1503,Shamela0036446,1337,56,309,182,87
41,462,709,Sham19Y0145212,832,70,295,171,88
41,1258,1508,Sham19Y0145212,1704,570,818,168,78
41,1248,1503,JK001249,71,628,909,185,80
41,1136,1492,JK001249,86,1014,1357,163,50
41,466,709,Sham19Y0131521,4930,553,780,173,90
41,1248,1503,Sham19Y0131521,6481,984,1256,189,84
41,1248,1503,Shamela0008210,84,1087,1370,168,69
41,1329,1508,Shamela0008210,117,308,484,135,95
41,1248,1503,Shamela0008210,133,466,765,180,74
41,1248,1503,JK000842,485,1149,1402,192,93
41,462,709,Sham19Y0013614,161,8,233,171,88
41,1248,1503,JK000735,177,199,457,160,70
41,1333,1503,Shamela0001438,2817,219,389,133,98
41,508,692,Shamela0001438,3258,1289,1452,124,85
41,1243,1461,JK009236,84,519,749,158,84
41,462,709,Sham19Y0014309,982,735,969,177,91
41,508,709,JK011730,1339,339,522,136,87
41,457,703,Sham19Y0014592,835,22,265,175,86
41,1136,1503,Sham19Y0014592,1453,875,1270,209,65
41,1248,1503,Sham19Y0014592,2779,956,1249,189,80
41,1333,1503,Sham19Y0018272,1604,362,663,133,55
41,566,709,Sham19Y0122257,688,0,132,98,88
41,1258,1508,Sham19Y0122257,1484,1101,1348,168,78
41,462,709,Shamela0010517,288,142,378,174,88
41,1248,1503,Shamela0012818,1,1011,1300,185,79
41,1333,1503,JK000216,372,936,1106,133,98
41,1136,1492,Sham19Y0023625,973,776,1116,160,49
41,1248,1503,Shamela0001341,145,1051,1298,169,78
41,1248,1497,JK001202,8,767,989,171,86
41,1248,1503,JK001202,10,660,905,164,75
41,1262,1515,Tafsir07053,334,935,1234,184,73
41,484,713,Zaydiyya0000259,261,57,284,161,87
41,1248,1503,JK000470,3,1025,1295,172,74
41,1248,1503,JK009336,896,933,1206,182,83
41,462,709,JK009336,2656,482,721,169,87
41,508,709,Sham19Y0038171,115,1139,1326,142,90
41,1248,1503,JK001171,90,288,506,161,80
41,1248,1461,Shamela0008473,2549,711,956,155,79
41,1333,1503,Shia002261Vols,311,1092,1263,133,98
41,508,709,Shia002261Vols,357,548,738,144,91
41,1333,1503,Sham19Y0122096,2849,342,513,133,98
41,508,709,Sham19Y0122096,3252,1107,1297,144,91
41,462,641,JK001236,16,1383,1557,135,96
41,1274,1508,JK001236,140,291,525,178,93
41,1248,1497,Shamela0003722,5202,788,1034,164,77
41,791,1200,JK000069,94,986,1634,184,30
41,462,709,Shamela0010480,988,1113,1352,173,89
41,462,709,Sham19Y0016976,429,654,879,171,88
41,1248,1508,Sham19Y0016976,786,1149,1416,175,76
41,1248,1476,JK000140,1134,1178,1416,152,73
41,1248,1503,Shamela0000782,1173,638,903,174,76
41,484,709,JK009273,129,105,324,150,83
41,1248,1503,Shamela0026884,396,542,818,164,68
41,1333,1503,JK009274,685,992,1187,133,86
41,508,709,JK009274,763,679,869,144,91
41,466,709,Zaydiyya0000229,290,863,1089,172,90
41,474,709,JK009313,3347,288,545,161,74
41,1274,1503,JK009313,4432,707,970,169,81
41,466,709,PV2024060602,5438,334,561,173,90
41,1248,1503,PV2024060602,5741,931,1205,189,83
41,1248,1503,PV2024060602,6919,911,1177,174,76
41,400,709,JK000080,149,1068,1388,193,73
41,457,709,ShamIbadiyya0000229,1378,365,594,169,84
41,1248,1508,Shamela0021537,5751,319,651,188,70
41,1333,1503,JK009390,1684,78,250,133,97
41,545,709,JK009390,1825,0,153,115,89
41,462,703,JK006801,831,1159,1371,141,75
41,1248,1503,JK000943,12,524,820,191,81
41,1248,1503,JK000943,183,111,379,161,70
41,493,709,Sham19Y0147311,193,1278,1474,144,85
41,508,709,JK008001,247,60,244,139,88
41,508,709,JK008001,435,1115,1299,139,88
41,1333,1503,JK008001,461,138,308,133,98
41,1248,1503,Sham19Y0001729,415,575,854,167,70
41,462,709,JK007045,152,298,523,171,88
41,1258,1508,JK007045,375,780,1068,168,68
41,1248,1497,JK000475,1640,1214,1435,166,84
41,1248,1503,JK000475,1642,1176,1422,164,74
41,1248,1503,JK000475,2268,0,267,160,66
41,1248,1503,JK000475,2317,882,1137,160,71
41,1248,1461,Sham19Y0011326,45,304,529,156,87
41,462,709,Shamela0021570,376,624,892,168,75
41,0,275,JK000474,2447,579,939,202,67
41,479,709,Sham19Y0017063,216,523,732,156,86
41,1240,1503,Sham19Y0017063,511,392,691,174,68
41,1347,1515,JK000105,513,0,218,128,70
41,0,275,JK009226,362,147,425,206,89
41,1248,1503,JK009226,397,760,1042,193,84
41,1266,1461,Sham19Y0132416,96,430,640,136,80
41,484,709,Shamela0006947,17600,222,444,156,87
41,462,713,Shamela0012981,1766,520,763,171,82
41,0,275,JK000883,9,1121,1442,201,74
41,1333,1503,Sham19Y0127677,1646,1017,1187,133,98
41,508,709,Sham19Y0127677,1715,128,318,144,91
41,1248,1503,Shamela0025794,20,617,877,161,72
41,1258,1503,JK000298,3681,923,1588,147,26
41,1248,1503,JK000707,552,1086,1365,167,70
41,0,503,JK000675,198,787,1388,230,39
41,1248,1503,JK000780,63,193,472,191,84
41,1248,1503,Zaydiyya0000015,164,716,997,191,83
41,466,703,Sham19Y0020944,820,184,405,168,90
41,1248,1497,Sham19Y0020944,1175,57,336,184,82
41,462,709,Kraken230106005528,378,886,1118,159,79
41,1274,1508,Shamela0012014,305,1040,1273,178,94
41,466,709,Zaydiyya0000352,304,1191,1416,172,90
41,462,709,Sham19Y0017791,354,1169,1394,171,88
41,508,709,Sham19Y0017791,355,0,366,146,49
41,1274,1503,Shamela0021499,63,1120,1390,161,75
41,444,709,Sham19Y0017437,268,1008,1263,180,83
41,1248,1515,JK000467,598,804,1106,187,75
41,1218,1461,Tafsir09084,1255,1059,1313,156,74
41,1342,1461,ShamIbadiyya0000771,41,916,1036,92,97
41,479,666,JK007074,2124,1332,1542,102,61
42,17,141,ShamAY0034134,517,360,487,87,86
42,17,209,Shamela0036543,673,929,1150,118,68
42,17,153,Zaydiyya0000059,1345,1328,1479,97,81
42,17,141,Sham19Y0014119,204,580,708,88,87
42,17,204,Sham19Y0017616,482,308,532,115,66
42,832,1102,Shamela0026660,6,302,605,184,72
42,17,214,Shamela0000140,1907,719,902,106,68
42,17,136,Shamela0000041,1975,926,1049,86,88
42,149,940,Zaydiyya0000067,216,725,1525,553,81
42,17,141,Shamela0009375,4,772,900,88,87
42,819,1422,JK000637,3519,322,989,406,72
42,149,891,JK000637,3523,306,1073,545,86
42,248,879,JK001012,95,72,780,483,85
42,17,141,JK001012,97,481,597,78,82
42,17,214,AOCP20251104131Vols,422,531,861,111,42
42,832,1248,Shamela0010488,405,901,1315,226,59
42,17,209,JK007119,1010,275,460,109,71
42,17,204,Shamela0001466,2475,805,964,100,67
42,17,141,Shamela0004473,6772,654,782,88,87
42,17,214,Shamela0004473,15697,1225,1387,104,66
42,17,214,JK007021,237,464,669,94,50
42,884,1417,Shamela0001438,4015,119,394,216,51
42,0,149,JK009152,697,172,337,101,78
42,17,204,Sham19Y0122257,1420,689,874,111,74
42,17,204,Sham19Y0020638,1240,1013,1235,106,60
42,17,141,ShamAY0034005,1148,950,1077,87,86
42,17,144,Shamela0001727,1508,1226,1357,88,85
42,832,1422,JK009315,51,196,643,321,67
42,17,141,JK001236,139,5,132,87,86
42,17,226,JK000069,95,118,323,117,70
42,17,204,ShamAY0034198,27,463,696,112,62
42,17,204,Sham19Y0132524,2831,657,871,109,65
42,17,204,JK000140,1161,398,686,109,48
42,17,141,Shamela0000782,1201,726,854,88,87
42,910,1072,Shia001362Vols,172,724,882,121,95
42,254,626,Shia001362Vols,408,638,1043,185,54
42,910,1072,Shia001362Vols,489,1067,1230,106,78
42,17,214,Shamela0026884,223,343,632,115,51
42,149,874,Sham19Y0016928,224,593,1324,504,81
42,149,819,Shamela0021809,2870,0,648,502,92
42,149,891,JK009313,3040,89,847,530,86
42,17,204,PV2024060602,6946,137,425,109,48
42,17,141,JK000080,220,1247,1375,88,87
42,832,1328,JK000080,226,796,1394,340,67
42,916,1417,Zaydiyya0000024,43,0,308,174,39
42,149,819,Shamela0026390,29,812,1472,519,96
42,17,226,Shamela0021537,5750,143,357,117,67
42,864,1417,JK009390,2420,177,479,217,49
42,214,564,JK009390,3432,1056,1409,255,90
42,564,869,JK009390,3433,0,284,207,84
42,17,141,JK000943,21,507,632,85,84
42,17,204,Sham19Y0148271,1508,51,294,119,63
42,884,1417,JK008001,440,61,335,215,51
42,17,214,PV20230913,22,1089,1251,104,66
42,17,185,JK007045,358,567,739,101,76
42,24,149,Shamela0000327,4,0,129,84,83
42,832,1374,Shia002069Vols,218,750,1399,402,77
42,17,144,Sham19Y0122406,3923,496,627,88,85
42,832,1431,JK000474,1856,235,951,435,75
42,175,812,JK000474,1912,0,585,449,85
42,0,141,Sham19Y0017063,489,940,1106,96,74
42,17,214,JK001429,17,754,964,125,76
42,20,141,JK000105,515,1175,1300,86,86
42,17,136,JK009226,403,986,1105,92,100
42,149,819,JK009226,424,339,1014,528,96
42,832,1253,JK009226,428,928,1461,318,75
42,1253,1417,JK009226,429,0,164,127,98
42,17,204,Shamela0023628,2763,901,1117,117,67
42,20,199,Sham19Y0132416,98,868,1029,83,47
42,149,679,Shamela0023644,1452,507,1014,327,68
42,17,218,JK007065,987,719,948,118,64
42,832,1417,JK000883,686,110,763,410,75
42,884,1417,Sham19Y0127677,2216,72,347,214,51
42,17,141,Shamela0025794,1644,1303,1431,88,87
42,17,489,Shia001432Vols,26941,1056,1481,276,70
42,489,932,Shia001432Vols,26942,0,545,301,66
42,910,1072,Shia001432Vols,28212,20,183,107,79
42,940,1064,Shia001432Vols,29790,525,638,89,90
42,910,1072,Shia001432Vols,30526,1012,1170,121,95
42,240,626,Shia001432Vols,30731,70,492,190,54
42,17,141,Shamela0005756,3714,62,190,88,87
42,240,474,JK001297,129,117,355,172,92
42,832,1417,JK000675,83,178,868,425,75
42,149,819,JK000675,86,90,761,521,95
42,17,214,Shamela0012014,305,471,660,108,68
42,17,223,Sham19Y0018144,2705,15,319,117,49
42,17,141,JK001157,967,535,663,88,87
43,550,1052,Shamela0009567,976,666,1154,274,63
43,1225,1452,Zaydiyya0000274,548,240,467,137,73
43,696,1052,Shamela0009082,1310,214,508,162,54
43,546,1328,Zaydiyya0000067,206,310,1055,348,46
43,696,1052,JK000637,3517,108,462,249,87
43,723,1024,Shia001155,154,351,630,199,83
43,1230,1452,JK001091,208,156,365,150,82
43,1313,1452,JK001293BK1,1596,0,143,113,97
43,1230,1452,Shamela0001466,2964,618,880,165,77
43,683,1024,Kraken220413202218,228,1157,1416,176,66
43,1220,1452,JK001496,2020,307,576,169,75
43,747,1052,Shamela0001438,4015,1120,1415,223,93
43,1306,1452,Shamela0001438,4489,884,1034,118,97
43,1212,1452,Zaydiyya0000062,1698,690,971,172,75
43,705,1024,Shia001237Vols,1092,96,377,213,85
43,1220,1452,Rafed0001713Vols,2284,765,977,149,77
43,1220,1452,Sham19Y0020891,5470,1178,1444,168,75
43,1306,1452,JK005004,92,0,142,112,92
43,1306,1452,ShamIbadiyya0000050,5195,832,985,118,95
43,1208,1452,JK009315,51,957,1198,163,78
43,1216,1452,Shamela0021765,2178,270,524,166,79
43,696,1052,Shamela0021765,2179,389,748,241,82
43,1225,1452,Tafsir02096,1738,559,762,143,76
43,1257,1452,Shamela0036357,2088,0,224,144,76
43,1225,1452,Meshkat00042485,5738,80,284,143,75
43,1313,1452,Shamela0023578,2722,0,137,106,89
43,1199,1452,JK005005,182,510,772,155,67
43,696,1052,Shamela0021809,2951,172,500,231,81
43,713,1052,JK000080,225,772,1342,227,48
43,1208,1452,JK000080,229,822,1089,161,70
43,1196,1452,JK009268,4022,515,799,153,60
43,696,1052,JK007016,72,1087,1363,171,64
43,1225,1452,Tafsir01006,1281,927,1130,143,76
43,1208,1452,JK007082,595,1037,1355,165,62
43,1208,1452,Zaydiyya0000024,110,82,363,158,65
43,723,1052,JK009390,2418,295,633,230,85
43,1216,1452,JK006801,914,4,288,175,77
43,696,1052,Sham19Y0148271,486,787,1136,243,85
43,747,1024,JK008001,439,1019,1291,202,91
43,1220,1452,Tafsir07076,8757,1090,1384,158,63
43,1204,1452,JK000906,9392,601,892,163,64
43,1271,1452,JK006476,1593,952,1127,137,89
43,1208,1452,Shamela0021570,377,79,347,173,78
43,723,1052,JK000474,869,233,538,230,88
43,696,1322,JK009226,39,53,644,296,47
43,124,356,JK009226,430,1185,1427,173,88
43,356,747,JK009226,431,0,456,120,26
43,1212,1452,ShamAY0034080,236,929,1178,153,73
43,688,1052,Shamela0000894,286,858,1230,259,86
43,723,1052,Shamela0000894,4966,788,1091,224,85
43,696,1052,Shamela0000894,4967,0,364,253,85
43,747,885,Sham19Y0127677,2212,1262,1405,106,95
43,885,1052,Sham19Y0127677,2213,0,162,119,89
43,1306,1452,Sham19Y0127677,2652,351,485,105,88
43,696,1052,Shamela0025794,4560,236,592,249,86
43,723,1024,Shia001432Vols,26869,121,388,207,88
43,696,1328,JK000675,92,327,912,255,39
43,1216,1452,JK000675,420,845,1114,159,69
43,1225,1452,Shamela0021766,3822,714,914,139,74
43,688,943,JK000786,2724,299,529,140,71
44,487,683,JK000533,1277,647,887,135,68
44,487,646,Shamela0023700,1159,866,1036,122,86
44,0,353,Shamela0026660,7,602,952,230,76
44,487,686,Shamela0021477,300,625,846,133,71
44,0,292,JK009298,91,968,1227,172,71
44,487,692,JK009408,1192,998,1199,133,75
44,487,646,Shamela0030623Vols,54,613,775,122,90
44,5,372,Zaydiyya0000259,249,463,847,268,85
44,666,1199,JK001236,254,473,913,203,42
44,0,292,ShamAY0035035,3442,503,760,169,70
44,1234,1536,Zaydiyya0000229,223,573,884,224,81
44,487,646,JK007097,680,531,701,121,85
44,0,600,Zaydiyya0000024,110,363,885,318,63
44,487,646,JK000935,21,1130,1283,123,95
44,641,1012,Shamela0026390,38,443,803,174,58
44,487,686,JK009226,444,1248,1455,142,85
44,1234,1536,Zaydiyya0000352,235,906,1218,224,81
44,0,353,Shamela0001453,120,130,489,247,80
45,387,707,Zaydiyya0000054,184,1032,1341,162,52
45,344,575,JK000055,332,474,903,143,42
45,256,707,JK000225,532,938,1243,166,46
45,152,707,Sham19Y0013785,208,275,776,204,39
45,256,707,JK005202,813,154,490,170,44
45,174,331,Zaydiyya0000361,470,814,979,125,94
45,152,331,JK009226,439,975,1155,143,99
45,514,707,JK009226,491,539,671,104,67
45,344,490,JK009226,568,252,407,105,87
45,256,707,JK000148,943,370,706,170,44
46,916,1182,Shia003101Vols,346,382,633,190,90
46,916,1182,Shamela0008970,137,231,535,199,80
46,678,870,Shamela0009567,883,1168,1356,141,94
46,584,880,Shamela0036543,17,943,1274,175,65
46,465,961,Shamela0036543,2416,528,976,171,31
46,465,956,Shamela0037458,2011,381,821,161,29
46,1011,1196,JK000480,353,0,184,132,86
46,916,1175,Shamela0021477,585,227,474,178,85
46,615,1327,Zaydiyya0000067,109,48,694,280,39
46,916,1182,Shamela0008255,9,426,672,178,84
46,678,956,JK000637,1560,17,334,161,64
46,916,1322,JK000637,3540,135,526,212,58
46,900,1175,Shamela0012027,269,732,1004,189,83
46,670,880,JK007044,4969,661,827,101,62
46,736,870,Shamela0036446,1048,993,1125,101,96
46,995,1182,JK000485,596,0,187,138,89
46,916,1182,JK000484,3268,998,1251,186,86
46,986,1175,Shamela0023695,1214,225,414,139,89
46,916,1211,Shamela0010283,1186,435,699,184,79
46,937,1327,JK007021,246,291,643,169,43
46,995,1175,Shamela0001438,1046,1053,1227,132,91
46,615,1211,Shamela0001438,6595,729,1324,264,50
46,615,870,JK000201,2325,1343,1497,108,55
46,995,1178,Shia001237Vols,674,1185,1411,136,75
46,920,1034,Shamela0001578,101,870,979,83,92
46,916,1182,Sham19Y0146127,1707,837,1090,186,86
46,916,1182,Sham19Y0038171,653,462,697,167,74
46,920,1182,Sham19Y0038171,1267,0,228,162,73
46,920,1175,Shamela0021765,2246,205,449,186,91
46,678,887,Shamela0008473,2548,272,472,147,90
46,768,870,Sham19Y0122096,3811,223,322,77,97
46,916,1182,ShamAY0035035,2527,710,945,160,71
46,916,1182,ShamAY0035035,2613,1130,1365,160,71
46,916,1182,ShamAY0035035,4950,944,1179,167,74
46,916,1182,JK008250Vols,808,1045,1305,197,91
46,977,1156,JK007073,407,1331,1535,127,75
46,916,1355,Sham19Y0132974,20,814,1274,196,39
46,916,1211,Zaydiyya0000229,203,70,363,232,99
46,916,1211,JK009313,3203,478,799,198,73
46,694,956,JK009313,3995,924,1143,142,70
46,469,848,JK009313,5439,1056,1437,134,29
46,916,1211,Shamela0026390,35,402,663,192,81
46,995,1201,JK009390,3203,207,396,132,80
46,916,1182,JK009390,6483,599,837,181,85
46,937,1175,JK006801,826,0,222,170,89
46,916,1182,JK000943,124,358,611,192,90
46,678,870,Sham19Y0148271,1143,1063,1251,141,94
46,916,1175,Shamela0012579,1809,448,709,188,89
46,736,956,JK000583,178,275,534,111,45
46,916,1211,JK008001,2481,258,577,211,81
46,961,1355,ShamAY0036508,18,0,421,189,52
46,977,1175,ShamAY0033176,353,1135,1352,137,74
46,905,1211,Shamela0001687,2430,87,364,196,79
46,736,887,Sham19Y0011326,44,1129,1270,103,87
46,916,1182,Shamela0021570,380,557,817,195,90
46,905,1182,JK007140,3353,637,890,179,79
46,916,1182,JK000105,547,493,793,192,78
46,916,1211,Sham19Y0017101,25,1006,1361,215,74
46,961,1175,Sham19Y0132416,56,525,675,117,68
46,900,1175,Sham19Y0132416,114,905,1205,164,63
46,989,1231,Sham19Y0127677,4455,0,256,168,77
46,678,870,Shamela0025794,1349,392,580,141,94
46,763,870,JK000298,4810,33,137,78,94
46,916,1211,JK000675,212,883,1146,195,83
46,937,1327,Shia001340,26,757,1182,158,33
46,916,1333,Shia001340,200,81,528,166,32
46,916,1211,JK007040,3526,385,660,193,80
46,916,1216,Zaydiyya0000352,214,646,945,237,99
46,961,1211,Shia001625,116,4,276,173,74
46,995,1178,Shia001625,192,4,230,136,75
47,910,1121,JK009231,765,1143,1430,132,56
47,916,1164,JK009265,392,345,715,148,48
47,565,889,Shamela0009567,982,898,1221,243,90
47,1254,1502,Zaydiyya0000004,667,226,481,182,82
47,916,1164,Shamela0011363,359,347,644,143,57
47,916,1164,Shamela0021536,409,196,555,138,46
47,1254,1502,Zaydiyya0000067,107,1068,1316,184,85
47,565,889,Zaydiyya0000067,125,234,546,226,84
47,565,783,Shamela0008255,9,101,325,163,87
47,565,889,JK000637,3539,0,326,236,84
47,1283,1502,Shamela0036446,1347,0,222,151,74
47,910,1164,Shamela0010512,89,1061,1391,156,57
47,569,777,JK000485,504,1215,1416,159,95
47,569,889,JK000484,3268,328,661,230,81
47,1264,1502,Sham19Y0006684,4281,0,236,162,74
47,1268,1502,Shamela0010488,407,1090,1383,145,61
47,910,1164,Shamela0001438,579,1013,1370,145,48
47,565,889,Shamela0001438,7185,417,737,236,89
47,565,800,Shamela0001438,7208,1264,1493,183,97
47,910,1164,Shamela0095735,837,29,345,145,54
47,932,1118,ShamAY0032855,140,71,383,105,42
47,565,889,Sham19Y0146127,1707,446,760,230,84
47,1254,1502,JK000585,4761,674,920,170,75
47,1254,1502,Shamela0012399,3912,513,758,170,75
47,916,1164,Shamela0004445,7161,762,1148,148,47
47,1254,1474,JK009336,915,1310,1524,153,78
47,565,889,Shamela0021765,806,8,388,247,79
47,565,889,Shamela0021765,2245,758,1093,244,87
47,1254,1502,Zaydiyya0000353,15,1084,1343,182,81
47,1254,1502,Sham19Y0123665,1865,1169,1410,171,77
47,1259,1502,Zaydiyya0000072,5,0,243,175,83
47,910,1164,JK010561,46,64,384,151,56
47,910,1164,Sham19Y0132973,695,135,458,157,58
47,916,1164,JK001160,457,181,647,122,30
47,910,1164,JK000127,34,537,849,150,57
47,565,889,JK009153,126,244,563,250,94
47,574,889,ShamAY0034334,196,371,746,225,72
47,916,1164,Shamela0006879,64,330,695,143,48
47,916,1164,Shamela0009270,191,952,1324,142,47
47,616,889,JK009390,3497,335,617,205,88
47,565,889,JK009390,7041,745,1077,222,78
47,1337,1502,JK000253,365,218,386,133,97
47,910,1164,JK000943,79,756,1084,145,54
47,565,889,JK000943,133,785,1127,239,83
47,910,1164,ShamAY0034059,5725,151,474,154,57
47,910,1164,JK001333,42,751,1103,135,47
47,565,889,Sham19Y0001729,963,649,975,234,84
47,569,889,JK000474,2661,735,1043,231,87
47,565,889,JK009226,418,669,997,257,97
47,565,831,Shia003488Vols,759,990,1232,186,87
47,916,1164,Shamela0012884,5212,684,1046,145,48
47,910,1164,Sham19Y0127677,252,658,1013,146,49
47,578,889,Sham19Y0127677,4889,112,431,228,88
47,565,889,Sham19Y0127677,4986,250,570,236,89
47,565,800,Shamela0025794,584,1109,1354,167,83
47,1254,1502,Shia000812Vols,731,574,832,182,81
47,565,889,JK000707,221,279,603,237,88
47,565,783,JK000675,213,888,1113,167,90
47,565,889,ShamAY0034282,1309,852,1170,242,92
47,616,783,JK000786,3093,0,166,131,98
47,569,783,JK000786,3650,1037,1245,164,95
48,1154,1333,Shamela0008970,137,305,480,111,71
48,264,463,Zaydiyya0000055,276,631,841,150,91
48,247,680,Zaydiyya0000067,107,356,681,212,63
48,1154,1333,Shia001237Vols,674,1185,1361,114,73
48,247,680,Zaydiyya0000072,4,843,1168,212,63
48,993,1333,Zaydiyya0000072,5,1280,1510,140,49
48,1154,1487,JK000105,547,563,889,175,56
48,1154,1333,Shia001340,26,824,1013,115,69
48,1154,1333,Shia001625,192,4,180,114,73
49,1143,1322,JK000483,276,256,421,125,87
49,796,990,JK006890,29,224,439,145,84
49,803,984,JK000132,903,645,834,127,81
49,803,1198,Shia004510,10,1162,1473,171,50
49,803,984,Shamela0008255,11,799,993,133,85
49,803,984,JK000637,3544,1079,1245,120,83
49,803,984,JK000637,3545,11,141,85,56
49,568,984,JK001012,219,243,721,264,63
49,803,990,Tafsir01005,5845,233,430,134,83
49,803,1033,Shamela0021744,1550,873,1132,154,75
49,803,984,Shamela0012027,285,222,389,126,87
49,807,984,JK009408,2220,737,913,126,84
49,803,984,JK009141,1107,58,253,133,84
49,807,984,Rafed0000185Vols,776,1368,1551,125,81
49,803,1044,JK001249,201,1051,1508,179,48
49,803,984,JK000484,3273,501,696,133,84
49,803,984,JK000022,2015,1090,1284,133,85
49,1143,1322,ShamAY0033926,270,287,452,125,87
49,803,990,JK000771,148,400,587,114,68
49,803,984,Shamela0001466,3727,477,671,133,85
49,803,1282,JK007021,247,938,1395,234,51
49,807,984,Sham19Y0014592,959,14,187,127,89
49,803,984,Sham19Y0014592,2781,1207,1397,134,87
49,803,990,Shamela0001449,260,777,988,145,86
49,803,984,Sham19Y0146127,1710,69,263,133,85
49,885,984,Sham19Y0023625,1810,1290,1400,74,86
49,422,984,JK000585,4662,406,968,220,34
49,813,984,Shamela0001515,263,0,158,113,83
49,803,984,Sham19Y0127698,79,85,252,121,84
49,807,984,JK006886,112,960,1163,135,83
49,803,1033,JK000299,1312,463,724,153,74
49,803,984,Shamela0004445,1774,597,784,128,81
49,803,990,Shamela0012843,128,120,332,147,86
49,840,984,ShamAY0033728,72,0,155,112,90
49,803,984,Sham19Y0038171,655,1006,1199,125,78
49,803,984,Shamela0021765,2247,438,627,134,87
49,803,984,Shamela0009770,462,242,440,140,88
49,803,1203,Shamela0023833,687,343,702,153,35
49,803,1282,JK001236,206,888,1303,219,50
49,803,1249,JK000069,123,55,405,186,51
49,803,984,Shamela0010480,1135,1149,1343,133,85
49,807,990,JK005202,878,802,994,138,87
49,803,984,Shamela0009783BK4,93,482,666,129,83
49,803,984,Shamela0026884,380,575,769,133,85
49,803,979,Sham19Y0132974,25,85,267,127,85
49,803,984,Shamela0021809,1301,1130,1324,133,85
49,1143,1322,Zaydiyya0000229,204,854,1019,128,90
49,803,984,JK000458,3310,666,857,132,86
49,803,984,JK007043,1057,800,995,133,84
49,0,735,Zaydiyya0000053,691,426,1406,407,47
49,763,1056,Zaydiyya0000053,692,117,459,197,70
49,803,984,JK007016,85,1066,1240,128,87
49,803,990,Shamela0022769,1626,444,644,134,83
49,803,984,Shamela0021537,5759,68,271,142,87
49,796,984,JK009390,3435,503,688,129,81
49,803,984,Sham19Y0017442,183,178,372,133,85
49,173,694,Shamela0000327,32,317,903,182,28
49,803,1282,Shamela0000327,33,59,432,219,55
49,803,984,Shamela0001524,229,166,366,131,81
49,803,984,Shamela0012935,289,598,790,128,81
49,803,990,JK000474,4348,653,831,127,83
49,830,984,Sham19Y0013252,6460,0,167,112,82
49,796,1062,JK000105,249,454,830,185,59
49,422,984,JK000105,549,29,589,246,44
49,803,984,Sham19Y0014404,1409,1177,1344,121,84
49,803,984,Sham19Y0017101,26,1216,1418,141,87
49,791,984,Sham19Y0132416,56,1310,1513,146,88
49,426,984,Sham19Y0132416,116,810,1413,238,41
49,803,1203,Sham19Y0018567,933,671,1021,213,60
49,803,1203,JK000675,221,1010,1369,171,50
49,807,990,JK000148,1019,833,1021,138,89
49,803,984,Shamela0021488,3,806,994,129,81
49,1143,1322,Zaydiyya0000352,216,14,179,128,91
49,803,984,JK000467,522,60,255,133,84
49,422,984,JK000467,777,727,1394,231,32
49,824,1003,ShamIbadiyya0000771,41,0,213,133,75
49,824,984,Sham19Y0017817,535,0,154,109,78
50,381,691,EShia0071536,699,0,247,166,70
50,107,562,Sham19Y0020591,963,1040,1488,329,90
50,747,1111,JK000546,58,132,621,223,56
50,107,385,Sham19Y0014601,3913,1167,1454,192,80
50,381,691,Sham19Y0014601,3914,0,264,186,77
50,124,643,Sham19Y0122255,218,766,1246,289,66
50,444,589,Shamela0000140,1509,892,1367,73,20
50,107,691,ShamAY0038346,13,484,913,289,62
50,107,643,Masaha003032,26,357,878,338,74
50,176,432,Shamela0008255,6,65,861,79,10
50,99,691,JK001012,214,63,386,192,40
50,208,619,Shia001131Vols,277,1037,1423,249,75
50,107,691,JK000142,595,251,776,385,83
50,150,625,JK007044,2871,641,1345,259,44
50,150,691,Sham19Y0145212,1723,423,909,322,70
50,107,691,Shamela0010512,243,861,1369,364,78
50,107,390,JK001249,197,1202,1490,197,82
50,390,691,JK001249,198,0,255,187,81
50,208,695,Sham19Y0131521,3517,0,433,318,82
50,89,643,Shamela0096239,227,230,731,333,72
50,107,250,Sham19Y0014309,1071,1338,1486,97,81
50,150,691,JK000913,1885,13,491,346,80
50,89,556,JK009152,729,983,1396,270,69
50,208,565,Shia001237Vols,1969,1149,1495,226,78
50,150,691,Sham19Y0122257,1510,946,1421,316,70
50,150,691,Shamela0022653,149,872,1330,295,65
50,99,509,JK000216,345,946,1363,213,53
50,331,625,Sham19Y0023625,1777,566,862,209,89
50,89,578,JK000470,32,1029,1422,260,63
50,188,643,ShamIbadiyya0000050,5356,0,398,277,76
50,219,772,JK009336,917,0,516,322,71
50,89,556,Sham19Y0038171,654,983,1411,294,78
50,99,625,Sham19Y0038171,1267,894,1435,359,81
50,107,643,Shamela0000700,29,638,1147,330,72
50,107,361,JK001236,203,1241,1485,179,86
50,361,691,JK001236,204,0,277,196,76
50,89,691,JK001266,43,783,1303,377,79
50,107,629,JK000069,121,925,1448,356,82
50,107,691,ShamAY0035035,2615,586,1092,342,73
50,99,691,ShamAY0035035,4951,320,808,311,62
50,89,643,JK000140,1154,394,903,331,70
50,107,643,Shamela0000782,1194,111,607,327,71
50,124,643,Shamela0029639,10,0,489,319,72
50,185,691,Shamela0001404,368,0,505,326,75
50,89,643,JK000139,41,779,1311,342,73
50,89,691,Zaydiyya0000229,201,701,1309,442,89
50,195,691,JK010561,413,0,447,323,81
50,99,538,JK010561,583,1080,1473,281,79
50,107,785,JK009229,608,421,1091,397,64
50,753,1111,JK009313,3187,931,1355,209,61
50,107,691,PV2024060602,5192,129,654,385,83
50,89,643,PV2024060602,6939,123,632,331,70
50,821,1082,JK009153,33,1099,1394,188,77
50,107,798,JK000059,8,211,819,394,71
50,99,691,JK001492,850,447,998,371,75
50,82,691,Shamela0009270,467,784,1369,379,73
50,821,1111,JK000916,11981,228,569,206,75
50,107,479,Sham19Y0127700,194,958,1398,265,73
50,176,772,Shamela0006610,580,29,640,319,57
50,111,691,ShamAY0036508,20,753,1259,376,81
50,150,691,JK007045,384,368,825,299,67
50,107,556,Shamela0010803,125,950,1394,286,74
50,150,691,JK000906,9694,585,1006,248,54
50,107,556,Shamela0000327,31,951,1412,319,84
50,65,691,Shamela0022892,40,564,1138,368,70
50,89,691,JK000475,1927,524,1019,335,68
50,150,647,Sham19Y0017063,524,291,751,300,72
50,821,1111,JK009226,404,763,1096,214,82
50,65,412,Shamela0000894,5777,1328,1666,225,78
50,412,691,Shamela0000894,5778,0,236,165,75
50,150,777,Shamela0012884,4520,934,1452,302,56
50,107,371,Shamela0023628,3091,1249,1521,182,77
50,371,643,Shamela0023628,3092,0,253,173,79
50,107,777,Shia001432Vols,19996,985,1448,302,56
50,89,691,JK000707,560,402,911,342,69
50,114,691,JK000917,1389,0,524,257,50
50,107,679,JK000675,204,355,951,223,35
50,89,504,JK000675,206,975,1385,285,84
50,509,691,JK000675,207,0,149,98,65
50,821,1111,JK000675,412,508,837,199,74
50,107,611,Sham19Y0020944,555,1101,1574,354,87
50,107,691,Shamela0012014,230,362,916,388,81
50,107,691,JK007084,394,884,1406,380,80
50,89,346,Zaydiyya0000352,212,1190,1450,182,82
50,346,691,Zaydiyya0000352,213,0,346,259,94
50,150,582,Sham19Y0017791,797,968,1360,265,74
51,215,529,Sham19Y0020591,552,233,651,191,52
51,863,984,Shamela0008970,143,1077,1205,91,87
51,596,718,Shamela0009567,980,595,730,96,87
51,1052,1295,Zaydiyya0000049,131,26,283,177,79
51,1052,1372,Zaydiyya0000129,12,1182,1539,200,64
51,1052,1372,Zaydiyya0000004,95,1053,1410,199,66
51,278,529,Sham19Y0020561,110,1080,1318,167,79
51,596,718,ShamIbadiyya0000730,67,1216,1377,95,72
51,215,456,Sham19Y0014601,2453,1067,1285,149,77
51,210,529,JK000100,196,308,610,197,73
51,215,529,Sham19Y0014119,227,578,887,199,72
51,278,529,Shamela0027083,432,26,247,168,84
51,266,529,JK011548,57,624,868,173,80
51,278,529,Masaha003032,162,672,920,165,79
51,596,718,JK000637,3546,558,684,95,92
51,232,529,JK001012,395,23,404,183,54
51,242,529,Shamela0008634,720,457,716,171,68
51,219,529,JK000142,345,692,980,188,71
51,863,984,JK000142,350,1072,1200,91,87
51,215,529,JK009141,1135,25,294,186,71
51,237,468,Zaydiyya0000031,5,1281,1505,158,81
51,596,922,Shamela0036446,1349,465,751,122,35
51,278,523,Shamela0036446,1357,924,1156,158,77
51,596,718,Sham19Y0145212,1730,884,1012,95,91
51,215,529,JK001249,356,515,822,195,70
51,863,984,JK000484,3275,129,264,91,82
51,215,529,Sham19Y0131521,2039,942,1234,191,72
51,863,984,Sham19Y0131521,2078,1309,1437,91,87
51,215,529,Shamela0009810,1431,776,1070,191,71
51,863,984,JK000735,135,685,835,91,78
51,215,529,JK000735,136,933,1235,206,79
51,278,529,Shamela0001438,2392,638,892,170,77
51,588,718,JK000166,5295,834,962,101,97
51,845,1432,JK009152,733,1157,1383,135,28
51,215,529,JK009152,742,641,921,197,75
51,596,977,Sham19Y0122257,1521,1104,1423,144,43
51,215,529,Shamela0009076,364,242,543,238,94
51,219,518,JK000486,161,1134,1394,190,78
51,596,718,Tafsir04003,3158,1171,1298,88,85
51,596,718,Shamela0007798,7452,20,144,83,70
51,596,718,Rafed0001713Vols,2050,130,290,88,68
51,219,529,JK000141,756,17,307,188,71
51,596,718,Shamela0004445,1666,76,212,95,86
51,278,529,JK007104,409,877,1115,161,76
51,591,718,Shamela0012220,1393,463,611,94,79
51,219,529,JK009336,935,326,634,195,72
51,885,1432,Sham19Y0038171,839,160,719,109,16
51,596,718,Shamela0006617,573,453,578,94,92
51,215,529,ShamAY0032765,8,310,609,197,73
51,596,718,Sham19Y0013231,3424,609,729,88,87
51,573,718,Shamela0026324,1415,964,1129,96,69
51,215,529,Shamela0003722,3104,1004,1293,204,78
51,197,529,Shamela0010480,1646,1008,1318,209,75
51,215,529,Sham19Y0016976,809,76,381,199,73
51,278,529,JK000140,1186,5,243,167,79
51,215,529,Shamela0000782,1229,115,405,203,78
51,215,485,ShamAY0032834,22,1263,1510,170,79
51,997,1295,Zaydiyya0000229,196,927,1263,235,83
51,215,529,Zaydiyya0000229,197,28,325,234,93
51,863,984,Zaydiyya0000229,205,49,182,95,90
51,219,529,PV2024060602,4474,264,554,188,71
51,219,529,PV2024060602,4942,559,847,190,74
51,863,984,PV2024060602,4947,943,1071,91,87
51,219,529,PV2024060602,6970,1104,1390,199,77
51,224,529,JK000685,144,266,553,198,76
51,207,529,JK000081,603,215,533,189,68
51,215,529,Shamela0012872,260,605,890,195,75
51,278,497,JK008001,460,732,941,145,82
51,215,529,Sham19Y0001729,411,716,997,214,84
51,596,718,JK007045,387,1194,1324,92,87
51,215,529,JK007045,392,762,1035,184,70
51,215,529,Shamela0010803,363,190,516,210,72
51,872,984,JK000475,2275,958,1065,84,95
51,219,497,JK000475,2276,1196,1459,186,81
51,596,718,Shamela0026568,197,47,169,95,95
51,207,529,Sham19Y0017063,536,946,1263,196,70
51,215,468,Shamela0030741,128,625,834,151,75
51,549,718,Masaha001961Vols,1004,1155,1326,107,76
51,215,385,Shamela0012884,2823,1122,1303,116,78
51,596,718,Shamela0012884,4041,561,707,95,80
51,596,718,Shamela0023644,875,260,407,93,78
51,278,529,Sham19Y0127677,1462,713,966,165,75
51,596,718,Shamela0025794,1987,288,424,95,86
51,596,718,Shia001432Vols,6578,548,675,88,85
51,215,529,Sham19Y0020944,309,485,776,191,71
51,863,977,Sham19Y0020944,315,339,459,85,85
51,596,718,Tafsir07057,4121,668,814,95,80
51,997,1203,Zaydiyya0000352,207,1214,1460,164,79
51,215,529,Zaydiyya0000352,208,329,638,246,98
51,863,984,Zaydiyya0000352,216,666,799,95,90
51,596,718,Shamela0023685,187,1151,1272,95,96
51,219,529,JK000786,3055,513,810,186,68
51,278,529,JK000383BK1,62,551,799,167,76
51,219,529,JK000467,605,538,832,183,65
51,596,718,Tafsir09084,1928,1206,1364,95,74
52,1272,1423,Zaydiyya0000474,147,1328,1480,117,89
52,979,1189,Shamela0009773,847,1264,1408,91,53
52,633,884,Shia003704,543,420,726,187,77
52,704,884,JK000911,1233,0,188,136,88
52,633,869,Shamela0010906,1625,692,786,69,38
52,620,887,Shamela0003118,1858,1066,1350,201,90
52,633,869,JK003609,3134,126,228,77,43
52,432,1189,Zaydiyya0000087BK1,139,456,1221,439,62
52,1251,1522,Zaydiyya0000087BK1,149,1156,1417,157,69
52,620,847,Rafed0001574,163,1344,1583,165,85
52,620,884,Masaha001842Vols,229,71,340,200,94
52,624,884,Shamela0009783BK1,2354,97,362,199,95
52,979,1189,Shamela0009783BK1,2378,523,706,99,58
52,1272,1423,Zaydiyya0000210,13,862,1014,117,89
52,624,884,Shia003665,70,37,302,199,95
52,979,1189,Shia003665,99,761,944,99,58
52,633,869,Shia003989,36,770,877,77,42
52,633,884,Shamela0010283,4497,0,264,191,92
52,461,884,Shia001237Vols,2699,447,820,244,67
52,583,839,Shia001122Vols,990,1166,1423,155,67
52,633,884,Shia001122Vols,1004,246,511,157,66
52,579,884,Masaha001075,262,166,484,198,73
52,628,884,Masaha001075,492,1067,1362,187,80
52,628,887,Masaha001075,500,78,369,184,80
52,620,884,Shamela0004445,3910,875,1155,201,92
52,628,915,Zaydiyya0000211,43,330,624,218,94
52,628,887,Shia000042,356,25,332,180,74
52,440,884,Shia001552,203,417,835,252,64
52,633,884,Shia001362Vols,146,840,1104,192,92
52,620,887,Shia001362Vols,199,412,712,177,75
52,633,887,Shia001362Vols,207,284,574,179,78
52,583,884,Shia001362Vols,643,1064,1378,205,80
52,633,884,Shia003636Vols,864,56,348,184,81
52,620,769,Shia003636Vols,1897,1300,1458,110,89
52,624,884,Shia001663Vols,576,1201,1466,199,95
52,990,1189,Shia001663Vols,608,325,587,84,38
52,478,884,Rafed0002654Vols,4337,544,923,226,63
52,538,904,Rafed0002654Vols,6864,228,564,209,68
52,620,884,Rafed0002654Vols,9696,270,550,200,91
52,583,839,PV2024060601,990,1166,1423,155,67
52,633,884,PV2024060601,1004,246,511,157,66
52,628,887,PV2024060601,6872,1160,1455,180,78
52,633,839,PV2024060601,6881,1287,1519,146,78
52,620,790,Masaha003027,58,1268,1448,128,90
52,686,884,JK000916,5215,0,213,151,90
52,583,884,Shia001174Vols,3882,813,1118,188,71
52,628,887,Zaydiyya0000302,746,970,1265,180,78
52,633,887,Zaydiyya0000302,755,1106,1397,179,78
52,990,1189,Masaha003299,37,133,261,88,55
52,633,869,Sham19Y0145334,1405,1216,1323,80,44
52,478,884,Shia004092Vols,4709,661,1040,226,63
52,538,904,Shia004092Vols,7177,460,796,209,68
52,620,884,Shia004092Vols,9904,743,1021,200,92
52,680,884,Masaha003104,160,0,217,152,89
52,715,884,Shia001432Vols,14913,4,174,131,95
52,579,884,Shia001432Vols,29276,470,789,199,74
52,617,884,Shia001432Vols,29336,308,600,188,80
52,628,887,Shia001432Vols,29338,81,358,170,76
52,633,884,Shia001432Vols,29600,1035,1338,187,77
52,633,884,Shia001432Vols,29615,1087,1393,186,76
52,633,884,Shia001432Vols,30613,480,747,192,91
52,633,887,Shia001432Vols,30630,159,451,179,78
52,593,884,Shia001432Vols,30832,6,299,198,83
52,620,797,Shia003699,108,1289,1471,135,94
52,624,884,Sham19Y0145435,2673,1061,1326,199,95
52,979,1189,Sham19Y0145435,2698,140,323,99,58
52,633,839,Masaha000001Vols,1001,1217,1453,143,75
52,633,884,Masaha000001Vols,1014,1172,1437,157,66
52,633,869,ShamAY0035884,2252,274,376,77,43
53,835,1125,Sham19Y0020591,373,73,345,198,78
53,291,569,Shamela0008970,90,808,1061,185,80
53,0,345,Rafed0003228Vols,349,752,1051,122,41
53,846,1056,JK007006,355,252,674,167,48
53,793,1125,Zaydiyya0000162,1216,1077,1409,209,66
53,793,1125,ShamAY0034256,253,1008,1305,193,70
53,890,1125,Sham19Y0014601,1661,328,549,177,91
53,291,569,JK000761,335,627,857,178,81
53,0,122,Zaydiyya0000039,1111,1205,1332,96,96
53,864,1125,Shamela0027083,432,718,996,186,75
53,853,1133,Shamela0021659,371,685,960,212,91
53,853,1133,Masaha003032,163,1052,1325,211,91
53,0,122,Rafed0000040Vols,1959,159,278,94,95
53,785,1130,JK000637,3597,728,1072,252,85
53,684,1125,JK000142,221,760,1185,229,57
53,326,718,Shamela0008203,79,0,333,191,62
53,291,830,ShamAY0037387,286,262,657,236,52
53,835,1125,JK009141,1136,124,395,198,78
53,793,1185,Sham19Y0016934,593,34,418,236,64
53,0,122,Zaydiyya0000087BK1,150,201,328,96,96
53,820,1142,Shamela0036446,173,283,599,205,72
53,811,1185,Shamela0036446,1329,1153,1492,204,60
53,684,1185,Shamela0008544,1295,361,975,268,51
53,676,1130,Shamela0030592Vols,45,404,969,224,38
53,676,1130,Shamela0010835,58,896,1464,220,37
53,811,1185,JK000123,315,175,574,224,64
53,684,1125,Sham19Y0131521,1317,462,893,228,56
53,291,497,JK000842,479,1200,1413,157,89
53,793,1138,JK000022,1290,347,680,263,92
53,793,1125,Shamela0004473,8334,1038,1368,218,73
53,835,1138,JK009179,119,1171,1453,202,76
53,853,1125,Shamela0001438,1003,780,1046,211,93
53,835,1125,Sham19Y0014309,1569,466,738,198,78
53,793,1125,Shamela0021721,404,568,910,227,73
53,853,1096,Sham19Y0018272,440,101,785,198,35
53,0,361,Zaydiyya0000044,253,140,358,133,46
53,801,1125,Sham19Y0023608,3626,16,331,215,74
53,874,1125,Shamela0001341,76,486,726,178,84
53,684,1185,JK009336,881,363,957,280,54
53,801,1185,JK009336,1330,151,601,241,61
53,793,1125,Shamela0008473,4334,456,782,222,75
53,853,1125,Shia002261Vols,68,1085,1351,211,93
53,793,1125,Shamela0008381,1594,1152,1493,225,73
53,853,1133,Sham19Y0122096,800,165,439,212,91
53,793,1185,JK001236,273,861,1323,256,62
53,835,1125,ShamAY0035035,1025,43,321,191,74
53,0,122,JK010372,89,582,729,80,68
53,853,1133,JK009274,195,1186,1461,212,91
53,291,493,Shamela0021809,2963,1237,1444,153,88
53,0,122,Zaydiyya0000229,72,1301,1433,84,80
53,874,1125,JK000011,127,234,475,178,83
53,684,1125,PV2024060602,4818,637,1062,229,57
53,1138,1400,JK009153,127,123,405,167,68
53,291,569,JK007097,1820,1101,1361,190,82
53,291,569,Shamela0012750,591,0,240,188,85
53,0,122,Zaydiyya0000086,36,1299,1422,96,99
53,853,1133,JK009390,421,600,875,211,90
53,853,1125,JK000253,351,445,703,191,80
53,291,517,Sham19Y0148271,1940,1292,1524,172,90
53,853,1133,JK008001,455,24,298,212,91
53,291,569,ShamAY0034447,1138,690,956,184,78
53,853,1125,Shamela0004482,510,155,421,190,78
53,785,1185,JK000474,2379,732,1212,287,71
53,785,1274,JK009226,409,832,1494,332,57
53,291,569,JK009226,414,651,948,217,91
53,676,1142,Sham19Y0018611,246,1125,1459,167,37
53,684,1125,JK006897,96,441,956,250,51
53,811,1125,Shamela0012981,533,124,436,197,68
53,330,721,Shamela0012981,1056,0,366,177,43
53,853,1125,Sham19Y0127677,1055,1166,1432,206,91
53,291,713,Shamela0025794,3765,435,838,229,66
53,291,569,JK007062,108,851,1144,204,84
53,853,1063,JK001297,144,283,485,152,81
53,901,1056,JK000298,1176,1090,1484,120,36
53,811,1125,JK000675,369,332,640,234,89
53,684,1180,Sham19Y0020944,195,21,562,218,35
53,0,122,Zaydiyya0000352,80,704,836,84,80
53,684,1138,JK000467,317,1006,1421,251,61
53,793,1125,Tafsir09084,2235,962,1293,219,73
53,291,559,Shamela0001453,194,1149,1378,177,83
54,686,895,JK000170,6152,970,1253,115,44
54,686,885,JK001160,415,605,954,110,36
54,686,885,JK000583,696,12,183,105,56
55,833,1412,Shamela0008970,153,638,1411,394,61
55,1001,1412,JK000021,1363,739,1134,290,85
55,1001,1433,Shamela0021670,11,945,1378,291,75
55,903,1187,Sham19Y0016953Vols,47,1013,1174,107,45
55,1109,1390,JK001012,208,898,1399,191,45
55,776,983,ShamAY0035955,481,1174,1353,113,70
55,833,1478,ShamAY0037387,342,645,1197,306,56
55,129,929,Shamela0036446,1353,326,819,227,31
55,129,776,JK011153,4863,116,509,200,33
55,141,918,JK001249,213,327,1157,266,30
55,993,1390,JK010656,23,694,1091,275,81
55,1001,1425,JK000022,2211,27,439,283,78
55,812,1412,JK000735,71,239,858,311,49
55,1001,1440,ShamAY0038144,32,897,1305,294,81
55,1138,1412,Shamela0001438,2244,0,270,216,97
55,854,1066,JK009236,311,316,519,118,71
55,1001,1412,JK000918,172,31,428,255,71
55,903,1390,Sham19Y0018272,574,225,717,200,40
55,1176,1417,Shamela0022882,137,0,229,169,87
55,883,1001,Shamela0012220,1179,753,872,85,94
55,147,886,JK009336,926,489,1061,244,35
55,826,1417,Sham19Y0038171,1392,514,1070,337,66
55,1001,1412,Shamela0008473,1743,37,471,300,82
55,1001,1478,ShamAY0036031,151,228,719,318,76
55,826,1417,JK001236,213,136,716,339,65
55,1001,1303,JK001266,38,1184,1425,179,74
55,129,903,JK000069,125,68,621,239,33
55,129,776,JK000154,5088,810,1222,201,33
55,849,1417,ShamAY0035035,3558,559,1387,385,55
55,133,368,ShamAY0035035,3585,1156,1406,154,72
55,841,1417,ShamAY0035035,5513,399,947,325,65
55,1001,1390,Shamela0029639,3,161,524,261,80
55,826,993,Shamela0021809,2457,942,1391,119,32
55,0,305,Zaydiyya0000229,285,475,928,207,53
55,909,1478,JK009313,2961,70,750,341,59
55,1001,1412,JK000013,4,150,541,289,84
55,833,1246,JK009153,125,976,1439,215,48
55,1001,1403,JK009153,208,226,592,256,77
55,1196,1412,JK009390,1294,0,215,172,98
55,1001,1412,JK000943,121,1008,1422,287,82
55,1118,1400,JK008001,5878,1219,1496,221,96
55,849,988,Shamela0006610,146,574,719,104,89
55,1097,1412,Shamela0010803,326,5,317,215,80
55,141,903,Shamela0000327,35,104,664,225,30
55,849,1478,Shamela0001524,1671,648,1346,337,53
55,836,1412,JK000475,2211,248,864,310,49
55,1118,1412,JK000105,69,493,713,169,70
55,528,925,JK000105,527,606,1063,173,39
55,1018,1478,JK000057,105,0,469,308,76
55,1001,1412,JK009226,428,57,472,318,94
55,1001,1412,Shamela0012884,1807,209,616,298,84
55,1118,1478,Sham19Y0127677,1116,733,1363,257,50
55,822,1066,Shamela0025794,2838,881,1400,145,36
55,849,1478,Sham19Y0018567,1110,461,1018,220,32
55,859,1412,JK000707,304,701,1228,272,52
55,1001,1412,JK000675,235,130,526,265,73
55,0,305,Zaydiyya0000352,299,579,1042,207,52
55,1001,1425,JK000467,634,896,1311,296,83
55,1001,1230,Tafsir09084,807,1254,1544,158,65
55,1236,1412,Tafsir09084,808,0,176,142,99
55,1001,1412,Sham19Y0017842,320,169,559,278,80
56,123,613,Shamela0029699,3,357,832,322,74
56,115,342,Sham19Y0018315,266,788,985,134,67
56,127,346,ShamAY0032826,630,298,487,131,67
56,127,522,ShamAY0032826,631,277,666,162,43
56,118,630,JK009226,185,786,1302,369,86
56,665,879,Shia000812Vols,617,123,533,157,49
57,37,473,ShamAY0032865,9,602,1027,218,50
57,37,473,Shia003101Vols,412,494,873,219,55
57,37,467,ShamAY0032903,19,1041,1455,211,50
57,37,478,JK009245,539,879,1370,219,50
57,662,1169,JK009245,550,836,1495,208,34
57,129,284,JK000754,2411,829,994,106,79
57,37,462,JK000021,1729,984,1424,201,48
57,37,284,JK000238,1618,874,1149,108,39
57,107,478,JK009154,111,661,1046,189,51
57,37,266,Sham19Y0014119,409,1063,1430,80,22
57,238,473,Sham19Y0017747,1578,41,214,135,72
57,187,478,Shamela0030327,238,0,315,154,51
57,37,473,Shamela0023700,1668,872,1304,230,57
57,536,926,Sham19Y0017529,67,0,368,157,42
57,675,1206,JK000165,3574,202,956,231,32
57,657,1183,JK000142,860,100,799,216,31
57,37,473,JK009408,1721,957,1431,217,50
57,3,284,Shamela0008203,124,339,600,114,42
57,37,560,ShamAY0033569,10,103,659,248,48
57,657,1044,JK000940,26,96,488,207,58
57,243,473,JK007044,4677,128,602,121,31
57,685,926,Shamela0036446,655,663,882,161,83
57,47,432,Shamela0036446,656,1127,1452,187,55
57,3,322,JK011153,3453,327,686,144,45
57,154,555,Sham19Y0145212,2623,401,792,192,50
57,37,298,JK000123,979,469,746,129,51
57,0,560,Sham19Y0131521,5058,514,1085,246,47
57,141,555,Sham19Y0013614,634,272,799,86,14
57,37,473,Shamela0001438,7493,821,1291,218,50
57,670,1044,Sham19Y0014309,2358,664,983,200,65
57,129,473,Sham19Y0014309,2361,7,296,175,57
57,138,473,Sham19Y0014309,2362,0,563,167,33
57,47,284,Tafsir02102,3767,14,295,123,53
57,164,279,JK009152,1856,0,125,67,61
57,37,560,Sham19Y0122257,2497,63,520,251,54
57,0,389,JK000216,381,124,579,155,37
57,47,279,JK000141,658,6,256,116,53
57,531,1044,JK009336,1973,333,920,228,42
57,129,473,JK009336,1975,0,330,209,66
57,129,284,ShamIbadiyya0000433,539,146,328,104,69
57,37,473,Shamela0008473,4604,942,1349,221,53
57,657,1214,JK001236,209,37,831,238,34
57,37,478,Shamela0003722,4421,168,662,208,44
57,3,284,JK005202,2586,738,1019,135,53
57,3,322,JK000154,3663,658,1016,146,45
57,138,279,Sham19Y0016976,1347,229,424,87,53
57,37,473,JK000140,635,624,1050,230,56
57,37,284,Shamela0000782,649,1181,1480,134,52
57,37,279,JK000198,1511,56,328,122,49
57,234,565,JK009334,28,10,225,124,42
57,37,284,Shamela0021809,1943,1152,1463,131,53
57,37,486,JK000663,20,613,1123,232,50
57,37,389,JK009313,2955,223,726,188,44
57,3,279,PV2024060602,4376,227,505,131,52
57,680,1183,PV2024060602,5457,29,682,206,31
57,37,473,PV2024060602,6420,354,780,230,56
57,129,473,JK009153,192,4,356,193,58
57,657,926,Kraken230110004547,329,330,574,172,77
57,154,473,JK009390,7435,0,295,147,49
57,37,462,Shamela0029617,4,987,1476,214,48
57,37,560,JK009325,1995,392,712,162,40
57,37,560,JK008001,3596,719,1262,234,43
57,129,545,JK007045,637,530,880,190,55
57,37,473,Shamela0001524,1644,26,447,228,56
57,37,473,Shamela0001524,3315,496,901,237,60
57,37,473,JK000474,3344,683,1063,198,48
57,138,279,Sham19Y0017063,1009,159,314,75,52
57,3,284,Sham19Y0013252,7964,1054,1327,132,52
57,37,486,JK010552,789,97,477,181,48
57,657,1044,Shamela0012884,3708,433,757,167,50
57,0,437,Sham19Y0017903,830,1040,1416,207,51
57,37,473,JK000883,1474,635,1014,208,52
57,227,473,Sham19Y0127677,5231,15,229,126,56
57,37,284,Shamela0005756,12929,1122,1392,122,51
57,129,473,JK000917,1614,998,1297,178,58
57,657,1183,Sham19Y0020944,840,456,1154,226,35
57,3,284,JK000148,2663,0,263,123,49
57,670,934,Kraken230106005528,750,771,1306,175,38
57,129,473,Kraken230106005528,751,801,1086,169,55
57,360,1209,Shamela0012014,189,330,1379,280,25
57,293,473,Shamela0013041,573,195,460,121,56
57,37,426,JK007054,856,1048,1480,187,48
57,37,486,Shamela0010831,40,614,1121,233,51
57,37,473,ShamAY0035884,3226,786,1180,209,51
57,527,1183,Sham19Y0017817,29,590,1403,242,28
57,37,486,ShamAY0033590,114,749,1248,215,44
58,959,1120,JK000302,265,1302,1496,119,78
58,959,1173,Sham19Y0014119,420,529,786,149,75
58,959,1120,Sham19Y0122255,69,1230,1407,123,87
58,959,1120,JK000165,631,329,506,120,86
58,963,1278,Shamela0000432,5991,847,1151,150,50
58,963,1117,ShamAY0035955,589,920,1090,114,84
58,834,1125,JK001249,18,449,872,179,55
58,959,1125,Shamela0096239,103,1135,1317,124,86
58,977,1120,Shamela0004473,15732,41,181,106,95
58,959,1178,Sham19Y0014592,958,693,974,151,67
58,963,1120,JK000166,7983,71,244,117,85
58,959,1125,JK000913,1952,911,1090,119,83
58,849,1120,JK000913,2091,1004,1153,102,49
58,959,1120,JK009152,1911,801,959,123,98
58,959,1173,Sham19Y0122257,2537,662,1360,147,27
58,942,1125,Tafsir07053,334,1259,1439,115,77
58,963,1087,Sham19Y0038171,831,1142,1285,95,84
58,963,1120,Sham19Y0122096,1045,867,1043,119,87
58,959,1278,Shamela0000700,10,905,1240,188,67
58,959,1125,JK001236,215,261,443,121,84
58,830,1125,JK005202,262,1041,1311,176,72
58,977,1144,Sham19Y0018147,621,595,768,115,82
58,959,1154,JK009149,758,838,1030,131,84
58,959,1125,Sham19Y0016976,1367,442,624,124,86
58,959,1120,JK000140,612,1090,1267,120,86
58,959,1120,Shamela0000782,626,1080,1257,120,86
58,959,1120,JK000139,12,1123,1300,123,87
58,977,1144,JK001117,23,367,532,118,88
58,959,1120,PV2024060602,6397,827,1004,120,86
58,849,1278,JK000059,11,333,712,153,34
58,959,1173,Sham19Y0127700,45,481,733,149,76
58,959,1173,Shamela0006610,146,140,407,125,54
58,959,1125,JK007045,650,594,759,124,95
58,959,1120,Shamela0001524,1539,346,523,123,87
58,914,1278,Sham19Y0017063,1037,408,769,176,50
58,963,1125,JK006897,63,639,817,117,83
58,959,1120,ShamAY0038637,69,798,976,123,87
58,959,1173,Shamela0025794,2080,377,677,139,58
58,834,1178,Sham19Y0018567,1125,42,351,162,56
58,820,1125,JK000148,304,849,1139,174,68
58,959,1125,Shamela0012014,202,1290,1468,119,82
58,959,1178,JK007084,566,1187,1429,136,66
58,959,1178,Sham19Y0017791,1455,803,1042,147,79
58,959,1278,JK007054,1153,324,654,145,42
59,1379,1588,Sham19Y0020591,788,284,487,150,86
59,1433,1588,Shamela0001875,1111,1091,1249,121,94
59,226,558,JK010370,54,137,883,172,25
59,1463,1588,Sham19Y0014601,3323,0,129,102,96
59,1114,1588,Sham19Y0014119,223,305,624,233,62
59,274,413,Masaha001978Vols,288,103,244,101,76
59,951,1118,Sham19Y0017747,1402,585,754,103,69
59,1138,1588,JK000225,1452,637,1134,230,51
59,1358,1588,JK000165,2693,87,283,144,74
59,1355,1588,JK001012,237,315,540,168,88
59,1350,1577,ShamAY0035955,406,66,266,145,81
59,1363,1588,JK000142,492,188,407,162,87
59,1363,1588,JK007044,2883,710,1206,143,34
59,250,679,Zaydiyya0000087BK1,69,0,670,174,24
59,1114,1553,Sham19Y0020699,1345,10,473,233,58
59,1114,1553,Sham19Y0013785,567,1199,1496,156,42
59,1433,1588,Sham19Y0013785,568,14,167,123,97
59,173,416,Zaydiyya0000328,261,1192,1432,175,84
59,983,1187,Shamela0036446,481,1376,1584,108,61
59,1114,1553,JK000254,816,97,411,206,60
59,1363,1588,JK011153,3183,619,830,151,81
59,1114,1588,Sham19Y0145212,1727,260,629,238,59
59,1409,1588,JK001249,254,26,205,141,94
59,1363,1588,Sham19Y0131521,2893,1294,1513,162,87
59,959,1109,ShamAY0035960,187,492,639,99,75
59,959,1588,JK000735,63,645,1178,228,34
59,1409,1553,JK000281,2538,1240,1383,111,93
59,959,1109,JK000130,725,851,996,98,75
59,1409,1577,Sham19Y0014325,4476,533,683,113,82
59,1433,1588,Shamela0001438,368,1337,1489,123,96
59,1114,1588,Sham19Y0014592,959,567,1037,211,42
59,1363,1588,JK009152,723,1071,1268,148,81
59,1114,1588,Sham19Y0122257,1516,170,531,235,61
59,951,1159,Sham19Y0023625,2164,1283,1558,130,54
59,1363,1588,Sham19Y0023625,2167,163,391,163,88
59,173,413,JK005004,427,336,547,130,64
59,274,413,Shia002389Vols,2041,939,1075,96,71
59,1363,1588,JK009336,3312,37,256,166,90
59,1409,1588,JK001236,219,6,185,139,93
59,1138,1588,JK000069,127,0,319,222,60
59,1114,1588,JK005202,2406,317,866,255,53
59,1363,1588,JK000154,3436,163,381,158,84
59,1363,1588,Sham19Y0016976,799,331,563,163,86
59,1363,1553,Kraken220311165336,624,932,1091,114,77
59,959,1118,JK000559,819,0,155,85,55
59,236,929,Shia000814VolsBK4,858,527,751,172,29
59,1363,1588,Shamela0009107BK1,82,633,854,176,97
59,173,500,Zaydiyya0000229,27,642,1296,199,34
59,226,510,Rafed0002654Vols,7331,859,1241,154,44
59,1409,1588,JK009229,246,1161,1365,128,74
59,959,1114,ShamAY0033910,718,860,1010,99,74
59,1363,1588,PV2024060602,5089,66,285,162,87
59,959,1109,PV2024060602,7806,1008,1153,98,75
59,1355,1588,JK006878,481,122,319,153,82
59,959,1105,JK000961,341,363,504,100,76
59,1114,1553,JK000787BK2,1610,280,527,109,25
59,959,1109,JK000097,185,858,1005,99,75
59,260,413,JK005007,331,34,195,121,90
59,1413,1588,JK009390,230,115,294,128,86
59,1433,1588,JK008001,5956,1076,1232,126,99
59,1355,1588,Shamela0006610,781,1263,1443,138,73
59,1138,1588,JK007045,386,265,593,207,54
59,1114,1588,Shamela0000327,37,347,670,233,62
59,959,1109,JK000475,1161,1250,1396,98,74
59,959,1588,JK000475,2203,537,1075,228,33
59,1114,1588,Sham19Y0017063,527,493,1139,221,35
59,983,1221,Sham19Y0013252,9208,385,633,157,71
59,226,510,Shia004092Vols,7643,1057,1439,154,44
59,218,510,Shia001615Vols,1175,0,572,188,36
59,1114,1553,Shamela0000894,3694,431,829,128,24
59,1409,1553,Shamela0000894,3700,233,423,111,71
59,1363,1588,Sham19Y0017903,601,244,446,150,81
59,1413,1588,Sham19Y0127677,160,16,186,131,92
59,151,416,Shia001432Vols,32395,1257,1553,163,66
59,1413,1588,JK000298,475,574,743,112,73
59,189,756,Shia001340,164,238,1208,287,32
59,1363,1588,Sham19Y0020944,452,669,887,162,87
59,1114,1588,JK000148,2493,495,1042,242,47
59,1433,1570,JK009256BK1,2050,638,775,110,100
59,173,510,Zaydiyya0000352,34,288,987,225,36
59,1114,1588,Sham19Y0017791,802,528,1445,157,16
59,236,413,AOCP2023090638Vols,107,1190,1360,130,84
60,1282,1476,Shamela0001875,1114,287,476,132,84
60,1282,1489,Sham19Y0013572,395,673,895,152,84
60,1333,1471,Shamela0036446,482,220,359,109,99
60,1309,1471,JK009336,3313,0,178,124,85
60,827,1214,JK000576,161,14,296,175,55
60,1282,1471,JK000961,341,765,951,140,91
60,1282,1482,Kraken230110004547,661,709,883,133,84
60,1282,1471,Shamela0021715,8009,1284,1466,120,77
60,1282,1471,Sham19Y0127656,629,297,471,125,84
60,821,1214,Sham19Y0013667,1652,12,331,246,78
60,1282,1471,Zaydiyya0000015,295,973,1164,145,94
61,667,1502,Zaydiyya0000004,540,571,1419,608,84
61,771,1486,Zaydiyya0000004,541,169,985,376,46
61,36,293,JK000095,12,1244,1522,131,57
61,658,986,Rafed0003228Vols,86,1249,1536,210,75
61,785,1502,Rafed0003228Vols,87,614,1351,365,47
61,800,1381,Shia001171,173,0,529,396,85
61,1055,1390,Shia001171,173,1163,1458,215,80
61,737,1492,Shia001148,50,247,1014,298,39
61,670,1492,Shia001349Vols,1009,563,1167,426,63
61,878,1492,Masaha001978Vols,331,0,525,354,69
61,621,1502,Shia004030Vols,437,725,1509,470,59
61,737,1492,Shia004030Vols,476,41,650,265,39
61,658,1502,Zaydiyya0000121,17,102,867,576,83
61,1120,1486,Zaydiyya0000121,18,0,324,218,74
61,667,1502,Zaydiyya0000203,51,174,1022,608,84
61,790,1486,Zaydiyya0000203,52,0,558,274,39
61,670,1502,Zaydiyya0000328,403,513,1364,641,92
61,743,1486,Zaydiyya0000328,404,73,770,336,43
61,45,305,JK001249,255,628,1013,133,40
61,707,1492,Shia003754Vols,308,688,1253,332,50
61,64,301,JK007021,261,18,246,100,48
61,36,305,JK000281,729,741,1044,145,53
61,667,908,Shia001237Vols,3804,1227,1476,190,91
61,908,1492,Shia001237Vols,3805,0,568,417,86
61,36,301,Sham19Y0149697,747,831,1122,145,54
61,36,301,Sham19Y0149697,3342,97,350,116,46
61,707,1492,ShamAY0037152,689,265,867,376,57
61,667,1150,ShamAY0037152,846,750,1273,214,37
61,1105,1486,ShamAY0037152,847,0,355,180,50
61,707,1492,Masaha002872,336,839,1377,332,51
61,667,1247,Shia004456Vols,3971,963,1534,437,93
61,1247,1502,Shia004456Vols,3972,0,277,204,91
61,36,301,JK000069,127,796,1049,139,58
61,64,321,JK005202,212,1052,1242,113,55
61,36,305,JK005202,1020,84,306,129,60
61,667,1486,Shia001552,15,153,1175,459,46
61,667,1140,Shia001552,105,1011,1469,286,66
61,667,1058,Shia001663Vols,522,167,368,156,49
61,658,1502,Rafed0002654Vols,1373,493,1239,534,74
61,993,1502,Rafed0002654Vols,1374,12,644,303,52
61,696,1492,Rafed0002654Vols,3815,842,1411,373,57
61,1223,1492,Rafed0002654Vols,12606,0,150,108,50
61,667,1482,Shia003695Vols,217,798,1490,322,39
61,732,1502,Zaydiyya0000052,150,0,758,556,85
61,1140,1486,Zaydiyya0000052,151,0,259,185,67
61,653,1502,Shia001334,336,14,787,441,58
61,36,305,Shamela0000327,37,1134,1417,140,54
61,707,1086,Masaha001961Vols,855,1276,1538,184,61
61,658,1502,Shia004092Vols,1798,57,798,529,74
61,1218,1502,Shia004092Vols,1799,0,236,168,71
61,696,1492,Shia004092Vols,4192,573,1132,363,56
61,1058,1492,Shia004092Vols,12561,329,528,146,42
61,667,1206,Shia001615Vols,515,354,783,303,68
61,800,1492,Shamela0023644,1670,23,535,330,58
61,667,1502,Shia003752Vols,751,9,852,619,88
61,743,1486,Shia003752Vols,784,509,1293,401,50
61,667,1502,Shia001432Vols,14458,347,1161,598,85
61,1055,1486,Shia001432Vols,14459,222,616,284,80
61,899,1492,Shia001432Vols,14460,622,1215,240,40
61,667,1140,Shia001432Vols,14785,1175,1593,283,72
61,667,1390,Shia001432Vols,32578,932,1548,420,68
61,1055,1486,Shia001432Vols,32579,694,1050,246,69
61,64,321,JK000148,241,603,788,113,56
61,36,301,Shamela0008476,908,12,480,135,35
61,658,1502,Shia001142Vols,23,113,744,419,59
61,658,1165,Masaha002880Vols,328,1059,1546,328,72
61,1165,1502,Masaha002880Vols,329,0,353,247,84
61,707,1206,Shia001217Vols,5918,0,336,201,48
62,63,268,Zaydiyya0000004,541,0,207,157,94
62,0,253,Rafed0003228Vols,87,439,657,170,82
62,0,258,Shia001171,173,625,856,153,66
62,0,258,Shia001171,174,111,354,157,75
62,0,224,Shia001349Vols,1009,1167,1336,132,73
62,6,315,Masaha001978Vols,331,519,788,148,49
62,0,258,Zaydiyya0000121,17,867,1113,193,93
62,0,268,Zaydiyya0000203,51,1022,1292,207,95
62,0,157,Zaydiyya0000328,403,1364,1521,126,97
62,6,258,Shia001237Vols,3805,562,799,189,92
62,0,319,ShamAY0037152,689,867,1188,140,44
62,6,274,ShamAY0037152,847,355,627,137,56
62,0,258,Shia004456Vols,3972,277,534,206,98
62,0,188,Shia001552,15,1182,1380,137,80
62,12,188,Shia001552,20,1339,1515,131,87
62,0,253,Rafed0002654Vols,1373,1239,1454,168,81
62,0,235,Rafed0002654Vols,1374,644,893,155,74
62,0,258,Zaydiyya0000052,150,758,1012,203,97
62,0,253,Shia004092Vols,1798,798,1013,168,81
62,0,235,Shia004092Vols,1799,236,485,155,74
62,12,258,Shia001615Vols,515,736,990,179,84
62,0,154,Shia003752Vols,751,852,1011,118,88
62,0,154,Shia003752Vols,784,1300,1462,120,90
62,0,258,Shia001432Vols,14458,1161,1427,189,85
62,0,188,Shia001432Vols,14459,623,812,141,88
62,0,224,Shia001432Vols,32579,120,353,163,84
62,0,242,Shia001142Vols,23,744,968,166,82
62,0,253,Masaha002880Vols,329,353,587,185,90
62,0,242,Shia001217Vols,5916,284,521,182,90
63,782,1071,JK009231,831,51,288,147,58
63,782,1071,JK005020,526,134,468,166,49
63,213,633,Zaydiyya0000004,663,121,621,272,68
63,730,1071,JK000021,281,476,828,214,68
63,721,1102,Shamela0011363,141,1176,1495,172,52
63,726,1102,ShamAY0034002,42,1148,1423,181,59
63,10,266,Shia004012,61,174,409,168,84
63,782,1102,Shamela0021659,793,574,821,145,55
63,0,209,Zaydiyya0000121,10,225,442,163,96
63,710,998,JK001012,19,902,1237,155,46
63,753,1022,Shamela0036446,1318,876,1160,162,61
63,743,1022,Sham19Y0145212,1602,496,834,179,58
63,726,1102,JK000022,2149,23,290,179,59
63,730,1071,Shamela0004473,11473,421,787,213,66
63,10,209,Shamela0012738,51,1092,1290,154,99
63,782,1102,Sham19Y0018272,1225,1022,1481,146,33
63,5,336,Shia001237Vols,3326,656,1003,187,68
63,743,1022,Sham19Y0122257,1352,158,497,179,57
63,10,209,Sham19Y0018315,260,1182,1381,155,100
63,734,1056,JK009315,33,15,393,198,56
63,743,1022,JK009336,998,274,608,179,58
63,710,1071,Sham19Y0038171,722,475,851,168,44
63,782,1102,Shia002261Vols,222,95,342,145,55
63,734,1071,Shamela0026542,140,1125,1470,209,69
63,693,1071,ShamAY0035035,3090,375,768,167,42
63,730,1102,Shamela0026884,408,972,1211,162,52
63,816,1102,JK009274,534,6,216,118,51
63,730,1253,JK000080,629,204,746,221,37
63,726,1102,Shamela0026719,4,548,825,179,58
63,827,1258,Zaydiyya0000024,18,37,373,183,42
63,753,1102,Sham19Y0147311,198,1236,1502,160,56
63,608,1071,Shamela0012579,1837,800,1431,270,47
63,782,1102,JK000583,403,918,1165,144,55
63,226,415,Zaydiyya0000052,124,660,850,132,88
63,5,342,Zaydiyya0000052,140,54,428,188,55
63,782,1102,JK008001,249,631,909,146,51
63,743,1022,JK007045,355,932,1261,164,52
63,5,281,Shia001615Vols,1512,494,786,173,69
63,734,1071,Sham19Y0018567,484,657,961,172,51
63,5,496,Shia001432Vols,3109,916,1353,198,45
63,5,209,Shia001432Vols,23973,396,599,156,98
63,10,266,Shia001432Vols,28908,886,1087,149,74
63,5,176,Shia001432Vols,32275,1279,1449,131,98
63,743,1006,Shamela0021766,3377,1004,1287,159,61
63,10,209,Shia001142Vols,28,347,545,154,99
63,5,241,Shia001217Vols,4874,1085,1321,164,86
64,408,585,Zaydiyya0000004,626,1231,1415,127,82
64,895,1334,JK001160,299,427,813,178,42
64,915,1291,JK000583,521,1215,1522,147,40
66,232,521,Zaydiyya0000004,672,1030,1472,213,57
66,281,636,ShamIbadiyya0000155,9,931,1285,216,66
66,396,636,Sham19Y0017616,373,56,302,118,52
66,360,578,Sham19Y0018260,62,0,208,142,78
66,396,578,Shamela0021479,226,1166,1334,132,90
66,294,636,Zaydiyya0000328,392,48,545,225,54
66,976,1178,Sham19Y0023644,2490,1032,1189,119,71
66,396,578,ShamAY0031806,889,642,813,127,83
66,396,578,Shamela0026440,16,717,881,124,86
66,239,613,Zaydiyya0000353,14,676,1266,220,39
66,396,566,JK000706,77,771,923,101,75
66,396,584,Shamela0009804,327,1011,1179,128,85
66,396,578,Sham19Y0001729,2078,684,852,128,88
66,396,578,Shamela0000327,10,333,501,132,90
66,396,566,Shamela0025794,4361,657,802,101,75
66,275,603,Shia000812Vols,729,202,744,252,57
67,56,713,Shamela0008970,58,593,1280,306,43
67,56,487,Shamela0009567,980,915,1350,306,83
67,644,919,ShamAY0034134,826,957,1209,186,85
67,660,919,ShamAY0034134,827,617,857,184,88
67,56,403,JK000483,276,1002,1378,259,84
67,796,919,Masaha001946Vols,1284,967,1095,96,95
67,1063,1220,Zaydiyya0000059,933,854,1012,113,89
67,82,458,Masaha001028,17,814,1205,249,75
67,82,492,Kraken220413194022,239,1199,1615,294,87
67,106,421,JK006890,186,50,361,240,97
67,138,379,Shamela0027083,432,334,575,188,99
67,82,447,JK000010,121,568,954,257,82
67,82,487,Shamela0008363,114,953,1358,287,85
67,19,487,Shamela0008363,228,357,812,310,83
67,106,492,JK006950,1106,97,488,283,91
67,82,487,JK006950,2004,331,743,300,91
67,64,586,JK000806BK1,7,624,1103,331,77
67,801,919,Shamela0021659,217,478,597,93,99
67,72,421,JK000036,107,771,1119,259,90
67,64,480,JK001012,74,1018,1443,312,90
67,109,600,JK001012,271,346,797,259,64
67,64,500,ShamAY0033598,278,1033,1470,309,86
67,64,487,MMS00028,84,0,383,276,78
67,82,500,Sham19Y0017581,290,958,1384,300,86
67,766,919,Shamela0007435,173,0,149,112,91
67,719,919,JK001249,113,0,180,139,87
67,82,421,Shamela0022642,903,1133,1463,229,83
67,64,487,Shamela0004473,6762,1110,1537,313,89
67,72,487,Shamela0002386,346,395,818,315,92
67,77,487,Shamela0023606,159,132,558,300,88
67,801,919,Shamela0001438,625,574,687,88,94
67,106,487,Shamela0001438,3506,197,586,273,86
67,801,919,Shamela0001438,4494,787,899,88,94
67,43,487,Tafsir02102,288,125,576,320,84
67,56,487,JK000098,45,847,1291,318,88
67,106,421,JK009191,101,164,477,218,81
67,648,919,AOCP20251104110,13,851,1145,156,63
67,48,709,Shamela0010517,9,281,923,341,55
67,82,586,Shamela0010517,460,291,724,279,65
67,82,487,Sham19Y0020587,78,587,979,285,86
67,766,919,Sham19Y0149697,18,357,496,98,81
67,702,919,Sham19Y0023625,1205,1006,1203,152,88
67,106,487,JK000381,2259,437,802,271,89
67,106,492,JK000381,6803,184,575,283,91
67,82,487,JK000381,7702,375,787,300,91
67,106,358,ShamAY0033562BK1,19,1243,1477,179,91
67,801,919,Shia002261Vols,42,1183,1302,93,99
67,19,492,Shamela0008381,2691,474,953,315,81
67,801,919,Sham19Y0122096,478,781,900,93,99
67,56,487,JK001266,47,497,885,294,85
67,56,421,JK000069,113,119,462,249,86
67,235,487,Shamela0011334,197,0,257,185,86
67,82,421,Rafed0003630Vols,1700,882,1205,220,75
67,64,500,ShamAY0032837,12,71,498,305,84
67,82,480,AOCP20251104081,450,575,980,291,90
67,64,487,Shamela0026884,390,497,901,289,83
67,64,492,Sham19Y0016928,217,958,1387,317,91
67,557,919,Sham19Y0150960,171,37,384,147,43
67,801,919,JK009274,135,1099,1218,93,99
67,1063,1220,Zaydiyya0000013,115,578,736,109,85
67,56,487,Zaydiyya0000229,202,731,1154,331,97
67,644,927,Zaydiyya0000229,288,478,768,209,86
67,56,421,Shamela0023789,607,866,1217,233,75
67,557,919,JK009313,5358,727,1033,155,47
67,72,421,JK009313,5361,157,510,269,95
67,56,447,JK007082,364,1087,1459,286,90
67,82,508,JK001414,2646,744,1196,310,85
67,792,919,JK009390,200,288,425,99,91
67,106,487,JK009390,2046,202,591,273,85
67,752,919,JK000943,86,6,173,123,90
67,56,697,Sham19Y0148271,1218,483,1059,348,64
67,210,487,Shamela0031366,193,0,286,199,82
67,77,447,ShamAY0034059,1935,501,864,246,81
67,801,919,JK008001,415,318,437,93,99
67,106,487,JK008001,417,647,1035,273,86
67,106,421,JK001032,30,1081,1411,238,91
67,19,421,Shamela0026568,870,572,943,265,82
67,82,487,Shamela0012094,161,634,1041,300,90
67,56,421,Sham19Y0013252,9176,608,960,257,85
67,82,447,JK000105,1131,109,491,257,82
67,158,487,JK009226,392,0,332,236,86
67,82,487,Sham19Y0095660,1422,1088,1507,271,76
67,106,421,Rafed0003462,249,18,300,209,83
67,64,487,Shamela0000894,249,725,1143,306,86
67,64,487,Shamela0000894,3877,798,1235,292,81
67,64,421,Shamela0000894,5031,1076,1423,254,85
67,82,421,Shamela0000894,7255,559,884,237,84
67,77,425,Shamela0000894,8067,1232,1570,235,80
67,77,421,Shamela0000894,8200,914,1256,241,83
67,77,393,Shamela0000894,8339,132,447,233,92
67,56,458,Shamela0012884,2152,394,849,271,71
67,119,487,JK000062,8,0,368,263,85
67,106,416,JK000062,195,965,1292,233,90
67,68,586,Sham19Y0132416,146,777,1377,291,53
67,106,388,Sham19Y0127677,1856,1145,1419,209,94
67,801,919,Sham19Y0127677,2659,804,916,88,94
67,77,421,Shia001432Vols,29683,1180,1494,237,87
67,82,487,JK000355,17,642,1051,298,90
67,72,487,JK000465,1380,270,688,314,92
67,82,403,Tafsir07055,3715,43,356,238,93
67,673,919,JK000675,481,0,226,170,86
67,644,919,Zaydiyya0000015,302,577,833,202,93
67,86,487,Tafsir07057,5002,0,370,266,81
67,56,224,Zaydiyya0000352,213,1221,1389,131,98
67,224,487,Zaydiyya0000352,214,0,262,201,94
67,644,931,Zaydiyya0000352,302,698,988,215,91
67,77,421,Shamela0023685,987,13,351,256,93
67,56,586,Shamela0009307,12,428,1008,336,69
67,77,500,JK000467,594,0,397,282,81
67,64,487,Tafsir09084,996,716,1142,310,89
67,106,421,Shia002264,310,397,730,240,90
67,801,927,ShamIbadiyya0000279,9,1195,1322,100,99
67,660,927,ShamIbadiyya0000279,10,257,444,132,58
68,7,201,Shamela0021635,6,291,480,125,76
68,0,208,Shia001171,225,434,633,139,79
68,702,933,Shamela0010632,100,128,304,104,58
68,65,184,Shamela0010463,460,779,914,90,82
68,709,798,EShia0071807,1079,1315,1404,61,91
68,19,184,Shamela0012828,36,467,672,120,67
68,1017,1339,Shamela0003118,1017,406,723,220,77
68,19,184,Shamela0003118,4682,1061,1238,111,73
68,0,266,Zaydiyya0000067,182,119,409,177,66
68,702,929,Zaydiyya0000067,207,379,593,119,61
68,459,784,Zaydiyya0000067,210,9,353,182,67
68,453,825,JK000637,3547,965,1340,179,55
68,1202,1339,Zaydiyya0000031,5,747,874,98,88
68,709,801,Zaydiyya0000100,609,810,900,67,97
68,0,184,Masaha001842Vols,253,97,284,141,91
68,1064,1339,JK000022,1205,275,566,215,92
68,473,673,Shamela0000736,896,0,196,148,93
68,702,821,Shamela0001438,4029,1145,1259,86,95
68,33,184,Shamela0095735,792,1187,1336,99,75
68,1064,1339,Sham19Y0014592,965,1121,1420,212,88
68,1064,1339,Sham19Y0014592,2816,1093,1388,204,81
68,709,798,Zaydiyya0000375,17,743,888,67,61
68,709,798,Shia001237Vols,1110,165,254,61,91
68,709,798,Zaydiyya0000259,242,1231,1322,63,93
68,1017,1339,JK003608,318,429,730,227,83
68,709,801,Zaydiyya0000355,123,248,344,67,91
68,33,184,Shamela0022720,41,583,731,98,75
68,0,184,Shia001423Vols,1020,326,512,135,87
68,1064,1339,JK001336,842,792,1085,214,90
68,405,673,Shamela0026884,391,1169,1428,180,80
68,0,184,Shia003636Vols,1986,1110,1289,136,89
68,0,497,Zaydiyya0000229,194,303,732,199,41
68,1017,1339,JK001160,279,1141,1445,230,84
68,19,184,Rafed0002654Vols,9954,832,1038,92,51
68,405,673,JK009153,168,1000,1266,202,94
68,0,184,Shia003695Vols,258,1261,1446,138,90
68,1017,1339,JK000916,2499,229,515,215,82
68,1017,1339,JK000916,2500,123,441,220,77
68,19,184,JK000916,16014,369,546,111,73
68,702,821,JK009390,2433,578,695,86,93
68,702,821,JK009390,3610,563,681,84,91
68,1054,1417,JK000583,488,413,1233,277,42
68,702,821,JK008001,418,614,728,86,95
68,19,184,Shia001544Vols,126,407,540,102,76
68,405,673,JK009226,386,727,998,206,95
68,422,673,JK009226,391,790,1039,187,93
68,19,184,Shia004092Vols,10149,1012,1218,92,51
68,702,821,Sham19Y0127677,2230,115,229,86,95
68,0,184,Shia001432Vols,15324,62,250,141,90
68,709,798,Shia001432Vols,26747,384,473,61,91
68,709,801,Zaydiyya0000098,608,798,888,67,97
68,453,678,Zaydiyya0000015,209,321,532,161,89
68,702,929,Zaydiyya0000015,1164,827,991,122,70
68,709,801,Zaydiyya0000233,10,1284,1374,67,97
68,0,497,Zaydiyya0000352,205,460,917,198,41
68,19,302,Shamela0009307,18,466,849,163,52
69,323,810,Zaydiyya0000049,147,0,480,378,92
69,964,1558,Shamela0029976,56,760,1330,391,79
69,262,804,JK000637,3597,212,678,342,76
69,964,1562,Shamela0007435,284,838,1503,403,70
69,425,799,Shamela0001438,84,3,327,245,77
69,982,1558,Shamela0001438,5758,53,601,385,79
69,1338,1558,Shamela0001438,8099,52,259,136,69
69,982,1423,Zaydiyya0000044,152,1189,1619,318,84
69,1423,1562,Zaydiyya0000044,153,0,142,105,91
69,287,799,Zaydiyya0000259,253,47,553,394,93
69,982,1128,Masaha002872,328,1425,1574,105,81
69,1128,1558,Masaha002872,329,0,445,297,78
69,964,1558,Shamela0012531,401,451,633,123,25
69,964,1558,Shamela0026884,398,343,962,375,69
69,982,1154,Sham19Y0016928,222,1330,1469,93,67
69,1154,1562,Sham19Y0016928,223,0,429,291,78
69,1338,1562,ShamAY0032826,1151,545,768,160,83
69,1338,1562,ShamAY0032826,1152,920,1143,160,83
69,1338,1562,ShamAY0032826,1153,374,597,160,83
69,964,1562,Zaydiyya0000229,192,726,1334,461,92
69,982,1558,Rafed0002654Vols,9010,485,1020,386,80
69,1338,1558,Rafed0002654Vols,9016,87,291,138,71
69,1159,1558,Rafed0002654Vols,9018,0,407,277,78
69,964,1558,Rafed0002654Vols,12498,407,595,129,27
69,982,1558,JK009229,984,439,1095,384,70
69,255,804,Zaydiyya0000024,60,36,553,407,90
69,287,799,Shamela0022769,1529,600,983,275,66
69,982,1489,JK009390,5133,1119,1580,302,71
69,982,1558,JK009390,6260,166,602,280,59
69,982,1558,JK008001,738,954,1397,305,63
69,1338,1558,JK008001,739,1041,1247,134,69
69,964,1552,JK009226,413,860,1483,409,76
69,982,1558,Shia004092Vols,9267,60,595,386,80
69,1338,1558,Shia004092Vols,9272,1159,1363,138,71
69,982,1509,Shia004092Vols,9274,996,1499,346,76
69,964,1558,Shia004092Vols,12465,3,191,129,27
69,982,1268,Masaha003104,137,1254,1519,190,79
69,1185,1562,Masaha003104,138,14,292,200,63
69,259,799,JK000883,37,565,1060,366,81
69,982,1558,Sham19Y0127677,3847,280,821,381,78
69,1338,1558,Sham19Y0127677,5759,351,558,138,70
69,964,1274,JK000675,270,1134,1433,190,73
69,1185,1562,JK000675,271,18,295,202,64
69,287,791,Zaydiyya0000233,19,487,890,293,66
69,964,1562,Zaydiyya0000352,203,843,1459,468,93
70,693,1183,Shia004012,127,127,680,220,45
70,1146,1378,Rafed0003489,84,14,237,162,84
70,1138,1383,JK000637,3573,1080,1318,171,84
70,14,268,Shamela0007435,285,0,242,154,71
70,1164,1391,JK000022,1607,15,228,167,92
70,1173,1391,JK000022,2611,0,209,159,89
70,11,276,Shamela0001438,5758,607,864,185,82
70,1391,1501,ShamAY0038078,28,206,316,84,91
70,566,990,Shia001237Vols,1259,90,517,287,78
70,0,339,Zaydiyya0000044,153,142,545,229,66
70,285,990,Shia001122Vols,3493,520,1183,437,71
70,1131,1378,JK006838,1371,89,366,163,67
70,1131,1378,Shamela0004445,2791,221,470,175,82
70,566,923,Shia002389Vols,1630,1046,1391,245,83
70,605,923,Masaha000979,230,1039,1342,193,71
70,11,268,Shamela0026884,398,967,1241,160,67
70,0,329,Sham19Y0016928,223,429,745,200,69
70,285,990,Shia001115Vols,82,229,859,426,70
70,0,178,Zaydiyya0000229,192,1334,1509,142,96
70,281,983,Zaydiyya0000229,287,780,1424,500,89
70,11,268,Rafed0002654Vols,9010,1026,1272,174,82
70,11,258,Rafed0002654Vols,9018,413,641,177,87
70,11,268,JK009229,984,1100,1375,176,73
70,1146,1378,JK009313,2877,877,1199,156,60
70,285,990,PV2024060601,3493,520,1183,437,71
70,11,276,JK009390,5134,82,353,188,82
70,11,276,JK009390,6260,608,855,178,82
70,1391,1501,JK008001,739,749,862,84,88
70,285,990,Shia001174Vols,4550,515,1171,427,69
70,1146,1391,JK001303,697,540,784,169,82
70,1131,1433,Shamela0001524,1251,412,745,201,71
70,566,914,Shia001299,123,1036,1439,198,57
70,1131,1378,JK000474,2370,274,501,172,86
70,1164,1378,JK009226,396,10,215,164,95
70,0,268,JK009226,414,11,291,195,81
70,11,258,Shia004092Vols,9275,50,277,176,87
70,693,1061,Shia001615Vols,2701,366,740,173,48
70,0,334,Masaha003104,138,292,607,201,73
70,11,342,Sham19Y0127677,3847,827,1215,219,66
70,693,1183,Shia001432Vols,22494,662,1064,211,48
70,566,990,Shia001432Vols,26920,857,1285,287,78
70,285,990,Shia001432Vols,29698,9,659,437,72
70,1188,1391,JK000298,1220,1002,1171,108,61
70,39,262,Zaydiyya0000352,204,0,221,175,96
70,281,795,Zaydiyya0000352,301,976,1438,360,86
70,795,990,Zaydiyya0000352,302,0,194,151,97
71,123,607,Sham19Y0020591,566,523,997,355,89
71,123,607,Shamela0008970,94,430,907,353,88
71,123,401,JK009245,812,1223,1507,207,87
71,401,607,JK009245,813,0,202,157,94
71,1252,1485,Zaydiyya0000004,684,1082,1321,183,95
71,123,607,ShamAY0034134,551,669,1167,369,91
71,123,620,ShamAY0034134,553,376,878,358,85
71,422,666,Masaha001946Vols,1281,594,808,164,83
71,105,479,Masaha001946Vols,1282,40,363,239,79
71,345,564,JK007006,677,814,1240,142,39
71,123,317,Sham19Y0016877,40,1302,1485,133,80
71,317,620,Sham19Y0016877,41,0,296,220,88
71,123,418,JK000533,2860,1064,1371,159,55
71,123,305,Sham19Y0014601,2491,1290,1473,138,91
71,123,422,Sham19Y0014601,2492,266,1006,209,34
71,305,669,Sham19Y0014119,223,1035,1456,240,68
71,345,607,JK006890,186,566,814,186,86
71,123,336,JK000010,121,1188,1392,160,93
71,340,661,JK000010,122,5,352,242,88
71,345,564,Shamela0021659,597,1293,1490,149,84
71,115,456,JK001012,98,1146,1485,257,91
71,456,607,JK001012,99,0,147,117,97
71,446,564,JK001012,289,1156,1274,94,100
71,157,651,Shamela0000432,5232,174,644,284,65
71,123,228,JK000142,353,1294,1393,79,94
71,228,607,JK000142,354,0,398,297,94
71,446,564,Zaydiyya0000031,8,1393,1511,94,100
71,446,564,Zaydiyya0000031,15,648,766,94,100
71,243,661,Shamela0036446,1349,969,1374,285,84
71,366,607,Sham19Y0145212,1728,0,229,163,79
71,246,661,JK001249,75,0,478,300,78
71,361,564,Kraken220413030905,174,180,379,129,80
71,123,607,Sham19Y0131521,2087,30,528,376,94
71,123,300,Sham19Y0131521,2102,977,1417,134,38
71,336,504,Sham19Y0131521,2103,256,652,126,39
71,123,661,Shamela0010283,1188,570,1138,373,80
71,305,646,Sham19Y0013614,320,418,733,225,81
71,345,552,Shamela0001438,944,1320,1498,139,82
71,189,564,JK009236,448,5,350,241,76
71,132,584,Sham19Y0014309,1075,1033,1505,336,87
71,123,357,Sham19Y0018272,918,880,1108,178,94
71,1284,1485,Zaydiyya0000044,188,894,1100,149,86
71,139,612,Sham19Y0122257,1517,277,751,255,60
71,118,612,Shamela0010517,1823,343,862,364,86
71,326,607,JK000216,256,660,1223,189,40
71,118,317,Sham19Y0023625,933,1261,1451,139,88
71,305,491,Sham19Y0023625,935,132,328,141,88
71,425,564,JK007104,420,562,699,101,87
71,123,661,JK009336,920,13,595,379,80
71,123,612,Sham19Y0038171,829,787,1277,367,91
71,345,564,Shia002261Vols,150,1038,1231,146,82
71,345,589,Sham19Y0122096,1426,1072,1321,156,69
71,123,651,JK001236,267,866,1388,373,86
71,123,323,Shamela0003722,5477,1317,1508,152,95
71,323,607,Shamela0003722,5478,0,284,214,91
71,336,612,Sham19Y0016976,800,0,264,196,86
71,123,612,ShamAY0035035,3293,115,604,364,90
71,123,535,Sham19Y0016928,220,1049,1460,305,89
71,123,310,Shamela0008540,1762,1349,1516,132,89
71,310,607,Shamela0008540,1763,0,305,219,87
71,345,564,JK009274,407,1022,1219,149,84
71,1252,1485,Zaydiyya0000229,193,296,532,180,94
71,123,628,Zaydiyya0000229,200,845,1366,381,91
71,1087,1236,Zaydiyya0000229,205,396,548,117,96
71,446,564,Sham19Y0132973,785,524,642,94,100
71,383,568,JK009229,66,1036,1198,122,83
71,123,669,JK009313,4425,813,1371,326,65
71,326,661,JK009313,5359,456,820,206,67
71,123,351,PV2024060602,4950,1175,1397,176,96
71,351,607,PV2024060602,4951,0,275,200,92
71,123,323,JK000080,670,1313,1528,151,84
71,323,666,JK000080,671,0,380,241,79
71,446,568,Shamela0023788,83,368,490,94,97
71,336,564,JK009390,1019,300,514,155,81
71,331,564,JK000583,257,755,970,155,81
71,345,564,JK008001,2199,254,451,149,84
71,305,612,JK007045,386,913,1208,213,82
71,123,440,Sham19Y0009763,180,1212,1534,229,85
71,440,661,Sham19Y0009763,181,0,257,144,68
71,123,620,Shamela0026568,871,294,797,376,91
71,305,620,Sham19Y0017063,528,510,840,220,78
71,345,666,JK000105,514,289,636,206,71
71,123,661,JK000105,1131,725,1279,405,90
71,132,656,Shamela0000894,5000,0,624,376,72
71,123,715,Shamela0000894,5031,521,1154,403,77
71,440,564,Sham19Y0132416,24,326,448,96,97
71,345,615,Sham19Y0132416,97,740,1020,179,78
71,225,661,Sham19Y0132416,147,0,419,308,85
71,345,546,Sham19Y0127677,961,1257,1429,134,81
71,351,564,JK000298,2122,264,985,143,24
71,123,376,JK000298,2123,102,335,131,54
71,123,602,Sham19Y0020944,318,120,594,365,93
71,132,607,Kraken230106005528,399,785,1258,333,82
71,1252,1485,Zaydiyya0000352,204,446,680,176,92
71,123,300,Zaydiyya0000352,211,1279,1449,134,94
71,300,607,Zaydiyya0000352,212,0,314,239,96
71,1087,1247,Zaydiyya0000352,216,1021,1184,126,96
71,123,467,Shamela0023685,987,1188,1527,261,92
71,467,620,Shamela0023685,988,0,156,114,88
71,305,632,Sham19Y0017791,803,860,1194,227,79
71,123,661,JK007054,123,370,973,396,81
71,98,538,Shia002264,309,1108,1510,224,57
72,436,685,Shamela0009856,1070,386,638,158,76
72,212,428,Shia001149Vols,1093,965,1271,135,55
72,927,1197,AOCP20251117033,227,517,819,191,73
72,463,685,Shamela0006739,857,669,897,153,82
72,894,1396,Zaydiyya0000004,626,735,1168,251,53
72,0,190,Zaydiyya0000004,684,1321,1528,148,85
72,436,685,JK000021,128,922,1165,152,75
72,1045,1359,Shia001171,471,0,287,155,60
72,440,685,Shamela0022381,5,310,585,168,74
72,503,685,Shia001542Vols,652,1085,1263,120,78
72,966,1197,Shia001391,73,765,1003,166,81
72,453,685,Shamela0003118,3779,483,719,154,79
72,919,1367,Zaydiyya0000121,2,145,583,228,47
72,1326,1446,Zaydiyya0000067,5,324,444,93,100
72,1313,1446,Zaydiyya0000067,205,1129,1262,103,100
72,919,1081,Zaydiyya0000328,398,1369,1529,127,96
72,1081,1364,Zaydiyya0000328,399,0,269,93,26
72,440,596,Sham19Y0014075,327,1259,1408,112,91
72,440,690,JK009237,5977,1247,1507,171,79
72,463,961,ShamAY0033704,10,137,645,197,38
72,450,685,Sham19Y0023644,1992,424,667,151,74
72,978,1197,JK000060,42,1315,1554,171,86
72,440,685,ShamAY0032842,17,31,275,174,84
72,440,685,Shia001153,4,613,854,180,89
72,453,697,Shamela0001438,7457,69,318,156,73
72,440,596,Zaydiyya0000022,79,543,707,120,93
72,436,685,Shia001136,270,798,1055,182,85
72,450,596,Shia001237Vols,2757,0,143,104,86
72,894,1197,Shia001237Vols,2768,739,1061,215,82
72,212,450,Shia001237Vols,2830,854,1101,144,73
72,247,685,Zaydiyya0000044,143,891,1424,321,74
72,440,685,Zaydiyya0000044,156,606,842,184,94
72,894,1359,Shia004021,136,758,1102,228,58
72,894,1197,Zaydiyya0000083,55,1040,1332,202,76
72,436,596,Shia002389Vols,2799,221,383,119,91
72,440,596,Shia002165,6,1264,1449,111,73
72,440,596,Masaha002872,169,615,777,115,89
72,463,690,JK000082,214,388,626,153,77
72,894,1180,Shia001417,113,672,1001,171,58
72,1313,1450,JK009251,66,142,274,102,96
72,440,638,Zaydiyya0000013,132,491,692,138,88
72,247,685,Shia001115Vols,65,4,698,306,54
72,0,207,Zaydiyya0000229,193,532,747,157,88
72,1300,1446,Zaydiyya0000229,206,1193,1339,103,86
72,220,685,Zaydiyya0000229,304,949,1412,356,95
72,212,428,PV2024060601,4822,217,523,135,55
72,436,685,JK000916,12533,633,887,160,76
72,450,685,JK000081,720,344,594,157,78
72,919,1197,JK009390,5141,748,996,177,73
72,447,685,JK006877,12,329,509,134,70
72,440,596,JK009325,13,653,834,109,72
72,919,1390,Zaydiyya0000052,140,916,1253,252,66
72,453,685,JK008001,1159,522,758,158,78
72,876,1197,Shia001544Vols,1175,1039,1383,195,62
72,894,1197,Shia001334,539,639,921,193,73
72,436,685,ShamAY0034809,28,25,270,151,74
72,894,1197,JK009226,375,910,1197,201,77
72,937,1197,Tafsir04056,442,211,474,182,80
72,436,596,Shia001615Vols,489,93,252,121,95
72,941,1197,Shia001615Vols,2255,301,562,181,79
72,453,685,Sham19Y0127677,5181,766,1003,157,78
72,867,1359,Shia001432Vols,22243,206,640,270,63
72,894,1197,Shia001432Vols,22254,34,325,198,75
72,440,685,Shia001432Vols,24198,224,465,180,89
72,224,685,Shia001432Vols,24203,182,560,219,53
72,937,1197,Shia001432Vols,29013,1078,1343,186,82
72,447,685,JK001297,60,123,367,155,76
72,941,1197,Zaydiyya0000015,105,0,265,188,83
72,224,596,Zaydiyya0000015,337,187,421,159,54
72,436,685,Zaydiyya0000015,886,1152,1400,194,97
72,0,207,Zaydiyya0000352,204,680,894,153,84
72,1313,1454,Zaydiyya0000352,218,430,582,104,89
72,220,685,Zaydiyya0000352,319,554,1083,357,84
72,212,428,Shia001217Vols,4362,92,402,139,55
72,932,1197,Shia001383,11,1100,1362,206,95
72,224,433,Shia001383,111,57,285,139,75
72,436,690,Shamela0021494,258,960,1237,169,76
73,103,449,JK009245,823,1170,1545,202,67
73,942,1277,Sham19Y0013783,3198,1151,1420,162,56
73,103,508,JK009298,73,390,792,243,70
73,235,508,Shamela0021659,914,58,323,208,95
73,95,571,JK000637,3528,71,610,278,63
73,78,358,ShamAY0033603,57,1166,1461,163,60
73,78,513,ShamAY0033603,59,755,1200,290,78
73,124,508,ShamAY0033603,60,29,453,254,73
73,114,537,Shamela0012403,1039,1017,1354,216,63
73,537,1082,Zaydiyya0000101,10,249,639,147,27
73,78,491,JK009176,1,787,1497,237,37
73,78,366,Shamela0008210,91,1179,1497,167,57
73,103,439,JK000735,175,1111,1423,186,68
73,235,566,Shamela0001438,2828,212,571,223,76
73,78,566,Shamela0001438,7887,596,1125,290,61
73,78,513,Sham19Y0014309,1076,651,1029,264,73
73,103,529,JK000166,8623,746,1168,253,67
73,942,1179,Shia001237Vols,1189,1253,1444,132,70
73,946,1277,Zaydiyya0000044,157,789,1121,254,96
73,103,566,JK000585,4585,149,594,268,71
73,78,561,JK001202,3,507,1084,300,61
73,990,1277,Sham19Y0018315,303,1218,1428,145,63
73,184,508,Sham19Y0038171,830,12,397,225,69
73,114,508,JK000776,672,909,1215,207,65
73,981,1277,Shamela0036357,157,1077,1257,122,53
73,78,508,ShamAY0035035,3293,711,1187,266,63
73,78,508,Shamela0000782,1205,424,769,256,75
73,219,508,Shamela0023578,3090,0,283,222,96
73,924,1277,JK000520,269,165,482,229,81
73,78,561,Sham19Y0016928,222,524,1004,273,61
73,1005,1277,JK005005,789,160,335,124,58
73,235,508,JK009274,688,996,1286,208,87
73,934,1277,ShamAY0032826,223,1051,1271,159,59
73,934,1277,ShamAY0032826,225,68,288,159,59
73,942,1277,Zaydiyya0000229,196,404,739,258,97
73,981,1277,JK010561,435,59,294,170,73
73,184,508,Rafed0002654Vols,9042,0,408,226,68
73,78,571,JK009313,3036,103,982,237,29
73,78,521,PV2024060602,6949,866,1225,260,74
73,78,571,JK000961,213,724,1141,284,71
73,78,491,Kraken220216061206,40,981,1317,244,74
73,561,684,Zaydiyya0000024,63,1052,1169,93,92
73,235,508,JK009390,1690,969,1235,207,94
73,235,508,JK009390,1693,1130,1396,208,95
73,295,508,JK009390,6027,0,209,148,87
73,78,547,JK009390,6277,478,958,251,57
73,95,508,JK006801,822,478,915,249,71
73,103,508,JK000943,189,55,445,240,72
73,78,508,ShamAY0034059,6982,267,682,284,79
73,942,1277,JK009325,1778,1158,1450,198,73
73,235,508,JK008001,459,16,279,206,94
73,235,508,JK008001,2340,1230,1496,210,96
73,78,469,JK008001,6005,1094,1514,237,62
73,78,566,JK000475,1635,831,1415,301,61
73,103,508,JK000475,2316,296,677,239,73
73,95,508,Shamela0021570,378,516,955,239,60
73,975,1225,JK000888,3280,1394,1604,135,63
73,934,1277,Shia003488Vols,449,644,935,204,76
73,537,852,Shia004092Vols,8969,34,587,135,26
73,184,508,Shia004092Vols,9299,0,410,223,67
73,235,566,Sham19Y0127677,1653,389,727,221,80
73,78,571,Sham19Y0127677,5600,395,920,288,62
73,942,1277,Shia001432Vols,29032,410,690,203,76
73,103,508,Shia001432Vols,29699,84,433,212,64
73,78,521,JK000465,3936,179,569,272,72
73,942,1277,Zaydiyya0000352,207,672,1007,259,97
73,78,403,Tafsir09084,2394,730,1418,134,20
73,235,508,Sham19Y0017817,444,1150,1421,216,98
74,775,1513,Shamela0008970,160,47,871,495,68
74,16,535,Zaydiyya0000004,663,1251,1460,141,32
74,791,1513,Masaha003294,63,557,1280,498,76
74,801,1513,Masaha001946Vols,1247,235,1019,509,76
74,775,1513,JK000263,27,488,1133,455,70
74,801,1185,JK000761,432,1050,1443,245,68
74,1185,1513,JK000761,433,0,349,250,81
74,16,334,Shia001391,172,381,724,162,48
74,801,1504,Shamela0008612,65,868,1528,400,62
74,0,356,Shia001278Vols,359,384,816,195,53
74,775,1513,Shamela0010906,3282,656,1257,399,61
74,1276,1513,Shamela0003118,5835,458,684,168,82
74,1276,1508,Shamela0021659,598,417,650,173,86
74,801,1504,Zaydiyya0000067,77,28,760,508,79
74,16,620,Zaydiyya0000067,78,559,842,200,40
74,1080,1504,JK001012,188,1019,1356,219,58
74,767,1105,JK001012,189,674,1008,184,61
74,801,1513,ShamAY0033598,288,220,963,491,75
74,28,330,Shia001131Vols,386,878,1225,159,51
74,1105,1249,Tafsir01005,3112,0,141,106,88
74,1276,1508,JK009246,91,808,1030,172,88
74,775,1513,JK009246,92,365,1131,501,73
74,825,1513,JK009141,1120,662,1385,488,78
74,775,1256,Shamela0036446,1350,1032,1455,291,73
74,1249,1513,Shamela0036446,1351,19,261,196,88
74,963,1309,Shamela0001438,4371,1230,1569,233,75
74,1309,1513,Shamela0001438,4372,0,223,163,84
74,963,1513,Shamela0001438,7245,661,1135,338,70
74,963,1513,Shamela0001438,8423,655,1246,420,85
74,791,1504,Sham19Y0014309,1078,780,1446,468,74
74,801,1249,Sham19Y0014592,1142,398,816,286,74
74,16,321,Shia001237Vols,992,212,554,161,48
74,16,326,Shia001237Vols,997,1025,1374,168,54
74,16,321,Shia001122Vols,989,613,952,164,48
74,801,1513,Shamela0010517,2658,656,1397,508,78
74,1276,1508,JK005004,588,986,1210,173,88
74,829,1504,JK005004,589,540,1222,459,75
74,791,1504,Zaydiyya0000259,307,212,879,456,70
74,1071,1216,ShamIbadiyya0000050,3085,1222,1374,103,81
74,775,1513,Shamela0010460,115,291,1079,507,72
74,801,1504,JK009336,921,719,1422,476,75
74,1237,1491,Shamela0008473,106,1311,1519,172,81
74,775,1343,Shamela0008473,107,909,1504,371,70
74,1343,1513,Shamela0008473,108,0,184,141,91
74,1276,1508,Shamela0008381,1083,363,587,171,87
74,1276,1508,Sham19Y0122096,1430,646,876,173,86
74,883,1480,Sham19Y0122096,1431,10,1014,347,38
74,1089,1249,JK001236,41,372,550,125,86
74,801,1513,JK001236,245,110,864,513,78
74,825,1287,Masaha002064Vols,172,958,1517,317,66
74,1287,1513,Masaha002064Vols,173,0,240,180,86
74,775,1076,Shamela0010480,1824,1108,1410,184,69
74,1080,1513,Shamela0010480,1825,5,471,336,86
74,801,1216,Shamela0010480,1826,90,515,274,73
74,801,1508,JK000140,1191,737,1462,505,79
74,775,1513,Shamela0000782,1235,167,939,508,74
74,845,1504,AOCP20251104145Vols,864,816,1410,360,60
74,801,1504,Shamela0026884,386,540,1280,498,77
74,1056,1504,Shamela0009801,146,521,915,235,56
74,1276,1508,JK005005,541,701,898,151,77
74,1276,1508,JK009274,408,1126,1355,173,86
74,795,1513,Shamela0001391,247,375,1149,513,76
74,0,352,Zaydiyya0000229,139,391,732,261,91
74,845,1508,ShamAY0034585,689,585,991,274,49
74,16,321,PV2024060601,989,613,952,164,48
74,801,1513,PV2024060602,6976,482,1213,510,80
74,801,1513,JK000080,528,336,1086,513,79
74,1276,1513,JK000916,20176,1175,1400,168,82
74,801,1513,JK000916,20178,198,924,471,70
74,829,1329,JK005007,451,1016,1520,327,73
74,1332,1504,JK005007,452,0,175,131,82
74,1276,1508,JK009390,1020,643,873,172,86
74,939,1513,JK009390,3896,501,1096,403,77
74,963,1302,JK009390,5291,1111,1452,228,74
74,1309,1513,JK009390,5292,0,221,169,91
74,1237,1452,JK000943,146,1272,1469,153,79
74,412,620,Zaydiyya0000052,125,67,259,145,83
74,1237,1508,JK008001,384,1126,1362,182,79
74,963,1513,JK008001,385,558,1135,399,80
74,939,1513,JK008001,3181,26,602,408,79
74,121,321,Shia001174Vols,3876,19,290,128,52
74,801,1336,Shamela0026866,1,973,1524,352,71
74,1276,1508,JK000474,2714,1038,1268,173,86
74,829,1515,JK009226,186,139,847,526,88
74,1276,1513,ShamAY0034080,89,584,847,170,75
74,775,1029,ShamAY0034080,90,1294,1575,139,54
74,1032,1504,ShamAY0034080,91,0,534,334,72
74,1042,1272,Shamela0000894,4997,0,224,160,82
74,791,1513,Shamela0012884,2744,640,1363,498,76
74,1276,1508,Shamela0012884,4223,1081,1302,173,89
74,963,1513,Sham19Y0127677,2584,648,1193,391,79
74,963,1513,Sham19Y0127677,4927,127,720,418,84
74,1071,1249,Sham19Y0023618,905,1103,1277,129,88
74,16,334,Shia001432Vols,28628,382,717,164,49
74,51,346,Shia001432Vols,29735,636,948,140,44
74,1237,1491,JK000675,344,1195,1412,175,82
74,16,620,Zaydiyya0000015,164,1005,1293,209,42
74,1123,1504,Kraken230106005528,401,0,477,269,63
74,845,1249,Shamela0013041,782,907,1265,235,70
74,0,352,Zaydiyya0000352,149,44,386,262,91
74,16,321,Masaha000001Vols,1000,684,1021,164,48
74,801,1513,JK000467,375,354,1097,477,70
75,18,570,Shamela0008970,160,969,1533,434,94
75,35,589,JK000196,1734,237,798,440,96
75,18,195,Masaha003294,63,1363,1544,144,96
75,195,656,Masaha003294,64,0,466,352,93
75,48,589,Masaha001072,236,66,660,381,75
75,18,381,Masaha001946Vols,1247,1117,1484,291,97
75,135,656,Masaha001946Vols,1248,508,849,236,56
75,35,630,JK007006,679,507,1345,325,43
75,18,419,JK000263,27,1222,1630,323,95
75,419,656,JK000263,28,0,221,164,88
75,35,650,JK000761,433,428,873,330,65
75,35,562,Shia001391,172,463,771,202,44
75,18,650,Shamela0008612,66,57,638,413,76
75,24,576,Shia001278Vols,359,517,812,201,44
75,35,262,Shamela0010906,3282,1291,1508,176,94
75,35,630,Shamela0003118,5835,715,1184,327,64
75,4,630,Shamela0021659,598,642,1165,342,62
75,18,650,Zaydiyya0000067,77,848,1493,493,94
75,789,1313,JK000637,3557,397,883,333,76
75,110,695,JK001012,189,0,565,431,90
75,18,500,ShamAY0033598,288,1052,1542,381,94
75,24,550,Shia001131Vols,386,950,1229,198,46
75,4,630,JK009246,91,1022,1546,345,62
75,18,373,JK009246,92,1220,1578,288,96
75,192,650,JK009246,93,0,288,211,58
75,35,630,Shamela0030623Vols,559,144,603,312,61
75,72,685,JK009141,1121,0,633,459,89
75,18,650,JK007044,1616,530,1212,489,86
75,18,650,Shamela0036446,1351,353,987,483,93
75,35,500,Kraken220413030905,375,1092,1562,360,91
75,18,630,Shamela0012738,48,1173,1584,291,58
75,18,650,Shamela0001438,4372,312,953,492,93
75,805,1313,Shamela0001438,6155,574,1035,325,77
75,18,387,Shamela0001438,7245,1224,1596,299,98
75,209,650,Shamela0001438,7246,6,271,197,57
75,18,247,Shamela0001438,8423,1335,1568,185,97
75,72,650,Shamela0001438,8424,26,410,284,60
75,35,656,Sham19Y0014309,1079,0,640,488,94
75,18,630,Sham19Y0018272,920,630,1467,340,45
75,206,589,Shia001237Vols,993,0,395,287,87
75,24,550,Shia001237Vols,997,1133,1399,188,43
75,35,562,Shia001122Vols,989,688,1007,201,43
75,18,131,Shamela0010517,2658,1486,1603,91,94
75,131,685,Shamela0010517,2659,0,566,401,84
75,35,550,Masaha001075,168,906,1360,319,71
75,18,316,JK005004,588,1243,1533,228,92
75,18,242,JK005004,589,1320,1544,181,99
75,18,650,Zaydiyya0000259,307,992,1439,339,65
75,18,395,Shamela0010460,115,1169,1557,301,95
75,395,650,Shamela0010460,116,0,259,192,94
75,18,695,JK009336,922,0,760,512,84
75,4,630,Shamela0008473,107,5,535,349,63
75,18,656,Shamela0008473,108,273,927,500,95
75,4,630,Shia002261Vols,151,643,1166,342,62
75,4,630,Shamela0008381,1083,579,1105,346,63
75,4,630,Sham19Y0122096,1430,868,1395,349,63
75,102,282,Sham19Y0122096,1432,39,508,141,36
75,18,589,JK001236,245,953,1538,454,95
75,18,650,Masaha002064Vols,173,323,782,342,67
75,4,656,Shamela0010480,1825,471,1124,502,94
75,35,550,Shia000042,167,1068,1521,319,71
75,18,685,JK000140,1192,94,789,506,90
75,18,527,Shamela0000782,1235,1029,1550,405,95
75,35,419,JK007041,1513,1168,1557,309,96
75,110,656,AOCP20251104145Vols,865,0,554,423,94
75,18,164,Shamela0026884,386,1374,1524,118,96
75,164,690,Shamela0026884,387,0,559,386,86
75,35,576,Shamela0009801,146,1028,1583,431,95
75,18,630,JK005005,541,931,1423,342,65
75,154,630,JK009274,409,0,357,236,58
75,18,345,Shamela0001391,247,1238,1568,260,96
75,164,685,Shamela0001391,248,0,350,235,56
75,4,630,Shamela0001391,249,87,571,305,56
75,4,217,ShamAY0034585,689,983,1218,156,78
75,789,1304,Rafed0002654Vols,9017,152,610,324,77
75,35,562,PV2024060601,989,688,1007,201,43
75,18,239,PV2024060602,6976,1302,1528,179,96
75,239,685,PV2024060602,6977,0,468,327,86
75,18,390,JK000080,528,1175,1551,301,98
75,217,685,JK000080,529,0,323,210,55
75,18,262,Shamela0026390,27,1366,1595,178,88
75,200,589,Shamela0009270,321,360,746,304,96
75,146,630,JK000916,20177,0,357,244,59
75,18,536,JK000916,20178,1022,1549,408,94
75,18,650,JK005007,452,269,711,332,65
75,4,630,JK009390,1020,865,1392,342,62
75,18,373,JK009390,3896,1198,1560,288,96
75,373,650,JK009390,3897,0,286,206,90
75,18,650,JK009390,5292,323,973,494,94
75,789,1304,JK009390,5588,411,863,304,71
75,789,1304,JK009390,6273,566,1009,301,70
75,35,550,JK000943,147,85,540,320,71
75,18,291,JK008001,385,1229,1506,218,97
75,114,650,JK008001,386,4,411,271,58
75,18,650,JK008001,3181,702,1344,490,93
75,809,1453,JK008001,6001,703,1284,322,51
75,18,685,Shamela0026866,2,268,962,506,89
75,4,242,JK000474,2714,1260,1511,176,81
75,4,635,Shia001372,56,675,1344,462,81
75,35,558,Shia001372,92,66,522,321,71
75,0,656,JK009226,186,847,1500,508,95
75,789,1304,JK009226,417,343,860,379,86
75,964,1189,Shia003488Vols,105,635,864,140,69
75,35,550,ShamAY0034080,89,878,1320,316,71
75,18,650,ShamAY0034080,91,669,1136,336,64
75,110,685,Shamela0012884,2745,0,607,433,88
75,805,1304,JK000883,1720,451,905,325,79
75,18,282,Sham19Y0127677,2584,1282,1546,211,96
75,114,650,Sham19Y0127677,2585,13,557,413,94
75,833,1453,Sham19Y0127677,3825,0,526,338,67
75,18,656,Sham19Y0127677,4927,809,1459,497,94
75,35,550,Shia001432Vols,27746,317,771,317,70
75,4,635,Shia001432Vols,27774,396,1068,461,81
75,35,562,Shia001432Vols,28628,460,764,199,43
75,4,620,Shia001432Vols,28695,993,1504,337,62
75,48,373,Shia001432Vols,30440,1238,1566,241,85
75,373,589,Shia001432Vols,30441,0,272,140,60
75,146,630,JK000298,2126,0,712,242,36
75,53,630,JK000675,345,0,458,320,64
75,18,550,Shia001340,289,953,1526,370,75
75,18,656,Kraken230106005528,401,576,1298,490,84
75,18,387,JK000467,375,1193,1564,297,96
75,206,685,JK000467,376,0,319,212,54
76,128,766,ShamAY0036795,109,680,1288,399,71
76,32,822,Shamela0008194,73,582,1420,498,68
76,1052,1170,Shamela0006739,1981,737,856,90,91
76,474,655,Zaydiyya0000236,222,266,446,151,99
76,480,655,Zaydiyya0000031,6,65,239,146,99
76,270,727,JK001293BK1,559,1169,1494,222,57
76,158,766,Shamela0001438,6163,0,522,396,78
76,128,401,Shia001237Vols,932,1162,1395,158,67
76,128,766,Shia001237Vols,988,186,858,470,83
76,128,467,Shamela0010460,393,1232,1571,222,76
76,467,939,Shamela0010460,394,0,349,269,69
76,128,570,Shia001382,59,1078,1546,344,87
76,570,784,Shia001382,60,0,203,144,81
76,270,561,Shamela0036357,837,1202,1439,178,71
76,270,766,Shia003636Vols,10489,657,984,228,55
76,1052,1170,JK009153,127,482,596,90,94
76,128,771,JK009268,31,249,863,420,75
76,128,553,Shamela0009870,17,1173,1609,305,81
76,553,766,Shamela0009870,18,0,206,151,82
76,128,766,JK009390,5081,616,1170,403,75
76,128,480,Shia003697,39,1092,1467,265,84
76,480,766,Shia003697,40,0,259,206,85
76,467,655,ShamAY0034059,8164,283,467,148,94
76,139,766,JK008001,551,723,1264,411,78
76,474,766,Shamela0038011,69,1308,1595,228,94
76,128,661,Shia001544Vols,1549,1044,1584,401,87
76,474,658,Masaha003299,24,130,313,153,99
76,128,766,Masaha002473,162,150,813,480,86
76,467,655,Sham19Y0014404,1686,149,333,148,94
76,191,766,JK009226,192,18,592,456,95
76,1052,1174,JK009226,413,525,647,97,100
76,139,680,Shia002984Vols,1231,688,1035,198,42
76,128,738,ShamAY0034080,337,91,695,367,66
76,128,766,Shia001615Vols,2838,50,606,362,63
76,139,766,Shamela0012884,4499,287,713,303,59
76,42,470,Sham19Y0127677,4221,1149,1440,172,48
76,470,766,Sham19Y0127677,4222,0,275,222,91
76,474,649,Shia001432Vols,28625,1327,1500,144,97
76,128,766,Shia001432Vols,28626,258,803,361,64
76,128,741,Sham19Y0122173,734,1040,1545,306,55
76,474,722,Shia001340,291,360,620,164,75
77,771,1097,Shia001421Vols,76,509,817,142,44
77,776,1080,Shamela0011755,300,1062,1407,237,86
77,776,1080,JK005020,807,774,1106,204,74
77,776,1057,JK000378,217,828,1139,194,73
77,1115,1414,Rafed0003228Vols,354,33,368,222,80
77,190,492,JK000483,123,787,1038,157,65
77,640,1080,Masaha001946Vols,187,862,1309,206,49
77,776,1084,AOCP20251104103Vols,182,998,1298,188,65
77,640,1080,Masaha002028Vols,649,356,851,262,59
77,725,1080,Shamela0012320,1112,308,770,261,71
77,776,963,Hindawi070427368,15,1355,1572,132,72
77,963,1080,Hindawi070427368,16,0,117,88,97
77,619,1080,JK000761,444,66,532,241,60
77,190,492,Masaha001028,85,142,456,168,59
77,190,316,Masaha001028,156,1424,1529,73,75
77,776,1084,Kraken220413194022,932,81,419,211,74
77,725,1038,JK000911,509,108,550,229,65
77,776,1080,Shamela0035100,557,75,424,235,84
77,148,501,Shia004012,51,239,499,150,51
77,776,1048,Shamela0010906,150,1117,1434,212,82
77,887,1080,Shamela0000041,2337,45,242,149,97
77,874,1080,Shamela0003118,5631,3,250,146,75
77,776,1080,Shamela0021659,372,313,661,193,65
77,619,1080,Zaydiyya0000067,35,151,618,247,62
77,650,1080,Zaydiyya0000067,93,232,855,255,50
77,218,674,Zaydiyya0000067,200,323,804,290,74
77,776,1080,Masaha003032,157,702,1051,193,65
77,776,1077,JK000637,1857,362,668,180,65
77,732,1080,Tafsir01005,5314,377,811,223,56
77,148,492,Shia000047,94,976,1316,184,58
77,619,1090,Shamela0030623Vols,18,556,1025,241,60
77,776,1080,ShamAY0037387,137,291,641,230,82
77,771,1080,JK000330,100,982,1333,240,85
77,776,1080,JK007044,5628,978,1379,214,64
77,619,1084,JK000832,10,905,1361,229,56
77,619,1080,Zaydiyya0000087BK1,62,828,1260,330,87
77,755,1006,Hindawi049209759,5,1302,1592,175,72
77,640,1084,Rafed0000185Vols,409,856,1265,268,69
77,776,1077,Shamela0036446,794,39,356,187,69
77,776,1080,Shamela0009783BK1,766,493,838,237,86
77,776,1080,Sham19Y0017878,76,255,600,234,85
77,640,1080,Shamela0007435,406,9,446,226,58
77,776,1145,Shamela0007597,339,552,907,223,68
77,776,1038,Kraken22031816264700,67,338,604,172,71
77,190,565,JK009237,5978,886,1255,265,89
77,755,995,Sham19Y0023644,966,1197,1499,169,66
77,44,576,Zaydiyya0000373Vols,147,844,1361,318,69
77,190,492,ShamAY0033926,119,1104,1356,156,64
77,776,1097,Shamela0004473,4957,766,1135,237,79
77,776,1149,JK007021,88,818,1201,242,71
77,637,1077,Shamela0002386,353,164,642,239,59
77,771,1097,Rafed0003726Vols,1027,529,862,174,63
77,776,1080,Sham19Y0009800,453,399,745,235,84
77,802,1080,Shamela0001438,1016,0,314,175,65
77,153,492,JK009236,70,484,793,168,58
77,776,1084,Shamela0022647,25,63,418,225,79
77,153,492,Shia001237Vols,288,63,402,172,53
77,148,421,Shia001237Vols,959,1202,1432,131,56
77,650,1080,ShamAY0037152,443,890,1323,262,63
77,776,1057,JK000381,3260,492,803,194,73
77,776,1080,JK006886,66,606,938,205,72
77,854,1080,Hindawi037420520,391,0,269,174,82
77,190,492,JK005004,926,255,510,157,64
77,717,1080,ShamIbadiyya0000050,5467,29,537,267,65
77,776,1080,Masaha004387Vols,178,801,1147,238,87
77,619,1084,Shamela0026731,177,260,733,235,60
77,937,1077,Hindawi020604026,9,1227,1367,105,95
77,766,1080,Hindawi020604026,185,952,1305,240,86
77,190,492,Shamela0021765,983,146,392,151,62
77,153,669,Shamela0021765,2068,184,648,196,43
77,776,1080,Shamela0006617,269,544,884,209,75
77,640,1080,Shamela0009770,234,928,1335,266,70
77,776,974,Shia002261Vols,68,1356,1575,115,59
77,776,1080,Shamela0023833,256,920,1266,237,86
77,776,1057,JK000077,55,315,625,194,73
77,776,1080,Sham19Y0122096,802,698,1038,195,67
77,937,1080,JK000069,49,771,910,101,90
77,776,1080,Shamela0010480,1340,365,695,207,76
77,637,1077,Shamela0011334,203,163,577,234,60
77,1115,1414,Shia001423Vols,1198,793,1098,203,78
77,776,1038,Zaydiyya0000025,49,1237,1547,200,81
77,725,1033,ShamIbadiyya0000193,3835,1122,1515,215,67
77,907,1080,JK001336,850,0,177,129,92
77,640,1080,Shamela0023578,2866,254,651,213,50
77,776,1090,LMN230208105400,1,388,642,179,71
77,911,1080,Shamela0009918,1675,0,167,126,94
77,136,431,ShamAY0034644,225,1143,1439,180,68
77,623,1207,Sham19Y0016928,218,279,887,257,45
77,830,1080,JK009274,197,0,320,150,55
77,619,1080,Shamela0021809,1537,885,1359,238,58
77,1115,1414,Zaydiyya0000229,289,27,340,212,84
77,1115,1330,Rafed0002654Vols,4505,1263,1509,161,80
77,640,1080,JK009313,933,736,1160,257,66
77,619,1119,JK000916,19357,559,1075,246,56
77,1073,1375,Zaydiyya0000086,39,1187,1529,202,73
77,911,1080,JK009390,423,0,203,119,73
77,887,1080,JK009390,7157,31,226,136,88
77,132,492,JK006801,912,84,369,182,63
77,776,1080,Shamela0012406,519,254,599,232,85
77,650,1080,Tafsir09050,3923,281,801,270,61
77,937,1101,Shamela0012579,2230,0,165,111,86
77,776,1080,JK008001,448,345,686,193,66
77,776,1084,JK008001,463,90,437,193,65
77,776,1014,JK008001,756,1225,1488,158,69
77,640,1080,Tafsir07076,3643,720,1109,264,69
77,776,1080,Tafsir07076,5744,54,404,233,83
77,637,1038,Rafed0003799Vols,1806,307,787,256,62
77,903,1097,ShamAY0034447,2175,0,196,143,92
77,776,1080,Shia002185Vols,2813,133,481,232,83
77,640,1080,Shamela0001524,1846,313,773,261,62
77,776,1080,JK001286,37,504,853,230,83
77,645,1084,Sham19Y0011326,156,313,809,236,54
77,725,1080,Shamela0012935,112,271,749,263,68
77,776,1077,Shamela0026568,99,1165,1522,214,72
77,190,565,JK009226,398,1020,1399,277,93
77,776,1080,Sham19Y0014328,45,306,648,235,86
77,1115,1400,Shia004092Vols,4871,1204,1484,182,76
77,776,1090,JK000056,302,1179,1516,209,73
77,143,501,ShamAY0034080,228,955,1312,243,84
77,148,501,Shia001615Vols,2844,51,311,156,55
77,755,1080,Rafed0002385,163,705,1071,244,84
77,755,1080,Shamela0023628,3142,92,470,238,78
77,776,1080,Shamela0006947,20268,557,900,232,83
77,640,1080,Shamela0036578,21,516,942,269,68
77,619,1101,Sham19Y0127677,4860,447,944,241,58
77,619,1090,Shamela0007640,50,758,1238,238,59
77,771,1080,Shia001432Vols,6168,655,1015,235,81
77,1097,1414,Shia001432Vols,15698,319,654,203,71
77,148,441,Shia001432Vols,25401,177,433,153,65
77,227,441,Shia001432Vols,28693,3,238,120,58
77,776,1069,Shia001432Vols,29289,1267,1597,185,64
77,1097,1414,Shia001432Vols,29627,22,356,203,72
77,619,1080,JK000675,266,483,959,236,59
77,640,1080,Sham19Y0145435,1432,111,605,263,60
77,776,952,AOCP2025021445,319,1367,1642,126,57
77,952,1090,AOCP2025021445,320,0,140,86,70
77,937,1080,Tafsir07057,3759,778,936,103,81
77,1115,1414,Zaydiyya0000352,303,317,632,212,83
77,776,1080,Shamela0023685,93,789,1149,216,73
77,640,1080,Shamela0021766,4593,962,1443,254,56
77,776,1080,ShamAY0034434,67,345,671,210,75
77,1115,1414,Shia001142Vols,509,345,660,198,72
77,824,1077,Hindawi018175075,333,0,292,195,84
78,0,477,Rafed0003228Vols,354,368,859,351,85
78,0,397,Shia001423Vols,1198,1098,1542,282,74
78,0,477,Zaydiyya0000229,289,340,846,368,91
78,0,477,Rafed0002654Vols,4506,88,579,351,85
78,0,477,Zaydiyya0000086,40,40,550,373,92
78,0,477,Shia004092Vols,4872,16,506,347,85
78,0,477,Shia001432Vols,15698,654,1176,338,77
78,0,477,Shia001432Vols,29627,356,878,339,77
78,0,477,Zaydiyya0000352,303,632,1144,373,92
78,0,477,Shia001142Vols,509,660,1170,341,79
79,1238,1679,Zaydiyya0000098,272,504,1057,234,44
80,967,1565,Shamela0012828,93,4,340,205,39
80,540,1565,Shamela0012752,32,224,929,300,30
80,761,1565,Masaha001832,26,374,836,256,37
80,817,1565,Rafed0002654Vols,10119,954,1435,240,34
80,540,1565,JK009226,383,238,1237,765,90
80,817,1565,Shia004092Vols,10305,210,691,240,34
80,831,1565,Shamela0009307,19,708,1167,237,34
81,5,176,Shia003727Vols,198,864,1001,106,75
81,619,1300,Shamela0012845,73,181,806,364,63
81,609,802,Shamela0010479,39,261,446,119,79
81,609,1279,Masaha001072,90,868,1433,380,69
81,718,1008,JK000021,1412,527,822,164,65
81,601,1300,ShamAY0034230,5047,777,1466,363,59
81,718,1041,Shia003707Vols,595,487,783,190,70
81,5,176,Shia003707Vols,656,196,339,104,74
81,5,718,Shamela0012002,358,439,1184,319,44
81,619,1300,Shamela0010758,52,173,801,371,64
81,718,1041,Shia001349Vols,1131,597,949,219,75
81,5,718,Shamela0012031,401,565,1299,337,47
81,609,1190,Shia003704,490,938,1403,318,68
81,837,1041,Shia001278Vols,593,3,195,132,79
81,0,1008,Shamela0012828,93,340,1452,583,59
81,1012,1300,Shamela0012828,94,3,297,209,86
81,428,1300,Shamela0010906,2539,351,1065,451,60
81,0,181,Shamela0026803,133,1312,1458,115,78
81,294,1300,Shamela0026803,134,185,1154,629,73
81,619,1146,Shamela0003118,2281,931,1397,287,66
81,619,1108,Zaydiyya0000067,220,954,1493,318,73
81,1108,1300,Zaydiyya0000067,221,0,207,120,66
81,619,961,Masaha003032,161,1139,1480,242,87
81,966,1300,Masaha003032,162,5,345,206,70
81,619,956,JK003609,2704,119,462,225,75
81,21,181,Rafed0000789,61,582,696,85,67
81,0,1174,ShamAY0033598,133,70,1437,726,60
81,609,1300,Zaydiyya0000031,9,357,875,336,55
81,625,1300,Zaydiyya0000031,14,951,1344,194,30
81,619,1287,Shamela0012752,31,756,1405,437,79
81,5,456,Shamela0012752,32,937,1473,245,50
81,480,1300,Shamela0012752,33,0,776,536,77
81,619,1300,Shamela0012752,35,303,929,368,64
81,113,718,ShamAY0034857,47,0,661,279,45
81,718,1041,Masaha001842Vols,256,1199,1488,184,67
81,609,1300,Shamela0030665,55,668,1306,370,63
81,619,1287,Masaha001832,25,710,1354,432,77
81,5,538,Masaha001832,26,844,1477,293,50
81,593,1300,Masaha001832,27,4,696,481,81
81,21,802,Sham19Y0000259,291,796,1484,269,34
81,5,718,Sham19Y0023644,4257,855,1456,281,41
81,619,1020,Shamela0001438,4494,223,628,299,91
81,619,956,Shamela0001438,8277,657,997,223,75
81,619,1126,Masaha001075,201,1131,1616,306,72
81,5,194,ShamAY0033599,229,1086,1238,112,71
81,515,1279,Shamela0009385,33,258,996,379,53
81,718,1041,Shia001111,180,384,754,215,70
81,619,1041,Shia001111,181,688,1114,286,81
81,619,956,Shia001111,182,432,765,208,69
81,615,1300,Shamela0003722,971,0,605,406,68
81,718,1041,Shia001423Vols,1020,909,1199,184,67
81,718,1041,EShia0086596,207,116,397,190,74
81,721,1300,Kraken22021606122303,5,811,1465,287,49
81,619,1287,Shamela0026884,378,92,733,433,78
81,0,416,Sham19Y0016928,227,17,484,203,44
81,305,1274,Sham19Y0016928,227,384,1449,575,62
81,5,181,Shia003636Vols,2037,1153,1291,108,76
81,619,1304,Shamela0001391,238,160,854,451,78
81,619,1300,ShamAY0032826,229,254,843,394,69
81,619,1304,ShamAY0032826,231,646,1239,397,69
81,619,1020,ShamAY0032826,1080,994,1401,297,91
81,21,181,Shamela0023789,272,539,686,99,71
81,21,181,Shamela0023789,609,870,1021,106,78
81,558,802,Shamela0023789,610,133,319,124,62
81,619,956,Rafed0002654Vols,4427,809,1141,208,70
81,0,176,Rafed0002654Vols,4502,644,785,106,73
81,0,416,Rafed0002654Vols,4503,982,1494,245,52
81,477,1300,Rafed0002654Vols,4504,17,755,514,75
81,619,956,Rafed0002654Vols,4510,681,1028,208,68
81,609,1300,Rafed0002654Vols,4513,257,897,376,64
81,619,966,Rafed0002654Vols,6901,313,575,161,53
81,428,1300,Rafed0002654Vols,6917,194,908,450,60
81,5,176,Rafed0002654Vols,6918,99,234,104,74
81,694,1300,Rafed0002654Vols,8827,0,701,375,65
81,101,1300,Rafed0002654Vols,10120,0,1280,746,66
81,694,1300,Rafed0002654Vols,10126,0,554,309,59
81,21,802,Rafed0002654Vols,10127,435,1136,268,33
81,619,956,Rafed0002654Vols,10128,268,611,226,76
81,619,956,Shamela0028453,59,627,963,211,71
81,619,1300,JK000916,6603,568,1190,368,65
81,609,1279,JK000916,6605,149,755,356,60
81,619,1020,JK009390,2976,596,1000,295,90
81,619,956,JK009390,7740,1005,1408,222,65
81,619,956,JK009390,7798,633,990,221,72
81,5,718,Shamela0012406,1987,690,1419,323,45
81,619,939,JK008001,418,1065,1392,241,91
81,619,956,JK008001,734,607,955,225,74
81,619,1300,Shamela0010736BK1,23,38,665,369,63
81,619,1208,Shamela0026568,872,833,1413,380,79
81,609,1279,ShamAY0032781,88,618,1228,355,58
81,0,1309,Masaha002473,251,82,1447,821,67
81,721,1008,ShamAY0034809,236,0,292,162,64
81,0,284,JK009226,383,1237,1501,208,91
81,284,1329,JK009226,384,0,1030,766,91
81,0,176,Shia004092Vols,4868,589,730,105,73
81,0,520,Shia004092Vols,4869,918,1494,282,51
81,515,1300,Shia004092Vols,4870,4,703,488,74
81,619,956,Shia004092Vols,4876,600,948,209,68
81,609,1300,Shia004092Vols,4879,120,760,376,64
81,619,966,Shia004092Vols,7214,302,564,161,53
81,428,1300,Shia004092Vols,7230,293,1007,450,60
81,5,176,Shia004092Vols,7231,184,319,104,74
81,619,1300,Shia004092Vols,9090,432,1207,428,68
81,0,707,Shia004092Vols,10305,691,1439,389,55
81,707,1300,Shia004092Vols,10306,0,609,420,84
81,609,1300,Shia004092Vols,10308,307,945,371,63
81,21,767,Shia004092Vols,10309,848,1518,249,32
81,619,956,Shia004092Vols,10310,692,1033,226,76
81,619,1020,Sham19Y0127677,2656,1039,1447,300,92
81,619,956,Sham19Y0127677,5900,124,463,222,75
81,718,1041,Shia001432Vols,15357,535,825,180,66
81,5,181,Shia001432Vols,15717,612,760,108,75
81,1086,1271,Shia001432Vols,26800,422,643,137,76
81,718,1208,Shia001432Vols,28985,592,1366,259,36
81,826,1300,Shia001432Vols,29341,0,410,246,63
81,515,1374,Shia001432Vols,29365,203,913,443,59
81,802,1304,Shia001432Vols,29368,0,404,272,64
81,908,1300,Shia001432Vols,29369,0,352,210,62
81,619,885,Shia001432Vols,29383,1221,1481,186,85
81,885,1287,Shia001432Vols,29384,0,408,271,77
81,619,1300,Shia001432Vols,29450,62,751,400,67
81,609,1304,Shia001432Vols,29611,501,1093,389,68
81,721,1041,Shia001432Vols,29633,309,597,180,67
81,5,181,Shia001432Vols,29635,620,753,106,74
81,1086,1271,Shia003706,201,70,292,134,74
81,619,802,JK001297,565,1292,1481,131,87
81,802,1020,JK001297,566,0,217,161,92
81,619,1300,Shamela0030037,2,0,598,401,68
81,21,176,Sham19Y0000760,306,1137,1256,95,76
81,619,1304,Shamela0023685,989,186,878,457,79
81,837,1300,AOCP20251104095,9,0,416,209,53
81,0,200,Shamela0009307,19,1167,1341,125,76
81,232,1300,Shamela0009307,20,33,1050,698,79
81,615,1131,Kraken220413030759,512,634,1449,341,52
81,625,990,Hindawi095964739,7,237,507,171,59
81,609,1149,Shia001625,206,1047,1472,286,66
81,1149,1300,Shia001625,207,0,161,106,77
82,519,862,ShamAY0034230,5047,1052,1250,68,20
82,455,695,Zaydiyya0000031,9,1253,1492,194,99
82,695,1017,Zaydiyya0000031,10,0,310,248,95
82,12,837,Zaydiyya0000288,150,654,1472,631,94
82,837,1017,Zaydiyya0000288,151,0,180,146,100
82,649,862,Rafed0002654Vols,4513,280,682,72,17
82,1205,1319,Kraken220413203004,140,569,683,91,100
82,193,1017,JK009226,723,0,831,628,92
82,649,862,Shia004092Vols,4879,143,545,72,17
82,649,862,Shia004092Vols,10308,330,730,72,18
82,15,1017,Zaydiyya0000015,165,530,1499,738,91
83,423,879,Zaydiyya0000129,11,666,1012,243,65
83,423,879,Zaydiyya0000004,94,507,858,243,64
83,4,159,Shia001542Vols,58,1385,1539,125,98
83,4,276,EShia0071807,14,560,840,193,81
83,4,457,Zaydiyya0000121,10,507,946,253,59
83,86,268,JK000022,961,1306,1440,96,67
83,4,276,Shia001136,6,345,631,198,84
83,4,276,Zaydiyya0000259,246,954,1233,208,91
83,343,800,Zaydiyya0000229,193,916,1389,266,57
83,361,678,JK000916,4780,490,1100,203,40
83,10,276,ShamAY0034059,3250,324,611,174,70
83,4,263,Zaydiyya0000052,139,1253,1505,191,89
83,0,268,Shamela0030055,3,59,270,155,67
83,433,924,Shia000812Vols,61,182,579,255,60
83,0,452,Shia001340,260,281,835,244,47
83,361,674,Zaydiyya0000352,204,1083,1380,228,89
83,4,276,Shamela0006744,643,246,506,189,80
83,4,276,Shia001217Vols,1861,289,540,168,74
84,1113,1399,Kraken21040802,17,454,744,193,82
84,13,179,JK000021,620,805,988,97,63
84,1080,1404,Shamela0010632,102,159,467,214,80
84,1053,1399,JK001332,571,620,973,235,81
84,1053,1421,Shamela0021709,42,244,547,197,64
84,0,179,Shamela0003118,1903,136,319,122,84
84,1070,1421,JK000116,49,0,254,174,62
84,1053,1421,Sham19Y0016618,218,778,1117,188,55
84,1062,1273,JK000637,3477,1106,1407,144,58
84,1053,1399,Tafsir01005,110,688,1043,239,83
84,1053,1399,JK009141,1070,364,697,222,78
84,1053,1421,Shamela0012001,6,489,780,188,62
84,1104,1399,Shamela0036446,1369,442,714,196,84
84,1053,1404,Sham19Y0145212,1666,407,732,211,71
84,1075,1399,JK000485,321,0,306,219,84
84,1066,1350,JK009237,6046,1183,1447,181,78
84,0,128,Sham19Y0131521,2096,137,265,100,100
84,1053,1412,JK000022,3109,41,399,243,83
84,1080,1399,JK006478,6140,162,448,182,71
84,1066,1399,Shamela0001466,1840,962,1205,135,48
84,1053,1421,Shamela0004473,4765,406,687,178,60
84,1070,1399,Shamela0004473,9125,1145,1395,171,64
84,1053,1399,JK000735,186,550,890,228,80
84,1053,1399,JK000735,257,993,1326,228,81
84,1053,1421,Shamela0002386,37,695,999,197,64
84,0,128,JK000130,1163,44,172,100,100
84,1202,1421,Shamela0001438,2788,6,239,154,85
84,1080,1306,Shamela0095735,556,1195,1417,149,81
84,1053,1399,Sham19Y0014592,1133,60,389,226,77
84,1053,1421,JK006870,3,498,783,185,62
84,1053,1399,JK000585,1052,261,605,228,79
84,1053,1412,Shamela0004445,429,14,345,212,71
84,1053,1404,ShamIbadiyya0000050,5043,938,1245,202,72
84,1053,1421,Shamela0021765,2191,293,636,235,81
84,1080,1303,ShamAY0035260,18,1204,1424,150,82
84,1053,1412,Tafsir03097,19,477,830,230,75
84,1089,1404,Shamela0022712,132,0,322,219,83
84,1080,1399,JK000340,16,234,506,185,71
84,1053,1399,JK001236,30,216,538,207,71
84,0,128,Shamela0010480,812,691,823,100,96
84,1053,1421,Shamela0011334,15,1138,1424,185,62
84,0,128,Shamela0026884,102,479,609,100,98
84,825,1017,Zaydiyya0000229,191,995,1189,141,91
84,0,128,Zaydiyya0000229,195,426,555,100,99
84,141,369,Zaydiyya0000229,198,1173,1401,172,93
84,0,128,ShamAY0033910,1153,954,1082,100,100
84,0,128,PV2024060602,8244,216,344,100,100
84,1053,1421,JK000080,559,806,1163,205,62
84,1080,1399,JK009268,3116,485,746,163,66
84,1182,1399,Shamela0009270,108,0,233,160,88
84,0,179,JK000916,5382,125,353,117,66
84,1084,1399,JK009390,1665,487,814,203,75
84,1104,1399,JK008001,258,409,703,199,82
84,1053,1399,Sham19Y0001729,2129,797,1116,214,75
84,1053,1404,JK007045,360,280,635,185,56
84,34,128,JK000475,1681,0,98,73,95
84,1053,1260,JK000475,2326,1297,1492,124,72
84,1053,1399,JK000475,2398,465,799,228,80
84,1053,1421,Sham19Y0011326,63,603,900,184,59
84,1053,1421,Sham19Y0011326,91,429,726,183,59
84,1053,1303,Shamela0021570,374,1233,1453,158,80
84,1053,1421,Sham19Y0013252,10795,556,912,229,75
84,1053,1399,JK009226,32,324,661,251,93
84,1053,1399,Shamela0000894,5851,592,826,147,51
84,1053,1399,Shamela0012884,2072,347,703,225,76
84,840,1407,Sham19Y0017903,942,673,1193,292,61
84,1104,1399,Sham19Y0127677,1629,820,1111,198,81
84,1045,1421,Sham19Y0023618,1412,1025,1366,214,71
84,1104,1383,JK001297,310,840,1061,156,70
84,1053,1399,JK000707,545,304,618,213,76
84,0,128,JK000675,353,981,1369,70,20
84,1053,1399,JK000675,381,57,419,237,81
84,1104,1399,JK001044,28,1106,1394,195,80
84,1053,1399,AOCP2025021445,241,813,1072,172,63
84,1053,1399,Shamela0021473,17,832,1180,235,82
84,825,1013,Zaydiyya0000352,202,1081,1268,141,94
84,0,128,Zaydiyya0000352,206,648,776,100,100
84,141,369,Zaydiyya0000352,210,124,352,172,93
84,1080,1399,JK000071,298,938,1222,192,72
84,1053,1252,JK000467,614,1208,1418,130,74
84,1053,1412,Shia003721Vols,338,817,1148,212,71
85,1026,1160,JK007006,1001,20,210,103,67
85,960,1385,Shamela0003118,3916,317,772,149,27
85,1026,1160,Shamela0021659,812,448,588,104,92
85,1026,1160,Sham19Y0018272,1290,405,593,107,70
85,960,1173,Shamela0009642,19,185,394,158,91
85,764,1160,JK009250,15,423,849,180,46
85,983,1129,Shamela0026884,222,1403,1543,114,95
85,1026,1160,JK009274,561,906,1070,104,78
85,1187,1380,JK000706,73,1063,1328,124,58
85,960,1160,JK000916,13035,153,359,149,88
85,1026,1160,JK009390,1429,526,667,104,91
85,1026,1160,JK008001,271,262,794,62,13
85,1173,1313,JK000475,2242,554,1076,53,12
85,473,740,JK009226,386,179,453,207,93
85,728,1160,JK009226,393,655,1277,204,33
85,1187,1476,JK009226,394,134,662,212,50
85,1026,1160,Sham19Y0127677,1484,1172,1306,107,99
85,1026,1160,JK000298,2994,193,327,107,99
86,253,494,Zaydiyya0000049,528,349,586,184,97
86,225,408,Zaydiyya0000004,624,1166,1472,145,59
86,1033,1422,Zaydiyya0000059,1341,965,1306,268,84
86,1041,1422,Zaydiyya0000067,211,7,374,285,92
86,640,858,Shamela0030623Vols,6,338,540,160,92
86,640,858,Shamela0030623Vols,300,532,745,168,97
86,640,828,JK000485,191,1260,1420,124,83
86,640,858,JK000130,1167,843,1033,124,69
86,645,1094,Shamela0001438,6367,472,919,156,28
86,1033,1446,Zaydiyya0000257,111,979,1391,302,86
86,253,702,Zaydiyya0000353,3,474,975,214,42
86,640,858,JK008250Vols,580,844,1328,161,41
86,640,858,ShamAY0033910,1158,174,364,124,69
86,640,858,PV2024060602,8248,1000,1190,124,69
86,640,858,JK009153,126,1016,1229,168,97
86,253,488,Zaydiyya0000024,68,220,445,175,94
86,640,858,Shamela0012750,23,1072,1281,160,93
86,640,858,JK000475,1692,1027,1217,124,69
86,640,858,JK009226,395,996,1214,172,100
86,1033,1422,JK009226,406,752,1116,288,91
86,640,858,JK009226,1022,287,505,171,99
86,253,565,Shia000812Vols,707,7,318,228,92
87,685,885,JK009391,31,408,591,136,87
87,685,885,JK009391,162,1144,1339,136,87
87,956,1472,Shamela0010632,101,0,369,239,57
87,460,680,Shamela0021659,687,1065,1258,155,86
87,0,758,Zaydiyya0000067,209,170,986,526,76
87,412,798,JK000637,3490,686,1176,259,64
87,685,885,Shamela0030623Vols,578,1046,1242,137,88
87,460,680,Shamela0001438,2379,629,821,155,87
87,1041,1296,Shamela0001438,4027,0,330,162,61
87,412,680,JK000476,145,365,647,206,88
87,626,1203,JK000585,1052,556,1100,173,26
87,709,894,Shamela0010798,2868,158,339,133,89
87,626,1103,Sham19Y0038171,863,1049,1484,143,26
87,460,680,Shia002261Vols,225,876,1068,155,87
87,821,1472,ShamAY0035035,3359,0,544,208,36
87,685,885,ShamAY0032837,13,226,423,137,87
87,460,680,JK009274,539,919,1136,155,78
87,685,1051,ShamAY0034569,1105,558,756,146,50
87,685,885,Shamela0012750,117,1062,1256,135,87
87,685,1180,Shamela0012750,118,82,281,104,26
87,440,680,JK009390,1377,978,1199,161,80
87,901,1472,JK009390,2419,346,751,269,58
87,436,680,JK008001,268,1152,1392,163,76
87,436,680,JK008001,273,950,1187,163,76
87,908,1472,JK008001,480,868,1269,270,59
87,14,746,Shamela0000327,3,92,748,336,52
87,412,680,JK000474,2366,1090,1361,205,91
87,685,885,JK009226,10,1212,1412,148,94
87,0,204,JK009226,407,1287,1491,160,97
87,204,680,JK009226,408,0,776,364,58
87,353,751,Tafsir04056,4712,973,1385,259,73
87,460,680,Sham19Y0127677,1458,806,998,155,87
87,908,1472,Sham19Y0127677,2215,312,706,267,58
87,709,885,Shamela0026500,4,564,733,129,94
88,990,1258,Zaydiyya0000054,79,927,1187,209,96
88,1300,1469,JK000691,17,428,601,129,92
88,200,333,JK000691,51,1294,1422,99,94
88,200,338,Shamela0003118,2016,12,145,100,92
88,805,1014,Zaydiyya0000067,207,9,201,143,87
88,967,1341,Zaydiyya0000067,209,935,1314,232,76
88,990,1357,JK000637,3487,432,868,226,61
88,967,1357,Shamela0010488,299,249,847,243,50
88,990,1258,Shia001237Vols,1224,994,1259,170,66
88,959,1258,Shamela0023578,1935,473,788,206,75
88,1114,1469,JK001416,21,363,755,179,43
88,990,1352,Meshkat00042488,1005,1126,1364,133,45
88,1300,1469,Zaydiyya0000024,108,874,1039,125,89
88,959,1258,Zaydiyya0000024,112,1149,1461,220,84
88,990,1357,Zaydiyya0000024,113,10,444,248,67
88,990,1258,Tafsir02011,990,342,572,147,65
88,990,1258,JK000685,157,75,294,155,71
88,981,1258,JK009390,6033,76,310,156,64
88,192,333,JK000943,93,371,523,102,83
88,984,1125,ShamAY0034059,3501,533,678,89,77
88,200,333,JK008001,496,1047,1175,99,94
88,990,1258,JK008001,6368,803,1009,157,72
88,972,1258,Zaydiyya0000361,191,940,1217,221,95
88,192,346,Shia002069Vols,65,499,646,106,87
88,805,954,JK009226,17,954,1104,109,87
88,8,338,JK009226,410,424,861,146,30
88,200,338,JK009226,412,1295,1432,109,99
88,351,529,JK009226,422,211,389,142,95
88,805,954,JK009226,573,529,682,111,89
88,975,1258,Sham19Y0122173,522,459,733,191,80
88,967,1258,JK000786,3109,313,574,192,78
89,0,160,JK000691,17,605,792,117,79
89,512,607,EShia0071807,1079,1315,1408,70,97
89,0,160,Shamela0021659,1251,677,890,82,45
89,454,929,Zaydiyya0000067,207,328,706,203,46
89,481,603,Zaydiyya0000100,609,790,897,70,76
89,0,149,JK000008,32,405,543,69,57
89,0,160,Shamela0001438,3848,580,792,82,45
89,0,149,Tafsir02102,2987,69,202,68,56
89,481,914,Zaydiyya0000375,17,723,1082,113,23
89,512,607,Shia001237Vols,1110,165,258,70,97
89,481,607,Zaydiyya0000259,242,1198,1326,84,86
89,811,1102,Zaydiyya0000259,244,698,907,142,64
89,481,786,Zaydiyya0000259,245,115,376,185,68
89,481,600,Zaydiyya0000355,123,227,332,69,76
89,0,160,JK001416,21,755,936,122,86
89,0,160,JK009274,922,683,921,82,41
89,1256,1431,Zaydiyya0000024,76,880,1112,127,67
89,454,863,Zaydiyya0000024,82,586,1128,268,56
89,0,160,Zaydiyya0000024,108,1043,1206,119,93
89,0,170,JK008001,6268,240,461,82,43
89,512,607,Shia001432Vols,26747,384,477,70,97
89,481,603,Zaydiyya0000098,608,778,885,70,76
89,454,603,Zaydiyya0000015,1164,776,923,108,95
89,481,603,Zaydiyya0000233,10,1264,1371,70,76
90,0,385,Zaydiyya0000024,76,1112,1400,125,33
90,288,837,Zaydiyya0000024,80,674,1369,309,50
91,928,1506,Shamela0008970,74,61,605,307,53
91,4,446,Shamela0001875,844,521,984,289,72
91,1251,1491,Shia001286,320,970,1221,150,68
91,410,722,Zaydiyya0000049,527,1074,1374,219,86
91,1208,1506,Rafed0003314Vols,481,1194,1472,165,67
91,398,722,Zaydiyya0000004,665,698,1032,250,93
91,4,381,Shamela0012745,11,547,928,285,86
91,18,381,Shamela0010463,460,315,663,253,79
91,1251,1506,Masaha001028,19,835,1116,177,74
91,18,215,JK006890,51,1430,1621,149,85
91,1352,1506,Shia001542Vols,392,68,250,123,83
91,1245,1506,Zaydiyya0000236,32,1008,1276,196,90
91,1251,1491,Zaydiyya0000236,37,70,329,185,89
91,1251,1452,Zaydiyya0000236,377,1276,1486,151,90
91,946,1414,Shia001391,199,1100,1549,221,51
91,1218,1452,Shia001357,72,749,990,161,84
91,1251,1506,EShia0071807,1348,3,267,199,92
91,18,309,Shamela0012293,5798,629,903,207,82
91,18,381,Shamela0012293,5933,179,529,264,84
91,18,286,Shamela0012293,6082,1351,1597,189,82
91,4,381,JK000629,519,179,554,277,85
91,18,319,Shamela0021659,372,1250,1546,216,82
91,1251,1506,Zaydiyya0000067,218,352,614,199,93
91,18,381,Masaha003032,157,305,666,266,85
91,4,386,JK000637,1029,901,1270,278,86
91,1230,1506,JK001012,409,402,669,191,83
91,18,414,ShamAY0033598,294,559,922,271,83
91,1251,1506,Shia000047,21,1298,1579,177,74
91,1251,1506,Shamela0008634,718,1155,1418,200,93
91,59,451,Sham19Y0016934,1911,0,300,201,62
91,18,303,JK011153,1444,763,1045,213,86
91,900,1422,JK001293BK1,102,177,590,223,51
91,4,381,Shamela0000736,2253,295,670,277,85
91,4,454,Sham19Y0009800,1213,446,884,267,68
91,4,386,JK000386,749,559,927,274,84
91,547,681,Shamela0001438,158,59,171,91,83
91,18,381,Shamela0001438,1023,585,946,266,85
91,980,1506,Shamela0001438,1551,254,744,280,54
91,18,381,Shamela0095735,188,1194,1530,255,82
91,18,381,JK000476,187,396,735,268,89
91,547,730,Zaydiyya0000375,12,280,488,147,87
91,547,722,Zaydiyya0000375,18,1002,1209,106,61
91,1245,1430,Zaydiyya0000375,21,94,279,145,98
91,900,1506,Shia001136,154,772,1354,312,57
91,4,446,Shamela0026842,51,916,1343,290,74
91,1251,1491,Shia001237Vols,1461,566,818,154,75
91,1218,1491,Shia001122Vols,990,714,975,171,75
91,4,381,JK000614,19,725,1091,275,85
91,98,381,Sham19Y0149697,1175,0,285,216,87
91,18,381,JK000216,115,396,756,265,85
91,547,722,Masaha001075,11,1389,1561,127,88
91,18,381,JK000381,30,725,1066,255,81
91,4,381,Shamela0004445,2322,1023,1401,279,85
91,18,381,Shamela0022882,341,991,1324,264,87
91,18,234,ShamAY0033728,7,1283,1474,158,87
91,18,446,Sham19Y0038171,671,161,634,290,70
91,18,381,Shia002261Vols,68,718,1080,267,85
91,1251,1506,Shia001111,279,342,603,194,91
91,1251,1491,Shia000207,499,771,997,160,79
91,900,1506,JK001236,281,216,814,319,53
91,18,386,Shamela0010480,1707,630,977,269,87
91,11,386,Shamela0010480,1708,213,589,273,84
91,1230,1449,Shia001356,30,131,351,159,87
91,1251,1452,Shia000042,43,1236,1455,126,69
91,1251,1491,Shia000042,211,57,314,185,88
91,1251,1506,Shia000042,356,392,677,176,72
91,18,303,JK005202,964,398,674,209,85
91,18,303,JK000154,1539,726,1006,212,86
91,900,1422,Shamela0036357,233,3,423,221,50
91,18,446,ShamAY0035035,2715,107,587,286,68
91,175,381,Shamela0007606,153,0,213,158,90
91,1245,1391,Shia001362Vols,179,1045,1196,112,92
91,1251,1506,Shia001362Vols,199,897,1174,175,74
91,1305,1506,Shia001362Vols,719,0,269,151,69
91,18,381,JK007041,2461,628,912,205,66
91,7,389,JK000001,495,432,811,265,80
91,547,730,Zaydiyya0000072,58,5,188,147,100
91,18,421,Zaydiyya0000072,83,544,927,276,81
91,18,381,JK009274,198,127,488,266,85
91,4,381,Shamela0009107BK1,353,138,503,295,95
91,547,722,Shia000210,64,970,1142,127,88
91,1251,1491,Shia000210,65,743,967,157,78
91,11,381,JK009313,3608,222,588,266,83
91,547,722,JK009313,3658,932,1140,105,62
91,1218,1491,PV2024060601,990,714,975,171,75
91,1251,1506,PV2024060601,6873,184,459,176,75
91,11,381,JK000667,41,230,602,273,85
91,47,389,ShamIbadiyya0000482,356,216,586,254,81
91,537,970,Zaydiyya0000024,62,0,343,201,57
91,936,1506,Shamela0009270,55,111,638,275,55
91,18,303,JK000787BK2,869,775,1055,212,86
91,4,403,Shamela0012750,487,749,1140,284,83
91,547,681,JK009390,65,833,945,91,83
91,18,431,JK009390,424,318,727,271,77
91,18,431,JK009390,452,816,1234,271,76
91,1251,1506,JK009390,828,99,366,202,93
91,4,381,JK008001,448,773,1198,270,73
91,547,681,JK008001,470,1361,1473,91,83
91,547,681,JK008001,471,137,249,91,83
91,980,1506,JK008001,471,826,1333,281,53
91,1218,1491,Shia001174Vols,3880,753,1012,170,74
91,18,381,JK007142,265,1245,1532,205,65
91,18,381,ShamAY0033589,14,1137,1499,276,89
91,1251,1506,Zaydiyya0000302,747,26,301,176,75
91,11,386,ShamAY0034447,1331,684,1064,275,84
91,163,441,Shamela0026568,1205,0,243,175,76
91,4,381,JK000474,2597,352,733,275,83
91,18,451,JK000105,438,313,781,291,72
91,1245,1506,Shia001372,131,779,1045,194,88
91,4,381,JK009226,597,170,548,306,98
91,18,386,Sham19Y0014328,594,514,876,243,74
91,11,446,Sham19Y0017101,90,269,693,288,77
91,18,381,JK006897,315,191,531,268,88
91,18,381,Shamela0012884,560,604,966,278,90
91,18,303,Sham19Y0132416,80,1308,1572,206,87
91,547,681,Sham19Y0127677,70,1212,1324,91,83
91,980,1506,Sham19Y0127677,669,484,986,280,53
91,18,381,Sham19Y0127677,1055,452,813,266,85
91,4,381,Sham19Y0018567,949,653,1024,274,84
91,1245,1506,Shia001432Vols,26768,61,335,168,71
91,540,722,Shia001432Vols,27065,625,804,130,87
91,1218,1491,Shia001432Vols,27079,223,460,165,75
91,1251,1491,Shia001432Vols,27862,1042,1300,183,87
91,1245,1506,Shia001432Vols,28292,551,818,197,90
91,11,410,Shia001432Vols,29289,857,1267,275,76
91,1251,1506,Shia001432Vols,29579,1013,1293,177,74
91,900,1506,Shia001432Vols,29612,152,731,310,58
91,1251,1491,Shia001432Vols,29614,621,872,150,68
91,1031,1506,Shia001432Vols,29744,0,451,258,61
91,1251,1506,Shia001432Vols,29748,672,946,197,90
91,1245,1391,Shia001432Vols,30533,1151,1303,112,92
91,1251,1506,Shia001432Vols,30538,1186,1452,182,85
91,1251,1506,Shia001432Vols,30622,787,1063,177,75
91,1251,1506,Shia001432Vols,30857,363,670,187,73
91,1251,1452,Shia001432Vols,31598,1028,1239,153,91
91,18,312,JK001297,130,281,588,206,76
91,4,381,JK000675,230,577,950,277,85
91,1251,1502,Shia001340,293,1169,1417,192,96
91,18,303,JK000148,1123,1091,1372,213,87
91,4,458,JK000159,1934,268,737,311,77
91,1251,1482,Shia001375,183,69,300,147,72
91,1251,1491,Rafed0002565Vols,358,935,1187,153,75
91,18,441,Shamela0023685,1308,1114,1493,275,75
91,1257,1491,Shia003759,55,0,245,149,75
91,1218,1491,Masaha000001Vols,1001,747,1009,170,74
91,1251,1506,JK000467,633,9,274,202,94
91,1218,1452,Shia001386,85,1208,1449,160,83
91,18,369,JK005200,515,733,1040,226,75
91,414,717,Shamela0021494,186,475,771,140,51
91,547,970,Shamela0001453,266,412,772,162,41
91,1251,1506,Shia001625,211,625,901,177,75
92,639,900,Zaydiyya0000004,665,1106,1391,189,85
92,311,634,Zaydiyya0000004,668,836,1228,213,63
92,0,231,Shia001542Vols,392,250,575,127,50
92,1113,1486,Zaydiyya0000067,181,914,1301,274,82
92,643,888,Zaydiyya0000067,208,1060,1329,184,87
92,468,705,Zaydiyya0000067,208,4,317,154,62
92,639,888,Zaydiyya0000259,247,1105,1335,179,91
92,328,888,Zaydiyya0000052,34,306,906,382,76
92,1143,1486,JK009226,520,341,694,262,87
92,0,231,Shia001432Vols,29612,731,1051,126,50
93,43,544,Zaydiyya0000067,181,388,908,333,73
93,43,549,JK000637,2515,551,1020,312,72
93,589,688,Shia001370,23,1115,1218,77,95
93,582,688,Shia001370,101,1153,1258,79,93
93,589,688,Shamela0012318,194,102,208,77,92
93,589,688,Rafed0003537Vols,513,542,644,74,93
93,43,544,Shamela0009642,204,432,969,328,70
93,589,688,JK000025,111,1176,1276,77,98
93,589,688,Masaha001922,23,1097,1199,77,96
93,582,688,Masaha001922,100,798,903,79,93
93,43,544,JK005004,941,133,666,330,71
93,43,555,Shamela0021809,2223,878,1405,327,69
93,177,544,ShamAY0034438,85,735,1070,241,80
93,43,544,JK000020,133,11,568,285,56
93,257,688,Shamela0003298,226,281,741,208,42
93,43,544,JK005007,729,886,1432,327,69
93,589,688,JK009390,3942,842,942,76,97
93,43,544,JK000474,3509,688,1203,326,71
93,55,544,JK009226,521,0,511,331,74
93,43,544,JK009214,50,509,997,296,66
93,589,688,Sham19Y0127677,1314,902,1001,76,97
93,589,688,JK001297,603,1001,1101,77,98
93,188,544,JK000481,648,0,363,279,94
94,463,587,Sham19Y0016584,3168,847,965,93,95
94,1104,1513,Sham19Y0020591,517,620,971,216,63
94,463,768,Shamela0001875,310,72,461,219,66
94,463,768,Shamela0001875,503,540,933,219,67
94,463,854,JK009362,3449,263,633,184,49
94,463,768,JK000754,300,187,626,218,57
94,191,367,JK000021,717,965,1289,132,51
94,243,450,JK000021,718,104,234,93,57
94,1104,1302,JK000021,799,1206,1411,143,82
94,463,642,Masaha001946Vols,999,1197,1427,133,70
94,854,1091,JK007006,673,276,696,166,48
94,810,1161,Shamela0037458,2393,477,860,244,78
94,222,467,JK011593,118,1111,1418,169,67
94,487,768,Sham19Y0018103,2805,0,364,201,65
94,443,854,ShamAY0033729,18,446,932,253,59
94,455,642,JK000221,209,25,209,139,89
94,463,768,Sham19Y0013605,3401,828,1226,220,67
94,463,768,Shamela0027095,17,668,951,213,85
94,158,542,ShamAY0033541,17,423,836,232,70
94,463,768,Shamela0096283,367,327,738,220,65
94,158,373,Shamela0003118,5913,721,1137,133,40
94,455,642,JK006803,311,417,573,118,79
94,859,1053,Shamela0021659,596,912,1119,149,89
94,467,859,ShamIbadiyya0000459,7,536,970,234,56
94,158,542,JK000637,670,521,959,248,66
94,463,863,Tafsir01005,2540,332,687,169,45
94,166,450,JK009246,95,1095,1369,207,90
94,1104,1513,JK000142,322,592,943,214,62
94,463,620,Sham19Y0013785,192,1361,1513,115,86
94,463,854,Shamela0036446,903,319,782,243,60
94,463,768,JK000485,1328,714,995,208,83
94,1104,1513,JK001079,13,353,691,196,56
94,1104,1457,Sham19Y0131521,1894,1144,1448,191,65
94,463,659,JK007111,228,516,686,114,68
94,810,1085,Kraken220413202218,108,153,417,197,85
94,1104,1366,JK000735,160,1165,1419,167,72
94,455,768,Shamela0000427BK2,983,1099,1397,221,84
94,859,1034,Shamela0001438,929,1363,1539,139,97
94,219,450,Shamela0001438,4065,435,665,177,94
94,463,768,Sham19Y0014309,287,272,702,227,63
94,463,768,Tafsir02102,16,744,1158,218,63
94,463,859,Sham19Y0020638,327,966,1419,246,62
94,463,642,JK007107,152,28,384,91,27
94,463,697,ShamAY0034005,858,1103,1374,166,73
94,463,768,JK000110,1192,376,774,220,67
94,1137,1483,Shamela0010460,42,0,306,188,63
94,463,632,JK009336,2317,1311,1489,124,81
94,1104,1513,JK009336,2325,1003,1395,223,61
94,455,768,Sham19Y0038171,399,856,1113,185,72
94,859,1104,Sham19Y0038171,450,782,1039,179,85
94,1096,1513,Sham19Y0038171,718,31,210,125,37
94,158,450,Shamela0008473,111,239,523,209,89
94,859,1053,Shia002261Vols,149,603,810,150,90
94,443,859,Shamela0008381,971,87,565,201,42
94,835,1053,Sham19Y0122096,1417,1067,1290,154,83
94,455,768,JK000471,386,749,1041,216,83
94,458,642,JK000471,572,31,212,137,89
94,1104,1513,JK001236,36,1069,1443,213,59
94,1104,1513,Shamela0003722,5456,254,596,210,60
94,455,768,Shamela0010480,1727,1040,1439,229,68
94,463,642,JK005202,746,890,1066,133,88
94,455,768,ShamAY0035035,1250,292,552,181,70
94,1096,1513,JK000001,561,1108,1281,117,34
94,825,1161,Sham19Y0150960,183,960,1344,207,61
94,1104,1513,Shamela0008540,1649,526,850,174,49
94,917,1053,JK009274,405,0,149,105,88
94,158,542,Shamela0001404,118,127,557,239,69
94,1104,1513,Shamela0001404,257,323,755,199,48
94,191,542,Shamela0021809,327,9,456,222,60
94,455,600,JK007039,102,1306,1453,109,89
94,463,768,PV2024060602,1192,376,774,220,67
94,1104,1513,PV2024060602,4919,464,815,214,62
94,166,455,JK000080,215,659,967,210,84
94,455,642,JK000791,854,574,758,139,89
94,171,487,JK000916,20499,404,896,162,38
94,839,1053,JK009390,1016,58,293,153,81
94,219,450,JK009390,2450,785,1063,173,79
94,222,467,Shamela0012872,120,489,796,169,67
94,859,1091,JK008001,330,948,1167,159,80
94,219,450,JK008001,2916,934,1191,178,87
94,463,854,Sham19Y0001729,353,721,1064,242,73
94,158,455,ShamAY0034815,589,803,1091,211,90
94,336,450,ShamAY0034815,590,0,120,89,92
94,1104,1357,JK000475,1714,1119,1397,176,76
94,1104,1513,JK000475,2301,343,724,181,41
94,458,642,Shamela0026568,658,476,637,111,71
94,158,450,JK000474,283,199,496,213,88
94,158,450,JK009226,125,633,920,216,94
94,810,1029,JK009226,172,1257,1475,177,99
94,463,768,JK009226,172,227,499,219,89
94,1104,1513,JK009226,173,844,1274,277,76
94,463,768,Shamela0021715,6708,720,1106,219,66
94,463,768,Sham19Y0127656,531,702,1182,223,55
94,166,542,ShamAY0034080,32,437,963,225,49
94,810,1171,ShamAY0034080,206,529,876,230,75
94,810,1124,Shamela0012884,3167,460,796,223,83
94,1104,1513,Shamela0012884,5404,1143,1485,213,60
94,463,854,Shamela0023628,1,1083,1549,241,59
94,463,854,Shamela0023628,1504,1111,1426,161,42
94,1104,1513,Shamela0012981,710,501,868,212,59
94,463,741,JK007065,1238,1034,1419,203,63
94,158,450,JK000883,2060,656,960,211,85
94,219,450,Sham19Y0127677,2250,23,272,182,92
94,1104,1324,Shamela0025794,1246,1277,1467,133,77
94,1104,1513,Shia001432Vols,28724,664,1001,198,56
94,463,768,Shamela0005756,11218,573,960,222,67
94,854,1091,JK000298,2111,364,843,157,40
94,463,642,Sham19Y0018274,153,311,527,132,72
94,455,642,JK000465,1435,621,811,144,92
94,810,1161,JK000465,2298,655,1027,245,81
94,1112,1513,JK000465,4455,685,1029,215,62
94,463,768,Zaydiyya0000015,577,447,739,237,95
94,1120,1513,Sham19Y0020944,287,380,727,212,63
94,463,768,Sham19Y0016946,558,32,432,219,65
94,483,768,Kraken230106005528,85,0,399,194,55
94,802,1104,Shamela0098087,20,759,1100,227,83
94,458,642,Shamela0023685,696,903,1052,111,75
94,450,642,Shamela0021766,1673,918,1121,143,85
94,463,768,Sham19Y0018176,1669,97,511,226,65
94,1104,1513,JK000467,1234,84,491,243,64
95,1291,1482,JK011564,8,1198,1401,133,78
95,279,778,JK000754,745,21,372,105,21
95,1301,1529,Sham19Y0017878,329,136,320,129,70
95,1291,1529,Shamela0012524,65,558,790,153,72
95,802,1523,Zaydiyya0000373Vols,47,470,1018,351,57
95,232,609,JK000735,159,857,1393,180,35
95,1318,1496,Shamela0001438,6305,72,215,111,77
95,1291,1496,Shamela0021315,157,423,642,128,63
95,720,1119,JK009324,3599,476,818,225,68
95,232,729,Tafsir02011,1765,813,1367,161,25
95,1318,1496,JK008001,521,161,296,104,73
95,246,609,JK000475,2300,10,523,169,34
95,802,1131,JK000474,1934,1032,1348,240,84
95,638,789,JK009226,174,999,1330,114,43
95,802,1131,JK009226,175,1090,1410,244,86
95,1251,1531,JK009226,189,948,1188,180,81
95,1175,1531,ShamAY0034080,165,519,855,171,54
95,1165,1496,Shamela0012884,796,682,1070,153,46
95,1318,1496,Sham19Y0127677,3949,660,803,111,77
95,232,537,Shia001432Vols,28709,821,1438,151,29
95,232,676,JK000465,4083,405,981,166,32
95,1301,1523,JK000675,74,423,695,157,68
95,802,1131,Zaydiyya0000015,2213,111,430,246,86
96,1275,1515,Masaha001946Vols,759,693,930,151,69
96,615,756,Shamela0000041,853,40,176,103,90
96,1275,1515,JK001249,268,700,956,154,69
96,936,1160,Shamela0009810,1440,267,538,144,63
96,615,756,JK000022,2495,296,434,102,88
96,1172,1515,Zaydiyya0000062,2191,795,1178,197,59
96,1275,1515,Sham19Y0023625,2266,409,663,151,64
96,936,1102,JK000141,761,724,875,120,90
96,1172,1515,Shamela0001404,479,839,1322,180,43
96,936,1102,PV2024060602,4479,979,1130,120,90
96,936,1206,Zaydiyya0000024,64,1134,1409,154,67
96,1160,1515,JK000943,49,785,1001,136,43
96,1275,1515,JK000474,1797,458,686,147,65
96,936,1130,JK009226,185,313,494,141,91
96,10,147,JK009226,189,1257,1404,106,89
96,1275,1515,JK009226,201,726,970,166,76
96,406,521,JK009226,343,790,907,85,90
96,0,147,JK000675,74,640,834,113,72
96,936,1130,JK000786,3051,1040,1221,141,91
96,936,1201,JK000786,3949,562,845,161,66
97,0,286,Masaha001946Vols,759,930,1175,185,77
97,0,286,JK006890,168,325,578,192,80
97,0,286,JK000637,787,200,458,188,76
97,944,1390,JK001012,375,632,1162,228,46
97,0,280,JK001249,268,956,1198,187,79
97,998,1390,JK001295,713,550,796,132,41
97,0,280,JK001293BK1,1729,71,328,186,76
97,0,425,Zaydiyya0000373Vols,88,1049,1391,239,65
97,0,280,Sham19Y0023625,2266,663,904,185,78
97,1152,1498,Masaha002872,66,344,1001,211,40
97,0,280,Shamela0036357,2237,672,921,190,79
97,1002,1403,JK005005,290,485,722,91,24
97,942,1498,Shamela0021315,188,825,1375,164,24
97,0,206,Shamela0001404,479,1322,1504,140,79
97,0,280,JK000916,24636,936,1194,176,72
97,0,280,JK000916,24637,376,631,186,76
97,0,280,JK000943,49,1005,1250,190,80
97,952,1498,Kraken220727035853,3818,1153,1423,124,27
97,0,280,Shamela0001524,3132,887,1129,183,78
97,0,280,Shia002069Vols,201,967,1219,188,78
97,0,280,JK000474,1797,686,937,187,77
97,0,606,JK009226,191,100,672,258,40
97,1269,1484,JK009226,194,1025,1393,157,54
97,1101,1252,JK009226,194,11,454,99,28
97,0,280,JK009226,201,970,1234,203,85
97,998,1498,ShamAY0034080,226,40,256,93,22
97,0,588,Shamela0012884,5485,726,1174,238,42
97,0,593,Shia001432Vols,28741,202,647,233,40
97,942,1461,Zaydiyya0000171,44,182,643,157,28
98,0,369,Tafsir04040,1593,705,1045,247,83
98,4,300,JK000021,787,45,333,218,91
98,30,324,ShamAY0033729,144,209,529,184,67
98,0,369,JK001332,567,378,720,228,71
98,4,216,Shamela0009317,41,1204,1420,170,96
98,4,300,Shamela0000736,1004,92,371,202,82
98,35,381,JK009266,7648,127,414,180,62
98,4,359,Shamela0001438,2474,423,767,233,78
98,0,374,Shia001237Vols,958,577,960,240,76
98,0,374,Rafed0001713Vols,2150,835,1176,252,83
98,4,300,Shamela0029703,2,31,321,221,91
98,4,300,JK005004,249,623,898,198,80
98,0,369,Shia002389Vols,2401,732,1069,247,84
98,0,408,Masaha002872,66,1001,1400,248,76
98,35,300,Shamela0023578,2586,345,613,163,70
98,4,324,JK005005,282,648,934,203,77
98,4,237,ShamAY0032826,627,1281,1519,185,94
98,4,300,ShamAY0032826,628,899,1193,222,90
98,726,1433,Zaydiyya0000024,122,601,1171,444,79
98,4,324,JK005007,184,390,634,178,69
98,4,359,JK009390,1452,932,1259,231,80
98,50,324,ShamAY0034059,5441,437,740,180,69
98,4,300,JK008001,338,0,301,229,93
98,4,369,Zaydiyya0000003,63,453,800,233,75
98,0,308,JK009226,195,31,317,217,87
98,4,359,ShamAY0034080,226,261,608,229,78
98,4,228,Shamela0012884,4220,1266,1498,175,91
98,4,359,Sham19Y0127677,1504,0,327,231,80
98,4,369,Shia001432Vols,28693,791,1148,249,84
98,141,300,JK000465,3294,0,161,123,96
99,401,1083,Zaydiyya0000260,26,754,1419,500,92
99,1083,1490,Zaydiyya0000260,27,0,554,315,71
99,401,1238,Zaydiyya0000259,251,611,1401,608,92
99,1238,1490,Zaydiyya0000259,252,0,252,198,95
99,0,297,Zaydiyya0000024,122,1174,1472,224,91
99,297,1490,Zaydiyya0000024,123,0,1269,891,85
100,153,300,Zaydiyya0000260,27,286,431,106,92
100,12,245,Zaydiyya0000259,252,252,468,161,89
100,318,916,Zaydiyya0000024,121,71,647,283,47
100,12,226,Zaydiyya0000024,123,1269,1459,148,87
100,870,1185,Zaydiyya0000024,125,552,830,195,76
100,843,1158,ShamAY0034080,301,118,461,202,70
101,1108,1424,Sham19Y0020891,101,495,871,241,79
101,1123,1372,Meshkat00042485,143,813,1122,174,69
102,1114,1537,Zaydiyya0000099,663,490,837,261,73
102,1188,1371,JK009226,435,843,1014,140,93
102,1089,1319,Zaydiyya0000098,362,1198,1407,135,68
102,305,1451,Zaydiyya0000015,808,524,1314,530,53
103,5,351,Zaydiyya0000015,808,1365,1529,130,46
103,476,1001,Zaydiyya0000015,809,42,403,252,59
104,328,813,Zaydiyya0000004,660,746,1253,317,73
104,441,813,Zaydiyya0000067,143,0,320,226,75
104,328,518,Zaydiyya0000259,278,1311,1542,141,76
104,518,715,Zaydiyya0000259,279,0,206,153,93
104,348,595,Zaydiyya0000259,346,1268,1508,175,90
104,771,929,JK000520,183,948,1098,121,94
104,348,715,Zaydiyya0000229,257,739,1114,269,89
104,332,648,Zaydiyya0000217,58,1208,1511,189,72
104,755,1245,JK009226,342,754,1173,198,39
104,755,929,JK009226,367,534,697,132,93
104,348,715,Zaydiyya0000352,270,992,1368,269,89
105,453,956,Shamela0008970,166,764,1298,320,72
105,894,1369,Shamela0001875,844,456,984,323,72
105,632,820,Shia001367,86,1011,1289,130,59
105,529,961,Zaydiyya0000336,536,989,1369,222,57
105,894,1064,JK005021,84,892,1041,113,82
105,453,922,Sham19Y0030388BK1,2,297,760,279,68
105,577,1310,Shamela0012745,11,8,928,522,67
105,884,1310,Shamela0010463,460,224,663,293,78
105,971,1161,JK006890,51,1430,1621,149,87
105,646,951,Zaydiyya0000236,244,0,299,165,60
105,971,1238,Shamela0012293,5798,629,903,196,79
105,971,1310,Shamela0012293,5933,179,529,254,82
105,971,1211,Shamela0012293,6082,1351,1578,176,84
105,902,1310,JK000629,519,138,554,291,80
105,971,1248,Shamela0021659,372,1250,1546,217,85
105,971,1310,Masaha003032,157,305,666,267,87
105,453,1315,JK000637,1029,373,1270,583,74
105,453,971,JK000024,74,662,1195,314,68
105,902,1310,ShamAY0033598,294,477,899,320,90
105,295,440,Sham19Y0123581,50,844,985,109,94
105,1009,1398,Sham19Y0016934,1911,0,325,213,64
105,453,971,Shamela0027097,2,287,737,297,68
105,919,1232,JK011153,1444,724,1045,236,86
105,461,889,JK000485,1078,165,561,280,79
105,971,1205,JK007130,367,1375,1577,151,73
105,902,1310,Shamela0000736,2253,240,670,305,84
105,902,1374,Sham19Y0009800,1213,386,880,290,69
105,902,1315,JK000386,749,502,927,297,81
105,971,1310,Shamela0001438,1023,585,946,267,87
105,529,889,Shamela0001438,3875,700,1023,193,58
105,453,889,Shamela0030317,2,294,744,296,78
105,884,1310,Shamela0095735,188,1104,1530,293,80
105,894,1194,Shamela0095735,792,782,1090,166,51
105,906,1310,JK000476,187,332,735,316,95
105,894,1369,Shamela0026842,51,852,1343,296,67
105,464,889,Shamela0009076,507,74,462,253,71
105,902,1310,JK000614,19,654,1091,299,79
105,1046,1310,Sham19Y0149697,1175,0,285,216,91
105,971,1310,JK000216,115,396,756,263,86
105,632,889,Masaha001075,573,613,881,174,74
105,906,1310,JK000381,30,685,1066,288,82
105,488,889,Shamela0022579,760,14,401,276,84
105,453,871,JK005004,648,1110,1482,246,68
105,902,1310,Shamela0004445,2322,965,1401,306,83
105,902,1310,Shamela0022882,341,909,1324,318,91
105,902,1187,ShamAY0033728,7,1213,1480,193,80
105,911,1369,Sham19Y0038171,671,83,634,319,68
105,315,894,Shamela0021765,840,608,1174,307,52
105,971,1310,Shia002261Vols,68,718,1080,264,86
105,902,1315,Shamela0010480,1707,563,977,322,94
105,902,1315,Shamela0010480,1708,154,589,309,84
105,971,1232,JK005202,964,398,674,207,89
105,1046,1194,Shamela0022720,41,338,486,125,99
105,919,1232,JK000154,1539,687,1006,237,87
105,971,1369,ShamAY0035035,2715,107,587,289,71
105,453,889,ShamAY0035035,2718,629,1069,293,79
105,1121,1310,Shamela0007606,153,0,213,153,88
105,453,889,Shia001362Vols,365,546,891,229,62
105,971,1380,JK007041,2461,628,1061,228,54
105,160,440,JK000520,326,629,906,142,63
105,894,1064,JK000001,494,645,814,129,93
105,971,1318,JK000001,495,443,811,259,81
105,453,889,Sham19Y0017535,64,944,1373,271,68
105,902,1340,Zaydiyya0000072,83,482,924,294,77
105,488,906,JK005005,605,401,829,283,80
105,971,1310,JK009274,198,127,488,267,87
105,464,876,Shamela0001391,213,1106,1513,270,78
105,595,889,Shamela0009107BK1,307,8,304,211,80
105,902,1310,Shamela0009107BK1,353,84,503,304,86
105,971,1310,JK009313,3608,228,588,266,86
105,1310,1497,ShamAY0034569,936,748,934,129,79
105,453,902,JK000576,180,86,507,271,71
105,902,1310,JK000667,41,170,602,306,84
105,464,889,JK007082,113,96,486,257,72
105,977,1318,ShamIbadiyya0000482,356,207,586,255,78
105,971,1232,JK000787BK2,869,775,1055,212,92
105,902,1398,Shamela0012750,487,691,1208,321,74
105,453,889,JK005007,510,624,1048,285,77
105,941,1310,JK009390,424,291,679,269,81
105,941,1310,JK009390,452,789,1177,271,82
105,529,889,JK009390,2351,218,595,192,51
105,470,951,JK009390,3612,408,940,282,63
105,464,971,JK006801,277,583,1147,321,66
105,902,1310,JK008001,448,713,1198,309,74
105,529,783,JK008001,1589,1187,1407,143,69
105,1046,1232,JK000365,449,503,680,140,87
105,971,1310,JK007142,265,1245,1532,203,67
105,902,1310,ShamAY0033589,14,1054,1499,314,84
105,902,1315,ShamAY0034447,1331,606,1064,308,80
105,464,889,Shamela0021570,118,873,1270,277,78
105,1109,1380,Shamela0026568,1205,0,254,182,76
105,529,956,JK000474,2407,562,939,216,56
105,906,1369,JK000474,2597,298,903,320,64
105,1310,1481,JK000474,2777,152,320,116,78
105,971,1398,JK000105,438,313,806,288,69
105,295,440,JK009226,396,1057,1203,113,97
105,573,889,JK009226,590,0,318,248,97
105,902,1310,JK009226,597,739,1162,328,94
105,1323,1481,JK009226,599,190,348,118,96
105,1310,1481,JK009226,600,333,501,115,77
105,653,961,JK009226,603,0,288,172,59
105,971,1315,Sham19Y0014328,594,514,876,242,75
105,971,1369,Sham19Y0017101,90,276,693,271,76
105,902,1369,JK006897,315,132,635,339,81
105,453,847,Shamela0012884,559,1113,1435,214,63
105,902,1310,Shamela0012884,560,540,966,320,90
105,453,889,Shamela0026566,90,30,324,204,59
105,971,1232,Sham19Y0132416,80,1308,1572,201,87
105,971,1310,Sham19Y0127677,1055,452,813,267,87
105,488,889,Sham19Y0127677,2129,456,835,201,54
105,880,1398,Sham19Y0018567,949,572,1108,321,71
105,971,1310,Shia001432Vols,29289,864,1220,255,82
105,966,1241,JK001297,130,276,588,203,75
105,573,1310,JK000675,230,20,950,522,66
105,464,889,Shamela0026473,14,464,869,281,78
105,937,1232,JK000148,1123,1059,1372,228,87
105,902,1369,JK000159,1934,193,678,313,74
105,453,956,Shamela0013041,728,856,1360,303,69
105,966,1380,Shamela0023685,1308,1109,1504,283,77
105,585,961,JK000786,3124,0,357,228,67
105,453,956,Shamela0026469,7,6,463,257,59
105,971,1298,JK005200,515,733,1040,217,76
106,254,774,Shamela0010437,60,13,552,201,37
106,598,774,Shamela0011363,299,391,559,104,69
106,603,774,Shamela0012745,3,1231,1396,116,80
106,598,774,Shamela0010463,792,720,888,104,69
106,697,808,JK000637,1109,0,106,81,93
106,650,774,Shamela0001438,828,1062,1189,95,93
106,0,774,JK007063,465,838,1370,247,35
106,254,410,Shamela0026324,2694,541,735,107,61
106,650,774,JK009390,3189,749,876,95,93
106,603,952,Shamela0012862,255,816,1177,251,81
106,228,774,Shamela0006610,350,840,1452,235,44
106,981,1311,JK009226,550,56,352,183,60
106,981,1228,JK009226,592,1246,1467,171,83
106,0,410,JK009226,599,352,851,186,39
106,603,952,JK009226,601,290,641,270,93
106,228,402,Sham19Y0018144,741,408,563,122,88
107,73,298,Zaydiyya0000067,94,527,752,182,97
107,95,268,Zaydiyya0000259,278,1130,1307,140,92
107,73,288,Zaydiyya0000229,186,1026,1242,179,99
107,77,435,JK009226,652,1121,1270,107,36
107,73,537,Zaydiyya0000352,197,956,1475,234,45
108,178,410,Shia001138BK1,55,335,579,181,93
108,178,410,Shia001171,447,711,960,181,91
108,178,406,Shia001357,85,1211,1448,172,88
108,178,548,Shia000182VolsBK2,1187,158,491,192,62
108,461,704,Zaydiyya0000067,86,712,957,171,82
108,178,410,Shia001144,8,840,1104,180,85
108,519,697,Shamela0000736,3619,591,778,137,88
108,548,697,Shamela0001438,4225,1354,1505,119,96
108,253,414,Masaha001075,462,1154,1299,108,84
108,178,394,Shia001134,468,1175,1404,169,91
108,178,576,Shia000042,533,317,666,217,64
108,178,410,Shia001362Vols,747,288,532,175,88
108,178,410,Shia001362Vols,810,970,1216,181,92
108,768,1118,Zaydiyya0000024,3,1067,1472,195,53
108,1118,1403,Zaydiyya0000024,4,0,286,218,91
108,927,1403,JK007025,35,8,501,350,85
108,548,697,JK008001,2802,1066,1217,119,96
108,519,712,JK009226,378,1214,1421,150,90
108,178,410,JK009226,650,1138,1384,182,93
108,548,697,Sham19Y0127677,1217,727,878,119,96
108,768,1403,Shamela0009563,9,70,750,394,61
108,178,410,Shia001432Vols,30180,523,788,181,86
108,178,417,Shia001217Vols,2924,304,560,180,88
109,1185,1423,Shamela0008970,205,1186,1431,169,81
109,1185,1372,Shamela0021635,136,1039,1214,131,84
109,1185,1372,Shamela0006739,696,137,316,131,83
109,1185,1372,ShamAY0033691,5,500,679,131,83
109,622,807,JK011593,31,1323,1519,131,77
109,1236,1423,Shamela0021659,776,132,320,145,93
109,618,850,JK000637,657,944,1179,175,91
109,645,940,JK009408,1564,131,638,170,40
109,622,850,JK007044,1524,347,567,160,84
109,1185,1423,Sham19Y0145212,1586,1242,1472,165,81
109,1236,1423,Sham19Y0017531,33,510,697,146,92
109,1185,1372,Kraken220218125253,150,688,868,121,75
109,1236,1423,Shamela0001438,2278,1194,1377,146,94
109,1185,1423,Sham19Y0122257,1329,54,296,165,79
109,1207,1372,Zaydiyya0000259,347,759,925,133,98
109,1236,1423,Sham19Y0122096,1932,1075,1264,148,95
109,1202,1423,Masaha004105Vols,76,1193,1399,147,82
109,1236,1423,JK009274,510,1191,1379,145,93
109,1185,1423,ShamAY0032826,543,690,932,186,92
109,1185,1423,ShamAY0032826,544,141,383,186,92
109,1185,1423,Zaydiyya0000229,200,383,616,180,91
109,622,850,JK000080,213,333,565,172,91
109,1185,1361,JK009324,3486,154,320,125,85
109,645,940,JK000916,18391,504,799,145,51
109,1185,1372,Shamela0012750,587,1008,1187,131,83
109,1216,1423,JK009390,1315,547,764,151,85
109,613,925,Shamela0012872,31,551,884,182,64
109,618,940,JK000474,2037,786,1114,218,77
109,618,940,JK009226,349,504,844,229,80
109,1236,1423,Sham19Y0127677,1402,453,636,146,94
109,1185,1423,Zaydiyya0000352,211,840,1073,180,91
109,622,846,Shia002264,98,346,569,165,88
110,0,242,Sham19Y0020591,1438,75,314,176,88
110,0,242,Shamela0008970,181,46,277,179,93
110,468,1031,Shamela0008970,184,483,1096,394,75
110,0,292,JK007013,69,745,1022,173,76
110,376,1019,Shamela0009567,887,25,788,414,64
110,468,766,ShamAY0034134,859,540,826,175,72
110,0,250,JK001503,3610,599,840,181,90
110,0,302,ShamAY0034230,4991,599,889,193,78
110,0,324,Sham19Y0014601,5145,984,1304,124,34
110,0,242,Sham19Y0014601,5146,156,439,176,75
110,0,302,ShamIbadiyya0000155,104,128,421,167,68
110,665,1019,ShamAY0033729,162,30,405,149,40
110,480,1005,Shamela0003118,7394,547,1180,279,49
110,468,695,Shia004510,5,1205,1465,136,58
110,665,1031,Shia004510,6,0,284,163,51
110,0,409,ShamIbadiyya0000438,850,219,733,216,52
110,0,242,Shamela0021479,240,1019,1259,181,92
110,468,1031,JK000629,543,851,1375,338,67
110,468,1028,Zaydiyya0000067,202,658,1223,420,88
110,273,672,JK000637,1570,984,1430,219,54
110,653,1019,JK000637,1571,56,360,215,75
110,460,672,JK001012,291,1215,1411,131,72
110,6,235,JK001012,298,1192,1394,145,78
110,0,230,JK000142,883,1173,1399,166,87
110,0,242,Sham19Y0014462,170,788,1028,173,86
110,468,1028,JK007044,4939,742,1260,224,37
110,0,302,Shamela0021751,6741,501,763,192,79
110,0,302,Shamela0021751,7166,609,887,193,76
110,0,324,Shamela0021751,7435,180,458,183,68
110,0,242,Shamela0021751,7564,1053,1285,177,91
110,507,1005,Shamela0036446,1046,0,499,245,50
110,460,695,Sham19Y0017878,332,1208,1449,142,65
110,653,1019,Sham19Y0017878,333,26,364,221,73
110,460,1005,JK000312,450,388,969,278,52
110,492,1000,JK000485,368,467,1212,285,45
110,665,1000,JK001249,119,42,428,192,58
110,0,242,Sham19Y0006684,4198,55,308,182,88
110,468,1023,JK001295,733,381,932,361,72
110,0,230,Sham19Y0131521,5184,1268,1492,163,86
110,594,1005,Shamela0009810,1347,14,493,227,50
110,0,287,Shamela0008210,87,947,1444,123,26
110,0,215,Shamela0010488,403,1127,1326,138,78
110,85,242,JK000735,225,21,191,112,77
110,324,438,Shamela0001438,1915,884,1003,91,95
110,476,1031,Shamela0001438,6436,868,1416,353,70
110,14,250,JK000201,2813,553,1376,132,19
110,0,242,JK000201,4268,979,1210,166,83
110,0,242,JK009236,600,708,903,140,72
110,0,242,Sham19Y0127713,1556,208,446,177,89
110,0,412,JK009152,758,995,1410,205,49
110,0,283,JK006838,1198,707,937,155,70
110,0,302,Shamela0028107,708,331,668,201,72
110,565,1000,Sham19Y0023625,1237,666,1325,266,48
110,66,429,Sham19Y0023625,1257,0,393,167,43
110,0,235,JK000585,4308,182,412,173,92
110,468,1031,MMS00016,49,227,732,265,50
110,0,297,Shamela0012399,3770,299,655,199,68
110,0,242,Shamela0012399,3773,563,1138,175,38
110,14,180,Shamela0012220,932,703,852,113,85
110,14,422,JK009336,2050,397,682,146,42
110,492,966,Masaha002872,37,815,1168,191,46
110,6,422,JK001236,220,1096,1404,195,58
110,468,1031,JK001236,225,729,1451,403,67
110,0,247,JK001266,40,598,802,145,72
110,0,247,Shamela0003722,5215,291,527,182,93
110,0,242,JK000140,697,544,767,163,84
110,0,242,Shamela0000782,714,458,689,165,82
110,468,1023,Sham19Y0150960,175,106,718,362,67
110,468,774,Sham19Y0150960,250,1078,1458,206,64
110,774,1023,Sham19Y0150960,251,0,198,156,77
110,492,1000,Shamela0001404,246,599,1304,292,48
110,468,1019,Shamela0021809,55,167,745,362,71
110,0,247,Shamela0021809,1835,333,564,178,91
110,480,1005,Shamela0021809,3322,71,611,240,45
110,468,1031,JK009313,4219,111,780,402,71
110,468,1005,PV2024060602,4426,0,573,264,49
110,0,242,PV2024060602,5480,1062,1301,176,88
110,0,242,PV2024060602,6482,266,489,163,84
110,6,242,Shamela0021493,231,766,981,154,80
110,0,242,Shamela0009804,318,373,610,177,90
110,0,242,Shamela0009270,139,609,857,176,86
110,763,1005,JK000916,25297,0,266,133,55
110,324,438,JK009390,1087,573,692,91,95
110,653,1023,JK009390,6057,19,325,219,75
110,0,242,Shamela0030617Vols,88,684,881,126,65
110,85,242,JK000943,137,421,602,115,76
110,492,1000,JK000943,161,194,853,256,43
110,273,1023,JK008001,498,549,1311,387,50
110,324,438,JK008001,3742,1211,1330,91,95
110,99,235,Sham19Y0001729,1046,0,129,99,94
110,33,242,JK001303,470,0,176,119,68
110,468,695,JK001303,561,1184,1403,160,86
110,758,1031,JK001303,562,7,214,166,75
110,0,302,Shamela0001524,1712,46,365,194,70
110,52,242,JK000475,1608,531,731,117,69
110,52,242,JK000475,2365,753,953,117,69
110,492,966,Shamela0021570,364,715,1431,267,43
110,19,438,JK000474,1992,520,986,194,41
110,0,422,JK000474,1992,108,628,251,56
110,468,628,JK009226,399,1248,1406,122,97
110,0,242,JK009226,400,623,865,189,99
110,480,1019,ShamAY0034080,347,691,1243,296,58
110,480,1031,ShamAY0034080,358,290,838,307,59
110,0,242,JK006897,175,822,1040,162,85
110,90,307,Shamela0001717,4006,0,179,122,68
110,14,242,Shamela0000894,5274,1141,1483,132,41
110,468,787,Shamela0012884,61,1121,1510,226,70
110,787,1023,Shamela0012884,62,0,225,164,81
110,324,438,Sham19Y0127677,1000,1097,1216,91,95
110,476,1023,Sham19Y0127677,4293,156,700,353,71
110,0,242,Shamela0025794,2994,63,290,177,93
110,0,307,Shamela0025794,2995,161,543,202,64
110,468,1019,Shamela0025794,4027,290,891,385,75
110,468,1019,JK000465,51,777,1307,344,69
110,480,1005,JK000675,283,461,1107,271,48
110,0,242,JK000675,296,119,371,182,88
110,261,442,JK000675,297,71,248,133,90
110,468,1023,Zaydiyya0000015,889,918,1529,415,81
110,0,247,Sham19Y0020944,867,1004,1257,176,83
110,468,1031,JK000657,101,473,1021,310,58
110,0,422,JK007054,648,259,769,221,50
110,468,1031,JK000467,2543,250,885,370,67
110,14,180,Shia002264,567,248,393,112,86
111,529,849,Shamela0021536,16,865,1161,187,68
111,547,849,JK000030,74,938,1269,181,65
111,547,849,Sham19Y0038171,2359,682,1174,168,41
111,547,849,JK000001,3141,224,518,164,64
111,529,849,Sham19Y0132973,22,617,836,140,55
111,604,849,Kraken2107192213391,116,266,517,160,73
111,547,784,JK010127,13,705,938,146,72
111,630,849,JK000999,129,4,366,153,52
111,601,817,JK000298,4213,778,951,127,72
112,147,994,JK000005,102,308,1155,606,82
112,473,835,JK000546,9,387,741,148,36
112,534,835,JK000546,58,1220,1400,136,56
112,147,994,JK000483,17,315,1148,597,82
112,752,994,JK001503,1788,888,1108,148,75
112,147,901,Sham19Y0039268,161,595,1448,491,65
112,530,835,Shamela0003055,697,894,1087,146,59
112,752,985,Shamela0003055,747,0,219,165,88
112,273,994,JK000761,407,489,1139,368,56
112,147,746,Rafed0002452,254,886,1470,417,81
112,746,994,Rafed0002452,255,0,231,184,91
112,147,521,Shamela0023700,1242,1004,1368,224,70
112,530,994,Shamela0023700,1243,8,368,256,66
112,490,835,Kraken220413194022,2586,532,761,151,55
112,530,835,Kraken220413194022,3000,662,851,142,58
112,530,809,Shamela0021536,285,1178,1420,183,81
112,530,973,JK000725,219,1068,1416,258,72
112,530,994,JK000030,223,1122,1467,265,70
112,127,608,Shamela0008363,498,991,1497,324,72
112,578,994,Shamela0008363,499,0,374,266,78
112,391,994,Sham19Y0016618,62,390,936,337,62
112,568,1000,Tafsir01005,1363,0,396,288,81
112,147,994,JK009408,1217,400,1208,469,61
112,127,994,JK001095,2,214,1138,563,69
112,147,1024,Shamela0096178,113,290,968,447,61
112,164,994,Shamela0030305,23,323,979,428,60
112,147,985,Zaydiyya0000328,572,531,1343,619,89
112,701,994,Shamela0008243,115,7,287,156,51
112,147,365,ShamAY0033926,14,1236,1449,169,93
112,365,994,ShamAY0033926,15,0,616,432,79
112,143,742,Shamela0004473,3636,991,1522,294,55
112,156,701,Shamela0004473,11042,3,622,355,65
112,476,994,ShamAY0033885,16,308,678,268,64
112,391,994,JK000098,168,459,985,327,60
112,224,614,JK000098,169,591,958,273,82
112,164,994,Sham19Y0020638,117,260,1044,574,81
112,147,994,Sham19Y0149697,2439,216,1051,572,76
112,742,912,Tafsir04003,3429,868,982,85,63
112,710,895,JK000381,5586,1259,1453,140,90
112,147,994,JK000585,4428,444,1176,529,74
112,530,835,JK000362,269,1112,1305,146,59
112,742,912,Rafed0001713Vols,2302,834,948,85,63
112,147,994,Shamela0001341,118,490,1127,442,62
112,534,994,Sham19Y0038171,2548,345,766,248,57
112,127,396,Sham19Y0038171,2549,1210,1515,178,66
112,391,994,Sham19Y0038171,2550,853,1328,222,39
112,391,973,Shamela0021765,2789,907,1486,309,56
112,143,863,Shamela0021765,2790,407,952,331,53
112,534,889,JK009286,177,1177,1518,249,83
112,127,994,JK000727,12,361,1297,589,72
112,391,994,JK000727,13,345,957,323,56
112,391,994,Shamela0008353,128,645,1197,347,63
112,224,614,Shamela0008353,129,825,1193,270,80
112,534,994,JK009143,432,935,1334,281,74
112,766,994,Shamela0003722,5598,0,210,160,85
112,195,994,Shamela0010480,1291,15,835,539,76
112,534,994,ShamAY0035035,9928,730,1150,242,55
112,229,670,ShamAY0035035,9930,14,472,291,70
112,412,994,Shamela0026884,631,4,505,325,63
112,127,994,Shamela0023100,468,388,1231,520,65
112,147,994,Shamela0005803,304,44,780,534,75
112,513,994,JK000001,3255,907,1362,255,55
112,742,912,Shamela0021821,1618,877,991,85,63
112,143,994,Shamela0021809,1479,452,1276,423,52
112,147,994,Zaydiyya0000229,351,34,849,626,90
112,147,994,JK000011,198,409,1055,438,62
112,530,912,ShamAY0034334,113,738,1068,193,59
112,534,994,JK000630,91,304,734,303,80
112,147,994,JK000250,23,54,800,409,50
112,182,994,Shamela0009270,82,0,830,429,53
112,710,895,JK001414,453,533,721,140,93
112,490,835,JK001414,2549,368,598,153,56
112,421,994,JK001000,30,482,963,281,54
112,742,994,JK009270,2905,0,262,113,40
112,143,1024,Sham19Y0148271,862,497,1298,427,52
112,742,912,ShamAY0034059,5806,1153,1267,85,63
112,391,895,JK000591,1,1038,1472,215,44
112,143,912,JK000591,2,741,1414,380,55
112,798,994,JK000591,4,0,173,131,80
112,425,994,JK000591,5,0,602,396,77
112,530,994,Shamela0011212,14,167,587,299,80
112,688,994,Sham19Y0013252,9411,0,292,222,87
112,164,568,Sham19Y0013252,10689,166,619,161,34
112,147,994,Shamela0012851,326,92,931,545,73
112,534,994,Sham19Y0014249,724,1034,1380,260,69
112,684,994,Shamela0012884,4445,4,256,172,64
112,143,994,Shamela0025794,2942,362,1180,427,53
112,742,912,Shia001432Vols,1844,604,718,85,63
112,127,780,JK000481,492,726,1418,422,68
112,258,994,ShamAY0033769,11,0,797,392,52
112,147,895,Zaydiyya0000352,367,776,1502,557,91
112,534,835,JK000101,547,102,310,150,60
112,421,994,JK000467,1139,106,623,306,60
112,447,994,JK000467,2717,694,1245,312,59
112,530,994,Shamela0011279,11,71,490,298,80
113,506,990,JK000724,113,284,706,232,56
113,1369,1556,Zaydiyya0000004,165,1237,1437,146,87
113,498,1001,Shamela0009564,117,750,1254,238,50
113,491,851,JK000021,2954,161,480,229,77
113,1369,1556,Zaydiyya0000059,1394,919,1124,148,86
113,491,839,Shamela0023700,468,615,1042,248,70
113,935,1405,JK001332,401,619,1148,242,55
113,481,851,Shamela0010273,944,705,1114,197,54
113,486,839,Shamela0003118,6125,486,832,219,70
113,498,1001,Shamela0009361,7,468,950,240,54
113,1144,1304,Tafsir01005,4471,0,163,121,90
113,491,851,JK009408,612,307,665,273,92
113,935,1304,JK009141,960,541,847,174,58
113,506,990,ShamAY0035235,2,7,422,228,58
113,491,807,Shamela0036446,24,1204,1501,216,82
113,935,1304,JK000312,515,913,1311,207,55
113,935,1304,Shamela0009810,1511,909,1286,215,64
113,491,851,Shamela0022526,4,780,1078,205,68
113,528,845,Shamela0004473,1085,253,681,212,60
113,506,1001,Shamela0001438,6521,978,1388,239,59
113,491,754,Shamela0001438,6797,1248,1506,187,88
113,506,1001,JK007063,150,1022,1467,240,54
113,935,1304,Shia001237Vols,449,12,393,202,61
113,491,860,Sham19Y0023608,1533,531,909,268,84
113,935,1304,Sham19Y0023608,2990,419,784,213,66
113,935,1304,Shia001130,4,905,1280,202,62
113,935,1405,JK000141,803,64,572,240,51
113,455,746,Kraken22021817402400,172,1181,1383,123,53
113,491,839,Shamela0021765,2636,243,598,223,69
113,491,845,Shamela0008473,2096,1008,1354,263,90
113,506,990,JK007121,62,832,1240,230,59
113,562,812,ShamIbadiyya0000193,1369,76,299,164,81
113,491,845,Shamela0023100,132,1083,1382,223,75
113,1136,1304,JK008250Vols,112,1212,1420,121,71
113,491,728,Shamela0021809,512,1218,1436,167,89
113,935,1094,Zaydiyya0000229,349,1332,1492,118,89
113,1094,1410,Zaydiyya0000229,350,0,391,203,64
113,935,1304,JK000841,11,834,1183,208,65
113,935,1405,PV2024060602,4521,327,835,240,51
113,491,839,JK000916,21302,1029,1370,215,69
113,528,851,JK009390,3878,11,335,176,63
113,491,845,JK009390,3885,37,393,248,81
113,491,845,JK009390,6324,849,1196,249,84
113,491,1049,JK006801,680,522,1152,275,45
113,533,812,Tafsir09050,1400,545,819,177,73
113,491,807,JK008001,5161,611,923,231,90
113,506,1001,JK008001,5162,943,1353,239,59
113,528,839,Tafsir07076,29,709,1073,218,72
113,491,990,Tafsir07076,1858,110,535,289,71
113,605,845,Tafsir07076,2138,60,315,175,82
113,528,851,Tafsir07076,2147,389,781,234,73
113,528,845,Tafsir07076,3662,0,317,233,86
113,491,652,JK000906,3568,1423,1611,123,78
113,1136,1342,JK000829,8,1248,1464,143,81
113,935,1304,Shamela0009618,3,942,1339,267,81
113,491,626,JK000474,740,1250,1382,103,93
113,626,851,JK000474,741,0,226,169,91
113,927,1206,Sham19Y0013252,8449,641,1112,137,34
113,1025,1405,JK000057,69,6,383,173,43
113,491,845,JK009226,44,758,1120,279,95
113,491,851,Tafsir04056,3214,460,784,246,84
113,491,851,Shamela0012884,2185,778,1079,225,78
113,506,1001,Sham19Y0127677,4458,739,1139,218,56
113,461,1049,Sham19Y0127677,4622,831,1338,283,60
113,1149,1335,JK000094,1464,1095,1293,127,77
113,590,851,Shamela0008246,13,0,260,196,92
113,491,845,Tafsir07057,2149,876,1271,255,78
113,528,995,JK000159,1083,275,746,220,49
113,935,1410,Zaydiyya0000352,366,508,1069,322,71
113,580,817,JK000786,3199,0,256,148,69
113,491,845,Tafsir09084,1018,248,592,263,90
113,491,760,Kraken220413030759,1555,945,1212,175,71
113,481,807,Kraken220413030759,1693,1314,1592,198,73
114,736,845,Sham19Y0020591,1170,992,1101,85,99
114,1320,1491,Shia000117Vols,467,517,697,113,68
114,498,623,Zaydiyya0000004,166,1433,1559,96,88
114,143,463,ShamAY0032750,20,915,1211,207,77
114,736,851,Shamela0021670,10,357,475,90,96
114,1193,1491,Masaha001028,75,0,315,195,71
114,1173,1426,Masaha001028,146,1211,1483,162,69
114,71,559,Sham19Y0017616,476,627,1149,221,44
114,121,463,Sham19Y0013572,846,282,630,190,58
114,736,851,Shamela0021659,1272,133,248,91,100
114,736,851,JK000165,1483,872,987,91,100
114,1068,1491,Shia001131Vols,388,124,494,238,65
114,1143,1491,Shia000047,83,790,1174,231,71
114,736,851,JK000142,726,64,179,90,99
114,1320,1491,Zaydiyya0000031,10,353,524,136,98
114,720,851,Shamela0036446,267,341,470,98,95
114,720,851,Shamela0036446,1046,1200,1329,97,94
114,1026,1491,Shia003716,65,765,1232,282,68
114,1320,1491,Sham19Y0017878,490,127,298,136,97
114,143,559,JK000485,772,409,749,226,65
114,736,851,JK001249,122,1091,1220,91,89
114,1028,1491,Shia000049Vols,1204,544,974,258,64
114,736,856,Kraken220413030905,301,1147,1267,92,97
114,736,851,Sham19Y0131521,4274,125,240,90,99
114,736,851,Shamela0010283,1181,634,749,91,100
114,736,851,JK007021,241,1126,1241,91,100
114,736,851,Shamela0001438,3979,1020,1135,91,100
114,1294,1491,Shamela0001438,8050,126,327,141,82
114,736,851,JK009236,163,167,276,86,94
114,143,463,Shamela0029852,11,1054,1350,204,76
114,133,463,Shamela0010517,2508,7,357,205,69
114,121,463,Sham19Y0020638,1238,908,1258,189,58
114,736,838,Sham19Y0023625,1259,38,140,81,100
114,1326,1491,Masaha001075,136,891,1030,108,81
114,720,851,MMS00016,147,820,974,95,77
114,720,851,Kraken220413030928,185,543,695,97,81
114,736,838,ShamIbadiyya0000050,4463,1035,1156,81,84
114,736,845,JK009336,1778,1344,1459,85,92
114,143,467,Shamela0026542,15,835,1132,201,75
114,133,463,JK001236,127,1083,1426,206,71
114,736,851,JK001236,223,14,129,91,100
114,736,851,Shamela0010480,1598,164,279,90,99
114,133,467,Sham19Y0132524,2837,616,961,209,70
114,736,845,JK009274,946,930,1041,84,95
114,143,351,Shamela0009107BK1,345,1271,1460,133,77
114,1140,1472,ShamAY0032826,240,1158,1466,156,57
114,1140,1491,ShamAY0032826,242,12,355,171,57
114,498,654,Zaydiyya0000229,350,1160,1320,117,87
114,143,447,Shamela0010444,55,1150,1432,179,71
114,736,851,JK009313,5384,319,435,89,97
114,121,463,PV2024060602,3539,3,353,190,58
114,736,851,JK000080,1199,155,270,91,100
114,113,559,Shamela0012749,34,66,443,230,61
114,736,851,JK009390,2242,470,586,91,99
114,1294,1491,JK009390,3861,46,247,141,82
114,143,559,JK000943,140,602,940,228,65
114,121,564,Sham19Y0148271,151,628,1104,219,51
114,720,856,JK000583,116,239,378,102,93
114,121,467,Shamela0008227,43,915,1229,187,64
114,1073,1491,JK008001,3758,689,1134,178,38
114,121,463,Sham19Y0001729,408,841,1136,201,72
114,736,851,Shamela0006610,368,1017,1139,91,94
114,1373,1491,JK000906,5777,1123,1233,78,84
114,121,463,Sham19Y0122406,3918,845,1195,190,58
114,1068,1356,Masaha000722Vols,688,1200,1459,149,59
114,1356,1491,Masaha000722Vols,689,0,122,94,87
114,1320,1491,Shamela0026568,882,1079,1251,138,99
114,133,571,ShamAY0001760,73,208,641,238,63
114,143,463,JK009226,991,21,321,236,91
114,1036,1491,JK009226,994,92,585,349,87
114,133,463,Sham19Y0095660,1423,551,880,203,72
114,736,851,Sham19Y0095660,1429,565,680,91,100
114,1040,1491,Shia001615Vols,3221,339,759,264,68
114,71,463,Shamela0000894,5044,1150,1561,202,54
114,121,463,JK007065,859,564,910,191,59
114,736,851,Sham19Y0127677,2194,1143,1251,85,93
114,1140,1491,Sham19Y0127677,5718,1123,1472,176,53
114,736,851,Sham19Y0023618,1253,712,1090,91,30
114,121,564,Shamela0025794,2192,387,858,223,53
114,1028,1491,Shia001432Vols,19508,256,686,258,64
114,1143,1491,Shia001432Vols,29475,617,948,220,74
114,1320,1491,JK001297,142,1069,1240,136,98
114,1059,1491,JK000675,294,82,553,305,79
114,736,845,Sham19Y0020944,699,1195,1304,85,99
114,498,659,Zaydiyya0000352,367,393,558,121,87
114,1320,1491,Shamela0023685,999,72,244,138,99
114,736,851,JK000467,403,1047,1162,91,100
114,736,851,JK000467,2547,47,170,91,93
114,729,851,Shia002264,573,1039,1161,97,100
114,736,851,Sham19Y0017350,528,826,937,88,96
115,1182,1420,Zaydiyya0000049,246,706,1021,170,65
115,1174,1420,Zaydiyya0000004,171,786,1038,160,81
115,0,330,Shia000049Vols,1204,974,1268,150,51
115,1182,1420,Shia001237Vols,301,1146,1436,166,71
115,251,687,Zaydiyya0000217,63,932,1361,290,78
115,0,265,JK009226,994,585,849,200,96
115,278,687,JK009226,995,353,758,294,87
115,0,157,Shia001615Vols,3221,759,895,102,84
115,0,330,Shia001432Vols,19508,686,1014,145,46
115,1035,1410,Shia001432Vols,25405,1027,1500,202,50
115,0,126,Shia001432Vols,29475,948,1064,86,83
115,0,265,JK000675,294,553,799,171,78
116,778,1145,Sham19Y0020591,1175,291,536,179,59
116,753,1145,Sham19Y0014601,4540,1080,1344,188,58
116,760,1154,Sham19Y0014601,4541,217,635,183,44
116,778,1150,Shamela0030267Vols,1,1185,1441,180,59
116,778,1222,Shamela0010906,979,226,571,184,48
116,778,1154,Shamela0003118,4176,1148,1397,184,60
116,778,1145,JK000142,728,418,663,179,59
116,778,1145,JK000484,2100,935,1194,164,53
116,778,1140,Sham19Y0131521,4286,291,531,177,59
116,778,1126,MMS00030,579,127,349,144,47
116,778,1231,JK000486,331,933,1311,203,50
116,778,1145,Shamela0026731,92,1228,1472,173,57
116,778,1126,Shamela0008540,1782,852,1073,166,58
116,778,1145,Zaydiyya0000229,352,1241,1480,181,61
116,778,1145,PV2024060602,5325,299,544,179,59
116,778,1145,JK000916,14180,103,347,178,60
116,778,1222,Sham19Y0001729,1056,1148,1435,195,55
116,778,1150,JK009226,427,429,701,176,54
116,778,1107,Zaydiyya0000131,115,681,874,134,50
116,778,1231,JK000675,300,448,1093,205,38
116,778,1260,Sham19Y0020944,702,894,1353,219,46
116,778,1260,Zaydiyya0000352,369,513,1069,249,45
117,376,631,Zaydiyya0000049,265,1287,1540,199,97
117,631,1457,Zaydiyya0000049,266,0,806,623,92
117,850,1457,Zaydiyya0000004,168,152,757,456,90
117,199,323,Zaydiyya0000004,168,22,146,88,89
117,547,1455,Zaydiyya0000260,49,417,1297,669,88
117,544,1457,Shia001131Vols,513,138,1011,645,84
117,544,1181,Shia001237Vols,3488,865,1610,434,65
117,1176,1457,Shia001237Vols,3489,0,305,210,85
117,1065,1289,Zaydiyya0000353,70,1136,1379,162,81
117,1295,1457,Zaydiyya0000353,71,437,617,129,90
117,214,323,Shia000812Vols,91,401,510,86,100
117,850,1457,Shia000812Vols,91,516,1108,448,89
117,1065,1289,Shia000812Vols,632,799,1047,163,79
117,1295,1457,Shia000812Vols,633,96,276,128,89
118,793,1010,EShia0071536,380,1156,1361,140,77
118,783,1010,Shia001149Vols,57,633,850,149,74
118,793,1010,JK000529,20,873,1063,144,82
118,793,1078,Zaydiyya0000049,245,1254,1487,165,71
118,0,1001,Zaydiyya0000004,168,757,1484,274,27
118,663,1010,Zaydiyya0000260,46,1152,1427,168,59
118,1215,1570,Zaydiyya0000055,134,897,1180,227,76
118,793,1010,Shia001131Vols,178,529,713,127,72
118,793,1010,Shia004039,200,1183,1379,141,79
118,1215,1570,Zaydiyya0000070,77,978,1362,237,69
118,793,1010,ShamAY0034166,20,855,1045,144,82
118,663,1010,Zaydiyya0000052,41,551,892,179,57
118,1113,1390,JK000475,2383,500,1574,154,16
118,783,1039,Shia000317Vols,1096,850,1112,162,68
119,437,1052,Zaydiyya0000004,187,0,622,475,92
119,20,223,ShamAY0034134,1024,811,985,120,72
119,447,800,Masaha001077,24,803,1158,219,71
119,14,516,Zaydiyya0000055,134,654,1145,228,42
119,1087,1448,Sham19Y0013783,662,48,402,277,94
119,1087,1448,JK009137,1436,819,1159,259,85
119,429,720,Zaydiyya0000121,24,1190,1491,227,94
119,720,1052,Zaydiyya0000121,25,0,347,267,95
119,10,261,Zaydiyya0000067,71,721,970,198,96
119,1082,1448,Shamela0021744,758,395,758,277,92
119,804,1448,Sham19Y0016934,1228,722,1303,331,60
119,1082,1448,Shamela0021496,94,672,1030,276,93
119,437,1033,JK009237,5984,668,1351,381,65
119,413,1254,Shamela0010283,1177,333,1242,476,61
119,471,773,Shamela0001438,5995,5,311,194,76
119,1079,1448,Sham19Y0013620,433,354,882,258,58
119,1079,1448,JK000913,2286,168,541,283,91
119,176,923,Shia001237Vols,350,6,957,447,54
119,923,1052,Shia001237Vols,362,105,236,103,98
119,1167,1448,JK000299,648,0,281,218,95
119,1082,1448,JK000189BK1,981,729,1087,269,90
119,447,780,Shia000115,36,1323,1655,210,72
119,1087,1448,JK009336,1598,524,897,277,90
119,39,234,JK001236,233,231,759,132,29
119,737,1448,JK000154,946,399,973,346,55
119,20,234,Shamela0013174,803,1325,1514,153,87
119,398,1052,JK000264,2330,563,1182,448,83
119,487,793,Sham19Y0123665,656,1186,1542,188,64
119,10,239,JK008250Vols,987,871,1386,162,38
119,1087,1448,ShamIbadiyya0000229,2046,454,862,280,83
119,1091,1448,Sham19Y0127700,161,0,364,279,94
119,1087,1448,Kraken230110004547,269,348,697,264,87
119,413,1145,Zaydiyya0000052,144,547,1339,508,78
119,429,773,JK008001,6111,224,576,220,77
119,1082,1448,JK011703,413,500,862,276,92
119,447,773,Shia000125,163,385,689,204,74
119,10,531,Sham19Y0018609,59,19,425,184,34
119,429,773,Sham19Y0127677,4109,829,1179,218,76
119,398,1178,Shamela0005756,5074,632,1401,522,81
119,20,239,JK000675,310,1234,1448,161,88
119,1079,1448,ShamAY0033181,400,593,966,279,89
119,20,239,ShamAY0034282,1039,283,491,161,90
119,1087,1448,Shamela0023685,1237,476,825,279,95
119,43,234,JK000786,1107,498,1173,149,27
119,43,234,JK000786,3117,602,1228,149,29
120,1373,1531,Rafed0003228Vols,33,637,1057,72,18
120,199,1328,Zaydiyya0000162,1822,71,1134,811,87
120,213,1328,Sham19Y0017747,680,316,1370,792,86
120,213,841,Zaydiyya0000067,71,1050,1627,442,86
120,841,1355,Zaydiyya0000067,72,0,498,371,87
120,915,1355,JK000165,1552,458,904,320,83
120,213,1465,Zaydiyya0000061,151,239,1451,597,47
120,224,812,Zaydiyya0000259,309,1016,1644,444,84
120,819,1393,Zaydiyya0000259,310,0,592,370,72
120,1373,1531,Zaydiyya0000229,18,451,897,80,21
120,199,974,Zaydiyya0000069,62,813,1560,552,85
120,974,1334,Zaydiyya0000069,63,0,342,266,88
120,193,923,Zaydiyya0000275BK1,234,619,1420,472,66
120,995,1389,Zaydiyya0000275BK1,235,298,682,269,83
120,59,631,Shia000812Vols,98,909,1423,394,86
120,631,1334,Shia000812Vols,99,0,697,548,93
121,215,910,Zaydiyya0000054,145,468,1070,383,62
121,886,1379,Zaydiyya0000049,247,10,604,323,64
121,233,910,Zaydiyya0000049,264,107,832,402,60
121,886,1311,Zaydiyya0000004,172,26,510,296,71
121,127,670,Zaydiyya0000004,190,936,1456,278,56
121,292,820,Zaydiyya0000004,191,16,360,238,57
121,886,1311,Zaydiyya0000260,48,430,911,274,64
121,227,753,Zaydiyya0000260,53,476,885,273,63
121,215,665,Sham19Y0017747,690,668,1048,253,67
121,931,1279,Shia001131Vols,183,14,320,199,64
121,215,733,Zaydiyya0000390Vols,102,434,832,288,68
121,233,820,Zaydiyya0000052,40,363,958,435,88
121,215,733,Zaydiyya0000361,359,417,886,361,86
121,163,733,Zaydiyya0000267,403,387,833,298,64
121,886,1279,Zaydiyya0000149,192,44,399,232,63
121,163,824,Zaydiyya0000149,215,401,968,347,58
121,886,1279,Shia001432Vols,25612,406,741,227,67
121,150,900,Zaydiyya0000015,1626,548,1170,406,63
122,1204,1494,Zaydiyya0000004,664,314,626,213,84
122,1208,1477,ShamAY0034134,972,622,880,175,77
122,1238,1477,Zaydiyya0000260,55,833,1072,183,91
122,1208,1477,JK001249,132,316,561,175,81
122,1322,1477,Kraken220413030905,341,1359,1516,116,91
122,1188,1477,JK000022,1487,64,321,175,74
122,1188,1477,Shia001237Vols,478,973,1226,175,76
122,1224,1477,Sham19Y0023625,1332,0,230,168,82
122,1322,1481,Sham19Y0038171,836,833,1004,120,84
122,1322,1481,ShamAY0035035,3300,487,659,120,84
122,1188,1481,ShamAY0032921,75,923,1180,181,77
122,485,678,Rafed0002654Vols,12837,1042,1260,130,71
122,421,689,Shamela0023718,212,217,477,152,63
122,1262,1477,JK009390,869,273,725,150,41
122,1188,1477,JK000943,142,159,427,178,76
122,1184,1477,Zaydiyya0000052,125,449,742,205,86
122,1262,1477,JK008001,6037,397,823,124,31
122,1287,1477,Zaydiyya0000217,65,0,190,144,94
122,1188,1481,JK000829,87,592,860,169,70
122,485,678,Shia004092Vols,12764,883,1101,130,71
122,1220,1481,Shia001401,29,23,274,182,84
122,1220,1481,Shia001432Vols,25645,992,1238,178,83
122,1262,1477,JK001297,459,558,756,151,86
122,1188,1477,JK000675,302,379,649,177,75
122,384,683,ShamAY0038440,142,644,1107,202,54
122,1220,1477,Sham19Y0017817,66,291,533,169,78
123,679,1134,Masaha001946Vols,897,967,1419,336,87
123,245,580,Masaha001946Vols,898,631,944,235,86
123,409,557,JK005021,534,0,153,107,80
123,264,580,JK000533,693,827,1129,235,91
123,698,1123,JK000533,694,869,1364,207,47
123,674,1139,Shamela0012034,454,170,562,248,58
123,689,1082,JK006670,53,627,977,174,50
123,264,580,JK006670,56,762,1059,228,87
123,290,576,Shia000234Vols,1293,944,1239,227,93
123,343,1153,JK007044,6565,927,1433,372,56
123,70,596,Zaydiyya0000070,79,1109,1519,272,62
123,264,1146,JK006838,1735,215,1148,532,62
123,698,1146,Shamela0010798,2619,588,1030,336,90
123,698,1139,Shamela0004445,491,1064,1493,332,91
123,264,596,Shamela0004445,2485,990,1334,245,85
123,698,1134,Shamela0004445,2486,54,481,327,91
123,295,557,Sham19Y0038171,2415,95,337,157,70
123,264,587,Sham19Y0038171,2417,105,432,244,90
123,306,1146,JK001236,230,9,782,556,79
123,264,508,ShamAY0035035,9547,1265,1503,181,92
123,319,892,JK009313,5593,815,1463,297,46
123,698,1146,JK000916,6112,103,545,338,91
123,508,1146,ShamAY0034059,3860,0,357,262,49
123,264,1146,ShamAY0034447,1548,205,1244,553,60
123,240,1090,JK001303,871,456,1124,476,66
123,674,1146,JK000906,6188,995,1393,256,59
123,264,596,Shamela0001524,3543,1065,1419,243,81
123,702,1146,Shamela0001524,3544,339,797,321,82
123,444,1069,JK000829,86,900,1475,372,71
123,272,587,JK000829,87,77,387,224,84
123,264,604,Shia004092Vols,3673,159,505,256,87
123,290,1301,Shia001401,71,476,1309,581,69
123,290,810,Shia001432Vols,25608,1088,1513,310,71
123,810,1146,Shia001432Vols,25609,0,334,248,90
123,679,1301,Shamela0021766,2613,407,910,251,41
123,689,1170,ShamAY0036182,154,772,1147,244,58
123,264,1146,JK000467,1400,210,1138,587,69
123,698,1146,Shia003721Vols,401,264,703,332,90
124,1397,1525,Shamela0008970,39,581,710,96,86
124,101,739,ShamAY0034134,1003,335,832,313,55
124,220,739,Shamela0009429,2764,284,1096,337,49
124,126,570,Zaydiyya0000260,55,1167,1604,315,81
124,570,739,Zaydiyya0000260,56,0,169,133,97
124,116,739,Sham19Y0013783,687,141,600,313,58
124,126,443,JK001012,310,1184,1480,221,80
124,448,739,JK001012,311,0,304,207,81
124,1171,1379,Shamela0030623Vols,6,346,540,152,90
124,1171,1379,Shamela0030623Vols,300,540,745,160,95
124,135,739,JK007044,2037,304,902,417,79
124,101,739,Shamela0036446,299,763,1239,302,53
124,101,739,ShamAY0034300,27,94,795,384,62
124,126,714,Shia001153,34,0,458,180,30
124,1201,1523,JK000735,33,76,434,187,56
124,1225,1525,JK000130,1164,865,1282,191,55
124,179,739,Shamela0001438,7608,853,1411,408,82
124,220,622,JK009236,124,566,1006,257,69
124,570,739,JK010738,265,127,385,98,46
124,244,739,Shia001237Vols,405,76,1009,321,40
124,308,673,Shamela0010517,813,0,234,169,53
124,101,622,Shamela0026556,7,1043,1409,223,50
124,244,739,Sham19Y0023625,1364,5,381,256,59
124,295,793,Shia004021,205,13,594,254,46
124,183,739,JK005004,981,67,761,354,56
124,220,739,Shia002165,9,616,1207,268,48
124,101,760,Shamela0022301,17,378,935,270,43
124,101,749,JK001236,229,718,1385,418,71
124,126,739,JK001186,29,198,808,287,42
124,101,714,JK001336,884,877,1458,341,64
124,106,731,Zaydiyya0000140,7,679,1292,267,39
124,183,673,JK005005,820,933,1438,316,68
124,101,622,Zaydiyya0000013,172,962,1329,226,52
124,116,739,Shamela0021809,2511,226,658,306,57
124,101,739,EScr20120309,143,656,1440,371,53
124,1225,1525,ShamAY0033910,1155,241,658,191,55
124,1225,1525,PV2024060602,8245,1015,1432,191,55
124,1171,1379,JK009153,126,1024,1229,160,95
124,96,739,ShamIbadiyya0000229,2099,533,1175,415,71
124,116,739,JK000916,23175,795,1529,374,55
124,101,760,JK000916,23176,284,794,307,50
124,1171,1379,Shamela0012750,23,1080,1281,152,91
124,121,739,JK009390,3321,9,438,289,54
124,130,739,JK009390,3893,114,747,418,75
124,101,739,JK009390,3914,518,1238,451,73
124,121,483,JK008001,6126,1052,1438,226,65
124,483,739,JK008001,6127,0,271,196,86
124,101,739,Zaydiyya0000217,66,17,657,480,88
124,1225,1525,JK000475,1689,410,832,190,54
124,101,673,JK000829,88,531,986,266,48
124,101,756,JK000474,3935,377,1050,455,77
124,1171,1379,JK009226,395,1004,1214,164,98
124,130,739,JK009226,1015,0,578,437,84
124,1171,1525,JK009226,1022,295,780,271,70
124,265,739,JK000883,23,0,338,238,57
124,179,739,Sham19Y0127677,5336,612,1161,395,79
124,126,644,Shia001401,70,779,1258,309,66
124,529,793,Shia001432Vols,25608,4,705,161,28
124,101,739,JK000675,315,82,600,316,53
124,101,731,Shamela0021554,69,358,1081,301,42
124,793,1079,Zaydiyya0000352,369,1135,1463,220,81
124,101,739,JK000467,1650,117,618,328,58
124,101,739,Shamela0021494,167,858,1329,308,54
125,712,1382,Sham19Y0029676,818,173,820,445,77
125,696,1382,JK009379,57,5,596,422,73
125,720,1061,Shamela0001875,563,1144,1474,256,92
125,1061,1382,Shamela0001875,564,4,304,204,73
125,806,1382,AOCP20251104103Vols,70,0,564,400,81
125,653,1240,Shamela0010463,366,852,1462,385,76
125,720,1277,Sham19Y0014119,17,908,1445,381,80
125,720,1088,Shamela0021536,113,1070,1445,276,89
125,1088,1382,Shamela0021536,114,0,276,192,76
125,720,1382,JK000030,172,369,1054,482,85
125,720,1382,Shamela0000041,1361,589,1193,406,72
125,772,1277,Kraken22021606121901,71,189,679,354,83
125,772,1382,Shamela0021659,106,789,1375,423,83
125,772,1382,Shia004047,44,642,1242,418,79
125,720,1382,JK009141,728,379,1023,462,82
125,262,530,JK009141,1133,0,289,196,80
125,889,1382,Sham19Y0016934,1186,0,466,328,79
125,772,1382,Shamela0036446,300,673,1267,426,83
125,820,1150,Sham19Y0145212,220,978,1327,231,78
125,979,1387,Sham19Y0145212,221,475,899,184,44
125,653,1325,ShamAY0035960,590,691,1459,432,65
125,262,530,Shamela0009810,1435,0,293,196,78
125,693,1357,Sham19Y0013614,61,870,1560,451,75
125,252,530,Kraken220413202218,219,795,1100,190,73
125,772,1382,Shamela0001438,537,276,863,424,83
125,712,1378,Shamela0010900,6,594,1323,465,75
125,748,1382,JK011730,288,512,1132,423,78
125,720,1387,ShamAY0035900,20,5,681,464,81
125,720,1387,Sham19Y0014592,2258,774,1500,430,68
125,720,1061,JK000913,2380,163,501,249,87
125,252,530,JK009191,101,819,1127,198,74
125,944,1382,JK000314,27,0,473,301,78
125,748,1306,Sham19Y0122257,206,619,1152,364,79
125,262,748,Sham19Y0020879,496,0,505,242,55
125,720,1387,JK007107,353,560,1215,459,80
125,936,1387,JK000381,990,0,448,293,76
125,720,1362,JK000585,4232,208,799,358,63
125,895,1189,Shamela0011468BK2,326,0,298,202,81
125,200,682,ShamAY0034005,1156,65,672,243,46
125,252,682,JK000141,758,15,488,231,47
125,200,523,JK000110,1718,239,603,214,66
125,720,1088,JK009336,3174,1071,1453,270,86
125,1088,1382,JK009336,3175,0,283,197,78
125,720,1061,Sham19Y0038171,2497,928,1435,232,55
125,1050,1382,Sham19Y0038171,2498,6,494,225,55
125,720,1382,Shamela0008473,2634,23,677,472,84
125,748,1382,ShamAY0035746,35,419,1011,417,77
125,720,1382,Sham19Y0016976,167,768,1411,453,79
125,720,1069,ShamAY0035035,9789,959,1535,231,49
125,1069,1382,ShamAY0035035,9790,12,458,215,58
125,871,1393,JK000140,375,0,516,363,82
125,200,687,JK000140,1168,768,1306,267,56
125,720,910,Shamela0000782,382,1295,1482,144,92
125,918,1393,Shamela0000782,383,5,473,329,81
125,200,687,Shamela0000782,1209,739,1318,264,53
125,38,530,JK008250Vols,586,758,1222,256,57
125,693,1289,JK000001,3217,920,1498,365,72
125,720,1088,JK007114,320,1114,1498,272,86
125,806,1382,JK009274,118,0,587,401,79
125,720,1150,JK010242,11,1067,1472,296,81
125,81,530,Sham19Y0132974,76,863,1184,221,58
125,712,1378,Sham19Y0132973,82,19,700,473,83
125,200,523,PV2024060602,1718,239,603,214,67
125,38,682,PV2024060602,4476,42,717,286,39
125,720,1124,PV2024060602,6159,1029,1432,296,89
125,1127,1393,PV2024060602,6160,0,253,181,79
125,200,687,PV2024060602,6953,492,1030,267,56
125,200,530,JK009153,127,719,1059,258,92
125,720,1248,JK000080,1230,962,1501,373,82
125,200,530,JK000564,11,543,910,227,72
125,720,1378,JK000630,171,815,1453,392,69
125,720,1277,JK000764,539,659,1401,354,55
125,200,523,JK000916,12839,61,421,211,66
125,653,1382,JK000097,548,157,1008,472,64
125,724,1165,Kraken22021606123201,341,1030,1500,298,74
125,1172,1378,Kraken22021606123201,342,0,211,141,80
125,752,986,JK009390,177,1138,1372,165,83
125,986,1382,JK009390,178,0,386,264,78
125,720,1160,Sham19Y0148271,1515,1054,1499,323,87
125,1160,1410,Sham19Y0148271,1516,0,263,161,68
125,200,530,Sham19Y0148271,2220,225,589,209,64
125,772,1393,JK008001,6067,358,956,429,82
125,720,1382,JK009158,289,103,797,451,76
125,720,1382,Sham19Y0001729,1090,644,1312,440,76
125,696,1145,JK001227,118,995,1425,308,83
125,252,523,Shamela0004482,505,875,1180,182,68
125,720,1387,JK007045,30,358,992,455,81
125,734,1382,Sham19Y0017063,46,190,796,438,80
125,200,523,Sham19Y0013252,9203,603,967,214,66
125,200,693,Shamela0026668,108,928,1434,267,57
125,144,682,Shamela0026668,321,598,1181,271,49
125,200,530,JK009226,408,1019,1364,264,94
125,31,187,JK009226,1023,235,392,126,99
125,200,530,JK009226,1025,1034,1376,258,92
125,720,1382,JK009226,1026,144,890,506,85
125,720,1382,JK000056,64,86,770,441,74
125,720,1061,Shamela0012884,2857,1172,1500,244,87
125,720,1072,Shamela0023628,2076,1098,1440,246,83
125,1072,1382,Shamela0023628,2077,3,319,208,76
125,228,530,ShamAY0034338,28,63,414,210,69
125,720,1140,Shamela0012981,2010,1048,1446,272,78
125,1140,1387,Shamela0012981,2011,0,270,150,64
125,772,1341,Sham19Y0127677,237,909,1415,368,78
125,200,682,Shamela0025794,4992,247,700,246,51
125,748,1382,Shia001432Vols,1715,26,633,420,77
125,730,1382,Shamela0005756,3908,353,997,461,83
125,720,1072,Shamela0005756,5078,1110,1468,265,90
125,200,523,Shamela0005756,14093,1044,1408,214,66
125,720,1382,JK000707,175,113,802,441,75
125,200,530,Zaydiyya0000015,1597,1059,1379,255,95
125,720,1382,Zaydiyya0000015,1623,636,1301,499,91
125,720,1240,Shamela0021766,2303,1065,1549,355,81
125,720,1382,Sham19Y0017791,93,769,1412,453,79
125,200,523,Sham19Y0018176,2310,412,776,214,66
125,200,530,JK000467,628,930,1319,223,67
125,720,1306,Sham19Y0017817,105,884,1539,404,74
125,720,1137,ShamIbadiyya0000279,345,1077,1497,305,87
125,1140,1393,ShamIbadiyya0000279,346,4,243,172,79
126,834,1358,Zaydiyya0000054,221,1044,1526,275,60
126,1398,1583,Zaydiyya0000054,222,12,239,142,77
126,1196,1461,JK000021,1288,609,937,177,65
126,834,1254,Shamela0005539,317,1103,1476,180,44
126,1156,1461,Shamela0029774,4,474,930,202,55
126,1087,1583,Sham19Y0017747,1063,277,836,341,70
126,1080,1587,Shamela0012293,2520,125,627,347,82
126,1343,1464,Sham19Y0017529,25,601,780,90,63
126,1087,1583,Sham19Y0016934,2107,596,1152,341,74
126,776,1294,Sham19Y0020699,587,1023,1512,225,42
126,1294,1583,Sham19Y0020699,588,0,292,201,81
126,1168,1583,Shamela0022881,119,18,475,285,76
126,1080,1348,Shamela0031372,108,1029,1264,163,70
126,1080,1503,Shamela0031372,110,1135,1513,263,73
126,815,1583,JK011153,1493,94,845,406,58
126,1181,1583,JK001249,186,0,407,276,78
126,1091,1587,Shamela0004473,5621,0,576,262,47
126,1087,1583,JK007021,254,120,699,350,72
126,1080,1583,Sham19Y0014325,2454,83,581,361,86
126,1058,1583,Shia004520,22,242,882,341,61
126,1151,1583,MMS00030,624,946,1341,260,72
126,1080,1583,Sham19Y0014592,2245,766,1280,299,62
126,1087,1583,JK000913,3823,844,1330,345,83
126,1080,1583,Shamela0021721,1188,665,1208,346,74
126,1080,1461,Sham19Y0023625,1687,386,849,242,63
126,1105,1583,JK001226,238,732,1223,285,66
126,738,1039,JK001226,254,0,198,157,64
126,1028,1583,JK009148,133,414,904,343,76
126,1080,1583,ShamIbadiyya0000050,1763,778,1272,312,69
126,834,1583,ShamAY0038409,130,508,1227,379,51
126,1205,1583,Zaydiyya0000264,232,0,471,260,64
126,1080,1583,Shamela0008473,1280,441,929,361,87
126,1080,1303,JK000154,1673,1222,1440,176,95
126,1303,1583,JK000154,1674,0,284,198,84
126,1080,1461,Shamela0030868,222,534,951,263,73
126,1080,1503,Zaydiyya0000220,41,1240,1624,295,86
126,1101,1583,Masaha004105Vols,210,692,1352,310,56
126,1080,1583,JK007041,2525,572,1084,354,81
126,1080,1386,Shamela0096232,122,1147,1451,224,86
126,1087,1580,Shamela0026764,17,93,570,340,82
126,1080,1583,Shamela0007663,119,109,729,359,69
126,721,1039,Zaydiyya0000142,1550,393,580,149,57
126,1065,1583,Shamela0001391,166,745,1264,352,79
126,730,1039,Shamela0096257,607,413,569,120,48
126,1080,1583,Shamela0009943,400,80,543,308,71
126,834,1583,Zaydiyya0000053,707,580,1353,389,47
126,1080,1464,Shia004046,30,1343,1585,157,51
126,1080,1583,JK009139,1727,716,1160,282,67
126,1105,1583,Shia004509,54,713,1272,295,62
126,721,1039,Shia004509,61,7,196,149,57
126,730,1039,Shia004509,138,935,1141,157,63
126,1080,1583,JK000787BK2,890,381,875,368,89
126,1070,1583,Shamela0012750,305,344,930,225,37
126,1080,1580,Zaydiyya0000361,574,1068,1571,388,92
126,734,1039,Shamela0023645,253,1020,1199,142,57
126,734,1039,Shamela0001524,3586,493,672,143,57
126,1191,1583,ShamAY0033627,41,460,1157,245,42
126,1080,1583,Shamela0001717,921,996,1486,351,84
126,1080,1542,Shamela0000894,790,1169,1614,290,67
126,1080,1398,JK001011,80,1263,1567,225,86
126,1343,1461,Shamela0023644,736,1141,1350,86,51
126,1080,1338,Sham19Y0023618,410,1345,1594,189,86
126,1338,1583,Sham19Y0023618,411,0,255,161,73
126,1080,1583,JK000148,1148,997,1494,362,86
126,1070,1208,Tafsir07057,1194,1465,1598,102,89
126,1208,1583,Tafsir07057,1195,0,311,202,64
126,734,1039,JK007084,258,642,862,159,63
126,1058,1583,JK007084,853,672,1217,364,80
126,1080,1583,Tafsir09084,564,518,1006,361,87
127,112,643,Shia003727Vols,125,315,1139,204,25
127,506,648,Rafed0003228Vols,83,838,1008,101,74
127,486,643,Shia001171,172,746,968,113,64
127,494,643,Shia001171,539,99,255,103,82
127,525,643,Shia003707Vols,445,860,967,82,88
127,539,643,Shia001349Vols,957,556,658,78,95
127,539,643,Masaha001978Vols,305,950,1053,79,96
127,539,643,Shamela0009229,520,30,133,79,96
127,506,648,Shamela0005816,1741,282,409,86,75
127,490,643,Shia003757,673,1236,1418,94,65
127,539,643,Shia003757,694,290,393,79,96
127,1106,1496,Zaydiyya0000328,275,452,993,208,42
127,539,1086,Zaydiyya0000328,498,1021,1533,248,46
127,539,643,Hindawi019395315,64,658,761,76,93
127,201,328,MMS00030,514,53,163,83,84
127,490,706,ShamAY0033599,210,510,840,120,46
127,239,696,Shamela0001515,340,419,800,186,48
127,486,643,Shia001134,429,267,480,100,60
127,539,643,Shamela0004445,3678,1294,1397,73,90
127,539,643,LAL2013020401BK1,66,656,759,76,93
127,539,648,Shia003729Vols,214,251,359,75,88
127,1106,1496,Zaydiyya0000355,78,49,540,188,43
127,539,696,JK010344,511,287,439,97,78
127,539,648,Shamela0036357,2257,807,915,74,88
127,788,921,Shamela0026552,206,259,399,99,89
127,494,643,Shamela0023578,175,1242,1374,85,74
127,539,643,Shia003636Vols,916,992,1095,79,96
127,539,701,Zaydiyya0000142,3349,819,1094,105,48
127,1042,1496,Zaydiyya0000229,83,90,618,202,39
127,486,643,Shamela0023789,622,1021,1197,98,71
127,490,643,Rafed0002654Vols,6748,199,394,99,63
127,539,643,Shamela0028453,79,540,643,76,93
127,539,908,Shia003691,15,1150,1500,242,77
127,1008,1384,Zaydiyya0000037Vols,916,1169,1541,228,65
127,539,648,JK000916,8703,1332,1440,75,88
127,539,643,JK000916,8705,824,925,66,82
127,539,643,JK000916,16640,988,1091,72,89
127,1053,1505,Zaydiyya0000086,22,464,1135,198,30
127,506,643,JK009325,913,1321,1453,93,86
127,539,643,JK010724,7,514,617,76,93
127,490,643,Shia003702,160,266,403,85,63
127,1208,1443,Kraken220413203004,11,1066,1461,151,48
127,591,921,Kraken220413203004,130,933,1274,199,62
127,1250,1509,Kraken220413203004,637,49,445,172,54
127,539,643,Shia004092Vols,4181,1233,1336,71,88
127,490,643,Shia004092Vols,7062,180,375,99,63
127,481,643,Shia004092Vols,9431,661,1182,99,23
127,351,643,Shia001615Vols,1003,719,1140,148,39
127,127,643,Zaydiyya0000035,45,836,1308,161,29
127,494,643,Shia001432Vols,14407,805,988,93,63
127,539,643,Shia001432Vols,14438,608,711,79,96
127,464,643,Shia001432Vols,24516,1168,1350,85,54
127,686,916,Zaydiyya0000098,491,134,380,119,48
127,1106,1505,Zaydiyya0000352,91,52,603,216,43
127,539,643,JK006907,85,801,904,76,93
127,506,643,JK000467,1519,1017,1159,81,67
127,788,916,Shamela0006744,160,1196,1327,99,95
127,1268,1505,Masaha002880Vols,367,20,390,154,51
128,537,906,Shamela0008970,198,152,700,249,52
128,333,1016,Sham19Y0018610,112,63,948,389,49
128,333,964,JK007083,107,258,954,423,71
128,561,906,ShamAY0038405,179,996,1331,165,54
128,537,730,ShamAY0034134,1076,81,269,136,81
128,386,629,Shamela0000140,1110,903,1420,155,35
128,163,899,JK009137,1480,273,1527,434,39
128,675,906,Sham19Y0013784,265,11,212,147,80
128,156,730,Rafed0000040Vols,998,486,1055,297,50
128,537,915,Shamela0012027,242,850,1398,260,55
128,743,906,Shamela0031372,392,1087,1244,122,91
128,543,1009,JK000350,85,696,1224,231,47
128,23,500,JK000485,917,927,1429,262,57
128,322,906,Shamela0007597,263,493,1221,378,58
128,333,1028,JK001249,152,1028,1353,219,38
128,349,730,JK001249,153,119,493,183,54
128,580,743,JK000123,548,0,491,101,23
128,743,906,ShamAY0038419,102,1196,1368,122,86
128,349,788,JK009336,3165,695,1167,256,59
128,537,964,Shamela0009111,64,53,486,275,72
128,543,906,Shamela0008381,2064,316,661,258,84
128,322,1028,Shamela0007664,278,1230,1615,184,29
128,537,730,Shamela0000767,1058,65,263,147,87
128,629,1028,Zaydiyya0000142,1584,557,1119,235,47
128,23,287,JK009153,203,263,507,190,87
128,322,580,ShamIbadiyya0000229,2147,1032,1283,173,81
128,333,906,ShamAY0034640,1,647,1307,261,38
128,529,730,JK000787BK2,574,835,1028,150,92
128,322,730,Shamela0011079,116,941,1656,269,43
128,362,1028,Shamela0006610,417,674,1426,405,59
128,683,1028,JK001227,207,0,534,195,42
128,23,287,JK009226,347,1230,1498,211,97
128,537,788,JK007065,215,263,534,180,81
128,23,287,Shamela0025794,4831,137,392,180,80
128,415,769,JK000087,174,0,623,227,42
128,207,964,JK000148,739,490,1298,364,46
128,333,823,Shamela0012014,158,1035,1549,350,80
129,185,298,JK007085,325,743,866,81,84
129,116,377,Zaydiyya0000004,193,1027,1448,140,39
129,1235,1512,Shamela0010463,370,38,311,127,51
129,1015,1208,Shamela0021536,15,604,827,111,53
129,133,364,Shamela0021536,75,19,235,143,78
129,162,298,Shia004012,191,287,417,102,95
129,171,364,Sham19Y0013784,175,950,1151,113,73
129,1392,1512,Sham19Y0016618,197,269,392,89,90
129,158,369,Zaydiyya0000121,4,471,659,135,82
129,1032,1264,JK000637,735,713,1006,135,52
129,176,374,Shamela0000432,2414,1046,1295,110,57
129,176,374,Shamela0021744,1486,250,433,112,69
129,176,345,JK000170,1970,1104,1252,102,75
129,200,345,JK007044,2031,70,247,93,67
129,158,374,Zaydiyya0000070,80,1072,1266,139,81
129,133,298,JK000281,1321,252,405,110,84
129,1060,1208,Shamela0001438,1704,1328,1507,97,59
129,200,364,JK000201,1325,62,262,105,68
129,176,354,JK009236,74,281,451,99,71
129,176,374,JK011730,620,1071,1267,109,70
129,176,298,Sham19Y0149697,1753,644,767,92,91
129,176,374,JK000299,1256,959,1143,114,72
129,120,381,Shia002389Vols,3369,884,1131,141,66
129,200,462,JK005202,655,251,685,161,45
129,302,462,Shamela0011789,17,1113,1298,106,70
129,318,458,JK000520,227,1205,1341,103,95
129,137,369,Zaydiyya0000030,23,926,1124,138,75
129,185,345,Sham19Y0150960,237,194,374,94,64
129,158,364,Shamela0021315,232,1144,1435,127,55
129,1392,1512,Zaydiyya0000013,166,1000,1125,93,94
129,1023,1249,Sham19Y0132973,26,571,859,118,44
129,1388,1512,Sham19Y0132973,84,1190,1320,92,88
129,200,364,Sham19Y0132973,233,1214,1376,101,73
129,1388,1512,JK009160,189,68,201,92,86
129,1023,1208,JK009390,890,122,344,111,55
129,1032,1208,JK001227,22,567,767,106,56
129,200,298,JK001227,286,1306,1405,77,98
129,1015,1208,JK000474,2295,958,1183,119,57
129,318,462,JK009226,706,683,826,110,99
129,1015,1208,JK009226,1006,1239,1469,122,59
129,1060,1208,Sham19Y0127677,766,166,345,97,59
129,176,302,ShamAY0033181,402,559,681,90,87
129,176,302,ShamAY0033181,687,604,728,82,82
129,176,364,JK005200,619,0,183,115,78
130,977,1406,Shamela0009567,1051,555,977,200,46
130,619,955,Shamela0037458,2882,0,283,221,78
130,990,1406,Shamela0003118,5619,239,613,199,47
130,596,955,JK000085,27,463,853,281,85
130,1165,1406,Sham19Y0038171,2535,571,834,175,82
130,720,1400,Shamela0021765,2786,253,723,243,38
130,1165,1423,Shamela0008473,5024,137,428,175,72
130,1165,1406,ShamAY0035035,9887,1165,1429,175,82
130,977,1406,Zaydiyya0000013,227,580,1230,315,60
130,1165,1406,Shamela0021809,2908,26,293,162,72
130,639,955,Sham19Y0132973,457,1113,1382,210,79
130,1165,1406,ShamAY0032891,23,662,919,156,70
130,512,955,Zaydiyya0000024,91,1122,1520,300,80
130,1165,1406,JK000916,19317,1211,1492,174,75
130,1188,1406,JK009390,1171,385,606,161,89
130,1165,1419,Sham19Y0148271,788,1096,1370,174,74
130,1188,1406,JK008001,5577,759,1141,155,50
130,1165,1406,Shamela0012736,17,766,1046,167,73
130,1165,1406,Shia002069Vols,494,735,1017,176,77
130,1184,1406,JK000474,1850,816,1036,164,89
130,1224,1406,JK000062,25,0,173,123,83
130,982,1406,Sham19Y0127677,1280,645,1009,201,58
130,1162,1406,Sham19Y0127677,1282,48,283,170,86
130,1165,1406,Shamela0025794,4259,968,1231,169,76
130,1165,1406,Shamela0026892,16,1002,1218,136,62
130,1170,1406,JK001297,170,738,961,163,83
130,596,955,JK000465,2759,558,866,239,80
130,512,955,Shamela0021766,3449,343,685,247,66
131,1032,1435,Shamela0003118,1419,1027,1518,245,55
131,1243,1572,EScript202304041356,5,19,334,247,90
131,254,622,Zaydiyya0000259,158,1231,1593,283,94
131,1032,1572,Shamela0022593,1309,94,808,312,47
131,1036,1572,Sham19Y0038171,2369,75,834,349,52
131,1032,1552,Shamela0021765,641,794,1544,341,51
131,1032,1572,Shamela0008473,2639,733,1504,345,50
131,1032,1572,Shamela0011757,1,648,1422,362,53
131,1182,1572,ShamAY0035035,9473,32,612,246,49
131,1032,1572,Shia004526,61,85,814,333,51
131,1032,1572,JK000916,3836,341,1114,348,51
131,1032,1572,JK006801,1233,462,1230,360,53
131,1182,1572,JK001227,49,248,822,266,53
131,991,1572,JK009226,997,794,1432,446,83
131,1032,1572,Shamela0012884,4884,100,830,341,52
132,216,661,EScript202304041356,6,808,1372,309,66
132,385,655,Sham19Y0038171,2372,565,874,133,52
132,216,485,Shamela0021765,643,1226,1543,115,40
132,216,485,Shamela0011757,3,1170,1488,109,38
132,829,1377,JK010242,1,373,952,188,30
132,216,655,JK000916,3838,716,1434,173,24
132,216,661,JK009226,999,95,539,331,90
133,1164,1293,Shamela0011363,381,578,692,85,84
133,254,432,Shamela0037458,659,998,1165,128,91
133,1171,1297,Sham19Y0014119,538,135,259,92,94
133,1171,1297,JK000055,7,444,568,92,94
133,1171,1297,JK000030,143,1359,1483,92,94
133,1171,1297,Shamela0000041,1587,136,258,88,91
133,1171,1297,Shamela0021659,1333,252,342,65,67
133,111,450,JK007044,5625,264,808,236,54
133,1171,1297,Sham19Y0145212,3334,995,1119,92,94
133,1171,1297,JK000022,2956,397,501,77,80
133,1171,1297,Shamela0001466,1802,949,1071,89,92
133,1171,1297,Shamela0001438,3593,327,417,65,67
133,1174,1297,JK000201,3158,0,236,76,42
133,1171,1297,Shamela0010900,29,915,1036,89,91
133,1171,1297,Sham19Y0014592,712,816,940,92,94
133,1174,1297,JK007063,367,42,161,86,91
133,1154,1297,Sham19Y0018272,1934,221,349,71,57
133,1154,1297,JK009152,2501,786,937,95,80
133,1171,1297,JK007070,884,1341,1465,92,94
133,1174,1293,Zaydiyya0000259,153,1016,1131,85,91
133,1154,1297,ShamIbadiyya0000050,3858,766,909,96,85
133,1171,1297,JK009336,3176,1300,1390,65,67
133,1171,1297,Shia002261Vols,393,992,1082,65,67
133,1171,1297,Sham19Y0016976,1653,620,744,92,94
133,1146,1297,ShamAY0035035,9395,48,190,100,86
133,204,450,ShamAY0035035,9400,773,1051,158,69
133,1171,1297,JK000140,799,697,821,92,94
133,1171,1297,Shamela0000782,819,1037,1161,92,94
133,1171,1297,JK009274,850,239,329,65,67
133,55,345,JK010242,1,977,1475,138,32
133,1171,1297,PV2024060602,6584,422,546,92,94
133,1171,1297,JK000080,1159,1033,1157,92,94
133,1171,1297,JK009390,2013,1078,1168,65,67
133,204,450,JK001227,10,1098,1364,158,73
133,1171,1297,JK001227,17,949,1073,92,94
133,1171,1297,JK007045,821,347,471,92,94
133,1171,1297,Sham19Y0017063,1402,221,349,91,90
133,1154,1297,Sham19Y0013252,9241,1259,1397,103,92
133,1171,1297,JK009226,554,1233,1357,90,92
133,1171,1297,JK001288,145,782,906,92,94
133,214,450,Shamela0012884,1184,1186,1410,156,84
133,1171,1297,Shamela0023628,2379,901,1022,88,91
133,1154,1297,Sham19Y0127677,1909,496,602,72,66
133,1171,1297,JK000298,4488,587,730,91,81
133,188,432,JK000465,686,544,798,160,71
133,1171,1297,Shamela0021766,2653,1392,1510,84,87
133,1154,1293,JK000071,533,793,917,89,82
133,1164,1297,Shia002264,543,1302,1433,98,94
134,568,721,Shamela0004473,1593,1539,1685,115,89
134,820,1026,Shamela0001438,1879,510,674,115,67
134,172,474,JK010242,2,248,452,131,54
134,775,1137,JK010242,8,81,352,202,70
134,793,1026,JK009390,1005,814,1009,124,64
134,788,1035,Masaha000554Vols,6053,739,1004,187,89
134,248,631,JK001227,11,427,966,151,28
134,775,1039,JK001227,76,248,505,187,89
134,775,1039,Tafsir04056,6958,1014,1279,197,94
134,775,1026,Shamela0012884,4888,1174,1421,189,95
134,568,820,Shamela0021766,2980,1109,1366,148,67
135,435,845,JK009241,780,1103,1406,190,56
135,655,830,JK000637,805,1282,1485,130,76
135,655,827,Shamela0000432,4009,1429,1603,127,84
135,480,649,Shamela0012738,211,589,768,114,76
135,686,845,Shamela0001438,1483,697,860,125,92
135,390,649,Shamela0010900,19,1120,1358,154,70
135,1061,1400,JK000314,49,45,404,257,85
135,225,381,JK009321,279,261,417,122,93
135,670,845,Sham19Y0020879,502,1242,1404,119,80
135,238,381,Sham19Y0038171,2361,402,546,110,90
135,399,649,Sham19Y0038171,2483,555,869,147,54
135,1032,1400,Sham19Y0038171,2518,10,400,280,87
135,670,845,Shamela0008473,2635,881,1066,132,86
135,1043,1400,Shamela0008353,447,102,479,269,87
135,390,649,Shamela0008353,491,302,555,151,68
135,385,649,ShamAY0035035,9752,203,532,146,52
135,1032,1400,ShamAY0035035,9815,74,465,269,84
135,686,845,JK008250Vols,549,15,175,119,86
135,238,390,JK000001,3141,1242,1391,114,88
135,390,649,JK000001,3208,649,885,140,62
135,1026,1376,JK006884,14,369,681,236,81
135,390,947,JK010242,9,477,1008,363,75
135,1016,1400,JK010242,10,1069,1440,283,87
135,390,649,Sham19Y0132973,66,1189,1430,150,67
135,649,852,Sham19Y0132973,72,138,341,155,91
135,1032,1400,Sham19Y0132973,117,754,1143,271,85
135,655,852,Shamela0009943,126,1210,1411,146,87
135,457,649,JK009390,889,1012,1222,129,75
135,686,845,JK009390,3237,101,265,121,89
135,435,845,Shamela0012862,209,481,842,171,39
135,408,649,JK001227,81,213,475,172,79
135,435,852,JK001227,82,224,530,197,57
135,1048,1400,JK001227,99,777,1169,279,87
135,649,845,JK001227,122,410,633,148,80
135,655,852,JK000906,5902,1358,1561,149,88
135,390,649,Shia002069Vols,377,990,1219,169,79
135,365,649,Shia002069Vols,848,341,586,167,72
135,390,649,JK000056,19,947,1170,139,63
135,390,649,Tafsir04056,7524,815,1048,173,81
135,385,649,Shamela0000894,5339,966,1211,173,80
135,365,649,Shamela0026566,177,677,947,167,68
135,670,845,Shamela0012981,2296,29,229,137,83
135,686,845,JK007074,642,316,476,124,92
135,1061,1393,Shamela0021494,325,623,977,249,86
136,1021,1273,Shamela0010437,243,454,1068,192,39
136,1021,1349,Sham19Y0014119,504,1007,1382,146,36
136,1021,1349,Shamela0021536,96,1064,1437,144,35
136,1021,1137,JK000030,132,1135,1441,89,36
136,1071,1265,Shamela0021659,379,0,443,125,36
136,1021,1354,Zaydiyya0000328,635,496,880,165,48
136,1021,1177,Shamela0036446,301,1156,1315,121,96
136,1021,1339,Sham19Y0145212,3186,1215,1578,147,41
136,1021,1349,Sham19Y0013614,719,1062,1435,145,35
136,1021,1177,Shamela0001438,7765,1143,1303,121,96
136,1021,1177,Shamela0001438,8338,1276,1439,121,93
136,1021,1177,Shamela0010900,16,667,823,119,94
136,1021,1177,Sham19Y0122257,2995,1342,1505,121,93
136,1021,1349,JK000216,127,443,1046,199,41
136,1021,1349,JK009336,3171,229,970,219,37
136,1021,1265,Shia002261Vols,77,476,985,162,41
136,1021,1177,Sham19Y0122096,859,1229,1388,121,96
136,1021,1177,Sham19Y0016976,1552,1241,1404,121,93
136,962,1177,ShamAY0035035,9758,1118,1467,139,47
136,1021,1265,JK000140,818,620,1243,159,30
136,1031,1265,Shamela0000782,840,0,618,151,29
136,1021,1265,JK009274,207,588,1084,161,41
136,967,1391,JK010242,11,275,700,262,73
136,1021,1177,Sham19Y0132973,86,184,335,113,90
136,1021,1278,JK009229,308,42,687,167,31
136,1021,1265,PV2024060602,6603,333,956,159,30
136,1021,1253,JK000080,1152,860,1456,165,34
136,1021,1265,JK009390,466,404,900,161,41
136,1021,1177,JK009390,5875,1135,1288,118,95
136,1021,1265,JK008001,6024,869,1374,162,41
136,1021,1177,JK008001,6100,1065,1218,119,96
136,1021,1177,JK010127,16,1173,1329,113,88
136,1119,1349,JK001227,101,0,610,140,29
136,1021,1330,JK000829,143,769,1457,193,33
136,1021,1215,Sham19Y0017063,1311,490,866,145,48
136,1123,1265,Sham19Y0127677,425,0,401,85,27
136,1021,1177,Sham19Y0127677,5488,1410,1570,121,96
136,1031,1349,Sham19Y0127677,5489,0,390,143,43
136,1021,1177,ShamAY0035000,64,67,220,113,86
136,1021,1354,Shamela0098087,341,76,637,124,21
136,1021,1349,Sham19Y0017791,1730,176,852,177,31
136,1021,1349,AOCP20251104125,95,988,1378,141,33
137,159,501,Shamela0007853,56,1214,1519,181,62
137,506,767,Shamela0007853,57,4,246,172,86
137,968,1217,Shamela0001875,509,234,577,183,64
137,178,750,Tafsir04040,1117,958,1487,285,59
137,169,767,Shia001171,534,803,1344,305,61
137,169,529,Shia001148,199,1093,1454,182,56
137,529,767,Shia001148,200,0,218,155,85
137,249,781,Shamela0030584,2,0,506,373,88
137,968,1083,Sham19Y0014119,193,1333,1459,85,83
137,937,1467,Shia004516,8,53,542,342,76
137,516,767,Shamela0021536,378,458,706,185,95
137,178,767,Sham19Y0020762,960,222,833,415,83
137,516,758,Sham19Y0016953Vols,648,719,1008,127,50
137,968,1221,JK009141,1166,79,382,123,44
137,937,1217,ShamAY0036018,445,889,1145,176,72
137,951,1217,Shamela0036446,906,1109,1329,155,71
137,968,1229,Sham19Y0145212,1536,251,517,176,78
137,222,587,JK009237,6058,1186,1492,194,69
137,587,844,JK009237,6059,0,232,157,79
137,968,1217,JK000022,877,854,1217,174,56
137,968,1330,Zaydiyya0000062,2063,1147,1525,185,49
137,928,1217,Sham19Y0014309,496,550,907,182,59
137,943,1211,Shamela0010900,32,635,975,182,61
137,173,791,Shamela0030586,17,0,600,445,90
137,968,1217,JK006838,1613,911,1114,126,60
137,968,1350,Sham19Y0122257,1273,191,537,185,53
137,159,659,Shia004021,228,1040,1521,352,87
137,127,767,Shia001134,2,569,1178,339,64
137,943,1217,Shamela0010460,40,830,1162,174,60
137,968,1229,Masaha002872,73,708,1062,174,59
137,968,1221,Shamela0008473,4838,596,928,173,60
137,137,781,Zaydiyya0000341,1,604,1222,445,86
137,178,767,JK000676,209,508,1037,285,58
137,968,1217,Shamela0003722,7652,356,697,169,59
137,968,1217,Sham19Y0016976,713,455,722,176,76
137,516,767,AOCP202502141237,47,971,1194,147,76
137,972,1163,JK000140,948,1195,1385,132,80
137,968,1221,Shamela0000782,976,456,818,180,59
137,951,1353,JK006884,27,803,1131,191,56
137,222,767,Zaydiyya0000013,122,28,536,331,74
137,968,1467,JK010242,15,838,1254,298,72
137,127,526,Shia001137,90,1085,1455,173,51
137,526,767,Shia001137,91,0,221,157,85
137,159,327,EScr20120309,283,1398,1549,112,80
137,333,767,EScr20120309,284,4,554,296,65
137,972,1221,PV2024060602,6733,925,1283,177,59
137,968,1353,JK000080,540,291,745,193,47
137,943,1244,ShamAY0034640,12,123,402,174,67
137,304,767,JK009288,807,0,474,312,79
137,379,501,Shamela0023788,366,74,214,94,86
137,968,1217,Shamela0012872,119,228,594,172,56
137,520,762,Masaha000554Vols,591,891,1147,178,88
137,348,730,Shia004042Vols,11,1195,1526,227,75
137,217,767,Rafed0003799Vols,1338,188,744,295,59
137,937,1407,JK001227,173,761,1198,285,69
137,968,1350,JK007045,335,55,404,186,53
137,937,1073,JK001303,349,1391,1537,97,77
137,312,529,Shia002185Vols,84,1314,1534,111,53
137,536,767,Shia002185Vols,85,0,200,141,80
137,937,1217,JK000906,10795,1225,1501,180,74
137,972,1194,JK000474,2877,1136,1429,146,58
137,960,1350,Sham19Y0017063,464,357,753,175,50
137,968,1221,ShamAY0034080,265,203,565,175,58
137,937,1330,Shamela0012884,5082,388,760,215,62
137,968,1217,Shamela0023628,3484,667,1011,159,56
137,943,1221,Sham19Y0017903,957,981,1360,182,55
137,348,767,Shia004695Vols,1307,1054,1412,244,74
137,420,767,Shia001432Vols,1991,0,278,198,74
137,169,697,Shia001432Vols,22263,911,1438,310,69
137,169,767,Shia001432Vols,24236,30,608,336,67
137,159,686,Shia001432Vols,24283,968,1475,366,86
137,968,1407,Shia001432Vols,28709,1072,1438,197,48
137,937,1335,JK000465,4083,745,1191,239,60
137,968,1217,Sham19Y0017791,696,195,462,176,76
137,943,1217,JK001292,21,598,863,177,74
137,968,1217,Zaydiyya0000171,44,446,819,182,61
138,0,344,Shia004516,8,542,891,255,88
138,92,344,Shamela0001438,6375,765,1026,188,87
138,1150,1350,ShamAY0034331,21,193,603,114,35
138,0,344,Shamela0010900,32,1060,1358,211,73
138,1150,1350,Shamela0008381,308,305,897,120,26
138,1150,1502,Shamela0007664,289,1047,1402,153,42
138,0,344,Shamela0001404,67,107,466,251,84
138,0,214,JK010242,15,1254,1474,150,81
138,214,344,JK010242,16,0,142,104,90
138,1156,1453,JK010242,20,523,873,141,48
138,903,1051,Shamela0021809,2265,759,895,103,86
138,92,344,ShamAY0034585,889,23,284,188,87
138,1080,1453,Sham19Y0132973,161,1021,1443,169,46
138,0,344,JK009313,1688,837,1183,249,85
138,876,1041,JK009313,5618,512,682,116,86
138,1165,1350,ShamAY0034640,3,1252,1451,93,52
138,92,344,JK009390,3849,1144,1412,188,85
138,92,344,JK009390,3908,661,914,173,77
138,1150,1350,JK010001,2829,844,1175,97,35
138,92,344,JK008001,5239,1118,1386,188,85
138,0,344,JK001227,175,62,410,256,89
138,1106,1350,JK001227,185,932,1255,149,56
138,0,344,JK001303,349,1039,1387,255,88
138,0,344,JK000829,163,192,537,249,86
138,1156,1356,JK000056,1,1115,1440,93,34
138,38,344,JK000056,120,0,276,211,86
138,0,344,JK000056,213,734,1041,221,77
138,165,344,Shamela0023644,605,5,199,142,91
138,92,344,Sham19Y0127677,4256,942,1210,188,85
138,0,344,Shamela0021766,748,434,782,254,88
139,481,948,Sham19Y0127713,551,753,1270,272,55
139,495,948,ShamAY0035035,9742,265,806,269,54
139,268,948,JK010242,24,250,1063,362,49
139,481,948,ShamAY0034059,5080,338,753,174,34
139,726,948,ShamAY0034059,7452,906,1129,156,81
139,599,948,JK001227,220,970,1341,215,61
139,0,145,Shamela0021766,4769,874,1024,94,77
140,1413,1597,Zaydiyya0000004,596,1235,1418,128,85
140,1142,1550,Zaydiyya0000004,597,0,401,229,56
140,65,695,Zaydiyya0000413Vols,3158,814,1476,353,54
140,30,606,Shamela0021670,46,773,1411,405,75
140,14,396,Shamela0010463,760,25,393,274,85
140,30,789,Sham19Y0014119,561,542,1398,499,64
140,30,606,Shamela0021536,451,913,1470,367,69
140,14,606,JK000030,268,850,1453,384,70
140,606,789,JK000030,269,69,255,118,70
140,30,515,JK001417,706,974,1437,269,58
140,30,378,Shamela0000041,2749,650,985,156,50
140,80,789,Shamela0021659,1616,607,1272,407,61
140,14,789,Zaydiyya0000130,67,341,1212,480,60
140,1045,1550,Zaydiyya0000328,173,649,1080,293,68
140,80,573,Shamela0036446,1453,1068,1596,340,72
140,30,606,Sham19Y0145212,3417,328,1391,388,41
140,484,789,Sham19Y0145212,3418,288,631,147,49
140,1097,1550,Zaydiyya0000378,69,739,1177,221,54
140,30,378,Shamela0001466,4069,946,1246,148,48
140,30,606,Sham19Y0013614,784,985,1515,372,74
140,30,602,Shamela0030769,76,126,683,353,70
140,30,789,Kraken220413202218,1223,846,1590,444,63
140,80,789,Shamela0001438,4663,693,1361,406,61
140,14,396,Shamela0095735,888,0,368,275,86
140,30,427,Shamela0009292,176,1091,1500,300,87
140,7,606,Sham19Y0122257,3210,449,1028,379,69
140,30,279,Tafsir04003,4141,904,1071,115,56
140,30,378,Rafed0001713Vols,2915,396,690,140,45
140,50,782,Zaydiyya0000259,173,479,1115,455,71
140,30,718,Shamela0004445,7153,431,1046,371,58
140,30,515,JK009336,2982,1015,1473,317,75
140,528,789,JK009336,2983,3,398,182,56
140,80,463,Shamela0022593,1730,1164,1541,260,75
140,1413,1597,Zaydiyya0000135,35,844,1028,131,86
140,1092,1550,Zaydiyya0000353,11,0,521,277,65
140,30,789,Sham19Y0016976,1712,670,1569,509,63
140,30,366,ShamAY0035035,10007,1155,1599,234,63
140,30,647,JK000140,857,782,1481,405,63
140,30,789,Shamela0000782,881,314,1163,491,63
140,30,567,Shamela0023578,2825,1041,1561,350,71
140,30,500,JK000001,3275,1085,1560,329,81
140,25,789,JK000001,3276,154,740,218,27
140,56,727,JK009274,1143,873,1492,372,59
140,30,789,Zaydiyya0000013,121,272,1032,463,64
140,814,1129,Zaydiyya0000013,233,784,1059,170,57
140,30,789,Shamela0021809,3099,309,1124,471,62
140,30,378,Sham19Y0132973,735,439,766,241,80
140,14,396,JK000127,85,624,992,274,85
140,396,794,JK000127,120,167,692,235,48
140,30,789,PV2024060602,6642,511,1359,491,63
140,30,515,JK000080,1293,1094,1508,301,72
140,521,794,JK000080,1294,53,488,193,53
140,50,506,JK001492,855,857,1523,301,49
140,30,371,JK007082,167,1168,1534,251,82
140,371,794,JK007082,168,0,568,279,57
140,255,789,Shamela0006879,108,0,593,310,54
140,30,782,Shamela0022769,504,1028,1460,231,38
140,46,789,JK009390,3107,458,1148,429,62
140,80,331,JK008001,5662,1299,1490,141,64
140,331,789,JK008001,5663,0,449,240,53
140,30,797,JK010127,48,516,1384,496,63
140,1045,1438,Zaydiyya0000361,1174,870,1471,256,50
140,30,361,JK007045,850,1172,1482,231,82
140,361,789,JK007045,851,0,511,244,50
140,30,515,ShamAY0034815,104,1135,1506,277,68
140,30,789,ShamAY0034815,105,637,1485,491,63
140,42,789,Sham19Y0017063,1454,701,1552,487,63
140,229,789,JK009172,15,0,562,297,56
140,30,718,Shamela0012884,3599,811,1615,463,67
140,80,378,Shamela0023628,3653,14,288,132,48
140,80,789,Sham19Y0127677,2782,156,824,406,61
140,1078,1545,Shia000812Vols,720,983,1449,266,58
140,30,789,Shamela0098087,345,816,1529,446,66
140,30,378,Shamela0021766,4239,511,793,199,66
140,30,789,Sham19Y0017791,1914,606,1462,497,64
140,183,774,Sham19Y0017791,1915,314,1533,349,35
140,30,782,JK000786,3745,22,759,403,56
140,30,647,AOCP20251104125,127,865,1558,392,61
140,1084,1422,Zaydiyya0000093,27,7,420,211,63
141,646,1205,JK009391,240,931,1470,329,68
141,1205,1494,JK009391,241,8,285,195,79
141,620,1470,JK000021,1126,212,1141,450,51
141,442,607,JK007006,1443,1167,1339,117,77
141,612,1294,AOCP20251104103Vols,973,590,1239,387,63
141,384,707,Shamela0037458,87,455,824,157,42
141,701,1494,Zaydiyya0000260,65,0,787,599,91
141,392,607,Shamela0010463,413,1007,1334,147,54
141,974,1494,Shamela0021536,509,266,760,303,65
141,442,607,Shamela0010273,2933,211,333,95,72
141,615,1045,JK000132,673,887,1387,261,59
141,1045,1470,JK000132,674,0,419,198,44
141,656,918,Shamela0003118,1120,449,676,143,66
141,638,918,JK000629,328,163,405,163,70
141,442,630,Shamela0021659,1158,26,187,117,79
141,624,1494,JK000637,905,278,1205,538,65
141,646,1494,JK000637,906,16,836,630,91
141,620,1470,JK000024,21,433,1402,472,53
141,638,922,ShamAY0033996,25,675,921,168,71
141,698,1052,JK007044,2289,804,1143,220,74
141,620,1494,Shia001144,74,435,1359,530,63
141,624,1345,JK000485,1053,652,1442,451,64
141,400,620,JK000022,1348,806,1050,156,77
141,646,1452,Shamela0010488,243,184,689,333,50
141,922,1458,Kraken220218125253,306,405,571,86,19
141,656,929,ShamAY0033581,4,1263,1497,151,67
141,698,918,Shamela0001438,1250,0,203,137,73
141,442,630,Shamela0001438,3394,1316,1484,122,81
141,692,1010,Shamela0001438,3409,1154,1469,203,73
141,1010,1470,Shamela0001438,3410,0,441,216,47
141,922,1458,Shamela0001438,3627,1063,1227,87,20
141,392,607,Shamela0095735,949,972,1300,150,54
141,620,1494,ShamAY0032824,3,257,1172,506,61
141,620,1452,Sham19Y0127713,631,488,1377,439,53
141,442,630,Sham19Y0018272,1839,668,876,124,68
141,646,1004,Sham19Y0005725,20,1100,1423,230,78
141,1004,1494,Sham19Y0005725,21,0,502,371,89
141,646,1023,Shia001237Vols,1814,1033,1369,232,74
141,1065,1375,Shia001237Vols,1815,0,331,213,76
141,620,1004,Shamela0010517,1125,1050,1543,242,59
141,1010,1470,Shamela0010517,1126,0,472,226,46
141,959,1494,Sham19Y0149697,4800,4,498,294,61
141,620,1494,Shamela0010799,6,197,1139,562,69
141,620,1470,Shamela0026723,11,318,880,320,46
141,834,1494,JK005004,626,0,626,432,78
141,418,607,Zaydiyya0000259,169,343,527,146,97
141,656,1494,Zaydiyya0000259,291,257,1211,655,84
141,656,1494,Shamela0021765,752,76,991,551,68
141,442,607,Shia002261Vols,369,255,396,112,85
141,442,630,Sham19Y0122096,3348,50,213,121,80
141,646,1397,Shia001343,61,214,939,450,69
141,698,1494,Shamela0026884,530,28,811,500,71
141,620,1080,Shamela0009561,9,1051,1397,202,53
141,646,1491,Shamela0009561,15,468,1275,597,85
141,698,1494,JK005005,588,622,1375,510,74
141,656,918,JK000624,8,1198,1426,141,65
141,442,630,JK009274,799,343,529,117,69
141,392,607,JK000127,147,388,716,148,54
141,698,1494,JK000576,194,297,1072,513,74
141,620,1146,JK000080,365,873,1512,347,65
141,400,607,Shamela0006879,19,1319,1493,138,84
141,400,612,Shamela0006879,124,960,1143,142,84
141,656,918,JK000916,2627,980,1206,148,68
141,656,918,JK000916,2916,184,432,144,61
141,701,1446,JK005007,492,0,730,468,72
141,422,630,JK009390,1911,86,278,122,71
141,698,918,JK009390,3935,867,1069,137,72
141,656,1494,JK006801,227,185,980,523,73
141,922,1458,JK008001,1403,391,554,87,20
141,698,918,JK008001,3217,1092,1295,137,73
141,692,1446,JK008001,3219,721,1429,403,56
141,656,918,Shia002069Vols,23,436,660,146,66
141,713,1494,Shamela0021570,104,5,776,531,80
141,392,607,JK000474,2371,299,505,162,94
141,646,1494,JK000474,4366,331,1164,630,92
141,620,1235,ShamIbadiyya0000760,513,284,906,307,50
141,698,1494,JK009226,436,268,1056,622,98
141,698,1470,JK009226,494,139,870,380,52
141,698,1023,JK009226,534,1143,1448,206,76
141,1042,1470,JK009226,535,8,433,198,45
141,787,1494,JK009226,563,0,656,427,70
141,392,607,JK009226,1029,699,910,166,96
141,400,612,Shamela0012884,95,169,347,138,82
141,939,1470,Shamela0012884,455,0,511,236,43
141,698,922,Shamela0006947,4192,1228,1449,153,84
141,404,630,Sham19Y0127677,1795,1102,1314,133,71
141,759,1470,Sham19Y0127677,1803,0,702,371,54
141,646,1397,Shia001432Vols,30120,170,883,440,67
141,615,1390,Shamela0005756,6662,584,1454,499,68
141,418,601,JK001297,352,637,822,130,87
141,442,607,JK000298,4248,162,322,127,96
141,384,607,JK000465,82,1070,1266,148,83
141,400,607,Zaydiyya0000015,1467,5,184,142,86
141,759,918,JK011570,6,5,147,92,68
141,922,1294,JK011570,7,1111,1452,207,61
141,624,1494,JK011570,8,356,1272,531,63
141,922,1446,Sham19Y0017817,310,156,663,303,66
141,646,1142,Sham19Y0017817,312,1063,1524,335,82
141,1142,1484,Sham19Y0017817,313,0,340,251,88
141,392,583,JK000682,569,723,911,145,92
141,620,1023,Shamela0001453,261,1187,1462,168,51
142,515,849,Shamela0021635,100,35,484,251,67
142,520,927,Zaydiyya0000049,81,210,637,317,93
142,1018,1375,Zaydiyya0000129,46,1026,1427,252,75
142,527,927,Zaydiyya0000129,47,503,904,319,99
142,1018,1370,Zaydiyya0000004,129,1025,1421,248,75
142,527,927,Zaydiyya0000004,130,513,914,319,99
142,515,844,JK000021,569,1060,1443,260,84
142,615,927,Shamela0036543,2271,934,1229,233,93
142,527,927,Shia003707Vols,574,166,562,298,87
142,527,1418,Zaydiyya0000059,1604,329,1411,581,59
142,550,1418,Zaydiyya0000059,1605,0,819,389,42
142,1018,1418,Zaydiyya0000059,1606,316,682,269,84
142,527,927,Zaydiyya0000059,1607,236,660,319,94
142,453,927,Zaydiyya0000059,1608,701,1189,329,77
142,527,824,Zaydiyya0000059,1609,1183,1496,236,93
142,1055,1432,Zaydiyya0000059,1643,709,1046,233,78
142,527,927,Shamela0010758,63,903,1342,316,90
142,1059,1418,Shia004030Vols,1045,1124,1415,192,65
142,553,932,Shia004030Vols,1046,0,380,283,88
142,527,927,Zaydiyya0000295Vols,667,754,1124,269,79
142,775,1418,Zaydiyya0000067,225,296,908,271,38
142,615,927,JK009249,27,333,662,245,93
142,527,927,Shamela0012752,23,606,944,256,78
142,1018,1418,Zaydiyya0000328,284,702,1080,275,89
142,527,927,Shamela0008544,1315,604,1003,304,91
142,527,932,Shamela0030665,40,983,1419,320,92
142,527,876,Shamela0030665,41,1040,1411,277,93
142,615,943,Shamela0030665,43,454,788,249,90
142,527,927,Shamela0007435,799,358,734,300,93
142,527,927,Masaha001832,18,606,1031,319,94
142,1059,1418,Shia002093,25,934,1221,200,69
142,764,927,Shia002093,26,0,170,126,90
142,527,927,Zaydiyya0000373Vols,17,867,1268,317,99
142,667,927,Shamela0001438,2623,0,278,208,93
142,1059,1418,Shamela0001438,6062,1099,1399,205,69
142,527,927,Shamela0001438,6063,6,429,318,94
142,1018,1418,Shia001237Vols,1237,851,1207,239,70
142,527,927,Shamela0021680,5,549,951,300,89
142,527,927,Sham19Y0127698,131,42,464,317,94
142,629,927,Zaydiyya0000259,244,0,298,238,100
142,1018,1418,Zaydiyya0000259,250,518,749,134,41
142,527,927,Sham19Y0018315,276,396,815,315,93
142,712,1427,Shamela0009801,40,0,513,193,28
142,1059,1418,ShamAY0032769,4,968,1279,210,71
142,695,927,ShamAY0032769,5,0,244,185,95
142,441,927,Shamela0001391,37,936,1440,327,79
142,615,927,Shamela0006626,194,1101,1433,244,91
142,1018,1418,Zaydiyya0000229,292,445,810,268,84
142,527,932,Masaha003955Vols,373,453,881,320,93
142,689,932,Rafed0002654Vols,558,0,255,188,92
142,515,927,Rafed0002654Vols,3403,458,921,324,87
142,527,927,Rafed0002654Vols,3405,265,705,319,90
142,515,927,Zaydiyya0000024,37,604,1046,329,93
142,527,927,JK009390,1550,77,500,318,94
142,619,927,JK009390,5216,0,326,245,94
142,1059,1418,ShamAY0033626,36,1025,1414,170,41
142,533,849,ShamAY0033626,37,0,317,237,89
142,1018,1418,Zaydiyya0000052,136,811,1250,281,77
142,717,927,Zaydiyya0000052,137,0,210,168,100
142,527,927,JK008001,288,97,535,318,91
142,527,927,JK008001,503,606,1029,318,94
142,527,927,Shamela0023645,242,578,992,316,94
142,511,927,Zaydiyya0000348,1,44,470,327,96
142,527,927,Zaydiyya0000543,11,848,1268,316,93
142,527,1200,ShamAY0033627,4,269,978,341,47
142,1059,1363,ShamAY0033627,4,1126,1399,180,71
142,527,927,ShamAY0033627,5,51,474,318,94
142,995,1370,ShamAY0033627,5,1185,1454,163,57
142,527,927,ShamAY0033627,6,41,462,254,64
142,515,927,Shia004092Vols,3787,573,1035,324,88
142,527,927,Shia004092Vols,3789,367,807,319,90
142,527,849,Masaha003104,25,1103,1435,251,92
142,599,927,Masaha003104,197,0,348,259,92
142,689,849,Sham19Y0017903,234,1090,1256,128,96
142,527,927,Sham19Y0127677,1554,148,571,318,94
142,527,927,Sham19Y0127677,3861,448,871,318,94
142,508,943,Sham19Y0018567,650,54,401,242,65
142,527,927,Zaydiyya0000098,288,338,738,319,100
142,527,927,JK000917,1317,441,862,316,94
142,1018,1418,Zaydiyya0000352,306,906,1272,269,84
142,695,927,Zaydiyya0000352,307,0,232,185,100
142,527,927,Shamela0006744,625,229,652,317,93
142,1059,1427,Masaha002880Vols,11,957,1294,223,74
142,712,927,Masaha002880Vols,12,4,214,159,87
142,1021,1277,Zaydiyya0000381,2,1141,1504,166,58
143,445,821,JK000717,6,694,1030,246,77
143,437,1260,Shia001900,140,281,1403,551,54
143,407,1165,Shamela0007012,275,740,1587,457,54
143,445,1026,JK000584,265,1072,1574,326,60
143,1010,1264,JK000584,266,0,379,184,58
143,252,1269,Shamela0026803,144,148,1262,573,52
143,445,1269,Shamela0003118,570,161,1068,511,59
143,480,1173,Rafed0001617Vols,33,831,1601,405,57
143,445,1264,Zaydiyya0000067,226,545,1367,485,59
143,445,1260,JK000637,3579,132,1018,517,63
143,492,1260,Shamela0036446,1374,18,889,497,62
143,412,966,Shamela0008544,1314,1053,1557,314,61
143,445,1255,Shamela0001438,6215,699,1579,525,63
143,560,1269,Kraken220413030847,18,288,1119,458,60
143,480,1036,LAL2013020401BK1,41,1002,1605,350,60
143,1036,1260,LAL2013020401BK1,42,0,353,168,56
143,560,1260,ShamIbadiyya0000050,4882,265,1203,422,48
143,445,1110,Masaha002872,270,1005,1675,410,62
143,519,800,Shamela0008473,3862,1230,1490,184,76
143,806,1260,Shamela0008473,3863,11,612,316,60
143,445,796,Masaha002064Vols,108,1296,1617,192,54
143,812,1260,Masaha002064Vols,109,77,636,298,59
143,975,1243,Shia001107Vols,98,428,737,175,64
143,445,1260,JK008250Vols,1006,616,1544,559,68
143,580,865,Shamela0009801,42,21,685,201,35
143,1104,1269,Shamela0009801,43,130,350,125,69
143,480,1243,Shia20200618,32,421,1210,455,61
143,497,1269,Shamela0001391,44,0,886,523,66
143,560,1273,Shia004509,215,337,1234,499,63
143,445,915,JK009390,5073,1096,1539,272,59
143,941,1255,JK009390,5074,0,438,231,63
143,456,1260,JK000919BK3,14,23,881,511,63
143,560,1243,JK009325,1310,63,792,411,60
143,445,1273,ShamAY0033626,41,278,1220,560,67
143,445,1255,JK008001,502,242,1506,534,47
143,412,1260,Shia001270Vols,118,0,876,511,61
143,652,1260,Shamela0023645,243,0,694,390,60
143,480,1243,Shia002185Vols,1164,746,1546,455,60
143,445,1264,Shia002185Vols,3822,604,1509,533,62
143,497,1234,Kraken220413203004,134,726,1678,415,46
143,445,1222,JK009226,211,806,1608,609,91
143,412,821,ShamAY0033627,26,1121,1502,258,71
143,812,1269,ShamAY0033627,27,24,572,293,61
143,524,1118,Sham19Y0014328,420,487,1073,401,73
143,445,1070,Shamela0026566,191,914,1518,412,73
143,404,1269,Shamela0023644,1499,347,1325,547,61
143,445,1260,JK000883,2219,316,1221,498,58
143,445,895,Sham19Y0127677,3823,1127,1497,259,68
143,821,1255,Sham19Y0127677,3824,0,490,272,59
143,634,1099,Shia001432Vols,5384,122,586,262,57
143,524,1273,Shia001432Vols,27787,351,1244,434,51
143,480,773,Shia001432Vols,29167,1297,1533,181,75
143,652,1273,Shia001432Vols,32199,0,716,349,50
143,433,1260,Shamela0023685,928,422,1301,501,58
143,464,1099,Shamela0026823,6,1024,1592,379,65