id,book,alignments,ch_match
AOCP2023090610Vols,0782Balansi.SilatJamc,1,141
AOCP2023090613,0630HashimIbnSacdAhmadi.GhanimatFariqayn,1,134
AOCP2023090617,0597IbnJawzi.ShudhurCuqud,1,194
AOCP2023090619,0734IbnSayyidNas.Minah,22,4743
AOCP2023090620,0911Suyuti.DarrSahaba,4,815
AOCP2023090621,0544IbnAmin.Istidrak,1,535
AOCP2023090622,0694MuhibbDinTabari.SimtThamin,5,996
AOCP2023090623,0893CamiriHaradi.RiyadMustataba,8,1110
AOCP2023090635Vols,0410NasrIbnYacqub.QadiriFiTacbir,2,275
AOCP2023090638Vols,1100Izkawi.KashfGhumma,16,4888
AOCP2023092678,0633IbnDihyaJumayyilKalbi.NibrasFiTarikh,1,186
AOCP2023092779,0725CabbasiSafadi.AtharUwal,3,1093
AOCP20240501183,0524IbnTumart.AcazzMaYutlab,81,20439
AOCP202502141169Vols,0484AbuBakrSurabadi.Tafsir,1,148
AOCP2025021445,0671AbuCabdAllahQurtubi.Asna,12,2280
AOCP20251104005,0275GhulamKhalil.SharhSunna,1,103
AOCP20251104036,0509AbuFarajArmanazi.Majmuc,6,1545
AOCP20251104037Vols,0511SalmanIbnNasirArghiyani.SharhIrshad,5,1147
AOCP20251104049,0595Daylami.IslahAkhlaq,2,288
AOCP20251104052,0597IbnJawzi.LuqatManafic,5,829
AOCP20251104061,0620IbnQudamaMaqdisi.DawBahir,1,147
AOCP20251104073,0682SirajDinUrmawi.LubabArbacin,3,730
AOCP20251104080,0727ShamsDinDimashqi.Jawab,1,276
AOCP20251104081,0728IbnTaymiyya.LaaliNayyirat,29,4480
AOCP20251104090,0762MughultayIbnQilij.WadihMubin,1,613
AOCP20251104096,0797IbnBintMaylaq.HadiQulub,8,2172
AOCP20251104097Vols,0800AhmadIbnUghuzDanishmandAqshahri.Intiqad,7,1584
AOCP20251104101,0817MajdDinFiruzabadi.JalisAnis,1,115
AOCP20251104102,0820ShamsDinBilali.QutAhya,4,1242
AOCP20251104103Vols,0854IbnDiyaMakki.DiyaMacnawi,19,3806
AOCP20251104106,0855HusaynIbnAbdRahmanAhdal.KashfGhita,3,615
AOCP20251104123,0958NasirDinLaqani.Fusul,1,120
AOCP20251104124,0981MuhammadBirkawi.JalaQulub,2,303
AOCP20251104125,0987ZaynDinMalibari.SirajQulub,27,7410
AOCP20251104131Vols,1041BurhanDinLaqani.TalkhisTajrid,5,1082
AOCP20251104138,1100CumarMarcashi.RisalaFiIctiqadat,1,172
AOCP20251104139,1101ShihabDinKurani.IfadatCallam,1,163
AOCP20251104144,1144IbnZikriFasi.IlmamWaIclam,8,1998
AOCP20251104145Vols,1144IbnZikriFasi.SharhNasiha,10,1816
AOCP20251104153,1176ShahWaliAllahDihlawi.KhayrKathir,1,206
AOCP20251117041,0966HakimShahQazwini.HayatInsan,1,102
EScr20112614,0845AbuHafsSamarqandi.NaylHathith,9,1966
EScr20120309,0850ShihabDinIbshihi.TadhkiratCarifin,5,772
EScr202211221604,0334Azdi.TarikhMawsil,1,119
EScr21011311,0974IbnHajarHaytami.TathirCayba,1,380
EShia0086596,0363QadiNucman.ManaqibWaMathalib,4,657
GVDB20220427,0725BaybarsMansuri.MawacizAbrar,1,168
Hindawi013082050,1383CabbasMahmudCaqqad.HaqaiqIslam,2,351
Hindawi013538483,1375MuhammadHusaynHaykal.FaruqCumar,9,1470
Hindawi015814636,1383CabbasMahmudCaqqad.CabqariyyatMuhammad,4,1039
Hindawi017083713,1379MuhammadAscadTalas.TarbiyaWaTaclimFiIslam,1,123
Hindawi017506357,1392TahaHusayn.MaratIslam,20,8183
Hindawi018175075,1375MuhammadHusaynHaykal.FiManzilWahy,6,1198
Hindawi018385936,1377MuhammadKhidrHusayn.HurriyyaFiIslam,3,516
Hindawi019272704,1383CabbasMahmudCaqqad.FalsafaQuraniyya,2,359
Hindawi020604026,1375MuhammadHusaynHaykal.HayatMuhammad,14,3445
Hindawi025273163,1377MuhammadKhidrHusayn.NaqdKitabIslamWaUsulHukm,2,398
Hindawi025308516Vols,1385AsadRustam.KanisatAntakiya,3,1284
Hindawi025362624,1363CumarTusun.MaliyatMisr,1,282
Hindawi026382506Vols,1331JurjiZaydan.TarikhTamaddunIslami,1,169
Hindawi026931350,1383CabbasMahmudCaqqad.CamrIbnCas,8,1862
Hindawi027194802,1364AhmadMuharram.DiwanMajdIslam,1,129
Hindawi027373961Vols,1361CabdAllahHusayn.Sudan,1,109
Hindawi027513138,1392TahaHusayn.WacdHaqq,1,257
Hindawi029285358,1361YusufAhmad.IslamFiHabasha,6,1594
Hindawi029620591,1379MuhammadAscadTalas.TarikhUmmaCasrRashidun,3,978
Hindawi030353837,1373MuhammadLutfiJumca.ThawratIslamWaBatalAnbiya,14,3056
Hindawi030536269,1373AhmadAmin.DuhaIslam,3,567
Hindawi030850472,1450FirasSawwah.LughzCishtar,1,250
Hindawi036246035,1450FirasSawwah.RahmanWaShaytan,2,345
Hindawi037420520,1392TahaHusayn.CalaHamishSira,1,164
Hindawi037926480,1377CadilZucaytar.HadaratCarab,2,465
Hindawi039141640,1331IbnAminShinqiti.MucallaqatCashar,1,104
Hindawi040635716,1390AhmadFuadAhwani.TarbiyaFiIslam,4,932
Hindawi040948193,1372MuhammadLutfiJumca.TarikhFalasifatIslam,1,274
Hindawi042908302,1375MuhammadHusaynHaykal.SiddiqAbuBakr,2,383
Hindawi047090584,0255Jahiz.Rasail,1,228
Hindawi047174958,1383CabbasMahmudCaqqad.MaraFiQuran,1,266
Hindawi048607936,1300ButrusBustani.UdabaCarabFiJahiliyyaWaSadrIslam,1,123
Hindawi049209759,1450JamalCumar.AnaNasrAbuZayd,1,181
Hindawi050926304,1372KurdCali.RasailBulagha,2,357
Hindawi051419736,1450SairBasmaji.ZahiratMaddWaJazrBihar,3,766
Hindawi051519061,1371ZakiMubarak.MadaihNabawiyya,4,1699
Hindawi052718095,1366MustafaCabdRazzaq.TamhidTarikhFalsafaIslamiyya,3,633
Hindawi057192052,1365AhmadCisa.GhunaLiAtfal,1,113
Hindawi057293074,1348AhmadTaymurBasha.KhayalZill,1,155
Hindawi057468526,1382TahaCabdBaqiSurur.TasawwufWaImamShacrani,1,123
Hindawi059250728,1372KurdCali.IdaraIslamiyyaFiCizzCarab,6,1200
Hindawi059507481,1371ZakiMubarak.AkhlaqCindaGhazali,2,229
Hindawi059616186Vols,1373AhmadAmin.FaydKhatir,2,394
Hindawi061492425,1423TharwatAbaza.MinAqasisCarab,1,197
Hindawi063827241,1372MuhammadLutfiJumca.BaynaAsadIfriqiWaNamirItali,4,980
Hindawi068305130,1372KurdCali.IslamWaHadaraCarabiyya,9,1971
Hindawi070427368,1379MuhammadAscadTalas.TarikhUmmaCasrIntilaq,10,1948
Hindawi072063951,1443SayyidQimni.Sahwatna,3,1159
Hindawi072916402,1348AhmadTaymurBasha.AtharNabawiyya,1,224
Hindawi073920283,1383MuhammadYusufMusa.IbnTaymiyya,1,126
Hindawi074603536Vols,1443SayyidQimni.HurubDawlatRasul,18,4282
Hindawi075730863,1360SalihSuwaysiQayrawani.DalilQayrawan,1,120
Hindawi080306317,1383CabbasMahmudCaqqad.CabqariyyatKhalid,5,1123
Hindawi080480207,1362MuhammadKamilHajjaj.KhawatirKhayal,1,374
Hindawi080746828,1443SayyidQimni.HizbHashimi,2,348
Hindawi081316951,1371ZakiMubarak.Tasawwuf,1,174
Hindawi082068526,1383CabbasMahmudCaqqad.CabqariyyatCumar,3,878
Hindawi083828042,1392TahaHusayn.FitnaKubraCuthman,1,257
Hindawi084858130,1364ImamShaficiAbuShanab.BunatIslam,3,330
Hindawi084859728,1392TahaHusayn.AraHurra,1,176
Hindawi085853519,1378MansurFahmi.KhataratNafs,1,203
Hindawi086253537,1385AbuCalaCafifi.TasawwufThawraRuhiyya,1,194
Hindawi091631920,1450MuznaRiyadKamal.Nasij,1,78
Hindawi091931968,1360AbuCabdAllahZanjani.TarikhQuran,1,301
Hindawi092024806,1373AhmadAmin.FajrIslam,4,773
Hindawi092480704,1338TahirJazairi.AshharAmthal,1,281
Hindawi093024958,1383CabbasMahmudCaqqad.AbuShuhadaHusaynIbnCali,1,222
Hindawi093681649,1450CabdCazizAminKhanji.ShahiratNisaFiCalamIslami,1,206
Hindawi093849638,1383CabbasMahmudCaqqad.TafkirFaridaIslamiyya,1,220
Hindawi095297381,1383CabbasMahmudCaqqad.AbuNuwas,1,155
Hindawi095926405Vols,0375IkhwanSafa.Rasail,1,175
Hindawi095927048,1343RafiqCazm.RisalaFiBayanKayfiyyatIntisharAdyan,1,101
Hindawi096385968,1383CabbasMahmudCaqqad.CabqariyyatSiddiq,4,946
JK000001,0505Ghazali.IhyaCulumDin,69,12983
JK000002,0281IbnAbiDunya.TawaducWaKhumul,9,1812
JK000003,0597IbnJawzi.DhammHawa,20,4299
JK000005,0463IbnCabdBarr.JamicBayan,30,6546
JK000008,0728IbnTaymiyya.SiyasaSharciyya,2,295
JK000010,0751IbnQayyimJawziyya.TibbNabawi,20,3201
JK000011,0256Bukhari.AdabMufrad,72,16307
JK000013,0281IbnAbiDunya.Shukr,3,478
JK000014,0281IbnAbiDunya.MaradWaKaffarat,12,2327
JK000015,0281IbnAbiDunya.MakarimAkhlaq,9,1839
JK000018,0281IbnAbiDunya.HusnZannBiLlah,9,2233
JK000020,0444AbuCamrDani.SunanWarida,37,7813
JK000021,0458Bayhaqi.ShucabIman,583,124454
JK000022,0430AbuNucaymIsbahani.HilyatAwliya,376,86376
JK000024,0458Bayhaqi.FadailAwqat,28,5595
JK000025,0228IbnHammadKhuzaci.Fitan,33,6217
JK000028,0728IbnTaymiyya.Istiqama,10,2264
JK000030,0581IbnKharratIshbili.CaqibaFiDhikrMawt,38,10615
JK000033,0246HusaynMarwazi.BirrWaSila,15,3580
JK000034,0795IbnRajabHanbali.SharhHadithLabbayka,10,2047
JK000035,0463IbnCabdBarr.AdabMujalasa,1,106
JK000038,0281IbnAbiDunya.Manamat,1,94
JK000039,0360AbuBakrAjurri.Ghuraba,1,140
JK000040,0333IbnMarwanDinawari.Qinaca,3,414
JK000041,1218SalihFulani.IqazHimam,9,1731
JK000042,0281IbnAbiDunya.Awliya,2,520
JK000044,0301AbuBakrFaryabi.SifatNifaq,2,534
JK000045,0281IbnAbiDunya.CumrWaShayb,1,115
JK000046,0340IbnAcrabiBasri.ZuhdWaSifatZahidin,4,939
JK000047,0238MuhammadBurjulani.KaramWaJawd,2,329
JK000048,0327AbuBakrKharaiti.FadilatShukr,4,836
JK000049,0281IbnAbiDunya.Hilm,2,385
JK000050,0281IbnAbiDunya.Hawatif,5,1253
JK000051,0471IbnAhmadIbnBannaBaghdadi.RisalaMughniyya,1,218
JK000053,0285IbrahimHarbi.IkramDayf,3,1026
JK000055,0181IbnMubarak.Zuhd,78,19943
JK000056,0751IbnQayyimJawziyya.RuhFiKalam,29,7499
JK000057,0751IbnQayyimJawziyya.CuddatSabirin,35,7395
JK000059,0751IbnQayyimJawziyya.JawabFiSiyaghHamd,6,1230
JK000062,0751IbnQayyimJawziyya.DaWaDawa,22,6981
JK000063,0751IbnQayyimJawziyya.RawdatMuhibbin,10,3560
JK000064,0751IbnQayyimJawziyya.BadaicFawaid,14,2757
JK000065,0751IbnQayyimJawziyya.TariqHijratayn,18,3059
JK000069,0751IbnQayyimJawziyya.WabilSayyib,35,7051
JK000071,0795IbnRajabHanbali.JamicCulumWaHikam,97,18414
JK000074,0597IbnJawzi.TadhkiraFiWacz,2,328
JK000075,0728IbnTaymiyya.TuhfaCiraqiyya,3,585
JK000077,0728IbnTaymiyya.ZuhdWaWarac,4,638
JK000079,0728IbnTaymiyya.AmradQulub,2,413
JK000080,0656IbnCabdQawiMundhiri.TarghibWaTarhib,670,139412
JK000081,0751IbnQayyimJawziyya.MadarijSalikin,12,1841
JK000082,0751IbnQayyimJawziyya.MiftahDarSacada,16,3684
JK000083,0751IbnQayyimJawziyya.HadiArwah,53,17025
JK000085,0243HannadIbnSari.Zuhd,51,12326
JK000086,0911Suyuti.FaddWica,6,1186
JK000087,0751IbnQayyimJawziyya.IghathatLahfan,15,2203
JK000088,0751IbnQayyimJawziyya.JalaAfham,32,6604
JK000089,0751IbnQayyimJawziyya.HidayatHayara,22,10830
JK000090,0751IbnQayyimJawziyya.IjtimacJuyush,10,2589
JK000092,0751IbnQayyimJawziyya.ManarMunif,1,128
JK000094,0751IbnQayyimJawziyya.AclamMuwaqqicin,96,18285
JK000095,0751IbnQayyimJawziyya.TuhfatMawdud,27,5233
JK000097,0751IbnQayyimJawziyya.HashiyaCalaSunanAbiDawud,60,10335
JK000098,1327AhmadIbrahimCisa.TawdihMaqasid,31,7367
JK000099,0751IbnQayyimJawziyya.Salat,19,3775
JK000100,0751IbnQayyimJawziyya.ShifaCalil,16,3802
JK000101,0751IbnQayyimJawziyya.SawaciqMursala,8,2076
JK000102,0751IbnQayyimJawziyya.TibyanFiAqsamQuran,4,1376
JK000103,0751IbnQayyimJawziyya.AhkamAhlDhimma,15,4527
JK000104,0751IbnQayyimJawziyya.TuruqHukmiyya,13,2830
JK000105,0751IbnQayyimJawziyya.ZadMacad,187,45061
JK000106,0751IbnQayyimJawziyya.Furusiyya,4,899
JK000110,0256Bukhari.Sahih,542,147607
JK000113,1307Qannawji.QatfThamar,4,621
JK000116,1233SulaymanSibtIbnCabdWahhab.Taysir,53,11249
JK000119,0829TaqiDinDimashqiHisni.KifayatAkhyar,7,1014
JK000121,0852IbnHajarCasqalani.TaqribTahdhib,3,335
JK000122,0456IbnHazm.IhkamFiUsulAhkam,22,4841
JK000123,1182IbnIsmacilSancani.SubulSalam,77,13925
JK000125,0676Nawawi.Tibyan,2,373
JK000127,0795IbnRajabHanbali.TakhwifMinNar,22,4377
JK000130,0303Nasai.SunanSughra,472,103301
JK000132,0311IbnKhuzaymaNaysaburi.Sahih,288,60867
JK000134,0852IbnHajarCasqalani.TahdhibTahdhib,109,14161
JK000135,0463KhatibBaghdadi.KifayaFiCilmRiwaya,23,4300
JK000136,0852IbnHajarCasqalani.MuqaddimatFathBari,4,409
JK000137,0676Nawawi.MinhajFiSharhMuslim,70,10463
JK000138,0911Suyuti.TadribRawi,4,888
JK000139,0279Tirmidhi.ShamailMuhammadiyya,22,4746
JK000140,0279Tirmidhi.Sunan,495,109538
JK000141,0273IbnMaja.Sunan,495,98869
JK000142,0275AbuDawudSijistani.Sunan,719,159065
JK000146,0792SadrDinIbnAbiCizzAdhraci.SharhCaqidaTahawiyya,28,6877
JK000147,0204Shafici.Umm,68,15457
JK000148,1051IbnYunusBuhutiHanbali.KashshafQinac,54,9278
JK000150,0587IbnMascudCalaDinKasani.BadaicSanaic,8,1321
JK000152,1255Shawkani.IrshadFuhul,1,137
JK000153,0606FakhrDinRazi.Mahsul,1,134
JK000154,0620IbnQudamaMaqdisi.Mughni,161,28822
JK000156,0620IbnQudamaMaqdisi.RawdatNazir,1,146
JK000159,1044IbnBurhanDinHalabi.SiraHalabiyya,164,37005
JK000162,0794BadrDinZarkashi.BurhanFiCulumQuran,8,1335
JK000165,1255Shawkani.NaylAwtar,509,101001
JK000166,0852IbnHajarCasqalani.FathBari,293,46919
JK000169,1182IbnIsmacilSancani.UsulFiqh,1,84
JK000170,1252IbnCabidinDimashqi.RaddMukhtar,10,1750
JK000172,1004ShamsDinRamli.GhayatBayan,3,762
JK000175,1255Shawkani.DarariMudiyya,46,7758
JK000178,0287IbnAbiCasim.Diyat,33,7409
JK000179,1310BakriDimyati.HashiyaIcanaTalibin,12,2379
JK000180,0756TaqiDinSubki.Ibhaj,4,585
JK000187,1255Shawkani.QawlMufid,1,294
JK000189BK1,0970IbnIbrahimIbnNujaymMisri.BahrRaiq,8,1389
JK000189BK2,1138IbnHusaynQadiriTawari.TakmilatBahrRaiq,5,633
JK000190,1051IbnYunusBuhutiHanbali.RawdMurbic,6,844
JK000192,0676Nawawi.RawdatTalibin,1,83
JK000196,1118CabdHamidShirwani.HashiyaCalaTuhfatMuhtaj,4,878
JK000197,0189MuhammadShaybani.Siyar,1,256
JK000198,1189CaliCadawi.HashiyatCadawi,3,435
JK000201,1353IbnCabdRahimMubarakfuri.TuhfatAhwadhi,181,30211
JK000204,0926ZakariyyaAnsari.FathWahhab,2,199
JK000205,0978QasimQunawi.AnisFuqaha,1,132
JK000208,1221IbnMuhammadBujayrimiMisri.TajridLiNafcCabid,2,350
JK000213,0526IbnAbiYacla.TabaqatHanabila,12,2041
JK000216,1120IbnMuhammadBurhanDinDimashqi.BayanWaTacrif,170,34916
JK000219,1231IbnMuhammadHanafiTahtawi.HashiyaCalaMaraqi,3,787
JK000221,0597IbnJawzi.TahqiqFiAhadithKhilaf,266,52051
JK000222,0595IbnRushdHafid.BidayatMujtahid,31,4973
JK000225,1051IbnYunusBuhutiHanbali.SharhMuntahaIradat,38,6009
JK000227,0240SahnunIbnSacid.MudawwanaKubra,13,1893
JK000228,0987ZaynDinMalibari.FathMucin,2,511
JK000232,0803IbnMusaJamalDinMalati.MuctasarMinMukhtasar,117,23472
JK000235,0778BadrDinBacli.MukhtasarFatawaMisriyya,3,525
JK000238,1125IbnGhanimAzhariNafrawi.FawakihDawani,9,1462
JK000239,0388AbuSulaymanKhattabi.GharibHadith,35,5673
JK000240,0773IbnIshaqSirajDinGhaznawi.GhurraMunifa,3,385
JK000248,0395IbnMandaMuhammad.RaddCalaJahmiyya,3,609
JK000249,0204Shafici.JimacCilm,1,228
JK000250,0911Suyuti.MiftahJanna,13,2886
JK000251,1255Shawkani.SaylJarrar,51,8566
JK000252,0880IbnAhmadShamsDinAsyuti.JawahirCuqud,1,226
JK000253,0741IbnAhmadGharnatiKalbi.QawaninFiqhiyya,3,411
JK000254,0620IbnQudamaMaqdisi.KafiFiFiqh,38,7187
JK000258,0203YahyaIbnAdam.Kharaj,3,736
JK000259,0795IbnRajabHanbali.IstikhrajLiAhkamKharaj,8,1515
JK000263,0911Suyuti.LumcaFiKhasaisJumca,22,3911
JK000264,1329MuhammadAshrafCazimabadi.CawnMacbud,137,25844
JK000270,0884AbuIshaqIbnMuflih.NukatWaFawaid,3,543
JK000271,0804IbnMulaqqin.TuhfatMuhtaj,74,13247
JK000272,0476AbuIshaqShirazi.MuhadhdhabFiFiqh,22,4313
JK000275,0463KhatibBaghdadi.IhtijajBiShafici,1,261
JK000277,0709IbnAbiFathShamsDinBacli.MatlacCalaAbwabMuqnic,1,87
JK000279,0790IbnMusaGharnatiShatibi.Muwafaqat,7,1183
JK000281,0954HattabRucayniMaghribi.MawahibJalil,12,1822
JK000288,1176ShahWaliAllahDihlawi.CiqdJayyid,1,144
JK000289,0897IbnYusufCabdariGharnati.TajWaIklilLiMukhtasarKhalil,2,491
JK000291,0977KhatibShirbini.Iqnac,2,200
JK000298,1031CabdRaufMunawi.FaydQadir,105,16757
JK000299,0861IbnHumam.SharhFathQadir,77,15400
JK000302,0763IbnMuflihMaqdisi.FurucWaTashihFuruc,51,9391
JK000312,0840ShihabDinBusiri.MisbahZujaja,246,48268
JK000314,0458Bayhaqi.IthbatCadhabQabr,14,4942
JK000315,0297IbnAbiShaybaAbuJacfar.Carsh,5,1329
JK000316,0197IbnWahbQurashi.Qadar,2,645
JK000317,0481AnsariHarawi.ArbacunaFiDalailTawhid,2,416
JK000321,0243IbnYahyaCadani.Iman,2,511
JK000322,0598IbnIbrahimIbnHajjQunawi.HazzGhalasim,3,1046
JK000325,0711IbnIbrahimCimadDinWasiti.NasihaFiSifatRabb,3,666
JK000326,0418HibatAllahLalikai.KaramatAwliya,2,308
JK000327,1182IbnIsmacilSancani.RafcAstar,1,303
JK000329,0385Daraqutni.Sifat,5,993
JK000330,0728IbnTaymiyya.JawabSahih,67,21255
JK000331,1033MarciKarmi.AqawilThiqat,2,439
JK000333,0671AbuCabdAllahQurtubi.IclamBimaFiDinNasara,9,2952
JK000337,0620IbnQudamaMaqdisi.IthbatSifatCuluww,10,3523
JK000340,0795IbnRajabHanbali.KalimatIkhsas,6,1269
JK000342,0324Ashcari.Ibana,1,172
JK000343,0456IbnHazm.FisalFiMilal,4,841
JK000345,0505Ghazali.Fadaih,1,144
JK000347,0380AbuBakrKalabadhi.TacarrufLiMadhhabAhlTasawwuf,1,113
JK000350,0728IbnTaymiyya.RaddCalaAkhnai,6,1125
JK000352,0620IbnQudamaMaqdisi.LumcatIctiqad,1,126
JK000355,0728IbnTaymiyya.ZiyaratQubur,1,136
JK000359,0728IbnTaymiyya.CaqidaWasitiyya,1,91
JK000360,1246IbnCabdGhaniDihlawi.RisalatTawhid,4,956
JK000362,0728IbnTaymiyya.DarTacarud,11,2118
JK000365,0728IbnTaymiyya.MinhajSunna,61,17398
JK000366,0842IbnNasirDinDimashqi.RaddWafir,2,238
JK000367,0728IbnTaymiyya.IqtidaSirat,42,9075
JK000370,0728IbnTaymiyya.SarimMaslul,18,4127
JK000371,0728IbnTaymiyya.RaddCalaMantiqiyyin,4,916
JK000372,0728IbnTaymiyya.AmrBiMacruf,1,161
JK000373,0728IbnTaymiyya.Nubuwwat,2,373
JK000374,0728IbnTaymiyya.BughyatMurtad,10,2392
JK000375,0728IbnTaymiyya.SharhCaqidaIsfahaniyya,2,280
JK000376,0728IbnTaymiyya.QacidaJalila,10,2574
JK000378,0728IbnTaymiyya.DaqaiqTafsir,9,1819
JK000379,0728IbnTaymiyya.QacidaFiMahabba,2,373
JK000381,0728IbnTaymiyya.MajmucFatawa,205,41566
JK000382,0728IbnTaymiyya.BayanTalbisJahmiyya,14,2515
JK000383BK1,0774IbnKathir.TalkhisIstighatha,8,1686
JK000384,0395IbnMandaMuhammad.Iman,114,31358
JK000385,0728IbnTaymiyya.Istighatha,6,688
JK000386,0728IbnTaymiyya.SharhCumdatFiqh,69,11318
JK000394,1237Jabarti.CajaibAthar,2,273
JK000412,0240IbnKhayyatCusfuri.Tarikh,4,623
JK000415,0789IbnMuhammadKhuzaci.TakhrijDalalat,57,13195
JK000422,0360Ramhurmuzi.AmthalHadith,6,1327
JK000423,0911Suyuti.LumacFiAsbabHadith,37,9288
JK000424,0385IbnShahin.NasikhHadithWaMansukhuh,17,2843
JK000429,0748Dhahabi.Kabair,12,2364
JK000430,0620IbnQudamaMaqdisi.Tawwabin,12,4808
JK000435,0211CabdRazzaqSancani.Tafsir,28,6369
JK000436,0911Suyuti.LubabNuqul,40,9659
JK000439,0204Shafici.AhkamQuran,1,405
JK000440,0911Suyuti.AsrarTartibQuran,1,144
JK000447,0338AbuJacfarNahhas.MacaniQuran,9,1485
JK000448,0562Samcani.AdabImla,5,800
JK000453,0444AbuCamrDani.AhrufSabca,2,272
JK000458,0982IbnMuhammadAbuSucud.IrshadCaqlSalim,8,1552
JK000459,0104MujahidIbnJabr.Tafsir,3,542
JK000460,0338AbuJacfarNahhas.NasikhWaMansukh,22,8217
JK000465,1255Shawkani.FathQadir,169,36167
JK000467,0405HakimNaysaburi.Mustadrak,871,193841
JK000469,0321Tahawi.SharhMacaniAthar,253,50398
JK000470,0204AbuDawudTayalisi.Musnad,201,47937
JK000471,0762IbnYusufZaylaci.NasbRaya,325,65470
JK000472,0256Bukhari.QuratCaynanyn,1,102
JK000473,0219IbnZubayrHumaydi.Musnad,45,9864
JK000474,0360Tabarani.MucjamKabir,2776,720937
JK000475,0303Nasai.SunanKubra,1020,229436
JK000476,0360Tabarani.MucjamSaghir,51,10413
JK000477,0385Daraqutni.Sunan,143,29153
JK000479,0238IbnRahawayh.Musnad,10,1981
JK000480,0454Qudaci.MusnadShihab,35,5807
JK000481,0287IbnAbiCasim.AhadWaMathani,538,122833
JK000482,0241IbnHanbal.FadailSahaba,182,45926
JK000483,0282IbnAbiUsamaTamimi.BughyaBahith,115,29168
JK000484,0458Bayhaqi.SunanKubra,1412,311292
JK000485,0307AbuYaclaMawsili.Musnad,479,114888
JK000486,0249CabdIbnHamid.MuntakhabMinMusnad,170,37853
JK000487,0230CaliIbnJacd.Musnad,72,14899
JK000488,0307IbnJarudNaysaburi.Muntaqa,102,24190
JK000490,0209AbuCaliAshyabBaghdadi.JuzAshyab,7,1781
JK000491,0357IbnMuhammadKinani.JuzBitaqa,3,577
JK000492,0175LaythIbnSacd.Cawali,2,568
JK000493,0234AbuKhaythamaNisai.Cilm,2,290
JK000494,0204Shafici.Musnad,55,12903
JK000497,0261AbuHasanCijli.MacrifatThiqat,1,77
JK000499,0474IbnKhalafBaji.TacdilWaTajrih,8,959
JK000502,0430AbuNucaymIsbahani.Ducafa,3,861
JK000503,0287IbnAbiCasim.Zuhd,17,2820
JK000505,0430AbuNucaymIsbahani.MajlisMinAmali,1,332
JK000508,0643DiyaDinMaqdisi.FadailBaytMaqdis,8,2655
JK000515,0354IbnHibbanBusti.MashahirCulamaAmsar,1,69
JK000520,0369AbuShaykhIsbahani.TabaqatMuhaddithin,23,4523
JK000532,0748Dhahabi.TadhkiratHuffaz,23,3973
JK000533,0852IbnHajarCasqalani.IsabaFiTamyiz,936,158099
JK000537,0643IbnSalahShahrazuri.MuqaddimatCulumHadith,1,246
JK000545,0450AbuHasanMawardi.AclamNubuwwa,6,1264
JK000546,0256Bukhari.KhalqAfcal,2,641
JK000549,0181IbnMubarak.Jihad,15,3535
JK000550,0911Suyuti.IscafMubatta,1,125
JK000552,0911Suyuti.DibajCalaMuslim,3,449
JK000554,1138IbnCabdHadiNurDinSindi.HashiyaCalaNasai,2,261
JK000555,0911Suyuti.MisbahZujaja,5,765
JK000556,0911Suyuti.TanwirHawalik,16,2450
JK000559,0852IbnHajarCasqalani.TalkhisHabir,68,10003
JK000560,0204Shafici.IkhtilafHadith,7,1234
JK000562,0287IbnAbiCasim.Jihad,43,8475
JK000566,0303IbnSufyanNasawi.Arbacuna,2,321
JK000568,0181IbnMubarak.Musnad,38,9082
JK000572,0498IbnMuhammadAbuBakrIsbahani.Juz,6,1182
JK000574,0620IbnMuhammadIbnCasakir.ArbacunaFiManaqibUmmahat,2,322
JK000575,0280AbuCabbasBirti.MusnadIbnCawf,10,2539
JK000576,0335IbnKulaybShashi.Musnad,215,53466
JK000578,0198SufyanIbnCuyayna.JuzFihiHadith,2,586
JK000579,0385IbnShahin.FadailFatima,2,557
JK000580,0378HakimKabir.ShicarAshabHadith,5,1174
JK000581,0845Maqrizi.MukhtasarKitabWitr,2,476
JK000582,0475IbnMakula.IkmalFiRafcIrtiyab,21,2050
JK000583,1162IbnMuammadAbuFidaCajluni.KashfKhafa,64,10507
JK000584,0538JarAllahZamakhshari.FaiqFiGharib,35,8922
JK000585,0463IbnCabdBarr.TamhidMuwatta,507,114005
JK000587,0395IbnMandaMuhammad.Fawaid,1,142
JK000588,0270IbnCaffanKufi.AmaliWaQiraa,2,389
JK000590,0721IbnRushaydSabti.SunanAbyan,3,736
JK000591,0842IbnNasirDinDimashqi.MajlisFiHadithJabir,5,1588
JK000592,0359AbuCaliSawwaf.Fawaid,1,136
JK000593,0262IbnCasimIsbahani.Juz,3,704
JK000594,0318IbnMuhammadHashimi.MusnadIbnAbiAwfa,7,1692
JK000595,0343IbnSulaymanAtrabulusi.Hadith,14,3750
JK000596,0430AbuNucaymIsbahani.RiyadatAbdan,2,340
JK000597,0287IbnAbiCasim.Mudhakkir,3,741
JK000598,0360AbuBakrAjurri.TasdiqBiNazar,7,1479
JK000599,0360Tabarani.AhadithTiwal,39,14459
JK000600,0414AbuSacidNaqqash.FawaidCiraqiyyin,3,458
JK000601,0218CabdAclaGhassani.Nuskha,5,1016
JK000602,0441IbnCaliSuri.FawaidCawali,3,678
JK000603,0643IbnSalahShahrazuri.SiyanatSahihMuslim,2,268
JK000605,0441IbnCaliSuri.FawaidMuntaqat,1,204
JK000606,0254MuammalIbnIhab.JuzMuammal,1,182
JK000607,0463KhatibBaghdadi.IqtidaCilmCamal,2,527
JK000608,0360AbuBakrAjurri.MasalatTaifin,1,111
JK000609,0852IbnHajarCasqalani.WuqufCalaMawquf,16,3058
JK000611,0430AbuNucaymIsbahani.MasanidAbiYahyaKufi,2,387
JK000613,0197WakicIbnJarrah.NuskhatWakic,1,209
JK000614,0581AbuMusaMadini.NuzhatHuffaz,1,127
JK000617,0463KhatibBaghdadi.TaliTalkhisMutashabih,33,7478
JK000620,0301AbuBakrFaryabi.DalailNubuwwa,13,4298
JK000621,0310IbnAhmadDulabi.Dhariyya,7,1512
JK000622,0351IbnAhmadSijzi.MuntaqaMinMusnadMuqillin,11,2608
JK000623,0312BaghandiSaghir.MusnadCumar,5,1268
JK000624,0414AbuQasimRazi.Fawaid,47,10497
JK000625,0168IbnTahman.Mashyakha,3,504
JK000627,0463KhatibBaghdadi.TaqyidCilm,3,652
JK000628,0806IbnHusaynZaynDinCiraqi.MustakhrajCalaMustadrak,4,1154
JK000629,0597IbnJawzi.CilalMutanahiyya,59,13012
JK000630,0287IbnAbiCasim.Sunna,107,25833
JK000631,0458Bayhaqi.QiraaKhalfaImam,8,1896
JK000633,0287IbnAbiCasim.Awail,7,1608
JK000636,0463KhatibBaghdadi.HadithSittaMinTabicin,6,842
JK000637,0807NurDinHaythami.MajmacZawaid,2492,575970
JK000638,0360Tabarani.TuruqHadithManKadhdhabaCalayya,7,1645
JK000639,0307AbuYaclaMawsili.Mafarid,50,13131
JK000640,0267HammadIbnIshaq.TarikatNabi,14,3587
JK000642,0246AhmadDawraqi.MusnadSacdIbnAbiWaqqas,48,11149
JK000643,0477BibiHarawiyya.Juz,1,105
JK000645,0317AbuQasimBaghawi.MusnadUsama,7,1480
JK000646,0377IbnAhmadJurjani.JuzIbnGhitrif,3,511
JK000647,0672IbnAhmaLuluDarir.Juz,2,300
JK000649,0576AbuTahirSilafi.Mashyakha,2,352
JK000652,0385Daraqutni.FawaidMuntaqatDhuhli,3,501
JK000653,0307IbnHarunRuyani.Musnad,323,78610
JK000654,0281IbnAbiDunya.QadaHawaij,1,122
JK000657,0535QawwamSunna.DalailNubuwwa,75,23173
JK000659,0294IbnNasrMarwazi.Sunna,24,6119
JK000662,0618IbnCabdRahmanMuqriWasiti.ArbacinaFiJihad,9,1806
JK000663,0806IbnHusaynZaynDinCiraqi.ArbacunaCushariyya,6,1363
JK000667,0402MuhammadSaydawi.MucjamShuyukh,9,1538
JK000669,0303Nasai.KhasaisAmirMumininCali,21,5067
JK000671,0620IbnQudamaMaqdisi.MutahabbinFiLlah,9,2578
JK000672,0600CabdGhaniMaqdisi.JuzAhadithShicr,20,5690
JK000673,0241IbnHanbal.Ashriba,10,1855
JK000675,0360Tabarani.Duca,159,36572
JK000676,1307Qannawji.AbjadCulum,2,361
JK000677,0204Shafici.SunanMathura,30,6837
JK000678,0974IbnHajarHaytami.IfsahCanHadithNikah,7,1276
JK000679,0279Tirmidhi.CilalKabir,38,6201
JK000682,0327IbnAbiHatimRazi.CilalHadith,87,14217
JK000684,0911Suyuti.TadhkiratMutasi,1,135
JK000685,0852IbnHajarCasqalani.AmaliMutlaqa,29,6521
JK000687,0211CabdRazzaqSancani.AmaliFiAthar,5,1091
JK000691,0307AbuYaclaMawsili.Mucjam,11,2069
JK000692,0282IbnIshaqJahdami.FadlSalat,5,1354
JK000693,0292IbnCaliMarwazi.MusnadAbiBakr,4,1021
JK000698,0458Bayhaqi.Ictiqad,30,8203
JK000699,0748Dhahabi.DinarMinHadith,1,117
JK000700,0281IbnAbiDunya.Rida,1,152
JK000706,0330IbnIsmacilMahamili.Amali,70,16774
JK000707,0807NurDinHaythami.MawaridZaman,353,80228
JK000708,0234CaliIbnMadini.Cilal,1,52
JK000710,0702IbnDaqiqCidQushayri.IhkamAhkamSharhCumdatAhkam,22,4780
JK000711,0458Bayhaqi.BayanKhata,1,162
JK000714,0395IbnMandaMuhammad.RisalaFiFadlAkhbar,1,154
JK000715,0581AbuMusaMadini.KhasaisMusnadAhmad,3,631
JK000717,0430AbuNucaymIsbahani.TasmiyatRuwatCanSacidIbnMansur,2,685
JK000718,0224QasimIbnSallam.GharibHadith,7,1198
JK000720,0463KhatibBaghdadi.FaslLiWaslMudrajFiNaql,62,16381
JK000724,0294IbnNasrMarwazi.TaczimQadrSalat,84,19179
JK000725,0351IbnQanic.MucjamSahaba,352,67008
JK000727,0463KhatibBaghdadi.RihlaFiTalabCilm,6,2071
JK000728,0458Bayhaqi.MadkhalIlaSunanKubra,25,6848
JK000730,0276IbnMukhalladQurtubi.MaRuwiyaFiHawd,5,1194
JK000732,0446AbuYaclaKhalili.IrshadFiMacrifaCulama,5,878
JK000733,0458Bayhaqi.ArbacunaSughra,11,2192
JK000734,0804IbnMulaqqin.KhulasatBadrMunir,13,2045
JK000735,0303Nasai.CamalYawmWaLayla,118,26695
JK000736,0430AbuNucaymIsbahani.MusnadAbiHanifa,2,260
JK000737,0662RashidCattar.GhurarFawaid,5,943
JK000738,0414AbuQasimRazi.MusnadMuqallin,1,163
JK000741,0261Muslim.Tamyiz,3,481
JK000742,0369AbuShaykhIsbahani.Cuzma,23,4914
JK000743,0327IbnAbiHatimRazi.Marasil,5,742
JK000746,0151MacmarIbnRashid.Jamic,70,16832
JK000747,0303Nasai.FadailSahaba,48,10527
JK000754,1122MuhammadZurqani.SharhCalaMuwatta,84,13802
JK000755,0852IbnHajarCasqalani.QawlMusaddad,15,3525
JK000758,0285IbrahimHarbi.GharibHadith,16,2753
JK000760,0371AhmadJurjani.Mucjam,9,1538
JK000761,0463KhatibBaghdadi.JamicLiAkhlaqRawiWaAdabSamic,30,5818
JK000762,0774IbnKathir.TuhfatTalib,15,2684
JK000763,0748Dhahabi.MucjamMuhaddithin,4,731
JK000764,0418HibatAllahLalikai.SharhUsulIctiqad,85,21091
JK000766,0275AbuDawudSijistani.Marasil,6,1152
JK000767,0507IbnQaysarani.IdahIshkal,1,122
JK000771,0360Ramhurmuzi.MuhaddithFasil,12,2260
JK000772,1345IbnJacfarKattani.NazmMutanathir,2,211
JK000774,0273AbuUmayyaTarsusi.MusnadCabdAllahIbnCumar,1,135
JK000775,0852IbnHajarCasqalani.DirayaFiTakhrijAhadithHidaya,51,7666
JK000776,0463KhatibBaghdadi.MuwaddihAwham,116,22353
JK000778,0463IbnCabdBarr.IsticabFiMacrifatAshab,302,58136
JK000779,0728IbnTaymiyya.AhadithCawaliMinIbnCarafa,2,268
JK000780,0702IbnDaqiqCidQushayri.Iqtirah,12,2182
JK000784,0227IbnMansurKhurasani.TafsirMinSunanSacid,48,11549
JK000786,0235IbnAbiShayba.Musannaf,688,148141
JK000787BK1,0620IbnQudamaMaqdisi.MuqnicFiFiqh,7,955
JK000787BK2,0884AbuIshaqIbnMuflih.MubdicFiSharhMuqnic,26,4175
JK000791,0597IbnJawzi.ZadMasir,24,4452
JK000796,0774IbnKathir.FusulMinSira,2,348
JK000799,1206IbnCabdWahhab.UsulIman,12,2619
JK000800,0487AbuCubaydBakri.MucjamMaIstacjama,21,3773
JK000803,0741IbnYahyaAndalusiMalaqi.TamhidWaBayan,3,789
JK000805,1206IbnCabdWahhab.MasailJahiliyya,1,265
JK000806BK1,0775IbnAbiWafa.JawahirMudiya,1,150
JK000818,0911Suyuti.TafsirJalalayn,3,355
JK000829,0785IbnMuhammadShamsDinManbiji.TasliyatAhlMasaib,48,12806
JK000830,0379IbnZabrRabci.WasayaCulama,3,694
JK000832,0511IbnMandaYahya.JuzFihiDhikr,2,615
JK000835,0292SacidBardhaci.Ducafa,1,91
JK000837,0463KhatibBaghdadi.SharafAshabHadith,5,877
JK000838,0412Sulami.AdabSuhba,2,298
JK000839,0311AbuBakrKhallal.Sunna,16,3609
JK000841,0597IbnJawzi.ThibatCindaMamat,19,4164
JK000842,0255CabdAllahDarimi.Sunan,195,41137
JK000846,0953IbnTulun.AhadithMia,2,251
JK000855,0271CabbasDuri.TarikhIbnMacin,12,2579
JK000859,0410IbnMardawayh.Majalis,1,138
JK000862,0360Tabarani.Awail,2,441
JK000868,0308AbuSacidJanadi.FadailMadina,1,347
JK000871,0370IbnCaliJassas.AhkamQuran,76,16067
JK000873,0665AbuShama.BacithCalaInkarBidac,8,1432
JK000875,0403IbnZanjala.HujjatQiraat,1,273
JK000876,0710IbnAhmadHafizDinNasafi.Tafsir,2,277
JK000882,0518IbnMuhammadMaydaniNaysaburi.MajmacAmthal,2,420
JK000883,0360Tabarani.MucjamAwsat,445,90760
JK000888,0977KhatibShirbini.MughniMuhtaj,8,1363
JK000889,0301AbuBakrFaryabi.Siyam,5,1150
JK000894,0728IbnTaymiyya.RisalaFiQunutAshya,1,207
JK000905,0728IbnTaymiyya.FaslFiDalilCalaFadlArab,1,118
JK000906,1270ShihabDinAlusi.RuhMacani,157,34981
JK000908,0281IbnAbiDunya.ManCashaBacdaMawt,1,311
JK000910,0597IbnJawzi.Adhkiya,4,903
JK000911,0630IbnAthirCizzDin.Kamil,27,6421
JK000913,0676Nawawi.Majmuc,116,21542
JK000916,0571IbnCasakir.TarikhDimashq,2337,569548
JK000917,0543IbnCarabiIshbili.AhkamQuran,71,17790
JK000918,0369AbuShaykhIsbahani.AkhlaqNabi,17,2929
JK000919BK1,0356AbuCaliQali.AmaliFiLugha,6,1250
JK000923,1071IbnFaqihFussaBacliDimashqi.CaynWaAthar,1,221
JK000927,0362AbuFarajIsbahani.Aghani,19,3826
JK000928,0385Daraqutni.AhadithAllatiKhulifaFihaMalikIbnAnas,2,311
JK000929,0312IbnCaliTusi.MukhtasarAhkam,84,17004
JK000935,0368IbnJacfarQatici.Fawaid,39,7698
JK000940,0769IbnCabdAllahTaqiDinShibli.AkamMarjan,33,8883
JK000943,0364IbnSunniDinawari.CamalYawmWaLayl,80,16559
JK000946,0369AbuShaykhIsbahani.AmthalFiHadith,17,3556
JK000948,0463IbnCabdBarr.InbahCalaQabail,2,227
JK000949,0458Bayhaqi.HayatAnbiya,1,277
JK000952,0562Samcani.Ansab,17,3056
JK000961,1307Qannawji.HusnUswa,59,10528
JK000966,0840IbnWazirYamani.ItharHaqq,1,210
JK000967,0790IbnMusaGharnatiShatibi.Ictisam,27,5586
JK000974,0487AbuCubaydBakri.FaslMaqal,2,321
JK000977,0430AbuNucaymIsbahani.MusnadMustakhrajCalaSahihMuslim,238,56048
JK000981,0802IbnMusaAbnasi.ShadhaFayyah,10,1636
JK000983,0879IbnMuhammadIbnAmirHajj.TaqrirWaTahbir,16,3700
JK000985,0806IbnHusaynZaynDinCiraqi.Taqyid,7,894
JK000990,1338TahirJazairiDimashqi.TawjihNazar,11,2089
JK000995,1182IbnIsmacilSancani.TawdihAfkar,3,438
JK000996,0804IbnMulaqqin.MuqnicFiCulumHadith,1,77
JK000999,0597IbnJawzi.BustanWacizin,4,858
JK001000,0578AhmadRifaci.BurhanMuayyid,3,697
JK001002,0761IbnKaykaldiCalai.JuzFiTafsirBaqiyat,5,941
JK001006,0481AnsariHarawi.DhammKalam,26,4970
JK001011,0829TaqiDinDimashqiHisni.DafcShubh,2,512
JK001012,1255Shawkani.TuhfatDhakirin,98,19601
JK001013,0444AbuCamrDani.BayanFiCaddAyyQuran,3,530
JK001020,0403AbuBakrBaqillani.IcjazQuran,5,774
JK001021,0786IbnCabdRahmanJamalDinHubayshi.NashrTayy,4,582
JK001031,0852IbnHajarCasqalani.ImtacBiArbacin,8,1654
JK001032,1182IbnIsmacilSancani.InsafFiHaqiqatAwliya,3,427
JK001036,1255Shawkani.IrshadThiqat,7,1615
JK001039,0281IbnAbiDunya.IshrafFiManazil,2,300
JK001040,0281IbnAbiDunya.IslahMal,4,682
JK001043,0613IbnBaninDaqiqiNahwi.IttifaqMabani,1,166
JK001044,1031CabdRaufMunawi.Ittihafat,10,1489
JK001045,0438IbnYusufJuwayni.RisalaFiIthbat,3,672
JK001046,0911Suyuti.ItmamDiraya,4,520
JK001050,0569IbnAhmadCattarHamadhani.Futya,7,2023
JK001079,0303Nasai.FadailQuran,13,2848
JK001081,0273HanbalIbnIshaqShaybani.Fitan,19,4579
JK001084,0575IbnKhayrIshbili.Fahrasa,1,125
JK001091,1255Shawkani.FawaidMajmuca,7,1365
JK001095,0434IbnAhmadHarawi.Fawaid,1,547
JK001098,0630IbnMuhammadBadrDinRazi.HujajQuran,1,95
JK001100,0774IbnKathir.AdabDukhulHammam,9,1777
JK001102,0265SalihIbnHanbal.SiratImam,1,322
JK001103,0774IbnMuhammadShamsDinIbnMawsili.HusnSuluk,8,1308
JK001117,0694MuhibbDinTabari.KhulasatSiyar,3,809
JK001122,0246IbnCumarDuri.JuzFihiQiraat,4,812
JK001127,0281IbnAbiDunya.Tahajjud,13,2490
JK001137,1342MahmudShukriAlusi.MaDallaCalayhiQuran,2,285
JK001140,0768Yafici.MarhamCilalMucdila,9,1999
JK001143,0385IbnShahin.SharhMadhahib,10,2233
JK001154,0576AbuTahirSilafi.MajalisKhamsa,1,219
JK001157,0792IbnCumarTaftazani.SharhMaqasid,1,249
JK001160,0902Sakhawi.MaqasidHasana,33,5810
JK001171,0327AbuBakrKharaiti.MuntaqaMinMakarim,13,2476
JK001173,0748Dhahabi.MuntaqaMinMinhajIctidal,10,2390
JK001184,0241IbnHanbal.MasailRiwayatSalih,5,874
JK001186,0245LuwaynMissisi.JuzHadith,6,1609
JK001187,0406IbnFurakIsbahani.MushkilHadith,6,1159
JK001189,0590IbnNasrJalalDinShayzari.ManhajMasluk,2,321
JK001192,0914IbnYahyaWansharisi.AsnaMatajir,1,164
JK001197,1332IbnMuhammadJamalDinQasimi.MawcizatMuminin,7,980
JK001198,1014MullaCaliQari.AsrarMarfuca,3,434
JK001202,0303Nasai.Nucut,7,1458
JK001203,0852IbnHajarCasqalani.NuzhatSamicin,3,484
JK001207,0574ShuhdaBintAhmad.Cumda,6,1600
JK001210,0597IbnJawzi.Mudhish,1,136
JK001211,0488IbnFutuhHumaydi.TafsirGharib,1,83
JK001213,0388AbuSulaymanKhattabi.Cuzla,1,223
JK001214,0301AbuBakrFaryabi.Qadar,20,5455
JK001217,0911Suyuti.LumcaFiTahqiq,1,76
JK001219,0243HarithMuhasibi.RisalatMustarshidin,1,174
JK001226,0744IbnCabdHadi.SarimMunki,10,2409
JK001227,0911Suyuti.SharhSudur,40,11433
JK001230,0426IbnAhmadIbnShadhan.MashyakhaSughra,3,535
JK001235,0282IbnIshaqJahdami.JuzFihiHadith,15,4142
JK001236,0745IbnMuhammadTaqiDinIbnImam.SilahMumin,133,28111
JK001239,0911Suyuti.ShamailSharifa,8,1489
JK001241,0430AbuNucaymIsbahani.DhikrManIsmuhuShucba,3,438
JK001249,0676Nawawi.Adhkar,68,12543
JK001253,0510IbnCaliAbuGhanaimNursi.ThawabQada,3,573
JK001254,1225IbnNasirNajdi.TuhfaMadaniyya,4,663
JK001258,0911Suyuti.TahdhirKhawass,8,1474
JK001263,0377IbnAhmadCasqalani.TanbihWaRadd,26,10269
JK001266,0600CabdGhaniMaqdisi.TarghibFiDuca,10,2417
JK001271,0794BadrDinZarkashi.TadhkiraFiAhadithMashhura,4,839
JK001274,0369AbuShaykhIsbahani.Tawbikh,6,932
JK001277,0600CabdGhaniMaqdisi.TawhidLiLlah,26,6559
JK001284,0456IbnHazm.HajjatWidac,23,4578
JK001286,0809IbnQunfudh.WasilatIslam,1,299
JK001287,0369AbuShaykhIsbahani.AhadithAbiZubayr,8,1729
JK001288,0458Bayhaqi.ZuhdKabir,19,3064
JK001292,0665AbuShama.IbrazMacani,1,178
JK001293BK1,0748Dhahabi.MizanIctidal,109,18183
JK001293BK2,0806IbnHusaynZaynDinCiraqi.DhaylMizan,7,1008
JK001295,0911Suyuti.Itqan,36,6420
JK001297,0509IbnShahridarDaylami.Firdaws,72,9618
JK001303,0911Suyuti.KhasaisKubra,261,63451
JK001307,0748Dhahabi.MughniFiDucafa,2,160
JK001310,0630IbnCaliShaficiQalci.TahdhibRiyasa,1,123
JK001311,0696CumarSunami.NisabIhtisab,2,317
JK001324,0974IbnHajarHaytami.SawaciqMuhriqa,38,8176
JK001325,1315Salawi.IstiqsaLiAhkbar,4,1272
JK001329,0852IbnHajarCasqalani.CujabFiBayanAsbab,17,3535
JK001330,0874IbnTaghribirdi.NujumZahira,11,1945
JK001332,0320HakimTirmidhi.NawadirUsul,23,4513
JK001333,0280CuthmanIbnSacidDarimi.NaqdImam,6,1144
JK001336,0850ShihabDinIbshihi.Mustatraf,12,2158
JK001412,0896IbnCaliIbnAzraqGharnati.BadaicSilk,10,1642
JK001414,0728IbnTaymiyya.FatawaKubra,49,9722
JK001416,0195IbnFudaylDabbi.Duca,12,2301
JK001417,0338AbuJacfarNahhas.IcrabQuran,4,1158
JK001421,0794BadrDinZarkashi.IjabaLiIrad,1,198
JK001429,0643DiyaDinMaqdisi.FadailAcmal,62,12048
JK001435,0280CuthmanIbnSacidDarimi.RaddCalaJahmiyya,9,1846
JK001438,0333IbnMuhammadMadini.Juz,10,2110
JK001462,0403IbnFaradi.TarikhCulamaAndalus,1,166
JK001467,0597IbnJawzi.GharibHadith,1,424
JK001469,0597IbnJawzi.DafcShubahTashbih,6,1166
JK001472,0804IbnMulaqqin.GhayatSul,2,477
JK001480,0741IbnAhmadGharnatiKalbi.TashilLiCulumTanzil,2,377
JK001484,0233YahyaIbnMacin.HadithYahya,7,1716
JK001487,0387IbnBattaCukbari.IbanaCanSharica,27,6713
JK001492,0762IbnYusufZaylaci.TakhrijAhadith,170,36726
JK001493,0292Yacqubi.Tarikh,4,694
JK001496,0538JarAllahZamakhshari.Kashshaf,9,1352
JK001503,0463IbnCabdBarr.IstidhkarJamic,203,39430
JK001504,0264IbnYahyaMuzani.Mukhtasar,1,39
JK003502,1111MuhammadAminMuhibbi.KhulasatAthar,1,121
JK003504,0249Azraqi.AkhbarMakka,6,1224
JK003609,0764Safadi.WafiBiWafayat,71,14546
JK004502,0871TaqiDinIbnFahd.LahzAlhaz,1,277
JK005002,1143IbnCabdKarimGhazziCamiri.JiddHathith,1,322
JK005003,0597IbnJawzi.QussasWaMudhakkirin,8,1941
JK005004,0911Suyuti.LaaliMasnuca,60,11870
JK005005,0963IbnMuhammadIbnCiraqKanani.TanzihSharica,20,4292
JK005006,0507IbnQaysarani.AtrafGharaib,1,70
JK005007,0597IbnJawzi.Mawducat,36,7972
JK005008,0682IbnYahyaGhassani.TakhrijAhadithDicaf,16,2474
JK005014,1277IbnDarwishHut.AsnaMatalib,2,213
JK005020,0507IbnQaysarani.DhakhiratHuffaz,68,10568
JK005021,0806IbnHusaynZaynDinCiraqi.Mughni,14,1681
JK005200,0743FakhrDinZaylaci.TabyinHaqaiq,26,3928
JK005202,1243IbnSacdRahyabaniSuyuti.MatalibUliNuha,61,9567
JK006474,0327IbnAbiHatimRazi.Tafsir,103,26390
JK006476,0489IbnMuhammadSamcani.TafsirQuran,6,861
JK006478,0606FakhrDinRazi.MafatihGhayb,21,3400
JK006670,0852IbnHajarCasqalani.ZahrNadirFiHalKhadir,3,590
JK006671,1031CabdRaufMunawi.FathSamawi,4,703
JK006675,0902Sakhawi.FathMughith,2,294
JK006800,0224QasimIbnSallam.Amwal,38,9738
JK006801,0852IbnHajarCasqalani.MatalibCaliya,293,64227
JK006802,0804IbnMulaqqin.TadhkiratMuhtaj,2,349
JK006803,0744IbnCabdHadi.TanqihTahqiq,231,42900
JK006833,0290IbnAhmadIbnHanbal.Sunna,57,17416
JK006838,0458Bayhaqi.DalailNubuwwa,433,123325
JK006856,0110IbnSirin.MuntakhabKalamFiTafsirAhlam,1,164
JK006870,1206IbnCabdWahhab.Tawhid,18,4265
JK006874,1206IbnCabdWahhab.FadlIslam,11,2405
JK006875,1206IbnCabdWahhab.MufidMustafid,5,1176
JK006877,1206IbnCabdWahhab.Kabair,13,2386
JK006878,1206IbnCabdWahhab.MukhtasarInsaf,5,657
JK006880,1206IbnCabdWahhab.MabhathIjtihadWaKhilaf,2,440
JK006883,1206IbnCabdWahhab.AdabMashyIlaSalat,1,171
JK006884,1206IbnCabdWahhab.AhkamTamanniMawt,19,5779
JK006886,1206IbnCabdWahhab.MukhtasarSira,26,8700
JK006888,1206IbnCabdWahhab.FadailQuran,5,1068
JK006889,1206IbnCabdWahhab.TafsirAyatMinQuran,1,113
JK006890,1206IbnCabdWahhab.MukhtasarZadMacad,37,10341
JK006893,1206IbnCabdWahhab.MukhtasarTafsirSuratAnfal,4,1115
JK006895,1206IbnCabdWahhab.RisalaFiRaddCalaRafida,3,412
JK006896,1206IbnCabdWahhab.KhutabMinbariyya,2,224
JK006897,1206IbnCabdWahhab.Hadith,219,41995
JK006898,1206IbnCabdWahhab.AhadithFiFitan,35,8621
JK006900,0542IbnBassamShantarini.Dhakhira,1,195
JK006907,0659SadrDinBasri.Hamasa,2,411
JK006908,0609AbuCabbasJarrawi.HamasaMaghribiyya,4,791
JK006912,0170AbuZaydQurashi.JamharatAshcarCarab,1,273
JK006919,0502RaghibIsbahani.MuhadaratUdaba,6,993
JK006923,1280QadiMulkHindi.DhaylQawlMusaddad,20,4917
JK006950,0728IbnTaymiyya.RasailWaFatawa,80,15057
JK006951,0926ZakariyyaAnsari.Munfarijatan,1,258
JK006962,0458IbnSidaMursi.MuhkamWaMuhit,1,136
JK006973,1031CabdRaufMunawi.YawaqitWaDurar,1,131
JK006975,0852IbnHajarCasqalani.NukatCalaIbnSalah,6,1054
JK006982,0728IbnTaymiyya.Hisba,2,301
JK006983,0728IbnTaymiyya.KhilafaWaMulk,2,405
JK006985,0728IbnTaymiyya.MazalimMushtaraka,1,160
JK006986,0643IbnSalahShahrazuri.Fatawa,1,155
JK007001,0306Wakic.AkhbarQudat,7,1301
JK007004,0558IbnAbiKhayrCimraniYamani.IntisarFiRadd,27,7726
JK007006,1031CabdRaufMunawi.TaysirBiSharh,51,8108
JK007007,0197IbnWahbQurashi.JamicFiHadith,11,2212
JK007010,0843IbnIsmacilJadhbati.DurraGharra,1,152
JK007011,0732IbnYacqubJanadi.SulukFiTabaqat,2,390
JK007013,0238IbnHabibQurtubi.MukhtasarFiTibb,2,403
JK007014,0902Sakhawi.GhayaFiSharh,1,163
JK007015,0468IbnMuhammadMihrawani.Fawaid,8,1674
JK007016,0310IbnAhmadDulabi.KunaWaAsma,158,30670
JK007018,0660SultanCulamaCizzDinDimashqi.TafsirQuran,1,82
JK007020,0842IbnNasirDinDimashqi.SalwatKaib,3,764
JK007021,0930IbnCumarBahraqHadrami.HadaiqAnwar,27,5792
JK007025,0564IbnFakhir.Majlis,42,11536
JK007033,0616MuhibbDinCukbari.IcrabMaYushkil,6,713
JK007036,0686IbnZakariyaManbiji.LubabFiJamc,51,10846
JK007037,0767CizzDinIbnJamaca.MukhtasarKabir,4,840
JK007039,0748Dhahabi.TanqihTahqiq,209,38114
JK007040,0370AbuMansurAzhari.TahdhibLugha,14,2750
JK007041,1204SulaymanJamal.Hashiya,3,906
JK007043,0321Tahawi.SharhMushkilAthar,472,103011
JK007044,1014MullaCaliQari.MirqatMafatih,226,39130
JK007045,0741KhatibTabrizi.MishkatMasabih,499,98352
JK007048,0317AbuQasimBaghawi.HadithMuscab,20,4598
JK007049,0235IbnAbiShayba.Musnad,254,59650
JK007054,0763IbnMuflihMaqdisi.AdabSharciyya,144,25434
JK007056,0597IbnJawzi.ZirafWaMutamajinin,2,706
JK007058,0852IbnHajarCasqalani.AmaliHalabiyya,3,793
JK007059,0204IbnKalbi.Asnam,1,161
JK007060,0794BadrDinZarkashi.BahrMuhit,4,591
JK007062,0902Sakhawi.Buldaniyyat,13,2373
JK007063,0597IbnJawzi.Tabsira,53,14371
JK007064,1307Qannawji.RawdaNadiyya,72,11463
JK007065,0488IbnFutuhHumaydi.JamcBaynaSahihayn,550,148072
JK007070,0974IbnHajarHaytami.Zawajir,194,34057
JK007074,0974IbnHajarHaytami.FatawaKubra,17,2864
JK007078,0463KhatibBaghdadi.FaqihWaMutafaqqih,37,6603
JK007082,0333IbnMarwanDinawari.MujalasaWaJawahirCilm,34,7541
JK007083,0744IbnCabdHadi.MuharrirFiHadith,102,21430
JK007084,0737IbnMuhammadIbnHajjFasi.Madkhal,18,3793
JK007089,0799IbnFarhun.TabsiratHukkam,1,216
JK007091,0744IbnCabdHadi.TacliqaCalaCilal,30,6211
JK007097,0842IbnNasirDinDimashqi.TawdihMushtabih,59,10809
JK007098,0972IbnMahmudAmirBadishahBukhari.TaysirTahrir,6,1189
JK007102,1250IbnMuhammadCattarShafici.HashiyaCalaJamcJawamic,1,94
JK007104,1176ShahWaliAllahDihlawi.HujjatAllahBaligha,16,2472
JK007105,0379IbnMuzaffarBazzaz.HadithShucba,2,310
JK007106,0246HishamSulami.HadithHisham,2,533
JK007107,0676Nawawi.KhulasatAhkam,96,19368
JK007109,0747IbnMascudMahbubiBukhari.Tawdih,1,193
JK007111,0772ShamsDinHanbaliZarqashi.SharhCalaMukhtasarKhiraqi,134,22814
JK007113,0926ZakariyyaAnsari.AsnaMatalib,14,2634
JK007115,1072IbnAhmadMayyaraFasi.SharhMayyara,1,116
JK007116,0806IbnHusaynZaynDinCiraqi.TaqribAsanid,16,3355
JK007117,0806IbnHusaynZaynDinCiraqi.TarhTarthib,96,17201
JK007119,1098IbnMuhammadShihabDinHamawi.GhamzCuyun,4,788
JK007121,0756TaqiDinSubki.Fatawa,21,3670
JK007126,0730IbnAhmadCalaDinBukhari.KashfAsrar,2,363
JK007127,1192IbnCabdAllahBacliHanbali.KashfMukhaddarat,1,256
JK007128,0597IbnJawzi.KashfMushkil,48,7371
JK007132,1299MuhammadCulayshMaliki.MinahJalil,1,163
JK007135,1004ShamsDinRamli.NihayatMuhtaj,4,706
JK007140,1205MurtadaZabidi.TajCarus,13,1815
JK007143,1093CabdQadirBaghdadi.KhizanatAdab,4,669
JK007534,0054HassanIbnThabit.Diwan,1,321
JK008001,0975MuttaqiHindi.KanzCummal,1811,356346
JK008003,0507AbuBakrShashi.Fawaid,2,311
JK008250Vols,0310Tabari.TahdhibAthar,184,39826
JK009137,0804IbnMulaqqin.BadrMunir,315,58446
JK009138,0699ShihabDinIshbiliLakhmi.MukhtasarKhilafiyyat,69,11521
JK009139,0450AbuHasanMawardi.HawiKabir,82,13432
JK009141,0581IbnKharratIshbili.AhkamSharciyya,742,172146
JK009142,0463KhatibBaghdadi.AsmaMubhama,67,14525
JK009143,0885CalaDinMardawi.TahbirSharhTahrir,5,988
JK009146,0628IbnQattanFasi.BayanWahm,74,11059
JK009149,1200CabdNabiAhmadNagari.DusturCulama,3,676
JK009150,0643IbnNajjar.DhaylTarikhBaghdad,15,2401
JK009151,0771TajDinSubki.RafcHajib,1,179
JK009152,0510IbnMascudBaghawi.SharhSunna,441,97514
JK009153,0354IbnCabdAllahBazzaz.Fawaid,71,15897
JK009154,0696IbnZahiri.Mashyakha,77,16040
JK009158,0360AbuBakrAjurri.Sharica,91,22954
JK009159,0311IbnKhuzaymaNaysaburi.Tawhid,47,12141
JK009160,0535QawwamSunna.HujjaFiBayanMahajja,59,17899
JK009163,0329IbnMuhammadMarwaziHamid.Muntaqa,5,654
JK009169,0732IbnCumarBurhanDinJacbari.RusumTahdith,1,202
JK009171,0251IbnMansurKawsaj.Masail,1,151
JK009172,0281IbnAbiDunya.SifatNar,6,1443
JK009174,0281IbnAbiDunya.QasrAmal,1,175
JK009175,0235IbnAbiShayba.Adab,14,2333
JK009176,0318AbuCarubaHarrani.Awail,5,905
JK009179,0458Bayhaqi.QadaWaQadar,34,8783
JK009185,0430AbuNucaymIsbahani.ImamaWaRaddCalaRafida,12,2190
JK009186,0463KhatibBaghdadi.MuntakhabMinZuhdWaRaqaiq,2,305
JK009189,0658IbnAbbar.MucjamAshab,7,1461
JK009190,0380AbuBakrKalabadhi.MacaniAkhbar,15,2693
JK009191,0597IbnJawzi.TanwirGhabash,18,6053
JK009193,0215IbnCabdAllahAnsari.HadithAnsari,1,78
JK009207,0327AbuBakrKharaiti.HawatifJinan,6,1686
JK009214,0685IbnYahyaSulami.CiqdDurar,23,5614
JK009216,0414AbuSacidNaqqash.FununCajaib,8,3063
JK009218,0483IbnAhmadSarakhsi.SharhSiyarKabir,4,650
JK009220,0403AbuBakrBaqillani.Insaf,3,380
JK009223,0236AbuCabdAllahZubayri.NasabQuraysh,3,457
JK009225,0487AbuCubaydBakri.SimtLaaliFiSharhAmali,1,148
JK009226,0499MurshidYahyaIbnShajari.Amali,145,31208
JK009229,0808MuhammadDamiri.HayatHayawanKubra,70,16919
JK009231,0795IbnRajabHanbali.FathBariFiSharhSahihBukhari,226,39007
JK009233,1008DawudAntaki.TazyinAswaq,1,142
JK009236,0894CabdRahmanSaffuri.NuzhatMajalis,25,3862
JK009237,0638IbnCarabi.FutuhatMakkiyya,24,4985
JK009241,0911Suyuti.HawiLiFatawi,58,10275
JK009245,1188ShamsDinSaffarini.GhidhaAlbab,113,21400
JK009246,0774IbnKathir.FadailQuran,36,8568
JK009247,1345IbnCafifiKhudari.NurYaqin,8,1628
JK009248,1221IbnMuhammadBujayrimiMisri.TuhfatHabib,5,1474
JK009249,0911Suyuti.TuhfatAbrar,1,110
JK009251,1316IbnCumarBantaniJawi.TanqihQawl,7,1128
JK009256BK1,0742Mizzi.TuhfatAshraf,1096,177987
JK009256BK2,0852IbnHajarCasqalani.NukatZiraf,19,2132
JK009258,0803IbnCarafaWarghami.Tafsir,1,201
JK009265,0774IbnKathir.NihayaFiFitan,150,37255
JK009266,0880IbnCadilHanbali.LubabFiCulumKitab,77,16421
JK009268,0730NizamDinNaysaburi.GharaibQuran,22,4329
JK009270,0885BurhanDinBiqaci.NazmDurar,54,12492
JK009273,0974IbnHajarHaytami.FatawaHadithiyya,14,2049
JK009274,0911Suyuti.FathKabir,329,59254
JK009275,0245MuhammadIbnHabib.MunammaqFiAkhbarQuraysh,4,754
JK009286,0972IbnAhmadIbnNajjarHanbali.SharhKawkabMunir,6,1058
JK009288,0414AbuHayyanTawhidi.Basair,5,1322
JK009291,0320IbnMuhammadBayhaqi.Mahasin,3,616
JK009298,0386AbuTalibMakki.QutQulub,8,1371
JK009304,0500IbnAhmadSarrajBaghdadi.MasaricCushshaq,2,361
JK009306,1100MuhammadItlidi.IclamNas,2,479
JK009313,0942IbnYusufShami.SubulHuda,1029,239230
JK009315,0869IbnKhalilZaynDinQabuni.BisharatMahbub,29,5005
JK009317,0984BadrDinGhazzi.MurahFiMuzah,2,490
JK009318,0974IbnHajarHaytami.Inafa,14,2418
JK009321,0465IbnHawazinQushayri.RisalaQushayriyya,1,286
JK009324,0449IbnBattalQurtubi.SharhSahihBukhari,256,56734
JK009325,0562IbnHamdun.TadhkiraHamduniyya,17,3820
JK009329,0676Nawawi.BustanCarifin,1,443
JK009334,0974IbnHajarHaytami.MablaghArab,15,2613
JK009336,0606IbnAthirMajdDin.JamicUsul,1086,255925
JK009362,1393MuhammadTahirIbnCashurTunisi.TahrirWaTanwir,46,7829
JK009364,0255Jahiz.MahasinWaAddad,2,563
JK009365,1031BahaDinCamili.Kashkul,3,937
JK009379,0911Suyuti.Habaik,19,3207
JK009388,0911Suyuti.Baha,1,99
JK009389,0633IbnDihyaJumayyilKalbi.AdaMaWajaba,4,702
JK009390,1423CabbasAhmadSaqr.JamicAhadith,1875,386426
JK009391,0576AbuTahirSilafi.Tuyuriyyat,21,3601
JK009396,0450AbuHasanMawardi.NukatWaCuyun,16,2794
JK009399,0385Daraqutni.AhadithMuwatta,1,102
JK009404,0683IbnMahmudMajdDinMawsili.IkhtiyarLiTaclil,3,267
JK009405,0909IbnMabrid.SayrHathth,1,185
JK009408,0430AbuNucaymIsbahani.MacrifatSahaba,1973,451529
JK010001,1225IbnNasirNajdi.FawakihCidhab,108,20895
JK010092,0395IbnFarisQazwini.Sahibi,1,206
JK010127,0987ZaynDinMalibari.IsticdadLiMawt,14,3774
JK010131,0795IbnRajabHanbali.QacidaDhahabiyya,2,437
JK010136,0643DiyaDinMaqdisi.IttibacSunan,5,1171
JK010138,1163MuhammadHayatSindi.FathGhufur,5,642
JK010191,0911Suyuti.MimmaRawahuAsatin,1,150
JK010194,0911Suyuti.RawdAniqFiFadlSiddiq,1,177
JK010195,0387IbnBattaCukbari.SabcunaFiJihad,8,1447
JK010200,0795IbnRajabHanbali.AsbabMaghfira,2,409
JK010204,0944IbnDaybac.MukaffiratDhunub,10,1667
JK010210,0808IbnCimadDinShihabDinAqfahsi.AdabAkl,1,173
JK010216,0320HakimTirmidhi.Manhiyyat,3,867
JK010221,0748Dhahabi.HaqqJar,2,434
JK010224,0911Suyuti.MatlacBadrayn,2,430
JK010242,0911Suyuti.BushraKaib,3,1057
JK010244,0597IbnJawzi.BirrWalidayn,6,1195
JK010248,0911Suyuti.AsrarKawn,1,256
JK010250,1281IbnShawkani.FiSulukIslami,8,1326
JK010322,1010TaqiDinGhazzi.TabaqatSaniyya,1,338
JK010325,0350MuhammadKindi.WulatMisr,1,249
JK010343,1332IbnMuhammadJamalDinQasimi.Mash,1,152
JK010344,0346Mascudi.MurujDhahab,3,508
JK010348,0660SultanCulamaCizzDinDimashqi.BidayatSul,2,246
JK010370,0395AbuHilalCaskari.Awail,4,524
JK010473,1102NurDinYusi.MuhadaratFiLugha,1,133
JK010475,1270ShihabDinAlusi.GharaibIghtirab,6,905
JK010491,0510CawtabiSuhari.Ansab,8,892
JK010494,1364IbnHamdMughiri.MuntakhabQabail,1,133
JK010502,1033MarciKarmi.MasbukDhahab,1,192
JK010504,0204IbnKalbi.JamharatAnsab,2,172
JK010522,0337IbnIshaqZajjaji.Amali,1,278
JK010550,0764Safadi.NaktHimyan,4,949
JK010552,0390IbnZakariyaNahrawani.JalisSalih,25,7099
JK010561,0538JarAllahZamakhshari.RabicAbrar,18,2737
JK010566,0280IbnTayfur.BallaghatNisa,4,1662
JK010605,0291IbnYahyaThaclab.MajalisThaclab,3,853
JK010629,0656IbnFadlMuzaffarCiraqi.NagratIghrid,1,134
JK010635,0573NashwanHimyari.HurCin,1,150
JK010637,0463IbnRashiqQayrawani.CumdaFiMahasinShicr,1,123
JK010643,0231IbnZiyadAcrabi.AsmaKhayl,1,129
JK010646,0540AbuMansurJawaliqi.SharhAdabKatib,1,205
JK010655,1167IbnHamidMashtuli.SalwatAhzan,9,1656
JK010662,1221IbnAhmadSayyaghi.TuhfatMushtaq,1,88
JK010666,0337IbnIshaqZajjaji.Akhbar,7,2002
JK010667,0418WazirMaghribi.AdabKhawass,2,175
JK010670,0571IbnIbrahimIbnSacdKhayrAnsari.QurtCalaKamil,1,134
JK010671,0255AbuHatimSijistani.Mucammarun,1,89
JK010729,0584IbnMunqidhShayzari.LubabAdab,13,2839
JK010738,0297IbnDawudZahiri.Zahra,5,1300
JK010746,0657IbnIbrahimIrbili.MudhakaraFiAlqab,1,148
JK010748,0310IbnCabbasYazidi.Amali,1,166
JK010752,0431IbnMuhammadZuzani.HamasatZurafa,2,549
JK010761,0650IbnMuhammadRadiDinSaghani.CubabZakhir,8,2023
JK010766,1102NurDinYusi.ZahrAkam,3,1031
JK010919,0571IbnCasakir.ArbacunaBuldaniyya,6,1565
JK010938,0475IbnMandahCabdWahhabIsbahani.Fawaid,1,84
JK011153,0682CabdRahmanIbnQudama.SharhKabir,138,25497
JK011225,1014MullaCaliQari.SharhMusnadAbiHanifa,23,4490
JK011299,0311AbuBakrKhallal.AmrBiMacruf,1,274
JK011339,0311AbuBakrKhallal.HaththCalaTijara,3,585
JK011407,0340IbnAcrabiBasri.QublWaMucanaqa,2,438
JK011437,0156IbnAbiCuruba.Manasik,2,334
JK011442,0224QasimIbnSallam.NasikhWaMansukh,9,2024
JK011471,0318AbuCarubaHarrani.JuzBiRiwayatAntaki,1,141
JK011476,0150IbnJurayj.Juz,7,1158
JK011487,0369AbuShaykhIsbahani.Fawaid,5,839
JK011497,0272IbnIshaqFakihi.HadithFakihi,16,2917
JK011503,0385IbnShahin.JuzHadith,3,577
JK011548,0294IbnNasrMarwazi.SalatWitr,6,1127
JK011564,0301AbuBakrFaryabi.FadailQuran,9,2435
JK011584,0331IbnMukhalladCattar.Fawaid,1,80
JK011593,0845Maqrizi.MukhtasarQiyamLayl,33,5237
JK011642,0360Tabarani.MakarimAkhlaq,10,2005
JK011645,0366IbnCabdAllahNaysaburi.ManWafaqatKunyatuhu,4,936
JK011658,0450AbuHasanMawardi.AdabDunyaWaDin,3,343
JK011690BK2,0786IbnMuhammadBabarti.CinayaSharhHidaya,3,584
JK011696,0800IbnCaliYamaniZabidi.JawharaNayyira,4,677
JK011699,0844IbnKhalilCalaDinTarabulusi.MucinHukkam,1,154
JK011703,0885IbnFaramurzMullaKhusraw.DurarHukkam,3,409
JK011712,0957ShihabDinRamli.FatawaRamli,5,952
JK011730,1156IbnMuhammadAbuSacidKhadimi.BariqaMahmudiyya,21,3096
JK011796,1182IbnIsmacilSancani.TathirIctiqad,1,104
Kraken210323052121,1420AbuHasanNadwi.QawacidFiqhiyya,7,793
Kraken210323052137,1420MustafaAhmadZarqa.MadkhalFiqhi,4,787
Kraken21033110,0761IbnKaykaldiCalai.MajmucMudhhab,2,260
Kraken21040109,1450MahmudHarmush.MucjamQawacidFiqhiyya,4,538
Kraken21040802,0973CabdWahhabShacrani.AnwarQudsiyya,2,377
Kraken21040812,0973CabdWahhabShacrani.Tanbih,1,170
Kraken21041223,0748Adfuwi.TalicSacid,2,365
Kraken21041700,0973CabdWahhabShacrani.JawharMasun,2,504
Kraken21042917,0911Suyuti.NuzhatMutaammil,1,177
Kraken21042921,0628IbnZayyat.Tashawwuf,1,164
Kraken210622021806,0548Shahrastani.MafatihAsrar,3,493
Kraken2106220218081,0322AbuHatimRazi.Zina,8,1605
Kraken210714194926,0725IbnMucallim.NajmMuhtahdi,7,1535
Kraken2107192213391,0243HarithMuhasibi.Ricaya,3,496
Kraken2107192215372,0739ShamsDinJazari.HawadithZaman,1,139
Kraken2108092202141,0200AbuGhanimKhurasani.MudawwanaKubra,42,7199
Kraken210809220218,0350MuhammadKindi.AkhbarQudatMisr,1,183
Kraken210904174302,0470MuayyadFiDinShirazi.Diwan,1,84
Kraken211005012007,0775Anonymous.InsafFiIntisaf,7,1243
Kraken211201162527,1429MustafaSacidKhinn.IkhtilafAthar,17,3329
Kraken220204081839,0632AbuHafsSuhrawardi.CawarifMacarif,3,305
Kraken220208041038,0768Yafici.RawdRayahin,1,189
Kraken220208041040,1031CabdRaufMunawi.KawakibDurriyya,8,1166
Kraken220208041043,0814IbnZayyat.KawakibSayyara,6,1571
Kraken220208041045,0565IbnZafar.AnbaNujabaAbna,1,410
Kraken22020817055002,0749ZaynDinIbnWardi.FathRahim,1,687
Kraken22021606121201,0697IbnWasil.TajridAghani,6,1171
Kraken22021606121700,0508AbuMucinNasafi.BahrKalam,2,338
Kraken22021606121900,0377IbnAhmadFarisi.MasailShiraziyyat,1,163
Kraken22021606122000,0953Akhdari.SullamMurawnaq,2,244
Kraken220216061221,1014MullaCaliQari.MinahRawdAzhar,1,127
Kraken22021606122302,0561CabdQadirJilani.JalaKhatir,5,683
Kraken22021606123201,0885BurhanDinBiqaci.NukatWaFawaid,31,5808
Kraken22021802055302,0911Suyuti.Wushshah,1,103
Kraken220218125253,0814IbnNahhas.MasharicAshwaq,92,20097
Kraken220218125255,1283SafaDinBandaniji.JamicAnwar,6,1308
Kraken22021817402400,0243HarithMuhasibi.Wasaya,1,104
Kraken22021817402401,0586Jacdi.TabaqatFuqahaYaman,2,491
Kraken22031816264700,0815MuhibbDinIbnShihna.RawdMunazir,6,1256
Kraken220410202738,0321Tahawi.IkhtilafFuqaha,3,771
Kraken220413030759,0776MuhammadIbnHasanWasiti.MajmacAhbab,65,18937
Kraken220413030832,0717AbuCaliSakuni.UyunMunazarat,1,114
Kraken220413030905,0786IbnCabdRahmanJamalDinHubayshi.Baraka,14,2241
Kraken220413030928,0852IbnHajarCasqalani.BadhlMacun,25,5550
Kraken220413194022,1359FarajAllahZakiKurdi.MajmucatFatawaIbnTaymiyya,38,8547
Kraken22041319410300,0974IbnHajarHaytami.Cumda,20,4842
Kraken220413194118,0902Sakhawi.Istijlab,18,2989
Kraken220413194132,0974IbnHajarHaytami.MinahMakkiyya,14,2583
Kraken220413202213,0656IbnYusufSarsari.MukhtarMadaih,3,682
Kraken220413202218,0597IbnJawzi.MinhajQasidin,91,19137
Kraken220413202953,0642IbnAbiDam.AdabQada,1,144
Kraken220413203004,0652Mahalli.HadaiqWardiyya,3,566
Kraken220414225529,0709IbnCataAllahSikandari.MiftahFilah,2,576
Kraken220602160053,0674IbnSaci.JamicMukhtasar,1,164
Kraken220727035853,1204SulaymanJamal.FutuhatIlahiyya,18,4493
Kraken220809002354,1102NurDinYusi.Qanun,2,221
Kraken220824165557,0832TaqiFasi.Tacrif,1,200
Kraken220829164229,1245Fudi.DiyaTawil,1,122
Kraken230106005528,0944IbnDaybac.TaysirWusul,189,51415
Kraken230107021738,0600CabdGhaniMaqdisi.Kamal,16,2130
Kraken230110004547,0622IbnBadrDiyaDinMawsili.JamcBaynSahihayn,232,57992
Kraken230112160108,0749IbnMaktum.Risala,1,212
Kraken23022301,0748Dhahabi.TajridAsmaSahaba,16,1856
Kraken23022302,0629CabdLatifBaghdadi.Mujarrad,1,163
LAL2013020402,0204Shafici.Risala,2,512
LAL2017040401,0276IbnQutaybaDinawari.FadlCarab,2,315
LMN20200928,0750IbnLuyunTujibi.InalaCilmiyya,8,1346
LMN230208105400,0735DawudIbnMakhila.CuyunHaqaiq,1,146
MMS00008,0843IbnKhatibNasiriyya.DurrMuntakhab,9,2099
MMS00013,0845Maqrizi.KhabarCanBashar,50,10876
MMS00016,0852IbnHajarCasqalani.Badhl,32,6890
MMS00020,0854IbnCarabshah.TalifTahir,2,326
MMS00028,0875Husayni.RawdMugharras,15,2376
MMS00030,0885BurhanDinBiqaci.CunwanZaman,2,453
Masaha000001Vols,0329IbnYacqubKulayni.UsulMinKafi,3,623
Masaha000146Vols,0800IbnAbiHasanDaylami.IrshadQulub,2,470
Masaha000147,0413ShaykhMufid.Ifsah,1,151
Masaha000221,0350IbnJahham.Tawil,2,454
Masaha000554Vols,1450NasirMakarimShirazi.AmthalFiTafsir,27,5089
Masaha000979,0350MuhammadIbnMuhammadIbnAshcath.Jacfariyyat,1,132
Masaha001028,0573IbnHibatAllahQutbDinRawandi.SalwatHazin,4,503
Masaha001072,0705IbnYusufHilli.CudadQawiyya,8,1432
Masaha001075,0905IbnCaliTaqiDinKafcami.Misbah,1,137
Masaha001086Vols,0900MuflihSaymari.TalkhisKhilaf,1,155
Masaha001108Vols,0910IbnAbiJumhurAhsai.CawaliLaali,11,2154
Masaha001831,0360Tabarani.AkhbarHasan,33,7723
Masaha001832,0833IbnJazari.AsnaMatalib,4,857
Masaha001838,0497IbnFarajIbnTallacQurtubi.AqdiyatRasul,27,5692
Masaha001842Vols,0413ShaykhMufid.Irshad,3,543
Masaha001920,0658IbnYusufGanji.Bayan,7,1260
Masaha001922,0664IbnTawus.Tashrif,11,2408
Masaha001941,0669IbnSabcinMursi.AnwarNabi,10,1945
Masaha001945,0290IbnHasanSaffar.BasairDarajat,1,194
Masaha001946Vols,0893CamiriHaradi.BahjatMahafil,137,33012
Masaha001955,0660IbnCadim.TarjamatHusayn,2,625
Masaha001961Vols,0966HusaynDiyarbakri.TarikhKhamis,133,37999
Masaha001978Vols,0955MuhammadKarakiHairi.TasliyatMujalis,1,308
Masaha002028Vols,0581AbuQasimSuhayli.RawdUnuf,141,50192
Masaha002064Vols,0450IbnMuhammadCasimi.CasalMusaffa,14,3089
Masaha002199,0748Dhahabi.RisalaTuruqHadith,8,1320
Masaha002310,0800IbnAbiHasanDaylami.GhurarAkhbar,1,84
Masaha002336,0483IbnMuhammadIbnMaghaziliWasiti.ManaqibCali,19,4067
Masaha002473,0336IbnHumamIskafi.KifayatTalib,32,6901
Masaha002493,0400IbnMuhammadKhazzaz.KifayatAthar,1,215
Masaha002862,0400IbnJarirTabariSaghir.Mustarshid,2,239
Masaha002871,0333IbnCuqdahKufi.FadailAmirMuminin,2,306
Masaha002872,0905IbnCabdRahmanIjiShafici.FadailThaqalayn,27,5602
Masaha002880Vols,0722IbrahimIbnSacdDin.FaraidSamtayn,20,5131
Masaha003032,0911Samhudi.WasailWusul,26,4551
Masaha003104,0750IbnYusufZarandi.NazmDurar,25,6122
Masaha003294,0410IbnMardawayh.ManaqibCali,4,1338
Masaha003296Vols,0300IbnSulaymanKufi.ManaqibImam,46,9883
Masaha003390Vols,0436SharifMurtada.Amali,2,405
Masaha003955Vols,0770IbnCabdMalikMurjani.BahjatNufus,20,3483
Masaha004105Vols,0827IbnIshaqKhwarizmi.ItharatTarghib,14,4909
Masaha004217,0990QutbDinNahrawani.IclamBiAclam,1,171
Masaha004231Vols,0885IbnFahd.DurrKamin,13,2851
Masaha004387Vols,0885IbnFahd.IthafWura,56,17723
Masaha004395Vols,0902Sakhawi.TuhfaLatifa,20,2761
Masaha004518,0797IbnCaquli.CarfTib,4,494
Masaha004544,0413ShaykhMufid.Hikayat,1,107
Masaha004568Vols,0449AbuFathKarajiki.KanzFawaid,5,905
Masaha004648Vols,0320IbnMascudCayyashi.Tafsir,2,237
Masaha004651,0965ShahidThani.KashfRiba,3,670
Masaha004768Vols,0726CallamaHilli.NihayatWusul,4,734
Masaha004844,0682ZakariyaQazwini.CajaibMakhluqat,1,196
Masaha004845BK3,0562Samcani.FadailSham,2,325
Masaha004845BK4,0795IbnRajabHanbali.FadailSham,19,3145
Masaha004845BK5,0880IbnAhmadShamsDinAsyuti.FadailSham,3,537
Masaha005108Vols,0329IbnCumarKashshi.Rijal,8,1716
Meshkat00042485,0950MuhyiDinShaykhZada.HashiyaCalaTafsirBaydawi,17,3481
Meshkat00042488,0860AhmadSiwasi.CuyunTafasir,8,2231
Meshkat00057178,0537NajmDinAbuHafsNasafi.TaysirFiTafsir,49,14480
Meshkat0014420,0494HakimJushami.TahdhibFiTafsir,7,1207
Noorlib0000587,0363QadiNucman.Majalis,1,101
Noorlib0007682,0837IbnNaji.MacalimIman,14,2955
Noorlib0025675,0384IbnJuljul.TabaqatAtibbaWaHukama,1,187
PV20230913,0910MuhammadIbnZahiraQurashi.ManhalMahul,2,318
PV2024060601,1450MultipleAuthors.KutubArbaca,3,503
PV2024060602,1450MultipleAuthors.KutubSitta,3269,760753
Rafed0000040Vols,1450JacfarSubhani.BuhuthFiMilalWaNihal,23,5075
Rafed0000066,1450MuhammadJawadFaqih.CammarIbnYasir,3,1095
Rafed0000110,1450MurtadaMilani.HukmWaMawaciz,1,133
Rafed0000160,1403HashimMacrufHasani.MinWahyThawraHusayniyya,1,156
Rafed0000167,1377SharafDinCamili.FusulMuhimma,7,1588
Rafed0000185Vols,1450JacfarSubhani.SayyidMursalin,35,9674
Rafed0000212,1396CaliHashimiKhatib.WaqcatNahrawan,1,234
Rafed0000609Vols,1433BaqirSharifQurashi.HayatImamHasan,6,1013
Rafed0000705Vols,1263JacfarSharicatMadarAstarabadi.BarahinQatica,4,511
Rafed0001406,1173IsmacilKhwajui.DurarMultaqita,2,308
Rafed0001515,1450LutfAllahSafiGulpaygani.MacaKhatib,2,342
Rafed0001713Vols,0988FathAllahKashani.ZubdatTafasir,35,7745
Rafed0001826,1403HashimMacrufHasani.DirasatFiHadith,4,656
Rafed0001915,1396CaliHashimiKhatib.HusaynFiTariqihi,1,189
Rafed0002163Vols,1423CabdAllahAlBassam.KhizanatTawarikhNajdiyya,1,236
Rafed0002202Vols,1193HusaynWarthilani.Rihla,5,835
Rafed0002209Vols,0832TaqiFasi.CiqdThamin,72,12796
Rafed0002385,1368ShakibArslan.RihlaHijaziyya,2,349
Rafed0002489Vols,1380MuhammadAhmadHajari.MajmucBuldanYaman,8,1520
Rafed0002565Vols,1333CaliHairiYazdi.IlzamNasib,4,975
Rafed0002654Vols,1019NurAllahTustari.IhqaqHaqq,822,191586
Rafed0002679Vols,1407MuhammadCaliMudarrisAfghani.MudarrisAfdal,2,774
Rafed0003150Vols,1328MuhammadJawadBalaghi.AlaRahman,5,1063
Rafed0003228Vols,0568MuwaffaqKhwarazmi.MaqtalHusayn,10,2460
Rafed0003257Vols,1431MuhammadHusaynFadlAllah.TafsirMinWahyQuran,21,6556
Rafed0003376Vols,0631SayfDinAmidi.AbkarAfkar,1,329
Rafed0003462,0606FakhrDinRazi.QadaWaQadar,3,852
Rafed0003489,0774IbnKathir.MucjizatNabi,117,31508
Rafed0003537Vols,1450IbrahimMusawiZanjani.CaqaidImamiyya,12,2329
Rafed0003630Vols,0606FakhrDinRazi.MatalibCaliya,6,1358
Rafed0003726Vols,1450DarTaqrib.MawsucaQuraniyya,9,1995
Rafed0003799Vols,1450NasirMakarimShirazi.NafahatQuran,17,5622
Sham19Y0000259,1346LuisShikhuYasuci.MajaniAdab,1,127
Sham19Y0000760,0619AbuCabbasSharishi.SharhMaqamatHariri,5,872
Sham19Y0001469,1347HasanSinawani.AslJamic,2,301
Sham19Y0001729,0739CalaDinIbnBalban.Ihsan,811,197940
Sham19Y0001791,1420CaliTantawi.NurWaHidaya,1,246
Sham19Y0005725,0476IbnAbiSaqrAnbari.Mashyakha,7,1523
Sham19Y0006538,1051IbnYunusBuhutiHanbali.MinahShafiyat,6,898
Sham19Y0006603,0739CalaDinIbnBalban.TuhfatSadiq,1,188
Sham19Y0006684,0474IbnKhalafBaji.MuntaqaSharhMuwatta,77,15948
Sham19Y0007233,0783IbnHadida.MisbahMudi,39,9890
Sham19Y0007729,0911Suyuti.BahrAlladhiZakhar,2,376
Sham19Y0008889,0974IbnHajarHaytami.FathMubin,24,4687
Sham19Y0009382,0799IbnShaykha.ShicarAbrar,3,543
Sham19Y0009763,1349MuhammadCabdCazizKhawli.AdabNabawi,4,685
Sham19Y0009800,1394MuhammadAbuZahra.KhatimNabiyyin,83,26056
Sham19Y0011194,0600CabdGhaniMaqdisi.CumdatAhkam,59,10479
Sham19Y0011326,1317KhayrDinAlusi.FathAllahHamid,47,11500
Sham19Y0011402,1450SacdiMahdiHashimi.AbuZurcaWaJuhudhu,2,251
Sham19Y0013231,0468IbnAhmadWahidiNaysaburi.TafsirBasit,9,1470
Sham19Y0013241,0606IbnAthirMajdDin.Shafi,101,21961
Sham19Y0013246,0458AbuYaclaIbnFarra.MasailFiqhiyya,5,1029
Sham19Y0013250,0597IbnJawzi.ManaqibImamAhmad,2,325
Sham19Y0013252,0804IbnMulaqqin.Tawdih,788,186758
Sham19Y0013253,0536IbnCaliMazariTamimi.MuclimBiFawaidMuslim,15,2508
Sham19Y0013571,0428AbuCaliHashimi.IrshadIlaSabilRashad,10,1841
Sham19Y0013572,0560WazirIbnHubayraShaybani.Ifsah,88,21833
Sham19Y0013605,0786ShamsDinKirmani.Kawakib,561,129048
Sham19Y0013609,0209AbuCubayda.SharhNaqaidJarir,1,117
Sham19Y0013614,0685NasirDinBaydawi.TuhfatAbrar,137,30968
Sham19Y0013624,0628IbnQattanFasi.Iqnac,2,204
Sham19Y0013631,0986IbnCaliFattani.MajmacBihar,6,1221
Sham19Y0013644,0974IbnHajarHaytami.Iclam,1,247
Sham19Y0013666,0651Bunasi.KanzKuttab,6,1045
Sham19Y0013667,0855BadrDinCayni.NukhabAfkar,596,128104
Sham19Y0013680,0943CisamDinIsfarayini.Atwal,1,353
Sham19Y0013769,0804IbnMulaqqin.IclamBiFawaid,42,8054
Sham19Y0013771,0852IbnHajarCasqalani.IntiqadIctirad,4,431
Sham19Y0013783,0808MuhammadDamiri.NajmWahhaj,38,6852
Sham19Y0013784,0855BadrDinCayni.MinhatSuluk,6,833
Sham19Y0013785,1240CuthmanIbnJamic.FawaidMuntakhabat,20,3218
Sham19Y0013900,0388AbuSulaymanKhattabi.BayanIcjazQuran,1,142
Sham19Y0013922,0458AbuYaclaIbnFarra.Tacliqa,13,2267
Sham19Y0014032,0732IbnCumarBurhanDinJacbari.RusukhAhbar,22,4012
Sham19Y0014045,0880IbnAhmadShamsDinAsyuti.IthafAkhissa,10,1919
Sham19Y0014075,0723IbnFuwati.MajmacAdab,10,1504
Sham19Y0014088,0724IbnCattar.IctiqadKhalis,1,187
Sham19Y0014119,0510IbnMascudBaghawi.MasabihSunna,306,63012
Sham19Y0014153,1189ShihabDinBacli.RawdNadi,2,410
Sham19Y0014207,0620IbnQudamaMaqdisi.CumdatHazim,2,356
Sham19Y0014224,0724IbnCattar.CuddaFiSharhCumda,29,5367
Sham19Y0014245,0422QadiCabdWahhabThaclabi.Ishraf,2,235
Sham19Y0014249,1072IbnAhmadMayyaraFasi.DurrThamin,1,230
Sham19Y0014252,0826IbnCiraqi.GhaythHamic,1,190
Sham19Y0014255,0328AbuBakrIbnAnbari.IdahWaqfWaIbtida,2,325
Sham19Y0014275,0337IbnIshaqZajjaji.IshtiqaqAsmaAllah,3,951
Sham19Y0014280,0684ShihabDinQarafi.NafaisUsul,1,134
Sham19Y0014283,1014MullaCaliQari.MawcizatHabib,2,419
Sham19Y0014285,0189MuhammadShaybani.Asl,5,858
Sham19Y0014297,1099CabdBaqiZurqani.SharhCalaMukhtasarKhalil,3,470
Sham19Y0014299,0911Suyuti.CuqudZabarjad,26,2837
Sham19Y0014309,1182IbnIsmacilSancani.Tahbir,279,62271
Sham19Y0014310,0520IbnRushdJadd.Masail,2,315
Sham19Y0014324,0772IbnHasanJamalDinIsnawi.HidayaIlaAwham,2,448
Sham19Y0014325,0710IbnRifca.Kifaya,67,12008
Sham19Y0014328,1348MuhammadSulaymanMansurpuri.RahmatCalamin,23,6468
Sham19Y0014404,0928MujirDinCulaymi.FathRahman,15,2748
Sham19Y0014442,0767KhalilIbnIshaq.Tawdih,8,1319
Sham19Y0014452,0794BadrDinZarkashi.IclamSajid,7,1350
Sham19Y0014462,0463IbnCabdBarr.TaqassiHadithFiMuwatta,63,14421
Sham19Y0014469,0616MuhibbDinCukbari.IttihafHadith,8,914
Sham19Y0014538,0319AbuQasimKacbi.QubulAkhbar,5,711
Sham19Y0014555,0837IbnNajiTannukhi.Sharh,2,327
Sham19Y0014556,0899ZarruqShihabDinFasi.SharhZarruqCalaMatnRisala,2,352
Sham19Y0014579,1377MuhammadKhidrHusayn.AcmalKamila,30,5713
Sham19Y0014580,0772IbnHasanJamalDinIsnawi.MuhimmatFiSharhRawda,8,1275
Sham19Y0014591,0478AbuHasanLakhmi.Tabsira,8,1482
Sham19Y0014592,1061NajmDinGhazzi.HusnTanabbuh,278,55463
Sham19Y0014594,0616IbnShash.CiqdJawahir,1,142
Sham19Y0014601,1346KhalilAhmadSaharanpuri.BadhlMajhud,723,142373
Sham19Y0014605,0919IbnGhaziMiknasi.ShifaGhalil,1,161
Sham19Y0014608,0397IbnQassar.CuyunAdilla,3,439
Sham19Y0014786,0405CabdKarimNahshaliQayrawani.Mumtic,2,373
Sham19Y0014827,0825IbnNurDin.TaysirBayan,25,6476
Sham19Y0016435,0467AbuQasimFarisi.SharhHamasa,1,118
Sham19Y0016544,0403IbnHamidHanbali.TahdhibAjwiba,4,608
Sham19Y0016546,0370IbnCaliJassas.SharhMukhtasarTahawi,63,12281
Sham19Y0016584,0893IbnIsmacilShihabDinKurani.KawtharJari,548,131242
Sham19Y0016599,0734IbnSayyidNas.NafhShadhi,145,27047
Sham19Y0016618,1188ShamsDinSaffarini.LawaihAnwar,17,2851
Sham19Y0016636,0642IbnMawaq.BughyatNuqqad,18,3149
Sham19Y0016684,0827BadrDinDamaminiMakhzumi.MasabihJamic,307,86945
Sham19Y0016714,0855BadrDinCayni.MaqasidNahwiyya,5,981
Sham19Y0016727,1033MarciKarmi.IkhlasWidad,1,156
Sham19Y0016759,0450AbuHasanMawardi.AmthalWaHikam,4,771
Sham19Y0016782,0401AbuCubaydHarawi.Gharibayn,1,146
Sham19Y0016787,0413AbuMutarrifQunazici.TafsirMuwatta,5,625
Sham19Y0016817,0879IbnQutlubugha.MajmucRasail,1,319
Sham19Y0016877,0806IbnHusaynZaynDinCiraqi.QurratCain,17,3623
Sham19Y0016879,0458AbuYaclaIbnFarra.Tawakkul,3,518
Sham19Y0016928,0761IbnKaykaldiCalai.MajmucRasail,22,5018
Sham19Y0016934,0502CabdWahidRuyani.BahrMadhhab,77,14552
Sham19Y0016946,0388AbuSulaymanKhattabi.AclamHadith,84,21436
Sham19Y0016953Vols,0728IbnTaymiyya.JamicMasail,43,8681
Sham19Y0016976,0727MuzhiriZaydani.Mafatih,281,58394
Sham19Y0017048,1228MahmudMaqdishSafaqsi.NuzhatAnzar,2,436
Sham19Y0017056,0703IbnCabdMalikMarrakushi.DhaylWaTakmila,2,202
Sham19Y0017063,0803SadrDinMunawi.KashfManahij,363,75898
Sham19Y0017077,0328AbuBakrIbnAnbari.Addad,3,486
Sham19Y0017090,0911Samhudi.MaqalatMusfira,3,633
Sham19Y0017101,1307Qannawji.Rihla,2,475
Sham19Y0017124,0581AbuMusaMadini.MajmucMughith,2,276
Sham19Y0017350,0734IbnCaliTajDinFakihani.RiyadAfham,24,5394
Sham19Y0017372,0902Sakhawi.JawahirWaDurar,3,408
Sham19Y0017414,1033MarciKarmi.MaYafcalhuAtibba,1,153
Sham19Y0017419,0883AbuBakrJuraci.TuhfatRakic,5,1245
Sham19Y0017437,1188ShamsDinSaffarini.KashfLitham,116,20840
Sham19Y0017442,0628IbnQattanFasi.IhkamNaza,11,1920
Sham19Y0017529,0909IbnMabrid.MacarifIncam,11,4019
Sham19Y0017530,0909IbnMabrid.SabbKhumul,2,329
Sham19Y0017531,0909IbnMabrid.TakhrijSaghirWaTahbirKabir,12,2375
Sham19Y0017533,0909IbnMabrid.IdahTuruqIstiqama,17,3914
Sham19Y0017535,0909IbnMabrid.Nihaya,36,6306
Sham19Y0017616,0656IbnCabdQawiMundhiri.MukhtasarSahihMuslim,273,73108
Sham19Y0017724,0911Suyuti.SharhShawahidMughni,7,1405
Sham19Y0017729,0581IbnKharratIshbili.AhkamSughra,235,56659
Sham19Y0017741,1284QasimiDimashqi.TacliqLatif,1,251
Sham19Y0017745,0804IbnMulaqqin.Mucin,10,2168
Sham19Y0017747,1119IbnMuhammadMaghribi.BadrTamam,95,16258
Sham19Y0017748,1332IbnMuhammadJamalDinQasimi.ThamaratTasaruc,1,138
Sham19Y0017768,0428AbuHusaynQuduri.Tajrid,31,5124
Sham19Y0017791,0854IbnMalak.SharhMasabih,285,62990
Sham19Y0017807,0743SharafDinTibi.Khulasa,1,167
Sham19Y0017812,0462QadiHusaynMarwarudhi.Tacliqa,2,402
Sham19Y0017816,0756TaqiDinSubki.SayfMaslul,4,1035
Sham19Y0017817,0561CabdQadirJilani.Ghunya,22,5469
Sham19Y0017842,0636IbnKhalfunAzdi.Muclim,4,792
Sham19Y0017843,0231IbnSacdanDarir.WaqfWaIbtida,1,179
Sham19Y0017878,0902Sakhawi.AjwibaMurdiyya,74,13901
Sham19Y0017882,0489IbnMuhammadSamcani.Istilam,2,341
Sham19Y0017885,0510IbnMascudBaghawi.TahdhibFiqhShafici,28,4769
Sham19Y0017903,0581IbnKharratIshbili.AhkamWusta,419,95367
Sham19Y0018100,0702IbnDaqiqCidQushayri.SharhIlmamBiAhadith,43,9476
Sham19Y0018103,0831ShamsDinBirmawi.Lamic,550,144370
Sham19Y0018106,0926ZakariyyaAnsari.MinhatBari,550,146858
Sham19Y0018144,0316AbuCawana.Mustakhraj,589,156619
Sham19Y0018146,0673IbnBuzayza.RawdatMustabin,3,540
Sham19Y0018147,0736IbnDawadari.KanzDurar,6,1599
Sham19Y0018176,0911Suyuti.Tawshih,563,149408
Sham19Y0018192,0804IbnMulaqqin.Ashbah,1,113
Sham19Y0018194,0489Waqqashi.TacliqCalaMuwatta,1,120
Sham19Y0018252,0335IbnQass.AdabQadi,6,1655
Sham19Y0018254,0650IbnMuhammadRadiDinSaghani.Takmila,3,995
Sham19Y0018259,0792SadrDinIbnAbiCizzAdhraci.Tanbih,35,6403
Sham19Y0018260,0386IbnAbiZaydQayrawani.JamicFiSunan,1,79
Sham19Y0018264,0189MuhammadShaybani.MakharijFiHiyal,1,244
Sham19Y0018272,1070MuhammadKibrit.SirajMunir,84,13727
Sham19Y0018274,0874IbnImamKamiliyya.TaysirWusul,1,119
Sham19Y0018315,0911Suyuti.ZiyadatCalaMawducat,7,1648
Sham19Y0018318,0751IbnQayyimJawziyya.KalamCalaMasalatSamac,5,992
Sham19Y0018493,0871MuhammadCuqbani.TuhfatNazir,1,77
Sham19Y0018562,0616IbnSunaynaSamarri.Furuq,2,287
Sham19Y0018567,0403AbuCabdAllahHalimi.MinhajFiShucabIman,43,9331
Sham19Y0018568,0716NajmDinTufi.Tacyin,6,1590
Sham19Y0018569,0661Turibishti.Muyassar,12,1925
Sham19Y0018606,0386IbnAbiZaydQayrawani.DhabbCanMadhhabImamMalik,1,157
Sham19Y0018607,0451IbnYunusSiqilli.JamicLiMasailMudawwana,8,1808
Sham19Y0018608,0499IbnSimnani.RawdatQudat,2,690
Sham19Y0018609,0422QadiCabdWahhabThaclabi.SharhRisala,18,3383
Sham19Y0018610,0756TaqiDinSubki.QadaArab,2,269
Sham19Y0018611,0852IbnHajarCasqalani.MuwafaqatKhubrKhabar,51,12542
Sham19Y0019199,1067HajjiKhalifa.SullamWusul,3,387
Sham19Y0019230,0805SirajDinBulqini.TadribFiFiqhShafici,1,337
Sham19Y0020562,0790IbnMusaGharnatiShatibi.SharhAlfiyyatIbnMalik,1,233
Sham19Y0020587,0728IbnTaymiyya.Iman,2,314
Sham19Y0020591,1138IbnCabdHadiNurDinSindi.FathWadud,689,141540
Sham19Y0020594,0776JamalDinSurramarri.KhasaisSayyidCalamin,20,5410
Sham19Y0020638,0581IbnKharratIshbili.JamcBaynSahihayn,536,140178
Sham19Y0020642,1377AhmadMuhammadShakir.JamharatMaqalat,4,588
Sham19Y0020643,1346CabdQadirBadran.Jawahir,5,780
Sham19Y0020647,0744IbnCabdHadi.MajmucRasail,8,1498
Sham19Y0020699,0695AbuBarakatIbnMunajja.MumticFiSharhMuqnic,33,6009
Sham19Y0020761,0762MughultayIbnQilij.Inaba,55,9004
Sham19Y0020762,0710IbnAydamurMustacsimi.DurrFarid,2,387
Sham19Y0020859,1450IbrahimNahhas.JamicIbnHanbalCulumHadith,1,135
Sham19Y0020866,1450IbrahimNahhas.JamicIbnHanbalSharhAhadith,1,122
Sham19Y0020868,1450IbrahimNahhas.JamicIbnHanbalCilalHadith,144,28205
Sham19Y0020878,1450KhalidRibat.JamicIbnHanbalFiqh,63,11589
Sham19Y0020879,1450KhalidRibat.JamicIbnHanbalCaqida,89,20587
Sham19Y0020881,1450KhalidRibat.JamicIbnHanbalRijal,66,11504
Sham19Y0020882,1450KhalidRibat.JamicIbnHanbalAdabWaZuhd,23,4715
Sham19Y0020891,0743SharafDinTibi.FutuhGhayb,102,19474
Sham19Y0020944,0656IbnCabdQawiMundhiri.MukhtasarSunanAbiDawud,447,95344
Sham19Y0020966,0338AbuJacfarNahhas.QatcWaItinaf,3,482
Sham19Y0020986,0335IbnWahbKatib.BurhanFiWujuhBayan,1,143
Sham19Y0021525,0643IbnSalahShahrazuri.SharhMushkilWajiz,4,633
Sham19Y0021575,1420AbuHasanNadwi.MadhaKhasaraCalam,11,3422
Sham19Y0022797,0458Bayhaqi.ManaqibShafici,5,1032
Sham19Y0022884,0783IbnMajidMaqdisi.Muqarrar,74,14710
Sham19Y0023608,1371AhmadMustafaMaraghi.Tafsir,72,14750
Sham19Y0023618,0873AbuZaydThacalibi.JawahirHisan,66,12271
Sham19Y0023625,1057IbnCallan.FutuhatRabbaniyya,131,23161
Sham19Y0023644,0654SibtIbnJawzi.MiratZaman,364,95111
Sham19Y0026094,0510AbuKhattabKalwadhani.Hidaya,1,359
Sham19Y0026523,1372KurdCali.MajallatMuqtabas,3,640
Sham19Y0027098,0425Anonymous.FawaidIbnSaltWaAbiAhmadFaradi,2,419
Sham19Y0029560,0947BamakhramaHimyari.QiladatNahr,18,3838
Sham19Y0029574,0795IbnRajabHanbali.RawaicTafsirFatiha,2,264
Sham19Y0029600,1069ShihabDinKhafaji.SharhDurratGhawwas,1,48
Sham19Y0029676,1362CabdQadirIskandarani.MajallatHaqaiq,8,1520
Sham19Y0029805,0799IbnShaykha.Ahadith,2,346
Sham19Y0030863,1415CabdRazzaqCafifi.MudhakkiratTawhid,1,237
Sham19Y0032195,1232MuhammadSanbawiAmir.DawShumuc,2,613
Sham19Y0032197,0957ShihabDinRamli.FathRahman,3,549
Sham19Y0032381,0762MughultayIbnQilij.DurrManzur,9,1871
Sham19Y0032384,0728IbnTaymiyya.RaddCalaSubki,1,150
Sham19Y0032476,0831ShamsDinBirmawi.FawaidSaniyya,6,726
Sham19Y0035312BK2,1450MarzuqZahrani.SharhManzumaTabriziyya,2,837
Sham19Y0035453,0814IbnNahhas.TanbihGhafilin,39,6000
Sham19Y0036072,1363CabdRahmanBarquqi.Dhakhair,1,153
Sham19Y0036110,0856IbnDawudHanbali.KanzAkbar,55,12836
Sham19Y0036112,0458AbuYaclaIbnFarra.AmrBiMacruf,3,513
Sham19Y0036129,0550SaqatiMaliqi.AdabHisba,1,169
Sham19Y0036571,1380KafiTunisi.AjwibaKafiya,2,483
Sham19Y0038093,1430MunicCabdHalimMahmud.ManahijMufassirin,2,647
Sham19Y0038155,1422CabdCazizSalman.MajmucatQasaid,2,520
Sham19Y0038171,1205MurtadaZabidi.TakhrijAhadithIhyaCulumDin,343,62124
Sham19Y0039268,0458Bayhaqi.MadkhalIlaCilmSunan,80,18907
Sham19Y0073348,1363CabdRahmanBarquqi.MajallatBayan,5,1340
Sham19Y0095660,1450MultipleAuthors.MaqalatMawqicDorar,24,4636
Sham19Y0120922,0542IbnCaliDiyaDinIbnShajari.Amali,1,305
Sham19Y0122096,1182IbnIsmacilSancani.Tanwir,141,23149
Sham19Y0122142,0794BadrDinZarkashi.TashnifMasamic,1,192
Sham19Y0122173,0471CabdQahirJurjani.DarjDurar,30,9251
Sham19Y0122232,0513AbuWafaIbnCaqil.WadihFiUsulFiqh,1,127
Sham19Y0122236,0762MughultayIbnQilij.IsharaIlaSira,4,837
Sham19Y0122255,0974IbnHajarHaytami.AshrafWasail,35,6114
Sham19Y0122256,0763IbnMuflihMaqdisi.UsulFiqh,3,348
Sham19Y0122257,0743SharafDinTibi.SharhMishkat,531,94546
Sham19Y0122397,0470IbnMandaCabdRahman.Mustakhraj,91,18303
Sham19Y0122401,0543IbnCarabiIshbili.QabasFiSharhMuwatta,8,2645
Sham19Y0122402,0569AbuIshaqIbnQurqul.MatalicAnwar,3,403
Sham19Y0122406,0544QadiCiyad.IkmalMuclim,569,126156
Sham19Y0122409,0597IbnJawzi.Mujtaba,2,467
Sham19Y0123510,0623AbuQasimRafici.SharhMusnadShafici,84,17033
Sham19Y0123581,0564CabdKhaliqIbnAsadHanafi.Mucjam,18,3930
Sham19Y0123665,0543IbnCarabiIshbili.MasalikFiSharhMuwatta,35,6110
Sham19Y0123685,0633IbnSacidRajraji.ManahijTahsil,4,592
Sham19Y0127656,0656AbuCabbasAnsariQurtubi.IkhtisarSahihBukhari,226,67136
Sham19Y0127657,0463IbnCabdBarr.MasailMustaghriba,5,1077
Sham19Y0127660,0532IbnCabadaDani.Ima,55,8307
Sham19Y0127663,0458AbuYaclaIbnFarra.TacliqKabir,32,6548
Sham19Y0127668,0902Sakhawi.Qanaca,5,812
Sham19Y0127677,0911Suyuti.JamicKabir,1856,372190
Sham19Y0127698,0928MujirDinCulaymi.TarikhMuctabar,20,6915
Sham19Y0127700,0797IbnCaquli.Rasf,166,36514
Sham19Y0127713,1171CuthmanKamakhi.Muhayya,51,9618
Sham19Y0127717,0883AbuBakrJuraci.SharhMukhtasarUsulFiqh,1,181
Sham19Y0131003,0909IbnMabrid.DurrNaqi,1,92
Sham19Y0131336,0458Bayhaqi.Khilafiyyat,230,49288
Sham19Y0131521,0844IbnHusaynIbnRaslanRamli.SharhSunanAbiDawud,956,200190
Sham19Y0132403,0789IbnMuhibbSamit.SifatRabbCalamin,20,3802
Sham19Y0132416,0817MajdDinFiruzabadi.SafarSacada,29,4919
Sham19Y0132524,0656AbuCabbasAnsariQurtubi.Mufhim,344,67286
Sham19Y0132618,1103IbnCabdRasulBarzanji.Ishaca,22,3855
Sham19Y0132962,0874BadrDinIbnQadiShuhba.BidayatMuhtaj,2,296
Sham19Y0132963,0852IbnHajarCasqalani.NukatCalaSahihBukhari,11,2574
Sham19Y0132965,1025IbnQadiMaknasi.DurratHijal,1,220
Sham19Y0132971,0463IbnCabdBarr.Istighna,7,1009
Sham19Y0132973,1188ShamsDinSaffarini.BuhurZakhira,98,24204
Sham19Y0132974,0799IbnFarhun.IrshadSalik,4,516
Sham19Y0133357,0597IbnFarasAndalusi.AhkamQuran,3,546
Sham19Y0133367,0543IbnCarabiIshbili.NasikhWaMansukh,6,1090
Sham19Y0133368,1393MuhammadTahirIbnCashurTunisi.Tahqiqat,2,332
Sham19Y0133377,1031CabdRaufMunawi.SharhArbacinNawawiyya,1,529
Sham19Y0133411,0756CadudDinIji.SharhCadud,1,213
Sham19Y0133413,0909IbnMabrid.ZubadCulum,5,709
Sham19Y0143167,0308AbuSacidJanadi.FadailMakka,1,211
Sham19Y0145166,1337CabdQadirMajlisi.NuzhatAfkar,49,11655
Sham19Y0145210,1425IbrahimIbnCubaydAlCabdMuhsin.TadhkiraUliNahy,8,1755
Sham19Y0145212,1052CabdHaqqDihlawi.LumcatTanqih,451,80041
Sham19Y0145334,0845Maqrizi.Muqaffa,10,2150
Sham19Y0145435,1411MuhammadTahirBarnaji.SahihWaDacifTarikhTabari,301,88872
Sham19Y0146127,0748Dhahabi.Muhadhdhab,1081,236373
Sham19Y0147311,1083IbnBalbanDimashqi.MukhtasarIfadat,7,1480
Sham19Y0147313,0805BahramDamiri.TahbirMukhtasar,1,206
Sham19Y0147597,1393MuhammadTahirIbnCashurTunisi.JamharatMaqalat,8,1601
Sham19Y0147669,0728IbnTaymiyya.QacidaFiQitalKuffar,1,473
Sham19Y0147913,0771SharifTilimsani.MiftahWusul,1,97
Sham19Y0148271,0597IbnJawzi.JamicMasanid,3141,886790
Sham19Y0148529,1409CabdAllahKannun.NubughMaghribi,2,374
Sham19Y0148531,0716NajmDinTufi.DarQawlQabih,10,2155
Sham19Y0148883,0464AbuBakrMaliki.RiyadNufus,7,1415
Sham19Y0149213,0748Dhahabi.TadhhibTahdhib,86,13527
Sham19Y0149697,1302IbnSalimMajlisi.LawamicDurar,51,12117
Sham19Y0150600,0769IbnFarhunBadrDin.CuddaFiIcrabCumda,15,3506
Sham19Y0150639,0911Suyuti.MirqatSucud,9,1500
Sham19Y0150960,1150IbnCaqila.Ziyada,75,20864
Sham19Y0150962,1323RashidAhmadGanguhi.KawkabDurri,7,1654
Sham19Y0150966,1093CabdQadirBaghdadi.SharhAbyatMughni,9,2050
Sham19Y0150967,0536SadrShahid.SharhAdabQadi,1,193
Sham19Y0151010,0276IbnQutaybaDinawari.MasailWaAjwiba,3,318
Sham19Y0151019,0911Suyuti.SawnMantiq,3,688
Sham20Y0014596,1450Burnu.MawsucatQawacidFiqhiyya,3,467
Sham20Y0021786,1450Zuhayli.QawacidFiqhiyya,4,386
ShamAY0001202,1354RashidRida.WahyMuhammadi,1,275
ShamAY0001760,1450MuhammadIsmacilMuqaddam.CuluwwHimma,9,2078
ShamAY0002038,1450YasirCabdRahman.MawsucatAkhlaq,54,12240
ShamAY0005375,1362CabdRahmanIbnDirham.NuzhatAbsar,1,304
ShamAY0007299,1408JawadCali.MufassalFiTarikhCarab,7,1059
ShamAY0009682,1354RashidRida.Khilafa,2,311
ShamAY0021514,1408CabdSalamHarun.NawadirMakhtutat,1,100
ShamAY0032443,0803IbnCarafaWarghami.MukhtasarFiqhi,3,600
ShamAY0032745,0250IbnCatiyyaShami.Ahadith,2,694
ShamAY0032746,0680IbnSabuni.AhadithMuntaqatArbacun,1,194
ShamAY0032747,0395IbnMandaMuhammad.Juz,3,526
ShamAY0032748,0386IbnCumarHarbi.Harbiyyat,8,1744
ShamAY0032749,0353IbnAbiCaqabHamadani.Fawaid,4,742
ShamAY0032750,0465IbnMuhtadi.Mashyakha,4,622
ShamAY0032751,0379IbnMuzaffarBazzaz.Hadith,6,1164
ShamAY0032753,0379IbnMuzaffarBazzaz.Fawaid,1,102
ShamAY0032754,0372AbuBakrDaqqaq.Hadith,2,395
ShamAY0032757,0418AbuMansurIsfahani.Arbacuna,6,879
ShamAY0032759,0525IbnAhmadIbnHattabRazi.Sudasiyyat,1,88
ShamAY0032760,0533IbnTahirAbuQasimShahhami.SudasiyyatWaKhumasiyyat,1,232
ShamAY0032761,0550IbnCamrSamani.SahaifIthnaCashar,5,1074
ShamAY0032763,0396IbnJundi.Fawaid,2,514
ShamAY0032764,0550IbnBahramHarami.Fawaid,7,1492
ShamAY0032765,0465IbnMuhtadi.Fawaid,4,621
ShamAY0032766,0579AbuFathKhiraqi.Fawaid,1,209
ShamAY0032767,0461MuzaffarIbnHasan.Fawaid,2,395
ShamAY0032770,0745AbuHayyanGharnati.HadithShuyukhBaghdad,10,1539
ShamAY0032772,0375IbnJacfarJabari.Ahadith,3,453
ShamAY0032774,0643IbnCumarMaqdisi.Juz,1,229
ShamAY0032775,0497AbuMuticMisri.Amali,8,1632
ShamAY0032776,0275AbuCaliShacrani.Hadith,26,5351
ShamAY0032778,0643DiyaDinMaqdisi.DhikrCaqabatayn,7,4825
ShamAY0032779,0329AbuBakrIbnBahlul.Amali,4,904
ShamAY0032780,0643IbnCisaMaqdisi.SiratJarir,39,7887
ShamAY0032781,0408IbnIbrahimJurjani.Amali,30,6344
ShamAY0032783,0421IbnIbrahimJammal.Fawaid,1,217
ShamAY0032784,0350MuhammadIbnIbrahim.Fawaid,9,2094
ShamAY0032785,0350AhmadIbnKamilIbnKhalaf.Fawaid,2,440
ShamAY0032786,0675AbuCabdAllahWarraq.Fawaid,1,143
ShamAY0032787,0454AbuMuhammadJawhari.FawaidMinHadithIbnAbiSabir,3,746
ShamAY0032788,0599IbnTufaylDimashqi.MaQarubaSanadhu,2,412
ShamAY0032789,0442AbuHasanQazwini.Amali,5,894
ShamAY0032795,0399AbuMuslimBaghdadi.Amali,1,174
ShamAY0032797,0638JahmaBintMufarrij.Musafahat,3,512
ShamAY0032798,0533IbnTahirAbuQasimShahhami.Ahadith,6,1036
ShamAY0032799,0433AbuSacdNasruyi.Amali,5,776
ShamAY0032800,0341AbuHasanIbnMaqabiri.Hadith,3,532
ShamAY0032803,0643DiyaDinMaqdisi.MinHadithAbiDihdahWaTamimiWaShucayb,1,252
ShamAY0032804,0333IbnCuqdahKufi.Hadith,2,605
ShamAY0032808,0375AbuHafsZayyat.Juz,2,349
ShamAY0032809,0390AbuHafsKattani.Hadith,2,396
ShamAY0032810,0301IbnIdrisAnsari.HadithAbiDhawala,2,980
ShamAY0032814,0388AbuHasanIbnShah.Hadith,1,243
ShamAY0032815,0350AbuBakrAzdiQadiMawsili.Hadith,3,581
ShamAY0032817,0443IbnCabdSalamJudhami.Hadith,4,719
ShamAY0032818,0312BaghandiSaghir.HadithShaybanIbnFarrukh,11,2944
ShamAY0032819,0365IbnMufassir.HadithCubaydAllahIbnCumar,1,182
ShamAY0032824,0359AbuBakrNasibi.Fawaid,2,352
ShamAY0032826,0852IbnHajarCasqalani.GharaibMinMusannadFirdaws,120,24697
ShamAY0032828,0426IbnMuhammadBarqani.Sahih,3,534
ShamAY0032832,0450IbnAbiNasrBalkhi.Ahadith,1,141
ShamAY0032833,0575AbuHusaynIbnCabdKhaliq.Ahadith,1,210
ShamAY0032834,0596IbnKulaybHarrani.Mashyakha,4,712
ShamAY0032837,0621IbnSirma.Arbacun,4,715
ShamAY0032838,0729AbuNunDabusi.Mucjam,3,511
ShamAY0032839,0359AbuHasanIkhmimi.Fawaid,4,449
ShamAY0032840,0354IbnCabdAllahBazzaz.Hadith,8,1311
ShamAY0032841,0515AbuCaliHaddad.Mucjam,1,210
ShamAY0032842,0510AbuBakrShirazi.MacaliSihah,1,133
ShamAY0032843,0514HibatAllahSajzi.MuntakhabMinSabciyyat,5,818
ShamAY0032844,0338AbuIshaqIbnAbiThabit.Hadith,12,2137
ShamAY0032848,0489IbnFadlIsbahani.FawaidCawali,3,569
ShamAY0032849,0525AbuQasimIbnHusayn.Amali,3,572
ShamAY0032851,0281AbuCamrHilalRaqqi.HadithZaydIbnAbiAnisa,2,311
ShamAY0032852,0527AbuGhalibIbnBanna.Mashyaka,2,695
ShamAY0032854,0690IbnBukhari.AsnaMaqasid,4,791
ShamAY0032855,0936IbnAhmadShammacHalabi.Thabt,38,7942
ShamAY0032856,0749AbuFathIbnMuhibb.Juz,3,690
ShamAY0032858,0500LahiqIbnMuhammad.Hadith,1,196
ShamAY0032859,0852AbuNucaymMustamli.ArabacinMutabayina,9,2073
ShamAY0032864,0690IbnBukhari.Mashyakha,2,324
ShamAY0032865,0633IbnIbrahimIrbili.Mashyakha,4,1034
ShamAY0032866,0738TaqiDinUshnuhi.Mashyakha,1,335
ShamAY0032868,0320IbnJawsaDimashqi.Hadith,2,357
ShamAY0032869,0460AbuHasanHanifiZahid.Hadith,2,584
ShamAY0032870,0487AbuQasimMasisi.HadithSabuni,8,1568
ShamAY0032871,0444AbuQasimAzaji.Hadith,2,329
ShamAY0032872,0749IbnDimyati.Hadith,5,861
ShamAY0032873,0355BakrIbnAhmadShirazi.Hadith,1,176
ShamAY0032874,0319AbuCabbasTahirTamimi.Nuskha,4,1098
ShamAY0032876,0699AbuMuhammadLakhmiShafici.NuhzatKhatir,4,851
ShamAY0032879,0415CaliIbnBishranUmawi.Fawaid,2,559
ShamAY0032883,0368IbnJacfarQatici.Hadith,5,1140
ShamAY0032885,0454AbuMuhammadJawhari.Amali,2,318
ShamAY0032886,0643DiyaDinMaqdisi.AhadithMusalsalat,2,442
ShamAY0032887,0620IbnQudamaMaqdisi.Fawaid,9,2721
ShamAY0032888BK1,0430CabdMalikIbnBishranUmawi.Majlis,1,133
ShamAY0032888BK2,0412IbnAbiFawaris.Majlis,6,1091
ShamAY0032889,0536IbnAhmadAbuQasimSamarqandi.MinFadailCabbas,1,236
ShamAY0032890,0348IbnSalmanNajjad.Amali,3,659
ShamAY0032891,0348IbnSalmanNajjad.Hadith,10,2311
ShamAY0032898,0596IbnKulaybHarrani.Ahadith,1,345
ShamAY0032899,0398IbnHarunDabbi.Amali,3,749
ShamAY0032901,0441BishrawayhMacqili.Hadith,3,662
ShamAY0032902,0530FurawiSacidi.Arbacun,5,1058
ShamAY0032903,0643DiyaDinMaqdisi.CawaliAsanid,9,2176
ShamAY0032904,0324IbnMuhammadNaysaburi.Fawaid,10,2478
ShamAY0032908,0235IbnAbiShayba.KhalqAdamWaWiladatNabi,2,476
ShamAY0032911,0386IbnCumarHarbi.Fawaid,2,269
ShamAY0032912,0458AbuYaclaIbnFarra.FawaidSihah,4,922
ShamAY0032918,0720IbnNashwDimashqi.CawaliWaFawaid,3,648
ShamAY0032919,0376AbuCamrHiri.Fawaid,1,185
ShamAY0032920,0681IbnDahhan.Mashyakha,1,158
ShamAY0032921,0389Makhladi.Fawaid,50,11400
ShamAY0032922,0643DiyaDinMaqdisi.JuzMuntaqaMinHadithMakki,21,3711
ShamAY0032923,0329IbnAhmadRabaci.Hadith,2,561
ShamAY0032924,0398IbnCaliHamadhani.AhadithMusaIbnHarun,5,709
ShamAY0032925,0414AbuZakariyaMuzakki.Fawaid,1,260
ShamAY0032926,0345IbnMuhammadSamarqandi.Hadith,1,192
ShamAY0032927,0419IbnCaliHamadani.Amali,5,1179
ShamAY0032928,0536IbnAhmadAbuQasimSamarqandi.FawaidCawali,1,505
ShamAY0032929,0360AbuBakrAjurri.FawaidMuntakhaba,9,1452
ShamAY0032931,0386IbnCumarHarbi.Hadith,11,3412
ShamAY0032932,0350IsmacilKhutabi.Hadith,1,198
ShamAY0032933,0476IbnAbiSaqrAnbari.Hadith,1,127
ShamAY0032938,0298IbnCalawayhQattan.Fawaid,6,1129
ShamAY0032939,0414AbuSacidNaqqash.Farq,1,166
ShamAY0032940,0265CaliIbnHarbTai.Juz,7,1505
ShamAY0032942,0400Anonymous.HadithAbiShaykhIsbahani,1,88
ShamAY0032943,0538IbnQasimShafici.Majlisan,1,301
ShamAY0032944,0510AbuGhanaimNarsi.Hadith,4,690
ShamAY0032945,0590AbuKhayrQazwini.MukhtarMinAhadith,4,784
ShamAY0032946,0488AbuFadlIbnKhayrun.FawaidCawali,14,4476
ShamAY0032950,0643DiyaDinMaqdisi.JuzAhadithMashayikhBaghdad,2,447
ShamAY0032951,0399AbuMuslimBaghdadi.Hadith,1,218
ShamAY0032955,0379IbnMuzaffarBazzaz.MuntaqaMinHadithIbnCammar,9,1859
ShamAY0032956,0648IbnKhalilHalabi.AhadithSubaciyyat,13,2952
ShamAY0032957,0350AbuSahlJawaliqi.AhadithIbnDirrisWaAyyami,7,1407
ShamAY0032960,0682CabdRahmanIbnQudama.FawaidIkhwan,3,867
ShamAY0032961,0617AbuBarakatIbnMulacib.Subaciyyat,1,192
ShamAY0032964,0590AbuKhayrQazwini.HidyatDhawiAlbab,3,718
ShamAY0032965,0697CaishaBintCisa.CasharaAhadith,1,270
ShamAY0032969,0468AbuFathJawbariRazi.HadithQassar,3,558
ShamAY0032970,0508NasibAbuQasim.Fawaid,2,270
ShamAY0032971,0590AbuMuzaffarJawhari.Cawali,3,867
ShamAY0033053,0852IbnHajarCasqalani.MukhtasarZawaidMusnadBazzar,204,42957
ShamAY0033066,0852IbnHajarCasqalani.TakhrijAdhkar,4,1225
ShamAY0033075,0879IbnQutlubugha.TakhrijAhadith,18,3756
ShamAY0033108,0360Tabarani.Tafsir,11,1932
ShamAY0033177,1304CabdHayyLaknawi.Sicaya,20,3265
ShamAY0033181,1014MullaCaliQari.FathBabCinaya,107,21065
ShamAY0033532,0718IbnAhmadNabulusi.Cawali,1,223
ShamAY0033535,0821AbuShamilShumuni.Ijaza,1,182
ShamAY0033538,0734IbnSayyidNas.AhadithCawal,4,720
ShamAY0033541,1162CabdRahmanBalfaqih.ArbacunHadith,5,1326
ShamAY0033545,0842IbnNasirDinDimashqi.IftitahQari,4,576
ShamAY0033548,0740ZaynabBintKamal.AhadithMuwafaqat,2,411
ShamAY0033549,0549CabdKhaliqShahhami.Arbacun,6,1303
ShamAY0033551,0489IbnFadlIsbahani.Arbacin,7,2028
ShamAY0033555,1175MuhammadSacidSunbul.Awail,5,1208
ShamAY0033556,0633IbnDihyaJumayyilKalbi.AyatBayyinat,17,4915
ShamAY0033557,0842IbnNasirDinDimashqi.Tarjih,2,535
ShamAY0033558,0953IbnTulun.Tarshih,2,725
ShamAY0033559,0842IbnNasirDinDimashqi.Tanqih,1,145
ShamAY0033561,0953IbnTulun.TibbNabawi,15,2484
ShamAY0033562BK1,0748Dhahabi.TibbNabawi,5,851
ShamAY0033567,0423AbuQasimHurfi.Amali,7,1312
ShamAY0033568,0953IbnTulun.TablighBushra,8,1538
ShamAY0033569,0724IbnCattar.Tusaciyat,8,1611
ShamAY0033575,0852IbnHajarCasqalani.JuzFihiCasharatAhadith,1,238
ShamAY0033576,0414HilalHaffar.Juz,6,1144
ShamAY0033582,0563IbnCaliTamidhi.Juz,3,422
ShamAY0033583,0576AbuTahirSilafi.FawaidHisan,1,154
ShamAY0033584,0813QattanCasqalani.Fawaid,4,993
ShamAY0033585,0765AbuMahasinHusayni.Ilmam,8,1550
ShamAY0033586,0842IbnNasirDinDimashqi.Majalis,3,731
ShamAY0033589,0842IbnNasirDinDimashqi.MajlisFiFadlYawmCarafa,2,431
ShamAY0033590,0806IbnHusaynZaynDinCiraqi.Mahajja,61,12648
ShamAY0033591,0665AbuShama.MukhtasarBasmala,1,188
ShamAY0033592,0197IbnWahbQurashi.Musnad,7,1723
ShamAY0033594,0607IbnTabarzad.Muntaqa,1,111
ShamAY0033595,0698IbnFaraGhassani.NuzhatAbsar,7,1592
ShamAY0033596,0238IbnHabibQurtubi.WasfFirdaws,5,840
ShamAY0033598,0761IbnKaykaldiCalai.ArbacinMughniyya,25,4507
ShamAY0033599,0654SibtIbnJawzi.TadhkiratKhawass,2,411
ShamAY0033603,0405HakimNaysaburi.FadailFatima,4,673
ShamAY0033604,0232CisaIbnSacidShashi.Hadith,8,1549
ShamAY0033606,0388AbuSulaymanKhattabi.GhunyaCanKalam,4,968
ShamAY0033607,0637IbnDubaythi.LaylatNisfMinShacban,2,269
ShamAY0033610,0232CabdAllahIbnCawnKharraz.Nuskha,5,984
ShamAY0033613,0852IbnHajarCasqalani.AhadithCashara,1,142
ShamAY0033623,0429IbnIbrahimSarakhsiQarrab.FununCajaib,7,3177
ShamAY0033626,0544MuhammadNumayri.Iclam,22,4917
ShamAY0033627,0578IbnBashkuwal.QurbaBiSalatCalaNabi,4,692
ShamAY0033628,0530FurawiSacidi.Sudasiyyat,1,234
ShamAY0033629,0391IbnJarrahWazir.Hadith,3,596
ShamAY0033630,0311IbnBajirBajiri.FadailQuran,9,2223
ShamAY0033632,0492IbnMurajjaMaqdisi.FadailBaytMaqdis,24,4950
ShamAY0033633,0852IbnHajarCasqalani.TawaliTanis,8,1307
ShamAY0033635,0350IbnSaqqaHalabi.Majlis,5,957
ShamAY0033642,0392IbnIsmacilMisri.DhammRiya,5,964
ShamAY0033644,0444AbuFadlIbnMahdi.DhikrShuyukh,1,139
ShamAY0033647,0262YacqubIbnShayba.MulakhkhasMinMusnadCumarIbnKhattab,2,425
ShamAY0033648,0852IbnHajarCasqalani.NuzhatNazirWaSamic,1,200
ShamAY0033657,0360AbuBakrAjurri.FardTalabCilm,4,708
ShamAY0033658,0643DiyaDinMaqdisi.JuzFiSalatMustafaKhalfAbiBakr,3,728
ShamAY0033659,0911Suyuti.AzharCurush,2,396
ShamAY0033660,0911Suyuti.RafcShanHubshan,21,7045
ShamAY0033668,0748Dhahabi.MucjamLatif,3,419
ShamAY0033671,0294IbnHarunBazzaz.Fawaid,4,769
ShamAY0033672,0427JuriNaysaburi.QawaricQuran,6,1465
ShamAY0033673,0739Birzali.Juz,4,1028
ShamAY0033674,0832TaqiFasi.ArbacunHadithan,11,2229
ShamAY0033677,0625IbnCufayjaBandaniji.Juz,2,312
ShamAY0033678,0852IbnHajarCasqalani.LadhdhatCaysh,11,2197
ShamAY0033694,0430AbuNucaymIsbahani.Salat,3,448
ShamAY0033698,0277MuhammadHunayni.MusnadAnasIbnMalik,1,180
ShamAY0033704,0465IbnHawazinQushayri.Arbacina,4,696
ShamAY0033705,0735IbnTarkhan.Mashyakha,25,9222
ShamAY0033707,0347IbnHazlam.Juz,3,566
ShamAY0033712,0471AbuQasimZanjani.Fawaid,2,512
ShamAY0033728,0909IbnMabrid.AdabDuca,16,3133
ShamAY0033729,0671AbuCabdAllahQurtubi.TadhkarFiAfdalAdhkar,24,5060
ShamAY0033731,0373AbuLaythSamarqandi.BustanCarifin,4,861
ShamAY0033733,0909IbnMabrid.MaraqiJinan,10,2891
ShamAY0033741,0944IbnDaybac.GhayatMatlub,7,1740
ShamAY0033743,0911Suyuti.WusulAmani,1,322
ShamAY0033769,1417CabdFattahAbuGhudda.SafahatMinSabr,6,1267
ShamAY0033833,1450MahmudCabdKarimCali.RawdatUliAlbab,1,75
ShamAY0033872,0909IbnMabrid.MasalaFiTawhid,5,1195
ShamAY0033885,0507IbnQaysarani.HujjaCalaTarikMahajja,11,1991
ShamAY0033910,0911Suyuti.SharhSunanNasai,476,101853
ShamAY0033926,0807NurDinHaythami.BughyatBahith,111,28089
ShamAY0033943,0522IbnKhusrawBalkhi.MusnadAbiHanifa,1,334
ShamAY0033944,0340AbuMuhammadHarithi.MusnadAbiHanifa,4,1116
ShamAY0033948,0327AbuBakrKharaiti.MakarimAkhlaq,35,6997
ShamAY0033975,0702IbnDaqiqCidQushayri.IlmamBiAhadith,134,25883
ShamAY0033996,0385Daraqutni.Afrad,8,1369
ShamAY0034002,0385IbnShahin.TarghibFiFadailAcmal,27,6924
ShamAY0034005,0517AbuNucaymHaddadIsbahani.JamicSahihayn,496,134243
ShamAY0034012,0444AbuCamrDani.CilmHadith,1,66
ShamAY0034014,0405HakimNaysaburi.MadkhalIlaSahih,5,1232
ShamAY0034015,0826IbnCiraqi.Mustafad,10,1058
ShamAY0034048,0606FakhrDinRazi.MinAsrarTanzil,2,451
ShamAY0034059,1127IsmacilHaqqiBurusawi.RuhBayan,82,16407
ShamAY0034079,0620IbnQudamaMaqdisi.Burhan,2,340
ShamAY0034080,0619IbnCabdWahidGhafiqi.LamahatAnwar,56,12166
ShamAY0034119,0744IbnCabdHadi.RisalaLatifaFiAhadithDacifa,1,341
ShamAY0034122,0665AbuMuayyadKhwarazmi.JamicMasanid,7,1662
ShamAY0034129,1014MullaCaliQari.FaraidQalaid,2,381
ShamAY0034134,0852IbnHajarCasqalani.NataijAfkar,165,34234
ShamAY0034145,0292SacidBardhaci.SualatLiAbiZurca,1,91
ShamAY0034176,0401AbuMascudDimashqi.JawabLiDaruqutni,3,426
ShamAY0034179,0911Suyuti.KawkabSatic,1,233
ShamAY0034198,0660SultanCulamaCizzDinDimashqi.QawacidAhkam,1,145
ShamAY0034200,0792IbnCumarTaftazani.SharhTalwih,1,193
ShamAY0034215,0189MuhammadShaybani.SiyarSaghir,1,494
ShamAY0034230,0914IbnYahyaWansharisi.Micyar,13,2522
ShamAY0034256,0280IbnIsmacilKirmani.MasailHarb,13,2181
ShamAY0034282,0319IbnMundhirNaysaburi.AwsatFiSunan,293,64462
ShamAY0034285,0909IbnMabrid.Ikhtiyar,4,710
ShamAY0034288,0909IbnMabrid.Ightirab,13,2516
ShamAY0034289,0806IbnHusaynZaynDinCiraqi.Bacith,4,919
ShamAY0034291,0852IbnHajarCasqalani.JawabJalil,6,1134
ShamAY0034297,0643DiyaDinMaqdisi.NasihaLiSultanMusaAshraf,1,128
ShamAY0034299,0909IbnMabrid.IdahMaqala,5,1174
ShamAY0034300,0842IbnNasirDinDimashqi.BardAkbad,8,1816
ShamAY0034306,0826IbnCiraqi.SharhSadr,7,1360
ShamAY0034307,0774IbnKathir.ShucabIman,3,521
ShamAY0034310,0744IbnCabdHadi.FadailSham,7,1555
ShamAY0034311,0852IbnHajarCasqalani.QuwwatHijaj,6,1234
ShamAY0034312,0953IbnTulun.QaydSharid,1,258
ShamAY0034313,0852IbnHajarCasqalani.KashfSitr,1,161
ShamAY0034314,0840ShihabDinBusiri.Hijama,2,328
ShamAY0034317,0806IbnHusaynZaynDinCiraqi.MasalaFiQassSharib,1,69
ShamAY0034320,0795IbnRajabHanbali.NurIqtibas,3,836
ShamAY0034327,0795IbnRajabHanbali.NuzhatAsmac,4,791
ShamAY0034331,0622IbnBarni.Intifac,1,357
ShamAY0034332,0597IbnJawzi.DarLawm,1,161
ShamAY0034334,0182AbuYusufYacqub.Kharaj,8,1284
ShamAY0034338,0597IbnJawzi.AkhbarNisa,18,3492
ShamAY0034342,0909IbnMabrid.IrshadHair,1,120
ShamAY0034385,0728IbnTaymiyya.NazariyyatCaqd,7,1171
ShamAY0034390,0728IbnTaymiyya.TahrimAqsam,1,117
ShamAY0034405,0751IbnQayyimJawziyya.FawaidHadithiyya,5,1338
ShamAY0034434,0535QawwamSunna.MabcathWaMaghazi,62,20236
ShamAY0034435,0705SharafDinDimyati.NisaRasul,1,108
ShamAY0034438,0432Mustaghfiri.DalailNubuwwa,43,10454
ShamAY0034447,0842IbnNasirDinDimashqi.JamicAthar,356,88250
ShamAY0034556,1404AhmadSibaci.Qalaid,4,812
ShamAY0034569,0637IbnDubaythi.DhaylTarikhBaghdad,45,6597
ShamAY0034580,0636IbnKhalfunAzdi.AsmaShuyukhMalik,8,1709
ShamAY0034585,0378HakimKabir.AsamiWaKuna,120,23719
ShamAY0034640,0740JunaydShirazi.ShaddIzar,2,502
ShamAY0034642,1119IbnMacsum.SulafaCasr,1,233
ShamAY0034644,0537NajmDinAbuHafsNasafi.Qand,26,4841
ShamAY0034667,0584IbnMusaHazimi.FaysalFiMushtabihNisba,10,1693
ShamAY0034808,0852IbnHajarCasqalani.ArbacunaFiRadacMujrim,2,469
ShamAY0034809,1450MuhammadKhalafSalama.BulughArab,29,4911
ShamAY0034815,0911Suyuti.BudurSafira,63,13273
ShamAY0034817,0911Suyuti.FadlJalad,11,1839
ShamAY0034819,0852IbnHajarCasqalani.KhisalMukaffira,6,1388
ShamAY0034857,1450MuctazzAhmadCabdFattah.MukhtasarSifatSafwa,1,158
ShamAY0035000,1422CabdCazizSalman.IqazUliHimam,9,2847
ShamAY0035003,0746CalaDinMaqdisi.Lubab,1,129
ShamAY0035035,1205MurtadaZabidi.IthafSada,318,60493
ShamAY0035222,0265SacdanIbnNasr.MuntaqaMinHadithSacdan,4,956
ShamAY0035223,0469IbnHazarmardSarifini.Majlis,4,883
ShamAY0035224,0346IbnFarisIsbahani.Juz,2,464
ShamAY0035228,0571IbnCasakir.FadailSacd,1,217
ShamAY0035230,0360Tabarani.Muntakhab,4,873
ShamAY0035233,0241IbnHanbal.Salat,2,364
ShamAY0035235,0465IbnMuhtadi.Juz,3,583
ShamAY0035238,0842IbnNasirDinDimashqi.LafzMukarram,1,218
ShamAY0035239,0911Suyuti.DhammMaks,3,641
ShamAY0035246,0265SacdanIbnNasr.AwwalMinHadithSacdan,3,457
ShamAY0035247,0852IbnHajarCasqalani.TabyinCajab,1,70
ShamAY0035249,0303Nasai.CishratNisa,13,2836
ShamAY0035250,0695IbnAbiJamra.MukhtasarSahihBukhari,24,6495
ShamAY0035251,0238IbnHabibQurtubi.WadihaFiSunan,3,413
ShamAY0035253,0360Tabarani.Sunna,8,1773
ShamAY0035260,0795IbnRajabHanbali.Tawhid,5,970
ShamAY0035288,0728IbnTaymiyya.Imama,10,2220
ShamAY0035562,1241IbnMuhammadKhalwatiSawi.FaIclam,1,114
ShamAY0035754,0977KhatibShirbini.MashruciyyatIjtihad,1,171
ShamAY0035791,1450CaliIbnNayifShuhud.MuyassarFiHaya,7,2205
ShamAY0035828,1442CabdRahmanCabdKhaliq.LamahatMinHayatIbnTaymiyya,1,428
ShamAY0035866,1450MuhammadMansurIbrahim.AnisFudala,4,701
ShamAY0035884,0230IbnSacd.TabaqatKubra,545,122877
ShamAY0035900,0749AbuBakrRahbi.IctiqadAhlSunna,1,154
ShamAY0035907,1122MuhammadZurqani.Sabca,1,121
ShamAY0035911,1250IbnSulaymanAhdal.TalqihAfham,6,1441
ShamAY0035950,0911Suyuti.Shafi,63,13390
ShamAY0035955,1317KhayrDinAlusi.FajrSatic,5,697
ShamAY0035960,0751IbnQayyimJawziyya.TahdhibSunanAbiDawud,63,10973
ShamAY0035961,1138IbnCabdHadiNurDinSindi.HashiyaCalaSahihBukhari,2,274
ShamAY0035990,0801CabdLatifIbnMalak.MabariqAzhar,21,5209
ShamAY0035999,1304CabdHayyLaknawi.AhkamSiwak,2,345
ShamAY0036000,1304CabdHayyLaknawi.IhkamQantara,1,231
ShamAY0036005,1304CabdHayyLaknawi.TahqiqCajib,2,296
ShamAY0036009,1304CabdHayyLaknawi.QawlJazim,3,374
ShamAY0036014,1304CabdHayyLaknawi.ImamKalam,5,856
ShamAY0036018,1304CabdHayyLaknawi.TadhkiratRashid,2,262
ShamAY0036020,1304CabdHayyLaknawi.KhayrKhabr,1,203
ShamAY0036021,1304CabdHayyLaknawi.RafcSatr,1,117
ShamAY0036022,1304CabdHayyLaknawi.GhayatMaqal,1,221
ShamAY0036031,1416MuhammadGhazali.JanibCatifi,9,1571
ShamAY0036039,1416MuhammadGhazali.TaammulatFiDin,4,1206
ShamAY0036050,1255Shawkani.IrshadGhabi,1,159
ShamAY0036053,0911Suyuti.CurfWardi,5,957
ShamAY0036107,1450MuhammadMascadYaqut.AkhlaqNabawiyya,2,290
ShamAY0036160,1099CabdBaqiZurqani.Sabca,1,121
ShamAY0036163,1101BurhanDinIbrahimKurani.IqazQawabil,1,98
ShamAY0036166,1015SalimSanhuri.FadailLaylatNisfShacban,1,144
ShamAY0036178,0774IbnKathir.IjtihadFiTalabJihad,3,497
ShamAY0036179,0911Suyuti.ShaddAthwab,1,219
ShamAY0036182,1014MullaCaliQari.Rasail,16,3064
ShamAY0036197,0833QadiShammac.MatalicTamam,3,493
ShamAY0036481,0576AbuTahirSilafi.Barahin,4,915
ShamAY0036507,0474IbnKhalafBaji.TahqiqMadhhab,2,596
ShamAY0036508,0794BadrDinZarkashi.GhurarSafir,3,428
ShamAY0036640,0756TaqiDinSubki.TanzilSakina,1,165
ShamAY0036737,0330IbnCuzayzSijistani.Ishtiqaq,1,164
ShamAY0036795,0500AhmadAndarabi.IdahFiQiraat,11,2577
ShamAY0037021,0947BamakhramaHimyari.Nisba,2,410
ShamAY0037109,1209SulaymanBakShawi.SakabAdab,2,767
ShamAY0037152,1450MuhammadHadiYusufi.MawsucatTarikhIslam,38,10872
ShamAY0037282,0806IbnHusaynZaynDinCiraqi.FadlSharafCilmHadith,5,1208
ShamAY0037293,1245CabdAllahIbnFudi.ManzumatMisbahRawi,3,388
ShamAY0037386,0911Suyuti.IsraWaMicraj,8,3678
ShamAY0037387,0597IbnJawzi.WafaBiAhwalMustafa,185,51534
ShamAY0037574,1225AnsariLaknawi.FawatihRahmut,10,2001
ShamAY0037807,0728IbnTaymiyya.ShubuhatHawlCaisha,3,437
ShamAY0038007,0756TaqiDinSubki.MancTarmimKanais,1,177
ShamAY0038034,0415CaliIbnBishranUmawi.Amali,1,130
ShamAY0038063,0576AbuTahirSilafi.Hadith,6,1356
ShamAY0038064,0511IbnNabhan.AhadithMuntaqah,1,447
ShamAY0038072,0612AbuMuhammadRuhawiHanbali.ArbacunCalaBuldan,1,263
ShamAY0038078,0722AbuMajamicIbnHammuya.Arbacun,4,909
ShamAY0038083,0430AbuNucaymIsbahani.MustakhrajCalaSahihBukhari,73,20403
ShamAY0038086,0758NajmDinTarsusi.AhadithMuwafaqat,4,738
ShamAY0038116,0354IbnHibbanBusti.Salat,54,12439
ShamAY0038134,0241IbnHanbal.MasailRiwayatIbnHani,4,764
ShamAY0038135,0507IbnQaysarani.AhadithMia,7,1466
ShamAY0038144,0500IbnAhmadSarrajBaghdadi.Fawaid,19,4984
ShamAY0038149,0281IbnAbiDunya.RasailFiTawakkul,2,404
ShamAY0038154,0330IbnIsmacilMahamili.SalatCidayn,5,977
ShamAY0038170,0281IbnAbiDunya.FadlCashrDhiHijja,1,98
ShamAY0038174,0281IbnAbiDunya.DhammDunya,12,2902
ShamAY0038201,0926ZakariyyaAnsari.HashiyaCalaSharhJamcJawamic,1,94
ShamAY0038316,0728IbnTaymiyya.Intisar,1,141
ShamAY0038346,0751IbnQayyimJawziyya.FutyaFiSighatHamd,4,678
ShamAY0038390,0751IbnQayyimJawziyya.RafcYadaynFiSalat,7,1020
ShamAY0038405,0817MajdDinFiruzabadi.Maghanim,14,2836
ShamAY0038406,0911Samhudi.wafa,2,359
ShamAY0038409,0990QutbDinNahrawani.TarikhMadina,7,1701
ShamAY0038413,0816AbuBakrMaraghi.TahqiqNusra,5,960
ShamAY0038419,0950Anonymous.CumdatAkhbarMukhtar,18,3313
ShamAY0038434,1450SalahCabdCazizZaynSalama.AkhbarMadina,4,805
ShamAY0038440,1070MuhammadKibrit.JawahirThamina,4,737
ShamAY0038464,0778BadrDinBacli.ShifaCalil,2,430
ShamAY0038465,0778BadrDinBacli.MukhtasarSarim,1,210
ShamAY0038630,1419MahmudTanahi.MaqalatTanahi,9,1138
ShamAY0038636,0290IbnCaliKhuyutiAbbar.JuzMinHadithZuhri,4,1646
ShamAY0038637,0507AbuBakrShashi.ShamailNubuwwa,37,7826
ShamAY0038638,0311IbnBajirBajiri.JamicMusnad,42,10834
ShamAY0038640,0458AbuYaclaIbnFarra.CuddaFiUsulFiqh,2,479
ShamIbadiyya0000038,1332NurDinSalimi.BahjatAnwar,3,525
ShamIbadiyya0000050,1332QutbAtfayyish.HamayanZad,105,24567
ShamIbadiyya0000074,1200CabdAllahIbnBashirHadrami.KawkabDurri,7,935
ShamIbadiyya0000075,1207SacidKindi.TafsirMuyassar,12,1800
ShamIbadiyya0000095,1332NurDinSalimi.Jawabat,3,787
ShamIbadiyya0000100,0570AbuYacqubWarjalani.CadlWaInsaf,1,274
ShamIbadiyya0000109,1332QutbAtfayyish.SharhNilWaShifaCalil,38,7605
ShamIbadiyya0000115,0928AbuCabbasShammakhi.Siyar,2,346
ShamIbadiyya0000129,0364AbuHasanBisyawi.Jamic,1,265
ShamIbadiyya0000135,1332NurDinSalimi.Mashariq,13,2964
ShamIbadiyya0000155,0170RabicIbnHabibAzdi.JamicSahih,13,2257
ShamIbadiyya0000185,1090KhamisShiqsi.MinhajTalibin,10,3502
ShamIbadiyya0000193,1332QutbAtfayyish.Tafsir,34,6390
ShamIbadiyya0000198Vols,0508MuhammadIbnIbrahimKindi.BayanSharc,9,1686
ShamIbadiyya0000204,0362IbnBaraka.Jamic,1,110
ShamIbadiyya0000219,0792AbuSakinCamirShammakhi.Idah,6,1302
ShamIbadiyya0000220,1287SacidIbnKhalfanKhalili.IghathatMalhuf,5,891
ShamIbadiyya0000229,1332NurDinSalimi.MacarijAmal,66,14187
ShamIbadiyya0000277,1332QutbAtfayyish.JamicSaghir3,1,90
ShamIbadiyya0000279,1361SacidIbnNasirGhaythi.IdahTawhid,39,10488
ShamIbadiyya0000281,1332NurDinSalimi.TuhfatAcyan,2,671
ShamIbadiyya0000391,1332NurDinSalimi.BadhlMajhud,1,187
ShamIbadiyya0000433,1332NurDinSalimi.SharhJamicSahih,47,8605
ShamIbadiyya0000438,1088AbuSitta.HashiyatTartib,37,7610
ShamIbadiyya0000441,0275AbuHawariCumani.Diraya,1,175
ShamIbadiyya0000459,1364CamirIbnKHamisMaliki.GhayatMatlub,8,1292
ShamIbadiyya0000476,0750IsmacilJaytali.QawacidIslam,1,134
ShamIbadiyya0000482,0750IsmacilJaytali.ManasikHajj,2,306
ShamIbadiyya0000511,0927ShaykhCammiSacid.Jawabat,1,90
ShamIbadiyya0000730,0570AbuCammarCabdKafiIbadi.Mujaz,2,337
ShamIbadiyya0000760,0510CawtabiSuhari.Diya,6,1021
ShamIbadiyya0000771,1300MansurKharusi.SharhLamiyaIbnNadrKitabHajj,2,230
ShamIbadiyya0000773,1223DiyaDinThamini.TajManzur,2,875
Shamela0000040,0354IbnHasanCattar.Juz,2,324
Shamela0000041,0510IbnMascudBaghawi.Tafsir,232,60034
Shamela0000107,1420IbnBaz.FatawaNurCalaDarb,5,705
Shamela0000132,0795IbnRajabHanbali.FadlCilmSalaf,1,102
Shamela0000140,1057IbnCallan.DalilFalihin,72,12641
Shamela0000193,0911Suyuti.GhurarFiFadailCumar,2,364
Shamela0000202,1126MuhammadHanbali.Mashyakha,1,130
Shamela0000222,0911Suyuti.TamhidFarsh,4,765
Shamela0000248,0911Suyuti.AmrBiIttibac,8,1426
Shamela0000262,0224QasimIbnSallam.Tuhur,6,839
Shamela0000263,0212IbnMusaQurashi.Zuhd,4,987
Shamela0000301,0728IbnTaymiyya.IhtijajBiQadar,2,527
Shamela0000315,0821Qalqashandi.QalaidJuman,2,184
Shamela0000327,0728IbnTaymiyya.KalimTayyib,22,3673
Shamela0000338,0251IbnZanjawayh.Amwal,80,19108
Shamela0000347,0852IbnHajarCasqalani.TaghliqTacliq,101,18671
Shamela0000350,1206IbnCabdWahhab.UsulDin,1,251
Shamela0000412,1069IbnCammarShurunbulali.MaraqiFalahSharhNurIdah,4,715
Shamela0000427BK2,0855BadrDinCayni.BinayaSharhHidaya,133,25012
Shamela0000432,1450DarIftaMisriyya.FatawaDarIfta,83,13480
Shamela0000435,1450WizaraAwqafMisriyya.TarajimMujaza,1,119
Shamela0000487,0550AbuHajjajAshcari.TacrifFiAnsab,1,150
Shamela0000492,0418WazirMaghribi.Inas,3,264
Shamela0000497,0676Nawawi.MasailManthura,2,481
Shamela0000552,1369MuhammadRida.Cuthman,3,850
Shamela0000558,0463IbnCabdBarr.BahjatMajalis,7,1075
Shamela0000678,0673AbuMahasinYaghmuri.NurQabas,2,318
Shamela0000700,0279Tirmidhi.MukhtasarShamailMuhammadiyya,18,3491
Shamela0000736,0463KhatibBaghdadi.TarikhBaghdad,162,29474
Shamela0000758,0684IbnShaddad.AclaqKhatira,1,179
Shamela0000767,0456IbnHazm.MuhallaBiAthar,257,50217
Shamela0000782,1420MuhammadNasirDinAlbani.SahihWaDacifSunanTirmidhi,477,106272
Shamela0000788,0763IbnHudhaylAndalusi.HilyatFursan,2,334
Shamela0000894,1450MawqicIslam.Fatawa,179,35179
Shamela0000956,0256Bukhari.TarikhKabir,209,35179
Shamela0001000,0681IbnKhallikan.WafayatAcyan,1,150
Shamela0001001,0694MuhibbDinTabari.Dhakhair,62,16451
Shamela0001002,1041Maqqari.NafhTib,2,404
Shamela0001031,0476AbuIshaqShirazi.TabaqatFuqaha,2,296
Shamela0001038,0456IbnHazm.Rasail,2,323
Shamela0001043,0900IbnCabdMuncimHimyari.RawdMictar,14,3495
Shamela0001080,0600Anonymous.MukhtasarSiyaq,1,193
Shamela0001093,0576AbuTahirSilafi.AhadithShaykhKhujani,2,341
Shamela0001142,0623AbuQasimRafici.SharhKabir,3,309
Shamela0001304,0327AbuBakrKharaiti.IctilalQulub,14,2890
Shamela0001311,0360AbuBakrAjurri.AkhlaqCulama,3,446
Shamela0001341,1420MuhammadNasirDinAlbani.SahihAdabMufrad,45,9983
Shamela0001342,0141MusaIbnCuqba.AhadithMinMaghazi,3,901
Shamela0001346,1420MuhammadNasirDinAlbani.DacifAdabMufrad,5,1010
Shamela0001360,0386IbnCumarHarbi.FawaidMuntaqa,2,590
Shamela0001385,0911Suyuti.Iklil,7,1103
Shamela0001391,0902Sakhawi.QawlBadic,18,3876
Shamela0001397,0403AbuBakrBaqillani.IntisarQuran,18,4000
Shamela0001404,0885BurhanDinBiqaci.MasacidNazar,117,26171
Shamela0001417,0911Suyuti.MuctarakAqran,10,1815
Shamela0001426,0792SadrDinIbnAbiCizzAdhraci.Tafsir,1,252
Shamela0001438,1450DarIftaMisriyya.JamicAhadith,1915,385905
Shamela0001440Vols,0279IbnAbiKhaythama.TarikhKabir,293,58278
Shamela0001441,0600CabdGhaniMaqdisi.AkhbarDajjal,20,4926
Shamela0001442,0388AbuSulaymanKhattabi.MacalimSunan,246,56032
Shamela0001449,0620IbnCisaAzdiQurtubi.InjadFiAbwabJihad,34,7089
Shamela0001453,0430CabdMalikIbnBishranUmawi.Amali,92,21185
Shamela0001458,0374IbnHusaynAzdi.Makhzun,25,5453
Shamela0001466,0977KhatibShirbini.SirajMunir,102,26182
Shamela0001500,0902Sakhawi.SirrMaktum,8,1529
Shamela0001515,1290RifacaTahtawi.NihayatIjaz,28,8756
Shamela0001519,0795IbnRajabHanbali.TasliyatNufusNisa,1,165
Shamela0001524,0845Maqrizi.ImtacAsmac,671,175818
Shamela0001535,1069ShihabDinKhafaji.HashiyaCalaTafsirBaydawi,11,2343
Shamela0001584,1341CabdHayyTalibi.IclamBiMan,1,196
Shamela0001585,0520IbnWalidTurtushi.SirajMuluk,6,1232
Shamela0001599,0597IbnJawzi.FadailQuds,1,176
Shamela0001600,0454IbnAhmadRazi.FadailQuran,9,2132
Shamela0001601,0335Suli.AdabKuttab,1,143
Shamela0001687,0711IbnManzurIfriqi.LisanCarab,26,4724
Shamela0001717,0684ShihabDinQarafi.Dhakhira,15,2346
Shamela0001727,0261Muslim.Sahih,562,148151
Shamela0001875,0643DiyaDinMaqdisi.SunanWaAhkamCanMustafa,732,148808
Shamela0001893,0852IbnHajarCasqalani.TacjilManfaca,54,7443
Shamela0002170,0327IbnAbiHatimRazi.JarhWaTacdil,30,3845
Shamela0002241,1182IbnIsmacilSancani.IsbalMatar,1,141
Shamela0002300,1421MuhammadCuthaymin.FatawaNurCalaDarb,8,1024
Shamela0002331,0241IbnHanbal.CilalWaMacrifa,59,10333
Shamela0002386,1285IbnHasanAlShaykh.FathMajid,41,9618
Shamela0002449,0382IbnCabdAllahCaskari.TashifatMuhaddithin,13,2031
Shamela0002569,1014MullaCaliQari.JamcWasail,27,4428
Shamela0002573,1158IbnCaliFaruqiTahanawi.KashshafIstalahat,3,671
Shamela0002863,0458Bayhaqi.MacrifatSunanWaAthar,268,55784
Shamela0003055,1450CulamaNajd.DurarSaniyya,116,23270
Shamela0003118,0711IbnManzurIfriqi.MukhtasarTarikhDimashq,1254,304781
Shamela0003128,0643DiyaDinMaqdisi.ZiyadatCalaKabair,1,283
Shamela0003283,0911Suyuti.HusnMuhadara,9,1447
Shamela0003298,0852SirajDinIbnWardi.KharidatCajaib,3,495
Shamela0003328,0458Bayhaqi.AhkamQuranLiShafici,1,398
Shamela0003569,1450TarhibDawsari.MucjamMuallafatShaficiyya,1,257
Shamela0003722,0742Mizzi.TahdhibKamal,1046,219603
Shamela0004003,0410IbnCumarDimashqi.Fawaid,1,176
Shamela0004096,0259IbnYacqubJuzjani.AmaratNubuwwa,3,679
Shamela0004363,0793AbuHasanMalaqi.TarikhQudat,1,235
Shamela0004445,0774IbnKathir.Bidaya,1219,332009
Shamela0004473,1450JamicaIslamiyya.MajallaJIMN,351,69896
Shamela0004482,1430IbnJibrin.Fatawa,14,2073
Shamela0005064,0676Nawawi.IjazFiSharhSunanAbiDawud,7,1335
Shamela0005355,0564IbnNasrIbnDajajiHanbali.SafatMulah,3,729
Shamela0005396,0911Suyuti.TawqHamama,3,1046
Shamela0005428,0463KhatibBaghdadi.Tatfil,2,522
Shamela0005433,0622IbnShamsKhilafa.AdabNafica,1,118
Shamela0005440,1318MuhammadSanusi.Musamarat,2,260
Shamela0005446,1119IbnMacsum.AnwarRabic,2,283
Shamela0005455,1232IbnKhatibCumari.RawdaFayha,2,313
Shamela0005502,0382IbnCabdAllahCaskari.MasunFiAdab,2,618
Shamela0005539,0854IbnDiyaMakki.TarikhMakka,10,2206
Shamela0005644,0328AbuBakrIbnAnbari.ZahirFiMacani,3,658
Shamela0005675,0902Sakhawi.IltimasSacd,5,694
Shamela0005716,0571IbnCasakir.ArbacunaFiHathth,14,4632
Shamela0005724,0739Birzali.Mashyakha,6,1114
Shamela0005737,0339AbuJacfarIbnBukhturi.MajmucMusannafat,38,8396
Shamela0005742,0488IbnFutuhHumaydi.JadhwatMuqtabis,1,92
Shamela0005756,0855BadrDinCayni.CumdatQari,908,206695
Shamela0005772,0683IbnMunayyir.Mutawari,25,5962
Shamela0005793,0630IbnAthirCizzDin.LubabFiTahdhibAnsab,5,476
Shamela0005795,0498AbuCaliJayyani.TaqyidMuhmal,1,107
Shamela0005797,0629IbnNuqta.TakmilatIkmal,14,2162
Shamela0005798,0475IbnMakula.TahdhibMustamirr,7,1223
Shamela0005799,0643DiyaDinMaqdisi.JuzAwham,1,98
Shamela0005803,0578IbnBashkuwal.GhawamidAsma,78,17733
Shamela0005805,0576AbuTahirSilafi.MucjamSafar,6,1098
Shamela0005806,0511IbnMandaYahya.MacrifatAsamiArdaf,17,3438
Shamela0005813,0395IbnMandaMuhammad.FathBab,3,356
Shamela0005816,0354IbnHibbanBusti.Thiqat,95,24605
Shamela0005838,0826IbnCiraqi.TuhfatTahsil,7,968
Shamela0005848,0845Maqrizi.MukhtasarKamil,1,190
Shamela0005850,0765AbuMahasinHusayni.IkmalLiRijal,20,2686
Shamela0005858BK1,0923IbnCabdAllahKhazraji.KhulasatTadhhibTahdhibKamal,3,379
Shamela0005858BK2,1191Kawkabani.IthafKhassa,1,306
Shamela0005860,0428IbnManjuwayhIsbahani.RijalSahihMuslim,7,951
Shamela0005864,1051Cimadi.RawdaRayya,1,408
Shamela0005890,0884AbuIshaqIbnMuflih.MaqsidArshad,1,137
Shamela0005978,0794BadrDinZarkashi.NukatCalaMuqaddimatIbnSalah,3,634
Shamela0006022,0281IbnAbiDunya.IstinacMacruf,3,491
Shamela0006053,1304CabdHayyLaknawi.AtharMarfuca,2,577
Shamela0006068,0748Dhahabi.TalkhisMawducatIbnJawzi,6,1127
Shamela0006105,0241IbnHanbal.MasailRiwayatCabdAllah,9,1437
Shamela0006117,0526IbnAbiYacla.Masail,2,414
Shamela0006146,1316IbnCumarBantaniJawi.NihayatZayn,3,630
Shamela0006161,0189MuhammadShaybani.HujjaCalaAhlMadina,5,1244
Shamela0006206,0282IbnIshaqJahdami.AhkamQuran,7,1784
Shamela0006222,0370IbnCaliJassas.MukhtasarIkhtilafCulama,40,7055
Shamela0006349,0654SibtIbnJawzi.ItharInsaf,6,880
Shamela0006366,1450CabdKarimKhudayr.SharhMuharrir,37,6727
Shamela0006439,0595IbnCabdQadirBaghdadiJilani.ArbacunaJilaniyya,7,1659
Shamela0006463,0748Dhahabi.Culuww,26,6542
Shamela0006496,1100IbnCabdKarimAshmuniMisri.ManarHuda,1,94
Shamela0006547,0733IbnJamacaBadrDinHamawi.IdahDalil,1,312
Shamela0006549,0571IbnCasakir.TabyinKadhib,16,3279
Shamela0006610,1276IbnAhmadRibaciSancani.FathGhaffar,425,82523
Shamela0006617,1111CabdMalikCasimi.SamtNujum,69,17699
Shamela0006624,0749ZaynDinIbnWardi.Tarikh,9,1994
Shamela0006626,0927Culaymi.UnsJalil,9,2152
Shamela0006631,0665AbuShama.Rawdatayn,1,173
Shamela0006667,0845Maqrizi.Suluk,2,330
Shamela0006686BK1,0412Sulami.TabaqatSufiyya,1,257
Shamela0006700,0597IbnJawzi.TalqihFuhum,30,5924
Shamela0006706,0333AbuCarabTamimi.Mihan,8,1655
Shamela0006739,0771TajDinSubki.TabaqatShaficiyyaKubra,41,8337
Shamela0006744,0911Suyuti.BughyatWucat,5,1028
Shamela0006753,0578IbnBashkuwal.MaRuwiyaFiHawd,10,1821
Shamela0006766,0571IbnCasakir.TacziyatMuslim,9,1505
Shamela0006785,0275AbuBakrMarrudhi.Warac,4,755
Shamela0006879,1307Qannawji.Yaqza,18,4057
Shamela0006886,1255Shawkani.WilayatAllah,7,1342
Shamela0006897,0395AbuHilalCaskari.JamharatAmthal,3,590
Shamela0006939,0764Safadi.ShucurBiCur,9,2325
Shamela0006944,0354IbnHibbanBusti.RawdatCuqala,2,262
Shamela0006947,1354RashidRida.Manar,124,25403
Shamela0007012,0276IbnQutaybaDinawari.GharibHadith,24,6148
Shamela0007271,0748Dhahabi.Muqtana,2,227
Shamela0007292,0276IbnQutaybaDinawari.TawilMukhtalafHadith,9,1768
Shamela0007318,0748Dhahabi.MukhtasarCuluww,11,3391
Shamela0007350,0748Dhahabi.Carsh,3,454
Shamela0007360,0968IbnAhmadAbuNajaHajjawi.Iqnac,1,260
Shamela0007435,0623AbuQasimRafici.Tadwin,66,16835
Shamela0007472,1369MuhammadRida.AbuBakr,1,172
Shamela0007531,0458Bayhaqi.HadithJuwaybari,1,120
Shamela0007546,0600CabdGhaniMaqdisi.IqtisadFiIctiqad,6,1060
Shamela0007554,1282Ababutayn.IntisarLiHizbAllah,1,98
Shamela0007562,0911Suyuti.QutMughtadhi,9,1228
Shamela0007597,1233SulaymanSibtIbnCabdWahhab.TawdihCanTawhid,22,4363
Shamela0007603,1206IbnCabdWahhab.JawahirMudiyya,1,228
Shamela0007606,1450CabdAllahBusayri.Hajj,5,610
Shamela0007640,0463KhatibBaghdadi.SabiqWaLahiq,4,1379
Shamela0007663,1349IbnSahmanKhathcami.SawaciqMursala,5,1422
Shamela0007664,1349IbnSahmanKhathcami.DiyaShariq,6,914
Shamela0007669,1360IbnQasimMakhluf.ShajaratNur,12,2355
Shamela0007767,0235IbnAbiShayba.Iman,6,1064
Shamela0007798,0310Tabari.JamicBayan,264,68084
Shamela0007853,0421AbuSacdAbi.NathrDurr,13,3905
Shamela0008194,0833IbnJazari.TamhidFiCulumTajwid,1,153
Shamela0008202,0283BaghandiKabir.AmaliBaghandi,4,959
Shamela0008203,0458Bayhaqi.Adab,100,19051
Shamela0008204,0360AbuBakrAjurri.ArbacunaHadithan,5,1020
Shamela0008206,0387IbnBattaCukbari.IbanaKubra,81,18848
Shamela0008207,0281IbnAbiDunya.AmrBiMacruf,5,1087
Shamela0008208,0286IbnWaddahQurtubi.Bidac,5,802
Shamela0008210,0395IbnMandaMuhammad.Tawhid,22,4403
Shamela0008212,0292IbnCaliMarwazi.JumcaWaFadluha,8,1923
Shamela0008216,0281IbnAbiDunya.Zuhd,12,2636
Shamela0008218,0256Bukhari.QiraaKhalfaImam,3,745
Shamela0008219,0235IbnYunusBaghdadi.Qada,1,120
Shamela0008222,0360AbuBakrAjurri.TahrimNard,5,1114
Shamela0008223,1450MuhammadCabdKarimCubayd.TakhrijAhadithMarfuca,51,8773
Shamela0008227,0381IbnCabdRahmanZuhri.Hadith,25,5706
Shamela0008229,0370AbuMansurAzhari.MacaniQiraat,1,447
Shamela0008230,0281IbnAbiDunya.DhammMalahi,1,145
Shamela0008232,0416IbnNahhasMisri.RuyatAllah,3,495
Shamela0008234,0281IbnAbiDunya.SifatJanna,12,2172
Shamela0008236,0379IbnMuzaffarBazzaz.GharaibHadithMalik,2,381
Shamela0008237,0430AbuNucaymIsbahani.FadailKhulafaRashidin,11,2537
Shamela0008239,0360Tabarani.FadailRamy,7,1263
Shamela0008241,0281IbnAbiDunya.DhammGhiba,7,1864
Shamela0008243,0327AbuBakrKharaiti.MasawiAkhlaq,40,7559
Shamela0008244,0381IbnMuqriIsbahani.Mucjam,19,2689
Shamela0008245,0360AbuBakrAjurri.AdabNufus,2,487
Shamela0008246,0430AbuNucaymIsbahani.ArbacunaCalaMadhhabMutahaqqiqin,4,553
Shamela0008247,0412IbnMuhammadHarawi.ArbacunaFiShuyukhSufiyya,1,137
Shamela0008249,0360Khawlani.TarikhDaraya,11,2403
Shamela0008251,0316IbnAbiDawudSijistani.Bacth,9,1772
Shamela0008253,0281IbnAbiDunya.Tawba,3,592
Shamela0008254,0281IbnAbiDunya.Tawakkul,1,271
Shamela0008255,0330IbnIsmacilMahamili.Duca,8,1607
Shamela0008259,0281IbnAbiDunya.Sabr,4,652
Shamela0008266,0281IbnAbiDunya.Cuqubat,4,1061
Shamela0008267,0345IbnMuhammadSamarqandi.FawaidMuntaqat,3,1314
Shamela0008273,0281IbnAbiDunya.MatarWaRacd,6,977
Shamela0008274,0318AbuCarubaHarrani.MuntaqaMinTabaqat,10,2691
Shamela0008338,0385Daraqutni.FawaidAfrad,3,613
Shamela0008353,1188ShamsDinSaffarini.LawamicAnwar,57,11389
Shamela0008362BK1,0832TaqiFasi.ShifaGharam,15,2756
Shamela0008363,0774IbnMuhammadShamsDinIbnMawsili.MukhtasarSawaciqMursala,22,6134
Shamela0008381,1450LajnaDaima.Fatawa,123,25137
Shamela0008460,0821Qalqashandi.Maathir,3,650
Shamela0008473,0774IbnKathir.TafsirQuran,1211,316660
Shamela0008476,1389MuhammadAlShaykh.FatawaWaRasail,26,4826
Shamela0008494,0241IbnHanbal.Zuhd,39,8240
Shamela0008505,0285IbnYazidMubarrad.KamilFiLugha,1,252
Shamela0008506,1356MustafaSadiqRafici.IcjazQuran,1,263
Shamela0008514,1225IbnGhannamMalikiNajdi.CiqdThamin,25,4624
Shamela0008532,1242IbnMuhammadIbnCabdWahhabNajdi.KalimatNafica,1,93
Shamela0008540,0855BadrDinCayni.SharhSunanAbiDawud,210,40655
Shamela0008544,0762MughultayIbnQilij.SharhSunanIbnMaja,144,26427
Shamela0008555,1285IbnHasanAlShaykh.MatlabHamid,4,932
Shamela0008571,1285IbnHasanAlShaykh.MawridCadhbZulal,4,1409
Shamela0008590,0520IbnWalidTurtushi.Hawadith,4,911
Shamela0008623,1450Anonymous.MiatHadithSaqitaMinSunanKubra,10,3172
Shamela0008634,0771TajDinSubki.AshbahWaNazair,5,868
Shamela0008648,1147IbnSharafDinKhalili.FatawaKhalili,6,1376
Shamela0008657,0694MuhibbDinTabari.RiyadNadira,90,23552
Shamela0008676,0437MakkiIbnHammushQaysi.Ibana,2,369
Shamela0008884,0832TaqiFasi.DhaylTaqyid,1,76
Shamela0008970,0458Bayhaqi.DacawatKabir,101,21115
Shamela0009065,0360IbnCaliQassab.NukatDalla,1,121
Shamela0009074,0600CabdGhaniMaqdisi.AmrBiMacruf,6,1264
Shamela0009076,0463KhatibBaghdadi.MuttafiqWaMuftariq,98,20458
Shamela0009082,0385Daraqutni.CilalWarida,67,10484
Shamela0009088,0228AbuJahmBahili.Juz,3,554
Shamela0009091,0768Yafici.MiratJinan,5,985
Shamela0009096,0515IbnHibatAllah.MajmucLatif,1,241
Shamela0009099,0911Suyuti.Muhadarat,11,2418
Shamela0009107BK1,0412IbnAbiFawaris.MuntaqaMukhallisiyyat,130,27736
Shamela0009107BK2,0399AbuBakrBaqqal.MuntaqaMukhallisiyyat,12,3145
Shamela0009107BK3,0700Anonymous.MuntaqaMinMuntaqaSabcatAjzaMukhallis,2,276
Shamela0009107BK5,0393AbuTahirMukhallis.SabcatMajalis,5,978
Shamela0009111,0852IbnHajarCasqalani.BulughMaram,21,4306
Shamela0009182,0204Shafici.TafsirShafici,9,2150
Shamela0009212,0323CaliHimyari.Juz,1,302
Shamela0009222,0604AbuDharrKhushani.ImlaMukhtasar,3,1677
Shamela0009229,1332ZaynabFawwaz.DurrManthur,1,84
Shamela0009250,0600IbnCabdAllahQaysi.IdahShawahid,1,148
Shamela0009270,0458Bayhaqi.AsmaWaSifat,78,19146
Shamela0009279,0977KhatibShirbini.KhisalMukaffira,12,3025
Shamela0009283,0981TaqiDinRumi.RisalatInqadhHalikin,4,765
Shamela0009292,0458Bayhaqi.BacthWaNushur,42,9772
Shamela0009305,0325IbnCabdSamadBaghdadi.Amali,4,547
Shamela0009306,0281IbnAbiDunya.Juc,5,1143
Shamela0009307,0281IbnAbiDunya.FarajBacdaShidda,2,193
Shamela0009310,0348IbnMuhammadKhuldi.Fawaid,3,832
Shamela0009311,0439IbnMuhammadKhallal.Amali,3,730
Shamela0009312,0430AbuNucaymIsbahani.TasmiyatRuwatCanFadlIbnDakin,2,333
Shamela0009313,0257IbnCarafaCabdi.Juz,6,1188
Shamela0009317,0294IbnDurays.FadailQuran,18,3603
Shamela0009322,0290IbnAhmadIbnHanbal.FadailCuthman,12,2707
Shamela0009323,0353IbnMuhammadMakki.Fawaid,16,3375
Shamela0009353,0842IbnNasirDinDimashqi.AhadithSitta,2,388
Shamela0009361,0563IbnMuqarrabBaghdadiKarkhi.Arbacuna,4,762
Shamela0009369,0597IbnJawzi.IclamMacalim,29,6074
Shamela0009370,0728IbnTaymiyya.ArbacunaTaymiyya,2,425
Shamela0009371,0571IbnCasakir.ArbacunaMinMusawat,10,2572
Shamela0009372,0576AbuTahirSilafi.ArbacunaBuldaniyya,3,386
Shamela0009375,0816AbuBakrMaraghi.ArbacunaMinMacali,3,399
Shamela0009376,0600IbnCumarShaficiNaysaburi.ArbacunaMinMasanid,13,2802
Shamela0009379,0597IbnJawzi.BirrWaSila,49,8904
Shamela0009380,0321Tahawi.TaswiyaBaynaHaddathanaWaAkhbarana,1,294
Shamela0009384,0620IbnQudamaMaqdisi.RiqqaWaBuka,2,488
Shamela0009385,0643DiyaDinMaqdisi.Cudda,5,1401
Shamela0009387,0909IbnMabrid.CasharaMinMarwiyyatSalih,1,142
Shamela0009389,0650RashidDinDimashqi.MashyakhaBaghdadiyya,15,4038
Shamela0009390,0600CabdGhaniMaqdisi.TahrimQatl,30,7206
Shamela0009391,0490IbnIbrahimNabulusi.TahrimNikahMutca,5,982
Shamela0009393,0842IbnNasirDinDimashqi.TanwirFikra,5,987
Shamela0009395,0335Suli.JuzMinAhadith,1,240
Shamela0009396,0330IbnMuhammadSulami.Juz,2,251
Shamela0009398,0643IbnMuqayyar.Juz,7,1332
Shamela0009399,0271IbnSinanQazzaz.JuzMinHadith,5,1103
Shamela0009412,0184AbuIshaqZuhri.JuzMinNuskha,7,1458
Shamela0009416,0430AbuNucaymIsbahani.JuzAhadithCanAbiCaliSawwaf,3,509
Shamela0009420,0909IbnMabrid.JawabBacdKhadam,3,693
Shamela0009428,0311AbuBakrKhallal.AhkamAhlMilal,2,356
Shamela0009429,0821Qalqashandi.SubhAcsha,10,2528
Shamela0009448,0576AbuTahirSilafi.HadithCanHakimKufa,3,705
Shamela0009523,0581AbuMusaMadini.DhikrIbnMandah,2,254
Shamela0009539,0842IbnNasirDinDimashqi.CarfCanbar,5,1477
Shamela0009561,0600CabdGhaniMaqdisi.FadailShahrRamadan,4,893
Shamela0009563,0305IbnZakariyaMutarriz.Fawaid,2,408
Shamela0009564,0390IbnAkhiMimiDaqqaq.Fawaid,32,7570
Shamela0009567,0807NurDinHaythami.GhayatMaqsad,1910,491627
Shamela0009584,0629IbnNuqta.TaqyidLiMacrifa,1,166
Shamela0009608,0485NizamMulkWazir.Amali,1,231
Shamela0009618,0643DiyaDinMaqdisi.AmradWaKaffarat,6,1034
Shamela0009619,0597IbnJawzi.Mashyakha,7,1646
Shamela0009622,0516IbnCabdWahidDaqqaqIsbahani.MucjamMashaikh,1,108
Shamela0009624,0643DiyaDinMaqdisi.MinHadithIbnYazidMuqri,19,4157
Shamela0009628,0511IbnMandaYahya.ManCasha,4,763
Shamela0009631,0682ZakariyaQazwini.AtharBilad,1,249
Shamela0009633,0223IbnSalihKatibLayth.Nuskha,2,327
Shamela0009637,1342MahmudShukriAlusi.FaslKhitab,2,614
Shamela0009642,0543IbnIbrahimHamadhaniJurqani.Abatil,35,8194
Shamela0009652,0842IbnNasirDinDimashqi.ImlaAnfus,6,1490
Shamela0009654,0302QasimCawfi.DalailFiGharibHadith,15,3117
Shamela0009698,0399IbnAbiZamanaynIlbiri.RiyadJanna,11,1988
Shamela0009701,0953IbnTulun.IclamSailin,14,3181
Shamela0009702,0676Nawawi.TahdhibAsma,58,8832
Shamela0009728,0456IbnHazm.JawamicSira,3,551
Shamela0009752,1331IbnAmirCabdQadirJazairi.NukhbatCiqd,3,508
Shamela0009759,1307Qannawji.NaylMaram,6,734
Shamela0009770,0634AbuRabicHimyari.Iktifa,117,43956
Shamela0009773,0279Baladhuri.AnsabAshraf,71,14151
Shamela0009783BK1,0310Tabari.Tarikh,112,33578
Shamela0009783BK4,0310Tabari.MuntakhabMinDhayl,36,8964
Shamela0009788,0626YaqutHamawi.MucjamUdaba,2,382
Shamela0009789,0415QadiCabdJabbar.TathbitDalailNubuwwa,8,3497
Shamela0009793,0456IbnHazm.JamharatAnsab,9,974
Shamela0009801,0974IbnHajarHaytami.DurrMandud,13,2379
Shamela0009804,1304CabdHayyLaknawi.TacliqMumajjad,26,5020
Shamela0009808,0282IbnAbiUsamaTamimi.Cawali,4,802
Shamela0009810,1138IbnCabdHadiNurDinSindi.HashiyaCalaIbnMajah,520,97345
Shamela0009823,0956IbnCumarShamsDinSafiri.MajalisWacziyya,12,2640
Shamela0009826,0953IbnTulun.ArbacunaFiFadlRahma,1,65
Shamela0009841,1285IbnHasanAlShaykh.Iman,6,1563
Shamela0009851,0478ImamHaramaynJuwayni.NihayatMatlab,3,478
Shamela0009853,0430AbuNucaymIsbahani.AhadithMusnada,4,599
Shamela0009855,0434IbnAhmadHarawi.Masmucat,23,5352
Shamela0009856,0817MajdDinFiruzabadi.BasairDhawiTamyiz,8,1444
Shamela0009859,0778BadrDinBacli.ManhajQawim,3,665
Shamela0009862,0151IbnIshaq.Sira,24,6879
Shamela0009870,0730QasimTujibi.Barnamaj,2,483
Shamela0009898,0354IbnHibbanBusti.Sira,49,17993
Shamela0009918,1014MullaCaliQari.SharhShifa,26,5163
Shamela0009943,1317KhayrDinAlusi.JalaCaynayn,8,1457
Shamela0009993,1332IbnMuhammadJamalDinQasimi.QawacidTahdith,4,734
Shamela0010013,1376MuhammadHajwiThacalibi.FikrSami,12,2283
Shamela0010016,0981IbnMusaMuwaqqitDimashqi.CiqdTalid,1,121
Shamela0010076,0698SunqurMughani.JuzMashyakhatIbnSasra,1,166
Shamela0010103,0733IbnJamacaBadrDinHamawi.TanqihMunazara,2,323
Shamela0010262,0383IbnCabbasKhwarizmi.MufidCulum,5,886
Shamela0010269,0429IbnIbrahimSarakhsiQarrab.FadailRamy,4,555
Shamela0010273,1224IbnCajiba.BahrMadid,20,3408
Shamela0010283,0733Nuwayri.NihayatArab,155,47072
Shamela0010284,0728IbnTaymiyya.MustadrakCalaMajmucFatawa,4,1099
Shamela0010322,0761IbnKaykaldiCalai.Tanbihat,11,1835
Shamela0010428BK1,0500Anonymous.MajmucatRasailJahiz,2,229
Shamela0010428BK6,0255Jahiz.FakhrSudan,2,287
Shamela0010437,0597IbnJawzi.MuthirGharam,12,2267
Shamela0010441,0611IbnMufaddalMuqaddasi.Arbacuna,4,1005
Shamela0010444,0533IbnTahirAbuQasimShahhami.AhadithSubaciyyat,15,2829
Shamela0010447,0705SharafDinDimyati.ArbacunaAbdal,3,571
Shamela0010452,0855BadrDinCayni.MaghaniAkhyar,14,1521
Shamela0010460,0643CaliSakhawi.JamalQurra,11,2239
Shamela0010463,0795IbnRajabHanbali.RawaicTafsir,110,21296
Shamela0010469,0909IbnMabrid.ArbacunaMusalsala,1,180
Shamela0010479,1205MurtadaZabidi.Amali,5,1251
Shamela0010480,0643DiyaDinMaqdisi.AhadithMukhatara,712,174779
Shamela0010488,0373AbuLaythSamarqandi.TanbihGhafilin,46,11319
Shamela0010498,0336IbnAhmadTusi.Juz,1,189
Shamela0010509,0500AbuNasrMaqdisi.LataifWaZaraif,1,103
Shamela0010512,0940IbnQasimMuhyiDinAmasi.RawdAkhyar,1,141
Shamela0010517,1450HusamDinMusaCaffana.Fatawa,225,45112
Shamela0010521,0414AbuHayyanTawhidi.Imtac,3,668
Shamela0010525,0646IbnQifti.InbahRuwat,1,137
Shamela0010527,0544QadiCiyad.MashariqAnwar,1,91
Shamela0010531,0360AbuBakrAjurri.AkhlaqAhlQuran,6,1258
Shamela0010538,0255Jahiz.BursanWaCurjan,1,110
Shamela0010541,1332IbnMuhammadJamalDinQasimi.IslahMasajid,4,610
Shamela0010551,0637IbnAthirDiyaDin.MathalSair,2,809
Shamela0010614,0255Jahiz.BayanWaTabyin,6,1679
Shamela0010620,0242IbnAslamTusi.Arbacun,5,973
Shamela0010627,0281AbuZurcaDimashqi.FawaidMucallala,21,4168
Shamela0010632,1140IbnMuhammadDimyatiShafici.JawahirGhawali,7,1178
Shamela0010637,0430AbuNucaymIsbahani.DalailNubuwwa,119,39351
Shamela0010695,0463IbnCabdBarr.Durar,19,8025
Shamela0010710,0845Maqrizi.Rasail,6,1495
Shamela0010717,1307Qannawji.HittaFiDhikr,3,645
Shamela0010736BK1,0938IbnCaliBalawi.Thabat,6,1656
Shamela0010739,1307Qannawji.LuqtatCajlan,1,147
Shamela0010758,1150IbnCaqila.FawaidJalila,3,782
Shamela0010765,0321Tahawi.AhkamQuran,69,14939
Shamela0010778,0761IbnKaykaldiCalai.MusalsalatMukhtara,2,369
Shamela0010781,0716NajmDinTufi.SharhMukhtasarRawda,9,1663
Shamela0010782,0795IbnRajabHanbali.KashfKurba,1,79
Shamela0010798,0660IbnCadim.BughyatTalab,86,19079
Shamela0010799,0281IbnAbiDunya.FadailRamadan,1,196
Shamela0010803,0510IbnMascudBaghawi.AnwarFiShamailNabi,112,28790
Shamela0010808,0292Yacqubi.Buldan,1,160
Shamela0010826,0761IbnKaykaldiCalai.BughyatMultamis,6,1218
Shamela0010830,0845Maqrizi.DawSari,6,1525
Shamela0010831,0833IbnJazari.Cawali,7,1485
Shamela0010835,0492AbuHasanKhulci.Fawaid,55,14800
Shamela0010843,0385Daraqutni.TacliqatCalaMajruhin,8,956
Shamela0010895,1244IbnHamadAlMucammar.MinhatQaribMujib,8,2627
Shamela0010900,0795IbnRajabHanbali.AhwalQubur,15,2801
Shamela0010902,0398AbuNasrKalabadhi.HidayaWaIrshad,8,930
Shamela0010906,0748Dhahabi.SiyarAclamNubala,626,161507
Shamela0010908,0624IbnIbrahimBahaDinMaqdisi.CuddaSharhCumda,19,3411
Shamela0010913,0370AbuQasimAmidi.MutalifWaMukhtalif,6,550
Shamela0010918,0444AbuCamrDani.MuqnicFiRasmMasahif,1,195
Shamela0010927,0597IbnJawzi.TarikhBaytMuqaddas,1,129
Shamela0011026,0655CabdMuncimTaqiDinShafici.Fawaid,1,152
Shamela0011056BK1,0837IbnHijjaHamawi.ThamaratAwraq,1,176
Shamela0011073,1285IbnHasanAlShaykh.BayanMahabba,1,112
Shamela0011077BK1,0427Sahmi.TarikhJurjan,12,2524
Shamela0011079,1282Ababutayn.TasisTaqdis,4,657
Shamela0011088,0761IbnKaykaldiCalai.TahqiqMunifRutba,7,1029
Shamela0011092,1014MullaCaliQari.TasliyyatAcma,5,661
Shamela0011146,1242IbnMuhammadIbnCabdWahhabNajdi.JawabAhlSunna,6,1241
Shamela0011150,0728IbnTaymiyya.HijabMara,2,241
Shamela0011162,0728IbnTaymiyya.HuquqAlBayt,1,150
Shamela0011211,1285IbnHasanAlShaykh.RasailWaFatawa,3,549
Shamela0011212,1282Ababutayn.RasailWaFatawa,3,704
Shamela0011226,1218IbnMuhammadIbnSacud.RisalaMuhimma,1,148
Shamela0011244,0702IbnDaqiqCidQushayri.SharhArbacinaNawawiyya,4,1117
Shamela0011258,0728IbnTaymiyya.SharhHadithNuzul,11,4113
Shamela0011279,0600CabdGhaniMaqdisi.Caqida,5,881
Shamela0011285,0728IbnTaymiyya.QacidaJamicaFiTawhid,1,131
Shamela0011288,0728IbnTaymiyya.QacidaFiInghimas,6,1519
Shamela0011290,0728IbnTaymiyya.QacidaMukhtaciraFiWujubTaca,1,267
Shamela0011314,0468IbnAhmadWahidiNaysaburi.AsbabNuzul,39,10389
Shamela0011334,1285IbnHasanAlShaykh.TawhidWaQurratCuyunMuwahhidin,26,5026
Shamela0011353,1349IbnSahmanKhathcami.KashfGhayahib,5,1219
Shamela0011354,1285IbnHasanAlShaykh.KashfMaAlqahuIblis,4,589
Shamela0011363,0795IbnRajabHanbali.LataifMacarif,37,6937
Shamela0011365,1450MuhammadCijajKhatib.LamahatFiMaktaba,2,403
Shamela0011379,1293CabdLatifAlShaykh.CuyunRasailwaAjwiba,7,1482
Shamela0011380,1225IbnNasirNajdi.MajmucatRasail,3,514
Shamela0011404,0257IbnCabdHakam.FutuhMisr,87,19418
Shamela0011417,0620IbnQudamaMaqdisi.BulghatTalibHathith,11,2711
Shamela0011433,0385IbnMuhandis.HadithAbiQasimCafiya,12,2701
Shamela0011438,0597IbnJawzi.TalbisIblis,21,5248
Shamela0011469,0421IbnMuhammadMarzuqi.AzminaWaAmkina,2,776
Shamela0011475,0207IbnBakkarQaysi.Juz,1,134
Shamela0011479,0911Suyuti.JiyadMusalsalat,1,149
Shamela0011566,0845Maqrizi.Mawaciz,5,907
Shamela0011573,1285IbnHasanAlShaykh.MasailWaFatawaNajdiyya,2,466
Shamela0011578,0728IbnTaymiyya.MasalaFiMurabata,3,710
Shamela0011686,0347IbnYunusSadafi.Tarikh,19,3434
Shamela0011730,0728IbnTaymiyya.MajmucatRasailWaMasail,13,2282
Shamela0011746,0637IbnMustawfi.TarikhIrbil,1,210
Shamela0011755,1356MustafaSadiqRafici.WahyQalam,1,249
Shamela0011758,1450YusufHadi.TarikhBayhaq,1,86
Shamela0011766,0292Bahshal.TarikhWasit,24,5873
Shamela0011788,1351IbnHusaynGhazzi.NahrDhahab,6,885
Shamela0011789,0615MuwaffaqDinShafici.MurshidZuwwar,14,3618
Shamela0011812,0548Shahrastani.MilalWaNihal,1,233
Shamela0011997,0911Suyuti.TarikhKhulafa,17,3474
Shamela0012001,1300CabdHadiIbnMuhammadCujayli.TahqiqTajrid,24,5112
Shamela0012002,0668IbnHusaynJacfariHashimi.Takhjil,1,142
Shamela0012014,0676Nawawi.RiyadSalihin,144,37645
Shamela0012027,1326IbnMuhammadHindiSahsayani.SiyanatInsan,60,11996
Shamela0012031,0597IbnJawzi.SifatSafwa,141,43050
Shamela0012034,1342MahmudShukriAlusi.GhayatAmani,8,1676
Shamela0012040,0833IbnJazari.GhayatNihaya,1,162
Shamela0012045,0207Waqidi.FutuhSham,1,285
Shamela0012062,0909IbnMabrid.MahdSawab,57,16331
Shamela0012076,1089IbnCimad.MuctiyatAman,1,222
Shamela0012081,0728IbnTaymiyya.MuqaddimaFiUsulTafsir,1,210
Shamela0012091,1349IbnSahmanKhathcami.MinhajAhlHaqq,3,984
Shamela0012094,1293CabdLatifAlShaykh.MinhajTasisWaTaqdis,5,781
Shamela0012131,0597IbnJawzi.Musalsalat,4,971
Shamela0012220,0852IbnHajarCasqalani.ItrafMusnadMuctali,1524,271439
Shamela0012221,0279Baladhuri.FutuhBuldan,5,845
Shamela0012222,0207Waqidi.Ridda,1,134
Shamela0012227BK2,1252IbnCabidinDimashqi.MinhatKhaliq,1,323
Shamela0012286,1396KhayrDinZirikli.Aclam,3,299
Shamela0012293,1421MuhammadCuthaymin.MajmucFatawa,93,16620
Shamela0012318,0400IbnTahirMaqdisi.BadWaTarikh,10,1928
Shamela0012320,0808IbnKhaldun.Tarikh,5,774
Shamela0012396BK1,0421Miskawayh.Tajarib,1,286
Shamela0012398,1089IbnCimad.Shadharat,2,414
Shamela0012399,1450CabdKarimKhudayr.SharhMuwattaMalik,74,14560
Shamela0012402,1408CumarKahhala.MucjamQabail,5,686
Shamela0012403,0277IbnSufyanFasawi.MacrifaWaTarikh,226,50109
Shamela0012404,0362AbuFarajIsbahani.MaqatilTalibiyyin,3,323
Shamela0012406,0597IbnJawzi.Muntazam,176,63126
Shamela0012415,0458Bayhaqi.SunanSaghir,201,43490
Shamela0012524,0224QasimIbnSallam.FadailQuran,28,5878
Shamela0012528,0641Sarifini.MuntakhabSiyaq,2,474
Shamela0012531,0748Dhahabi.MucjamShuyukh,37,5839
Shamela0012532,0721IbnRushaydSabti.MalCayba,12,2420
Shamela0012534,0197IbnWahbQurashi.MuwattaIbnWahb,11,2463
Shamela0012546,0439IbnMuhammadKhallal.DhikrManLamYakunLahuIllaHadithWahid,3,571
Shamela0012579,0365IbnCadiJurjani.KamilFiDucafa,227,43132
Shamela0012581,0385Daraqutni.MutalifWaMukhtalif,58,9748
Shamela0012698,0233YahyaIbnMacin.SualatIbnJunayd,1,121
Shamela0012704,0281IbnAbiDunya.Ahwal,6,1887
Shamela0012715,0732AbuFida.MukhtasarFiAkhbar,8,1552
Shamela0012722,0726Yunini.DhaylMiratZaman,1,106
Shamela0012735,0643DiyaDinMaqdisi.NahyCanSabbAshab,3,864
Shamela0012736,0600CabdGhaniMaqdisi.DhikrNar,15,3427
Shamela0012738,0986IbnCaliFattani.TadhkiratMawducat,4,714
Shamela0012739,0281IbnAbiDunya.MuhasabatNafs,4,521
Shamela0012740,0643DiyaDinMaqdisi.SifatJanna,22,4146
Shamela0012742,0451IbnCushariHanbali.FadailAbiBakr,1,163
Shamela0012745,0360Tabarani.FadlCasharDhiHijja,1,438
Shamela0012746,0360AbuBakrAjurri.FadlQiyamLayl,3,445
Shamela0012747,0571IbnCasakir.MadhTawaduc,1,294
Shamela0012749,0457IbnAhmadSayrafi.Mashyakha,9,1934
Shamela0012750,0571IbnCasakir.MucjamShuyukh,84,15800
Shamela0012751,0281IbnAbiDunya.MaqtalCali,2,193
Shamela0012752,0833IbnJazari.ManaqibAsadGhalib,3,817
Shamela0012769,0728IbnTaymiyya.QacidaCazimaFiFarq,1,199
Shamela0012818,0381IbnYusufCallaf.Amali,6,1563
Shamela0012820,0505IbnHamzaTajQurraKirmani.GharaibTafsir,4,1543
Shamela0012828,0384MuhassinTanukhi.FarajBacdaShidda,1,154
Shamela0012836,0676Nawawi.ArbacunaNawawiyya,4,1351
Shamela0012843,0319IbnMundhirNaysaburi.Iqnac,21,3868
Shamela0012844,0324IbnMuhammadNaysaburi.Ziyadat,17,2708
Shamela0012845,0578IbnBashkuwal.Mustaghithin,1,285
Shamela0012847,0636IbnAbiMucammarAbuKhayrTabrizi.NasihaLiRaci,11,2084
Shamela0012851,0200YahyaIbnSallam.Tafsir,13,2605
Shamela0012852,0408IbnCabdCazizTaymi.JuzHadith,9,2302
Shamela0012855,0649ibnCabdAllahMuzaffariShafici.Juz,2,384
Shamela0012860,0774IbnKathir.TabaqatFuqahaShaficiyyin,2,290
Shamela0012862,0807NurDinHaythami.KashfAstar,422,92187
Shamela0012863,0240IbnKhayyatCusfuri.Musnad,10,1966
Shamela0012864,0360Tabarani.ManIsmuhCata,1,382
Shamela0012865,0852IbnHajarCasqalani.NazmLaali,9,1679
Shamela0012872,0845Maqrizi.MukhtasarQiyamRamadan,47,9187
Shamela0012884,0911Suyuti.DurrManthur,785,183242
Shamela0012935,1369MuhammadRida.Muhammad,45,15559
Shamela0012936,0281IbnAbiDunya.MujabuDacwa,1,111
Shamela0012981,0292AbuBakrBazzar.BahrZakhkhar,698,172448
Shamela0012987,0182AbuYusufYacqub.Athar,3,1346
Shamela0012990,0281IbnAbiDunya.Ikhwan,1,154
Shamela0013033,0264IbnYahyaMuzani.SunanMathura,32,7303
Shamela0013039,0281IbnAbiDunya.Samt,21,4122
Shamela0013041,0322AbuJacfarCuqayli.DucafaKabir,96,17382
Shamela0013067,0316IbnAbiDawudSijistani.Masahif,13,3231
Shamela0013074,0385Daraqutni.Nuzul,7,1727
Shamela0013075,0281IbnAbiDunya.Ciyal,20,3325
Shamela0013104,0273HanbalIbnIshaqShaybani.JuzHanbal,5,1070
Shamela0013122,0227IbnMansurKhurasani.Sunan,51,11590
Shamela0013127,0310Tabari.SarihSunna,1,546
Shamela0013129,0844IbnRassamHamawi.ArbacunaMinAhadithNabawiyya,1,161
Shamela0013152,0281IbnAbiDunya.MudaratNas,2,332
Shamela0013174,0211CabdRazzaqSancani.Musannaf,286,71532
Shamela0019542,0930IbnCumarBahraqHadrami.HusamMaslul,3,485
Shamela0021107,0680IbnSabuni.TakmilatIkmalIkmal,2,429
Shamela0021315,0432IbnMuhammadNasafi.FadailQuran,41,8362
Shamela0021473,0381IbnMuqriIsbahani.Arbacuna,1,220
Shamela0021474,0385Daraqutni.IlzamatWaTatabbuc,4,421
Shamela0021475,0463KhatibBaghdadi.Bukhala,2,522
Shamela0021476,0387IbnSamcunBaghdadi.Amali,9,1690
Shamela0021477,0463KhatibBaghdadi.TalkhisMutashabih,91,19541
Shamela0021479,0381AbuQasimJawhari.MusnadMuwatta,69,14679
Shamela0021481,0395IbnMandaMuhammad.MacrifatSahaba,199,40014
Shamela0021483,0396IbnCumarWarraq.Hadith,1,148
Shamela0021485,0430AbuNucaymIsbahani.SifatNifaq,13,3255
Shamela0021487,0275AbuDawudSijistani.MasailImamAhmad,4,710
Shamela0021488,0313IbnZaydanKufi.Musnad,4,778
Shamela0021491,0463KhatibBaghdadi.QawlFiCilmNujum,2,277
Shamela0021493,0535QawwamSunna.SiyarSalaf,93,24901
Shamela0021494,0340IbnAcrabiBasri.Mucjam,90,18640
Shamela0021499,0728IbnTaymiyya.FurqanBaynaAwliya,5,1101
Shamela0021512,1450CabdAllahGhunayman.MukhtasarMinhajSunna,8,1745
Shamela0021525,1346LuisShikhuYasuci.ShucaraNasraniyya,1,94
Shamela0021536,0671AbuCabdAllahQurtubi.TadhkiraFiAhwalMawta,122,28410
Shamela0021537,1420IbnBaz.MajmucFatawa,89,15904
Shamela0021544,0180IbnJacfarAnsari.HadithIsmacil,20,4072
Shamela0021545,0197WakicIbnJarrah.Zuhd,19,3171
Shamela0021554,0285IbnYazidMubarrad.Tacazi,2,401
Shamela0021556,0562Samcani.Muntakhab,3,567
Shamela0021570,0807NurDinHaythami.MaqsadCali,172,43451
Shamela0021577,0303Nasai.Jumca,7,1204
Shamela0021602,0430AbuNucaymIsbahani.SifatJanna,17,3505
Shamela0021626,0643DiyaDinMaqdisi.RuwatArbacatCashar,11,2720
Shamela0021633,0581AbuMusaMadini.KalamCalaHadithIstilqa,1,510
Shamela0021635,0643DiyaDinMaqdisi.MuntaqaMinMasmucatMarw,63,11647
Shamela0021638,0345IbnCabbasBazzaz.HadithShucba,3,484
Shamela0021647,0406IbnMuhammadSaqati.FadailMucawiya,2,307
Shamela0021650,0439IbnMuhammadKhallal.KaramatAwliya,1,149
Shamela0021659,0911Suyuti.SahihWaDacif,340,61175
Shamela0021664,0460IbnFadlIsbahani.Amali,1,138
Shamela0021670,0277IbnSufyanFasawi.Mashyakha,29,6089
Shamela0021672,0400IbnMuhammadLihyani.Hadith,2,308
Shamela0021681,0682IbnCabdakKunji.MashyakhatDiyaDinTurkumani,6,931
Shamela0021684,0258IbnYahyaNaysaburi.Juz,9,2202
Shamela0021685,0398IbnCaliHamadhani.Hadith,2,235
Shamela0021688,1299MuhammadCulayshMaliki.FathCali,7,1083
Shamela0021690,0440IbnMuhammadSawwaq.Hadith,5,1164
Shamela0021691,0427IbnCaliShahrazuri.Hadith,1,313
Shamela0021703,0668IbnCabdDaimZaynDinMuqaddasi.MuntaqaMinHadithJassas,2,244
Shamela0021709,1450CabdKarimKhudayr.SharhKitabTawhid,4,719
Shamela0021715,0923AhmadQastallani.IrshadSari,711,186130
Shamela0021719,0911Suyuti.Ashbah,3,449
Shamela0021721,0558IbnAbiKhayrCimraniYamani.BayanFiMadhhabShafici,18,2907
Shamela0021729,0728IbnTaymiyya.QawacidNuraniyya,14,2417
Shamela0021730,0795IbnRajabHanbali.Qawacid,2,291
Shamela0021735,0520IbnRushdJadd.Muqaddimat,12,1776
Shamela0021741,1450CabdKarimKhudayr.SharhKitabFitan,10,2152
Shamela0021744,0861IbnHumam.FathQadir,87,15994
Shamela0021751,0520IbnRushdJadd.BayanWaTahsil,32,5488
Shamela0021765,0840ShihabDinBusiri.IthafKhayra,1071,248673
Shamela0021766,1225ThanaAllahPanipati.TafsirMazhari,358,83748
Shamela0021794,0385Daraqutni.Ruyat,16,3725
Shamela0021819,0563AbuCalaKirmani.MafatihAghani,1,252
Shamela0021821,0468IbnAhmadWahidiNaysaburi.WasitFiTafsir,99,23549
Shamela0021843BK1,0864IbnAhmadJalalDinMahalli.KanzRaghibin,4,470
Shamela0021848BK1,0926ZakariyyaAnsari.GhurarBahiyya,4,728
Shamela0022301,0705SharafDinDimyati.Tasalli,12,2663
Shamela0022334,0441IbnMuhammadCatiqi.Takhrij,4,830
Shamela0022341,0909IbnMabrid.CiqdTamam,4,1342
Shamela0022347,0281IbnAbiDunya.Qanaca,5,832
Shamela0022381,0375IbnCabdAllahAbhari.FawaidGharaibHisan,3,705
Shamela0022526,0412Sulami.ArbacunaFiTasawwuf,1,222
Shamela0022549,0319IbnMundhirNaysaburi.TafsirQuran,17,4753
Shamela0022566,0795IbnRajabHanbali.FarqBaynaNasihaWaTacyir,1,120
Shamela0022579,0272IbnIshaqFakihi.AkhbarMakka,64,16433
Shamela0022593,0437MakkiIbnHammushQaysi.Hidaya,32,7900
Shamela0022642,0833IbnJazari.Nashr,6,1151
Shamela0022644,1450CabdKarimKhudayr.SharhBulughMaram,17,2424
Shamela0022645,1450CabdKarimKhudayr.SharhCumdatAhkam,14,2652
Shamela0022647,0728IbnTaymiyya.Cubudiyya,1,242
Shamela0022648,0728IbnTaymiyya.QacidaTatadammanuDhikrMalabisNabi,2,376
Shamela0022650,0728IbnTaymiyya.QacidaHasanaFiBaqiyat,1,87
Shamela0022653,0728IbnTaymiyya.JamicRasail,3,563
Shamela0022666,0728IbnTaymiyya.RisalaTadmuriyya,1,278
Shamela0022667,0728IbnTaymiyya.TahqiqQawlFiMasalatCisa,1,100
Shamela0022676,0665AbuShama.MurshidWajiz,12,2434
Shamela0022712,0608IbnCutyaQudaciTurtushi.TahrirMaqal,9,1437
Shamela0022720,0795IbnRajabHanbali.IkhtiyarUla,15,2639
Shamela0022721,1308IbnKhalilHindiCuthmani.IzharHaqq,2,343
Shamela0022769,1316IbnCumarBantaniJawi.MarahLabid,9,1961
Shamela0022868,0584IbnMusaHazimi.IctibarFiNasikhWaMansukh,49,10128
Shamela0022877,0458AbuYaclaIbnFarra.AhkamSultaniyya,1,278
Shamela0022882,0761IbnKaykaldiCalai.ItharatFawaid,17,5403
Shamela0022892,0429AbuMansurThacalibi.Shakwa,1,148
Shamela0022921,0458AbuYaclaIbnFarra.IbtalTawilat,10,1941
Shamela0023023BK2,1021ShihabDinShalabi.HashiyaCalaTabyinHaqaiq,6,1044
Shamela0023100,0317AbuQasimBaghawi.MucjamSahaba,519,119940
Shamela0023358,0573NashwanHimyari.ShamsCulum,1,126
Shamela0023422,1450CabdKarimKhudayr.SharhKitabHajj,43,9529
Shamela0023423,1450CabdKarimKhudayr.SharhArbacinaNawawi,6,1907
Shamela0023578,0427AbuIshaqThaclabi.KashfWaBayan,192,48916
Shamela0023582,0504IbnMuhammadCimadDinTabari.AhkamQuran,2,566
Shamela0023591,0745AbuHayyanGharnati.TafsirBahrMuhit,12,2332
Shamela0023596,0276IbnQutaybaDinawari.TawilMushkilQuran,1,148
Shamela0023606,0751IbnQayyimJawziyya.TafsirQuran,13,2444
Shamela0023628,0741KhazinBaghdadi.LubabTawil,237,60297
Shamela0023632,0541IbnCatiyyaAndalusi.MuharrarWajiz,10,2237
Shamela0023644,0407IbnMuhammadKharkushi.SharafMustafa,205,45103
Shamela0023645,0544QadiCiyad.Shifa,16,2808
Shamela0023653,0734IbnSayyidNas.CuyunAthar,117,38078
Shamela0023675,1132IbnAhmadAbuMadyanFasi.MustacdhabIkhbar,3,367
Shamela0023680,0207Waqidi.Maghazi,36,10264
Shamela0023685,0923AhmadQastallani.MawahibLaduniyya,142,32784
Shamela0023691,0606IbnAthirMajdDin.NihayaFiGharib,3,770
Shamela0023695,0911Samhudi.WafaWafa,76,16478
Shamela0023696,0390Muqaddasi.AhsanTaqasim,1,155
Shamela0023700,0630IbnAthirCizzDin.UsdGhaba,1819,395799
Shamela0023718,0346Mascudi.TanbihWaIshraf,1,138
Shamela0023735,0626YaqutHamawi.MucjamBuldan,9,1885
Shamela0023769,1450CabdKarimKhudayr.SharhAlfiyyatTabsira,1,210
Shamela0023775,0255Jahiz.Hayawan,1,186
Shamela0023777,1450CabdKarimKhudayr.SharhSunanTirmidhi,11,1860
Shamela0023785,0276IbnQutaybaDinawari.ShicrWaShucara,1,100
Shamela0023788,0745MuayyadYahyaIbnHamzaCalawi.TirazLiAsrar,1,150
Shamela0023789,0328IbnCabdRabbih.CiqdFarid,16,4828
Shamela0023790,0276IbnQutaybaDinawari.CuyunAkhbar,9,1624
Shamela0023798,0885BurhanDinBiqaci.NukatWafiyya,3,535
Shamela0023833,0213IbnHisham.SiraNabawiyya,126,45247
Shamela0023849,0487AbuCubaydBakri.MasalikWaMamalik,4,1219
Shamela0025794,0241IbnHanbal.Musnad,6936,1989285
Shamela0025837,0276IbnQutaybaDinawari.MacaniKabir,1,143
Shamela0025864,0761IbnKaykaldiCalai.JamicTahsil,9,1395
Shamela0025955,1450CabdKarimKhudayr.SharhNukhbatFikr,1,123
Shamela0026039,0774IbnKathir.MusnadCumarIbnKhattab,23,4969
Shamela0026047,1450CabdKarimKhudayr.TacliqCalaTafsirQurtubi,7,1332
Shamela0026075,0620IbnQudamaMaqdisi.MuntakhabMinCilal,12,1854
Shamela0026102,0325IbnIshaqWashsha.Muwashsha,1,424
Shamela0026324,0852IbnHajarCasqalani.IthafMahara,1312,214023
Shamela0026337,0198SufyanIbnCuyayna.JuzHadith,2,585
Shamela0026341,0317AbuQasimBaghawi.AhadithTalut,3,600
Shamela0026353,0257AbuSacidAshajj.Juz,6,1002
Shamela0026359,0331IbnMukhalladCattar.Juz,3,948
Shamela0026365,0378HakimKabir.CawaliMalik,4,1108
Shamela0026366,0613AbuYumnKindi.CawaliMalik,1,190
Shamela0026373,0463KhatibBaghdadi.DhikrSalatTasbih,1,423
Shamela0026378,0564IbnFakhir.MujibatJanna,32,7361
Shamela0026383,0334IbnSacidQushayri.TarikhRaqqa,3,574
Shamela0026389,0771TajDinSubki.MucjamShuyukh,47,9522
Shamela0026390,0600CabdGhaniMaqdisi.AkhbarSalat,25,5567
Shamela0026395,0414IbnHasanGhadairi.Juz,2,260
Shamela0026426,0578IbnBashkuwal.AtharMarwiyya,2,439
Shamela0026428,0662RashidCattar.NuzhatNazir,1,100
Shamela0026429,0430AbuNucaymIsbahani.TibbNabawi,35,6252
Shamela0026430,0353IbnHarunDimashqi.SifatNabi,4,1748
Shamela0026432,0659SainDinNaccal.Mashyakha,2,295
Shamela0026440,0282IbnIshaqJahdami.JuzMinHadithMalik,5,1233
Shamela0026441,0385Daraqutni.ArbacunaMinMusnadBurayd,18,5194
Shamela0026443,0312BaghandiSaghir.Juz,2,592
Shamela0026449,0276IbnHazimGhifari.MusnadGhifari,11,2490
Shamela0026458,0444AbuCamrDani.TahdidFiItqan,1,104
Shamela0026461,0444AbuCamrDani.MuktafiFiWaqf,1,135
Shamela0026463,0544QadiCiyad.Ghunya,1,236
Shamela0026469,0571IbnCasakir.FadlYawmCarafa,1,400
Shamela0026473,0632AbuHafsSuhrawardi.Mashyakha,7,1827
Shamela0026481,0536IbnAhmadAbuQasimSamarqandi.MaQarubaSanaduhu,4,645
Shamela0026484,0645TilimsaniBurri.Jawhara,78,15072
Shamela0026487,0656IbnMuhammadSadrDinNaysaburi.ArbacunaCanArbacina,11,1545
Shamela0026490,0617RadiDinTusi.Arbacuna,9,2243
Shamela0026495,0747MuhyiDinYunini.Mashyakha,1,146
Shamela0026507,0409CabdGhaniAzdi.Ghawamis,6,1517
Shamela0026510,0224QasimIbnSallam.KhutabWaMawaciz,17,4270
Shamela0026514,0385IbnShahin.Afrad,4,888
Shamela0026525,0256ZubayrIbnBakkar.JamharatNasabQuraysh,1,127
Shamela0026527,0444IbnAbiHawl.FadailSham,4,979
Shamela0026533,0423AbuQasimHurfi.Fawaid,5,1218
Shamela0026535,1270IbnMuhammadDawcaniHadrami.SharhMuqaddimaHadramiyya,2,194
Shamela0026542,0535QadiMaristan.Mashyakha,30,6873
Shamela0026548,0161SufyanThawri.Hadith,17,2959
Shamela0026550,0273AbuBakrAthram.Sunan,5,746
Shamela0026552,0384IbnCimranMarzubani.MucjamShucara,1,236
Shamela0026554,0643DiyaDinMaqdisi.SifatNabi,10,2595
Shamela0026556,0356IbnQasimMisri.NuskhatNabit,1,240
Shamela0026557,0671IbnCabdMuncimHanbaliHarrani.Juz,1,119
Shamela0026558,0529CabdGhafirFarisi.Amali,4,1104
Shamela0026559,0341IbnHamidHawrani.Juz,2,270
Shamela0026560,0636IbnYusufBirzaliIshbili.SulukTariqSalaf,3,467
Shamela0026561,0648IbnKhalilHalabi.CawaliHishamIbnCurwa,1,205
Shamela0026563,0405AbuCabbasCasmi.Juz,2,436
Shamela0026564,0370IbnRashiqMisri.Juz,6,1427
Shamela0026566,0459IbnMuhammadDimashqi.Fawaid,27,6414
Shamela0026567,0325IbnMuhammadNaysaburi.AhadithMinMusnad,5,937
Shamela0026568,1122MuhammadZurqani.SharhCalaMawahib,144,33736
Shamela0026569,0238IbnHabibQurtubi.AshratSaca,2,324
Shamela0026572,0369AbuShaykhIsbahani.Cawali,1,126
Shamela0026576,0307AbuYaclaMawsili.HadithIbnBashshar,7,1301
Shamela0026577,0369AbuShaykhIsbahani.DhikrAqran,5,1214
Shamela0026579,0458AbuYaclaIbnFarra.Amali,8,1829
Shamela0026591,0507IbnQaysarani.MasalatTasmiyya,3,673
Shamela0026641,0684IbnBalabanDimashqiMuqaddasi.Juz,2,750
Shamela0026655,0447IbnAyyubRazi.CawaliMalik,2,560
Shamela0026660,0471IbnAhmadIbnBannaBaghdadi.FadlTahlil,3,592
Shamela0026662,0643IbnNajjar.DurraThamina,13,2384
Shamela0026664,0273AbuBakrAthram.NasikhHadith,9,1038
Shamela0026665,0565IbnMuhammadAbuBakrBaghdadi.Mashyakha,6,1112
Shamela0026668,0313IbnIshaqSarraj.Musnad,95,22211
Shamela0026677,0597IbnJawzi.HifzCumr,2,289
Shamela0026680,0311IbnKhuzaymaNaysaburi.Fawaid,1,276
Shamela0026707,0571IbnCasakir.DhammMalahi,2,840
Shamela0026710,0600CabdGhaniMaqdisi.MinManaqibNisaSahabiyyat,1,639
Shamela0026713,0444AbuCamrDani.RisalaWafiya,2,392
Shamela0026719,0571IbnCasakir.FadilatDhikrAllah,2,328
Shamela0026722,0701SharafDinYunini.Mashyakha,10,3444
Shamela0026726,0611SharafDinMuqaddasi.Arbacin,1,137
Shamela0026730,0378HakimKabir.Fawaid,4,1454
Shamela0026731,0816AbuBakrMaraghi.Mashyakha,27,5640
Shamela0026740,0281IbnDizilHamdani.Juz,3,934
Shamela0026741,0311IbnFilBalisi.Juz,13,3385
Shamela0026742,0571IbnCasakir.ArbacunaAbdalCawali,5,895
Shamela0026745,0146MujacaIbnZubayr.MinHadith,3,756
Shamela0026746,0562IbnHasanIsbahaniThaqafi.CarusAjza,9,2017
Shamela0026764,0686AbuYamanIbnCasakir.IthafZair,6,1100
Shamela0026768,0363IbnHusaynSijistani.ManaqibShafici,1,110
Shamela0026803,0338AbuJacfarNahhas.CumdatKuttab,4,849
Shamela0026808,0238IbnHabibQurtubi.AdabNisa,1,326
Shamela0026813,0640AbuHafsDunaysiri.TarikhDunaysir,4,1092
Shamela0026816,0265SacdanIbnNasr.JuzSacdan,9,1968
Shamela0026823,0287IbnAbiCasim.Salat,10,2377
Shamela0026842,0555IbnMuhammadHamadhaniTai.ArbacunaFiIrshad,12,2349
Shamela0026844,0409CabdGhaniAzdi.Rubaci,1,228
Shamela0026857,0635AbuMunajjaIbnLatti.Mashyakha,10,1936
Shamela0026862,0541IbnAhmadShaykhShuyukhSufi.Juz,1,140
Shamela0026864,0412Sulami.Futuwwa,1,112
Shamela0026865,0275Anonymous.JuzJamicIbnWahb,10,2205
Shamela0026871,0303Nasai.Ighrab,24,4229
Shamela0026872,0270IbnCabdAllahKhutali.MahabbaLiLlah,3,691
Shamela0026877,0396IbnHasanDimashqi.Juz,1,84
Shamela0026883,0311AbuBakrKhallal.WuqufWaTarajjul,1,205
Shamela0026884,0535QawwamSunna.TarghibWaTarhib,177,43223
Shamela0026886,0500IbnMuhammadKhatibBushanji.Juz,1,109
Shamela0026890,0748Dhahabi.IthbatShafaca,7,1268
Shamela0026891,0852IbnHajarCasqalani.CawaliMuslimArbacuna,5,1168
Shamela0026892,0597IbnJawzi.Muqliq,24,6817
Shamela0026893,0742Mizzi.TarjamatMaslama,1,225
Shamela0026894,0597IbnJawzi.TaczimFutya,1,206
Shamela0026918,0374IbnHusaynAzdi.DhikrIsmKullAshab,6,918
Shamela0026921,0362IbnMuhammadMuzakki.Muzakkiyyat,6,1813
Shamela0026926,0486IbnAhmadHakkari.HadiyyatAhya,1,271
Shamela0027083,1118IbnMuhammadNuriSafaqsi.GhaythNafc,3,441
Shamela0027085,0720IbnCumarKurdi.Juz,1,177
Shamela0027086,0437IbnJamic.Hadith,1,175
Shamela0027095,0643DiyaDinMaqdisi.FadailQuran,11,2304
Shamela0027096,0623IbnCabdWahidBukhariMaqdisi.FadlJihad,8,1510
Shamela0027097,0378IbnIsmacilWarraq.MajlisFiFadlYawmCarafa,2,301
Shamela0027101,0724IbnCattar.Juz,1,161
Shamela0027103,0774IbnRaficSallami.MashyakhatBayani,2,642
Shamela0027104,0778AbuHafsMaraghi.Mashyakha,1,200
Shamela0027247,1450CabdKarimKhudayr.SharhMuqaddimatSunanIbnMaja,36,7490
Shamela0028107,0179MalikIbnAnas.Muwatta,58,12788
Shamela0028172,0204IbnKalbi.NasabMacad,4,319
Shamela0028173,1307Qannawji.NashwatSakran,2,260
Shamela0028174,0685IbnSacidMaghribi.NashwatTarab,1,284
Shamela0028453,0256ZubayrIbnBakkar.AkhbarMuwaffaqiyyat,4,476
Shamela0028851,0346IbnSahlJundisaburi.Nuskha,2,522
Shamela0029120,0150AbuHanifa.Musnad,3,402
Shamela0029289,0185IbnCimranMawsili.Zuhd,4,700
Shamela0029344,0188IbnMuhammadFazari.Siyar,5,919
Shamela0029413,0643IbnSalahShahrazuri.WaslBalaghatMuwatta,1,128
Shamela0029428,0643DiyaDinMaqdisi.AhadithSahihaMimmaRawahuMuslim,4,802
Shamela0029449,0643DiyaDinMaqdisi.KhamsatAhadithMusalsalat,1,258
Shamela0029458,0643DiyaDinMaqdisi.DhikrMusahafa,3,768
Shamela0029563,0852IbnHajarCasqalani.AmaliAdhkarFiFadlSalatTasbih,1,461
Shamela0029617,0733IbnJamacaBadrDinHamawi.AhadithTusaciyya,6,1530
Shamela0029639,0611SharafDinMuqaddasi.ArbacunaFiFadlDuca,1,207
Shamela0029653,0643DiyaDinMaqdisi.HadithIbnAbiMakarim,1,152
Shamela0029677,0840IbnWazirYamani.CawasimWaQawasim,69,16783
Shamela0029701,0167SariIbnYahyaBasri.AhadithSari,6,1018
Shamela0029702,0302AbuMuhammadAshyabBaghdadi.Juz,4,770
Shamela0029703,0221IbnAbiIyasCasqalani.Juz,2,604
Shamela0029704,0222IbnNaficHimsi.Hadith,2,393
Shamela0029705,0231IbnMirdasSarraj.Hadith,1,188
Shamela0029708,0265CaliIbnHarbTai.HadithSufyanIbnCuyayna,2,448
Shamela0029712,0295IbnHasanHarrani.FawaidMuntaqa,2,519
Shamela0029713,0310IbnCaliMadaini.Fawaid,1,107
Shamela0029715,0317AbuQasimBaghawi.HikayatShucba,1,107
Shamela0029716,0324IbnMuhammadCanbari.Majalis,1,104
Shamela0029722,0357IbnMuhammadKinani.Hadith,3,512
Shamela0029725,0370IbnQasimKhayyat.Hadith,1,206
Shamela0029728,0375IbnQasimMiyaniji.Juz,2,255
Shamela0029734,0392IbnAbiShurayhHarawi.AhadithMia,2,295
Shamela0029741,1450AkramFaluji.MucjamShuyukhTabari,4,667
Shamela0029743,0905IbnCabdRahmanIjiShafici.Tafsir,4,771
Shamela0029746,0413IbnTalhaNaccali.Juz,1,218
Shamela0029747,0414AbuSacidNaqqash.Majalis,2,393
Shamela0029749,0419IbnMuhammadBushanji.Hadith,1,145
Shamela0029751,0426IbnAhmadIbnShadhan.Juz,9,1836
Shamela0029752,0428IbnCabdAllahShirazi.Juz,2,290
Shamela0029767,0431IbnFadlMisri.Fawaid,1,154
Shamela0029772,0537IbnMuhammadTabasi.ArbacunaMustakhraja,4,584
Shamela0029776,0492AbuHasanKhulci.HadithSufyanIbnCuyayna,1,503
Shamela0029780,0359AbuCaliSawwaf.Juz,2,441
Shamela0029781,0360AbuBakrAnbari.Hadith,2,297
Shamela0029783,0540IbnAhmadAbuSacdIsbahani.Amali,1,251
Shamela0029785,0548IbnYahyaAbuSacdNaysaburi.Arbacuna,16,4645
Shamela0029789,0571IbnCasakir.HadiWaKhamsunMinAmali,3,641
Shamela0029802,0733IbnJamacaBadrDinHamawi.Fawaid,1,207
Shamela0029814,0425IbnYasirJawbari.Ahadith,1,415
Shamela0029847Vols,0246AbuCaliIbnShadhdhan.Hadith,13,2783
Shamela0029852,0318IbnMuhammadHashimi.Amali,3,475
Shamela0029859,0331IbnMukhalladCattar.MuntaqaHadith,5,978
Shamela0029863,0344IbnSammak.Amali,7,1339
Shamela0029868,0360AbuBakrAnbari.MuntaqaMinHadith,6,1015
Shamela0029871,0396IbnCataRudhbari.Amali,1,187
Shamela0029878BK2,0805SirajDinBulqini.MahasinIstilah,14,2327
Shamela0029879,1422MuqbilWadici.TarajimRijal,1,73
Shamela0029882,0911Suyuti.NawahidAbkar,9,1496
Shamela0029892,0463KhatibBaghdadi.DhikrJahrBiBasmala,3,455
Shamela0029897,0359AbuBakrNasibi.Hadith,3,575
Shamela0029900,0535QawwamSunna.Cawali,9,1969
Shamela0029902,0536IbnAhmadAbuQasimSamarqandi.Amali,4,814
Shamela0029911,0581AbuMusaMadini.Lataif,52,12922
Shamela0029932,0565IbnMuhammadAbuBakrBaghdadi.Khumasiyyat,1,126
Shamela0029933,0347IbnHazlam.Mashyakha,2,514
Shamela0029937,0643DiyaDinMaqdisi.ManaqibJacfarIbnAbiTalib,3,615
Shamela0029940Vols,0344IbnSammak.Fawaid,4,723
Shamela0029942,0381IbnMuqriIsbahani.Fawaid,9,1453
Shamela0029953Vols,0451AbuCuthmanBuhayri.Fawaid,16,3287
Shamela0029967,1450MuhammadCijajKhatib.AbuHurayra,5,1322
Shamela0029972,0426IbnAhmadIbnShadhan.Hadith,1,228
Shamela0029976,0562IbnHasanIsbahaniThaqafi.Fawaid,9,2598
Shamela0029984,0471IbnCaliBalkhi.Wakhshiyyat,2,309
Shamela0030022,0396IbnHasanDimashqi.Ahadith,6,1154
Shamela0030024,0576AbuTahirSilafi.AhadithWaHikayat,1,100
Shamela0030025,0463KhatibBaghdadi.ArbacMajalis,6,1306
Shamela0030027,0511IbnMandaYahya.Amali,1,238
Shamela0030055,0623IbnCabdWahidBukhariMaqdisi.MajmucTakhrij,1,254
Shamela0030067,0782IbnSallar.TabaqatQurra,2,612
Shamela0030075,0386IbnCumarHarbi.Mashyakha,2,390
Shamela0030134,0643DiyaDinMaqdisi.MuwafaqatFiMashayikhImamAhmad,14,2635
Shamela0030240,0576AbuTahirSilafi.AhadithCanJacfarSarraj,7,1360
Shamela0030243,0611IbnMufaddalMuqaddasi.AhadithMuqtabasa,1,122
Shamela0030246,0702IbnDaqiqCidQushayri.ArbacunaHadithanTusaciyatIsnad,3,586
Shamela0030248,0842IbnNasirDinDimashqi.AhadithArbacuna,5,708
Shamela0030266,0600CabdGhaniMaqdisi.FadailCumarIbnKhattab,1,225
Shamela0030267Vols,0852IbnHajarCasqalani.MucjamShaykhaMaryam,12,1865
Shamela0030287,0852IbnHajarCasqalani.MarhamaGhaythiyya,3,570
Shamela0030291,0909IbnMabrid.Nujat,3,624
Shamela0030294,0643DiyaDinMaqdisi.BulghatTalibHathith,11,2470
Shamela0030305,0219IbnMuslimBasri.Ahadith,64,13623
Shamela0030306,0854IbnDiyaMakki.Juz,2,229
Shamela0030310,0128IbnAbiHabibMisri.AhadithYazid,7,1454
Shamela0030312,0909IbnMabrid.JamcJuyushWaDasakir,1,181
Shamela0030314,0600CabdGhaniMaqdisi.ZawajAbiCasBiZaynab,1,305
Shamela0030317,0620IbnQudamaMaqdisi.FadlYawmTarwiyya,2,385
Shamela0030327,0733IbnJamacaBadrDinHamawi.Mashyakha,34,9210
Shamela0030340,0492AbuHasanKhulci.MuntaqaMinKhulciyyat,7,1944
Shamela0030341,0748Dhahabi.MawducatMustadrak,5,958
Shamela0030346,0600CabdGhaniMaqdisi.AhadithJamacili,9,2321
Shamela0030358,0909IbnMabrid.IkhtilafBaynaRuwatBukhari,2,254
Shamela0030361,0385Daraqutni.FawaidMuntaqatIbnMacruf,1,142
Shamela0030384,0322AbuBakrZubayri.Fawaid,8,1479
Shamela0030427,0285IbnIbrahimSancani.Hadith,3,529
Shamela0030432,0267IbnCabdAllahTarqufi.Hadith,11,2874
Shamela0030435,0413IbnTalhaNaccali.Fawaid,9,2473
Shamela0030518,0630IbnMuhammadBadrDinRazi.MabahithTafsir,2,394
Shamela0030526,0321Tahawi.HadithAbiJacfar,2,240
Shamela0030528,0275IbnMulacibMukharrimi.Hadith,1,176
Shamela0030543,0352IbnDuhaymShaybani.Fawaid,13,3600
Shamela0030552,0430AbuNucaymIsbahani.MuntakhabMinHadithYunusIbnCubayd,1,174
Shamela0030558,0705SharafDinDimyati.AhadithCawali,6,1403
Shamela0030586,0420IbnMuhammadDimashqi.ArbacunaBuldaniyya,8,1736
Shamela0030587,0420IbnMuhammadDimashqi.ArbacunaFiFadailDhikrRabb,1,209
Shamela0030592Vols,0492AbuHasanKhulci.Khulciyyat,58,15091
Shamela0030594Vols,0705SharafDinDimyati.MucjamShuyukh,39,8249
Shamela0030617Vols,0600CabdGhaniMaqdisi.MisbahFiCuyunSihah,36,9445
Shamela0030623Vols,0576AbuTahirSilafi.MashyakhaBaghdadiyya,53,10119
Shamela0030665,0634AbuRabicHimyari.Musalsalat,3,490
Shamela0030700,0705SharafDinDimyati.Muwafaqiyyat,6,1315
Shamela0030725,0491IbnMuhammadZaynabi.Amali,10,2212
Shamela0030731,0599IbnHasanCabdi.Juz,6,975
Shamela0030741,0281AbuZurcaDimashqi.Tarikh,12,2134
Shamela0030750,0613AbuYumnKindi.KhabarShicr,1,176
Shamela0030760,0399IbnAbiZamanaynIlbiri.QudwatGhazi,3,425
Shamela0030769,0395IbnMandaMuhammad.Amali,19,3151
Shamela0030774,0879IbnQutlubugha.MusnadCuqba,91,38153
Shamela0030790,0581AbuMusaMadini.MuntahaRaghabat,8,1812
Shamela0030868,1293CabdLatifAlShaykh.MisbahZalam,3,342
Shamela0030945,1308IbnKhalilHindiCuthmani.MukhtasarIzharHaqq,1,118
Shamela0031215,0544QadiCiyad.TartibMadarik,1,199
Shamela0031366,0795IbnRajabHanbali.DhaylTabaqatHanabila,2,403
Shamela0031372,0911Samhudi.KhulasatWafa,32,6233
Shamela0031382,0821Qalqashandi.NihayatArab,11,961
Shamela0035100,0748Dhahabi.TarikhIslam,404,105198
Shamela0035261,0926ZakariyyaAnsari.FathBaqi,4,611
Shamela0035888,1253IbnMuhammadAnsariShirwani.NafhatYaman,1,118
Shamela0036040,0911Suyuti.DhammQada,3,504
Shamela0036075,0838ShihabDinDalji.Falaka,2,447
Shamela0036080,1239IbnAhmadFarharawiMultani.NahiyaCanTacnMucawiya,15,2720
Shamela0036091,1342MahmudShukriAlusi.MukhtasarTuhfaIthnaCashariyya,1,142
Shamela0036357,0852IbnHajarCasqalani.LisanMizan,48,7685
Shamela0036427,0840IbnWazirYamani.RawdBasim,4,586
Shamela0036446,1094IbnSulaymanRudani.JamcFawaid,758,177381
Shamela0036515,0762MughultayIbnQilij.IkmalTahdhib,65,9925
Shamela0036543,1255Shawkani.FathRabbaniMinFatawa,74,13357
Shamela0036569,1292IbnIbrahimMaghribi.QurratCaynBiFatawa,2,365
Shamela0036578,1450Multiple.MawsucaMujazaFiTarikhIslami,1,251
Shamela0036951,0911Suyuti.HusnSamt,2,410
Shamela0037063,1372KurdCali.KhitatSham,1,120
Shamela0037325,1450Maghrawi.MawsucatMawaqifSalaf,60,13434
Shamela0037361,0197IbnWahbQurashi.TafsirQuran,6,987
Shamela0037458,1307Qannawji.FathBayan,91,16152
Shamela0037475,0637IbnAthirDiyaDin.JamicKabir,1,519
Shamela0037551,1450TullabKSU.IkmalTahdhibTarajimSaqita,4,837
Shamela0037610,0533IbnTahirAbuQasimShahhami.JuzTuhfatCidFitr,2,271
Shamela0037649,0444AbuCamrDani.JamicBayanFiQiraatSabc,2,311
Shamela0037652,1014MullaCaliQari.AhadithQudsiyya,4,860
Shamela0037713,0716NajmDinTufi.Intisarat,4,703
Shamela0037837,0435MuhallabAndalusi.MukhtasarNasih,248,66733
Shamela0037886,0974IbnHajarHaytami.KaffRicac,7,1085
Shamela0038011,1450SalahMuhammadKhiyami.FihrisZahiriyyaCulumQuran,5,668
Shamela0038067,1422MuhammadSalimMuhaysin.MucjamHuffazQuran,8,1332
Shamela0038160,0550IbnNasirAbuFadlSallami.TanbihCalaAlfaz,5,1554
Shamela0038194,0346AsammNaysaburi.Majmuc,31,6370
Shamela0038202,0600CabdGhaniMaqdisi.NihayatMurad,49,11302
Shamela0038740,0857MuhibbDinNuwayri.SharhTayyibatNashr,4,947
Shamela0095562,0893IbnIsmacilShihabDinKurani.GhayatAmani,1,192
Shamela0095700,0388AbuSulaymanKhattabi.ShanDuca,2,208
Shamela0095735,0795IbnRajabHanbali.MajmucRasail,113,22249
Shamela0095829,0911Suyuti.ManahilSafa,2,369
Shamela0095860,0808MuhammadDamiri.SharhLamiyyatCajam,1,345
Shamela0096165,0879IbnQutlubugha.Thiqat,7,1189
Shamela0096178,1450MuhammadCijajKhatib.SunnaQablaTadwin,18,3828
Shamela0096180,0543IbnCarabiIshbili.CawasimMinQawasim,5,1051
Shamela0096228,0774IbnKathir.Takmil,96,15552
Shamela0096233,0580IbnCaliIbnAbiYacla.TajridAsmaWaKuna,7,1068
Shamela0096239,1041BurhanDinMaliki.BahjaMahafil,31,5914
Shamela0096257,0386IbnAbiZaydQayrawani.NawadirWaZiyadat,1,134
Shamela0096271,1033MarciKarmi.IthafDhawiAlbab,2,392
Shamela0096283,0893IbnAhmadZaynDinSharji.TajridSarih,150,45351
Shamela0096337,1342MahmudShukriAlusi.Suyuf,1,158
Shamela0096551,0804IbnMulaqqin.MustadrakDhahabi,13,1658
Shamela0096844,0728IbnTaymiyya.MasalaMardiniyya,1,88
Shamela0096876,1135IbnCumarTaghlibiShaybani.NaylMaarib,1,132
Shamela0096966,0584IbnMusaHazimi.CujalatMubtadi,2,233
Shamela0097927,0543IbnCarabiIshbili.QanunTawil,1,230
Shamela0097928,0900IbnMuhammadBurhanDinQabibati.CajalatImla,15,2669
Shamela0098087,0689AhmadIbnCabdRahmanIbnQudama.MukhtasarMinhajQasidin,12,2645
Shamela0119492,0319IbnMundhirNaysaburi.IshrafCalaMadhahib,6,820
Shamela0121376,0536IbnCaliMazariTamimi.SharhTalqin,5,978
Shia000018,0436SharifMurtada.Nasiriyyat,2,276
Shia000026Vols,0460ShaykhTusi.Khilaf,3,652
Shia000033Vols,0460ShaykhTusi.Mabsut,4,659
Shia000042,0460ShaykhTusi.MisbahMutahajjad,1,119
Shia000047,0573IbnHibatAllahQutbDinRawandi.Dacawat,1,146
Shia000048,0585IbnCaliIbnZuhraHalabi.GhunyatNuzuc,1,151
Shia000049Vols,0598IbnIdrisHilli.Sarair,1,326
Shia000055Vols,0676IbnHasanMuhaqqiqHilli.MuctabarFiSharhMukhtasar,10,2153
Shia000070Vols,0726CallamaHilli.TahrirAhkam,1,243
Shia000075Vols,0726CallamaHilli.TadhkiratFuqaha,18,3392
Shia000094Vols,0726CallamaHilli.MukhtalafShica,1,346
Shia000107Vols,0726CallamaHilli.MuntahaMatlab,17,3651
Shia000117Vols,0786ShahidAwwal.Durus,1,104
Shia000121Vols,0786ShahidAwwal.Dhikra,3,630
Shia000126Vols,0841JamalDinIbnFahdHilli.MuhadhdhabBaric,4,669
Shia000134VolsBK2,0940IbnHusaynMuhaqqiqThaniKaraki.JamicMaqasid,3,671
Shia000151,0965ShahidThani.Rasail,1,484
Shia000163VolsBK2,0965ShahidThani.MasalikAfham,5,944
Shia000181,0993MuhaqqiqArdabili.ZubdatBayan,2,293
Shia000182VolsBK2,0993MuhaqqiqArdabili.MajmacFaida,3,463
Shia000204Vols,1009MuhammadCamili.NihayatMaram,4,1164
Shia000215Vols,1090MuhammadBaqirSabzawari.KifayatAhkam,2,227
Shia000220Vols,1137FadilHindi.KashfLitham,5,948
Shia000233,1180CabdAllahJazairi.TuhfaSaniyya,4,642
Shia000234Vols,1186YusufBahraniMuhaqqiq.HadaiqNadira,7,1883
Shia000275Vols,1228JacfarKashifGhita.KhashfGhita,4,642
Shia000317Vols,1266MuhammadHasanNajafiJawahiri.JawahirKalam,7,1608
Shia000402,1334NajmDinTabasi.IrsalTakfir,2,350
Shia000403,1334NajmDinTabasi.DirasatFiqhiyya,5,873
Shia000411Vols,1337MuhammadKazimTabatabaiYazdi.HashiyatMakasib,1,316
Shia000806Vols,1450WahidKhurasani.MinhajSalihin,5,1154
Shia000812Vols,0298HadiIlaHaqqYahya.Ahkam,3,704
Shia000814VolsBK4,1255Shawkani.HawashiCalaSharhAzhar,4,752
Shia000922,1335IbnCabdSamicAbiAzhari.ThamrDani,2,334
Shia000963Vols,0750IbnTurkamani.JawharNaqi,19,3008
Shia001115Vols,0274AhmadBarqi.Mahasin,1,120
Shia001122Vols,0329IbnYacqubKulayni.Kafi,1,156
Shia001131Vols,0363QadiNucman.DacaimIslam,1,218
Shia001134,0381IbnBabawayhSaduq.Amali,7,1871
Shia001137,0381IbnBabawayhSaduq.Khisal,10,1942
Shia001138BK1,0381IbnBabawayhSaduq.ThawabAcmal,3,598
Shia001138BK2,0381IbnBabawayhSaduq.CiqabAcmal,1,301
Shia001140Vols,0381IbnBabawayhSaduq.CilalSharaic,1,177
Shia001142Vols,0381IbnBabawayhSaduq.CuyunAkhbarRida,1,119
Shia001144,0381IbnBabawayhSaduq.FadailAshhurThalatha,1,594
Shia001148,0381IbnBabawayhSaduq.MacaniAkhbar,5,824
Shia001153,0400IbnCaliHarrani.TuhafCuqul,1,176
Shia001155,0406SharifRadi.MajazatNabawiyya,3,433
Shia001171,0508FattalNaysaburi.RawdatWacizin,4,1199
Shia001174Vols,1081MuhammadSalihMazandarani.SharhUsulKafi,26,6349
Shia001217Vols,1104IbnHasanHurrCamili.WasailShica,15,2412
Shia001237Vols,1320NuriTabarsi.MustadrakWasail,39,7067
Shia001255Vols,1320NuriTabarsi.KhatimatMustadrak,3,498
Shia001265,0085SulaymIbnQaysHilali.KitabSulaym,1,154
Shia001270Vols,0283AbuIshaqThaqafi.Gharat,4,471
Shia001278Vols,0363QadiNucman.SharhAkhbar,8,1423
Shia001300,0413ShaykhMufid.Ikhtisas,1,160
Shia001333,0449AbuFathKarajiki.MacdinJawahir,2,278
Shia001334,0460ShaykhTusi.Amali,23,4198
Shia001340,0548IbnHasanTabarsi.MakarimAkhlaq,3,547
Shia001341,0560IbnHamzaTusi.ThaqibFiManaqib,5,1478
Shia001344Vols,0573IbnHibatAllahQutbDinRawandi.Kharaij,2,274
Shia001348,0575IbnBabawayhMuntajabDin.Arbacuna,1,128
Shia001349Vols,0588IbnShahrAshub.ManaqibAlAbiTalib,16,2932
Shia001352,0598IbnIdrisHilli.MustatrafatSarair,1,116
Shia001353,0600IbnHasanIbnBitriq.Cumda,60,16841
Shia001360,0660ShadhanIbnJibrailQummi.Rawda,1,136
Shia001362Vols,0664IbnTawus.IqbalAcmal,5,881
Shia001367,0664IbnTawus.DurucWaqiya,4,544
Shia001368,0664IbnTawus.TaraifFiMacrifatMadhahib,23,5032
Shia001370,0664IbnTawus.MalahimWaFitan,9,2169
Shia001371,0664IbnTawus.Yaqin,1,207
Shia001372,0664IbnTawus.JamalUsbuc,1,88
Shia001373,0664IbnTawus.SacdSucud,2,298
Shia001378,0677JamalDinAhmadAlTawus.CaynCibra,4,884
Shia001383,0700AbuFadlCaliTabarsi.MishkatAnwar,2,260
Shia001384,0726CallamaHilli.MustajadMinIrshad,1,148
Shia001388,0828IbnCinaba.CumdatTalib,1,150
Shia001391,0841JamalDinIbnFahdHilli.CuddatDaci,1,119
Shia001392Vols,0877CaliNabatiCamili.SiratMustaqim,1,97
Shia001401,0965ShahidThani.MusakkinFuad,9,1922
Shia001402,0965ShahidThani.MunyatMurid,3,562
Shia001403,0984HusaynBinCabdSamadCamili.WusulAkhyar,4,819
Shia001404,1019NurAllahTustari.SawarimMuhraqa,5,1505
Shia001416,1098MuhammadTahirShiraziQummi.Arbacina,23,5340
Shia001418Vols,1104IbnHasanHurrCamili.FusulMuhimma,1,168
Shia001421Vols,1107HashimBahrani.HilyatAbrar,17,5470
Shia001423Vols,1107HashimBahrani.MadinatMacajiz,4,850
Shia001432Vols,1111Majlisi.BiharAnwar,347,77864
Shia001542Vols,1112NicmatAllahJazairi.NurBarahin,1,170
Shia001544Vols,1119IbnMacsum.RiyadSalikin,6,1217
Shia001551,1121Mahuzi.Arbacuna,12,3210
Shia001553,1200HaydarCaliIbnMuhammadShirwani.ManaqibAhlBayt,23,5746
Shia001555Vols,1306HamidHusaynLakhnawi.KhulasatCabaqatAnwar,124,30251
Shia001561,1339ShaykhSharicaIsbahani.QawlSurah,7,1770
Shia001615Vols,1405CaliShahrudi.MustadrakSafinatBihar,15,2336
Shia001625,1402SayyidTabatabai.SunanNabi,3,608
Shia001626Vols,1450MurtadaCaskari.AhadithCaisha,17,3251
Shia001657Vols,1450MurtadaCaskari.CabdAllahIbnSaba,3,429
Shia001663Vols,1450MurtadaCaskari.MacalimMadrasatayn,29,5470
Shia001749,0323IbnCabdCazizBasri.Saqifa,3,1398
Shia001900,0220AbuJacfarIskafi.MicyarWaMuwazana,1,130
Shia001944,0281IbnAbiDunya.CaqlWaFadluh,3,763
Shia002069Vols,0360Tabarani.MusnadShamiyyin,486,118880
Shia002093,0405HakimNaysaburi.MacrifatCulumHadith,13,2831
Shia002096,0430AbuNucaymIsbahani.Amali,1,330
Shia002165,0500IbnMuhammadHulwani.NuzhatNazir,1,140
Shia002185Vols,0656IbnAbiHadid.SharhNahjBalagha,40,12434
Shia002261Vols,0911Suyuti.JamicSaghir,116,17354
Shia002264,0973CabdWahhabShacrani.CuhudMuhammadiyya,94,13603
Shia002333,0148AbuHamzaThumali.Tafsir,2,476
Shia002334,0260ImamCaskari.Tafsir,2,465
Shia002356Vols,0548IbnHasanTabarsi.TafsirJawamicJamic,1,221
Shia002369Vols,0573IbnHibatAllahQutbDinRawandi.FiqhQuran,2,235
Shia002371,0600IbnHasanIbnBitriq.KhasaisWahy,3,871
Shia002378,1016MuhibbDinHamawi.TanzilAyat,2,611
Shia002382Vols,1091MuhammadMuhsinFaydKashani.TafsirSafi,8,2379
Shia002389Vols,1112IbnJumcaHuwayzi.TafsirNurThaqalayn,23,4422
Shia002550Vols,0480IbnAhmadHakimHaskani.ShawahidTanzil,12,2896
Shia002755,1011IbnShahidThani.MacalimDin,1,269
Shia002931,0450Najashi.Rijal,2,292
Shia002932VolsBK2,1041MirDamad.TacliqaCalaIkhtiyarMacrifatRijal,7,1572
Shia002942,0741KhatibTabrizi.Ikmal,47,10142
Shia002958,1119IbnMacsum.DarajatRafica,35,10944
Shia002959,1175MuhammadKarabisi.IklilManhaj,9,1830
Shia002964Vols,1225BahrCulum.FawaidRijaliyya,2,279
Shia002984Vols,1405CaliShahrudi.Mustadrakat,8,1129
Shia002992Vols,1413TajDinKhui.MucjamRijal,2,341
Shia003026VolsBK2,1424MuhammadCaliAbtahi.TahdhibMaqal,5,1396
Shia003056,0240IbnKhayyatCusfuri.Tabaqat,20,2127
Shia003060Vols,0256Bukhari.TarikhSaghir,17,2908
Shia003101Vols,0354IbnHibbanBusti.Majruhin,40,9633
Shia003276Vols,0748Dhahabi.Kashif,1,79
Shia003355,0385IbnNadim.Fihrist,1,135
Shia003444,0700IbnAbiBakrAnsariBurri.JawharaFiNasab,10,2439
Shia003459BK1,0255Jahiz.Cuthmaniyya,2,288
Shia003459BK2,0220AbuJacfarIskafi.NaqdCuthmaniyya,1,251
Shia003461Vols,0262CumarIbnShabba.TarikhMadina,83,23456
Shia003488Vols,0430AbuNucaymIsbahani.TarikhIsbahan,39,6405
Shia003634Vols,1368HasanAmin.MustadrakatAcyanShica,1,140
Shia003636Vols,1371MuhsinAminCamili.AcyanShica,172,36790
Shia003691,0494HakimJushami.TanbihGhafilin,1,92
Shia003692,0525IbnCaliTabari.BisharatMustafa,9,1620
Shia003695Vols,0548IbnHasanTabarsi.IclamWara,11,2949
Shia003697,0568MuwaffaqKhwarazmi.Manaqib,11,2518
Shia003698,0571IbnCasakir.TarjamatHasan,31,6126
Shia003699,0571IbnCasakir.TarjamatHusayn,5,1649
Shia003702,0652IbnTalhaKamalDinNasibi.MatalibSaul,11,2648
Shia003704,0664IbnHatimCamiliShami.DurrNazim,13,3276
Shia003707Vols,0693IbnAbiFathIrbili.KashfGhumma,42,9572
Shia003710,0700IbnYusufIbnJabar.NahjIman,17,3770
Shia003712,0726CallamaHilli.KashfYaqin,6,1535
Shia003716,0750IbnYusufZarandi.MacarijWusul,1,340
Shia003721Vols,0774IbnKathir.QisasAnbiya,42,11570
Shia003725,0845Maqrizi.NizacWaTakhasum,7,1638
Shia003726,0845Maqrizi.FadlAlBayt,1,216
Shia003727Vols,0855IbnSabbaghMakki.FusulMuhimma,10,2170
Shia003729Vols,0871IbnAhmadShamsDinBacuni.JawahirMatalib,16,3704
Shia003744Vols,0965SharafDinAstarabadiHusayni.TawilAyat,3,597
Shia003752Vols,1313MuhammadBaqirKajuri.KhasaisFatimiyya,4,1077
Shia003754Vols,1294IbnIbrahimQunduzi.YanabicMawadda,61,12693
Shia003757,1310MuhammadCaliAnsariTabrizi.LumcaBayda,5,2102
Shia003764Vols,1359CabbasQummi.Kuna,3,789
Shia003961Vols,1085FakhrDinTurayhi.MajmacBahrayn,1,161
Shia003986,1411HasanCaliQabanji.SharhRisalatHuquq,3,526
Shia003988,0230IbnSacd.TarjamatHasan,4,714
Shia003989,0230IbnSacd.TarjamatHusayn,2,812
Shia003990,0298HadiIlaHaqqYahya.TuhfaCasjadiya,2,336
Shia003991,0333IbnCuqdahKufi.Wilaya,4,865
Shia004000,0447AbuSalahHalabi.TaqribMacarif,2,598
Shia004007,0664IbnTawus.BinaMaqalaFatimiyya,1,229
Shia004012,0700MuhammadIbnMuhammadSabzawari.MacarijYaqin,1,148
Shia004014Vols,1450Milani.SharhMinhajKaramaLiHilli,4,826
Shia004020,0726CallamaHilli.NahjHaqq,7,1662
Shia004021,0800IbnAbiHasanDaylami.AclamDin,4,667
Shia004030Vols,1107HashimBahrani.GhayatMaram,75,19867
Shia004037,1107HashimBahrani.KashfMihimm,11,3335
Shia004038,1124IbnCabdFattahTunukabuni.SafinatNajat,10,2387
Shia004039,1173IbnHusaynKhwajuiMazandarani.JamicShatat,1,139
Shia004042Vols,1209MuhammadMahdiNaraqi.JamicSacadat,6,1128
Shia004046,1228JacfarKashifGhita.ManhajRashad,1,189
Shia004047,1228IbnSulaymanHalabiRihawi.NukhbatLaali,1,100
Shia004050,1320NuriTabarsi.NafsRahman,21,6134
Shia004056,1334NajmDinTabasi.SalatTarawih,1,280
Shia004092Vols,1411SayyidMarcashi.SharhIhqaq,800,186777
Shia004266Vols,1450Milani.TashyidMurajacat,11,2167
Shia004456Vols,1450Milani.NafahatAzhar,287,72245
Shia004509,0756TaqiDinSubki.ShifaSiqam,10,2420
Shia004510,0852IbnHajarCasqalani.RisalatTadhakkurAthar,8,1603
Shia004518,1210SulaymanAkhIbnCabdWahhab.SawaciqIlahiyya,9,1570
Shia004519,1210SulaymanAkhIbnCabdWahhab.FaslKhitab,10,1850
Shia004520,1304Dahlan.DurarSaniyya,3,503
Shia004523,1328MuhammadJawadBalaghi.RaddCalaWahhabiyya,1,176
Shia004525,1340CaliBahrani.ManarHuda,11,2136
Shia004526,1346HakimMicrajDin.UsulArbaca,6,2840
Shia004673Vols,1008DawudAntaki.TadhkiratUliAlbab,1,204
Tafsir01005,0671AbuCabdAllahQurtubi.JamicLiAhkamQuran,279,57214
Tafsir01006,0685NasirDinBaydawi.AnwarTanzil,1,492
Tafsir02011,0373AbuLaythSamarqandi.BahrCulum,29,7735
Tafsir02091,0360Tabarani.TafsirKabir,22,5407
Tafsir02094,0333AbuMansurMaturidi.Tafsir,9,1568
Tafsir02096,1241IbnMuhammadKhalwatiSawi.HashiyaCalaTafsirJalalayn,39,10396
Tafsir02099,0161SufyanThawri.Tafsir,1,56
Tafsir02100,0303Nasai.Tafsir,75,19993
Tafsir02102,1332IbnMuhammadJamalDinQasimi.MahasinTawil,223,56463
Tafsir02104,0399IbnAbiZamanaynIlbiri.Tafsir,3,723
Tafsir03029,0283SahlTustari.Tafsir,1,140
Tafsir03097,0618NajmDinAhmadIbnCumar.Tawilat,3,603
Tafsir04003,0548IbnHasanTabarsi.TafsirMajmacBayan,51,12749
Tafsir04038,0329IbnIbrahimQummi.Tafsir,1,68
Tafsir04039,0460ShaykhTusi.Tibyan,3,538
Tafsir04040,1050SadrDinShirazi.Tafsir,6,1043
Tafsir04042,1350SultanCaliShahGanabadhi.TafsirBayanSacada,4,885
Tafsir04056,1402SayyidTabatabai.TafsirMizan,108,28764
Tafsir05045,0352IbnIbrahimKufi.Tafsir,1,214
Tafsir05047,0850Acqam.Tafsir,2,301
Tafsir06048,0280HudHawwari.Tafsir,14,2379
Tafsir06051,1450AhmadBinHamadKhalili.JawahirTafasir,14,3185
Tafsir07053,1386SayyidQutb.FiZilalQuran,4,633
Tafsir07055,1393MuhammadAminShanqiti.AdwaBayan,136,29728
Tafsir07057,1431MuhammadSayyidTantawi.TafsirWasit,106,22056
Tafsir07076,1418MuhammadMutawalliShacrawi.Khawatir,54,12221
Tafsir08060,0468IbnAhmadWahidiNaysaburi.WajizFiTafsir,1,135
Tafsir08090,0745AbuHayyanGharnati.TafsirNahrMadd,2,383
Tafsir09050,1332QutbAtfayyish.TaysirTafsir,43,8078
Tafsir09068,1404IbrahimQattan.TaysirTafsir,23,4500
Tafsir09071,1432AscadHawmad.AysarTafasir,2,471
Tafsir09083,1442MuhammadCaliSabuni.SafwatTafasir,10,1972
Tafsir09084,1442MuhammadCaliSabuni.MukhtasarTafsirIbnKathir,442,115188
Tafsir09085,1442MuhammadCaliSabuni.TafsirAyatAhkam,19,4436
Tafsir10066,1450AbuBakrJazairi.AysarTafasir,3,1184
Tafsir10098,1376CabdRahmanSacdi.TaysirKarimRahman,11,4690
Zaydiyya0000002,1428MajdDinMuayyadi.JamicaMuhimma,1,122
Zaydiyya0000004,1450MuhammadIbnYahyaHuthi.MukhtarMinSahihAhadith,5,888
Zaydiyya0000013,0430MuwaffaqHusaynJurjani.Ictibar,16,3292
Zaydiyya0000015,1407CaliIbnMuhammadCujri.MiftahSacada,79,17297
Zaydiyya0000017,1350IbnCaqilCalawi.NasaihKafiya,9,2422
Zaydiyya0000022,1373AhmadShamat.ThimarMujtanat,5,1144
Zaydiyya0000024,0290IbnMansurMuradi.Dhikr,13,3229
Zaydiyya0000025,1450Anonymous.SiratRasulAllah,11,3692
Zaydiyya0000027,0310CabdAllahIbnHusaynRassi.NasikhWaMansukh,1,243
Zaydiyya0000028,1319MahdiMuhammadHuthi.MawcizaHasana,2,404
Zaydiyya0000030,1435HusaynIbnYahyaHuthi.JawabRaqi,1,163
Zaydiyya0000031,1343HasanIbnYahyaQasimi.NurSatic,1,97
Zaydiyya0000035,1111IbnNasirMuhalla.MatmahAmal,9,1531
Zaydiyya0000037Vols,1055AhmadSharafi.AliMudia,13,3573
Zaydiyya0000039,1351MuhammadMudacis.KashifAmin,10,1775
Zaydiyya0000041,0304HasanUtrush.Bisat,4,1268
Zaydiyya0000044,0566MutawakkilAhmad.HaqaiqMacrifa,4,485
Zaydiyya0000045,0900ImamHadiCizzDinIbnHasan.CinayaTamma,1,217
Zaydiyya0000046,1375AhmadIbnHasanQasimi.CilmWasim,3,511
Zaydiyya0000049,0247AhmadIbnCisa.Amali,14,3122
Zaydiyya0000052,0122ZaydIbnCali.Musnad,2,346
Zaydiyya0000053,1432HadiCaliIbnMuayyad.DurrManzum,12,2132
Zaydiyya0000054,1439HamudCabbasMuayyad.NurAsna,34,6394
Zaydiyya0000055,0445AbuCabdAllahCalawi.JamicKafi,4,761
Zaydiyya0000059,1221HusaynSiyaghi.ManhajMunir,49,8557
Zaydiyya0000061,1390AhmadIbnQasimCanasi.TajMudhhab,1,141
Zaydiyya0000062,0810IbnHadi.JawharShaffaf,19,3309
Zaydiyya0000063,0840MahdiAhmadIbnYahyaHasani.BahrZakhkhar,2,396
Zaydiyya0000065,0122ZaydIbnCali.MansikHajj,2,222
Zaydiyya0000067,1450QasimIbnAhmadHusayni.MansubatWaMandubat,56,11664
Zaydiyya0000070,1450AhmadWashali.TaharaWaSalat,6,974
Zaydiyya0000072,1428MajdDinMuayyadi.HajjWaCumra,5,1021
Zaydiyya0000077Vols,0614MansurCabdAllah.Majmuc,13,3287
Zaydiyya0000080,1431BadrDinHuthi.TahrirAfkar,28,7389
Zaydiyya0000087BK1,0353AbuCabbasHasani.Masabih,11,3264
Zaydiyya0000090BK1,0916IbnFanad.MaathirAbrar,1,330
Zaydiyya0000091,0822HadiIbnWazir.HidayatRaghibin,3,1105
Zaydiyya0000093,1077Jurmuzi.NubdhaMushira,1,172
Zaydiyya0000098,1428MajdDinMuayyadi.LawamicAnwar,14,2308
Zaydiyya0000099,1375CabdAllahIbnImamHadiQasimi.JadawilSughra,2,296
Zaydiyya0000103,1450HasanFarhanMaliki.FiSuhbaWaSahaba,6,2111
Zaydiyya0000106,1450MuhammadYahyaCizzan.QurashiyyatKhilafa,4,723
Zaydiyya0000107,1450HasanFarhanMaliki.SuhbaWaSahaba,14,3171
Zaydiyya0000109,1450HasanFarhanMaliki.QiraaFiKutubCaqaid,1,241
Zaydiyya0000110,1450HasanFarhanMaliki.NahwInqadhTarikhIslami,1,96
Zaydiyya0000130,1083NasirIbrahimMuayyadi.IsbahCalaMisbah,1,607
Zaydiyya0000131,0479MurshidYahyaJurjani.AmaliIthnayniyya,33,9091
Zaydiyya0000132,1428MajdDinMuayyadi.MajmacFawaid,1,235
Zaydiyya0000133,1269MansurAhmad.SafinaMunajjiya,25,5902
Zaydiyya0000140,0445AbuCabdAllahCalawi.Tacazi,2,643
Zaydiyya0000142,1390CabdHusaynAmini.Ghadir,171,35355
Zaydiyya0000149,1450MuhammadIbnHasanCujri.IclamAclam,26,4629
Zaydiyya0000153,1390MahmudAbuRayya.AdwaCalaSunna,9,1474
Zaydiyya0000161,1377SharafDinCamili.NassWaIjtihad,28,7306
Zaydiyya0000162,0749MuayyadYahya.Intisar,3,511
Zaydiyya0000171,1425MuhammadIbnCalawiMaliki.TahqiqAmal,5,1263
Zaydiyya0000176,1097CaliIbnSalahIbnCaliTabari.Kafil,4,657
Zaydiyya0000185,1450MuhammadTijaniSamawi.ThummaIhtadayt,5,1198
Zaydiyya0000191,1450CaliKuraniCamili.CasrZuhur,1,234
Zaydiyya0000199,1377SharafDinCamili.Murajacat,19,3552
Zaydiyya0000203,1450Anonymous.AhadithMukhtaraFiFaraidWaSiyar,1,123
Zaydiyya0000207,0647IbnAbiNajmSacdi.BayanWaTabyin,1,185
Zaydiyya0000213,1450Anonymous.SunnatiAmWaCitrati,10,3245
Zaydiyya0000217,1450Anonymous.Huquq,2,421
Zaydiyya0000220,1450CaliKuraniCamili.AlfSual,31,6550
Zaydiyya0000227,1450MuhammadYahyaCazzan.MuntazicMinMuhitBiImama,1,188
Zaydiyya0000229,0424AbuTalibYahyaHaruni.Amali,30,7875
Zaydiyya0000245,0726CallamaHilli.NihayatAhkam,3,359
Zaydiyya0000256,1409RuhAllahKhumayni.ArbacunHadithan,2,392
Zaydiyya0000258,1325IbnMutahharHalabi.NahjHaqq,6,1400
Zaydiyya0000259,0667CabdAllahIbnZaydCanasi.Irshad,8,1280
Zaydiyya0000260,0749MuayyadYahya.JawahirDurriyya,4,650
Zaydiyya0000265,0900ImamHadiCizzDinIbnHasan.MicrajIlaKashfAsrar,4,607
Zaydiyya0000267,0411MuayyadAhmad.Tajrid,36,6401
Zaydiyya0000270,1450CabdAllahIbnHamudCizzi.RuyatAllah,1,223
Zaydiyya0000274,0836FaqihYusuf.ThamaratYanica,8,1246
Zaydiyya0000286,1431BadrDinHuthi.ZuhriAhadithhuWaSirathu,14,3152
Zaydiyya0000288,1450Anonymous.AnwarYaqin,19,4863
Zaydiyya0000295Vols,1062CabdAllahSharafi.MasabihSatica,10,1726
Zaydiyya0000299,0700YahyaIbnQasimIbnYahya.SiratAbiTayr,2,311
Zaydiyya0000328,1068IbnCaliFuwati.BadrMunir,11,2049
Zaydiyya0000329,1087MutawakkilIsmacil.BayanSarih,1,332
Zaydiyya0000330BK1,1029QasimIbnMuhammadImam.Tahdhir,1,115
Zaydiyya0000336,1152IbrahimShahari.TabaqatZaydiyya,5,668
Zaydiyya0000338,1029QasimIbnMuhammadImam.HatfAnfAfak,3,560
Zaydiyya0000352,0424AbuTalibYahyaHaruni.TaysirMatalib,34,8029
Zaydiyya0000353,0298HadiIlaHaqqYahya.DurarAhadithNabawiyya,5,892
Zaydiyya0000355,0697MutahharIbnYahyaHusayni.SilatIkhwan,1,175
Zaydiyya0000359,1450CabdMajidCabdRahmanHuthi.MutashabihQuran,2,420
Zaydiyya0000361,0662HusaynIbnBadrDin.ShifaUwam,36,7522
Zaydiyya0000367,1450KazimZaydi.MajmucRasailKazim,4,828
Zaydiyya0000373Vols,0728IbnMutahharZaydi.CuqudCiqyan,13,3637
Zaydiyya0000378,1061AhmadHabisYamani.IjazatIbnYahya,1,120
Zaydiyya0000383,0625BahaDinAkwac.AkhbarArbacin,3,987
Zaydiyya0000390Vols,0566MutawakkilAhmad.UsulAhkam,21,3816
Zaydiyya0000398,1190IbnQasimShuhari.BulughArab,4,751
Zaydiyya0000403,1450HasanIbnFarhanMaliki.MacaSulaymanCalwan,2,201
Zaydiyya0000413Vols,1115IshaqIbnMuhammadCabdi.Ihtiras,12,2212
Zaydiyya0000453,1182IbnIsmacilSancani.IrshadDhawiAlbab,1,163
Zaydiyya0000454,1450MuhammadSadiqNajmi.AdwaCalaSahihayn,20,3902
Zaydiyya0000461,1431BadrDinHuthi.GharaSarica,20,4159
Zaydiyya0000464,1450MuhammadYahyaCazzan.TawdihFiDammWaIrsal,6,1204
Zaydiyya0000465,1450MuhammadYahyaCazzan.HayyCalaKhayrCamal,1,162
Zaydiyya0000474,1450MajalisAlMuhammad.MaqalatIslamiyya,16,3112