id,book,alignments,ch_match
ALCorpus00013,0428IbnSina.ShifaIlahiyyat,1,149
AOCP100015,0736Bakharzi.AwradAhbab,1,84
AOCP2023090608,0636IbnCaskar.Takmila,3,445
AOCP2023090610Vols,0782Balansi.SilatJamc,5,660
AOCP2023090612,0670Sayyad.MacarifMuhammadiyya,2,249
AOCP2023090617,0597IbnJawzi.ShudhurCuqud,1,351
AOCP2023090619,0734IbnSayyidNas.Minah,34,7704
AOCP2023090620,0911Suyuti.DarrSahaba,3,559
AOCP2023090622,0694MuhibbDinTabari.SimtThamin,9,2091
AOCP2023090623,0893CamiriHaradi.RiyadMustataba,26,4633
AOCP2023090638Vols,1100Izkawi.KashfGhumma,35,9584
AOCP2023090647,0463AbuCubaydJuzjani.SiratShaykhRayyis,20,7805
AOCP2023092678,0633IbnDihyaJumayyilKalbi.NibrasFiTarikh,2,387
AOCP2023092779,0725CabbasiSafadi.AtharUwal,1,101
AOCP20240305136,0872CimadDinIdris.CuyunAkhbar,1,107
AOCP20240423140Vols,0764Safadi.AlhanSawajic,1,106
AOCP20240501183,0524IbnTumart.AcazzMaYutlab,13,3137
AOCP202411031215,0450AbuHasanMawardi.AdabWazir,3,402
AOCP202502141237,0672NasirDinTusi.AkhlaqMuhtashami,6,807
AOCP2025021446,1013AhmadTadiliSawmaci.Mucza,6,1475
AOCP20250214567,0531JamalDinAbuRawh.HalatSukhananAbuSacidAbuKhayr,1,310
AOCP20250214595,0730FakhrDinBanakati.Tarikh,3,806
AOCP20250214598,0737KhalifaNayshaburi.TalkhisTarikhNayshabur,1,154
AOCP20250214602,0750HamdAllahMustawfi.Tarikh,5,1004
AOCP20250214603,0752AkhtasanDihlawi.BasatinUns,1,141
AOCP20250214626,0825AwliyaAllahAmuli.TarikhRuyan,2,780
AOCP20250214639,0834TajDinSalmani.TarikhNama,2,200
AOCP20250214676,0921BurhanDinSamarqandi.SilsilatCarifin,2,258
AOCP20250214681Vols,0942Khwandamir.HabibSiyar,6,1694
AOCP20250214687,0957FadilDinHamawi.AnisMuminin,2,367
AOCP20250214707,1012SharafKhanBidlisi.SharafNama,1,176
AOCP20250214708,1015QadiAhmadMunshi.GulistanHunar,1,107
AOCP20250214801,1098WalihIsfahani.KhuldBarin,5,891
AOCP20250214852Vols,1243MaftunDunbuli.TajribatAhrar,12,2843
AOCP20250217563Vols,0470AbuFadlBayhaqi.TarikhBayhaqi,3,717
AOCP202502191664Vols,0363Balcami.Tarikh,2,355
AOCP20251104013,0330BahithIbnMarzuban.KitabTahani,5,988
AOCP20251104015,0339AbuNasrFarabi.RisalaFalsafiyyaSughra,1,174
AOCP20251104036,0509AbuFarajArmanazi.Majmuc,31,6947
AOCP20251104043,0563RashidAswani.UmniyyatAlmaci,4,741
AOCP20251104045Vols,0568SacdIbnCaliDallalKutub.LumahMulah,8,888
AOCP20251104050Vols,0596HatimIbnIbrahimHamidi.JamicHaqaiq,2,468
AOCP20251104054,0600IbnShahMardan.HadaiqAdab,1,109
AOCP20251104062,0620IbnQudamaMaqdisi.Intisar,1,297
AOCP20251104063,0622MuslimIbnMahmudShayzari.JamharatIslam,33,10857
AOCP20251104066,0637IbnAthirDiyaDin.MunisWahda,21,4820
AOCP20251104070Vols,0663IbnMurabit.ZawahirFikar,3,510
AOCP20251104073,0682SirajDinUrmawi.LubabArbacin,4,638
AOCP20251104084,0731IbnBarriRibati.Iqtitaf,83,13908
AOCP20251104090,0762MughultayIbnQilij.WadihMubin,9,1195
AOCP20251104097Vols,0800AhmadIbnUghuzDanishmandAqshahri.Intiqad,2,343
AOCP20251104099,0805CabdKarimJili.KamalatIlahiyya,3,984
AOCP20251104101,0817MajdDinFiruzabadi.JalisAnis,6,867
AOCP20251104102,0820ShamsDinBilali.QutAhya,1,137
AOCP20251104103Vols,0854IbnDiyaMakki.DiyaMacnawi,2,263
AOCP20251104106,0855HusaynIbnAbdRahmanAhdal.KashfGhita,2,417
AOCP20251104108,0863ShamsDinBalatunusi.BughyatTalibin,1,113
AOCP20251104109,0879CalaDinQushji.SharhTajridCaqaid,5,1193
AOCP20251104119,0936MuhammadIbnCaliShatibi.CuyunNazirin,1,164
AOCP20251104121,0949MuhammadIbnYusufHarawi.BahrJawahir,1,258
AOCP20251104122,0954MuhammadIbnCaliIbnCatiyya.TuhfatHabib,2,321
AOCP20251104123,0958NasirDinLaqani.Fusul,1,187
AOCP20251104124,0981MuhammadBirkawi.JalaQulub,4,706
AOCP20251104127,0992IbnCardun.AdabSuhba,2,172
AOCP20251104129,1008DawudAntaki.Nawadir,1,185
AOCP20251104131Vols,1041BurhanDinLaqani.TalkhisTajrid,2,310
AOCP20251104134,1060IbrahimBathnawi.TarbicMaratib,1,111
AOCP20251104137,1093CabdQadirBaghdadi.TarajimCulama,38,8333
AOCP20251104143,1143CabdGhaniNabulusi.TahrikIqlid,1,117
AOCP20251104144,1144IbnZikriFasi.IlmamWaIclam,7,1187
AOCP20251104145Vols,1144IbnZikriFasi.SharhNasiha,7,882
AOCP20251104149,1151AhmadKawkabani.NujumLaylTalica,2,285
AOCP20251104150,1151ShihabDinAhmadHaymiKawkabani.CitrNasimSaba,8,1284
AOCP20251104151,1151ShihabDinKawkabani.TibSamar,3,419
AOCP20251104158,1250IbnMuhammadCattarShafici.RahatAbdan,1,305
AOCP20251112869,1105CabdHusaynKhatunabadi.WaqaicSinin,8,1200
AOCP20251112899,1288RidaQuliKhan.RiyadCarifin,1,78
AOCP20251117019,0718RashidDinTabib.MiftahTafasir,1,180
AOCP20251117038,0948DashtakiShirazi.Musannafat,1,190
AOCP20251117041,0966HakimShahQazwini.HayatInsan,1,108
AOCP20251117043,0973KhwajagiShirazi.Nizamiyya,1,136
AOCP20251117044Vols,0977MuslihDinLari.MiratAdwar,2,560
AOCP20251117056,1125AqaJamalKhwansari.Majalis,27,5316
AOCP20251117058,1144IbnMuhammadYahyaQazwini.BaqaZawal,2,358
EScr20110913,0363QadiNucman.IkhtilafUsulMadhahib,1,361
EScr20112614,0845AbuHafsSamarqandi.NaylHathith,5,1681
EScr20120309,0850ShihabDinIbshihi.TadhkiratCarifin,10,2121
EScr202211221604,0334Azdi.TarikhMawsil,107,28017
EScr202304041409,1171Shubrawi.CunwanBayan,3,245
EScr221025,0335Suli.MaLamYunshar,5,1622
EScr230320080639,0700Anonymous.AlfLaylaWaLayla,1,92
EShia0010461,0339AbuNasrFarabi.AraAhlMadina,7,1914
EShia0027411,0363QadiNucman.Idah,1,147
EShia0071807,1107QadiSacidQummi.SharhTawhidSaduq,26,5374
EShia0086596,0363QadiNucman.ManaqibWaMathalib,71,16129
Filaha003,1127KhayrDinIbnIlyas.FalahFallah,1,166
GRAR000032,0595IbnRushdHafid.TalkhisShicrLiAristutalis,6,581
GVDB20200120,0692IbnCabdZahir.RawdZahir,4,643
GVDB20200720,0692IbnCabdZahir.TashrifAyyam,3,268
GVDB20201027,0725BaybarsMansuri.ZubdatFikra,6,1138
GVDB20220427,0725BaybarsMansuri.MawacizAbrar,1,222
GVDB20240129,1275SalahDinArai.TarjamaZahira,1,85
Hindawi0061961973Vols,1300Anonymous.AlfLaylaWaLayla,14,1545
Hindawi013082050,1383CabbasMahmudCaqqad.HaqaiqIslam,1,87
Hindawi013538483,1375MuhammadHusaynHaykal.FaruqCumar,24,4739
Hindawi013595164,1331JurjiZaydan.HajjajIbnYusuf,2,491
Hindawi013604281,1331JurjiZaydan.GhadatKarbala,49,11479
Hindawi013920718,1383CabbasMahmudCaqqad.IslamWaHadaraInsaniyya,1,130
Hindawi013957902,1378CabdWahhabCazzam.Awabid,11,1376
Hindawi014035374,1383MuhammadSacidCaryan.BintQustantin,1,81
Hindawi014602927,1352AhmadZaki.HadaraIslamiyya,1,238
Hindawi014758020,1350MuhammadTawfiqBakri.FuhulBalagha,77,11738
Hindawi015792571,1376IbrahimZaydan.NawadirUdaba,14,3652
Hindawi015814636,1383CabbasMahmudCaqqad.CabqariyyatMuhammad,17,3480
Hindawi016420804,1363CabdRahmanBarquqi.Firdaws,5,495
Hindawi017083713,1379MuhammadAscadTalas.TarbiyaWaTaclimFiIslam,1,107
Hindawi017160604,1375AhmadFaridRifaci.CasrMamun,235,53592
Hindawi017291520,1368CaliJarim.KhatimatMataf,28,3800
Hindawi017506357,1392TahaHusayn.MaratIslam,6,845
Hindawi017949406,1346AminWasif.IttihafAbnaCasr,1,170
Hindawi018175075,1375MuhammadHusaynHaykal.FiManzilWahy,13,2699
Hindawi018197281,1365AhmadCisa.TarikhBimaristanatFiIslam,2,279
Hindawi018264640,1374AhmadZakiAbuShadi.MinSama,5,578
Hindawi018502737,1383CabbasMahmudCaqqad.Iblis,4,1230
Hindawi018605304,1383CabbasMahmudCaqqad.SacatBaynaKutub,8,2233
Hindawi019139738,1371ZakiMubarak.Badaic,2,236
Hindawi019179686,1373AhmadAmin.MabadiFalsafa,1,194
Hindawi019272704,1383CabbasMahmudCaqqad.FalsafaQuraniyya,1,218
Hindawi019369524,1376CabdQadirMaghribi.JamalDinAfghani,1,160
Hindawi019395315,1369AhmadHafizCawad.Yatim,1,75
Hindawi019507271,1450MuhammadRiyad.RihlaFiZamanNuba,2,212
Hindawi019507951,1365AhmadCisa.TarikhNabatCindaCarab,10,1993
Hindawi019640759,1423TharwatAbaza.SardQisasi,1,186
Hindawi020579040,1345YacqubSarruf.QalbAsad,1,83
Hindawi020604026,1375MuhammadHusaynHaykal.HayatMuhammad,77,15314
Hindawi020615264,1383CabbasMahmudCaqqad.CabdRahmanKawakibi,2,421
Hindawi020618509,1383CabbasMahmudCaqqad.InsanFiQuran,2,615
Hindawi020790318Vols,1368ShakibArslan.HulalSundusiyya,8,2319
Hindawi020902971,1334AhmadIbnIbrahimSabuni.TarikhHama,2,342
Hindawi024069693,1377SalamaMusa.AshharKhutabWaMashahirKhutaba,1,350
Hindawi024957531,1382TahaCabdBaqiSurur.IbnCarabi,1,141
Hindawi025183963,1450QustandiRizq.MusiqaSharqiyya,1,333
Hindawi025273163,1377MuhammadKhidrHusayn.NaqdKitabIslamWaUsulHukm,1,210
Hindawi025308516Vols,1385AsadRustam.KanisatAntakiya,4,572
Hindawi025362624,1363CumarTusun.MaliyatMisr,1,109
Hindawi025936081,1378KhalilMardam.IbnMuqaffac,5,851
Hindawi026180405,1376ZakiMuhammadHasan.RahhalaMuslimunFiCusurWusta,5,969
Hindawi026382506Vols,1331JurjiZaydan.TarikhTamaddunIslami,49,9286
Hindawi026859690,1381MuhammadShafiqGhurbal.MinZawiyatQahira,1,249
Hindawi026931350,1383CabbasMahmudCaqqad.CamrIbnCas,6,1623
Hindawi026964862,1375MuhammadHusaynHaykal.CuthmanIbnCaffan,2,290
Hindawi027194802,1364AhmadMuharram.DiwanMajdIslam,11,2447
Hindawi027373961Vols,1361CabdAllahHusayn.Sudan,5,1082
Hindawi027508303,1377NiqulaFayad.Khitaba,1,278
Hindawi027513138,1392TahaHusayn.WacdHaqq,3,487
Hindawi028041486,1348AhmadTaymurBasha.AbuCalaMacarri,18,3459
Hindawi029285358,1361YusufAhmad.IslamFiHabasha,4,1532
Hindawi029535929,1331JurjiZaydan.TarikhMisrHadith,16,4229
Hindawi029620591,1379MuhammadAscadTalas.TarikhUmmaCasrRashidun,86,22614
Hindawi030207395,1450SayyidCaliIsmacil.JuhudQabbaniMasrahiyyaFiMisr,1,122
Hindawi030353837,1373MuhammadLutfiJumca.ThawratIslamWaBatalAnbiya,53,8652
Hindawi030536269,1373AhmadAmin.DuhaIslam,103,19128
Hindawi030802908,1370AhmadSamihKhalidi.RijalHukmWaIdaraFiFilastin,1,131
Hindawi030807493,1450MuhammadCatif.AdabiyyatLughaCarabiyya,68,22141
Hindawi030809151,1377SalamaMusa.TarbiyatSalamaMusa,1,102
Hindawi030850472,1450FirasSawwah.LughzCishtar,1,155
Hindawi031475247,1383CabbasMahmudCaqqad.Ana,1,75
Hindawi031705303,1418AminSalama.DhatWaLadhat,2,162
Hindawi031861395,1414ZakiNajibMahmud.MacqulWaLaMacqul,40,9842
Hindawi035314719,1373AhmadAmin.MahdiWaMahdawiyyun,1,300
Hindawi035757396,1373AhmadAmin.ZucamaIslahFiCasrHadith,1,86
Hindawi035938090,1374AhmadZakiAbuShadi.Yanbuc,1,192
Hindawi036050924,1450MahmudKamilFarid.BuasaFiCusurIslam,10,1430
Hindawi037420520,1392TahaHusayn.CalaHamishSira,4,1335
Hindawi037520352,1381MarunCabbud.RuwwadNahdaHaditha,3,695
Hindawi037926480,1377CadilZucaytar.HadaratCarab,3,900
Hindawi037942742,1383CabbasMahmudCaqqad.FatimaZahraWaFatimiyyun,25,6061
Hindawi038246146,1376IbrahimZaydan.NawadirKiram,27,4879
Hindawi038307359,1373AhmadAmin.YawmIslam,1,108
Hindawi038697931,1383CabbasMahmudCaqqad.IbnRumi,55,13442
Hindawi039141640,1331IbnAminShinqiti.MucallaqatCashar,1,166
Hindawi039308515,1383CabbasMahmudCaqqad.DhuNuraynCuthmanIbnCaffan,1,175
Hindawi039418519,1383CabbasMahmudCaqqad.MatlacNur,7,1747
Hindawi039520625,0350Balawi.SiratAhmadIbnTulun,2,437
Hindawi040204702,1368CaliJarim.ShacirTamuh,20,5162
Hindawi040248469,1414ZakiNajibMahmud.JabirIbnHayyan,12,2706
Hindawi040505807,1362CabdCazizBishri.Mukhtar,13,2093
Hindawi040604174,1349JibranKhalilJibran.BadaicWaTaraif,1,162
Hindawi040837420,1379MuhammadAscadTalas.TarikhUmmaCasrInhidar,1,188
Hindawi040948193,1372MuhammadLutfiJumca.TarikhFalasifatIslam,27,6312
Hindawi041584975,1331RuhiKhalidi.TarikhCilmAdab,6,718
Hindawi041635814,1443SayyidQimni.RabbZaman,1,94
Hindawi041728357,1331JurjiZaydan.AbuMuslimKhurasani,1,158
Hindawi041795941,1374AhmadZakiAbuShadi.Qatratan,4,607
Hindawi041806905,1376ZakiMuhammadHasan.KunuzFatimiyya,2,287
Hindawi042409306,1359AminRihani.QalbCiraq,1,80
Hindawi042414252,1381MarunCabbud.Macarri,1,153
Hindawi042464924,1378CisaIskandarMacluf.TarikhTibbCindaUmamQadimaWaHaditha,2,178
Hindawi042908302,1375MuhammadHusaynHaykal.SiddiqAbuBakr,10,1786
Hindawi042972626,1380MuhammadKamilHusayn.TashayyucFiShicrMisri,4,1200
Hindawi046069628,1366AnastasKarmali.KhulasatTarikhCiraq,6,1053
Hindawi046083685,1385AsadRustam.Rum,1,142
Hindawi046307961,1392TahaHusayn.FitnaKubraCaliWaBanuhu,21,4790
Hindawi046379685,1383CabbasMahmudCaqqad.CabqariIslahWaTaclimImamMuhammadCabduh,1,125
Hindawi046426308,1379MuhammadAscadTalas.TarikhUmmaCasrInhilal,2,633
Hindawi046486938,1381MarunCabbud.SubulWaManahij,2,211
Hindawi047090584,0255Jahiz.Rasail,22,2994
Hindawi047590408,1375FilibDiTarrazi.TarikhSahafaCarabiyya,2,349
Hindawi048020527,1343YusufBustani.AmthalSharqWaGharb,5,476
Hindawi048171614,1418AminSalama.MaraFiMizan,1,143
Hindawi048242959,1377CaliZarifAczami.DuwalFarisiyyaFiCiraq,3,492
Hindawi048607936,1300ButrusBustani.UdabaCarabFiJahiliyyaWaSadrIslam,7,1600
Hindawi048683693,1375MuhammadMabrukNafic.MaQablIslam,2,340
Hindawi049069206,1372MuhammadLutfiJumca.HayatSharq,4,1851
Hindawi049164181,1443SayyidQimni.UsturaWaTurath,2,613
Hindawi049250841,1377CadilZucaytar.IbnSina,9,2415
Hindawi049270639,1365TahaRawi.BaghdadMadinatSalam,4,460
Hindawi049296385,1373HabibZayyat.MaraFiJahiliyya,1,386
Hindawi049424259,1378CabdWahhabCazzam.MuctamidIbnCabbad,1,121
Hindawi049464279Vols,1331JurjiZaydan.TarajimMashahir,12,4470
Hindawi049525031,1348AhmadTaymurBasha.MusiqaWaGhuna,2,225
Hindawi050259706,1362AhmadHashimi.MizanDhahab,2,442
Hindawi050404926,1359AminRihani.Nakabat,1,148
Hindawi050597179,1450FirasSawwah.TariqIkhwanSafa,4,1467
Hindawi050704646,1371ZakiMubarak.HubbIbnAbiRabicaWaShicruhu,5,1337
Hindawi050704724,1378CabdWahhabCazzam.SilatBaynaCarabWaFurs,3,371
Hindawi050926304,1372KurdCali.RasailBulagha,15,2403
Hindawi051375931,1331JurjiZaydan.CilmFirasaHadith,1,121
Hindawi051506209,1374AhmadZakiAbuShadi.FawqaCibab,3,702
Hindawi051519061,1371ZakiMubarak.MadaihNabawiyya,72,16155
Hindawi051703160,1364MacrufRusafi.Diwan,1,271
Hindawi051719608,1373AhmadAmin.HarunRashid,5,739
Hindawi051971317,1414ZakiNajibMahmud.RuyaIslamiyya,2,162
Hindawi052718095,1366MustafaCabdRazzaq.TamhidTarikhFalsafaIslamiyya,6,1464
Hindawi052807474,1443MuhammadCinani.RomeoWaJuliet,1,80
Hindawi052849381,1376IbrahimZaydan.NawadirCushshaq,7,1382
Hindawi053075185,1383CabbasMahmudCaqqad.CabqariyyatImamCali,48,9679
Hindawi053803853,1384MuhammadMandur.FannShicr,1,100
Hindawi053957094,1414ZakiNajibMahmud.FununAdab,3,368
Hindawi057192052,1365AhmadCisa.GhunaLiAtfal,6,1166
Hindawi057293074,1348AhmadTaymurBasha.KhayalZill,2,600
Hindawi057380918,1383CabbasMahmudCaqqad.AtharCarabFiHadaraUrubbiyya,2,599
Hindawi059136080,1392TahaHusayn.MucadhdhabunaFiArd,1,126
Hindawi059250728,1372KurdCali.IdaraIslamiyyaFiCizzCarab,13,2628
Hindawi059429042,1331JurjiZaydan.FatatGhassan,6,1220
Hindawi059507481,1371ZakiMubarak.AkhlaqCindaGhazali,7,1464
Hindawi059535917,1325YusufDibs.MujazFiTarikhSuriya,1,96
Hindawi059616186Vols,1373AhmadAmin.FaydKhatir,78,14746
Hindawi060208373,1357AnisZakariyaNusuli.DawlaUmawiyyaFiSham,29,5166
Hindawi060292585,1363CabdRahmanBarquqi.HadaratCarabFiAndalus,15,3192
Hindawi060585083,1348AhmadTaymurBasha.AclamFikrIslami,5,610
Hindawi061404864,1379KamilKilani.MasaricAcyan,38,9395
Hindawi061492425,1423TharwatAbaza.MinAqasisCarab,4,929
Hindawi061571979,1366MustafaCabdRazzaq.FaylasufCarabWaMucallimThani,16,3286
Hindawi061585791,1443SayyidQimni.IntikasatMuslimin,11,1631
Hindawi061638096,1361CabdAllahHusayn.TasawwufWaMutasawwifa,1,113
Hindawi061827135,1379MuhammadAscadTalas.TarikhUmmaCasrIttisaq,15,3752
Hindawi062042949,1392TahaHusayn.Ayyam,1,97
Hindawi062591496,1384AhmadAhmadBadawi.Sibawayh,6,1107
Hindawi063060951,1443HasanHanafi.JamalDinAfghani,1,125
Hindawi063527131,1443MuhammadCinani.AdabWaHayat,3,376
Hindawi063827241,1372MuhammadLutfiJumca.BaynaAsadIfriqiWaNamirItali,4,1439
Hindawi063908296,1378CabdWahhabCazzam.MajalisSultanGhuri,1,221
Hindawi063950852,1349MuhammadMuwaylihi.HadithCisaIbnHisham,1,92
Hindawi064037085,1414ZakiNajibMahmud.QushurWaLubab,1,127
Hindawi064628479,1381IsmacilMazhar.TajdidCarabiyya,1,86
Hindawi064753194,1450MahmudMuhammadCali.TafkirCilmi,2,253
Hindawi068096495,1314JamalDinAfghani.CurwaWuthqa,7,1467
Hindawi068168486,1383CabbasMahmudCaqqad.MuhammadCaliJannah,1,314
Hindawi068305130,1372KurdCali.IslamWaHadaraCarabiyya,28,5000
Hindawi068307950,1450YumnaTarifKhuli.TarikhCulumCindaCarab,2,197
Hindawi068383692,1383CabbasMahmudCaqqad.MucawiyaIbnAbiSufyan,19,4117
Hindawi068585916,1390AhmadFuadAhwani.MadarisFalsafiyya,2,226
Hindawi069179508,1383MuhammadYusufMusa.AbuHanifaWaQIyamInsaniyya,4,790
Hindawi069795368Vols,1443SayyidQimni.NabiMusaWaTallCamarna,2,475
Hindawi070246068,1340FarahAntun.DinWaCilmWaMal,1,127
Hindawi070358069,1434CabdGhaffarMakkawi.QasidaWaSura,3,711
Hindawi070427368,1379MuhammadAscadTalas.TarikhUmmaCasrIntilaq,32,8769
Hindawi070593971,1368CaliJarim.FarisBaniHamdan,23,3524
Hindawi070640725,1383MuhammadYusufMusa.FalsafatIbnSina,2,259
Hindawi070706142,1359AhmadShawqi.Shawqiyyat,1,322
Hindawi070749060,1450SharifShubashi.YasqutSibawayh,1,126
Hindawi070930825,1342CabdHayyHasani.ThaqafaIslamiyyFiHind,4,943
Hindawi071316295,1369FarajSulaymanFuad.ShuhadaCilmWaGhurba,1,79
Hindawi071490515,1381MarunCabbud.AdabCarab,16,2490
Hindawi071859316,1383CabbasMahmudCaqqad.DaciSama,5,722
Hindawi072573693,1383CabbasMahmudCaqqad.IbnSina,15,2565
Hindawi072603951,1383MuhammadYusufMusa.BaynaDinWaFalsafa,1,282
Hindawi072836250,1378CabdWahhabCazzam.MahdCarab,6,765
Hindawi073191613,1381IsmacilMazhar.TarikhFikrCarabi,21,6126
Hindawi073640603,1300ButrusBustani.UdabaCarabFiAcsurCabbasiyya,43,6397
Hindawi074291969Vols,1414ZakiNajibMahmud.QissatAdabFiCalam,30,5938
Hindawi074603536Vols,1443SayyidQimni.HurubDawlatRasul,63,13001
Hindawi074640940,1379KamilKilani.MasaricKhulafa,11,3122
Hindawi074719294,1373AhmadAmin.KitabAkhlaq,2,167
Hindawi074797079,1368ShakibArslan.TarikhIbnKhaldun,4,1022
Hindawi074806249,1320AbuKhalilQabbani.HarunRashidMacaAmirGhanim,1,122
Hindawi074979204,1384MuhammadMandur.WaliDinYakin,1,92
Hindawi075352027,1370NabawiyyaMusa.MutalacaCarabiyya,2,802
Hindawi075730863,1360SalihSuwaysiQayrawani.DalilQayrawan,1,131
Hindawi075919582,1331JurjiZaydan.AminWaMamun,2,334
Hindawi079072819,1339MuhammadDiyab.TarikhAdabLughaCarabiyya,46,17239
Hindawi079174709,1450SamirNurDinDardur.MalhamatJazair,1,108
Hindawi079405794,1376IbrahimZaydan.NawadirMutriba,8,1430
Hindawi080268240,1348AhmadTaymurBasha.HubbWaJamalCindaCarab,10,1127
Hindawi080306317,1383CabbasMahmudCaqqad.CabqariyyatKhalid,6,1158
Hindawi080480207,1362MuhammadKamilHajjaj.KhawatirKhayal,1,350
Hindawi080746828,1443SayyidQimni.HizbHashimi,4,957
Hindawi080940683,1383CabbasMahmudCaqqad.DirasatFiMadhahibAdabiyyaWaIjtimaciyya,4,559
Hindawi080968603,1368IbrahimRamzi.BabQamar,2,442
Hindawi081316951,1371ZakiMubarak.Tasawwuf,20,3352
Hindawi082068526,1383CabbasMahmudCaqqad.CabqariyyatCumar,6,1158
Hindawi082727906,1383MuhammadSacidCaryan.ShaytanBantaur,1,82
Hindawi082857304,1381MarunCabbud.JudadWaQudama,2,218
Hindawi082863627,1376IbrahimZaydan.NawadirKhulafa,1,156
Hindawi082959503,1363CabdRahmanBarquqi.SharhDiwanMutanabbi,322,69816
Hindawi083020303,1379MuhammadAscadTalas.TarikhUmmaCasrIzdihar,6,1386
Hindawi083084604,1341IsmacilSabri.Diwan,3,445
Hindawi083096496,1396RaifKhuri.FikrCarabiHafith,2,381
Hindawi083168619,1383CabbasMahmudCaqqad.SiddiqaBintSiddiq,6,892
Hindawi083828042,1392TahaHusayn.FitnaKubraCuthman,4,739
Hindawi083851413,1383CabbasMahmudCaqqad.JamilButhayna,5,810
Hindawi083863050,1379MuhammadAscadTalas.TarikhUmmaCasrInbithaq,1,357
Hindawi084739682,1372KurdCali.QadimWaHadith,20,3931
Hindawi084858130,1364ImamShaficiAbuShanab.BunatIslam,12,2616
Hindawi084914209,1383CabbasMahmudCaqqad.AbuCala,2,217
Hindawi085172402,1450LatifaCabdAllah.MalikaBilqis,1,115
Hindawi085205353,1343SulaymanBustani.Iliadha,17,2986
Hindawi085807391,1383CabbasMahmudCaqqad.Yasalunak,1,199
Hindawi085925824,1362AhmadHashimi.JawahirBalagha,14,1320
Hindawi085938393,1368IbrahimCabdQadirMazini.SunduqDunya,2,356
Hindawi086048474,1450CadilMustafa.MughalatatMantiqiyya,2,174
Hindawi086061691,1290MuhammadAhmadCabdRazzaq.KhulasatTarikhCarab,5,1392
Hindawi086205862,1307BulusButrusMascad.IbnSinaFaylusuf,6,1502
Hindawi086253537,1385AbuCalaCafifi.TasawwufThawraRuhiyya,2,269
Hindawi086427138,1368ShakibArslan.Diwan,4,1540
Hindawi086930379,1378CabdWahhabCazzam.Shawarid,2,319
Hindawi090306293,1377SalamaMusa.HubbFiTarikh,1,175
Hindawi090507395,1443MuhammadCinani.MursidMutarjim,1,251
Hindawi091480429,1340NaccumShuqayr.TarikhSinaWaCarab,3,631
Hindawi091513528,1414ZakiNajibMahmud.HumumMuthaqqafin,1,138
Hindawi091818506,1383CabbasMahmudCaqqad.CaraisWaShayatin,6,958
Hindawi091931968,1360AbuCabdAllahZanjani.TarikhQuran,7,1510
Hindawi092024806,1373AhmadAmin.FajrIslam,58,12316
Hindawi092028080,1362CabdCazizBishri.Qutuf,9,1241
Hindawi092480708,1371ZakiMubarak.MadamicCushshaq,28,4403
Hindawi092514250,1383CabbasMahmudCaqqad.HayatQalam,3,710
Hindawi092527518,1331JurjiZaydan.CadhraQuraysh,22,4815
Hindawi092529537,1386TahirTanahi.AmirQasrDhahab,16,2901
Hindawi092731807,1382TahaCabdBaqiSurur.Hallaj,8,2071
Hindawi092903907,1301AdibIshaq.BarisiyyaHasna,1,183
Hindawi092914940,1388SaticHusri.DirasatCanMuqaddimatIbnKhaldun,1,252
Hindawi092963020,1373AhmadAmin.ZuhrIslam,85,16418
Hindawi093024958,1383CabbasMahmudCaqqad.AbuShuhadaHusaynIbnCali,53,9271
Hindawi093028137,1381MarunCabbud.MajnunLayla,1,88
Hindawi093626303,1383CabbasMahmudCaqqad.AfyunShucub,1,101
Hindawi093681649,1450CabdCazizAminKhanji.ShahiratNisaFiCalamIslami,20,5400
Hindawi093849638,1383CabbasMahmudCaqqad.TafkirFaridaIslamiyya,1,156
Hindawi094050268,1298SalihMajdi.MaqalatAdabiyya,10,1162
Hindawi094061468,1342MustafaLutfiManfaluti.Nazarat,6,838
Hindawi094713929,1377SalamaMusa.MaqalatMamnuca,1,102
Hindawi094852947,0139IbnMuqaffac.DurraYatima,3,441
Hindawi094962085,1392TahaHusayn.Shaykhan,2,440
Hindawi095095863,1418AminSalama.MisrFiKhatiri,1,88
Hindawi095297381,1383CabbasMahmudCaqqad.AbuNuwas,33,5106
Hindawi095382805,1379KamilKilani.WaczQisasi,2,291
Hindawi095392585,1346LuisShikhuYasuci.AsbabTarab,1,281
Hindawi095926405Vols,0375IkhwanSafa.Rasail,3,862
Hindawi096069181,1365TahaRawi.TarikhCulumLughaCarabiyya,18,3963
Hindawi096385968,1383CabbasMahmudCaqqad.CabqariyyatSiddiq,2,378
Hindawi096809026,1368ShakibArslan.ShawqiSadaqatArbacinSana,14,3326
Hindawi096940275,1331JurjiZaydan.Ramadan,7,1493
Hindawi097024639,1381MarunCabbud.Zawabic,1,135
Hindawi097029505,1344IliyasCabduhQudsi.NubdhaTarikhiyya,1,74
Hindawi097186416,1380MuhammadKamilHusayn.FiAdabMisrFatimiyya,43,12478
Hindawi097260461,1381MarunCabbud.AkhirHajar,1,84
JK000001,0505Ghazali.IhyaCulumDin,46,8254
JK000002,0281IbnAbiDunya.TawaducWaKhumul,1,70
JK000003,0597IbnJawzi.DhammHawa,9,1401
JK000004,0597IbnJawzi.AkhbarHamqaWaMughaffalin,1,199
JK000005,0463IbnCabdBarr.JamicBayan,10,1376
JK000008,0728IbnTaymiyya.SiyasaSharciyya,1,314
JK000011,0256Bukhari.AdabMufrad,4,710
JK000015,0281IbnAbiDunya.MakarimAkhlaq,15,2929
JK000018,0281IbnAbiDunya.HusnZannBiLlah,1,150
JK000019,0281IbnAbiDunya.Warac,2,366
JK000020,0444AbuCamrDani.SunanWarida,5,725
JK000021,0458Bayhaqi.ShucabIman,76,14888
JK000022,0430AbuNucaymIsbahani.HilyatAwliya,286,68634
JK000024,0458Bayhaqi.FadailAwqat,1,179
JK000025,0228IbnHammadKhuzaci.Fitan,8,1083
JK000026,0381IbnMuqriIsbahani.Rukhsa,1,119
JK000028,0728IbnTaymiyya.Istiqama,3,403
JK000030,0581IbnKharratIshbili.CaqibaFiDhikrMawt,12,1793
JK000035,0463IbnCabdBarr.AdabMujalasa,1,191
JK000039,0360AbuBakrAjurri.Ghuraba,1,135
JK000040,0333IbnMarwanDinawari.Qinaca,1,134
JK000045,0281IbnAbiDunya.CumrWaShayb,1,263
JK000050,0281IbnAbiDunya.Hawatif,3,569
JK000053,0285IbrahimHarbi.IkramDayf,1,114
JK000055,0181IbnMubarak.Zuhd,17,3078
JK000056,0751IbnQayyimJawziyya.RuhFiKalam,2,293
JK000057,0751IbnQayyimJawziyya.CuddatSabirin,2,350
JK000058,0751IbnQayyimJawziyya.RisalaTabukiyya,4,332
JK000060,0751IbnQayyimJawziyya.Fawaid,3,581
JK000061,0505Ghazali.MacarijQuds,1,131
JK000062,0751IbnQayyimJawziyya.DaWaDawa,5,484
JK000063,0751IbnQayyimJawziyya.RawdatMuhibbin,9,1567
JK000064,0751IbnQayyimJawziyya.BadaicFawaid,6,1139
JK000065,0751IbnQayyimJawziyya.TariqHijratayn,1,301
JK000069,0751IbnQayyimJawziyya.WabilSayyib,1,210
JK000071,0795IbnRajabHanbali.JamicCulumWaHikam,5,606
JK000075,0728IbnTaymiyya.TuhfaCiraqiyya,1,87
JK000079,0728IbnTaymiyya.AmradQulub,2,414
JK000080,0656IbnCabdQawiMundhiri.TarghibWaTarhib,25,4701
JK000081,0751IbnQayyimJawziyya.MadarijSalikin,18,1806
JK000082,0751IbnQayyimJawziyya.MiftahDarSacada,11,1701
JK000085,0243HannadIbnSari.Zuhd,8,1479
JK000087,0751IbnQayyimJawziyya.IghathatLahfan,2,233
JK000088,0751IbnQayyimJawziyya.JalaAfham,3,522
JK000089,0751IbnQayyimJawziyya.HidayatHayara,17,5974
JK000090,0751IbnQayyimJawziyya.IjtimacJuyush,1,164
JK000092,0751IbnQayyimJawziyya.ManarMunif,6,1032
JK000094,0751IbnQayyimJawziyya.AclamMuwaqqicin,4,683
JK000095,0751IbnQayyimJawziyya.TuhfatMawdud,1,130
JK000097,0751IbnQayyimJawziyya.HashiyaCalaSunanAbiDawud,1,136
JK000098,1327AhmadIbrahimCisa.TawdihMaqasid,2,280
JK000099,0751IbnQayyimJawziyya.Salat,1,266
JK000101,0751IbnQayyimJawziyya.SawaciqMursala,7,1143
JK000102,0751IbnQayyimJawziyya.TibyanFiAqsamQuran,2,290
JK000103,0751IbnQayyimJawziyya.AhkamAhlDhimma,3,356
JK000104,0751IbnQayyimJawziyya.TuruqHukmiyya,3,914
JK000105,0751IbnQayyimJawziyya.ZadMacad,93,21244
JK000106,0751IbnQayyimJawziyya.Furusiyya,1,109
JK000107,0666IbnAbiBakrZaynDinRazi.MukhtarSihah,1,158
JK000110,0256Bukhari.Sahih,63,16419
JK000116,1233SulaymanSibtIbnCabdWahhab.Taysir,4,482
JK000121,0852IbnHajarCasqalani.TaqribTahdhib,15,1561
JK000122,0456IbnHazm.IhkamFiUsulAhkam,12,2373
JK000123,1182IbnIsmacilSancani.SubulSalam,2,337
JK000130,0303Nasai.SunanSughra,9,1780
JK000132,0311IbnKhuzaymaNaysaburi.Sahih,10,2318
JK000134,0852IbnHajarCasqalani.TahdhibTahdhib,607,144642
JK000135,0463KhatibBaghdadi.KifayaFiCilmRiwaya,1,151
JK000136,0852IbnHajarCasqalani.MuqaddimatFathBari,2,300
JK000137,0676Nawawi.MinhajFiSharhMuslim,14,1963
JK000138,0911Suyuti.TadribRawi,3,451
JK000139,0279Tirmidhi.ShamailMuhammadiyya,7,1994
JK000140,0279Tirmidhi.Sunan,31,6171
JK000141,0273IbnMaja.Sunan,14,2592
JK000142,0275AbuDawudSijistani.Sunan,17,3480
JK000146,0792SadrDinIbnAbiCizzAdhraci.SharhCaqidaTahawiyya,3,892
JK000147,0204Shafici.Umm,2,379
JK000148,1051IbnYunusBuhutiHanbali.KashshafQinac,3,355
JK000149,0631SayfDinAmidi.IhkamFiUsulAhkam,1,113
JK000150,0587IbnMascudCalaDinKasani.BadaicSanaic,2,557
JK000154,0620IbnQudamaMaqdisi.Mughni,7,1267
JK000159,1044IbnBurhanDinHalabi.SiraHalabiyya,332,68625
JK000162,0794BadrDinZarkashi.BurhanFiCulumQuran,5,1196
JK000165,1255Shawkani.NaylAwtar,18,3007
JK000166,0852IbnHajarCasqalani.FathBari,65,8544
JK000175,1255Shawkani.DarariMudiyya,1,86
JK000179,1310BakriDimyati.HashiyaIcanaTalibin,9,1461
JK000180,0756TaqiDinSubki.Ibhaj,2,240
JK000189BK1,0970IbnIbrahimIbnNujaymMisri.BahrRaiq,2,389
JK000190,1051IbnYunusBuhutiHanbali.RawdMurbic,1,125
JK000195,0851IbnQadiShuhba.TabaqatShaficiyya,3,571
JK000196,1118CabdHamidShirwani.HashiyaCalaTuhfatMuhtaj,2,180
JK000201,1353IbnCabdRahimMubarakfuri.TuhfatAhwadhi,30,4586
JK000208,1221IbnMuhammadBujayrimiMisri.TajridLiNafcCabid,1,79
JK000213,0526IbnAbiYacla.TabaqatHanabila,4,597
JK000216,1120IbnMuhammadBurhanDinDimashqi.BayanWaTacrif,28,5691
JK000219,1231IbnMuhammadHanafiTahtawi.HashiyaCalaMaraqi,4,837
JK000221,0597IbnJawzi.TahqiqFiAhadithKhilaf,4,649
JK000222,0595IbnRushdHafid.BidayatMujtahid,2,394
JK000225,1051IbnYunusBuhutiHanbali.SharhMuntahaIradat,1,136
JK000232,0803IbnMusaJamalDinMalati.MuctasarMinMukhtasar,24,4670
JK000238,1125IbnGhanimAzhariNafrawi.FawakihDawani,1,258
JK000239,0388AbuSulaymanKhattabi.GharibHadith,11,1699
JK000251,1255Shawkani.SaylJarrar,1,86
JK000254,0620IbnQudamaMaqdisi.KafiFiFiqh,4,680
JK000258,0203YahyaIbnAdam.Kharaj,3,360
JK000263,0911Suyuti.LumcaFiKhasaisJumca,1,146
JK000264,1329MuhammadAshrafCazimabadi.CawnMacbud,19,3338
JK000268,1346CabdQadirBadran.MadkhalIlaMadhhabAhmad,1,312
JK000271,0804IbnMulaqqin.TuhfatMuhtaj,2,312
JK000272,0476AbuIshaqShirazi.MuhadhdhabFiFiqh,5,696
JK000279,0790IbnMusaGharnatiShatibi.Muwafaqat,1,110
JK000281,0954HattabRucayniMaghribi.MawahibJalil,2,279
JK000289,0897IbnYusufCabdariGharnati.TajWaIklilLiMukhtasarKhalil,1,116
JK000294,0521IbnMuhammadBatalyawsi.InsafFiTanbih,2,218
JK000298,1031CabdRaufMunawi.FaydQadir,28,4423
JK000299,0861IbnHumam.SharhFathQadir,6,1105
JK000302,0763IbnMuflihMaqdisi.FurucWaTashihFuruc,2,242
JK000308,0478ImamHaramaynJuwayni.Waraqat,1,146
JK000312,0840ShihabDinBusiri.MisbahZujaja,10,1747
JK000321,0243IbnYahyaCadani.Iman,2,209
JK000322,0598IbnIbrahimIbnHajjQunawi.HazzGhalasim,2,296
JK000326,0418HibatAllahLalikai.KaramatAwliya,11,3368
JK000330,0728IbnTaymiyya.JawabSahih,31,8764
JK000333,0671AbuCabdAllahQurtubi.IclamBimaFiDinNasara,18,4534
JK000334,0429IbnTahirBaghdadi.FarqBaynaFiraq,4,667
JK000343,0456IbnHazm.FisalFiMilal,20,3881
JK000350,0728IbnTaymiyya.RaddCalaAkhnai,1,130
JK000351,0728IbnTaymiyya.HasanaWaSayyia,1,304
JK000362,0728IbnTaymiyya.DarTacarud,9,1915
JK000363,0744IbnCabdHadi.CuqudDurriyya,1,300
JK000365,0728IbnTaymiyya.MinhajSunna,59,12305
JK000366,0842IbnNasirDinDimashqi.RaddWafir,1,188
JK000367,0728IbnTaymiyya.IqtidaSirat,3,572
JK000370,0728IbnTaymiyya.SarimMaslul,11,2254
JK000371,0728IbnTaymiyya.RaddCalaMantiqiyyin,3,492
JK000372,0728IbnTaymiyya.AmrBiMacruf,2,252
JK000373,0728IbnTaymiyya.Nubuwwat,1,106
JK000375,0728IbnTaymiyya.SharhCaqidaIsfahaniyya,1,207
JK000378,0728IbnTaymiyya.DaqaiqTafsir,2,255
JK000379,0728IbnTaymiyya.QacidaFiMahabba,4,770
JK000381,0728IbnTaymiyya.MajmucFatawa,32,6066
JK000382,0728IbnTaymiyya.BayanTalbisJahmiyya,1,196
JK000384,0395IbnMandaMuhammad.Iman,8,2423
JK000385,0728IbnTaymiyya.Istighatha,1,85
JK000386,0728IbnTaymiyya.SharhCumdatFiqh,9,1400
JK000394,1237Jabarti.CajaibAthar,2,343
JK000397,0200SayfIbnCumar.Fitna,94,24838
JK000410,0647CabdWahidMarrakushi.Mucjib,4,684
JK000412,0240IbnKhayyatCusfuri.Tarikh,8,1647
JK000415,0789IbnMuhammadKhuzaci.TakhrijDalalat,120,25411
JK000416,0614IbnJubayr.Rihla,4,1013
JK000417,0927Nucaymi.DarisFiMadaris,3,353
JK000418,1038CabdQadirCaydarus.TarikhNurSafir,4,641
JK000422,0360Ramhurmuzi.AmthalHadith,1,85
JK000429,0748Dhahabi.Kabair,1,175
JK000430,0620IbnQudamaMaqdisi.Tawwabin,7,1300
JK000435,0211CabdRazzaqSancani.Tafsir,7,1186
JK000436,0911Suyuti.LubabNuqul,16,2695
JK000441,0597IbnJawzi.NawasikhQuran,1,109
JK000443,0748Dhahabi.MacrifaQurraKibar,4,524
JK000447,0338AbuJacfarNahhas.MacaniQuran,2,214
JK000451,1033MarciKarmi.QalaidMarjan,3,545
JK000458,0982IbnMuhammadAbuSucud.IrshadCaqlSalim,18,3641
JK000460,0338AbuJacfarNahhas.NasikhWaMansukh,2,352
JK000465,1255Shawkani.FathQadir,41,7779
JK000467,0405HakimNaysaburi.Mustadrak,334,80827
JK000468,1067HajjiKhalifa.KashfZunun,61,12373
JK000469,0321Tahawi.SharhMacaniAthar,14,2528
JK000470,0204AbuDawudTayalisi.Musnad,15,3286
JK000471,0762IbnYusufZaylaci.NasbRaya,36,7156
JK000473,0219IbnZubayrHumaydi.Musnad,7,1244
JK000474,0360Tabarani.MucjamKabir,199,40788
JK000475,0303Nasai.SunanKubra,143,32332
JK000476,0360Tabarani.MucjamSaghir,7,1477
JK000477,0385Daraqutni.Sunan,7,1085
JK000479,0238IbnRahawayh.Musnad,4,757
JK000480,0454Qudaci.MusnadShihab,2,343
JK000481,0287IbnAbiCasim.AhadWaMathani,37,7173
JK000482,0241IbnHanbal.FadailSahaba,74,14513
JK000483,0282IbnAbiUsamaTamimi.BughyaBahith,16,4047
JK000484,0458Bayhaqi.SunanKubra,100,19312
JK000485,0307AbuYaclaMawsili.Musnad,34,6310
JK000486,0249CabdIbnHamid.MuntakhabMinMusnad,10,2353
JK000487,0230CaliIbnJacd.Musnad,9,1183
JK000488,0307IbnJarudNaysaburi.Muntaqa,2,442
JK000493,0234AbuKhaythamaNisai.Cilm,1,170
JK000497,0261AbuHasanCijli.MacrifatThiqat,7,1251
JK000499,0474IbnKhalafBaji.TacdilWaTajrih,13,1701
JK000503,0287IbnAbiCasim.Zuhd,1,111
JK000511,0385IbnShahin.TarikhAsmaThiqat,4,509
JK000520,0369AbuShaykhIsbahani.TabaqatMuhaddithin,4,581
JK000523,0315IbnFaydGhassani.AkhbarWaHikayat,4,1437
JK000529,0385Daraqutni.SualatHamza,2,312
JK000532,0748Dhahabi.TadhkiratHuffaz,102,23872
JK000533,0852IbnHajarCasqalani.IsabaFiTamyiz,452,87858
JK000545,0450AbuHasanMawardi.AclamNubuwwa,8,1418
JK000546,0256Bukhari.KhalqAfcal,1,186
JK000549,0181IbnMubarak.Jihad,3,751
JK000550,0911Suyuti.IscafMubatta,2,193
JK000552,0911Suyuti.DibajCalaMuslim,1,168
JK000554,1138IbnCabdHadiNurDinSindi.HashiyaCalaNasai,1,117
JK000555,0911Suyuti.MisbahZujaja,3,397
JK000556,0911Suyuti.TanwirHawalik,2,234
JK000559,0852IbnHajarCasqalani.TalkhisHabir,9,1121
JK000562,0287IbnAbiCasim.Jihad,1,317
JK000568,0181IbnMubarak.Musnad,4,962
JK000574,0620IbnMuhammadIbnCasakir.ArbacunaFiManaqibUmmahat,3,400
JK000575,0280AbuCabbasBirti.MusnadIbnCawf,1,191
JK000576,0335IbnKulaybShashi.Musnad,3,590
JK000579,0385IbnShahin.FadailFatima,2,341
JK000581,0845Maqrizi.MukhtasarKitabWitr,2,330
JK000582,0475IbnMakula.IkmalFiRafcIrtiyab,14,1473
JK000583,1162IbnMuammadAbuFidaCajluni.KashfKhafa,20,2344
JK000584,0538JarAllahZamakhshari.FaiqFiGharib,22,4599
JK000585,0463IbnCabdBarr.TamhidMuwatta,31,5951
JK000590,0721IbnRushaydSabti.SunanAbyan,1,263
JK000595,0343IbnSulaymanAtrabulusi.Hadith,1,102
JK000599,0360Tabarani.AhadithTiwal,21,6022
JK000601,0218CabdAclaGhassani.Nuskha,1,499
JK000605,0441IbnCaliSuri.FawaidMuntaqat,2,241
JK000609,0852IbnHajarCasqalani.WuqufCalaMawquf,3,422
JK000610,0576AbuTahirSilafi.Sualat,3,599
JK000614,0581AbuMusaMadini.NuzhatHuffaz,1,199
JK000617,0463KhatibBaghdadi.TaliTalkhisMutashabih,6,1173
JK000621,0310IbnAhmadDulabi.Dhariyya,17,4319
JK000624,0414AbuQasimRazi.Fawaid,4,1030
JK000627,0463KhatibBaghdadi.TaqyidCilm,1,161
JK000628,0806IbnHusaynZaynDinCiraqi.MustakhrajCalaMustadrak,1,189
JK000629,0597IbnJawzi.CilalMutanahiyya,17,3621
JK000630,0287IbnAbiCasim.Sunna,6,1232
JK000631,0458Bayhaqi.QiraaKhalfaImam,2,216
JK000635,0281IbnAbiDunya.DhammMuskir,1,274
JK000637,0807NurDinHaythami.MajmacZawaid,199,43780
JK000639,0307AbuYaclaMawsili.Mafarid,1,284
JK000640,0267HammadIbnIshaq.TarikatNabi,4,593
JK000642,0246AhmadDawraqi.MusnadSacdIbnAbiWaqqas,2,518
JK000646,0377IbnAhmadJurjani.JuzIbnGhitrif,1,115
JK000647,0672IbnAhmaLuluDarir.Juz,1,140
JK000649,0576AbuTahirSilafi.Mashyakha,2,503
JK000652,0385Daraqutni.FawaidMuntaqatDhuhli,1,117
JK000653,0307IbnHarunRuyani.Musnad,18,4714
JK000654,0281IbnAbiDunya.QadaHawaij,1,484
JK000657,0535QawwamSunna.DalailNubuwwa,12,2868
JK000667,0402MuhammadSaydawi.MucjamShuyukh,2,356
JK000668,0256ZubayrIbnBakkar.Muntakhab,2,575
JK000669,0303Nasai.KhasaisAmirMumininCali,70,16148
JK000671,0620IbnQudamaMaqdisi.MutahabbinFiLlah,2,1205
JK000672,0600CabdGhaniMaqdisi.JuzAhadithShicr,1,166
JK000673,0241IbnHanbal.Ashriba,1,79
JK000674,1014MullaCaliQari.MawducatSughra,1,131
JK000675,0360Tabarani.Duca,8,1700
JK000676,1307Qannawji.AbjadCulum,41,7112
JK000682,0327IbnAbiHatimRazi.CilalHadith,3,486
JK000684,0911Suyuti.TadhkiratMutasi,1,294
JK000685,0852IbnHajarCasqalani.AmaliMutlaqa,2,270
JK000687,0211CabdRazzaqSancani.AmaliFiAthar,3,607
JK000690,0656IbnCabdQawiMundhiri.RisalaFiJarhWaTacdil,1,138
JK000691,0307AbuYaclaMawsili.Mucjam,1,166
JK000693,0292IbnCaliMarwazi.MusnadAbiBakr,3,677
JK000698,0458Bayhaqi.Ictiqad,3,559
JK000706,0330IbnIsmacilMahamili.Amali,2,301
JK000707,0807NurDinHaythami.MawaridZaman,14,3935
JK000710,0702IbnDaqiqCidQushayri.IhkamAhkamSharhCumdatAhkam,3,316
JK000713,0262YacqubIbnShayba.MusnadCumarIbnKhattab,1,190
JK000717,0430AbuNucaymIsbahani.TasmiyatRuwatCanSacidIbnMansur,1,161
JK000718,0224QasimIbnSallam.GharibHadith,2,273
JK000720,0463KhatibBaghdadi.FaslLiWaslMudrajFiNaql,7,1270
JK000723,0303Nasai.Wafat,1,255
JK000724,0294IbnNasrMarwazi.TaczimQadrSalat,5,897
JK000725,0351IbnQanic.MucjamSahaba,8,983
JK000728,0458Bayhaqi.MadkhalIlaSunanKubra,5,943
JK000730,0276IbnMukhalladQurtubi.MaRuwiyaFiHawd,1,211
JK000733,0458Bayhaqi.ArbacunaSughra,1,214
JK000734,0804IbnMulaqqin.KhulasatBadrMunir,2,231
JK000735,0303Nasai.CamalYawmWaLayla,5,798
JK000738,0414AbuQasimRazi.MusnadMuqallin,2,307
JK000746,0151MacmarIbnRashid.Jamic,8,2029
JK000747,0303Nasai.FadailSahaba,11,2029
JK000749,0241IbnHanbal.JamicFiCilal,1,109
JK000753,0911Suyuti.TabaqatHuffaz,19,3101
JK000754,1122MuhammadZurqani.SharhCalaMuwatta,15,1690
JK000755,0852IbnHajarCasqalani.QawlMusaddad,3,547
JK000760,0371AhmadJurjani.Mucjam,2,247
JK000761,0463KhatibBaghdadi.JamicLiAkhlaqRawiWaAdabSamic,5,828
JK000764,0418HibatAllahLalikai.SharhUsulIctiqad,20,5114
JK000770,0466CabdCazizKattani.DhaylTarikhMawlidCulama,1,171
JK000771,0360Ramhurmuzi.MuhaddithFasil,1,151
JK000772,1345IbnJacfarKattani.NazmMutanathir,2,208
JK000774,0273AbuUmayyaTarsusi.MusnadCabdAllahIbnCumar,1,160
JK000775,0852IbnHajarCasqalani.DirayaFiTakhrijAhadithHidaya,5,976
JK000776,0463KhatibBaghdadi.MuwaddihAwham,3,377
JK000778,0463IbnCabdBarr.IsticabFiMacrifatAshab,551,121514
JK000784,0227IbnMansurKhurasani.TafsirMinSunanSacid,7,1745
JK000786,0235IbnAbiShayba.Musannaf,73,12392
JK000787BK2,0884AbuIshaqIbnMuflih.MubdicFiSharhMuqnic,2,237
JK000791,0597IbnJawzi.ZadMasir,38,8117
JK000795,0316IbnAbiDawudSijistani.Qasida,1,125
JK000796,0774IbnKathir.FusulMinSira,5,748
JK000800,0487AbuCubaydBakri.MucjamMaIstacjama,21,4570
JK000803,0741IbnYahyaAndalusiMalaqi.TamhidWaBayan,19,4300
JK000806BK1,0775IbnAbiWafa.JawahirMudiya,12,2209
JK000818,0911Suyuti.TafsirJalalayn,3,532
JK000829,0785IbnMuhammadShamsDinManbiji.TasliyatAhlMasaib,2,361
JK000830,0379IbnZabrRabci.WasayaCulama,1,157
JK000832,0511IbnMandaYahya.JuzFihiDhikr,2,363
JK000837,0463KhatibBaghdadi.SharafAshabHadith,1,213
JK000838,0412Sulami.AdabSuhba,2,195
JK000839,0311AbuBakrKhallal.Sunna,6,954
JK000841,0597IbnJawzi.ThibatCindaMamat,6,1128
JK000842,0255CabdAllahDarimi.Sunan,8,1945
JK000846,0953IbnTulun.AhadithMia,2,297
JK000849,0458IbnSidaMursi.Mukhassas,1,74
JK000853,0507IbnQaysarani.MasalatCuluwwWaNuzul,1,112
JK000855,0271CabbasDuri.TarikhIbnMacin,6,860
JK000869,0751IbnQayyimJawziyya.AmthalFiQuran,1,152
JK000871,0370IbnCaliJassas.AhkamQuran,6,931
JK000876,0710IbnAhmadHafizDinNasafi.Tafsir,8,1409
JK000882,0518IbnMuhammadMaydaniNaysaburi.MajmacAmthal,9,1054
JK000883,0360Tabarani.MucjamAwsat,23,4085
JK000888,0977KhatibShirbini.MughniMuhtaj,2,159
JK000906,1270ShihabDinAlusi.RuhMacani,101,19342
JK000908,0281IbnAbiDunya.ManCashaBacdaMawt,1,113
JK000910,0597IbnJawzi.Adhkiya,15,3440
JK000911,0630IbnAthirCizzDin.Kamil,1796,503608
JK000912,0324IbnMujahid.SabcaFiQiraat,2,278
JK000913,0676Nawawi.Majmuc,4,697
JK000916,0571IbnCasakir.TarikhDimashq,1834,411001
JK000917,0543IbnCarabiIshbili.AhkamQuran,27,5312
JK000918,0369AbuShaykhIsbahani.AkhlaqNabi,9,2232
JK000919BK1,0356AbuCaliQali.AmaliFiLugha,32,5062
JK000919BK2,0356AbuCaliQali.DhaylAmali,14,1720
JK000919BK3,0356AbuCaliQali.Nawadir,4,462
JK000927,0362AbuFarajIsbahani.Aghani,874,223820
JK000929,0312IbnCaliTusi.MukhtasarAhkam,3,507
JK000930,0170KhalilFarahidi.Cayn,2,397
JK000933,0360AbuBakrAjurri.AkhbarAbiHafs,1,98
JK000935,0368IbnJacfarQatici.Fawaid,1,129
JK000940,0769IbnCabdAllahTaqiDinShibli.AkamMarjan,10,1735
JK000942,0761IbnKaykaldiCalai.FusulMufida,1,223
JK000943,0364IbnSunniDinawari.CamalYawmWaLayl,1,191
JK000946,0369AbuShaykhIsbahani.AmthalFiHadith,2,569
JK000947,0320HakimTirmidhi.Amthal,3,613
JK000951,1389AghaBuzurgTihrani.TASHAnwarSatica,18,2722
JK000952,0562Samcani.Ansab,195,36353
JK000961,1307Qannawji.HusnUswa,10,1373
JK000965,0385IbnShahin.DhikrManIkhtalafaCulama,2,292
JK000966,0840IbnWazirYamani.ItharHaqq,3,294
JK000967,0790IbnMusaGharnatiShatibi.Ictisam,7,1234
JK000974,0487AbuCubaydBakri.FaslMaqal,9,907
JK000975,0538JarAllahZamakhshari.MustaqsaFiAmthal,1,91
JK000977,0430AbuNucaymIsbahani.MusnadMustakhrajCalaSahihMuslim,7,1118
JK000981,0802IbnMusaAbnasi.ShadhaFayyah,4,562
JK000983,0879IbnMuhammadIbnAmirHajj.TaqrirWaTahbir,6,935
JK000985,0806IbnHusaynZaynDinCiraqi.Taqyid,4,484
JK000988,1182IbnIsmacilSancani.ThamaratNazar,3,369
JK000990,1338TahirJazairiDimashqi.TawjihNazar,4,583
JK000995,1182IbnIsmacilSancani.TawdihAfkar,14,2335
JK000996,0804IbnMulaqqin.MuqnicFiCulumHadith,2,206
JK000998,1255Shawkani.BadrTalic,43,11580
JK000999,0597IbnJawzi.BustanWacizin,5,1082
JK001001,0739JalalDinQazwini.IdahFiCulumBalagha,18,1891
JK001006,0481AnsariHarawi.DhammKalam,4,1235
JK001011,0829TaqiDinDimashqiHisni.DafcShubh,1,250
JK001012,1255Shawkani.TuhfatDhakirin,1,172
JK001016,0516IbnCaliHariri.DurratGhawwas,5,1092
JK001019,0471CabdQahirJurjani.DalailIcjaz,12,1733
JK001020,0403AbuBakrBaqillani.IcjazQuran,17,3594
JK001021,0786IbnCabdRahmanJamalDinHubayshi.NashrTayy,2,320
JK001030,0276IbnQutaybaDinawari.ImamaWaSiyasa,116,32642
JK001031,0852IbnHajarCasqalani.ImtacBiArbacin,1,93
JK001039,0281IbnAbiDunya.IshrafFiManazil,6,737
JK001040,0281IbnAbiDunya.IslahMal,2,272
JK001042,0792SadrDinIbnAbiCizzAdhraci.Ittibac,1,359
JK001043,0613IbnBaninDaqiqiNahwi.IttifaqMabani,2,473
JK001044,1031CabdRaufMunawi.Ittihafat,2,207
JK001046,0911Suyuti.ItmamDiraya,4,425
JK001063,0751IbnQayyimJawziyya.RisalaIlaAhadIkhwan,5,496
JK001079,0303Nasai.FadailQuran,5,1174
JK001087,0691IbnYusufLabli.Fihrist,1,164
JK001090,0466IbnSinanKhafaji.SirrFasaha,18,2702
JK001091,1255Shawkani.FawaidMajmuca,10,1868
JK001095,0434IbnAhmadHarawi.Fawaid,2,684
JK001099,0502IbnCaliTabriziShaybani.DiwanHamasa,20,2615
JK001102,0265SalihIbnHanbal.SiratImam,1,103
JK001103,0774IbnMuhammadShamsDinIbnMawsili.HusnSuluk,1,239
JK001110,0505Ghazali.JawahirQuran,1,233
JK001117,0694MuhibbDinTabari.KhulasatSiyar,11,2205
JK001123,0815IbnMuhammadShihabDinIbnHaim.TibyanFiTafsirGharib,1,127
JK001127,0281IbnAbiDunya.Tahajjud,1,92
JK001137,1342MahmudShukriAlusi.MaDallaCalayhiQuran,1,132
JK001138,0711IbnManzurIfriqi.MulhaqAghani,155,32260
JK001140,0768Yafici.MarhamCilalMucdila,3,591
JK001143,0385IbnShahin.SharhMadhahib,3,381
JK001154,0576AbuTahirSilafi.MajalisKhamsa,1,112
JK001157,0792IbnCumarTaftazani.SharhMaqasid,5,620
JK001160,0902Sakhawi.MaqasidHasana,10,1291
JK001164,0779IbnHabibHalabi.MuqtafaMinSiratMustafa,16,2695
JK001173,0748Dhahabi.MuntaqaMinMinhajIctidal,16,3375
JK001174,0610Mutarrizi.MughribFiTartibMucrib,1,95
JK001183,0616MuhibbDinCukbari.MasailKhilafiyya,3,523
JK001186,0245LuwaynMissisi.JuzHadith,2,965
JK001189,0590IbnNasrJalalDinShayzari.ManhajMasluk,2,186
JK001197,1332IbnMuhammadJamalDinQasimi.MawcizatMuminin,7,1226
JK001198,1014MullaCaliQari.AsrarMarfuca,4,721
JK001204,1389AghaBuzurgTihrani.TASHNawabighRuwat,53,7386
JK001210,0597IbnJawzi.Mudhish,26,3278
JK001213,0388AbuSulaymanKhattabi.Cuzla,6,573
JK001214,0301AbuBakrFaryabi.Qadar,3,665
JK001221,0911Suyuti.SababWadc,4,882
JK001226,0744IbnCabdHadi.SarimMunki,7,1006
JK001227,0911Suyuti.SharhSudur,5,614
JK001230,0426IbnAhmadIbnShadhan.MashyakhaSughra,5,1863
JK001231,0761JamalDinIbnHisham.SharhShudhurDhahab,4,497
JK001232,0310Nawbakhti.FiraqShica,9,1330
JK001236,0745IbnMuhammadTaqiDinIbnImam.SilahMumin,5,863
JK001239,0911Suyuti.ShamailSharifa,2,638
JK001246,0582IbnBarri.FiTacrib,1,130
JK001248,0471IbnMuhammadIsfaraini.TabsirFiDin,3,364
JK001249,0676Nawawi.Adhkar,2,534
JK001258,0911Suyuti.TahdhirKhawass,2,409
JK001259,0606FakhrDinRazi.AsasTaqdis,1,235
JK001262,0403AbuBakrBaqillani.TamhidAwail,3,682
JK001263,0377IbnAhmadCasqalani.TanbihWaRadd,5,1046
JK001269,0450AbuHasanMawardi.TashilNazar,2,253
JK001271,0794BadrDinZarkashi.TadhkiraFiAhadithMashhura,3,524
JK001277,0600CabdGhaniMaqdisi.TawhidLiLlah,2,681
JK001280,0222IbnBakkarDabi.AkhbarWafidat,35,14925
JK001281,0222IbnBakkarDabi.AkhbarWafidin,6,2387
JK001284,0456IbnHazm.HajjatWidac,7,1127
JK001286,0809IbnQunfudh.WasilatIslam,3,368
JK001288,0458Bayhaqi.ZuhdKabir,9,1338
JK001291BK1,0748Dhahabi.DhaylCibar,1,126
JK001292,0665AbuShama.IbrazMacani,1,98
JK001293BK1,0748Dhahabi.MizanIctidal,272,62322
JK001293BK2,0806IbnHusaynZaynDinCiraqi.DhaylMizan,13,1664
JK001295,0911Suyuti.Itqan,16,3026
JK001296,0231IbnSallamJumahi.TabaqatFuhulShucara,14,3416
JK001297,0509IbnShahridarDaylami.Firdaws,17,2274
JK001303,0911Suyuti.KhasaisKubra,85,18927
JK001305,0837IbnHijjaHamawi.KhizanatAdab,92,15343
JK001307,0748Dhahabi.MughniFiDucafa,4,616
JK001310,0630IbnCaliShaficiQalci.TahdhibRiyasa,18,5479
JK001319,0658IbnAbbar.TakmilaLiSila,3,421
JK001324,0974IbnHajarHaytami.SawaciqMuhriqa,50,9584
JK001325,1315Salawi.IstiqsaLiAhkbar,37,7504
JK001326,0392IbnJinniMawsili.SirrSinacatIcrab,1,403
JK001328,0769IbnCaqilBahaDinMisri.SharhCalaAlfiyya,1,105
JK001329,0852IbnHajarCasqalani.CujabFiBayanAsbab,4,731
JK001330,0874IbnTaghribirdi.NujumZahira,136,27494
JK001332,0320HakimTirmidhi.NawadirUsul,8,1585
JK001336,0850ShihabDinIbshihi.Mustatraf,74,13340
JK001412,0896IbnCaliIbnAzraqGharnati.BadaicSilk,17,3433
JK001414,0728IbnTaymiyya.FatawaKubra,6,830
JK001416,0195IbnFudaylDabbi.Duca,2,171
JK001417,0338AbuJacfarNahhas.IcrabQuran,2,200
JK001420,0616MuhibbDinCukbari.TibyanFiIcrabQuran,3,460
JK001424,0577AbuBarakatAnbari.InsafFiMasail,1,101
JK001437,0817MajdDinFiruzabadi.QamusMuhit,5,676
JK001438,0333IbnMuhammadMadini.Juz,2,267
JK001441,1313CorneliusVanDyck.IktifaQunuc,14,2515
JK001451,0770IbnMuhammadFayyumiHamawi.MisbahMunir,1,142
JK001460,0911Suyuti.MuzhirFiCulumLugha,26,4692
JK001462,0403IbnFaradi.TarikhCulamaAndalus,2,232
JK001477,0963CabdRahmanAbuFathCabbasi.MacahidTansis,188,35904
JK001480,0741IbnAhmadGharnatiKalbi.TashilLiCulumTanzil,1,106
JK001483,1147CabdAllahSancani.TarikhYaman,2,167
JK001487,0387IbnBattaCukbari.IbanaCanSharica,3,812
JK001492,0762IbnYusufZaylaci.TakhrijAhadith,79,16045
JK001493,0292Yacqubi.Tarikh,37,7472
JK001496,0538JarAllahZamakhshari.Kashshaf,30,5396
JK001503,0463IbnCabdBarr.IstidhkarJamic,17,3441
JK003502,1111MuhammadAminMuhibbi.KhulasatAthar,148,41832
JK003504,0249Azraqi.AkhbarMakka,6,1187
JK003608,0902Sakhawi.DawLamic,43,10673
JK003609,0764Safadi.WafiBiWafayat,1023,215898
JK004502,0871TaqiDinIbnFahd.LahzAlhaz,6,761
JK005003,0597IbnJawzi.QussasWaMudhakkirin,3,430
JK005004,0911Suyuti.LaaliMasnuca,51,10376
JK005005,0963IbnMuhammadIbnCiraqKanani.TanzihSharica,39,7998
JK005007,0597IbnJawzi.Mawducat,31,7202
JK005013,0748Dhahabi.AhadithMukhtaraMinMawducat,4,608
JK005017,1305IbnKhalilQawuqjiTarabulusi.LuluMarsuc,1,86
JK005020,0507IbnQaysarani.DhakhiratHuffaz,21,3633
JK005021,0806IbnHusaynZaynDinCiraqi.Mughni,6,627
JK005022,0771TajDinSubki.AhadithIhyaLaIsnadaLaha,1,79
JK005202,1243IbnSacdRahyabaniSuyuti.MatalibUliNuha,6,1293
JK006474,0327IbnAbiHatimRazi.Tafsir,14,2289
JK006476,0489IbnMuhammadSamcani.TafsirQuran,12,1974
JK006478,0606FakhrDinRazi.MafatihGhayb,38,7637
JK006675,0902Sakhawi.FathMughith,10,1931
JK006800,0224QasimIbnSallam.Amwal,4,727
JK006801,0852IbnHajarCasqalani.MatalibCaliya,35,7142
JK006802,0804IbnMulaqqin.TadhkiratMuhtaj,6,1105
JK006803,0744IbnCabdHadi.TanqihTahqiq,12,2135
JK006833,0290IbnAhmadIbnHanbal.Sunna,4,566
JK006838,0458Bayhaqi.DalailNubuwwa,234,57333
JK006851,0873IbnShahinZahiri.Isharat,5,1084
JK006856,0110IbnSirin.MuntakhabKalamFiTafsirAhlam,1,190
JK006870,1206IbnCabdWahhab.Tawhid,1,307
JK006874,1206IbnCabdWahhab.FadlIslam,2,514
JK006877,1206IbnCabdWahhab.Kabair,2,381
JK006880,1206IbnCabdWahhab.MabhathIjtihadWaKhilaf,1,92
JK006886,1206IbnCabdWahhab.MukhtasarSira,65,14439
JK006890,1206IbnCabdWahhab.MukhtasarZadMacad,10,2144
JK006895,1206IbnCabdWahhab.RisalaFiRaddCalaRafida,4,797
JK006897,1206IbnCabdWahhab.Hadith,9,1529
JK006898,1206IbnCabdWahhab.AhadithFiFitan,8,1849
JK006900,0542IbnBassamShantarini.Dhakhira,99,14916
JK006906,0471CabdQahirJurjani.AsrarBalagha,2,201
JK006907,0659SadrDinBasri.Hamasa,59,7206
JK006908,0609AbuCabbasJarrawi.HamasaMaghribiyya,263,46875
JK006910,0395AbuHilalCaskari.Sinacatayn,63,9220
JK006912,0170AbuZaydQurashi.JamharatAshcarCarab,10,1972
JK006914,0616MuhibbDinCukbari.SharhDiwanMutanabbi,27,2999
JK006919,0502RaghibIsbahani.MuhadaratUdaba,124,16533
JK006920,0528IbnMuhammadIbnHaqanIshbili.MatmahAnfus,3,459
JK006950,0728IbnTaymiyya.RasailWaFatawa,7,1070
JK006951,0926ZakariyyaAnsari.Munfarijatan,1,225
JK006962,0458IbnSidaMursi.MuhkamWaMuhit,2,247
JK006965,0429IbnShihabCukburi.RisalaFiUsulFiqh,1,152
JK006975,0852IbnHajarCasqalani.NukatCalaIbnSalah,3,553
JK007001,0306Wakic.AkhbarQudat,17,3923
JK007003,1320IbnAhmadSayyidFuratiKawakibi.UmmQura,1,235
JK007004,0558IbnAbiKhayrCimraniYamani.IntisarFiRadd,4,945
JK007006,1031CabdRaufMunawi.TaysirBiSharh,4,448
JK007007,0197IbnWahbQurashi.JamicFiHadith,3,446
JK007010,0843IbnIsmacilJadhbati.DurraGharra,1,107
JK007011,0732IbnYacqubJanadi.SulukFiTabaqat,11,1675
JK007015,0468IbnMuhammadMihrawani.Fawaid,2,583
JK007016,0310IbnAhmadDulabi.KunaWaAsma,9,1208
JK007018,0660SultanCulamaCizzDinDimashqi.TafsirQuran,11,2202
JK007020,0842IbnNasirDinDimashqi.SalwatKaib,12,2375
JK007021,0930IbnCumarBahraqHadrami.HadaiqAnwar,38,8983
JK007025,0564IbnFakhir.Majlis,6,1662
JK007030,1014MullaCaliQari.SharhNukhbatFikr,1,115
JK007032,0538JarAllahZamakhshari.AsasBalagha,1,74
JK007033,0616MuhibbDinCukbari.IcrabMaYushkil,1,164
JK007036,0686IbnZakariyaManbiji.LubabFiJamc,2,359
JK007037,0767CizzDinIbnJamaca.MukhtasarKabir,12,2518
JK007039,0748Dhahabi.TanqihTahqiq,4,583
JK007040,0370AbuMansurAzhari.TahdhibLugha,7,2273
JK007041,1204SulaymanJamal.Hashiya,4,670
JK007042,0776LisanDinIbnKhatib.RayhanatKitab,2,186
JK007043,0321Tahawi.SharhMushkilAthar,48,9061
JK007044,1014MullaCaliQari.MirqatMafatih,61,12513
JK007045,0741KhatibTabrizi.MishkatMasabih,45,9028
JK007048,0317AbuQasimBaghawi.HadithMuscab,1,109
JK007049,0235IbnAbiShayba.Musnad,7,1256
JK007054,0763IbnMuflihMaqdisi.AdabSharciyya,27,3767
JK007056,0597IbnJawzi.ZirafWaMutamajinin,7,1947
JK007060,0794BadrDinZarkashi.BahrMuhit,1,119
JK007062,0902Sakhawi.Buldaniyyat,4,579
JK007063,0597IbnJawzi.Tabsira,28,5610
JK007065,0488IbnFutuhHumaydi.JamcBaynaSahihayn,67,15146
JK007066,0673IbnMansurIbnHaddad.JawharNafis,2,310
JK007070,0974IbnHajarHaytami.Zawajir,17,3907
JK007078,0463KhatibBaghdadi.FaqihWaMutafaqqih,5,953
JK007081,1094IbnMusaKaffawi.Kulliyat,3,338
JK007082,0333IbnMarwanDinawari.MujalasaWaJawahirCilm,38,6263
JK007083,0744IbnCabdHadi.MuharrirFiHadith,4,679
JK007084,0737IbnMuhammadIbnHajjFasi.Madkhal,4,796
JK007089,0799IbnFarhun.TabsiratHukkam,2,486
JK007091,0744IbnCabdHadi.TacliqaCalaCilal,1,127
JK007094,0412Sulami.Tafsir,4,539
JK007097,0842IbnNasirDinDimashqi.TawdihMushtabih,13,1652
JK007098,0972IbnMahmudAmirBadishahBukhari.TaysirTahrir,4,582
JK007100,0321IbnDuraydAzdi.JamharatLugha,3,358
JK007104,1176ShahWaliAllahDihlawi.HujjatAllahBaligha,4,664
JK007106,0246HishamSulami.HadithHisham,1,104
JK007107,0676Nawawi.KhulasatAhkam,3,437
JK007111,0772ShamsDinHanbaliZarqashi.SharhCalaMukhtasarKhiraqi,7,905
JK007113,0926ZakariyyaAnsari.AsnaMatalib,1,79
JK007116,0806IbnHusaynZaynDinCiraqi.TaqribAsanid,4,900
JK007117,0806IbnHusaynZaynDinCiraqi.TarhTarthib,22,3591
JK007119,1098IbnMuhammadShihabDinHamawi.GhamzCuyun,1,79
JK007121,0756TaqiDinSubki.Fatawa,2,363
JK007126,0730IbnAhmadCalaDinBukhari.KashfAsrar,1,255
JK007128,0597IbnJawzi.KashfMushkil,27,4877
JK007132,1299MuhammadCulayshMaliki.MinahJalil,2,204
JK007135,1004ShamsDinRamli.NihayatMuhtaj,1,79
JK007140,1205MurtadaZabidi.TajCarus,68,9398
JK007141,1069ShihabDinQalyubi.HashiyatKanzRaghibin,3,502
JK007143,1093CabdQadirBaghdadi.KhizanatAdab,190,44855
JK007501,0001AbuTalibCabdManaf.Diwan,25,5756
JK007519,0001TufaylGhanawi.Diwan,1,93
JK007521,0001CurwaIbnWard.Diwan,1,167
JK007534,0054HassanIbnThabit.Diwan,15,3486
JK007538,0041LabidIbnRabica.Diwan,2,325
JK007539,0080UqayshirAsadi.Diwan,1,224
JK007540,0040CaliIbnAbiTalib.Diwan,31,4912
JK007541,0060MucawiyaIbnAbiSufyan.Diwan,13,2137
JK007546,0125Tirimmah.Diwan,1,113
JK007547,0110Farazdaq.Diwan,5,1097
JK007549,0110JarirShacir.Diwan,2,296
JK007550,0082JamilButhayna.Diwan,4,500
JK007557,0068QaysIbnDharihLubna.Diwan,1,147
JK007558,0105KuthayyirCazza.Diwan,10,2037
JK007560,0068QaysMajnunLayla.Diwan,1,87
JK007561,0182MarwanIbnAbiHafsa.Diwan,1,146
JK007572,0362IbnHaniAndalusi.Diwan,32,8514
JK007575,0572RusafiBalansi.Diwan,1,259
JK007579,0211AbuCatahiya.Diwan,9,1441
JK007580,0449AbuCalaMacarri.Diwan,11,1858
JK007583,0231AbuTamam.Diwan,478,109167
JK007584,0357AbuFirasHamdani.Diwan,234,61849
JK007587,0584IbnMunqidhShayzari.Diwan,21,5792
JK007588,0517IbnKhayyatShacir.Diwan,11,2503
JK007589,0283IbnRumi.Diwan,65,18174
JK007590,0632SharafDinIbnFarid.Diwan,2,160
JK007592,0296IbnMuctazz.Diwan,3,930
JK007593,0619IbnNabih.Diwan,1,109
JK007595,0321IbnDuraydAzdi.Diwan,13,2040
JK007597,0630IbnCunayn.Diwan,2,276
JK007598,0507AbiwardiShacir.Diwan,6,789
JK007599,0204Shafici.Diwan,1,102
JK007601,0284Buhturi.Diwan,8,1950
JK007603,0696SharafDinBusiri.Diwan,19,6407
JK007604,0198AbuNuwasShacir.Diwan,161,34781
JK007606,0362SariRaffa.Diwan,154,48687
JK007608,0406SharifRadi.Diwan,81,25787
JK007610,0354Mutanabbi.Diwan,64,11266
JK007611,0385WaWaDimashqi.Diwan,6,624
JK007612,0398BadicZamanHamadhani.Diwan,14,2645
JK007613,0167BashsharIbnBurdShacir.Diwan,1,224
JK007615,0246DicbilKhuzaci.Diwan,68,14582
JK007616,0235DikJinn.Diwan,19,4458
JK007618,0583SibtIbnTacawidhiShacir.Diwan,12,4567
JK007619,0240CabdSamadIbnMucadhdhal.Diwan,1,91
JK007620,0466IbnSinanKhafaji.Diwan,86,20356
JK007622,0213IbnJabalaShacir.Diwan,2,223
JK007623,0416CaliIbnMuhammadTihami.Diwan,3,477
JK007626,0360KushajimShacir.Diwan,17,4439
JK007627,0130IbnBashirKhariji.Diwan,3,682
JK007628,0215IbnHazimBahili.Diwan,2,206
JK007630,0428MihyarDaylami.Diwan,47,10387
JK007634,1087IbnMactuqShacir.Diwan,3,679
JK007635,1119IbnMacsum.Diwan,11,2197
JK007636,0768IbnNubataShacir.Diwan,2,146
JK007639,0750SafiDinHilli.Diwan,29,6095
JK007641,1143CabdGhaniNabulusi.Diwan,6,923
JK008001,0975MuttaqiHindi.KanzCummal,332,67706
JK008008,0395IbnFarisQazwini.MucjamMaqayis,1,93
JK008250Vols,0310Tabari.TahdhibAthar,20,3503
JK009137,0804IbnMulaqqin.BadrMunir,33,5415
JK009138,0699ShihabDinIshbiliLakhmi.MukhtasarKhilafiyyat,6,925
JK009139,0450AbuHasanMawardi.HawiKabir,58,12257
JK009141,0581IbnKharratIshbili.AhkamSharciyya,73,16367
JK009142,0463KhatibBaghdadi.AsmaMubhama,8,1514
JK009144,1014ZaynDinTablawi.ShamcaMudiyya,1,74
JK009146,0628IbnQattanFasi.BayanWahm,4,477
JK009149,1200CabdNabiAhmadNagari.DusturCulama,3,562
JK009150,0643IbnNajjar.DhaylTarikhBaghdad,6,800
JK009151,0771TajDinSubki.RafcHajib,2,706
JK009152,0510IbnMascudBaghawi.SharhSunna,43,9124
JK009153,0354IbnCabdAllahBazzaz.Fawaid,8,1776
JK009154,0696IbnZahiri.Mashyakha,7,1302
JK009158,0360AbuBakrAjurri.Sharica,39,11168
JK009160,0535QawwamSunna.HujjaFiBayanMahajja,13,2911
JK009174,0281IbnAbiDunya.QasrAmal,5,640
JK009178,0507IbnQaysarani.Samac,2,338
JK009179,0458Bayhaqi.QadaWaQadar,3,561
JK009185,0430AbuNucaymIsbahani.ImamaWaRaddCalaRafida,2,296
JK009186,0463KhatibBaghdadi.MuntakhabMinZuhdWaRaqaiq,1,109
JK009187,0281IbnAbiDunya.Cuzla,4,1301
JK009189,0658IbnAbbar.MucjamAshab,4,776
JK009190,0380AbuBakrKalabadhi.MacaniAkhbar,2,408
JK009191,0597IbnJawzi.TanwirGhabash,11,4558
JK009208,0487AbuCubaydBakri.TanbihCalaAwham,1,78
JK009209,0296MuhammadIbnJarrah.ManIsmuhCamr,3,420
JK009214,0685IbnYahyaSulami.CiqdDurar,45,8681
JK009216,0414AbuSacidNaqqash.FununCajaib,1,194
JK009218,0483IbnAhmadSarakhsi.SharhSiyarKabir,4,617
JK009220,0403AbuBakrBaqillani.Insaf,3,665
JK009223,0236AbuCabdAllahZubayri.NasabQuraysh,30,6092
JK009225,0487AbuCubaydBakri.SimtLaaliFiSharhAmali,20,2582
JK009226,0499MurshidYahyaIbnShajari.Amali,64,14447
JK009228,0600AbuBaqaHilli.ManaqibMazyadiyya,20,6569
JK009229,0808MuhammadDamiri.HayatHayawanKubra,91,21598
JK009230,0413AbuIshaqHusri.ZahrAdab,220,42772
JK009231,0795IbnRajabHanbali.FathBariFiSharhSahihBukhari,4,701
JK009233,1008DawudAntaki.TazyinAswaq,33,6325
JK009234,0449AbuCalaMacarri.RisalatGhufran,3,667
JK009236,0894CabdRahmanSaffuri.NuzhatMajalis,12,2183
JK009237,0638IbnCarabi.FutuhatMakkiyya,10,2518
JK009239,0852IbnHajarCasqalani.InbaGhumr,23,5395
JK009241,0911Suyuti.HawiLiFatawi,35,6521
JK009245,1188ShamsDinSaffarini.GhidhaAlbab,30,5044
JK009246,0774IbnKathir.FadailQuran,2,559
JK009247,1345IbnCafifiKhudari.NurYaqin,43,10713
JK009248,1221IbnMuhammadBujayrimiMisri.TuhfatHabib,10,1239
JK009256BK1,0742Mizzi.TuhfatAshraf,7,896
JK009257,0465IbnHawazinQushayri.LataifIsharat,4,430
JK009265,0774IbnKathir.NihayaFiFitan,10,1919
JK009266,0880IbnCadilHanbali.LubabFiCulumKitab,62,13635
JK009268,0730NizamDinNaysaburi.GharaibQuran,53,10653
JK009269,0398BadicZamanHamadhani.Maqamat,3,1131
JK009270,0885BurhanDinBiqaci.NazmDurar,29,7456
JK009273,0974IbnHajarHaytami.FatawaHadithiyya,5,792
JK009274,0911Suyuti.FathKabir,27,5280
JK009275,0245MuhammadIbnHabib.MunammaqFiAkhbarQuraysh,10,2031
JK009283,0377IbnMuhammadShimshati.AnwarWaMahasinAshcar,13,1878
JK009288,0414AbuHayyanTawhidi.Basair,74,13406
JK009291,0320IbnMuhammadBayhaqi.Mahasin,65,18239
JK009296,1111MuhammadAminMuhibbi.NafahatRayhana,133,32657
JK009298,0386AbuTalibMakki.QutQulub,8,1459
JK009301,0973CabdWahhabShacrani.LawaqihAnwar,7,1393
JK009304,0500IbnAhmadSarrajBaghdadi.MasaricCushshaq,22,3148
JK009306,1100MuhammadItlidi.IclamNas,35,10235
JK009307,0750PseudoIbnFuwati.Hawadith,63,23811
JK009313,0942IbnYusufShami.SubulHuda,459,102621
JK009318,0974IbnHajarHaytami.Inafa,1,102
JK009320,0429AbuMansurThacalibi.LubabAdab,14,1755
JK009321,0465IbnHawazinQushayri.RisalaQushayriyya,3,401
JK009324,0449IbnBattalQurtubi.SharhSahihBukhari,25,5387
JK009325,0562IbnHamdun.TadhkiraHamduniyya,444,104567
JK009327,0321IbnDuraydAzdi.Ishtiqaq,3,299
JK009329,0676Nawawi.BustanCarifin,1,181
JK009331,0548Shahrastani.NihayatAqdam,1,126
JK009332,1031CabdRaufMunawi.SayyidatNisa,9,1637
JK009336,0606IbnAthirMajdDin.JamicUsul,107,22072
JK009358,0852IbnHajarCasqalani.TabsirMuntabih,1,79
JK009360,1111MuhammadAminMuhibbi.DhaylNafahatRayhana,5,670
JK009362,1393MuhammadTahirIbnCashurTunisi.TahrirWaTanwir,35,6321
JK009364,0255Jahiz.MahasinWaAddad,9,1619
JK009365,1031BahaDinCamili.Kashkul,190,46579
JK009366,0521IbnMuhammadBatalyawsi.HulalFiSharh,4,1041
JK009370Vols,0597CimadDinKatibIsfahani.KharidatQasr,132,29991
JK009379,0911Suyuti.Habaik,3,563
JK009388,0911Suyuti.Baha,1,121
JK009390,1423CabbasAhmadSaqr.JamicAhadith,394,84354
JK009391,0576AbuTahirSilafi.Tuyuriyyat,15,2707
JK009395,0665AbuShama.SharhHadithMuqtafa,8,1918
JK009396,0450AbuHasanMawardi.NukatWaCuyun,19,3291
JK009402,0505Ghazali.SirrCalamin,2,323
JK009405,0909IbnMabrid.SayrHathth,1,150
JK009408,0430AbuNucaymIsbahani.MacrifatSahaba,155,29646
JK010001,1225IbnNasirNajdi.FawakihCidhab,24,4543
JK010081,0626IbnMuhammadKhwarazmiSakkaki.MiftahCulum,1,87
JK010092,0395IbnFarisQazwini.Sahibi,4,724
JK010127,0987ZaynDinMalibari.IsticdadLiMawt,3,588
JK010136,0643DiyaDinMaqdisi.IttibacSunan,1,96
JK010146,0209AbuCubayda.MajazQuran,1,77
JK010180,0597IbnJawzi.Manthur,1,117
JK010189,1014MullaCaliQari.FaydMucin,1,113
JK010191,0911Suyuti.MimmaRawahuAsatin,2,265
JK010200,0795IbnRajabHanbali.AsbabMaghfira,1,113
JK010226,0375IbnHamzaBasri.Tanbihat,2,847
JK010250,1281IbnShawkani.FiSulukIslami,1,85
JK010253,0984BadrDinGhazzi.AdabCishra,1,83
JK010317,0902Sakhawi.ManhalCadhb,1,504
JK010322,1010TaqiDinGhazzi.TabaqatSaniyya,44,12477
JK010325,0350MuhammadKindi.WulatMisr,2,400
JK010338,0854IbnCarabshah.CajaibMaqdur,56,13504
JK010344,0346Mascudi.MurujDhahab,304,73353
JK010352,0334IbnHaikHamdani.Iklil,2,542
JK010370,0395AbuHilalCaskari.Awail,20,4217
JK010372,0709IbnTiqtaqa.FakhriFiAdab,45,12302
JK010397,1153IbnKannan.YawmiyyatShamiyya,2,447
JK010473,1102NurDinYusi.MuhadaratFiLugha,15,2336
JK010475,1270ShihabDinAlusi.GharaibIghtirab,5,587
JK010478,0767IbnCisaBalawi.TajMafriq,10,1154
JK010491,0510CawtabiSuhari.Ansab,13,1743
JK010494,1364IbnHamdMughiri.MuntakhabQabail,4,748
JK010500,0632IsmacilMarwazi.FakhriFiAnsab,2,250
JK010504,0204IbnKalbi.JamharatAnsab,1,76
JK010522,0337IbnIshaqZajjaji.Amali,11,2349
JK010545,0426IbnShuhaydAshjaci.TawabicWaZawabic,2,281
JK010550,0764Safadi.NaktHimyan,29,6594
JK010552,0390IbnZakariyaNahrawani.JalisSalih,102,24938
JK010561,0538JarAllahZamakhshari.RabicAbrar,96,15433
JK010565,0613CaliIbnZafir.BadaicBadaih,20,4613
JK010566,0280IbnTayfur.BallaghatNisa,70,31358
JK010568,0654IbnCabdWahidIbnAbiIsbac.TahrirTahbir,35,5811
JK010583,0658IbnAbbar.IctabKitab,10,2548
JK010594,0255Jahiz.AmilWaMamul,2,278
JK010605,0291IbnYahyaThaclab.MajalisThaclab,8,2243
JK010611,0414AbuHayyanTawhidi.Sadaqa,6,803
JK010621,0413AbuIshaqHusri.JamcJawahir,59,13245
JK010625,0406IbnHabibNaysaburi.CuqalaMajanin,30,7252
JK010629,0656IbnFadlMuzaffarCiraqi.NagratIghrid,17,2140
JK010635,0573NashwanHimyari.HurCin,9,1860
JK010637,0463IbnRashiqQayrawani.CumdaFiMahasinShicr,96,14926
JK010638,0392IbnCabdCazizJurjani.Wisata,136,18721
JK010640,0430AswadGhundijani.FarhatAdib,2,212
JK010646,0540AbuMansurJawaliqi.SharhAdabKatib,6,1222
JK010649,1050IbnMansurBiLlahYamani.AdabCulama,3,1056
JK010651,0304YamutIbnMuzarrac.Amali,11,2449
JK010653,0321IbnDuraydAzdi.FawaidWaAkhbar,3,339
JK010655,1167IbnHamidMashtuli.SalwatAhzan,1,143
JK010658,0633IbnDihyaJumayyilKalbi.MutribMinAshcar,11,1541
JK010665,0685IbnSacidMaghribi.MurqisatWaMutribat,26,4061
JK010666,0337IbnIshaqZajjaji.Akhbar,21,4353
JK010667,0418WazirMaghribi.AdabKhawass,2,189
JK010670,0571IbnIbrahimIbnSacdKhayrAnsari.QurtCalaKamil,13,2077
JK010671,0255AbuHatimSijistani.Mucammarun,10,2331
JK010672,0425RaqiqQayrawani.QutbSurur,62,10505
JK010676,0321IbnDuraydAzdi.TacliqMinAmali,15,3127
JK010699,0440AbuRayhanBiruni.Jamahir,3,319
JK010716,0505Ghazali.MicyarCilm,2,195
JK010724,0692IbnCisaBahaDinIrbili.TadhkiraFakhriyya,64,9222
JK010727,1299IbnMuhammadNajafiQurashi.Hamasa,27,4034
JK010729,0584IbnMunqidhShayzari.LubabAdab,46,8724
JK010730,0911Suyuti.NuzhatJulasa,1,92
JK010731,0362SariRaffa.MuhibbWaMahbub,35,4829
JK010732,0597IbnMubarakBaghdadi.MuntahaTalab,17,4290
JK010733,0911Suyuti.Izdihar,13,1894
JK010734,0322IbnAbiCawn.Tashbihat,39,5128
JK010738,0297IbnDawudZahiri.Zahra,100,14707
JK010741,0246DicbilKhuzaci.WasayaMuluk,1,151
JK010743,0702IbnCabdRahmanCubaydi.TadhkiraSacdiyya,83,12357
JK010744,0613CaliIbnZafir.GharaibTanbihat,10,1687
JK010746,0657IbnIbrahimIrbili.MudhakaraFiAlqab,16,2509
JK010747,0380Khalidiyyan.AshbahWaNazair,18,2624
JK010749,0584IbnMunqidhShayzari.BadicFiNaqdShicr,42,5190
JK010752,0431IbnMuhammadZuzani.HamasatZurafa,18,2156
JK010753,0449AbuCalaMacarri.MucjizAhmad,243,36078
JK010754,0468IbnAhmadWahidiNaysaburi.SharhDiwanMutanabbi,268,36746
JK010761,0650IbnMuhammadRadiDinSaghani.CubabZakhir,8,1055
JK010764,0692IbnCisaBahaDinIrbili.RisalatTayf,11,1442
JK010766,1102NurDinYusi.ZahrAkam,95,13704
JK010767,0276IbnQutaybaDinawari.AshribaWaIkhtilafFiha,2,367
JK010768,0384MuhassinTanukhi.Mustajad,19,4254
JK010770,0854IbnCarabshah.FakihatKhulafa,4,503
JK010771,0718AbuIshaqWatwat.MabahijFikar,8,1066
JK010775,0458IbnSidaMursi.SharhMushkil,9,926
JK010776,0393IbnWakicTinnisi.MunsifLiSariq,47,5357
JK010777,0388IbnHasanHatimi.RisalaWadiha,49,7196
JK010778,1073YusufBadiciDimashqi.SubhMunabbi,326,99800
JK010779,0380IbnCabdRahmanIsbahani.Wadih,21,7972
JK010780,0492AbuMurshidMacarri.TafsirAbyat,16,1695
JK010786,0460IbnSharafQayruwani.MasailIntiqad,3,329
JK010919,0571IbnCasakir.ArbacunaBuldaniyya,2,505
JK011034,0168MufaddalDabbi.AmthalCarab,1,92
JK011153,0682CabdRahmanIbnQudama.SharhKabir,9,1527
JK011178,0370CaribQurtubi.SilaTarikhTabari,16,3900
JK011225,1014MullaCaliQari.SharhMusnadAbiHanifa,3,437
JK011442,0224QasimIbnSallam.NasikhWaMansukh,1,142
JK011497,0272IbnIshaqFakihi.HadithFakihi,1,165
JK011548,0294IbnNasrMarwazi.SalatWitr,1,165
JK011564,0301AbuBakrFaryabi.FadailQuran,1,137
JK011593,0845Maqrizi.MukhtasarQiyamLayl,3,766
JK011642,0360Tabarani.MakarimAkhlaq,3,571
JK011645,0366IbnCabdAllahNaysaburi.ManWafaqatKunyatuhu,3,1177
JK011658,0450AbuHasanMawardi.AdabDunyaWaDin,26,3313
JK011690BK2,0786IbnMuhammadBabarti.CinayaSharhHidaya,1,83
JK011699,0844IbnKhalilCalaDinTarabulusi.MucinHukkam,2,493
JK011730,1156IbnMuhammadAbuSacidKhadimi.BariqaMahmudiyya,14,1614
KetabOnline01046403,0749IbnAkfaniSinjari.IrshadQasid,2,372
Kraken2102182324111,0762IbnDurayhim.ManhajSawab,4,836
Kraken21040815,0973CabdWahhabShacrani.KibritAhmar,1,289
Kraken21040818,0687Shahrazuri.NuzhatArwah,4,1046
Kraken21041223,0748Adfuwi.TalicSacid,19,5928
Kraken21042004,0911Suyuti.NawadirAyk,2,273
Kraken21042915,0651IbnYusufAbuCabbasTifashi.NuzhatAlbab,1,201
Kraken21042921,0628IbnZayyat.Tashawwuf,4,770
Kraken21050704,0709Tijani.TuhfatCarus,1,117
Kraken21052100,0517AbuTahirBaghdadi.QanunBalagha,1,384
Kraken210528115855,0677IbnMuyassar.AkhbarMisr,3,1033
Kraken210615213257,0470MuayyadFiDinShirazi.Sira,14,4357
Kraken210622021806,0548Shahrastani.MafatihAsrar,4,591
Kraken2106220218081,0322AbuHatimRazi.Zina,17,1978
Kraken210622164501,1184IsmacilMajduc.Fahrasa,1,282
Kraken210713085803,0711IbnManzurIfriqi.TahdhibKhawass,5,687
Kraken2107130858031,0711IbnManzurIfriqi.AkhbarAbiNuwas,123,28417
Kraken210714194926,0725IbnMucallim.NajmMuhtahdi,1,206
Kraken2107192213161,0550Wisyani.Siyar,2,241
Kraken210719221518,0807IbnFurat.TarikhDuwal,6,1075
Kraken2107192215372,0739ShamsDinJazari.HawadithZaman,1,125
Kraken2108092202141,0200AbuGhanimKhurasani.MudawwanaKubra,2,266
Kraken210809220218,0350MuhammadKindi.AkhbarQudatMisr,1,152
Kraken210901163531,0582IbnBarri.Tanbih,2,196
Kraken210903002705,0360HamzaIsfahani.DurraFakhira,3,856
Kraken210904174303,0470MuayyadFiDinShirazi.Majalis,1,142
Kraken211005012007,0775Anonymous.InsafFiIntisaf,30,7231
Kraken211201162527,1429MustafaSacidKhinn.IkhtilafAthar,2,278
Kraken220201000819,0739JalalDinQazwini.TalkhisMiftah,3,289
Kraken220204081839,0632AbuHafsSuhrawardi.CawarifMacarif,2,287
Kraken220208041038,0768Yafici.RawdRayahin,24,4640
Kraken22020804103900,0565AbuHamidGharnati.TuhfatAlbab,1,116
Kraken22020804103901,0565IbnZafar.SulwanMutac,1,126
Kraken220208041040,1031CabdRaufMunawi.KawakibDurriyya,20,3125
Kraken220208041043,0814IbnZayyat.KawakibSayyara,1,155
Kraken220208041045,0565IbnZafar.AnbaNujabaAbna,13,4327
Kraken22020817055000,0764Safadi.TashnifSamc,1,78
Kraken22020817055002,0749ZaynDinIbnWardi.FathRahim,2,359
Kraken220216061206,0597IbnJawzi.MajalisFiMutashabih,1,291
Kraken22021606120702,0637IbnKhabbazMawsili.FaridaFiSharh,1,110
Kraken22021606121201,0697IbnWasil.TajridAghani,281,69636
Kraken22021606121900,0377IbnAhmadFarisi.MasailShiraziyyat,1,110
Kraken220216061221,1014MullaCaliQari.MinahRawdAzhar,4,839
Kraken220216061222,1270ShihabDinAlusi.HashiyatSharhQatr,1,142
Kraken22021606123102Vols,0816IbnMuhammadSharifJurjani.SharhMawaqif,1,189
Kraken22021606123201,0885BurhanDinBiqaci.NukatWaFawaid,18,2115
Kraken22021701013201,0392IbnJinniMawsili.MudhakkarWaMuannath,2,330
Kraken22021802055100,0745MuayyadYahyaIbnHamzaCalawi.TamhidFiSharh,6,738
Kraken22021802055300,0656AhmadRassas.MisbahCulum,3,544
Kraken22021802055304,0340CaliIbnCisaJisri.RisalatTawhid,1,246
Kraken220218125252,1024Burini.TarajimAcyan,2,980
Kraken220218125253,0814IbnNahhas.MasharicAshwaq,43,8196
Kraken220218125255,1283SafaDinBandaniji.JamicAnwar,55,12178
Kraken22021817402400,0243HarithMuhasibi.Wasaya,2,594
Kraken22021817402401,0586Jacdi.TabaqatFuqahaYaman,2,511
Kraken220228162440,0363QadiNucman.KitabHimma,1,210
Kraken220301002522,1450TalalSacudDacjani.MawaridIbnCasakir,1,95
Kraken220308195636,0646IbnQifti.TarikhHukama,22,8863
Kraken22030819563701,0617IbnTuwayr.NuzhatMuqlatayn,1,295
Kraken220308195638,0930IbnIyas.BadaicZuhur,2,248
Kraken220308195640,0697IbnWasil.TarikhSalihi,5,1017
Kraken220315001901,0392IbnJinniMawsili.FathWahbi,12,1407
Kraken22031816264700,0815MuhibbDinIbnShihna.RawdMunazir,18,3888
Kraken22031816264701,1007Saktawari.MuhadaratAwail,5,1034
Kraken22032302241501,0672MakinIbnCamid.Tarikh,4,784
Kraken22032302241503,1387Shayyal.MajmucatWathaiqFatimiyya,1,337
Kraken220410202734,0335Suli.QitcaNadira,1,233
Kraken220410202737,0288Ushnandani.MacaniShicr,8,1766
Kraken220410202739BK1,0319AbuQasimBalkhi.Maqalat,3,660
Kraken22041020274100,0329IbnIbrahimQummi.QadayaAmirMuminin,20,5616
Kraken220413030757,0893IbnAhmadZaynDinSharji.TabaqatKhawass,3,939
Kraken220413030759,0776MuhammadIbnHasanWasiti.MajmacAhbab,130,31112
Kraken220413030847,0870Jazuli.DalailKhayrat,18,5612
Kraken220413030905,0786IbnCabdRahmanJamalDinHubayshi.Baraka,4,1043
Kraken220413030924,0759MufaddalIbnAbiFadail.NahjSadid,2,286
Kraken220413030927,0704IbnNuhQusi.WahidFiSuluk,2,213
Kraken220413030940,0725ShihabDinMahmudAbuThana.HusnTawassul,12,2392
Kraken220413194022,1359FarajAllahZakiKurdi.MajmucatFatawaIbnTaymiyya,4,625
Kraken22041319410300,0974IbnHajarHaytami.Cumda,3,813
Kraken220413194118,0902Sakhawi.Istijlab,21,4207
Kraken220413194130,1033MarciKarmi.NuzhatNazirin,1,193
Kraken220413194132,0974IbnHajarHaytami.MinahMakkiyya,14,2831
Kraken220413194138,0911Suyuti.Fariq,1,93
Kraken220413194140,0950IbnSabat.SidqAkhbar,5,1472
Kraken220413202218,0597IbnJawzi.MinhajQasidin,12,3629
Kraken220413202438,0360KushajimShacir.AdabNadim,1,129
Kraken220413202903,0595Daylami.SharhAnfasRuhaniyya,1,110
Kraken220413203004,0652Mahalli.HadaiqWardiyya,184,50595
Kraken220413203014,0384AbuHasanRummani.Jamic,2,604
Kraken220414225447,0709IbnCataAllahSikandari.LataifMinan,1,98
Kraken220414225509,0505Ghazali.MinhajCabidin,1,162
Kraken220602160053,0674IbnSaci.JamicMukhtasar,16,3693
Kraken220602160054,0697Kazaruni.MukhtasarTarikh,4,597
Kraken22060217014102,0256IbnIshaqKindi.RasailFalsafiyya,12,2832
Kraken220603212428,0500Anonymous.CuyunWaHadaiq,11,3258
Kraken220603212436,0421Miskawayh.HikmaKhalida,116,37642
Kraken220727035853,1204SulaymanJamal.FutuhatIlahiyya,21,3873
Kraken220804162009,0335IbnQass.DalailQibla,1,105
Kraken220809002354,1102NurDinYusi.Qanun,2,227
Kraken220824165557,0832TaqiFasi.Tacrif,1,84
Kraken22101805425501,0440AbuRayhanBiruni.IsticabAsturlab,3,690
Kraken22101805425502,0440AbuRayhanBiruni.QanunMascudi,1,184
Kraken22101805430305,0440AbuRayhanBiruni.Zilal,1,187
Kraken221108001223,0335Suli.KhilafatWathiq,8,1803
Kraken230106005528,0944IbnDaybac.TaysirWusul,15,3697
Kraken230107021738,0600CabdGhaniMaqdisi.Kamal,47,7597
Kraken230110004547,0622IbnBadrDiyaDinMawsili.JamcBaynSahihayn,27,5254
Kraken23022301,0748Dhahabi.TajridAsmaSahaba,2,167
LAL2013020401BK1,0454Qudaci.DusturMacalim,14,3256
LAL2016110801,0454Qudaci.Shihab,4,1115
LAL2017040401,0276IbnQutaybaDinawari.FadlCarab,5,634
LAL2020111001,0650JamalDinJawbari.MukhtarFiKashfAsrar,1,107
LMN20200928,0750IbnLuyunTujibi.InalaCilmiyya,1,200
LMN20251118,0434MultipleDruze.RasailHikmaB,1,120
MMS00005,0833Shaybi.Sharaf,4,506
MMS00006,0837IbnHijjaHamawi.QahwatInsha,2,257
MMS00008,0843IbnKhatibNasiriyya.DurrMuntakhab,35,6895
MMS00010,0845Maqrizi.DhahabMasbuk,1,478
MMS00011,0845Maqrizi.DurarCuqud,12,2558
MMS00013,0845Maqrizi.KhabarCanBashar,42,9929
MMS00017,0852IbnHajarCasqalani.DhaylDurar,1,174
MMS00020,0854IbnCarabshah.TalifTahir,2,204
MMS00024,0855BadrDinCayni.SayfMuhannad,6,935
MMS00026,0872Zahiri.ZubdatKashf,3,574
MMS00029,0885BurhanDinBiqaci.CunwanCunwan,1,156
MMS00030,0885BurhanDinBiqaci.CunwanZaman,2,278
MMS00033,0885IbnFahd.MucjamShuyukh,2,348
Masaha000001Vols,0329IbnYacqubKulayni.UsulMinKafi,229,54413
Masaha000146Vols,0800IbnAbiHasanDaylami.IrshadQulub,59,16675
Masaha000147,0413ShaykhMufid.Ifsah,1,145
Masaha000221,0350IbnJahham.Tawil,19,4708
Masaha000259,0449AbuFathKarajiki.DalilNass,1,172
Masaha0003164Vols,1389AghaBuzurgTihrani.TabaqatAclamShica,607,104174
Masaha000428,0436SharifMurtada.MuqnicFiGhayba,2,580
Masaha000554Vols,1450NasirMakarimShirazi.AmthalFiTafsir,97,20137
Masaha000582,0447AbuSalahHalabi.Kafi,5,843
Masaha000626,0381IbnBabawayhSaduq.SilsilatMutunFiqhiyya,3,881
Masaha000722Vols,0481IbnBarrajTarabulusi.Muhadhdhib,1,155
Masaha000955Vols,0393IbnHammadJawhari.SihahTajLugha,3,375
Masaha000979,0350MuhammadIbnMuhammadIbnAshcath.Jacfariyyat,5,892
Masaha000980,0413ShaykhMufid.JawabatAhlMawsil,6,1164
Masaha000984,0448SallarIbnCabdCaziz.MarasimCalawiyya,1,153
Masaha000989,0413ShaykhMufid.Muqnica,6,1188
Masaha000998Vols,0436SharifMurtada.Rasail,75,15449
Masaha001007BK2,1450MutamarImamRida.MustadrakMasail,1,119
Masaha001028,0573IbnHibatAllahQutbDinRawandi.SalwatHazin,18,3046
Masaha001043,0672NasirDinTusi.JawahirFaraid,1,444
Masaha001072,0705IbnYusufHilli.CudadQawiyya,93,21875
Masaha001075,0905IbnCaliTaqiDinKafcami.Misbah,73,20606
Masaha001108Vols,0910IbnAbiJumhurAhsai.CawaliLaali,22,3905
Masaha001130Vols,0965ShahidThani.Istiqsa,105,18543
Masaha001142Vols,0965ShahidThani.RawdaBahiyya,3,1014
Masaha001152,0965ShahidThani.HashiyatIrshad,81,17172
Masaha001831,0360Tabarani.AkhbarHasan,8,1583
Masaha001832,0833IbnJazari.AsnaMatalib,15,3173
Masaha001838,0497IbnFarajIbnTallacQurtubi.AqdiyatRasul,7,1478
Masaha001842Vols,0413ShaykhMufid.Irshad,724,219079
Masaha001920,0658IbnYusufGanji.Bayan,30,7729
Masaha001922,0664IbnTawus.Tashrif,15,3212
Masaha001945,0290IbnHasanSaffar.BasairDarajat,37,7454
Masaha001946Vols,0893CamiriHaradi.BahjatMahafil,100,17004
Masaha001955,0660IbnCadim.TarjamatHusayn,32,5840
Masaha001956,0508FattalNaysaburi.TasmiyatManQutila,5,598
Masaha001961Vols,0966HusaynDiyarbakri.TarikhKhamis,311,69667
Masaha001978Vols,0955MuhammadKarakiHairi.TasliyatMujalis,368,99653
Masaha002028Vols,0581AbuQasimSuhayli.RawdUnuf,319,80502
Masaha002040,0855IbnTayyFaqacani.Sultan,4,777
Masaha002064Vols,0450IbnMuhammadCasimi.CasalMusaffa,57,11401
Masaha002066,0819CizzDinIbnJamaca.GhurarWaDurar,1,139
Masaha002069Vols,0460ShaykhTusi.Ghayba,168,39019
Masaha002070,0380IbnIbrahimNucmani.Ghayba,53,9708
Masaha002199,0748Dhahabi.RisalaTuruqHadith,29,6224
Masaha002219,0803BahaDinNiliNajafi.SururAhlIman,17,4642
Masaha002300,0203CaliRida.RisalaDhahabiyya,3,1360
Masaha002301,0664IbnTawus.TarafMinAnbaWaManaqib,2,740
Masaha002310,0800IbnAbiHasanDaylami.GhurarAkhbar,52,11628
Masaha002336,0483IbnMuhammadIbnMaghaziliWasiti.ManaqibCali,53,9859
Masaha002473,0336IbnHumamIskafi.KifayatTalib,124,27923
Masaha002493,0400IbnMuhammadKhazzaz.KifayatAthar,34,8837
Masaha002862,0400IbnJarirTabariSaghir.Mustarshid,28,5192
Masaha002865,0334IbnHamdanKhusaybi.HidayaKubra,22,6158
Masaha002871,0333IbnCuqdahKufi.FadailAmirMuminin,23,6294
Masaha002872,0905IbnCabdRahmanIjiShafici.FadailThaqalayn,137,29779
Masaha002876,0813RajabIbnMuhammadBursi.MashariqAnwar,34,7480
Masaha002880Vols,0722IbrahimIbnSacdDin.FaraidSamtayn,133,29575
Masaha002999Vols,1373MuhammadHusaynKashifGhita.TahrirMajalla,11,1503
Masaha003027,0157AbuMikhnafAzdi.WaqcatTaff,189,53870
Masaha003032,0911Samhudi.WasailWusul,12,2435
Masaha003034,0400IbnJarirTabariSaghir.NawadirMucjizat,2,377
Masaha003104,0750IbnYusufZarandi.NazmDurar,97,20785
Masaha003292,0336IbnHumamIskafi.MuntakhabAnwar,3,704
Masaha003293,0803BahaDinNiliNajafi.MuntakhabAnwar,61,17896
Masaha003294,0410IbnMardawayh.ManaqibCali,78,17946
Masaha003296Vols,0300IbnSulaymanKufi.ManaqibImam,111,26068
Masaha003299,0657SharafDinMawsili.NacimMuqim,27,3382
Masaha003308,0401IbnAyyashJawhari.MuqtadabAthar,17,4124
Masaha003390Vols,0436SharifMurtada.Amali,104,19995
Masaha003516,0726CallamaHilli.IdahIshtibah,16,2342
Masaha003535,0274AhmadBarqi.Rijal,3,510
Masaha003536,0368AbuGhalibZurari.Risala,58,16303
Masaha003709,0911Suyuti.AsmaBiqac,5,1340
Masaha003955Vols,0770IbnCabdMalikMurjani.BahjatNufus,16,4147
Masaha003961,0732AbuFida.TaqwimBuldan,3,297
Masaha003970,1396MuhammadBahjaBaytar.RihlaNajdiyyaHijaziyya,1,99
Masaha004092,0596IbnWasifShah.MukhtasarCajaibDunya,3,567
Masaha004105Vols,0827IbnIshaqKhwarizmi.ItharatTarghib,6,1041
Masaha004175,0910IbnAbiJumhurAhsai.KashifatHal,13,1913
Masaha004217,0990QutbDinNahrawani.IclamBiAclam,10,1605
Masaha004227,0900CabdAllahBadri.NuzhatAnam,1,193
Masaha004231Vols,0885IbnFahd.DurrKamin,3,899
Masaha004387Vols,0885IbnFahd.IthafWura,130,31752
Masaha004394,0300IbnRusta.AclaqNafisa,4,690
Masaha004395Vols,0902Sakhawi.TuhfaLatifa,68,11930
Masaha004518,0797IbnCaquli.CarfTib,1,253
Masaha004521,0322IbnTabataba.MuntaqilatTalibiyya,6,741
Masaha004524,0944IbnDaybac.NashrMahasin,2,752
Masaha004544,0413ShaykhMufid.Hikayat,2,416
Masaha004568Vols,0449AbuFathKarajiki.KanzFawaid,57,13150
Masaha004580,0500CabdWahidTamimiAmidi.GhurarHikam,10,1415
Masaha004647,0740IbnDawudHilli.Rijal,101,14018
Masaha004648Vols,0320IbnMascudCayyashi.Tafsir,29,5928
Masaha004651,0965ShahidThani.KashfRiba,12,3898
Masaha004656,0997IbnCaliSibahiZadehBursawi.AwdahMasalik,2,188
Masaha004661,0889IbnAhmadSakhawi.TuhfatAhbab,1,99
Masaha004673,0381IbnBabawayhSaduq.Musadaqa,1,268
Masaha004722,0726CallamaHilli.Rijal,337,56519
Masaha004743,0436SharifMurtada.TanzihAnbiya,9,2585
Masaha004757,0375AbuDulafYanbuci.RisalaThaniya,2,345
Masaha004761,0413ShaykhMufid.Kafia,1,122
Masaha004768Vols,0726CallamaHilli.NihayatWusul,8,1762
Masaha004844,0682ZakariyaQazwini.CajaibMakhluqat,1,512
Masaha004845BK3,0562Samcani.FadailSham,1,238
Masaha004845BK4,0795IbnRajabHanbali.FadailSham,2,338
Masaha005108Vols,0329IbnCumarKashshi.Rijal,725,186188
Meshkat00042485,0950MuhyiDinShaykhZada.HashiyaCalaTafsirBaydawi,15,3176
Meshkat00042488,0860AhmadSiwasi.CuyunTafasir,11,1785
Meshkat00057178,0537NajmDinAbuHafsNasafi.TaysirFiTafsir,55,11407
Meshkat0014420,0494HakimJushami.TahdhibFiTafsir,40,8023
Noorlib0000587,0363QadiNucman.Majalis,4,1217
Noorlib0005343,0612CaliIbnWalidYamani.DamighBatil,10,2441
Noorlib0007682,0837IbnNaji.MacalimIman,17,4010
Noorlib0010605,0612CaliIbnWalidYamani.KitabZakhira,1,136
Noorlib0010712,0612CaliIbnWalidYamani.TajCaqaid,1,150
Noorlib0010827,0557IbrahimBinHusaynHamidi.KanzWalad,1,240
Noorlib0023588,0872CimadDinIdris.ZahrMacani,3,555
Noorlib0031306,0322AbuHatimRazi.AclamNubuwwa,7,1269
Noorlib0038508,0363QadiNucman.AsasTawil,3,637
Noorlib018390,0353MaslamaQurtubi.GhayatHakim,1,495
Noorlib38975Vols,0363QadiNucman.Iqtisar,1,141
PDL00087,1031BahaDinCamili.NanUHalwa,1,644
PV20220525,0855BadrDinCayni.CiqdJuman,72,17710
PV2024060601,1450MultipleAuthors.KutubArbaca,678,160736
PV2024060602,1450MultipleAuthors.KutubSitta,186,40800
QuranAnalysis001,0001Quran.Mushaf,19,4524
Rafed0000040Vols,1450JacfarSubhani.BuhuthFiMilalWaNihal,639,153637
Rafed0000066,1450MuhammadJawadFaqih.CammarIbnYasir,227,62191
Rafed0000110,1450MurtadaMilani.HukmWaMawaciz,2,292
Rafed0000160,1403HashimMacrufHasani.MinWahyThawraHusayniyya,25,5695
Rafed0000167,1377SharafDinCamili.FusulMuhimma,33,6287
Rafed0000175,1371RadiAlYasin.SulhHasan,93,20893
Rafed0000185Vols,1450JacfarSubhani.SayyidMursalin,220,44054
Rafed0000212,1396CaliHashimiKhatib.WaqcatNahrawan,44,13141
Rafed0000230Vols,1420JawadShubbar.AdabTaff,1789,544911
Rafed0000558,1391CabdRazzaqMuqarrim.MuslimIbnCaqil,33,9201
Rafed0000609Vols,1433BaqirSharifQurashi.HayatImamHasan,413,97629
Rafed0000685Vols,1381MuhammadHusaynMuzaffar.ImamSadiq,118,29710
Rafed0000705Vols,1263JacfarSharicatMadarAstarabadi.BarahinQatica,46,9505
Rafed0000789,1450MuhammadZaynDin.Tashayyuc,67,13199
Rafed0000862,1373MuhammadHusaynKashifGhita.JannatMawa,12,2552
Rafed0001121,0560AbuMansurTabarsi.Ihtijaj,237,67370
Rafed0001406,1173IsmacilKhwajui.DurarMultaqita,7,1575
Rafed0001515,1450LutfAllahSafiGulpaygani.MacaKhatib,13,4097
Rafed0001574,1391CabdRazzaqMuqarrim.MaqtalHusayn,229,55471
Rafed0001617Vols,1323MuhammadCabduh.NahjBalagha,116,31041
Rafed0001633,1305MuhsinAbuHubb.Diwan,5,1430
Rafed0001713Vols,0988FathAllahKashani.ZubdatTafasir,95,20014
Rafed0001826,1403HashimMacrufHasani.DirasatFiHadith,19,3620
Rafed0001915,1396CaliHashimiKhatib.HusaynFiTariqihi,136,34870
Rafed0002163Vols,1423CabdAllahAlBassam.KhizanatTawarikhNajdiyya,11,2210
Rafed0002171,1367AhmadMutac.TarikhYamanIslami,4,886
Rafed0002197,1450AhmadMuhammadNadi.TarikhTabaristan,22,3537
Rafed0002209Vols,0832TaqiFasi.CiqdThamin,109,20754
Rafed0002267,1119IbnMacsum.SalwatGharib,47,9958
Rafed0002297,1404AhmadSibaci.TarikhMakka,8,1731
Rafed0002341Vols,1370MuhammadRaghibTabbakh.IclamNubala,328,80857
Rafed0002385,1368ShakibArslan.RihlaHijaziyya,4,465
Rafed0002452,0700MuhammadCibdariHahi.Rihla,1,517
Rafed0002478,0726CallamaHilli.BabHadiCashar,6,782
Rafed0002489Vols,1380MuhammadAhmadHajari.MajmucBuldanYaman,28,7270
Rafed0002565Vols,1333CaliHairiYazdi.IlzamNasib,192,51814
Rafed0002654Vols,1019NurAllahTustari.IhqaqHaqq,4365,948224
Rafed0002679Vols,1407MuhammadCaliMudarrisAfghani.MudarrisAfdal,13,2182
Rafed0003150Vols,1328MuhammadJawadBalaghi.AlaRahman,22,4767
Rafed0003228Vols,0568MuwaffaqKhwarazmi.MaqtalHusayn,269,67644
Rafed0003257Vols,1431MuhammadHusaynFadlAllah.TafsirMinWahyQuran,104,24073
Rafed0003314Vols,0606FakhrDinRazi.ArbacinFiUsulDin,1,234
Rafed0003376Vols,0631SayfDinAmidi.AbkarAfkar,4,576
Rafed0003462,0606FakhrDinRazi.QadaWaQadar,1,403
Rafed0003489,0774IbnKathir.MucjizatNabi,18,3267
Rafed0003537Vols,1450IbrahimMusawiZanjani.CaqaidImamiyya,251,56561
Rafed0003591Vols,1091MuhammadMuhsinFaydKashani.CaynYaqin,5,1254
Rafed0003599Vols,1415MuhammadCaliAraki.UsulFiqh,3,549
Rafed0003630Vols,0606FakhrDinRazi.MatalibCaliya,2,1047
Rafed0003726Vols,1450DarTaqrib.MawsucaQuraniyya,15,3140
Rafed0003793Vols,0436SharifMurtada.NafaisTawil,14,3525
Rafed0003799Vols,1450NasirMakarimShirazi.NafahatQuran,103,21937
Rafed0003830Vols,1416HasanSafiIsfahani.HidayaFiUsul,3,524
Rafed0003882,1403HashimMacrufHasani.TarikhFiqhJacfari,43,8869
Rafed0003943Vols,0606RuzbihanBaqli.CaraisBayan,15,3112
Rafed001344,0965ShahidThani.TamhidQawacid,1,187
Rafed002622,1231MirzaAbuQasimQummi.QawaninUsul,35,7821
SAWS20200409,0381MuhammadIbnYusufCamiri.SacadaWaIscad,1,116
Sham19Y0000259,1346LuisShikhuYasuci.MajaniAdab,206,46363
Sham19Y0000760,0619AbuCabbasSharishi.SharhMaqamatHariri,196,32844
Sham19Y0001729,0739CalaDinIbnBalban.Ihsan,50,10731
Sham19Y0001994,0744IbnCabdHadi.TabaqatCulama,56,12443
Sham19Y0003742,1304AhmadFarisShidyaq.JasusCalaQamus,5,1120
Sham19Y0005361,1348AhmadTaymurBasha.AwhamShucaraCarab,4,431
Sham19Y0005414,1346LuisShikhuYasuci.Nasraniyya,3,797
Sham19Y0006684,0474IbnKhalafBaji.MuntaqaSharhMuwatta,1,220
Sham19Y0007233,0783IbnHadida.MisbahMudi,75,18093
Sham19Y0007729,0911Suyuti.BahrAlladhiZakhar,5,565
Sham19Y0008889,0974IbnHajarHaytami.FathMubin,2,298
Sham19Y0009800,1394MuhammadAbuZahra.KhatimNabiyyin,147,35628
Sham19Y0009937,1417SacidAfghani.MinTarikhNahwCarabi,6,1286
Sham19Y0010438,1346LuisShikhuYasuci.TarikhAdabCarabiyya,4,564
Sham19Y0011151,0773BahaDinSubki.CarusAfrah,10,894
Sham19Y0011194,0600CabdGhaniMaqdisi.CumdatAhkam,2,215
Sham19Y0011326,1317KhayrDinAlusi.FathAllahHamid,8,1901
Sham19Y0011402,1450SacdiMahdiHashimi.AbuZurcaWaJuhudhu,3,309
Sham19Y0011565,1400CumarDasuqi.FiAdabHadith,11,2083
Sham19Y0013226,1184CisamDinCumari.RawdNadir,87,22994
Sham19Y0013231,0468IbnAhmadWahidiNaysaburi.TafsirBasit,13,2253
Sham19Y0013235,0379Zubaydi.TabaqatNahwiyyinWaLughawiyyin,21,4918
Sham19Y0013237,0370IbnAhmadIbnKhalawayh.IcrabThalathinSura,1,139
Sham19Y0013239,0370IbnAhmadIbnKhalawayh.LaysaFiKalamCarab,1,154
Sham19Y0013241,0606IbnAthirMajdDin.Shafi,2,293
Sham19Y0013246,0458AbuYaclaIbnFarra.MasailFiqhiyya,1,131
Sham19Y0013250,0597IbnJawzi.ManaqibImamAhmad,1,205
Sham19Y0013252,0804IbnMulaqqin.Tawdih,129,28483
Sham19Y0013253,0536IbnCaliMazariTamimi.MuclimBiFawaidMuslim,1,85
Sham19Y0013257,0672IbnMalik.SharhTashilFawaid,2,173
Sham19Y0013301,0643IbnYacish.SharhMufassal,2,211
Sham19Y0013550,0716NajmDinTufi.Isharat,1,144
Sham19Y0013572,0560WazirIbnHubayraShaybani.Ifsah,35,8173
Sham19Y0013605,0786ShamsDinKirmani.Kawakib,77,14781
Sham19Y0013609,0209AbuCubayda.SharhNaqaidJarir,11,1620
Sham19Y0013614,0685NasirDinBaydawi.TuhfatAbrar,9,1964
Sham19Y0013631,0986IbnCaliFattani.MajmacBihar,7,1106
Sham19Y0013665,0321IbnDuraydAzdi.Mujtana,6,862
Sham19Y0013666,0651Bunasi.KanzKuttab,26,3756
Sham19Y0013667,0855BadrDinCayni.NukhabAfkar,33,5897
Sham19Y0013680,0943CisamDinIsfarayini.Atwal,5,770
Sham19Y0013769,0804IbnMulaqqin.IclamBiFawaid,15,2495
Sham19Y0013783,0808MuhammadDamiri.NajmWahhaj,8,1644
Sham19Y0013785,1240CuthmanIbnJamic.FawaidMuntakhabat,1,136
Sham19Y0014045,0880IbnAhmadShamsDinAsyuti.IthafAkhissa,3,874
Sham19Y0014075,0723IbnFuwati.MajmacAdab,269,56735
Sham19Y0014080,0471CabdQahirJurjani.RisalaShafiya,1,254
Sham19Y0014103,0510AbuKhattabKalwadhani.TamhidhFiUsulFiqh,3,254
Sham19Y0014119,0510IbnMascudBaghawi.MasabihSunna,22,4260
Sham19Y0014197,1036AhmadBaba.NaylIbtihaj,2,161
Sham19Y0014224,0724IbnCattar.CuddaFiSharhCumda,18,2877
Sham19Y0014246,0911Suyuti.Iqtirah,1,145
Sham19Y0014252,0826IbnCiraqi.GhaythHamic,3,233
Sham19Y0014255,0328AbuBakrIbnAnbari.IdahWaqfWaIbtida,2,527
Sham19Y0014275,0337IbnIshaqZajjaji.IshtiqaqAsmaAllah,7,1170
Sham19Y0014280,0684ShihabDinQarafi.NafaisUsul,1,76
Sham19Y0014283,1014MullaCaliQari.MawcizatHabib,2,496
Sham19Y0014299,0911Suyuti.CuqudZabarjad,2,239
Sham19Y0014309,1182IbnIsmacilSancani.Tahbir,26,4883
Sham19Y0014325,0710IbnRifca.Kifaya,2,264
Sham19Y0014328,1348MuhammadSulaymanMansurpuri.RahmatCalamin,41,8308
Sham19Y0014404,0928MujirDinCulaymi.FathRahman,24,4489
Sham19Y0014462,0463IbnCabdBarr.TaqassiHadithFiMuwatta,1,181
Sham19Y0014469,0616MuhibbDinCukbari.IttihafHadith,1,168
Sham19Y0014483,0674IbnSaci.DurrThamin,34,6922
Sham19Y0014538,0319AbuQasimKacbi.QubulAkhbar,4,466
Sham19Y0014555,0837IbnNajiTannukhi.Sharh,1,296
Sham19Y0014556,0899ZarruqShihabDinFasi.SharhZarruqCalaMatnRisala,2,156
Sham19Y0014579,1377MuhammadKhidrHusayn.AcmalKamila,56,10002
Sham19Y0014580,0772IbnHasanJamalDinIsnawi.MuhimmatFiSharhRawda,2,280
Sham19Y0014591,0478AbuHasanLakhmi.Tabsira,1,94
Sham19Y0014592,1061NajmDinGhazzi.HusnTanabbuh,67,13238
Sham19Y0014601,1346KhalilAhmadSaharanpuri.BadhlMajhud,138,24119
Sham19Y0014608,0397IbnQassar.CuyunAdilla,2,316
Sham19Y0014786,0405CabdKarimNahshaliQayrawani.Mumtic,34,5431
Sham19Y0014827,0825IbnNurDin.TaysirBayan,12,2778
Sham19Y0015555,1300ReinhartDozy.TakmilatMacajimCarabiyya,1,88
Sham19Y0016362,0697IbnWasil.MufarrijKurub,14,3435
Sham19Y0016363,0809IbnDuqmaq.NuzhatAnam,9,1330
Sham19Y0016364,0725CabbasiSafadi.NuzhatMalikWaMamluk,1,121
Sham19Y0016421,0501IbnMakkiSiqilli.TathqifLisan,1,99
Sham19Y0016435,0467AbuQasimFarisi.SharhHamasa,21,2641
Sham19Y0016546,0370IbnCaliJassas.SharhMukhtasarTahawi,2,333
Sham19Y0016584,0893IbnIsmacilShihabDinKurani.KawtharJari,65,14396
Sham19Y0016599,0734IbnSayyidNas.NafhShadhi,23,5413
Sham19Y0016618,1188ShamsDinSaffarini.LawaihAnwar,7,1670
Sham19Y0016664,0804IbnMulaqqin.CiqdMudhhab,2,209
Sham19Y0016684,0827BadrDinDamaminiMakhzumi.MasabihJamic,33,7758
Sham19Y0016714,0855BadrDinCayni.MaqasidNahwiyya,32,5078
Sham19Y0016728,0771TajDinSubki.MucidNicam,2,235
Sham19Y0016759,0450AbuHasanMawardi.AmthalWaHikam,2,237
Sham19Y0016782,0401AbuCubaydHarawi.Gharibayn,2,234
Sham19Y0016826,0778NazirJaysh.TamhidQawacid,5,559
Sham19Y0016928,0761IbnKaykaldiCalai.MajmucRasail,3,585
Sham19Y0016934,0502CabdWahidRuyani.BahrMadhhab,11,1504
Sham19Y0016946,0388AbuSulaymanKhattabi.AclamHadith,5,1551
Sham19Y0016953Vols,0728IbnTaymiyya.JamicMasail,5,1057
Sham19Y0016976,0727MuzhiriZaydani.Mafatih,23,4594
Sham19Y0017048,1228MahmudMaqdishSafaqsi.NuzhatAnzar,4,2160
Sham19Y0017056,0703IbnCabdMalikMarrakushi.DhaylWaTakmila,6,859
Sham19Y0017063,0803SadrDinMunawi.KashfManahij,21,4189
Sham19Y0017077,0328AbuBakrIbnAnbari.Addad,2,214
Sham19Y0017090,0911Samhudi.MaqalatMusfira,1,124
Sham19Y0017097,0920IbnKhalilZaynDinMalati.NaylAmal,6,637
Sham19Y0017124,0581AbuMusaMadini.MajmucMughith,1,143
Sham19Y0017350,0734IbnCaliTajDinFakihani.RiyadAfham,9,1747
Sham19Y0017372,0902Sakhawi.JawahirWaDurar,5,783
Sham19Y0017419,0883AbuBakrJuraci.TuhfatRakic,1,104
Sham19Y0017437,1188ShamsDinSaffarini.KashfLitham,13,3142
Sham19Y0017442,0628IbnQattanFasi.IhkamNaza,1,44
Sham19Y0017458,0786ShamsDinKirmani.TahqiqFawaid,1,90
Sham19Y0017529,0909IbnMabrid.MacarifIncam,1,192
Sham19Y0017530,0909IbnMabrid.SabbKhumul,3,634
Sham19Y0017533,0909IbnMabrid.IdahTuruqIstiqama,5,632
Sham19Y0017581,0728IbnTaymiyya.Tisciniyya,2,288
Sham19Y0017616,0656IbnCabdQawiMundhiri.MukhtasarSahihMuslim,25,5729
Sham19Y0017667,0400IbnHaddad.Afcal,1,152
Sham19Y0017681,0521IbnMuhammadBatalyawsi.Iqtidab,4,434
Sham19Y0017724,0911Suyuti.SharhShawahidMughni,42,8611
Sham19Y0017726,0368AbuSacidSirafi.SharhKitabSibawayhi,3,263
Sham19Y0017729,0581IbnKharratIshbili.AhkamSughra,11,2352
Sham19Y0017747,1119IbnMuhammadMaghribi.BadrTamam,10,1456
Sham19Y0017768,0428AbuHusaynQuduri.Tajrid,4,1104
Sham19Y0017791,0854IbnMalak.SharhMasabih,24,4839
Sham19Y0017807,0743SharafDinTibi.Khulasa,1,244
Sham19Y0017812,0462QadiHusaynMarwarudhi.Tacliqa,1,118
Sham19Y0017816,0756TaqiDinSubki.SayfMaslul,7,1855
Sham19Y0017817,0561CabdQadirJilani.Ghunya,2,397
Sham19Y0017823,0643CaliSakhawi.SafarSacada,2,186
Sham19Y0017829,0756IbnYusufSaminHalabi.CumdatHuffaz,7,992
Sham19Y0017842,0636IbnKhalfunAzdi.Muclim,6,971
Sham19Y0017878,0902Sakhawi.AjwibaMurdiyya,5,634
Sham19Y0017879,0510CawtabiSuhari.Ibana,2,158
Sham19Y0017885,0510IbnMascudBaghawi.TahdhibFiqhShafici,1,146
Sham19Y0017903,0581IbnKharratIshbili.AhkamWusta,18,3876
Sham19Y0017904,0725Anonymous.DiwanHudhaliyyin,2,240
Sham19Y0017916,0761JamalDinIbnHisham.TakhlisShawahid,7,667
Sham19Y0018100,0702IbnDaqiqCidQushayri.SharhIlmamBiAhadith,14,2200
Sham19Y0018103,0831ShamsDinBirmawi.Lamic,69,17023
Sham19Y0018106,0926ZakariyyaAnsari.MinhatBari,72,18026
Sham19Y0018115,0686IbnNazim.SharhAlfiyya,1,106
Sham19Y0018144,0316AbuCawana.Mustakhraj,50,13244
Sham19Y0018146,0673IbnBuzayza.RawdatMustabin,1,195
Sham19Y0018147,0736IbnDawadari.KanzDurar,142,31852
Sham19Y0018176,0911Suyuti.Tawshih,70,17451
Sham19Y0018194,0489Waqqashi.TacliqCalaMuwatta,7,982
Sham19Y0018254,0650IbnMuhammadRadiDinSaghani.Takmila,6,852
Sham19Y0018257,0360HamzaIsfahani.Tanbih,5,1151
Sham19Y0018259,0792SadrDinIbnAbiCizzAdhraci.Tanbih,1,139
Sham19Y0018265,0377IbnAhmadFarisi.MasailHalabiyyat,3,1050
Sham19Y0018272,1070MuhammadKibrit.SirajMunir,9,1845
Sham19Y0018274,0874IbnImamKamiliyya.TaysirWusul,1,146
Sham19Y0018275,0521IbnMuhammadBatalyawsi.RasailFiLugha,1,78
Sham19Y0018285,0513AbuWafaIbnCaqil.Funun,14,3042
Sham19Y0018315,0911Suyuti.ZiyadatCalaMawducat,29,6194
Sham19Y0018318,0751IbnQayyimJawziyya.KalamCalaMasalatSamac,4,335
Sham19Y0018567,0403AbuCabdAllahHalimi.MinhajFiShucabIman,12,3582
Sham19Y0018568,0716NajmDinTufi.Tacyin,1,163
Sham19Y0018569,0661Turibishti.Muyassar,3,725
Sham19Y0018607,0451IbnYunusSiqilli.JamicLiMasailMudawwana,3,439
Sham19Y0018608,0499IbnSimnani.RawdatQudat,1,183
Sham19Y0018611,0852IbnHajarCasqalani.MuwafaqatKhubrKhabar,14,2541
Sham19Y0019199,1067HajjiKhalifa.SullamWusul,42,6185
Sham19Y0020562,0790IbnMusaGharnatiShatibi.SharhAlfiyyatIbnMalik,1,158
Sham19Y0020583,0708IbnIbrahimBaqquri.TartibFuruq,2,459
Sham19Y0020587,0728IbnTaymiyya.Iman,1,206
Sham19Y0020591,1138IbnCabdHadiNurDinSindi.FathWadud,17,3054
Sham19Y0020594,0776JamalDinSurramarri.KhasaisSayyidCalamin,3,684
Sham19Y0020638,0581IbnKharratIshbili.JamcBaynSahihayn,60,13392
Sham19Y0020642,1377AhmadMuhammadShakir.JamharatMaqalat,7,2038
Sham19Y0020699,0695AbuBarakatIbnMunajja.MumticFiSharhMuqnic,1,132
Sham19Y0020761,0762MughultayIbnQilij.Inaba,9,1659
Sham19Y0020762,0710IbnAydamurMustacsimi.DurrFarid,648,101748
Sham19Y0020861,0852IbnHajarCasqalani.MajmacMuassis,2,253
Sham19Y0020868,1450IbrahimNahhas.JamicIbnHanbalCilalHadith,6,898
Sham19Y0020878,1450KhalidRibat.JamicIbnHanbalFiqh,6,913
Sham19Y0020879,1450KhalidRibat.JamicIbnHanbalCaqida,8,1543
Sham19Y0020881,1450KhalidRibat.JamicIbnHanbalRijal,19,2746
Sham19Y0020882,1450KhalidRibat.JamicIbnHanbalAdabWaZuhd,11,2387
Sham19Y0020891,0743SharafDinTibi.FutuhGhayb,72,13569
Sham19Y0020892,1235IbnIbrahimShinqiti.NashrBunud,1,81
Sham19Y0020944,0656IbnCabdQawiMundhiri.MukhtasarSunanAbiDawud,19,3244
Sham19Y0020986,0335IbnWahbKatib.BurhanFiWujuhBayan,5,700
Sham19Y0020990,0654IbnShaccarMawsili.Qalaid,38,7722
Sham19Y0021505,1362AhmadHashimi.JawahirAdab,137,39442
Sham19Y0021575,1420AbuHasanNadwi.MadhaKhasaraCalam,4,393
Sham19Y0022797,0458Bayhaqi.ManaqibShafici,5,833
Sham19Y0022884,0783IbnMajidMaqdisi.Muqarrar,1,86
Sham19Y0023138,1450HusaynCatwan.ShicrFiKhurasan,1,126
Sham19Y0023608,1371AhmadMustafaMaraghi.Tafsir,53,9167
Sham19Y0023618,0873AbuZaydThacalibi.JawahirHisan,26,5200
Sham19Y0023625,1057IbnCallan.FutuhatRabbaniyya,29,3814
Sham19Y0023644,0654SibtIbnJawzi.MiratZaman,998,209276
Sham19Y0026183,0370AbuQasimAmidi.Muwazana,499,103829
Sham19Y0026523,1372KurdCali.MajallatMuqtabas,130,33114
Sham19Y0029560,0947BamakhramaHimyari.QiladatNahr,231,41993
Sham19Y0029600,1069ShihabDinKhafaji.SharhDurratGhawwas,10,1813
Sham19Y0029676,1362CabdQadirIskandarani.MajallatHaqaiq,21,3597
Sham19Y0030388BK1,0461AbuHusaynFarisi.Majlis,1,111
Sham19Y0032194,1170IbnTayyibFasi.SharhKifaya,1,250
Sham19Y0032197,0957ShihabDinRamli.FathRahman,1,149
Sham19Y0032381,0762MughultayIbnQilij.DurrManzur,1,180
Sham19Y0032476,0831ShamsDinBirmawi.FawaidSaniyya,1,209
Sham19Y0035118,1314CabdAllahNadim.MajallatUstadh,5,719
Sham19Y0035453,0814IbnNahhas.TanbihGhafilin,4,555
Sham19Y0036072,1363CabdRahmanBarquqi.Dhakhair,74,11273
Sham19Y0036110,0856IbnDawudHanbali.KanzAkbar,9,1521
Sham19Y0036111,0896AbuHamidMaqdisi.BadhlNasaih,1,99
Sham19Y0036129,0550SaqatiMaliqi.AdabHisba,1,150
Sham19Y0036540,1366AnastasKarmali.MajallatLughatCarab,84,18914
Sham19Y0037027,1374MuhammadCaliTawfiq.RihlaShamiyya,1,117
Sham19Y0037370,1450AhmadFarid.MinAclamSalaf,12,1712
Sham19Y0037757,1174AbuBarakatSuwaydi.MutamarNajaf,20,6374
Sham19Y0038093,1430MunicCabdHalimMahmud.ManahijMufassirin,4,720
Sham19Y0038155,1422CabdCazizSalman.MajmucatQasaid,42,10119
Sham19Y0038171,1205MurtadaZabidi.TakhrijAhadithIhyaCulumDin,61,10716
Sham19Y0039268,0458Bayhaqi.MadkhalIlaCilmSunan,9,1499
Sham19Y0073348,1363CabdRahmanBarquqi.MajallatBayan,48,10593
Sham19Y0073350,1379KhalilMardamBak.MajallatThaqafa,14,2989
Sham19Y0095660,1450MultipleAuthors.MaqalatMawqicDorar,10,1735
Sham19Y0096605,1348AhmadTaymurBasha.NazraTarikhiyya,1,285
Sham19Y0120143,0807IbnAhmarKhazraji.AclamMaghrib,4,683
Sham19Y0120145,0953IbnTulun.InbaUmara,10,2635
Sham19Y0120146,0625SafiDinHalabi.UnsMasjun,18,2690
Sham19Y0120922,0542IbnCaliDiyaDinIbnShajari.Amali,39,5688
Sham19Y0122096,1182IbnIsmacilSancani.Tanwir,23,5177
Sham19Y0122142,0794BadrDinZarkashi.TashnifMasamic,3,262
Sham19Y0122173,0471CabdQahirJurjani.DarjDurar,16,3785
Sham19Y0122236,0762MughultayIbnQilij.IsharaIlaSira,10,1553
Sham19Y0122237,1450MuhammadSacidJamalDin.AkhbarSalajiqatRum,1,81
Sham19Y0122255,0974IbnHajarHaytami.AshrafWasail,8,1739
Sham19Y0122257,0743SharafDinTibi.SharhMishkat,57,10348
Sham19Y0122397,0470IbnMandaCabdRahman.Mustakhraj,20,3782
Sham19Y0122401,0543IbnCarabiIshbili.QabasFiSharhMuwatta,1,173
Sham19Y0122406,0544QadiCiyad.IkmalMuclim,54,9206
Sham19Y0122409,0597IbnJawzi.Mujtaba,4,1601
Sham19Y0123510,0623AbuQasimRafici.SharhMusnadShafici,2,222
Sham19Y0123581,0564CabdKhaliqIbnAsadHanafi.Mucjam,7,1439
Sham19Y0123665,0543IbnCarabiIshbili.MasalikFiSharhMuwatta,4,1266
Sham19Y0123685,0633IbnSacidRajraji.ManahijTahsil,2,398
Sham19Y0124335,0328AbuBakrIbnAnbari.SharhQasaidSabc,2,241
Sham19Y0124755,0646IbnCumarIbnHajibKurdi.Amali,1,86
Sham19Y0127654,0676Nawawi.IrshadTullabHaqaiq,1,284
Sham19Y0127656,0656AbuCabbasAnsariQurtubi.IkhtisarSahihBukhari,36,8149
Sham19Y0127657,0463IbnCabdBarr.MasailMustaghriba,1,119
Sham19Y0127660,0532IbnCabadaDani.Ima,9,1553
Sham19Y0127663,0458AbuYaclaIbnFarra.TacliqKabir,1,177
Sham19Y0127668,0902Sakhawi.Qanaca,3,396
Sham19Y0127677,0911Suyuti.JamicKabir,332,67374
Sham19Y0127698,0928MujirDinCulaymi.TarikhMuctabar,87,14472
Sham19Y0127700,0797IbnCaquli.Rasf,37,8994
Sham19Y0127713,1171CuthmanKamakhi.Muhayya,10,1258
Sham19Y0131336,0458Bayhaqi.Khilafiyyat,14,2404
Sham19Y0131521,0844IbnHusaynIbnRaslanRamli.SharhSunanAbiDawud,49,9116
Sham19Y0132416,0817MajdDinFiruzabadi.SafarSacada,1,106
Sham19Y0132524,0656AbuCabbasAnsariQurtubi.Mufhim,73,13359
Sham19Y0132617,1304CabdHayyLaknawi.FawaidBahiyya,3,807
Sham19Y0132618,1103IbnCabdRasulBarzanji.Ishaca,18,3155
Sham19Y0132963,0852IbnHajarCasqalani.NukatCalaSahihBukhari,4,1025
Sham19Y0132965,1025IbnQadiMaknasi.DurratHijal,3,314
Sham19Y0132971,0463IbnCabdBarr.Istighna,11,1403
Sham19Y0132973,1188ShamsDinSaffarini.BuhurZakhira,17,3278
Sham19Y0133367,0543IbnCarabiIshbili.NasikhWaMansukh,3,414
Sham19Y0133368,1393MuhammadTahirIbnCashurTunisi.Tahqiqat,4,584
Sham19Y0133369,1338Tawzari.TawdihAhkam,1,160
Sham19Y0133411,0756CadudDinIji.SharhCadud,3,499
Sham19Y0143167,0308AbuSacidJanadi.FadailMakka,1,143
Sham19Y0145166,1337CabdQadirMajlisi.NuzhatAfkar,159,32709
Sham19Y0145210,1425IbrahimIbnCubaydAlCabdMuhsin.TadhkiraUliNahy,16,2447
Sham19Y0145212,1052CabdHaqqDihlawi.LumcatTanqih,62,10507
Sham19Y0145334,0845Maqrizi.Muqaffa,257,53335
Sham19Y0145435,1411MuhammadTahirBarnaji.SahihWaDacifTarikhTabari,1324,344763
Sham19Y0146127,0748Dhahabi.Muhadhdhab,86,16906
Sham19Y0147062,1230IbnAhmadDasuqi.HashiyaCalaMukhtasarMacani,22,3164
Sham19Y0147312,0643MuntajibHamadhani.FaridFiIcrab,8,1314
Sham19Y0147320,1024IbnCabdHaqqCumari.DurarFaraid,2,193
Sham19Y0147597,1393MuhammadTahirIbnCashurTunisi.JamharatMaqalat,22,3325
Sham19Y014789,0597CimadDinKatibIsfahani.FathQussi,1,362
Sham19Y0148096,0577IbnHishamLakhmi.Madkhal,2,295
Sham19Y0148271,0597IbnJawzi.JamicMasanid,130,30483
Sham19Y0148529,1409CabdAllahKannun.NubughMaghribi,6,806
Sham19Y0148534,0716NajmDinTufi.Mawaid,6,682
Sham19Y0148535,0284Buhturi.Hamasa,7,1010
Sham19Y0148536,0457IbnAbiHasina.Diwan,16,5770
Sham19Y0148539,0275Sukkari.DiwanAbiAswadDuali,15,2485
Sham19Y0148883,0464AbuBakrMaliki.RiyadNufus,7,1861
Sham19Y0149016,0063AbuDihbilJumahi.Diwan,13,3499
Sham19Y0149213,0748Dhahabi.TadhhibTahdhib,173,28043
Sham19Y0149697,1302IbnSalimMajlisi.LawamicDurar,10,1760
Sham19Y0150676,0942KhalilTatai.JawahirDurar,1,56
Sham19Y0150960,1150IbnCaqila.Ziyada,29,5178
Sham19Y0150966,1093CabdQadirBaghdadi.SharhAbyatMughni,104,20353
Sham20Y0014596,1450Burnu.MawsucatQawacidFiqhiyya,1,86
Sham30K0033307,1450QasimCaliSacd.JamharatMalikiyya,22,2705
ShamAY0000055,1359CabdHamidIbnBadis.Tafsir,2,450
ShamAY0000454,0441IbnIflili.SharhShicrMutanabbi,66,9158
ShamAY0001202,1354RashidRida.WahyMuhammadi,4,767
ShamAY0001528,0480IbnHilalSabi.HafawatNadira,8,1282
ShamAY0001760,1450MuhammadIsmacilMuqaddam.CuluwwHimma,18,3020
ShamAY0002038,1450YasirCabdRahman.MawsucatAkhlaq,34,5667
ShamAY0005375,1362CabdRahmanIbnDirham.NuzhatAbsar,315,81034
ShamAY0007299,1408JawadCali.MufassalFiTarikhCarab,58,9543
ShamAY0021514,1408CabdSalamHarun.NawadirMakhtutat,13,2293
ShamAY0032109,1450FahdCabdRahmanCuthman.FawaidDhahabiyya,7,881
ShamAY0032247,1420CaliTantawi.FusulFiThaqafa,3,354
ShamAY0032251,1420CaliTantawi.FikarWaMabahith,13,1500
ShamAY0032275,1307Qannawji.TajMukallal,22,5838
ShamAY0032443,0803IbnCarafaWarghami.MukhtasarFiqhi,2,356
ShamAY0032745,0250IbnCatiyyaShami.Ahadith,1,156
ShamAY0032753,0379IbnMuzaffarBazzaz.Fawaid,2,740
ShamAY0032757,0418AbuMansurIsfahani.Arbacuna,1,176
ShamAY0032763,0396IbnJundi.Fawaid,1,132
ShamAY0032764,0550IbnBahramHarami.Fawaid,3,418
ShamAY0032766,0579AbuFathKhiraqi.Fawaid,2,433
ShamAY0032770,0745AbuHayyanGharnati.HadithShuyukhBaghdad,2,301
ShamAY0032775,0497AbuMuticMisri.Amali,2,303
ShamAY0032781,0408IbnIbrahimJurjani.Amali,1,175
ShamAY0032788,0599IbnTufaylDimashqi.MaQarubaSanadhu,1,182
ShamAY0032802,0380AbuHusaynKuhayli.Hadith,1,122
ShamAY0032803,0643DiyaDinMaqdisi.MinHadithAbiDihdahWaTamimiWaShucayb,1,87
ShamAY0032815,0350AbuBakrAzdiQadiMawsili.Hadith,1,88
ShamAY0032826,0852IbnHajarCasqalani.GharaibMinMusannadFirdaws,29,6182
ShamAY0032834,0596IbnKulaybHarrani.Mashyakha,1,163
ShamAY0032839,0359AbuHasanIkhmimi.Fawaid,3,731
ShamAY0032840,0354IbnCabdAllahBazzaz.Hadith,4,976
ShamAY0032841,0515AbuCaliHaddad.Mucjam,1,130
ShamAY0032843,0514HibatAllahSajzi.MuntakhabMinSabciyyat,2,227
ShamAY0032844,0338AbuIshaqIbnAbiThabit.Hadith,2,428
ShamAY0032845,0327AbuCaliKawkabi.Akhbar,1,196
ShamAY0032854,0690IbnBukhari.AsnaMaqasid,3,1028
ShamAY0032855,0936IbnAhmadShammacHalabi.Thabt,3,387
ShamAY0032859,0852AbuNucaymMustamli.ArabacinMutabayina,1,501
ShamAY0032865,0633IbnIbrahimIrbili.Mashyakha,1,263
ShamAY0032875,0240AbuHafsIbnZuraraTarsusi.Nuskha,1,335
ShamAY0032887,0620IbnQudamaMaqdisi.Fawaid,3,664
ShamAY0032891,0348IbnSalmanNajjad.Hadith,1,85
ShamAY0032896,0316IbnKhuraym.Hadith,1,92
ShamAY0032899,0398IbnHarunDabbi.Amali,3,457
ShamAY0032901,0441BishrawayhMacqili.Hadith,1,96
ShamAY0032904,0324IbnMuhammadNaysaburi.Fawaid,1,91
ShamAY0032919,0376AbuCamrHiri.Fawaid,1,176
ShamAY0032921,0389Makhladi.Fawaid,3,377
ShamAY0032936,0482AbuHamidShujaciSarakhsi.Amali,1,133
ShamAY0032937,0448IbnCabdWahidDarimi.AkhbarWaHikayat,1,93
ShamAY0032943,0538IbnQasimShafici.Majlisan,1,89
ShamAY0032944,0510AbuGhanaimNarsi.Hadith,1,333
ShamAY0032946,0488AbuFadlIbnKhayrun.FawaidCawali,2,423
ShamAY0032951,0399AbuMuslimBaghdadi.Hadith,1,200
ShamAY0032955,0379IbnMuzaffarBazzaz.MuntaqaMinHadithIbnCammar,2,291
ShamAY0032960,0682CabdRahmanIbnQudama.FawaidIkhwan,12,2830
ShamAY0032969,0468AbuFathJawbariRazi.HadithQassar,1,112
ShamAY0032970,0508NasibAbuQasim.Fawaid,1,441
ShamAY0032971,0590AbuMuzaffarJawhari.Cawali,1,99
ShamAY0033053,0852IbnHajarCasqalani.MukhtasarZawaidMusnadBazzar,8,1572
ShamAY0033108,0360Tabarani.Tafsir,28,6281
ShamAY0033177,1304CabdHayyLaknawi.Sicaya,5,801
ShamAY0033181,1014MullaCaliQari.FathBabCinaya,3,467
ShamAY0033535,0821AbuShamilShumuni.Ijaza,3,967
ShamAY0033538,0734IbnSayyidNas.AhadithCawal,1,226
ShamAY0033551,0489IbnFadlIsbahani.Arbacin,4,945
ShamAY0033568,0953IbnTulun.TablighBushra,1,161
ShamAY0033569,0724IbnCattar.Tusaciyat,3,383
ShamAY0033576,0414HilalHaffar.Juz,2,323
ShamAY0033580,0578IbnBashkuwal.ShuyukhIbnWahb,1,110
ShamAY0033584,0813QattanCasqalani.Fawaid,2,601
ShamAY0033592,0197IbnWahbQurashi.Musnad,1,99
ShamAY0033594,0607IbnTabarzad.Muntaqa,1,319
ShamAY0033595,0698IbnFaraGhassani.NuzhatAbsar,11,1885
ShamAY0033596,0238IbnHabibQurtubi.WasfFirdaws,1,147
ShamAY0033598,0761IbnKaykaldiCalai.ArbacinMughniyya,10,2994
ShamAY0033599,0654SibtIbnJawzi.TadhkiratKhawass,174,39259
ShamAY0033603,0405HakimNaysaburi.FadailFatima,12,3091
ShamAY0033606,0388AbuSulaymanKhattabi.GhunyaCanKalam,1,94
ShamAY0033623,0429IbnIbrahimSarakhsiQarrab.FununCajaib,1,196
ShamAY0033629,0391IbnJarrahWazir.Hadith,1,122
ShamAY0033630,0311IbnBajirBajiri.FadailQuran,1,304
ShamAY0033632,0492IbnMurajjaMaqdisi.FadailBaytMaqdis,1,106
ShamAY0033642,0392IbnIsmacilMisri.DhammRiya,1,196
ShamAY0033644,0444AbuFadlIbnMahdi.DhikrShuyukh,3,343
ShamAY0033647,0262YacqubIbnShayba.MulakhkhasMinMusnadCumarIbnKhattab,5,866
ShamAY0033657,0360AbuBakrAjurri.FardTalabCilm,1,92
ShamAY0033659,0911Suyuti.AzharCurush,2,505
ShamAY0033660,0911Suyuti.RafcShanHubshan,30,8700
ShamAY0033668,0748Dhahabi.MucjamLatif,1,96
ShamAY0033674,0832TaqiFasi.ArbacunHadithan,1,433
ShamAY0033678,0852IbnHajarCasqalani.LadhdhatCaysh,2,252
ShamAY0033705,0735IbnTarkhan.Mashyakha,3,555
ShamAY0033712,0471AbuQasimZanjani.Fawaid,2,599
ShamAY0033728,0909IbnMabrid.AdabDuca,4,451
ShamAY0033729,0671AbuCabdAllahQurtubi.TadhkarFiAfdalAdhkar,3,852
ShamAY0033732,0320HakimTirmidhi.KhatmAwliya,1,164
ShamAY0033733,0909IbnMabrid.MaraqiJinan,21,3615
ShamAY0033734,0325RaqqamBasri.CafwWaIctidhar,18,3083
ShamAY0033741,0944IbnDaybac.GhayatMatlub,4,439
ShamAY0033743,0911Suyuti.WusulAmani,2,431
ShamAY0033769,1417CabdFattahAbuGhudda.SafahatMinSabr,10,2231
ShamAY0033830,0597CimadDinKatibIsfahani.TarikhDawlatAlSaljuq,29,10550
ShamAY0033832,0427AbuNasrCutbi.Yamini,29,6181
ShamAY0033833,1450MahmudCabdKarimCali.RawdatUliAlbab,6,1326
ShamAY0033834,0212NasrIbnMuzahim.WaqcatSiffin,863,306318
ShamAY0033899,0476AbuIshaqShirazi.Ishara,1,107
ShamAY0033910,0911Suyuti.SharhSunanNasai,8,1623
ShamAY0033926,0807NurDinHaythami.BughyatBahith,17,4038
ShamAY0033944,0340AbuMuhammadHarithi.MusnadAbiHanifa,2,673
ShamAY0033975,0702IbnDaqiqCidQushayri.IlmamBiAhadith,2,415
ShamAY0033996,0385Daraqutni.Afrad,2,327
ShamAY0034005,0517AbuNucaymHaddadIsbahani.JamicSahihayn,54,11991
ShamAY0034014,0405HakimNaysaburi.MadkhalIlaSahih,1,99
ShamAY0034015,0826IbnCiraqi.Mustafad,2,309
ShamAY0034059,1127IsmacilHaqqiBurusawi.RuhBayan,58,9723
ShamAY0034080,0619IbnCabdWahidGhafiqi.LamahatAnwar,7,1492
ShamAY0034106,0415QadiCabdJabbar.TanzihQuran,1,142
ShamAY0034122,0665AbuMuayyadKhwarazmi.JamicMasanid,9,1513
ShamAY0034134,0852IbnHajarCasqalani.NataijAfkar,4,604
ShamAY0034166,0427Sahmi.Sualat,4,517
ShamAY0034230,0914IbnYahyaWansharisi.Micyar,5,1123
ShamAY0034282,0319IbnMundhirNaysaburi.AwsatFiSunan,11,1940
ShamAY0034293,1103IbnCabdRasulBarzanji.Sanan,1,169
ShamAY0034300,0842IbnNasirDinDimashqi.BardAkbad,1,138
ShamAY0034312,0953IbnTulun.QaydSharid,1,345
ShamAY0034320,0795IbnRajabHanbali.NurIqtibas,4,570
ShamAY0034330,0340IbnDaya.Mukafaa,2,916
ShamAY0034334,0182AbuYusufYacqub.Kharaj,1,108
ShamAY0034338,0597IbnJawzi.AkhbarNisa,3,671
ShamAY0034385,0728IbnTaymiyya.NazariyyatCaqd,1,102
ShamAY0034405,0751IbnQayyimJawziyya.FawaidHadithiyya,2,336
ShamAY0034434,0535QawwamSunna.MabcathWaMaghazi,89,21091
ShamAY0034435,0705SharafDinDimyati.NisaRasul,5,785
ShamAY0034438,0432Mustaghfiri.DalailNubuwwa,17,3669
ShamAY0034447,0842IbnNasirDinDimashqi.JamicAthar,192,46510
ShamAY0034452,0362AbuFarajIsbahani.AdabGhuraba,4,497
ShamAY0034457,0975BakathirHadrami.TanbihAdib,26,4621
ShamAY0034478,1031CabdRaufMunawi.CimadBalagha,8,1033
ShamAY0034489,0926ZakariyyaAnsari.AqsaAmani,2,213
ShamAY0034503,1450CabdAllahQarni.Maqamat,9,1148
ShamAY0034536,0211AbuCatahiya.UrjuzaDhatAmthal,5,965
ShamAY0034541,1190AhmadDamanhuri.LubbMasun,5,403
ShamAY0034556,1404AhmadSibaci.Qalaid,7,1435
ShamAY0034569,0637IbnDubaythi.DhaylTarikhBaghdad,18,2693
ShamAY0034580,0636IbnKhalfunAzdi.AsmaShuyukhMalik,2,179
ShamAY0034585,0378HakimKabir.AsamiWaKuna,26,3071
ShamAY0034633,0695IbnMuhammadHusayni.SilatTakmilaLiWafayatNaqala,2,209
ShamAY0034634,0911Suyuti.ThughurBasima,4,747
ShamAY0034637,0772IbnHasanJamalDinIsnawi.TabaqatShaficiyya,11,1424
ShamAY0034638,0803MalikAshrafIsmacilRasuli.CasjadMasbuk,8,2244
ShamAY0034640,0740JunaydShirazi.ShaddIzar,2,204
ShamAY0034642,1119IbnMacsum.SulafaCasr,208,65240
ShamAY0034644,0537NajmDinAbuHafsNasafi.Qand,4,471
ShamAY0034646,0840IbnCabdAllahJundariImamMurtada.TabaqatMuctazila,5,632
ShamAY0034657,1450QasimCaliSacd.JamharatTarajimFuqahaMalikiyya,2,355
ShamAY0034660,0656IbnCabdQawiMundhiri.TakmilaLiWafayatNaqala,3,463
ShamAY0034667,0584IbnMusaHazimi.FaysalFiMushtabihNisba,22,3131
ShamAY0034694,1119IbnMacsum.TirazAwwal,10,1424
ShamAY0034797,0505Ghazali.MajmucatRasail,4,506
ShamAY0034809,1450MuhammadKhalafSalama.BulughArab,33,4995
ShamAY0034815,0911Suyuti.BudurSafira,28,3869
ShamAY0034817,0911Suyuti.FadlJalad,1,104
ShamAY0034819,0852IbnHajarCasqalani.KhisalMukaffira,2,218
ShamAY0034857,1450MuctazzAhmadCabdFattah.MukhtasarSifatSafwa,45,8804
ShamAY0035000,1422CabdCazizSalman.IqazUliHimam,16,3621
ShamAY0035033,1014MullaCaliQari.Anwar,3,545
ShamAY0035035,1205MurtadaZabidi.IthafSada,100,20876
ShamAY0035131,1450MuhammadIbnIbrahimHamad.Tawba,1,102
ShamAY0035223,0469IbnHazarmardSarifini.Majlis,1,174
ShamAY0035230,0360Tabarani.Muntakhab,1,253
ShamAY0035247,0852IbnHajarCasqalani.TabyinCajab,1,73
ShamAY0035249,0303Nasai.CishratNisa,3,566
ShamAY0035250,0695IbnAbiJamra.MukhtasarSahihBukhari,3,853
ShamAY0035288,0728IbnTaymiyya.Imama,16,4332
ShamAY0035689,1342MahmudShukriAlusi.GharaibFiqhiyya,2,355
ShamAY0035778,1314JamalDinAfghani.RaddCalaDahriyyin,3,636
ShamAY0035791,1450CaliIbnNayifShuhud.MuyassarFiHaya,18,3217
ShamAY0035792,1450CaliIbnNayifShuhud.MashahirAclamMuslimin,13,1699
ShamAY0035797,1351HasanQasim.AkhbarZaynabat,2,283
ShamAY0035828,1442CabdRahmanCabdKhaliq.LamahatMinHayatIbnTaymiyya,1,228
ShamAY0035833,0660IbnCadim.Insaf,4,953
ShamAY0035856,0953IbnTulun.TaghrBassam,2,409
ShamAY0035858,0331Jahshiyari.Wuzara,9,1587
ShamAY0035859,1372KurdCali.UmaraBayan,77,17042
ShamAY0035866,1450MuhammadMansurIbrahim.AnisFudala,14,3143
ShamAY0035884,0230IbnSacd.TabaqatKubra,718,149939
ShamAY0035911,1250IbnSulaymanAhdal.TalqihAfham,3,725
ShamAY0035950,0911Suyuti.Shafi,10,1634
ShamAY0035955,1317KhayrDinAlusi.FajrSatic,9,1440
ShamAY0035960,0751IbnQayyimJawziyya.TahdhibSunanAbiDawud,1,136
ShamAY0035961,1138IbnCabdHadiNurDinSindi.HashiyaCalaSahihBukhari,2,274
ShamAY0035990,0801CabdLatifIbnMalak.MabariqAzhar,5,682
ShamAY0036009,1304CabdHayyLaknawi.QawlJazim,1,178
ShamAY0036014,1304CabdHayyLaknawi.ImamKalam,2,254
ShamAY0036018,1304CabdHayyLaknawi.TadhkiratRashid,2,214
ShamAY0036020,1304CabdHayyLaknawi.KhayrKhabr,1,193
ShamAY0036022,1304CabdHayyLaknawi.GhayatMaqal,4,585
ShamAY0036025,0911Suyuti.IthafNubala,2,207
ShamAY0036031,1416MuhammadGhazali.JanibCatifi,5,630
ShamAY0036039,1416MuhammadGhazali.TaammulatFiDin,4,525
ShamAY0036053,0911Suyuti.CurfWardi,28,5920
ShamAY0036054,0974IbnHajarHaytami.QawlMukhtasar,2,253
ShamAY0036107,1450MuhammadMascadYaqut.AkhlaqNabawiyya,5,586
ShamAY0036179,0911Suyuti.ShaddAthwab,1,212
ShamAY0036182,1014MullaCaliQari.Rasail,8,1426
ShamAY0036197,0833QadiShammac.MatalicTamam,3,349
ShamAY0036737,0330IbnCuzayzSijistani.Ishtiqaq,1,95
ShamAY0036795,0500AhmadAndarabi.IdahFiQiraat,2,504
ShamAY0036821,0458IbnSidaMursi.IcrabQuran,7,1798
ShamAY0037021,0947BamakhramaHimyari.Nisba,60,10147
ShamAY0037025,0606FakhrDinRazi.ShajaraMubaraka,1,176
ShamAY0037109,1209SulaymanBakShawi.SakabAdab,20,3286
ShamAY0037134,0902Sakhawi.IclanBiTawbikh,4,677
ShamAY0037152,1450MuhammadHadiYusufi.MawsucatTarikhIslam,283,63040
ShamAY0037282,0806IbnHusaynZaynDinCiraqi.FadlSharafCilmHadith,1,314
ShamAY0037387,0597IbnJawzi.WafaBiAhwalMustafa,81,17667
ShamAY0037574,1225AnsariLaknawi.FawatihRahmut,4,536
ShamAY0037820,1328AbuHudaSayyadi.Diwan,20,6143
ShamAY0037826,0380Khalidiyyan.Diwan,38,8797
ShamAY0037851,0528HakamIbnAbiSalt.Diwan,2,163
ShamAY0037872,1341AbuBakrIbnShihab.Diwan,70,20076
ShamAY0037888,0173SayyidHimyari.Diwan,166,46846
ShamAY0037891,0436SharifMurtada.Diwan,44,10158
ShamAY0037942,0656BahaDinZuhayr.Diwan,1,145
ShamAY0037945,1304HaydarIbnSulaymanHilli.Diwan,38,12749
ShamAY0038007,0756TaqiDinSubki.MancTarmimKanais,1,196
ShamAY0038064,0511IbnNabhan.AhadithMuntaqah,3,319
ShamAY0038072,0612AbuMuhammadRuhawiHanbali.ArbacunCalaBuldan,3,706
ShamAY0038074,0497HasanIbnCabdMalik.Amali,2,370
ShamAY0038083,0430AbuNucaymIsbahani.MustakhrajCalaSahihBukhari,1,116
ShamAY0038086,0758NajmDinTarsusi.AhadithMuwafaqat,2,506
ShamAY0038116,0354IbnHibbanBusti.Salat,1,294
ShamAY0038127,0428IbnAbiCaliIsfahani.Fawaid,2,259
ShamAY0038135,0507IbnQaysarani.AhadithMia,4,1455
ShamAY0038144,0500IbnAhmadSarrajBaghdadi.Fawaid,1,363
ShamAY0038174,0281IbnAbiDunya.DhammDunya,9,1449
ShamAY0038316,0728IbnTaymiyya.Intisar,1,89
ShamAY0038405,0817MajdDinFiruzabadi.Maghanim,28,6758
ShamAY0038409,0990QutbDinNahrawani.TarikhMadina,8,1653
ShamAY0038413,0816AbuBakrMaraghi.TahqiqNusra,3,427
ShamAY0038419,0950Anonymous.CumdatAkhbarMukhtar,4,902
ShamAY0038434,1450SalahCabdCazizZaynSalama.AkhbarMadina,6,1208
ShamAY0038440,1070MuhammadKibrit.JawahirThamina,16,2159
ShamAY0038455,0728IbnTaymiyya.JawabFiHilf,1,382
ShamAY0038465,0778BadrDinBacli.MukhtasarSarim,1,135
ShamAY0038630,1419MahmudTanahi.MaqalatTanahi,13,1343
ShamAY0038636,0290IbnCaliKhuyutiAbbar.JuzMinHadithZuhri,1,318
ShamAY0038637,0507AbuBakrShashi.ShamailNubuwwa,4,734
ShamAY0038638,0311IbnBajirBajiri.JamicMusnad,18,4590
ShamIbadiyya0000007,0570AbuYacqubWarjalani.DalilWaBurhan,2,227
ShamIbadiyya0000024,1332NurDinSalimi.RawdBayan,1,369
ShamIbadiyya0000038,1332NurDinSalimi.BahjatAnwar,1,195
ShamIbadiyya0000050,1332QutbAtfayyish.HamayanZad,108,26411
ShamIbadiyya0000066,1332QutbAtfayyish.LamTacrifIbadiyyaYaCuqbaYaJazairi,1,205
ShamIbadiyya0000074,1200CabdAllahIbnBashirHadrami.KawkabDurri,1,76
ShamIbadiyya0000075,1207SacidKindi.TafsirMuyassar,2,297
ShamIbadiyya0000095,1332NurDinSalimi.Jawabat,2,317
ShamIbadiyya0000100,0570AbuYacqubWarjalani.CadlWaInsaf,3,452
ShamIbadiyya0000109,1332QutbAtfayyish.SharhNilWaShifaCalil,13,2379
ShamIbadiyya0000115,0928AbuCabbasShammakhi.Siyar,3,518
ShamIbadiyya0000135,1332NurDinSalimi.Mashariq,1,152
ShamIbadiyya0000185,1090KhamisShiqsi.MinhajTalibin,3,1284
ShamIbadiyya0000193,1332QutbAtfayyish.Tafsir,28,4562
ShamIbadiyya0000198Vols,0508MuhammadIbnIbrahimKindi.BayanSharc,14,7033
ShamIbadiyya0000229,1332NurDinSalimi.MacarijAmal,10,1789
ShamIbadiyya0000279,1361SacidIbnNasirGhaythi.IdahTawhid,4,608
ShamIbadiyya0000281,1332NurDinSalimi.TuhfatAcyan,7,2540
ShamIbadiyya0000431,0450TabghurinMalshuti.UsulDin,1,235
ShamIbadiyya0000433,1332NurDinSalimi.SharhJamicSahih,25,6230
ShamIbadiyya0000438,1088AbuSitta.HashiyatTartib,7,1412
ShamIbadiyya0000441,0275AbuHawariCumani.Diraya,2,235
ShamIbadiyya0000459,1364CamirIbnKHamisMaliki.GhayatMatlub,4,1244
ShamIbadiyya0000482,0750IsmacilJaytali.ManasikHajj,1,102
ShamIbadiyya0000514,1332NurDinSalimi.FatawaHawlBacdAyat,1,98
ShamIbadiyya0000650,0321IbnDuraydAzdi.Maqsura,29,9407
ShamIbadiyya0000730,0570AbuCammarCabdKafiIbadi.Mujaz,1,91
ShamIbadiyya0000760,0510CawtabiSuhari.Diya,3,461
ShamIbadiyya0000773,1223DiyaDinThamini.TajManzur,1,248
ShamIbadiyya0000823,1390HamadSulaymi.HidayatMubassirin,1,113
ShamIbadiyya0000888,1332QutbAtfayyish.TakhlisCani,3,316
Shamela0000041,0510IbnMascudBaghawi.Tafsir,124,31994
Shamela0000107,1420IbnBaz.FatawaNurCalaDarb,4,340
Shamela0000130,0841BurhanDinSibtIbnCajami.Ightibat,1,141
Shamela0000131,0764Safadi.AcyanCasr,28,5765
Shamela0000136,0315AkhfashAsghar.Ikhtiyarayn,2,216
Shamela0000140,1057IbnCallan.DalilFalihin,16,2102
Shamela0000176,0845Maqrizi.ItticazHunafa,8,1568
Shamela0000248,0911Suyuti.AmrBiIttibac,2,409
Shamela0000273,0565IbnFunduqBayhaqi.TatimmatSiwanHikma,15,4328
Shamela0000309,0939IbnKayyal.KawakibNayyirat,2,274
Shamela0000315,0821Qalqashandi.QalaidJuman,5,837
Shamela0000338,0251IbnZanjawayh.Amwal,9,2092
Shamela0000347,0852IbnHajarCasqalani.TaghliqTacliq,6,872
Shamela0000355,0565IbnFunduqBayhaqi.LubabAnsab,7,1184
Shamela0000427BK2,0855BadrDinCayni.BinayaSharhHidaya,8,1104
Shamela0000432,1450DarIftaMisriyya.FatawaDarIfta,15,3581
Shamela0000471,0690IbnMujawirDimashqi.TarikhMustabsir,2,310
Shamela0000487,0550AbuHajjajAshcari.TacrifFiAnsab,7,758
Shamela0000492,0418WazirMaghribi.Inas,5,715
Shamela0000496,0195MuarrijSadusi.HadhfMinNasabQuraysh,1,110
Shamela0000514,0764Safadi.NusratThair,6,771
Shamela0000515,0335Suli.AkhbarAbiTammam,245,62249
Shamela0000552,1369MuhammadRida.Cuthman,34,8428
Shamela0000558,0463IbnCabdBarr.BahjatMajalis,59,8322
Shamela0000580,0776IbnAbiHajala.DiwanSababa,30,4039
Shamela0000589,0388Shabushti.Diyarat,12,3501
Shamela0000595,0429AbuMansurThacalibi.Lutf,6,803
Shamela0000618,0296MuhammadIbnJarrah.Waraqa,4,669
Shamela0000623BK1,0429AbuMansurThacalibi.NathrNazm,20,2502
Shamela0000623BK2,0429AbuMansurThacalibi.KinayaWaTacrid,1,138
Shamela0000636,0209AbuCubayda.Dibaj,2,313
Shamela0000678,0673AbuMahasinYaghmuri.NurQabas,31,5478
Shamela0000700,0279Tirmidhi.MukhtasarShamailMuhammadiyya,6,2004
Shamela0000722,0421IbnMuhammadMarzuqi.AmaliMarzuqi,35,10994
Shamela0000725,0362AbuFarajIsbahani.Diyarat,4,739
Shamela0000728,0599IbnYahyaDabbi.BughyatMultamis,5,812
Shamela0000736,0463KhatibBaghdadi.TarikhBaghdad,630,150088
Shamela0000758,0684IbnShaddad.AclaqKhatira,16,3483
Shamela0000767,0456IbnHazm.MuhallaBiAthar,13,2350
Shamela0000782,1420MuhammadNasirDinAlbani.SahihWaDacifSunanTirmidhi,29,5667
Shamela0000788,0763IbnHudhaylAndalusi.HilyatFursan,1,227
Shamela0000894,1450MawqicIslam.Fatawa,35,5877
Shamela0000922,0311IbnSariZajjaj.MacaniQuran,6,1017
Shamela0000956,0256Bukhari.TarikhKabir,15,2365
Shamela0001000,0681IbnKhallikan.WafayatAcyan,722,152760
Shamela0001001,0694MuhibbDinTabari.Dhakhair,115,25835
Shamela0001002,1041Maqqari.NafhTib,48,12512
Shamela0001003,0764IbnShakirKutubi.FawatWafayat,153,34735
Shamela0001013,1424IhsanCabbas.ShicrKhawarij,9,968
Shamela0001023,1424IhsanCabbas.ShadharatMinKutubMafquda,18,4672
Shamela0001031,0476AbuIshaqShirazi.TabaqatFuqaha,4,571
Shamela0001032,0711IbnManzurIfriqi.SururNafs,23,3404
Shamela0001037,1382Kattani.FahrasFaharis,1,240
Shamela0001038,0456IbnHazm.Rasail,6,1030
Shamela0001043,0900IbnCabdMuncimHimyari.RawdMictar,64,16316
Shamela0001080,0600Anonymous.MukhtasarSiyaq,1,116
Shamela0001142,0623AbuQasimRafici.SharhKabir,1,138
Shamela0001242,1351YusufIlyanSarkis.MucjamMatbucat,63,11168
Shamela0001304,0327AbuBakrKharaiti.IctilalQulub,10,1442
Shamela0001341,1420MuhammadNasirDinAlbani.SahihAdabMufrad,3,773
Shamela0001342,0141MusaIbnCuqba.AhadithMinMaghazi,1,191
Shamela0001347,0804IbnMulaqqin.TabaqatAwliya,5,971
Shamela0001349,0718AbuIshaqWatwat.GhurarKhasais,70,11083
Shamela0001386,0442Tanukhi.TarikhCulamaNahwiyyin,5,958
Shamela0001390,0502RaghibIsbahani.DharicaFiMakarimSharica,3,237
Shamela0001391,0902Sakhawi.QawlBadic,1,88
Shamela0001397,0403AbuBakrBaqillani.IntisarQuran,2,376
Shamela0001399,0429AbuMansurThacalibi.DurarHikam,2,217
Shamela0001404,0885BurhanDinBiqaci.MasacidNazar,10,2655
Shamela0001417,0911Suyuti.MuctarakAqran,3,394
Shamela0001438,1450DarIftaMisriyya.JamicAhadith,346,69276
Shamela0001440Vols,0279IbnAbiKhaythama.TarikhKabir,39,6614
Shamela0001441,0600CabdGhaniMaqdisi.AkhbarDajjal,1,128
Shamela0001442,0388AbuSulaymanKhattabi.MacalimSunan,6,1555
Shamela0001449,0620IbnCisaAzdiQurtubi.InjadFiAbwabJihad,3,457
Shamela0001453,0430CabdMalikIbnBishranUmawi.Amali,14,2293
Shamela0001458,0374IbnHusaynAzdi.Makhzun,2,339
Shamela0001466,0977KhatibShirbini.SirajMunir,65,15675
Shamela0001483,0662RashidCattar.MujradAsma,1,116
Shamela0001515,1290RifacaTahtawi.NihayatIjaz,91,19113
Shamela0001519,0795IbnRajabHanbali.TasliyatNufusNisa,1,131
Shamela0001522,1069ShihabDinKhafaji.RayhanatAlibba,31,7091
Shamela0001524,0845Maqrizi.ImtacAsmac,392,88925
Shamela0001535,1069ShihabDinKhafaji.HashiyaCalaTafsirBaydawi,12,2051
Shamela0001584,1341CabdHayyTalibi.IclamBiMan,25,6492
Shamela0001585,0520IbnWalidTurtushi.SirajMuluk,19,3334
Shamela0001592,1429BakrIbnCabdAllah.TabaqatNassabin,4,463
Shamela0001601,0335Suli.AdabKuttab,8,1236
Shamela0001687,0711IbnManzurIfriqi.LisanCarab,32,5019
Shamela0001694,0562Samcani.Tahbir,1,114
Shamela0001717,0684ShihabDinQarafi.Dhakhira,5,871
Shamela0001727,0261Muslim.Sahih,56,11913
Shamela0001875,0643DiyaDinMaqdisi.SunanWaAhkamCanMustafa,23,4531
Shamela0001893,0852IbnHajarCasqalani.TacjilManfaca,11,1729
Shamela0002114,1450MawsucaShicriya.MucjamShucara,18,2070
Shamela0002170,0327IbnAbiHatimRazi.JarhWaTacdil,36,4765
Shamela0002215BK1,0684ShihabDinQarafi.Furuq,2,398
Shamela0002241,1182IbnIsmacilSancani.IsbalMatar,1,132
Shamela0002300,1421MuhammadCuthaymin.FatawaNurCalaDarb,11,986
Shamela0002331,0241IbnHanbal.CilalWaMacrifa,5,576
Shamela0002386,1285IbnHasanAlShaykh.FathMajid,4,608
Shamela0002449,0382IbnCabdAllahCaskari.TashifatMuhaddithin,5,650
Shamela0002506,0597IbnJawzi.BahrDumuc,1,76
Shamela0002569,1014MullaCaliQari.JamcWasail,3,393
Shamela0002573,1158IbnCaliFaruqiTahanawi.KashshafIstalahat,4,1071
Shamela0002863,0458Bayhaqi.MacrifatSunanWaAthar,12,2072
Shamela0002994,0909IbnMabrid.BahrDamm,4,674
Shamela0003055,1450CulamaNajd.DurarSaniyya,47,10195
Shamela0003118,0711IbnManzurIfriqi.MukhtasarTarikhDimashq,1085,251257
Shamela0003283,0911Suyuti.HusnMuhadara,19,2764
Shamela0003298,0852SirajDinIbnWardi.KharidatCajaib,1,144
Shamela0003569,1450TarhibDawsari.MucjamMuallafatShaficiyya,1,109
Shamela0003583,0577AbuBarakatAnbari.NuzhatAlibba,72,15648
Shamela0003622,1450TarhibDawsari.MucjamMuallafatMalikiyya,1,116
Shamela0003722,0742Mizzi.TahdhibKamal,535,101286
Shamela0003944,0400IbnHusaynBazyar.Bayzara,9,1906
Shamela0004017,0800KhalifaNaysaburi.TalkhisTarikhNaysabur,1,177
Shamela0004129,0505Ghazali.TibrMasbuk,1,41
Shamela0004363,0793AbuHasanMalaqi.TarikhQudat,1,154
Shamela0004445,0774IbnKathir.Bidaya,895,192368
Shamela0004473,1450JamicaIslamiyya.MajallaJIMN,180,35993
Shamela0005351,0413AbuIshaqHusri.NurTaraf,32,7679
Shamela0005354,0542IbnCaliDiyaDinIbnShajari.MaLamYunshar,27,3827
Shamela0005355,0564IbnNasrIbnDajajiHanbali.SafatMulah,15,2838
Shamela0005369,0257AbuHiffanMihzami.AkhbarAbiNuwas,23,3781
Shamela0005372,0388IbnHasanHatimi.HilyatMuhadara,36,5222
Shamela0005379,0626YaqutHamawi.Khazal,14,2783
Shamela0005385,1306FikriBasha.NazmLaal,4,357
Shamela0005388,0684IbnHazimQartajanni.MinhajBulagha,13,1721
Shamela0005390,0815Ghuzuli.MatalicBudur,27,4960
Shamela0005392,0606IbnMamati.LataifDhakhira,9,1335
Shamela0005396,0911Suyuti.TawqHamama,2,427
Shamela0005406,0829IbnCasimGharnati.HadaiqAzahir,19,2744
Shamela0005416,0584IbnMunqidhShayzari.ManazilWaDiyar,46,6372
Shamela0005428,0463KhatibBaghdadi.Tatfil,1,138
Shamela0005429,0380Khalidiyyan.TuhafWaHadaya,18,3481
Shamela0005432,0542IbnMunjibTajRiyasaIbnSayrafi.Afdaliyyat,15,2809
Shamela0005433,0622IbnShamsKhilafa.AdabNafica,19,2788
Shamela0005440,1318MuhammadSanusi.Musamarat,3,349
Shamela0005446,1119IbnMacsum.AnwarRabic,402,75631
Shamela0005448,1304HaydarIbnSulaymanHilli.CiqdMufassal,144,34394
Shamela0005449,0476AclamShantamari.AshcarShucara,9,2117
Shamela0005455,1232IbnKhatibCumari.RawdaFayha,21,3701
Shamela0005502,0382IbnCabdAllahCaskari.MasunFiAdab,7,1720
Shamela0005539,0854IbnDiyaMakki.TarikhMakka,7,1839
Shamela0005550,0243HarithMuhasibi.FahmQuran,2,470
Shamela0005644,0328AbuBakrIbnAnbari.ZahirFiMacani,4,667
Shamela0005683,0429AbuMansurThacalibi.Tamthil,24,3217
Shamela0005724,0739Birzali.Mashyakha,1,118
Shamela0005737,0339AbuJacfarIbnBukhturi.MajmucMusannafat,3,784
Shamela0005742,0488IbnFutuhHumaydi.JadhwatMuqtabis,9,1612
Shamela0005756,0855BadrDinCayni.CumdatQari,183,35227
Shamela0005772,0683IbnMunayyir.Mutawari,4,1024
Shamela0005793,0630IbnAthirCizzDin.LubabFiTahdhibAnsab,32,4435
Shamela0005794,0507IbnQaysarani.AnsabMuttafiqa,2,340
Shamela0005797,0629IbnNuqta.TakmilatIkmal,3,328
Shamela0005798,0475IbnMakula.TahdhibMustamirr,5,637
Shamela0005803,0578IbnBashkuwal.GhawamidAsma,9,1737
Shamela0005805,0576AbuTahirSilafi.MucjamSafar,7,1272
Shamela0005813,0395IbnMandaMuhammad.FathBab,2,136
Shamela0005816,0354IbnHibbanBusti.Thiqat,129,26845
Shamela0005830,0597IbnJawzi.DucafaWaMatrukin,7,895
Shamela0005832,0841BurhanDinSibtIbnCajami.KashfHathith,17,3231
Shamela0005848,0845Maqrizi.MukhtasarKamil,53,8243
Shamela0005850,0765AbuMahasinHusayni.IkmalLiRijal,6,712
Shamela0005858BK1,0923IbnCabdAllahKhazraji.KhulasatTadhhibTahdhibKamal,15,1799
Shamela0005858BK2,1191Kawkabani.IthafKhassa,4,451
Shamela0005860,0428IbnManjuwayhIsbahani.RijalSahihMuslim,10,1130
Shamela0005862,0365IbnCadiJurjani.AsamiManRawaCanhum,1,165
Shamela0005880,0280IbnTayfur.Baghdad,19,4187
Shamela0005890,0884AbuIshaqIbnMuflih.MaqsidArshad,5,834
Shamela0005897,0279Tirmidhi.CilalSaghir,1,89
Shamela0005973,1304CabdHayyLaknawi.RafcWaTakmil,2,566
Shamela0005978,0794BadrDinZarkashi.NukatCalaMuqaddimatIbnSalah,7,1174
Shamela0006022,0281IbnAbiDunya.IstinacMacruf,1,450
Shamela0006040,0429AbuMansurThacalibi.TahsinQabih,2,429
Shamela0006068,0748Dhahabi.TalkhisMawducatIbnJawzi,12,1791
Shamela0006105,0241IbnHanbal.MasailRiwayatCabdAllah,2,297
Shamela0006222,0370IbnCaliJassas.MukhtasarIkhtilafCulama,1,204
Shamela0006234,0911Suyuti.TabaqatMufassirin,6,958
Shamela0006366,1450CabdKarimKhudayr.SharhMuharrir,4,753
Shamela0006457,1317KhayrDinAlusi.AyatBayyinat,2,173
Shamela0006463,0748Dhahabi.Culuww,1,142
Shamela0006549,0571IbnCasakir.TabyinKadhib,3,710
Shamela0006610,1276IbnAhmadRibaciSancani.FathGhaffar,10,1609
Shamela0006617,1111CabdMalikCasimi.SamtNujum,313,69513
Shamela0006624,0749ZaynDinIbnWardi.Tarikh,111,20866
Shamela0006626,0927Culaymi.UnsJalil,16,2705
Shamela0006630,0658IbnAbbar.HullaSiyara,9,1446
Shamela0006631,0665AbuShama.Rawdatayn,38,15656
Shamela0006633,0685IbnSacidMaghribi.Mughrib,2,250
Shamela0006638,1338MuhammadFaridBey.Tarikh,1,185
Shamela0006667,0845Maqrizi.Suluk,25,4869
Shamela0006669,0874IbnTaghribirdi.MawridLatafa,12,3163
Shamela0006672,1381MuhammadSancani.MulhaqBadr,3,1313
Shamela0006674,0852IbnHajarCasqalani.DurarKamina,83,22170
Shamela0006686BK1,0412Sulami.TabaqatSufiyya,6,663
Shamela0006687,0668IbnAbiUsaybica.CuyunAnba,91,28758
Shamela0006700,0597IbnJawzi.TalqihFuhum,8,2515
Shamela0006706,0333AbuCarabTamimi.Mihan,14,3377
Shamela0006723BK1,0968Tashkuprizadah.ShaqaiqNucmaniyya,3,1282
Shamela0006723BK2,0992CaliIbnBaliManq.CiqdManzum,7,739
Shamela0006729,1100IbnMuhammadAdnahwi.TabaqatMufassirin,4,715
Shamela0006730,0799IbnFarhun.DibajMudhahhab,2,413
Shamela0006733,0463IbnCabdBarr.IntiqaFiFadail,2,302
Shamela0006739,0771TajDinSubki.TabaqatShaficiyyaKubra,66,12508
Shamela0006741,0643IbnSalahShahrazuri.TabaqatFuqaha,9,1430
Shamela0006743,0429AbuMansurThacalibi.YatimatDahr,924,277936
Shamela0006744,0911Suyuti.BughyatWucat,129,24079
Shamela0006753,0578IbnBashkuwal.MaRuwiyaFiHawd,2,217
Shamela0006766,0571IbnCasakir.TacziyatMuslim,2,267
Shamela0006785,0275AbuBakrMarrudhi.Warac,1,114
Shamela0006879,1307Qannawji.Yaqza,2,267
Shamela0006896,0429AbuMansurThacalibi.ThimarQulub,28,4358
Shamela0006897,0395AbuHilalCaskari.JamharatAmthal,5,846
Shamela0006904,0168MufaddalDabbi.Mufaddaliyyat,1,113
Shamela0006909,0395AbuHilalCaskari.DiwanMacani,99,15661
Shamela0006911,0322IbnTabataba.CiyarShicr,29,5623
Shamela0006939,0764Safadi.ShucurBiCur,11,2927
Shamela0006944,0354IbnHibbanBusti.RawdatCuqala,9,911
Shamela0006945,1400MuhammadIbrahimSalim.TabaicNisa,34,10450
Shamela0006947,1354RashidRida.Manar,154,37925
Shamela0007012,0276IbnQutaybaDinawari.GharibHadith,14,3107
Shamela0007292,0276IbnQutaybaDinawari.TawilMukhtalafHadith,2,193
Shamela0007318,0748Dhahabi.MukhtasarCuluww,1,82
Shamela0007326,0660IbnCadim.Darari,1,129
Shamela0007328,1277MuhammadTantawi.NashaNahw,11,1755
Shamela0007332,0772IbnHasanJamalDinIsnawi.NihayatSul,1,207
Shamela0007380,1427MuhammadCabdMuncimKhafaji.SharhIdahFiCulumBalagha,6,606
Shamela0007435,0623AbuQasimRafici.Tadwin,37,6795
Shamela0007472,1369MuhammadRida.AbuBakr,6,1645
Shamela0007473,1450CabdAllahBusayri.AbyatMukhtara,10,1644
Shamela0007520,1293CabdLatifAlShaykh.Ithaf,1,89
Shamela0007528BK2,0139IbnMuqaffac.AdabKabir,3,429
Shamela0007562,0911Suyuti.QutMughtadhi,1,166
Shamela0007567,1293CabdLatifAlShaykh.BarahinIslamiyya,1,99
Shamela0007597,1233SulaymanSibtIbnCabdWahhab.TawdihCanTawhid,3,533
Shamela0007606,1450CabdAllahBusayri.Hajj,1,103
Shamela0007623,0241IbnHanbal.RaddCalaZanadiqa,1,161
Shamela0007640,0463KhatibBaghdadi.SabiqWaLahiq,2,258
Shamela0007663,1349IbnSahmanKhathcami.SawaciqMursala,2,489
Shamela0007664,1349IbnSahmanKhathcami.DiyaShariq,3,789
Shamela0007669,1360IbnQasimMakhluf.ShajaratNur,18,4620
Shamela0007767,0235IbnAbiShayba.Iman,1,122
Shamela0007798,0310Tabari.JamicBayan,93,21774
Shamela0007822,0335Suli.AshcarAwladKhulafa,1,105
Shamela0007830,0429AbuMansurThacalibi.KhassKhass,54,8238
Shamela0007853,0421AbuSacdAbi.NathrDurr,156,40524
Shamela0007867,0296IbnMuctazz.TabaqatShucara,39,7380
Shamela0008160,0597IbnJawzi.Yaquta,6,521
Shamela0008194,0833IbnJazari.TamhidFiCulumTajwid,1,237
Shamela0008202,0283BaghandiKabir.AmaliBaghandi,1,145
Shamela0008203,0458Bayhaqi.Adab,3,783
Shamela0008204,0360AbuBakrAjurri.ArbacunaHadithan,5,1142
Shamela0008206,0387IbnBattaCukbari.IbanaKubra,8,1456
Shamela0008207,0281IbnAbiDunya.AmrBiMacruf,3,522
Shamela0008208,0286IbnWaddahQurtubi.Bidac,1,116
Shamela0008210,0395IbnMandaMuhammad.Tawhid,1,150
Shamela0008215,0275AbuDawudSijistani.Zuhd,8,1745
Shamela0008216,0281IbnAbiDunya.Zuhd,8,1335
Shamela0008218,0256Bukhari.QiraaKhalfaImam,1,101
Shamela0008220,0281IbnAbiDunya.Yaqin,1,81
Shamela0008223,1450MuhammadCabdKarimCubayd.TakhrijAhadithMarfuca,4,804
Shamela0008227,0381IbnCabdRahmanZuhri.Hadith,4,1109
Shamela0008237,0430AbuNucaymIsbahani.FadailKhulafaRashidin,2,468
Shamela0008242,0281IbnAbiDunya.KalamLayali,1,105
Shamela0008246,0430AbuNucaymIsbahani.ArbacunaCalaMadhhabMutahaqqiqin,1,131
Shamela0008249,0360Khawlani.TarikhDaraya,3,454
Shamela0008256,0281IbnAbiDunya.RiqqaWaBuka,1,243
Shamela0008259,0281IbnAbiDunya.Sabr,2,548
Shamela0008266,0281IbnAbiDunya.Cuqubat,4,704
Shamela0008274,0318AbuCarubaHarrani.MuntaqaMinTabaqat,1,100
Shamela0008279,0429AbuMansurThacalibi.SihrBalagha,13,3255
Shamela0008338,0385Daraqutni.FawaidAfrad,2,314
Shamela0008353,1188ShamsDinSaffarini.LawamicAnwar,32,7478
Shamela0008362BK1,0832TaqiFasi.ShifaGharam,27,5585
Shamela0008363,0774IbnMuhammadShamsDinIbnMawsili.MukhtasarSawaciqMursala,1,172
Shamela0008381,1450LajnaDaima.Fatawa,2,514
Shamela0008460,0821Qalqashandi.Maathir,21,8716
Shamela0008473,0774IbnKathir.TafsirQuran,138,28300
Shamela0008476,1389MuhammadAlShaykh.FatawaWaRasail,13,2459
Shamela0008494,0241IbnHanbal.Zuhd,17,3748
Shamela0008505,0285IbnYazidMubarrad.KamilFiLugha,89,19288
Shamela0008506,1356MustafaSadiqRafici.IcjazQuran,8,2045
Shamela0008540,0855BadrDinCayni.SharhSunanAbiDawud,25,4560
Shamela0008544,0762MughultayIbnQilij.SharhSunanIbnMaja,14,2165
Shamela0008571,1285IbnHasanAlShaykh.MawridCadhbZulal,3,1645
Shamela0008612,1450SalihFawzan.MajmucFatawa,2,209
Shamela0008623,1450Anonymous.MiatHadithSaqitaMinSunanKubra,1,170
Shamela0008648,1147IbnSharafDinKhalili.FatawaKhalili,2,600
Shamela0008657,0694MuhibbDinTabari.RiyadNadira,99,21255
Shamela0008660,0392IbnJinniMawsili.MuhtasabFiTabyin,1,116
Shamela0008970,0458Bayhaqi.DacawatKabir,3,420
Shamela0009066,0479IbnFaddalQayruwani.NukatFiQuran,4,588
Shamela0009074,0600CabdGhaniMaqdisi.AmrBiMacruf,4,739
Shamela0009076,0463KhatibBaghdadi.MuttafiqWaMuftariq,11,2072
Shamela0009082,0385Daraqutni.CilalWarida,1,101
Shamela0009085,1173IbnCaliMusawiTustari.TadhyilSulafatCasr,6,2557
Shamela0009091,0768Yafici.MiratJinan,280,59795
Shamela0009096,0515IbnHibatAllah.MajmucLatif,20,3539
Shamela0009099,0911Suyuti.Muhadarat,34,5583
Shamela0009100,0685IbnSacidMaghribi.Muqtataf,10,1654
Shamela0009107BK1,0412IbnAbiFawaris.MuntaqaMukhallisiyyat,10,1986
Shamela0009107BK2,0399AbuBakrBaqqal.MuntaqaMukhallisiyyat,4,948
Shamela0009107BK5,0393AbuTahirMukhallis.SabcatMajalis,2,474
Shamela0009212,0323CaliHimyari.Juz,1,154
Shamela0009221,0362AbuFarajIsbahani.ImaShawacir,4,523
Shamela0009222,0604AbuDharrKhushani.ImlaMukhtasar,5,1226
Shamela0009229,1332ZaynabFawwaz.DurrManthur,91,25075
Shamela0009231,0502RaghibIsbahani.Tafsir,4,534
Shamela0009248BK1,0569CumaraYamani.NukatCasriyya,6,1236
Shamela0009250,0600IbnCabdAllahQaysi.IdahShawahid,6,945
Shamela0009252,0395IbnFarisQazwini.MujmalLugha,1,133
Shamela0009270,0458Bayhaqi.AsmaWaSifat,3,658
Shamela0009271,0636AbuCabdAllahIbnCaskar.Iclam,1,138
Shamela0009292,0458Bayhaqi.BacthWaNushur,3,610
Shamela0009306,0281IbnAbiDunya.Juc,1,286
Shamela0009307,0281IbnAbiDunya.FarajBacdaShidda,11,1974
Shamela0009310,0348IbnMuhammadKhuldi.Fawaid,1,139
Shamela0009322,0290IbnAhmadIbnHanbal.FadailCuthman,1,100
Shamela0009323,0353IbnMuhammadMakki.Fawaid,1,169
Shamela0009353,0842IbnNasirDinDimashqi.AhadithSitta,2,349
Shamela0009368,0414AbuQasimRazi.IslamZaydIbnHaritha,1,230
Shamela0009372,0576AbuTahirSilafi.ArbacunaBuldaniyya,1,384
Shamela0009384,0620IbnQudamaMaqdisi.RiqqaWaBuka,11,3842
Shamela0009390,0600CabdGhaniMaqdisi.TahrimQatl,1,191
Shamela0009395,0335Suli.JuzMinAhadith,3,414
Shamela0009427,0384IbnCimranMarzubani.Muwashshah,59,9774
Shamela0009429,0821Qalqashandi.SubhAcsha,103,29449
Shamela0009510,0581AbuMusaMadini.DhikrIbnAbiDunya,3,416
Shamela0009552,0795IbnRajabHanbali.SharhCilalTirmidhi,6,853
Shamela0009564,0390IbnAkhiMimiDaqqaq.Fawaid,4,715
Shamela0009567,0807NurDinHaythami.GhayatMaqsad,76,17338
Shamela0009584,0629IbnNuqta.TaqyidLiMacrifa,3,411
Shamela0009607,1206Muradi.SilkDurar,16,2593
Shamela0009619,0597IbnJawzi.Mashyakha,1,181
Shamela0009631,0682ZakariyaQazwini.AtharBilad,26,5401
Shamela0009633,0223IbnSalihKatibLayth.Nuskha,1,86
Shamela0009637,1342MahmudShukriAlusi.FaslKhitab,1,380
Shamela0009640,0309IbnMarzuban.Murua,1,162
Shamela0009642,0543IbnIbrahimHamadhaniJurqani.Abatil,14,2972
Shamela0009654,0302QasimCawfi.DalailFiGharibHadith,5,607
Shamela0009698,0399IbnAbiZamanaynIlbiri.RiyadJanna,1,133
Shamela0009701,0953IbnTulun.IclamSailin,14,3472
Shamela0009702,0676Nawawi.TahdhibAsma,38,5374
Shamela0009728,0456IbnHazm.JawamicSira,24,4497
Shamela0009752,1331IbnAmirCabdQadirJazairi.NukhbatCiqd,18,2829
Shamela0009759,1307Qannawji.NaylMaram,2,437
Shamela0009770,0634AbuRabicHimyari.Iktifa,303,76511
Shamela0009773,0279Baladhuri.AnsabAshraf,294,62255
Shamela0009775,1342MahmudShukriAlusi.SabbCadhab,8,1443
Shamela0009783BK1,0310Tabari.Tarikh,1214,330402
Shamela0009783BK3,0521MuhammadHamadhani.TakmilatTarikhTabari,16,2546
Shamela0009783BK4,0310Tabari.MuntakhabMinDhayl,74,15469
Shamela0009788,0626YaqutHamawi.MucjamUdaba,1128,351553
Shamela0009789,0415QadiCabdJabbar.TathbitDalailNubuwwa,22,6830
Shamela0009793,0456IbnHazm.JamharatAnsab,11,953
Shamela0009801,0974IbnHajarHaytami.DurrMandud,2,251
Shamela0009804,1304CabdHayyLaknawi.TacliqMumajjad,2,218
Shamela0009810,1138IbnCabdHadiNurDinSindi.HashiyaCalaIbnMajah,17,2870
Shamela0009823,0956IbnCumarShamsDinSafiri.MajalisWacziyya,23,5268
Shamela0009851,0478ImamHaramaynJuwayni.NihayatMatlab,1,137
Shamela0009853,0430AbuNucaymIsbahani.AhadithMusnada,2,288
Shamela0009855,0434IbnAhmadHarawi.Masmucat,1,184
Shamela0009856,0817MajdDinFiruzabadi.BasairDhawiTamyiz,7,656
Shamela0009862,0151IbnIshaq.Sira,72,16638
Shamela0009870,0730QasimTujibi.Barnamaj,1,174
Shamela0009872,0660IbnCadim.ZubdatHalab,6,1021
Shamela0009898,0354IbnHibbanBusti.Sira,97,23080
Shamela0009918,1014MullaCaliQari.SharhShifa,37,6847
Shamela0009943,1317KhayrDinAlusi.JalaCaynayn,9,1920
Shamela0009984,0817MajdDinFiruzabadi.BulghaFiTarajim,7,1004
Shamela0009985,0905IbnCabdAllahWaqqadAzhari.SharhTasrih,1,82
Shamela0009988,0749BadrDinMisriMuradi.TawdihMaqasid,1,156
Shamela0009993,1332IbnMuhammadJamalDinQasimi.QawacidTahdith,3,349
Shamela0010013,1376MuhammadHajwiThacalibi.FikrSami,9,1365
Shamela0010016,0981IbnMusaMuwaqqitDimashqi.CiqdTalid,1,103
Shamela0010018,1368CaliJarim.NahwWadih,13,1215
Shamela0010262,0383IbnCabbasKhwarizmi.MufidCulum,13,2073
Shamela0010273,1224IbnCajiba.BahrMadid,38,7444
Shamela0010275BK1,0384MuhassinTanukhi.NishwarMuhadara,29,9212
Shamela0010275BK2,1416CabbudShaliji.NishwarQuotes,37,8767
Shamela0010283,0733Nuwayri.NihayatArab,1428,360686
Shamela0010284,0728IbnTaymiyya.MustadrakCalaMajmucFatawa,1,102
Shamela0010428BK1,0500Anonymous.MajmucatRasailJahiz,15,2263
Shamela0010428BK11,0255Jahiz.CadawaWaHasad,1,198
Shamela0010428BK14,0255Jahiz.Hijab,2,285
Shamela0010428BK15,0255Jahiz.MufakharatJawari,6,1233
Shamela0010428BK17,0255Jahiz.DhammAkhlaqKuttab,1,156
Shamela0010428BK18,0255Jahiz.Bighal,1,102
Shamela0010428BK19,0255Jahiz.HaninIlaAwtan,2,157
Shamela0010428BK4,0255Jahiz.MacadWaMacash,1,100
Shamela0010437,0597IbnJawzi.MuthirGharam,13,2800
Shamela0010441,0611IbnMufaddalMuqaddasi.Arbacuna,2,503
Shamela0010444,0533IbnTahirAbuQasimShahhami.AhadithSubaciyyat,3,567
Shamela0010452,0855BadrDinCayni.MaghaniAkhyar,94,15577
Shamela0010460,0643CaliSakhawi.JamalQurra,3,285
Shamela0010461BK3,0748Dhahabi.TarjamatImamShaybani,1,206
Shamela0010463,0795IbnRajabHanbali.RawaicTafsir,9,1929
Shamela0010479,1205MurtadaZabidi.Amali,5,1159
Shamela0010480,0643DiyaDinMaqdisi.AhadithMukhatara,42,8323
Shamela0010488,0373AbuLaythSamarqandi.TanbihGhafilin,16,3213
Shamela0010501,0255Jahiz.Bukhala,6,1136
Shamela0010508,0285IbnYazidMubarrad.Fadil,4,674
Shamela0010509,0500AbuNasrMaqdisi.LataifWaZaraif,12,1592
Shamela0010512,0940IbnQasimMuhyiDinAmasi.RawdAkhyar,22,2370
Shamela0010517,1450HusamDinMusaCaffana.Fatawa,21,4651
Shamela0010521,0414AbuHayyanTawhidi.Imtac,25,11160
Shamela0010523,0406IbnFurakIsbahani.Tafsir,3,777
Shamela0010525,0646IbnQifti.InbahRuwat,95,21327
Shamela0010531,0360AbuBakrAjurri.AkhlaqAhlQuran,1,194
Shamela0010532BK1,0335Suli.AkhbarShucara,126,42693
Shamela0010532BK2,0335Suli.AkhbarRadi,1,110
Shamela0010538,0255Jahiz.BursanWaCurjan,2,254
Shamela0010541,1332IbnMuhammadJamalDinQasimi.IslahMasajid,1,118
Shamela0010548,1356MustafaSadiqRafici.TarikhAdabCarab,21,4147
Shamela0010550,0656IbnAbiHadid.FalakDair,7,1082
Shamela0010551,0637IbnAthirDiyaDin.MathalSair,49,8958
Shamela0010614,0255Jahiz.BayanWaTabyin,59,9466
Shamela0010627,0281AbuZurcaDimashqi.FawaidMucallala,1,341
Shamela0010632,1140IbnMuhammadDimyatiShafici.JawahirGhawali,1,119
Shamela0010637,0430AbuNucaymIsbahani.DalailNubuwwa,47,14154
Shamela0010665,0467IbnHasanBakharzi.DumyatQasr,25,5677
Shamela0010670BK21,0255Jahiz.TarbicWaTadwir,1,92
Shamela0010695,0463IbnCabdBarr.Durar,48,11933
Shamela0010709BK3,0255Jahiz.HakamaynWaTaswibCali,6,1770
Shamela0010709BK4,0255Jahiz.FadlHashim,5,784
Shamela0010710,0845Maqrizi.Rasail,10,1540
Shamela0010717,1307Qannawji.HittaFiDhikr,4,1175
Shamela0010736BK1,0938IbnCaliBalawi.Thabat,1,132
Shamela0010739,1307Qannawji.LuqtatCajlan,6,1826
Shamela0010758,1150IbnCaqila.FawaidJalila,5,2442
Shamela0010765,0321Tahawi.AhkamQuran,4,759
Shamela0010781,0716NajmDinTufi.SharhMukhtasarRawda,3,511
Shamela0010784,0728IbnTaymiyya.RisalaCarshiyya,1,138
Shamela0010798,0660IbnCadim.BughyatTalab,458,100647
Shamela0010803,0510IbnMascudBaghawi.AnwarFiShamailNabi,24,6374
Shamela0010808,0292Yacqubi.Buldan,8,3104
Shamela0010835,0492AbuHasanKhulci.Fawaid,12,1797
Shamela0010895,1244IbnHamadAlMucammar.MinhatQaribMujib,4,985
Shamela0010900,0795IbnRajabHanbali.AhwalQubur,1,105
Shamela0010902,0398AbuNasrKalabadhi.HidayaWaIrshad,5,500
Shamela0010906,0748Dhahabi.SiyarAclamNubala,639,138748
Shamela0010908,0624IbnIbrahimBahaDinMaqdisi.CuddaSharhCumda,1,154
Shamela0010912,1061NajmDinGhazzi.KawakibSaira,8,1825
Shamela0010913,0370AbuQasimAmidi.MutalifWaMukhtalif,8,1295
Shamela0010914,0542IbnMunjibTajRiyasaIbnSayrafi.MukhtarMinShicr,5,603
Shamela0010916,0414AbuHayyanTawhidi.Muqabasat,3,1135
Shamela0010918,0444AbuCamrDani.MuqnicFiRasmMasahif,1,222
Shamela0010925,0879IbnQutlubugha.TajTarajim,3,403
Shamela0011030,0281IbnAbiDunya.QiraDayf,2,324
Shamela0011056BK1,0837IbnHijjaHamawi.ThamaratAwraq,46,10981
Shamela0011056BK2,0837IbnHijjaHamawi.DhaylThamaratAwraq,3,488
Shamela0011056BK3,1302IbrahimAhdab.DhaylThamaratAwraq,4,714
Shamela0011074,1285IbnHasanAlShaykh.BayanKalimatTawhid,1,110
Shamela0011077BK1,0427Sahmi.TarikhJurjan,3,402
Shamela0011083,0385IbnShahin.TarikhAsmaDucafa,1,116
Shamela0011092,1014MullaCaliQari.TasliyyatAcma,1,141
Shamela0011123,1349IbnSahmanKhathcami.TanbihDhawiAlbab,1,188
Shamela0011137,0676Nawawi.IctiqadSalafFiHuruf,1,198
Shamela0011146,1242IbnMuhammadIbnCabdWahhabNajdi.JawabAhlSunna,14,3056
Shamela0011162,0728IbnTaymiyya.HuquqAlBayt,1,286
Shamela0011212,1282Ababutayn.RasailWaFatawa,2,260
Shamela0011216,0728IbnTaymiyya.RisalaFiUsulDin,1,296
Shamela0011258,0728IbnTaymiyya.SharhHadithNuzul,2,255
Shamela0011314,0468IbnAhmadWahidiNaysaburi.AsbabNuzul,33,10052
Shamela0011334,1285IbnHasanAlShaykh.TawhidWaQurratCuyunMuwahhidin,4,544
Shamela0011353,1349IbnSahmanKhathcami.KashfGhayahib,1,268
Shamela0011363,0795IbnRajabHanbali.LataifMacarif,11,1372
Shamela0011365,1450MuhammadCijajKhatib.LamahatFiMaktaba,1,113
Shamela0011379,1293CabdLatifAlShaykh.CuyunRasailwaAjwiba,3,652
Shamela0011404,0257IbnCabdHakam.FutuhMisr,4,416
Shamela0011433,0385IbnMuhandis.HadithAbiQasimCafiya,1,171
Shamela0011438,0597IbnJawzi.TalbisIblis,9,1548
Shamela0011469,0421IbnMuhammadMarzuqi.AzminaWaAmkina,7,1096
Shamela0011484,0739SafiDinHanbali.Marasid,14,2090
Shamela0011566,0845Maqrizi.Mawaciz,50,13787
Shamela0011661,0296IbnMuctazz.Badic,6,942
Shamela0011682,0776LisanDinIbnKhatib.Ihata,3,459
Shamela0011685,0365IbnFaqihHamadhani.Buldan,13,3072
Shamela0011686,0347IbnYunusSadafi.Tarikh,5,679
Shamela0011730,0728IbnTaymiyya.MajmucatRasailWaMasail,1,138
Shamela0011742,0900IbnMuhammadNurDinAshmuni.SharhCalaAlfiyyatMalik,2,255
Shamela0011746,0637IbnMustawfi.TarikhIrbil,7,840
Shamela0011755,1356MustafaSadiqRafici.WahyQalam,12,1845
Shamela0011758,1450YusufHadi.TarikhBayhaq,2,235
Shamela0011767,0337QudamaIbnJacfar.Kharaj,3,517
Shamela0011769,0779IbnBattuta.Rihla,6,1360
Shamela0011785,0380Muhallabi.MasalikWaMamalik,1,165
Shamela0011786,0884AbuDharrSibtIbnCajami.KunuzDhahab,22,5238
Shamela0011788,1351IbnHusaynGhazzi.NahrDhahab,19,4388
Shamela0011789,0615MuwaffaqDinShafici.MurshidZuwwar,16,2141
Shamela0011790,0749IbnFadlAllahCumari.MasalikAbsar,460,102685
Shamela0011812,0548Shahrastani.MilalWaNihal,3,546
Shamela0011997,0911Suyuti.TarikhKhulafa,42,8934
Shamela0012002,0668IbnHusaynJacfariHashimi.Takhjil,4,950
Shamela0012014,0676Nawawi.RiyadSalihin,7,1590
Shamela0012027,1326IbnMuhammadHindiSahsayani.SiyanatInsan,10,1681
Shamela0012031,0597IbnJawzi.SifatSafwa,127,31038
Shamela0012034,1342MahmudShukriAlusi.GhayatAmani,12,2168
Shamela0012040,0833IbnJazari.GhayatNihaya,22,3837
Shamela0012045,0207Waqidi.FutuhSham,1,355
Shamela0012062,0909IbnMabrid.MahdSawab,23,5466
Shamela0012076,1089IbnCimad.MuctiyatAman,1,146
Shamela0012086,1174AbuBarakatSuwaydi.NafhaMiskiyya,12,2546
Shamela0012091,1349IbnSahmanKhathcami.MinhajAhlHaqq,14,4153
Shamela0012094,1293CabdLatifAlShaykh.MinhajTasisWaTaqdis,14,4027
Shamela0012129,0276IbnQutaybaDinawari.Macarif,20,3117
Shamela0012131,0597IbnJawzi.Musalsalat,1,132
Shamela0012205,0245MuhammadIbnHabib.Muhabbar,4,460
Shamela0012220,0852IbnHajarCasqalani.ItrafMusnadMuctali,22,2652
Shamela0012221,0279Baladhuri.FutuhBuldan,7,1087
Shamela0012222,0207Waqidi.Ridda,1,125
Shamela0012226,0300Anonymous.AkhbarDawlaCabbasiyya,10,3054
Shamela0012286,1396KhayrDinZirikli.Aclam,37,4789
Shamela0012289,0580IbnCimrani.InbaFiTarikhKhulafa,5,1046
Shamela0012293,1421MuhammadCuthaymin.MajmucFatawa,9,1190
Shamela0012318,0400IbnTahirMaqdisi.BadWaTarikh,41,6341
Shamela0012320,0808IbnKhaldun.Tarikh,193,42519
Shamela0012348,0685IbnCibri.TarikhMukhtasarDuwal,55,14519
Shamela0012396BK1,0421Miskawayh.Tajarib,315,81119
Shamela0012396BK2,0488ZahirDin.DhaylTajaribUmam,88,23618
Shamela0012398,1089IbnCimad.Shadharat,323,65930
Shamela0012399,1450CabdKarimKhudayr.SharhMuwattaMalik,2,207
Shamela0012402,1408CumarKahhala.MucjamQabail,6,888
Shamela0012403,0277IbnSufyanFasawi.MacrifaWaTarikh,26,5212
Shamela0012404,0362AbuFarajIsbahani.MaqatilTalibiyyin,301,86800
Shamela0012406,0597IbnJawzi.Muntazam,653,143207
Shamela0012415,0458Bayhaqi.SunanSaghir,7,1230
Shamela0012524,0224QasimIbnSallam.FadailQuran,2,648
Shamela0012528,0641Sarifini.MuntakhabSiyaq,3,324
Shamela0012531,0748Dhahabi.MucjamShuyukh,1,127
Shamela0012534,0197IbnWahbQurashi.MuwattaIbnWahb,1,138
Shamela0012541,0414AbuHayyanTawhidi.AkhlaqWazirayn,63,21079
Shamela0012579,0365IbnCadiJurjani.KamilFiDucafa,106,17005
Shamela0012581,0385Daraqutni.MutalifWaMukhtalif,23,2471
Shamela0012715,0732AbuFida.MukhtasarFiAkhbar,122,22044
Shamela0012722,0726Yunini.DhaylMiratZaman,64,17730
Shamela0012724,0852IbnHajarCasqalani.RafcIsr,8,956
Shamela0012736,0600CabdGhaniMaqdisi.DhikrNar,1,92
Shamela0012738,0986IbnCaliFattani.TadhkiratMawducat,5,705
Shamela0012749,0457IbnAhmadSayrafi.Mashyakha,2,227
Shamela0012750,0571IbnCasakir.MucjamShuyukh,12,2812
Shamela0012751,0281IbnAbiDunya.MaqtalCali,13,3153
Shamela0012752,0833IbnJazari.ManaqibAsadGhalib,15,3012
Shamela0012818,0381IbnYusufCallaf.Amali,1,137
Shamela0012820,0505IbnHamzaTajQurraKirmani.GharaibTafsir,2,375
Shamela0012828,0384MuhassinTanukhi.FarajBacdaShidda,58,17834
Shamela0012834BK1,0313IbnZakariyyaRazi.TibbRuhani,1,90
Shamela0012843,0319IbnMundhirNaysaburi.Iqnac,1,171
Shamela0012845,0578IbnBashkuwal.Mustaghithin,1,98
Shamela0012847,0636IbnAbiMucammarAbuKhayrTabrizi.NasihaLiRaci,3,411
Shamela0012851,0200YahyaIbnSallam.Tafsir,5,622
Shamela0012855,0649ibnCabdAllahMuzaffariShafici.Juz,1,132
Shamela0012860,0774IbnKathir.TabaqatFuqahaShaficiyyin,18,2601
Shamela0012862,0807NurDinHaythami.KashfAstar,22,4751
Shamela0012863,0240IbnKhayyatCusfuri.Musnad,2,262
Shamela0012865,0852IbnHajarCasqalani.NazmLaali,1,113
Shamela0012872,0845Maqrizi.MukhtasarQiyamRamadan,4,845
Shamela0012884,0911Suyuti.DurrManthur,151,35194
Shamela0012935,1369MuhammadRida.Muhammad,148,38657
Shamela0012981,0292AbuBakrBazzar.BahrZakhkhar,42,8368
Shamela0012987,0182AbuYusufYacqub.Athar,1,368
Shamela0012990,0281IbnAbiDunya.Ikhwan,4,440
Shamela0013031,0646IbnQifti.Muhammadun,39,8317
Shamela0013039,0281IbnAbiDunya.Samt,2,325
Shamela0013041,0322AbuJacfarCuqayli.DucafaKabir,36,7517
Shamela0013058,0281IbnAbiDunya.Muhtadarin,3,409
Shamela0013067,0316IbnAbiDawudSijistani.Masahif,1,245
Shamela0013075,0281IbnAbiDunya.Ciyal,1,205
Shamela0013122,0227IbnMansurKhurasani.Sunan,7,1704
Shamela0013129,0844IbnRassamHamawi.ArbacunaMinAhadithNabawiyya,3,1008
Shamela0013174,0211CabdRazzaqSancani.Musannaf,33,6857
Shamela0019542,0930IbnCumarBahraqHadrami.HusamMaslul,2,165
Shamela0021105,0429AbuMansurThacalibi.Muntahal,48,5545
Shamela0021107,0680IbnSabuni.TakmilatIkmalIkmal,1,109
Shamela0021315,0432IbnMuhammadNasafi.FadailQuran,2,658
Shamela0021474,0385Daraqutni.IlzamatWaTatabbuc,1,134
Shamela0021475,0463KhatibBaghdadi.Bukhala,9,1572
Shamela0021477,0463KhatibBaghdadi.TalkhisMutashabih,8,1714
Shamela0021479,0381AbuQasimJawhari.MusnadMuwatta,2,279
Shamela0021481,0395IbnMandaMuhammad.MacrifatSahaba,22,3732
Shamela0021484,0317IbnHaythamKufi.Hadith,1,129
Shamela0021485,0430AbuNucaymIsbahani.SifatNifaq,2,509
Shamela0021487,0275AbuDawudSijistani.MasailImamAhmad,1,173
Shamela0021491,0463KhatibBaghdadi.QawlFiCilmNujum,5,1192
Shamela0021493,0535QawwamSunna.SiyarSalaf,67,14311
Shamela0021494,0340IbnAcrabiBasri.Mucjam,11,1816
Shamela0021499,0728IbnTaymiyya.FurqanBaynaAwliya,1,165
Shamela0021508,1347BashirYamut.Shacirat,30,6084
Shamela0021510,0529FathIbnKhaqan.QalaidCiqyan,1,126
Shamela0021512,1450CabdAllahGhunayman.MukhtasarMinhajSunna,37,8279
Shamela0021524,1450WalidUmawi.MucjamAshabIbnTaymiyya,3,751
Shamela0021525,1346LuisShikhuYasuci.ShucaraNasraniyya,40,8398
Shamela0021536,0671AbuCabdAllahQurtubi.TadhkiraFiAhwalMawta,24,5195
Shamela0021537,1420IbnBaz.MajmucFatawa,16,3614
Shamela0021542,0911Suyuti.DurarMuntathira,1,92
Shamela0021544,0180IbnJacfarAnsari.HadithIsmacil,2,445
Shamela0021545,0197WakicIbnJarrah.Zuhd,3,459
Shamela0021547,0864IbnAhmadJalalDinMahalli.SharhWaraqatFiUsulFiqh,1,97
Shamela0021554,0285IbnYazidMubarrad.Tacazi,24,4709
Shamela0021556,0562Samcani.Muntakhab,7,1036
Shamela0021564,0584IbnMunqidhShayzari.Ictibar,5,980
Shamela0021570,0807NurDinHaythami.MaqsadCali,11,1695
Shamela0021635,0643DiyaDinMaqdisi.MuntaqaMinMasmucatMarw,10,1371
Shamela0021659,0911Suyuti.SahihWaDacif,28,4613
Shamela0021670,0277IbnSufyanFasawi.Mashyakha,3,455
Shamela0021676,0249CabdIbnHamid.MinCawaliMusnad,1,113
Shamela0021681,0682IbnCabdakKunji.MashyakhatDiyaDinTurkumani,2,256
Shamela0021691,0427IbnCaliShahrazuri.Hadith,4,675
Shamela0021715,0923AhmadQastallani.IrshadSari,133,26189
Shamela0021719,0911Suyuti.Ashbah,1,97
Shamela0021721,0558IbnAbiKhayrCimraniYamani.BayanFiMadhhabShafici,5,615
Shamela0021735,0520IbnRushdJadd.Muqaddimat,4,1106
Shamela0021741,1450CabdKarimKhudayr.SharhKitabFitan,6,1074
Shamela0021744,0861IbnHumam.FathQadir,6,1140
Shamela0021751,0520IbnRushdJadd.BayanWaTahsil,27,4814
Shamela0021765,0840ShihabDinBusiri.IthafKhayra,85,19965
Shamela0021766,1225ThanaAllahPanipati.TafsirMazhari,127,28698
Shamela0021784,1356MustafaSadiqRafici.TahtaRayatQuran,5,1159
Shamela0021809,0774IbnKathir.JamicMasanid,172,36790
Shamela0021819,0563AbuCalaKirmani.MafatihAghani,1,206
Shamela0021821,0468IbnAhmadWahidiNaysaburi.WasitFiTafsir,34,6855
Shamela0021848BK1,0926ZakariyyaAnsari.GhurarBahiyya,2,229
Shamela0022340,0597IbnJawzi.Hathth,6,1227
Shamela0022341,0909IbnMabrid.CiqdTamam,1,224
Shamela0022347,0281IbnAbiDunya.Qanaca,2,270
Shamela0022381,0375IbnCabdAllahAbhari.FawaidGharaibHisan,2,465
Shamela0022526,0412Sulami.ArbacunaFiTasawwuf,1,133
Shamela0022549,0319IbnMundhirNaysaburi.TafsirQuran,31,5953
Shamela0022579,0272IbnIshaqFakihi.AkhbarMakka,14,2627
Shamela0022593,0437MakkiIbnHammushQaysi.Hidaya,23,6017
Shamela0022623,0255Jahiz.TajFiAkhlaq,1,198
Shamela0022642,0833IbnJazari.Nashr,2,148
Shamela0022644,1450CabdKarimKhudayr.SharhBulughMaram,1,93
Shamela0022653,0728IbnTaymiyya.JamicRasail,4,770
Shamela0022676,0665AbuShama.MurshidWajiz,4,929
Shamela0022712,0608IbnCutyaQudaciTurtushi.TahrirMaqal,3,746
Shamela0022720,0795IbnRajabHanbali.IkhtiyarUla,4,677
Shamela0022769,1316IbnCumarBantaniJawi.MarahLabid,21,4623
Shamela0022799,0555IbnQalanisi.TarikhDimashq,3,488
Shamela0022868,0584IbnMusaHazimi.IctibarFiNasikhWaMansukh,2,380
Shamela0022869,1409IbnSayyidCajamiMisri.HidayatQari,4,853
Shamela0022881,0450AbuHasanMawardi.AhkamSultaniyya,10,2048
Shamela0022882,0761IbnKaykaldiCalai.ItharatFawaid,12,2450
Shamela0022892,0429AbuMansurThacalibi.Shakwa,8,1079
Shamela0023023BK2,1021ShihabDinShalabi.HashiyaCalaTabyinHaqaiq,1,143
Shamela0023100,0317AbuQasimBaghawi.MucjamSahaba,40,7288
Shamela0023140,0855ShamsDinDikunquz.SharhCalaMarahArwah,1,159
Shamela0023156,0874IbnTaghribirdi.ManhalSafi,31,6341
Shamela0023358,0573NashwanHimyari.ShamsCulum,1,252
Shamela0023422,1450CabdKarimKhudayr.SharhKitabHajj,7,959
Shamela0023423,1450CabdKarimKhudayr.SharhArbacinaNawawi,1,72
Shamela0023578,0427AbuIshaqThaclabi.KashfWaBayan,137,33176
Shamela0023591,0745AbuHayyanGharnati.TafsirBahrMuhit,44,8510
Shamela0023624,0920IbnMahmudNakhjawani.FawatihIlahiyya,1,181
Shamela0023628,0741KhazinBaghdadi.LubabTawil,124,30039
Shamela0023632,0541IbnCatiyyaAndalusi.MuharrarWajiz,20,3324
Shamela0023634,0207IbnZiyadFarra.MacaniQuran,1,176
Shamela0023644,0407IbnMuhammadKharkushi.SharafMustafa,108,20860
Shamela0023645,0544QadiCiyad.Shifa,15,3615
Shamela0023653,0734IbnSayyidNas.CuyunAthar,263,62706
Shamela0023675,1132IbnAhmadAbuMadyanFasi.MustacdhabIkhbar,6,770
Shamela0023680,0207Waqidi.Maghazi,155,34710
Shamela0023685,0923AhmadQastallani.MawahibLaduniyya,119,23493
Shamela0023691,0606IbnAthirMajdDin.NihayaFiGharib,8,1065
Shamela0023695,0911Samhudi.WafaWafa,66,14490
Shamela0023700,0630IbnAthirCizzDin.UsdGhaba,646,132582
Shamela0023718,0346Mascudi.TanbihWaIshraf,8,866
Shamela0023735,0626YaqutHamawi.MucjamBuldan,283,56816
Shamela0023741,0429AbuMansurThacalibi.IcjazWaIjaz,22,2604
Shamela0023764BK4,0749IbnDimyati.Mustafad,12,1941
Shamela0023764BK5,0643IbnNajjar.RaddCalaKhatibBaghdadi,3,761
Shamela0023769,1450CabdKarimKhudayr.SharhAlfiyyatTabsira,2,250
Shamela0023775,0255Jahiz.Hayawan,23,3760
Shamela0023777,1450CabdKarimKhudayr.SharhSunanTirmidhi,1,187
Shamela0023785,0276IbnQutaybaDinawari.ShicrWaShucara,65,10450
Shamela0023788,0745MuayyadYahyaIbnHamzaCalawi.TirazLiAsrar,26,3770
Shamela0023789,0328IbnCabdRabbih.CiqdFarid,230,45799
Shamela0023790,0276IbnQutaybaDinawari.CuyunAkhbar,78,11361
Shamela0023798,0885BurhanDinBiqaci.NukatWafiyya,6,1078
Shamela0023833,0213IbnHisham.SiraNabawiyya,302,74974
Shamela0023849,0487AbuCubaydBakri.MasalikWaMamalik,3,356
Shamela0025011,0429AbuMansurThacalibi.AhsanMaSamictu,19,2502
Shamela0025794,0241IbnHanbal.Musnad,206,47946
Shamela0025837,0276IbnQutaybaDinawari.MacaniKabir,1,89
Shamela0025841,0748Dhahabi.CibarFiKhabar,34,5376
Shamela0025864,0761IbnKaykaldiCalai.JamicTahsil,2,225
Shamela0025955,1450CabdKarimKhudayr.SharhNukhbatFikr,1,102
Shamela0026033,1094IbnSulaymanRudani.SilatKhalaf,1,158
Shamela0026039,0774IbnKathir.MusnadCumarIbnKhattab,9,1851
Shamela0026047,1450CabdKarimKhudayr.TacliqCalaTafsirQurtubi,1,81
Shamela0026075,0620IbnQudamaMaqdisi.MuntakhabMinCilal,3,411
Shamela0026102,0325IbnIshaqWashsha.Muwashsha,8,698
Shamela0026108,0658IbnAbbar.TuhfatQadim,2,277
Shamela0026141,0795IbnRajabHanbali.HikamJadiraBiIdhaca,1,93
Shamela0026324,0852IbnHajarCasqalani.IthafMahara,47,6030
Shamela0026336,0646IbnQifti.IkhbarCulama,49,20835
Shamela0026338,0368AbuSacidSirafi.AkhbarNahwiyyin,8,1199
Shamela0026350,1041Maqqari.AzharRiyad,5,746
Shamela0026389,0771TajDinSubki.MucjamShuyukh,9,1921
Shamela0026395,0414IbnHasanGhadairi.Juz,1,132
Shamela0026428,0662RashidCattar.NuzhatNazir,2,235
Shamela0026429,0430AbuNucaymIsbahani.TibbNabawi,1,126
Shamela0026430,0353IbnHarunDimashqi.SifatNabi,9,2877
Shamela0026440,0282IbnIshaqJahdami.JuzMinHadithMalik,1,176
Shamela0026449,0276IbnHazimGhifari.MusnadGhifari,2,140
Shamela0026458,0444AbuCamrDani.TahdidFiItqan,1,148
Shamela0026460,0276IbnQutaybaDinawari.IkhtilafFiLafz,4,1841
Shamela0026481,0536IbnAhmadAbuQasimSamarqandi.MaQarubaSanaduhu,3,580
Shamela0026484,0645TilimsaniBurri.Jawhara,175,35641
Shamela0026487,0656IbnMuhammadSadrDinNaysaburi.ArbacunaCanArbacina,1,506
Shamela0026490,0617RadiDinTusi.Arbacuna,1,78
Shamela0026510,0224QasimIbnSallam.KhutabWaMawaciz,4,670
Shamela0026525,0256ZubayrIbnBakkar.JamharatNasabQuraysh,8,1782
Shamela0026536,0421IbnMuhammadMarzuqi.SharhDiwanHamasa,14,1400
Shamela0026539,0638IbnAhmadAndalusiHarali.TurathFiTafsir,2,270
Shamela0026540,0245MuhammadIbnHabib.MukhtalafQabail,2,139
Shamela0026542,0535QadiMaristan.Mashyakha,5,1049
Shamela0026552,0384IbnCimranMarzubani.MucjamShucara,98,26333
Shamela0026554,0643DiyaDinMaqdisi.SifatNabi,11,3216
Shamela0026556,0356IbnQasimMisri.NuskhatNabit,5,1524
Shamela0026557,0671IbnCabdMuncimHanbaliHarrani.Juz,1,93
Shamela0026559,0341IbnHamidHawrani.Juz,1,269
Shamela0026565,0705SharafDinDimyati.JuzMusafahatMuslim,1,122
Shamela0026566,0459IbnMuhammadDimashqi.Fawaid,10,2201
Shamela0026568,1122MuhammadZurqani.SharhCalaMawahib,111,21719
Shamela0026578,0953IbnTulun.MufakahaKhillan,1,255
Shamela0026662,0643IbnNajjar.DurraThamina,20,4009
Shamela0026676,0337IbnIshaqZajjaji.MajalisCulama,5,1258
Shamela0026677,0597IbnJawzi.HifzCumr,1,115
Shamela0026680,0311IbnKhuzaymaNaysaburi.Fawaid,1,109
Shamela0026722,0701SharafDinYunini.Mashyakha,7,1962
Shamela0026726,0611SharafDinMuqaddasi.Arbacin,4,810
Shamela0026730,0378HakimKabir.Fawaid,1,255
Shamela0026731,0816AbuBakrMaraghi.Mashyakha,2,263
Shamela0026740,0281IbnDizilHamdani.Juz,1,196
Shamela0026742,0571IbnCasakir.ArbacunaAbdalCawali,1,505
Shamela0026745,0146MujacaIbnZubayr.MinHadith,1,164
Shamela0026764,0686AbuYamanIbnCasakir.IthafZair,9,1663
Shamela0026768,0363IbnHusaynSijistani.ManaqibShafici,1,236
Shamela0026803,0338AbuJacfarNahhas.CumdatKuttab,10,2156
Shamela0026813,0640AbuHafsDunaysiri.TarikhDunaysir,3,692
Shamela0026823,0287IbnAbiCasim.Salat,1,86
Shamela0026842,0555IbnMuhammadHamadhaniTai.ArbacunaFiIrshad,5,607
Shamela0026862,0541IbnAhmadShaykhShuyukhSufi.Juz,2,422
Shamela0026863,0228IbnMuhammadMadaini.Tacazi,2,215
Shamela0026864,0412Sulami.Futuwwa,3,424
Shamela0026865,0275Anonymous.JuzJamicIbnWahb,1,138
Shamela0026871,0303Nasai.Ighrab,3,435
Shamela0026875,0329IbnAhmadRabaci.MuntaqaMinAkhbarAsmaci,3,769
Shamela0026876,0507IbnQaysarani.Manthur,1,151
Shamela0026884,0535QawwamSunna.TarghibWaTarhib,14,2392
Shamela0026886,0500IbnMuhammadKhatibBushanji.Juz,1,80
Shamela0026890,0748Dhahabi.IthbatShafaca,1,98
Shamela0026891,0852IbnHajarCasqalani.CawaliMuslimArbacuna,1,370
Shamela0026895,0374IbnHusaynAzdi.KunaLiManLaYucrafLahuIsm,1,198
Shamela0026921,0362IbnMuhammadMuzakki.Muzakkiyyat,2,482
Shamela0026929,0245MuhammadIbnHabib.UmmahatNabi,1,141
Shamela0026961,0900IbnMuhammadBurhanDinQabibati.TacliqRashiq,1,117
Shamela0027083,1118IbnMuhammadNuriSafaqsi.GhaythNafc,1,157
Shamela0027084,0945ShamsDinDawudi.TabaqatMufassirin,51,9691
Shamela0027093,0392IbnIsmacilMisri.CuqalaMajanin,1,256
Shamela0027105,0430AbuNucaymIsbahani.MuntakhabMinShucara,5,978
Shamela0028100,0393IbnHammadJawhari.MuntakhabMinSihahJawhari,2,187
Shamela0028107,0179MalikIbnAnas.Muwatta,2,337
Shamela0028115,0429AbuMansurThacalibi.ManGhabaCanhuMutrib,22,3219
Shamela0028172,0204IbnKalbi.NasabMacad,5,616
Shamela0028173,1307Qannawji.NashwatSakran,7,829
Shamela0028174,0685IbnSacidMaghribi.NashwatTarab,8,1530
Shamela0028175,1314ShakirBatluni.NafhAzhar,61,10511
Shamela0028181,0337QudamaIbnJacfar.NaqdShicr,3,267
Shamela0028453,0256ZubayrIbnBakkar.AkhbarMuwaffaqiyyat,48,13591
Shamela0029289,0185IbnCimranMawsili.Zuhd,2,483
Shamela0029449,0643DiyaDinMaqdisi.KhamsatAhadithMusalsalat,1,504
Shamela0029617,0733IbnJamacaBadrDinHamawi.AhadithTusaciyya,1,205
Shamela0029677,0840IbnWazirYamani.CawasimWaQawasim,26,4262
Shamela0029702,0302AbuMuhammadAshyabBaghdadi.Juz,2,598
Shamela0029703,0221IbnAbiIyasCasqalani.Juz,1,335
Shamela0029704,0222IbnNaficHimsi.Hadith,1,91
Shamela0029708,0265CaliIbnHarbTai.HadithSufyanIbnCuyayna,2,508
Shamela0029713,0310IbnCaliMadaini.Fawaid,1,88
Shamela0029715,0317AbuQasimBaghawi.HikayatShucba,1,113
Shamela0029725,0370IbnQasimKhayyat.Hadith,1,63
Shamela0029734,0392IbnAbiShurayhHarawi.AhadithMia,1,132
Shamela0029741,1450AkramFaluji.MucjamShuyukhTabari,4,1160
Shamela0029742,1422MuqbilWadici.RijalHakim,11,1505
Shamela0029743,0905IbnCabdRahmanIjiShafici.Tafsir,19,4349
Shamela0029745,1450AbuTayyibMansuri.Irshad,11,1917
Shamela0029746,0413IbnTalhaNaccali.Juz,1,102
Shamela0029752,0428IbnCabdAllahShirazi.Juz,1,169
Shamela0029769,0470IbnMuhammadKufi.Cawali,1,133
Shamela0029790,0576AbuTahirSilafi.JuzBiIntikhab,2,276
Shamela0029864,0741CabdAllahWasiti.KanzFiQiraatCashr,1,107
Shamela0029871,0396IbnCataRudhbari.Amali,1,131
Shamela0029878BK2,0805SirajDinBulqini.MahasinIstilah,4,840
Shamela0029879,1422MuqbilWadici.TarajimRijal,9,1461
Shamela0029882,0911Suyuti.NawahidAbkar,2,264
Shamela0029897,0359AbuBakrNasibi.Hadith,1,195
Shamela0029900,0535QawwamSunna.Cawali,1,427
Shamela0029911,0581AbuMusaMadini.Lataif,6,1070
Shamela0029932,0565IbnMuhammadAbuBakrBaghdadi.Khumasiyyat,2,373
Shamela0029937,0643DiyaDinMaqdisi.ManaqibJacfarIbnAbiTalib,1,130
Shamela0029940Vols,0344IbnSammak.Fawaid,1,318
Shamela0029953Vols,0451AbuCuthmanBuhayri.Fawaid,4,907
Shamela0029967,1450MuhammadCijajKhatib.AbuHurayra,6,1025
Shamela0029982,1450AkramFaluji.MucjamSaghir,7,790
Shamela0029984,0471IbnCaliBalkhi.Wakhshiyyat,3,1321
Shamela0030022,0396IbnHasanDimashqi.Ahadith,1,208
Shamela0030024,0576AbuTahirSilafi.AhadithWaHikayat,3,621
Shamela0030025,0463KhatibBaghdadi.ArbacMajalis,1,182
Shamela0030037,0607IbnTabarzad.Juz,1,112
Shamela0030075,0386IbnCumarHarbi.Mashyakha,1,249
Shamela0030243,0611IbnMufaddalMuqaddasi.AhadithMuqtabasa,3,607
Shamela0030266,0600CabdGhaniMaqdisi.FadailCumarIbnKhattab,1,156
Shamela0030305,0219IbnMuslimBasri.Ahadith,4,603
Shamela0030314,0600CabdGhaniMaqdisi.ZawajAbiCasBiZaynab,1,119
Shamela0030327,0733IbnJamacaBadrDinHamawi.Mashyakha,5,1370
Shamela0030340,0492AbuHasanKhulci.MuntaqaMinKhulciyyat,3,665
Shamela0030341,0748Dhahabi.MawducatMustadrak,2,237
Shamela0030384,0322AbuBakrZubayri.Fawaid,1,220
Shamela0030432,0267IbnCabdAllahTarqufi.Hadith,1,90
Shamela0030435,0413IbnTalhaNaccali.Fawaid,1,102
Shamela0030518,0630IbnMuhammadBadrDinRazi.MabahithTafsir,2,360
Shamela0030584,0494AbuNasrIbnWadcan.ArbacunaWadcaniyya,1,293
Shamela0030592Vols,0492AbuHasanKhulci.Khulciyyat,9,1926
Shamela0030594Vols,0705SharafDinDimyati.MucjamShuyukh,5,670
Shamela0030623Vols,0576AbuTahirSilafi.MashyakhaBaghdadiyya,13,1953
Shamela0030665,0634AbuRabicHimyari.Musalsalat,1,140
Shamela0030731,0599IbnHasanCabdi.Juz,2,315
Shamela0030741,0281AbuZurcaDimashqi.Tarikh,1,180
Shamela0030750,0613AbuYumnKindi.KhabarShicr,4,571
Shamela0030769,0395IbnMandaMuhammad.Amali,3,352
Shamela0030790,0581AbuMusaMadini.MuntahaRaghabat,2,274
Shamela0030868,1293CabdLatifAlShaykh.MisbahZalam,6,699
Shamela0031215,0544QadiCiyad.TartibMadarik,4,505
Shamela0031366,0795IbnRajabHanbali.DhaylTabaqatHanabila,8,1610
Shamela0031370,0764Safadi.TashihTashif,1,212
Shamela0031371,1335CabdRazzaqBaytar.HilyatBashar,37,15275
Shamela0031372,0911Samhudi.KhulasatWafa,14,2261
Shamela0031382,0821Qalqashandi.NihayatArab,3,374
Shamela0035073,1307Qannawji.BulghaIlaUsulLugha,12,2307
Shamela0035100,0748Dhahabi.TarikhIslam,737,146177
Shamela0035261,0926ZakariyyaAnsari.FathBaqi,2,263
Shamela0035888,1253IbnMuhammadAnsariShirwani.NafhatYaman,34,5751
Shamela0036066,1270ShihabDinAlusi.AjwibaCiraqiyya,4,1437
Shamela0036073,0859ShamsDinNawaji.ShifaFiBadicIktifa,2,198
Shamela0036075,0838ShihabDinDalji.Falaka,21,3670
Shamela0036080,1239IbnAhmadFarharawiMultani.NahiyaCanTacnMucawiya,7,1349
Shamela0036082,0231AbuTamam.Wahshiyyat,6,919
Shamela0036088,0412IbnJacfarQayruwani.MaYajuziLiShacir,3,486
Shamela0036091,1342MahmudShukriAlusi.MukhtasarTuhfaIthnaCashariyya,18,3151
Shamela0036104,0381IbnHusaynNaysaburi.MabsutFiQiraatCashar,1,169
Shamela0036357,0852IbnHajarCasqalani.LisanMizan,590,122100
Shamela0036427,0840IbnWazirYamani.RawdBasim,8,1313
Shamela0036446,1094IbnSulaymanRudani.JamcFawaid,94,21588
Shamela0036506,0535QawwamSunna.IcrabQuran,2,398
Shamela0036515,0762MughultayIbnQilij.IkmalTahdhib,154,25893
Shamela0036543,1255Shawkani.FathRabbaniMinFatawa,16,2192
Shamela0036578,1450Multiple.MawsucaMujazaFiTarikhIslami,26,4433
Shamela0036951,0911Suyuti.HusnSamt,2,204
Shamela0037022,0808IbnKhaldun.Rihla,2,529
Shamela0037025,0455IbnFuraja.FathCalaAbiFath,12,1425
Shamela0037032,0429AbuMansurThacalibi.MutanabbiWaMaLahu,141,45511
Shamela0037056,0385SahibIbnCabbadTalqani.KashfCanMasawiShicrMutanabbi,42,7748
Shamela0037057,0644IbnCaliCizzDinMuhallabi.MaakhidhCalaShurrah,27,2586
Shamela0037060,0984BadrDinGhazzi.MatalicBadriya,8,1304
Shamela0037063,1372KurdCali.KhitatSham,36,8983
Shamela0037325,1450Maghrawi.MawsucatMawaqifSalaf,103,21675
Shamela0037345,1070MuhammadKibrit.RihlatShita,12,1403
Shamela0037458,1307Qannawji.FathBayan,23,4127
Shamela0037460,0385SahibIbnCabbadTalqani.AmthalSaira,47,6731
Shamela0037461,0385SahibIbnCabbadTalqani.Ruznamaja,10,3243
Shamela0037468,0433IbnAhmadCamidi.IbanaCanSariqat,28,3058
Shamela0037473BK1,0213IbnHisham.Tijan,3,1086
Shamela0037475,0637IbnAthirDiyaDin.JamicKabir,9,1833
Shamela0037487,0385IbnHasanSirafi.SharhAbyatSibawayhi,3,307
Shamela0037491,0445IbnHasanZuzani.QishrFasr,29,3355
Shamela0037494,0764Safadi.LawcatShaki,1,112
Shamela0037537,0908JalalDinDawwani.HujajBahira,5,659
Shamela0037538,0553BayanHaqqNaysaburi.BahirBurhan,2,305
Shamela0037540,0225PseudoIbnMuqaffac.AdabSaghir,3,654
Shamela0037551,1450TullabKSU.IkmalTahdhibTarajimSaqita,14,2491
Shamela0037559,1014MullaCaliQari.ShammCawarid,1,82
Shamela0037610,0533IbnTahirAbuQasimShahhami.JuzTuhfatCidFitr,2,320
Shamela0037614,0324Ashcari.MaqalatIslamiyyin,8,1162
Shamela0037632,0711IbnManzurIfriqi.NitharAzhar,9,1231
Shamela0037649,0444AbuCamrDani.JamicBayanFiQiraatSabc,3,393
Shamela0037713,0716NajmDinTufi.Intisarat,4,1227
Shamela0037837,0435MuhallabAndalusi.MukhtasarNasih,18,4800
Shamela0038011,1450SalahMuhammadKhiyami.FihrisZahiriyyaCulumQuran,1,125
Shamela0038067,1422MuhammadSalimMuhaysin.MucjamHuffazQuran,10,1651
Shamela0038080,0938IbnQasimSirajDinNashshar.Mukarrar,1,188
Shamela0038160,0550IbnNasirAbuFadlSallami.TanbihCalaAlfaz,1,263
Shamela0038194,0346AsammNaysaburi.Majmuc,2,521
Shamela0038202,0600CabdGhaniMaqdisi.NihayatMurad,3,458
Shamela0038740,0857MuhibbDinNuwayri.SharhTayyibatNashr,2,178
Shamela0095577,0801IbnCuthmanIbnQasihBaghdadiCudhri.SirajQari,2,1064
Shamela0095696,1331IbnAminShinqiti.WasitFiTarajim,1,192
Shamela0095735,0795IbnRajabHanbali.MajmucRasail,18,2202
Shamela0095860,0808MuhammadDamiri.SharhLamiyyatCajam,12,2123
Shamela0096165,0879IbnQutlubugha.Thiqat,38,8801
Shamela0096178,1450MuhammadCijajKhatib.SunnaQablaTadwin,6,810
Shamela0096180,0543IbnCarabiIshbili.CawasimMinQawasim,5,1294
Shamela0096228,0774IbnKathir.Takmil,21,3195
Shamela0096239,1041BurhanDinMaliki.BahjaMahafil,25,5007
Shamela0096283,0893IbnAhmadZaynDinSharji.TajridSarih,11,2779
Shamela0096337,1342MahmudShukriAlusi.Suyuf,25,4280
Shamela0096551,0804IbnMulaqqin.MustadrakDhahabi,10,1342
Shamela0096603,1450CadilNuwayhid.MucjamAclamJazair,1,101
Shamela0096606,0182AbuYusufYacqub.IkhtilafAbiHanifa,1,139
Shamela0096611,0714AhmadGhubrini.CunwanDiraya,1,230
Shamela0096878,0844ShamsDinMisri.MiftahSacidiyya,3,356
Shamela0096956,0748Dhahabi.DhaylDiwanDucafa,1,184
Shamela0096966,0584IbnMusaHazimi.CujalatMubtadi,4,397
Shamela0097799,1291IbnShaykhNasrAzhariHurini.MatalicNasriyya,4,1330
Shamela0097928,0900IbnMuhammadBurhanDinQabibati.CajalatImla,2,306
Shamela0098087,0689AhmadIbnCabdRahmanIbnQudama.MukhtasarMinhajQasidin,2,242
Shamela0115130,1373AbuYaclaZuwawi.TarikhZuwawa,1,338
Shamela0117366BK1,0325IbnSahlRazi.AkhbarFakhkh,3,324
Shamela0121376,0536IbnCaliMazariTamimi.SharhTalqin,1,82
Shia000002,0329IbnBabawayhAli.FiqhRida,9,2090
Shia000003,0381IbnBabawayhSaduq.Muqnic,4,1039
Shia000004,0381IbnBabawayhSaduq.Hidaya,6,1080
Shia000017,0436SharifMurtada.Intisar,10,2492
Shia000018,0436SharifMurtada.Nasiriyyat,11,2236
Shia000025,0460ShaykhTusi.Iqtisad,8,999
Shia000026Vols,0460ShaykhTusi.Khilaf,8,1533
Shia000033Vols,0460ShaykhTusi.Mabsut,2,298
Shia000042,0460ShaykhTusi.MisbahMutahajjad,36,11010
Shia000047,0573IbnHibatAllahQutbDinRawandi.Dacawat,11,1744
Shia000049Vols,0598IbnIdrisHilli.Sarair,16,2916
Shia000053,0676IbnHasanMuhaqqiqHilli.RasailTisac,8,5483
Shia000055Vols,0676IbnHasanMuhaqqiqHilli.MuctabarFiSharhMukhtasar,12,2063
Shia000061,0689IbnSacidYahyaHilli.JamicLiSharaic,16,5291
Shia000063Vols,0690IbnAbiTalibFadilYusufi.KashfRumuz,5,959
Shia000065,0700CaliIbnMuhammadSabzawariQummi.JamicKhilaf,2,607
Shia000068,0726CallamaHilli.RisalaSacdiyya,4,626
Shia000070Vols,0726CallamaHilli.TahrirAhkam,8,1003
Shia000075Vols,0726CallamaHilli.TadhkiratFuqaha,16,3325
Shia000091Vols,0726CallamaHilli.QawacidAhkam,10,4373
Shia000094Vols,0726CallamaHilli.MukhtalafShica,10,1614
Shia000107Vols,0726CallamaHilli.MuntahaMatlab,50,10547
Shia000111Vols,0770IbnCallamaHilli.IdahFawaid,18,5311
Shia000117Vols,0786ShahidAwwal.Durus,1,144
Shia000121Vols,0786ShahidAwwal.Dhikra,16,2932
Shia000126Vols,0841JamalDinIbnFahdHilli.MuhadhdhabBaric,19,5118
Shia000133,0940IbnHusaynMuhaqqiqThaniKaraki.Kharajiyyat,4,1449
Shia000134VolsBK2,0940IbnHusaynMuhaqqiqThaniKaraki.JamicMaqasid,2,187
Shia000147Vols,0940IbnHusaynMuhaqqiqThaniKaraki.Rasail,8,2464
Shia000150,0950IbnSulaymanFadilQatifi.SirajWahhaj,15,5346
Shia000151,0965ShahidThani.Rasail,11,3837
Shia000152,0965ShahidThani.RawdJinan,5,588
Shia000163VolsBK2,0965ShahidThani.MasalikAfham,63,18692
Shia000178,0984HusaynBinCabdSamadCamili.CiqdHusayni,2,510
Shia000181,0993MuhaqqiqArdabili.ZubdatBayan,15,2429
Shia000182VolsBK2,0993MuhaqqiqArdabili.MajmacFaida,26,4576
Shia000196Vols,1009MuhammadCamili.MadarikAhkam,39,8329
Shia000204Vols,1009MuhammadCamili.NihayatMaram,4,831
Shia000207,1031BahaDinCamili.HablMatin,10,1847
Shia000209,1031BahaDinCamili.MashriqShamsayn,17,3655
Shia000210,1031BahaDinCamili.MiftahFalah,3,1522
Shia000215Vols,1090MuhammadBaqirSabzawari.KifayatAhkam,5,1083
Shia000218Vols,1099IbnMuhammadKhuwansari.MashariqShumus,17,4027
Shia000220Vols,1137FadilHindi.KashfLitham,38,7321
Shia000233,1180CabdAllahJazairi.TuhfaSaniyya,26,4593
Shia000234Vols,1186YusufBahraniMuhaqqiq.HadaiqNadira,165,34821
Shia000260,1205WahidBihbahani.HashiyatMajmacFaidaWaBurhan,1,138
Shia000261Vols,1216HusaynBahraniAlCusfur.TatimmatHadaiq,7,1269
Shia000263Vols,1226MuhammadJawadCamili.MiftahKarama,25,6033
Shia000275Vols,1228JacfarKashifGhita.KhashfGhita,23,4806
Shia000277Vols,1231SayyidCaliTabatabai.RiyadMasail,71,17995
Shia000291Vols,1231MirzaAbuQasimQummi.GhanaimAyyam,6,1091
Shia000296,1231MirzaAbuQasimQummi.ManahijAhkam,3,608
Shia000297,1244AhmadNaraqi.CawaidAyyam,22,4342
Shia000298Vols,1244AhmadNaraqi.MustanadShica,36,5383
Shia000317Vols,1266MuhammadHasanNajafiJawahiri.JawahirKalam,115,22434
Shia000361,1281MurtadaAnsari.AhkamKhalaFiSalat,2,252
Shia000363,1281MurtadaAnsari.QadaWaShahadat,3,437
Shia000365,1281MurtadaAnsari.RasailFiqhiyya,11,1914
Shia000366,1281MurtadaAnsari.Khums,1,181
Shia000370,1281MurtadaAnsari.Salat,4,680
Shia000372Vols,1281MurtadaAnsari.Tahara,4,1229
Shia000376Vols,1281MurtadaAnsari.Makasib,13,3813
Shia000382,1281MurtadaAnsari.Nikah,1,122
Shia000383Vols,1298CaliMusawiQazwini.YanabicAhkam,6,1497
Shia000384Vols,1312CaliRuzdari.TaqriratAyatAllah,22,5393
Shia000388,1319MuhammadHasanAshtiyani.Qada,6,1124
Shia000394Vols,1326MuhammadAlBahrCulum.BulghatFaqih,3,460
Shia000399,1329MuhammadKazimAkhundKhurasani.LamacatNayyira,2,313
Shia000401Vols,1329AkhundMullaAbuTalibAraki.SharhNajatCibad,2,247
Shia000402,1334NajmDinTabasi.IrsalTakfir,1,187
Shia000403,1334NajmDinTabasi.DirasatFiqhiyya,1,187
Shia000405Vols,1337MuhammadKazimTabatabaiYazdi.CurwaWuthqa,2,427
Shia000715,1390MuhsinTabatabai.DalilNasik,1,148
Shia000723Vols,1413TajDinKhui.MinhajSalihin,2,323
Shia000726,1414MuhammadRidaGulpayagani.IrshadSail,1,147
Shia000736Vols,1414MuhammadRidaGulpayagani.HidayatCibad,2,400
Shia000743Vols,1418MuhammadRuhani.MinhajSalihin,1,123
Shia000801Vols,1450SadiqRuhani.MinhajSalihin,2,323
Shia000806Vols,1450WahidKhurasani.MinhajSalihin,160,38390
Shia000812Vols,0298HadiIlaHaqqYahya.Ahkam,4,707
Shia000814VolsBK1,1337IbnCabdAllahJundari.TarajimRijalFiSharhAzhar,2,200
Shia000814VolsBK4,1255Shawkani.HawashiCalaSharhAzhar,3,324
Shia000963Vols,0750IbnTurkamani.JawharNaqi,5,717
Shia001082Vols,0786ShahidAwwal.Qawacid,3,681
Shia001084,0826MiqdadSuyuri.NadadQawacid,5,1052
Shia001085Vols,1250CabdFattahHusayniMaraghi.Canawin,1,128
Shia001107Vols,1323MuhammadCabduh.SharhNahjBalagha,136,30640
Shia001111,0786ShahidAwwal.SahifaSajjadiyya,63,23033
Shia001114,0200IbnJacfarSadiq.Masail,2,234
Shia001115Vols,0274AhmadBarqi.Mahasin,61,15518
Shia001118,0300IbnCisaAshcari.Nawadir,2,196
Shia001119,0300IbnJacfarHimyari.QurbIsnad,7,1311
Shia001121,0329IbnBabawayhAli.ImamaWaTabsira,16,2777
Shia001122Vols,0329IbnYacqubKulayni.Kafi,452,110767
Shia001130,0336IbnHumamIskafi.Tamhis,8,1099
Shia001131Vols,0363QadiNucman.DacaimIslam,17,4581
Shia001134,0381IbnBabawayhSaduq.Amali,110,26813
Shia001135,0381IbnBabawayhSaduq.Ictiqadat,4,762
Shia001136,0381IbnBabawayhSaduq.Tawhid,30,7641
Shia001137,0381IbnBabawayhSaduq.Khisal,80,18346
Shia001138BK1,0381IbnBabawayhSaduq.ThawabAcmal,8,1480
Shia001139,0381IbnBabawayhSaduq.SifatShica,1,225
Shia001140Vols,0381IbnBabawayhSaduq.CilalSharaic,40,11247
Shia001142Vols,0381IbnBabawayhSaduq.CuyunAkhbarRida,225,62929
Shia001144,0381IbnBabawayhSaduq.FadailAshhurThalatha,2,1062
Shia001146,0381IbnBabawayhSaduq.KamalDin,191,52456
Shia001148,0381IbnBabawayhSaduq.MacaniAkhbar,33,7687
Shia001149Vols,0381IbnBabawayhSaduq.ManLaYahduruhuFaqih,87,19986
Shia001153,0400IbnCaliHarrani.TuhafCuqul,253,89321
Shia001156,0406SharifRadi.KhasaisAimma,20,6229
Shia001157Vols,0460ShaykhTusi.Istibsar,25,4527
Shia001171,0508FattalNaysaburi.RawdatWacizin,376,95880
Shia001172,0900IbnSulaymanHilli.MukhtasarBasair,23,5632
Shia001173,1020IbnAhmadBadrDinCamiliHusayni.HashiyaCalaUsulKafi,4,819
Shia001174Vols,1081MuhammadSalihMazandarani.SharhUsulKafi,437,95939
Shia001186,1082RaficDinNaini.HashiyaCalaUsulKafi,28,3876
Shia001217Vols,1104IbnHasanHurrCamili.WasailShica,585,117921
Shia001237Vols,1320NuriTabarsi.MustadrakWasail,529,124327
Shia001255Vols,1320NuriTabarsi.KhatimatMustadrak,906,211239
Shia001265,0085SulaymIbnQaysHilali.KitabSulaym,21,6891
Shia001268,0203IbnSulaymanGhazi.MusnadRida,1,198
Shia001269,0260IbnShadhanAzdi.Idah,27,7762
Shia001270Vols,0283AbuIshaqThaqafi.Gharat,292,76339
Shia001272,0300IbnSacidKufi.Zuhd,6,1107
Shia001275,0322KatibBaghdadi.TarikhAimma,1,255
Shia001278Vols,0363QadiNucman.SharhAkhbar,115,27302
Shia001286,0400IbnJarirTabariSaghir.DalailImama,60,19224
Shia001288,0401IbnSaburZayyat.TibbAimma,4,628
Shia001291,0413ShaykhMufid.AqsamMawla,5,751
Shia001293,0413ShaykhMufid.ImanAbiTalib,11,1561
Shia001299,0413ShaykhMufid.Amali,79,21418
Shia001300,0413ShaykhMufid.Ikhtisas,106,25605
Shia001303,0413ShaykhMufid.FusulMukhtara,74,17630
Shia001308,0413ShaykhMufid.NukatIctiqadiyya,1,293
Shia001312,0413ShaykhMufid.HadithNahnuMacashirAnbiya,4,808
Shia001313Vols,0413ShaykhMufid.RasailFiGhayba,1,142
Shia001318,0413ShaykhMufid.RisalaFiMacnaMawla,3,588
Shia001324,0413ShaykhMufid.MasarShica,1,202
Shia001330,0449AbuFathKarajiki.Istibsar,5,719
Shia001331,0449AbuFathKarajiki.Tacajjub,3,488
Shia001333,0449AbuFathKarajiki.MacdinJawahir,2,239
Shia001334,0460ShaykhTusi.Amali,224,68118
Shia001336,0500HusaynIbnCabdWahhab.CuyunMucjizat,12,2658
Shia001339,0548IbnHasanTabarsi.TajMawalid,18,3691
Shia001340,0548IbnHasanTabarsi.MakarimAkhlaq,66,25539
Shia001341,0560IbnHamzaTusi.ThaqibFiManaqib,60,14122
Shia001342,0567IbnKhashshabBaghdadi.TarikhMawalidAimma,1,315
Shia001343,0571IbnCaliDiyaDinRawandi.Nawadir,1,116
Shia001344Vols,0573IbnHibatAllahQutbDinRawandi.Kharaij,95,19929
Shia001348,0575IbnBabawayhMuntajabDin.Arbacuna,23,5690
Shia001349Vols,0588IbnShahrAshub.ManaqibAlAbiTalib,1041,208701
Shia001352,0598IbnIdrisHilli.MustatrafatSarair,14,2983
Shia001353,0600IbnHasanIbnBitriq.Cumda,130,29834
Shia001355,0600IbnMuhammadLaythiWasiti.CuyunHikam,6,709
Shia001356,0600IbnJacfarMashhadi.FadlKufa,4,665
Shia001357,0610MuhammadIbnMashhadi.Mazar,23,5697
Shia001358,0645IbnNimaHilli.DhawabNudar,6,881
Shia001359,0645IbnNimaHilli.MuthirAhzan,118,27214
Shia001360,0660ShadhanIbnJibrailQummi.Rawda,3,518
Shia001361,0660ShadhanIbnJibrailQummi.Fadail,4,740
Shia001362Vols,0664IbnTawus.IqbalAcmal,71,17912
Shia001365,0664IbnTawus.AmanMinAkhtarAsfar,4,960
Shia001366,0664IbnTawus.Tahsin,3,811
Shia001367,0664IbnTawus.DurucWaqiya,3,767
Shia001368,0664IbnTawus.TaraifFiMacrifatMadhahib,107,24046
Shia001369,0664IbnTawus.MujtanaMinDucaMujtaba,2,281
Shia001370,0664IbnTawus.MalahimWaFitan,15,3485
Shia001371,0664IbnTawus.Yaqin,32,8800
Shia001372,0664IbnTawus.JamalUsbuc,6,1166
Shia001373,0664IbnTawus.SacdSucud,18,4312
Shia001374,0664IbnTawus.FathAbwab,2,418
Shia001375,0664IbnTawus.FarajMahmum,25,5497
Shia001377,0664IbnTawus.KashfMahajja,20,5560
Shia001378,0677JamalDinAhmadAlTawus.CaynCibra,4,636
Shia001379,0699IbnMaythamBahrani.SharhMiatKalima,5,858
Shia001380,0693CabdKarimIbnTawus.FarhatGhari,23,5768
Shia001382,0700MuhammadIbnHasanQummi.CiqdNadid,12,2813
Shia001383,0700AbuFadlCaliTabarsi.MishkatAnwar,56,9433
Shia001384,0726CallamaHilli.MustajadMinIrshad,179,46194
Shia001385,0786ShahidAwwal.Arbacuna,10,1900
Shia001386,0786ShahidAwwal.Mazar,1,71
Shia001387,0800IbnSulaymanCizzDinHilli.Mukhtasar,15,2936
Shia001388,0828IbnCinaba.CumdatTalib,236,58534
Shia001389,0830IbnSulaymanHilli.MukhtasarBasair,11,3025
Shia001390,0841JamalDinIbnFahdHilli.Tahsin,1,216
Shia001391,0841JamalDinIbnFahdHilli.CuddatDaci,12,2553
Shia001392Vols,0877CaliNabatiCamili.SiratMustaqim,137,24410
Shia001400,0905IbnCaliTaqiDinKafcami.MuhasabatNafs,1,132
Shia001401,0965ShahidThani.MusakkinFuad,11,1798
Shia001402,0965ShahidThani.MunyatMurid,7,864
Shia001403,0984HusaynBinCabdSamadCamili.WusulAkhyar,18,3745
Shia001404,1019NurAllahTustari.SawarimMuhraqa,15,2497
Shia001405,1031BahaDinCamili.TawdihMaqasid,3,481
Shia001406Vols,1041MirDamad.IthnacasharRisala,8,1516
Shia001414,1041MirDamad.RawashihSamawiyya,36,7086
Shia001415,1082IbnShadqamMadani.WaqcatJamal,24,8047
Shia001416,1098MuhammadTahirShiraziQummi.Arbacina,240,62476
Shia001417,1104IbnHasanHurrCamili.JawahirSaniyya,28,5687
Shia001418Vols,1104IbnHasanHurrCamili.FusulMuhimma,60,11076
Shia001421Vols,1107HashimBahrani.HilyatAbrar,114,30271
Shia001423Vols,1107HashimBahrani.MadinatMacajiz,351,96297
Shia001431,1107HashimBahrani.YanabicMacajiz,13,4650
Shia001432Vols,1111Majlisi.BiharAnwar,7071,1892205
Shia001542Vols,1112NicmatAllahJazairi.NurBarahin,42,8999
Shia001544Vols,1119IbnMacsum.RiyadSalikin,205,47227
Shia001551,1121Mahuzi.Arbacuna,91,19253
Shia001552,1130CabdAllahBahrani.Cawalim,518,150231
Shia001553,1200HaydarCaliIbnMuhammadShirwani.ManaqibAhlBayt,223,55159
Shia001555Vols,1306HamidHusaynLakhnawi.KhulasatCabaqatAnwar,430,88576
Shia001561,1339ShaykhSharicaIsbahani.QawlSurah,16,3793
Shia001615Vols,1405CaliShahrudi.MustadrakSafinatBihar,668,119626
Shia001625,1402SayyidTabatabai.SunanNabi,18,4865
Shia001626Vols,1450MurtadaCaskari.AhadithCaisha,227,54899
Shia001657Vols,1450MurtadaCaskari.CabdAllahIbnSaba,99,22660
Shia001663Vols,1450MurtadaCaskari.MacalimMadrasatayn,450,114909
Shia001749,0323IbnCabdCazizBasri.Saqifa,45,12347
Shia001900,0220AbuJacfarIskafi.MicyarWaMuwazana,81,21513
Shia001929Vols,0275AbuDawudSijistani.SualatAjurri,4,351
Shia002012,0341AbuNasrBukhari.SirrSilsilaCalawiyya,29,6207
Shia002069Vols,0360Tabarani.MusnadShamiyyin,12,2485
Shia002093,0405HakimNaysaburi.MacrifatCulumHadith,3,844
Shia002165,0500IbnMuhammadHulwani.NuzhatNazir,45,9547
Shia002185Vols,0656IbnAbiHadid.SharhNahjBalagha,2040,611912
Shia002205,0658IbnAbbar.DurarSamt,6,1426
Shia002261Vols,0911Suyuti.JamicSaghir,11,2242
Shia002264,0973CabdWahhabShacrani.CuhudMuhammadiyya,10,1621
Shia002333,0148AbuHamzaThumali.Tafsir,12,2961
Shia002334,0260ImamCaskari.Tafsir,5,1131
Shia002351,0816IbnMuhammadSharifJurjani.HashiyaCalaKashshaf,3,338
Shia002356Vols,0548IbnHasanTabarsi.TafsirJawamicJamic,34,5747
Shia002369Vols,0573IbnHibatAllahQutbDinRawandi.FiqhQuran,7,1825
Shia002371,0600IbnHasanIbnBitriq.KhasaisWahy,38,9333
Shia002374Vols,0683IbnMunayyir.Insaf,2,162
Shia002378,1016MuhibbDinHamawi.TanzilAyat,16,2250
Shia002380Vols,1091MuhammadMuhsinFaydKashani.TafsirAsfa,21,5334
Shia002382Vols,1091MuhammadMuhsinFaydKashani.TafsirSafi,126,28237
Shia002389Vols,1112IbnJumcaHuwayzi.TafsirNurThaqalayn,361,83305
Shia002394Vols,1125MirzaMuhammadMashhadi.TafsirKanzDaqaiq,43,9227
Shia002397Vols,1300MullaHadiSabzawari.SharhAsmaHusna,11,2525
Shia002550Vols,0480IbnAhmadHakimHaskani.ShawahidTanzil,65,13448
Shia002748Vols,0460ShaykhTusi.CiddatUsul,2,250
Shia002755,1011IbnShahidThani.MacalimDin,9,2612
Shia002756,1031BahaDinCamili.ZubdatUsul,1,244
Shia002757,1071FadilTuniKhurasani.Wafiya,9,1651
Shia002758,1091MuhammadMuhsinFaydKashani.UsulAsila,29,6348
Shia002759BK1,1023MuhammadAminAstarabadi.FawaidMadaniyya,71,15236
Shia002759BK2,1062NurDinMusawiCamili.ShawahidMakkiyya,2,472
Shia002761Vols,1248MuhammadTaqiRaziNajafi.HidayatMustarshidin,2,471
Shia002764,1250MuhammadHusaynHairiTihrani.FusulGharawiyya,8,933
Shia002765,1281MurtadaAnsari.HashiyaCalaQawanin,3,503
Shia002766Vols,1281MurtadaAnsari.FaraidUsul,18,3174
Shia002773,1329MuhammadKazimAkhundKhurasani.KifayatUsul,2,363
Shia002928,1424MuhammadCaliAbtahi.TarikhAlZarara,232,49227
Shia002930,1424MuhammadCaliAbtahi.SharhTakmilatRisala,18,3724
Shia002931,0450Najashi.Rijal,642,136797
Shia002932VolsBK1,0460ShaykhTusi.IkhtiyarMacrifatRijal,642,181936
Shia002932VolsBK2,1041MirDamad.TacliqaCalaIkhtiyarMacrifatRijal,52,9892
Shia002934,0460ShaykhTusi.Fihrist,261,51806
Shia002935,0460ShaykhTusi.Rijal,78,9730
Shia002936,0500IbnHusaynGhadairiWasiti.Rijal,26,3449
Shia002937,0575IbnBabawayhMuntajabDin.Fihrist,50,9077
Shia002938,0588IbnShahrAshub.MacalimCulama,28,4903
Shia002940,0726CallamaHilli.KhulasatAqwal,350,57545
Shia002942,0741KhatibTabrizi.Ikmal,74,12932
Shia002943,0965ShahidThani.RicayaFiCilmDiraya,12,2136
Shia002944,1011IbnShahidThani.TahrirTawusi,190,33714
Shia002945Vols,1011IbnShahidThani.MuntaqaJuman,53,10524
Shia002948Vols,1100MustafaTafrishi.NaqdRijal,774,131363
Shia002953Vols,1101MuhammadCaliArdabili.JamicRuwat,1018,175274
Shia002955Vols,1104IbnHasanHurrCamili.AmalAmil,486,102229
Shia002957,1111Majlisi.IjazatHadith,109,29010
Shia002958,1119IbnMacsum.DarajatRafica,807,242982
Shia002959,1175MuhammadKarabisi.IklilManhaj,167,25811
Shia002960,1200CabdNabiQazwini.TatmimAmalAmil,40,9502
Shia002961,1205WahidBihbahani.FawaidRijaliyya,2,515
Shia002962,1205WahidBihbahani.TacliqaCalaManhaj,380,78264
Shia002963,1205WahidBihbahani.FawaidHairiyya,2,276
Shia002964Vols,1225BahrCulum.FawaidRijaliyya,504,148481
Shia002968,1293MahdiKujuriShirazi.FawaidRijaliyya,25,4191
Shia002969,1306MullaCaliKanni.TawdihMaqal,26,4861
Shia002970Vols,1313SayyidCaliBurujirdi.Taraif,506,92888
Shia002972Vols,1315AbuMacaliKalbasi.RasailRijaliyya,298,57970
Shia002976,1334CaliKhaqani.Rijal,61,12283
Shia002979,1354HasanSadr.Takmila,228,56848
Shia002980Vols,1356AbuHudaKalbasi.SamaMaqal,132,22164
Shia002984Vols,1405CaliShahrudi.Mustadrakat,613,93636
Shia002992Vols,1413TajDinKhui.MucjamRijal,2601,618563
Shia003021,1450MuhammadJawahiri.MufidMinMucjamRijal,197,25469
Shia003026VolsBK2,1424MuhammadCaliAbtahi.TahdhibMaqal,752,126621
Shia003056,0240IbnKhayyatCusfuri.Tabaqat,26,2453
Shia003060Vols,0256Bukhari.TarikhSaghir,3,566
Shia003070,0256Bukhari.DucafaSaghir,1,110
Shia003074,1353IbnCabdRahimMubarakfuri.SharhKitabCilal,1,89
Shia003075,0282AbuHanifaDinawari.AkhbarTiwal,67,13225
Shia003101Vols,0354IbnHibbanBusti.Majruhin,31,5060
Shia003276Vols,0748Dhahabi.Kashif,3,274
Shia003355,0385IbnNadim.Fihrist,106,24973
Shia003358,1286IcjazHusaynKunturi.KashfHujub,78,13432
Shia003359,1330IbnMusaTabrizi.MiratKutub,88,15915
Shia003362Vols,1339IsmacilBashaBaghdadi.HadiyyatCarifin,13,1338
Shia003366Vols,1389AghaBuzurgTihrani.DharicaIlaTasanifShica,675,112642
Shia003408Vols,1408CumarKahhala.MucjamMuallifin,155,21229
Shia003422Vols,1450MajmacFikrIslami.MawsucatMuallifiImamiyya,27,3737
Shia003444,0700IbnAbiBakrAnsariBurri.JawharaFiNasab,66,15720
Shia003445,0459IbnSufi.Majdi,28,6105
Shia003459BK1,0255Jahiz.Cuthmaniyya,5,710
Shia003459BK2,0220AbuJacfarIskafi.NaqdCuthmaniyya,15,2340
Shia003461Vols,0262CumarIbnShabba.TarikhMadina,22,4775
Shia003488Vols,0430AbuNucaymIsbahani.TarikhIsbahan,19,2617
Shia003633,1332HassunBuraqi.TarikhKufa,211,52133
Shia003634Vols,1368HasanAmin.MustadrakatAcyanShica,273,57947
Shia003659,0126KumaytIbnZaydAsadi.Rawda,6,1452
Shia003665,0157AbuMikhnafAzdi.MaqtalHusayn,250,70749
Shia003675Vols,0314IbnActhamKufi.Futuh,394,94802
Shia003684Vols,0352IbnAhmadKufi.Istighatha,12,4689
Shia003687,0413ShaykhMufid.Jamal,26,5595
Shia003691,0494HakimJushami.TanbihGhafilin,24,6741
Shia003692,0525IbnCaliTabari.BisharatMustafa,105,27704
Shia003695Vols,0548IbnHasanTabarsi.IclamWara,512,126879
Shia003697,0568MuwaffaqKhwarazmi.Manaqib,152,37088
Shia003698,0571IbnCasakir.TarjamatHasan,38,7844
Shia003699,0571IbnCasakir.TarjamatHusayn,37,7110
Shia003700,0573IbnHibatAllahQutbDinRawandi.QisasAnbiya,37,7499
Shia003701,0606FakhrDinRazi.CismatAnbiya,1,480
Shia003702,0652IbnTalhaKamalDinNasibi.MatalibSaul,127,27040
Shia003704,0664IbnHatimCamiliShami.DurrNazim,372,85514
Shia003705,0664IbnTawus.LuhufFiQatlaTufuf,161,46282
Shia003706,0664IbnTawus.FalahSail,9,1296
Shia003707Vols,0693IbnAbiFathIrbili.KashfGhumma,942,244014
Shia003710,0700IbnYusufIbnJabar.NahjIman,119,26176
Shia003712,0726CallamaHilli.KashfYaqin,96,25737
Shia003716,0750IbnYusufZarandi.MacarijWusul,37,7481
Shia003721Vols,0774IbnKathir.QisasAnbiya,13,2291
Shia003723,0786ShahidAwwal.DurraBahira,10,2806
Shia003725,0845Maqrizi.NizacWaTakhasum,4,808
Shia003726,0845Maqrizi.FadlAlBayt,2,276
Shia003727Vols,0855IbnSabbaghMakki.FusulMuhimma,288,69354
Shia003729Vols,0871IbnAhmadShamsDinBacuni.JawahirMatalib,222,56605
Shia003744Vols,0965SharafDinAstarabadiHusayni.TawilAyat,42,9764
Shia003749,1112NicmatAllahJazairi.QisasAnbiya,33,11759
Shia003751,1211KazimUzri.Uzriyya,60,16343
Shia003752Vols,1313MuhammadBaqirKajuri.KhasaisFatimiyya,91,20547
Shia003754Vols,1294IbnIbrahimQunduzi.YanabicMawadda,335,71882
Shia003757,1310MuhammadCaliAnsariTabrizi.LumcaBayda,101,27331
Shia003759,1345IbnMuhsinKashani.SahifaHadiya,11,2088
Shia003764Vols,1359CabbasQummi.Kuna,824,173434
Shia003928Vols,0686RadiDinAstarabadhi.SharhRadiCalaKafiya,2,277
Shia003932Vols,0686RadiDinAstarabadhi.SharhShafiyaIbnHajib,13,2087
Shia003956,0792IbnCumarTaftazani.MukhtasarMacani,1,74
Shia003961Vols,1085FakhrDinTurayhi.MajmacBahrayn,47,9317
Shia003986,1411HasanCaliQabanji.SharhRisalatHuquq,42,8285
Shia003988,0230IbnSacd.TarjamatHasan,4,727
Shia003989,0230IbnSacd.TarjamatHusayn,19,2917
Shia003990,0298HadiIlaHaqqYahya.TuhfaCasjadiya,12,1848
Shia003991,0333IbnCuqdahKufi.Wilaya,70,15638
Shia003992,0350IbnCabdCaliQatifi.ShuhubThawaqib,5,1004
Shia003993,0384IbnCimranMarzubani.AkhbarSayyidHimyari,34,10885
Shia003994,1371MuhsinAminCamili.TalkhisAkhbarShucaraShica,102,26999
Shia003996Vols,0436SharifMurtada.ShafiFiImama,67,18651
Shia004000,0447AbuSalahHalabi.TaqribMacarif,28,6121
Shia004007,0664IbnTawus.BinaMaqalaFatimiyya,37,8706
Shia004008,0676IbnHasanMuhaqqiqHilli.MaslakFiUsuslDin,1,168
Shia004009,0699IbnMaythamBahrani.NajatFiQiyama,1,151
Shia004010,0699IbnMaythamBahrani.QawacidMaram,1,95
Shia004012,0700MuhammadIbnMuhammadSabzawari.MacarijYaqin,19,2730
Shia004013,0726CallamaHilli.NaficYawmHashr,4,716
Shia004014Vols,1450Milani.SharhMinhajKaramaLiHilli,75,14944
Shia004015,0726CallamaHilli.KitabAlfayn,1,184
Shia004016,0726CallamaHilli.KashfMurad,6,1001
Shia004019,0726CallamaHilli.MinhajKarama,34,9287
Shia004020,0726CallamaHilli.NahjHaqq,33,7009
Shia004021,0800IbnAbiHasanDaylami.AclamDin,88,26792
Shia004024,0900MuflihIbnRashid.IlzamNawasib,5,994
Shia004025,0965ShahidThani.HaqaiqIman,17,4840
Shia004028,1104IbnHasanHurrCamili.Ithnacashariyya,26,8263
Shia004029,1104IbnHasanHurrCamili.IqazMinHajca,24,4643
Shia004030Vols,1107HashimBahrani.GhayatMaram,661,164503
Shia004037,1107HashimBahrani.KashfMihimm,50,10331
Shia004038,1124IbnCabdFattahTunukabuni.SafinatNajat,91,23881
Shia004039,1173IbnHusaynKhwajuiMazandarani.JamicShatat,8,1729
Shia004040,1200ShaykhCabdHusayn.AqtabDawair,1,137
Shia004042Vols,1209MuhammadMahdiNaraqi.JamicSacadat,25,3661
Shia004045,1211KazimUzri.DiwanUzri,46,12840
Shia004047,1228IbnSulaymanHalabiRihawi.NukhbatLaali,5,1406
Shia004049,1261IbrahimKilbasiIsbahani.MinhajHidaya,1,230
Shia004050,1320NuriTabarsi.NafsRahman,138,26817
Shia004092Vols,1411SayyidMarcashi.SharhIhqaq,4347,956197
Shia004266Vols,1450Milani.TashyidMurajacat,59,11566
Shia004456Vols,1450Milani.NafahatAzhar,981,207068
Shia004509,0756TaqiDinSubki.ShifaSiqam,4,1326
Shia004514,1085IbnCabdRidaBasri.FaiqMaqal,83,11621
Shia004524,1340CaliBahrani.AnwarBadrayn,197,64953
Shia004525,1340CaliBahrani.ManarHuda,114,25842
Shia004552Vols,1328MuhammadJawadBalaghi.HudaIlaDinMustafa,1,142
Shia004623,0600IbnTahirSuri.QadaHuquqMuminin,1,630
Shia004624,0972IbnCaliKarakiCamili.AtaibKalam,2,804
Shia004664,1137FadilHindi.SharhCayniyya,34,8037
Shia004695Vols,1050SadrDinShirazi.HikmaMutacaliya,20,3142
Shia004704,1050SadrDinShirazi.MabdaWaMacad,3,989
Shia004705,1050SadrDinShirazi.Mashacir,2,312
Shia20200618,0406SharifRadi.NahjBalagha,106,29030
Tafsir01005,0671AbuCabdAllahQurtubi.JamicLiAhkamQuran,79,15075
Tafsir01006,0685NasirDinBaydawi.AnwarTanzil,9,1849
Tafsir02011,0373AbuLaythSamarqandi.BahrCulum,12,1885
Tafsir02067,0150MuqatilIbnSulayman.TafsirMuqatil,6,1002
Tafsir02079,0756IbnYusufSaminHalabi.DurrMasun,4,361
Tafsir02091,0360Tabarani.TafsirKabir,33,8220
Tafsir02094,0333AbuMansurMaturidi.Tafsir,5,803
Tafsir02096,1241IbnMuhammadKhalwatiSawi.HashiyaCalaTafsirJalalayn,36,6983
Tafsir02100,0303Nasai.Tafsir,8,2392
Tafsir02102,1332IbnMuhammadJamalDinQasimi.MahasinTawil,58,12947
Tafsir02104,0399IbnAbiZamanaynIlbiri.Tafsir,4,497
Tafsir02105,0330IbnCuzayzSijistani.GharibQuran,1,142
Tafsir03029,0283SahlTustari.Tafsir,2,274
Tafsir03095,0561CabdQadirJilani.Tafsir,3,456
Tafsir03097,0618NajmDinAhmadIbnCumar.Tawilat,2,445
Tafsir04003,0548IbnHasanTabarsi.TafsirMajmacBayan,134,30647
Tafsir04038,0329IbnIbrahimQummi.Tafsir,57,14406
Tafsir04039,0460ShaykhTusi.Tibyan,9,1081
Tafsir04040,1050SadrDinShirazi.Tafsir,16,3213
Tafsir04042,1350SultanCaliShahGanabadhi.TafsirBayanSacada,35,7739
Tafsir04056,1402SayyidTabatabai.TafsirMizan,246,60519
Tafsir05044,0286IbnHakamHibari.Tafsir,4,895
Tafsir05045,0352IbnIbrahimKufi.Tafsir,27,6603
Tafsir05047,0850Acqam.Tafsir,15,2492
Tafsir06048,0280HudHawwari.Tafsir,6,886
Tafsir06051,1450AhmadBinHamadKhalili.JawahirTafasir,3,405
Tafsir07053,1386SayyidQutb.FiZilalQuran,7,1132
Tafsir07055,1393MuhammadAminShanqiti.AdwaBayan,26,4823
Tafsir07057,1431MuhammadSayyidTantawi.TafsirWasit,25,3981
Tafsir07076,1418MuhammadMutawalliShacrawi.Khawatir,54,7989
Tafsir08090,0745AbuHayyanGharnati.TafsirNahrMadd,3,357
Tafsir09050,1332QutbAtfayyish.TaysirTafsir,34,5512
Tafsir09065,1450LajnatQuranWaSunna.MuntakhabFiTafsir,1,176
Tafsir09068,1404IbrahimQattan.TaysirTafsir,18,4026
Tafsir09071,1432AscadHawmad.AysarTafasir,4,628
Tafsir09083,1442MuhammadCaliSabuni.SafwatTafasir,6,823
Tafsir09084,1442MuhammadCaliSabuni.MukhtasarTafsirIbnKathir,50,10590
Tafsir09085,1442MuhammadCaliSabuni.TafsirAyatAhkam,1,269
Tafsir10066,1450AbuBakrJazairi.AysarTafasir,4,727
Tess21012418,0650Anonymous.SiratAmirHamza,1,320
Tess21012422,0728IbnTaymiyya.RisalaBaclabakkiyya,2,297
Zaydiyya0000002,1428MajdDinMuayyadi.JamicaMuhimma,4,504
Zaydiyya0000003,0246QasimRassi.KamilMunir,7,1763
Zaydiyya0000004,1450MuhammadIbnYahyaHuthi.MukhtarMinSahihAhadith,11,1900
Zaydiyya0000013,0430MuwaffaqHusaynJurjani.Ictibar,52,9042
Zaydiyya0000015,1407CaliIbnMuhammadCujri.MiftahSacada,20,3346
Zaydiyya0000016,1450YahyaCabdKarimFadil.ManHumZaydiyya,1,348
Zaydiyya0000017,1350IbnCaqilCalawi.NasaihKafiya,119,35882
Zaydiyya0000018,1428MajdDinMuayyadi.CuyunMukhtar,29,6225
Zaydiyya0000019,0284MuhammadIbnQasimRassi.HijraWaWasiyya,1,242
Zaydiyya0000022,1373AhmadShamat.ThimarMujtanat,19,3647
Zaydiyya0000024,0290IbnMansurMuradi.Dhikr,1,280
Zaydiyya0000025,1450Anonymous.SiratRasulAllah,36,9040
Zaydiyya0000028,1319MahdiMuhammadHuthi.MawcizaHasana,3,485
Zaydiyya0000029,1450MuhammadYahyaCizzan.MucjamRuwat,2,386
Zaydiyya0000030,1435HusaynIbnYahyaHuthi.JawabRaqi,3,527
Zaydiyya0000032,1450MuhammadCabdAllahCawadMuayyidi.SahihSunna,8,1514
Zaydiyya0000034,1079MuhammadIbnHasanIbnQasim.SabilRashad,1,136
Zaydiyya0000035,1111IbnNasirMuhalla.MatmahAmal,70,16913
Zaydiyya0000036,0656IbnAbiHadid.RawdaMukhtara,7,1535
Zaydiyya0000037Vols,1055AhmadSharafi.AliMudia,250,58930
Zaydiyya0000038,1061AhmadHabisYamani.IdahFiSharhMisbah,10,1445
Zaydiyya0000039,1351MuhammadMudacis.KashifAmin,76,19746
Zaydiyya0000042,0656HumaydanQasimi.Majmuc,7,1784
Zaydiyya0000044,0566MutawakkilAhmad.HaqaiqMacrifa,5,894
Zaydiyya0000046,1375AhmadIbnHasanQasimi.CilmWasim,13,2791
Zaydiyya0000047,0822HadiIbnWazir.NihayatTanwih,4,629
Zaydiyya0000049,0247AhmadIbnCisa.Amali,5,1482
Zaydiyya0000052,0122ZaydIbnCali.Musnad,2,276
Zaydiyya0000053,1432HadiCaliIbnMuayyad.DurrManzum,4,914
Zaydiyya0000054,1439HamudCabbasMuayyad.NurAsna,9,1562
Zaydiyya0000059,1221HusaynSiyaghi.ManhajMunir,18,3337
Zaydiyya0000061,1390AhmadIbnQasimCanasi.TajMudhhab,1,121
Zaydiyya0000062,0810IbnHadi.JawharShaffaf,25,4954
Zaydiyya0000063,0840MahdiAhmadIbnYahyaHasani.BahrZakhkhar,8,1625
Zaydiyya0000067,1450QasimIbnAhmadHusayni.MansubatWaMandubat,10,2932
Zaydiyya0000070,1450AhmadWashali.TaharaWaSalat,2,271
Zaydiyya0000074,0122ZaydIbnCali.MajmucRasail,13,2164
Zaydiyya0000075BK30,0246QasimRassi.Tahara,1,209
Zaydiyya0000076BK16,0298HadiIlaHaqqYahya.RaddCalaHasan,1,234
Zaydiyya0000077Vols,0614MansurCabdAllah.Majmuc,21,4630
Zaydiyya0000079BK1,1029QasimIbnMuhammadImam.JawabMukhtar,4,795
Zaydiyya0000080,1431BadrDinHuthi.TahrirAfkar,95,21073
Zaydiyya0000083,1407CaliIbnMuhammadCujri.AnzarSadida,2,448
Zaydiyya0000086,1428MajdDinMuayyadi.Tuhaf,43,9177
Zaydiyya0000087BK1,0353AbuCabbasHasani.Masabih,66,15278
Zaydiyya0000087BK2,0450CaliIbnBilal.TatimmatMasabih,7,1569
Zaydiyya0000088,0424AbuTalibYahyaHaruni.IfadaFiTarikhAimma,6,1204
Zaydiyya0000090BK1,0916IbnFanad.MaathirAbrar,106,27405
Zaydiyya0000091,0822HadiIbnWazir.HidayatRaghibin,24,4406
Zaydiyya0000093,1077Jurmuzi.NubdhaMushira,1,155
Zaydiyya0000096,1450MuhammadIbnCabdAllahCizzi.QawlMubin,1,143
Zaydiyya0000097,1450CabdSalamCabbasWajih.MasadirFiMaktabatYaman,1,67
Zaydiyya0000098,1428MajdDinMuayyadi.LawamicAnwar,134,24660
Zaydiyya0000099,1375CabdAllahIbnImamHadiQasimi.JadawilSughra,10,1298
Zaydiyya0000100,1152IbrahimShahari.TabaqatZaydiyyaKubra,6,900
Zaydiyya0000101,1092AhmadIbnAbiRijal.MatlacBudur,110,27752
Zaydiyya0000102,1450SaibCabdHamid.IbnTaymiyyaHayathu,35,6784
Zaydiyya0000104,1450MuhammadYahyaCizzan.SahabaCindaZaydiyya,5,876
Zaydiyya0000106,1450MuhammadYahyaCizzan.QurashiyyatKhilafa,3,461
Zaydiyya0000107,1450HasanFarhanMaliki.SuhbaWaSahaba,2,343
Zaydiyya0000110,1450HasanFarhanMaliki.NahwInqadhTarikhIslami,1,119
Zaydiyya0000118,1450CabdAllahHusaynDaylami.MacaImamiyya,11,1593
Zaydiyya0000121,0203CaliRida.Sahifa,4,664
Zaydiyya0000129,1450Anonymous.AhadithMukhtara,1,144
Zaydiyya0000130,1083NasirIbrahimMuayyadi.IsbahCalaMisbah,5,937
Zaydiyya0000131,0479MurshidYahyaJurjani.AmaliIthnayniyya,35,9172
Zaydiyya0000132,1428MajdDinMuayyadi.MajmacFawaid,24,3722
Zaydiyya0000133,1269MansurAhmad.SafinaMunajjiya,6,845
Zaydiyya0000141,1350IbnCaqilCalawi.CatbJamil,57,14487
Zaydiyya0000142,1390CabdHusaynAmini.Ghadir,1806,452724
Zaydiyya0000143,0445AbuCabdAllahCalawi.TasmiyatManRawaCanImamZayd,4,753
Zaydiyya0000144,0614MansurCabdAllah.SharhRisalaNasiha,13,3344
Zaydiyya0000148,1077Jurmuzi.TuhfatAsmac,13,2263
Zaydiyya0000149,1450MuhammadIbnHasanCujri.IclamAclam,2,376
Zaydiyya0000151,1450CabdKarimWazzaf.QawlAwwalWaThaniLiImamQasim,1,164
Zaydiyya0000153,1390MahmudAbuRayya.AdwaCalaSunna,13,2396
Zaydiyya0000161,1377SharafDinCamili.NassWaIjtihad,119,24127
Zaydiyya0000168,1390CabdHusaynAmini.SahibIbnCabbad,43,11047
Zaydiyya0000176,1097CaliIbnSalahIbnCaliTabari.Kafil,3,440
Zaydiyya0000180,0368AbuGhalibZurari.TarikhAlZurara,72,14251
Zaydiyya0000184,0411IbnCubaydAllahGhadairi.TakmilatRisalatZurari,18,3994
Zaydiyya0000185,1450MuhammadTijaniSamawi.ThummaIhtadayt,12,2130
Zaydiyya0000189,1409RuhAllahKhumayni.SharhDucaSahar,3,434
Zaydiyya0000191,1450CaliKuraniCamili.CasrZuhur,96,22598
Zaydiyya0000194,1400MuhammadBaqirSadr.FakFiTarikh,22,3489
Zaydiyya0000195,1371MuhsinAminCamili.AbuHusaynZaydShahid,133,72172
Zaydiyya0000196,0368IbnQulawayh.KamilZiyarat,17,3228
Zaydiyya0000199,1377SharafDinCamili.Murajacat,137,24781
Zaydiyya0000209,1450CabdSalamWajih.AclamMuallifinZaydiyya,23,4186
Zaydiyya0000210,1450Anonymous.ImamZayd,6,1181
Zaydiyya0000211,1450AhmadMuhammadHadi.Tarikh,50,10804
Zaydiyya0000213,1450Anonymous.SunnatiAmWaCitrati,19,4426
Zaydiyya0000217,1450Anonymous.Huquq,1,114
Zaydiyya0000219,0316MuhammadMurtada.Fiqh,2,224
Zaydiyya0000220,1450CaliKuraniCamili.AlfSual,47,12131
Zaydiyya0000227,1450MuhammadYahyaCazzan.MuntazicMinMuhitBiImama,18,3984
Zaydiyya0000229,0424AbuTalibYahyaHaruni.Amali,56,14878
Zaydiyya0000231,1450SirajDinCidlan.BulughAmalFiAdhan,6,602
Zaydiyya0000236,1359CabbasQummi.MafatihJinan,40,11075
Zaydiyya0000238,1450AsgharMuntazarQaim.DawrQabailYamaniyya,16,2471
Zaydiyya0000245,0726CallamaHilli.NihayatAhkam,2,260
Zaydiyya0000253,0499IbnHusaynJurjani.SiratImamMuayyad,1,229
Zaydiyya0000256,1409RuhAllahKhumayni.ArbacunHadithan,15,3529
Zaydiyya0000257,1450Anonymous.MawsucatRijalZaydiyya,11,1882
Zaydiyya0000258,1325IbnMutahharHalabi.NahjHaqq,40,7891
Zaydiyya0000259,0667CabdAllahIbnZaydCanasi.Irshad,6,1012
Zaydiyya0000263,0780IbnHasanQurashi.MinhajMuttaqin,5,741
Zaydiyya0000265,0900ImamHadiCizzDinIbnHasan.MicrajIlaKashfAsrar,17,3861
Zaydiyya0000267,0411MuayyadAhmad.Tajrid,6,919
Zaydiyya0000270,1450CabdAllahIbnHamudCizzi.RuyatAllah,7,961
Zaydiyya0000274,0836FaqihYusuf.ThamaratYanica,11,2077
Zaydiyya0000276,1337AhmadJindari.JamicWajiz,8,1215
Zaydiyya0000286,1431BadrDinHuthi.ZuhriAhadithhuWaSirathu,20,4423
Zaydiyya0000288,1450Anonymous.AnwarYaqin,129,27203
Zaydiyya0000295Vols,1062CabdAllahSharafi.MasabihSatica,32,6883
Zaydiyya0000298,1055AhmadSharafi.DawlatBaniRasul,1,84
Zaydiyya0000302,0460ShaykhTusi.TahdhibAhkam,89,19154
Zaydiyya0000325,0413ShaykhMufid.TashihIctiqadat,7,1557
Zaydiyya0000328,1068IbnCaliFuwati.BadrMunir,45,10518
Zaydiyya0000330BK1,1029QasimIbnMuhammadImam.Tahdhir,1,116
Zaydiyya0000330BK2,1029QasimIbnMuhammadImam.Wasiyya,2,407
Zaydiyya0000336,1152IbrahimShahari.TabaqatZaydiyya,76,16331
Zaydiyya0000338,1029QasimIbnMuhammadImam.HatfAnfAfak,5,1524
Zaydiyya0000341,0400ZaydIbnRifaca.ArbacunHadithan,1,291
Zaydiyya0000347,1409RuhAllahKhumayni.TahrirWasila,2,229
Zaydiyya0000349,0614MansurCabdAllah.CiqdThamin,14,3428
Zaydiyya0000352,0424AbuTalibYahyaHaruni.TaysirMatalib,57,15277
Zaydiyya0000353,0298HadiIlaHaqqYahya.DurarAhadithNabawiyya,1,297
Zaydiyya0000355,0697MutahharIbnYahyaHusayni.SilatIkhwan,4,508
Zaydiyya0000358,1450CabdSalamCabbasWajih.MucjamRijalIctibar,21,2870
Zaydiyya0000361,0662HusaynIbnBadrDin.ShifaUwam,9,2061
Zaydiyya0000367,1450KazimZaydi.MajmucRasailKazim,24,4434
Zaydiyya0000373Vols,0728IbnMutahharZaydi.CuqudCiqyan,12,2779
Zaydiyya0000376Vols,1187IbrahimHuthiHusayni.NafahatCanbar,6,1132
Zaydiyya0000378,1061AhmadHabisYamani.IjazatIbnYahya,2,372
Zaydiyya0000383,0625BahaDinAkwac.AkhbarArbacin,16,4823
Zaydiyya0000388,1077Jurmuzi.JawharaMunira,2,235
Zaydiyya0000390Vols,0566MutawakkilAhmad.UsulAhkam,7,1080
Zaydiyya0000398,1190IbnQasimShuhari.BulughArab,26,6003
Zaydiyya0000403,1450HasanIbnFarhanMaliki.MacaSulaymanCalwan,2,246
Zaydiyya0000405,1372AhmadIbnMuhammadRahuni.RafcKhasasa,13,2084
Zaydiyya0000413Vols,1115IshaqIbnMuhammadCabdi.Ihtiras,19,2875
Zaydiyya0000454,1450MuhammadSadiqNajmi.AdwaCalaSahihayn,44,11871
Zaydiyya0000461,1431BadrDinHuthi.GharaSarica,104,24874
Zaydiyya0000463,1450FatimaAhsanMahdi.IlaykiUkhtiMumina,1,284
Zaydiyya0000465,1450MuhammadYahyaCazzan.HayyCalaKhayrCamal,4,595
Zaydiyya0000471,0322NasirAhmad.MasailIbadiyya,1,97
Zaydiyya0000473,0411MuayyadAhmad.IthbatNubuwwa,2,250
Zaydiyya0000474,1450MajalisAlMuhammad.MaqalatIslamiyya,108,29358
Zaydiyya0000476,1437IsmacilKibsi.HunaQuran,2,221
Zaydiyya0000543,0749MuayyadYahya.DibajWadi,61,11174
Zaydiyya0000610,1450QasimHasanQasimSiraji.TarikhMadinatHuth,2,198